model,mean_fit_time,std_fit_time,mean_score_time,std_score_time,param_model__max_depth,param_model__max_features,param_model__min_samples_leaf,param_model__min_samples_split,param_model__n_estimators,params,split0_test_f1,split1_test_f1,split2_test_f1,split3_test_f1,split4_test_f1,mean_test_f1,std_test_f1,rank_test_f1,split0_test_mcc,split1_test_mcc,split2_test_mcc,split3_test_mcc,split4_test_mcc,mean_test_mcc,std_test_mcc,rank_test_mcc,split0_test_roc_auc,split1_test_roc_auc,split2_test_roc_auc,split3_test_roc_auc,split4_test_roc_auc,mean_test_roc_auc,std_test_roc_auc,rank_test_roc_auc,split0_test_pr_auc,split1_test_pr_auc,split2_test_pr_auc,split3_test_pr_auc,split4_test_pr_auc,mean_test_pr_auc,std_test_pr_auc,rank_test_pr_auc,param_model__colsample_bytree,param_model__learning_rate,param_model__subsample,param_model__min_child_samples,param_model__num_leaves,param_model__activation,param_model__alpha,param_model__hidden_layer_sizes,param_model__learning_rate_init
RF,2.7933674335479735,0.8118829094107074,5.612725114822387,0.7126989210284155,,sqrt,1.0,2.0,200.0,"{'model__max_depth': None, 'model__max_features': 'sqrt', 'model__min_samples_leaf': 1, 'model__min_samples_split': 2, 'model__n_estimators': 200}",0.4049733570159858,0.3992932862190813,0.35737704918032787,0.4083044982698962,0.36524822695035464,0.3870392835271292,0.021348064198473935,71,0.2662553938281382,0.25700740405574046,0.18327390883841932,0.26261379930895,0.21555729573479737,0.23694156035320907,0.0324299440698689,71,0.6900114179388507,0.6918099547511312,0.6719697398190045,0.6858647681610908,0.6775051921079958,0.6834322145556146,0.007561847488108651,70,0.4153677248688776,0.4032791507154028,0.3862225274410445,0.4036476686405627,0.4108870623655026,0.403880826806278,0.009932452639028016,71,,,,,,,,,
RF,5.537832021713257,1.1545268105717803,3.0931912422180177,1.32686483433813,,sqrt,1.0,2.0,300.0,"{'model__max_depth': None, 'model__max_features': 'sqrt', 'model__min_samples_leaf': 1, 'model__min_samples_split': 2, 'model__n_estimators': 300}",0.41207815275310833,0.3915343915343915,0.35947712418300654,0.410958904109589,0.375886524822695,0.38998701948055803,0.020297340392750614,69,0.2752014646464253,0.24671261506099515,0.1851014431229492,0.2630780061588682,0.22895675247978456,0.2398100562938045,0.03147195943184122,69,0.6928475775644549,0.68820842760181,0.6730627828054299,0.6867860851505712,0.6791319585534336,0.6840073663351399,0.007029552450578598,68,0.4197153521275564,0.40301069925132094,0.38696963981083776,0.40397617377492245,0.41333807100199826,0.40540198719332726,0.011093750257808455,67,,,,,,,,,
RF,8.112388563156127,0.2515443880275611,0.7614597320556641,0.15313075368473428,,sqrt,1.0,2.0,500.0,"{'model__max_depth': None, 'model__max_features': 'sqrt', 'model__min_samples_leaf': 1, 'model__min_samples_split': 2, 'model__n_estimators': 500}",0.4154929577464789,0.39436619718309857,0.3583061889250814,0.42662116040955633,0.3858407079646018,0.3961254424457634,0.023850602118833268,67,0.27685874620810313,0.24975875451626928,0.18276734324430344,0.2819512755730893,0.24095694619020752,0.24645861314639453,0.035444701466943895,67,0.6943629213007992,0.6847468891402715,0.6715738122171946,0.6867395254864779,0.6788497787710506,0.6832545853831589,0.007663024049696528,71,0.420546166164749,0.40152792589765185,0.38693648877149456,0.40411430872619486,0.4136617159345876,0.4053573210989356,0.011447273902740219,69,,,,,,,,,
RF,2.926299285888672,0.751576067180251,5.52459750175476,0.7261841821273399,,sqrt,1.0,5.0,200.0,"{'model__max_depth': None, 'model__max_features': 'sqrt', 'model__min_samples_leaf': 1, 'model__min_samples_split': 5, 'model__n_estimators': 200}",0.41975308641975306,0.4131944444444444,0.36333333333333334,0.4241379310344828,0.3892857142857143,0.40194090190354564,0.022747845452899783,61,0.28274772874739224,0.26945939333676333,0.19520579560324142,0.28163922700950367,0.24801465809391673,0.25541336055816344,0.03259431382373607,57,0.696707122820372,0.6883540723981901,0.676210407239819,0.6952162061492618,0.6800800826222403,0.6873135782459767,0.008091683395441486,59,0.43002930836066056,0.41002605020750865,0.3980613909205094,0.4182096234197051,0.4227018147252968,0.41580563752673605,0.010990096790497686,59,,,,,,,,,
RF,3.5035316944122314,1.9348897744473397,5.065973472595215,1.9139035247879663,,sqrt,1.0,5.0,300.0,"{'model__max_depth': None, 'model__max_features': 'sqrt', 'model__min_samples_leaf': 1, 'model__min_samples_split': 5, 'model__n_estimators': 300}",0.42328042328042326,0.4097222222222222,0.3627287853577371,0.42589437819420783,0.3872113676731794,0.4017674353455539,0.023849913854415813,63,0.287191762135032,0.2650788145277406,0.1939941571051163,0.28057102542771556,0.24376154804336128,0.2541194614477932,0.03357352624332227,59,0.6973132603149095,0.6882466063348417,0.6762089932126697,0.6930829269944467,0.681970687164206,0.6873644948042148,0.00756300071757126,57,0.43373142151067123,0.4113052208323147,0.3999697763507871,0.41600930548643184,0.4221826927247334,0.41663968338098767,0.011221337997290703,57,,,,,,,,,
RF,7.682451677322388,0.2740674114922935,0.9229470252990722,0.1710334790244204,,sqrt,1.0,5.0,500.0,"{'model__max_depth': None, 'model__max_features': 'sqrt', 'model__min_samples_leaf': 1, 'model__min_samples_split': 5, 'model__n_estimators': 500}",0.4288224956063269,0.4125874125874126,0.3712374581939799,0.42214532871972316,0.3835125448028674,0.40366104798206204,0.022412935644902876,57,0.29313940437545244,0.2706775763942976,0.2061294232717538,0.2800901125269461,0.24185916169391927,0.25837913565247383,0.031092881586231264,33,0.6990936130023541,0.6917307692307691,0.6775339366515838,0.6920642579800442,0.6847981285836833,0.6890441410896869,0.007319076320567106,53,0.43728585118316293,0.41347086551245094,0.3995447438998789,0.4143395985091235,0.424173670941534,0.4177629460092301,0.012524259433455729,49,,,,,,,,,
RF,4.838606595993042,0.38390671697672935,3.2484540939331055,0.43665586966411213,,sqrt,2.0,2.0,200.0,"{'model__max_depth': None, 'model__max_features': 'sqrt', 'model__min_samples_leaf': 2, 'model__min_samples_split': 2, 'model__n_estimators': 200}",0.43356643356643354,0.42735042735042733,0.3790849673202614,0.41638225255972694,0.3880070546737213,0.40887822709411414,0.021588350031773215,32,0.2975944483602999,0.2830674540708555,0.2100993476988648,0.26899896842635646,0.2426212096846119,0.26047628564819775,0.031039956927729352,22,0.6994530666328357,0.6944824660633484,0.6877700791855204,0.6946913517540295,0.6842718632895392,0.6921337653850547,0.005412597813882529,43,0.4529346273598588,0.41837177662847025,0.4051732485217625,0.41436634122616345,0.4313194533541069,0.4244330894180724,0.016545573888810707,42,,,,,,,,,
RF,6.750008487701416,0.44478038505312784,1.171202802658081,0.445087089098777,,sqrt,2.0,2.0,300.0,"{'model__max_depth': None, 'model__max_features': 'sqrt', 'model__min_samples_leaf': 2, 'model__min_samples_split': 2, 'model__n_estimators': 300}",0.4245614035087719,0.43270868824531517,0.3782894736842105,0.41367521367521365,0.39649122807017545,0.4091452014367373,0.019624562083696447,29,0.28725602684041357,0.288932549262428,0.21075476300644183,0.2660421004969374,0.2517439522825266,0.2609458783777495,0.028654049086649855,17,0.7015872344624406,0.6961623303167421,0.6843552036199095,0.6971350286694659,0.6854330330940448,0.6929345660325206,0.006823627707179888,32,0.454223162912078,0.420860824978991,0.4035886640454577,0.41704560058221274,0.4318295289845693,0.4255095563006618,0.016959882227950272,34,,,,,,,,,
RF,6.419268226623535,1.3552750632531876,4.112851905822754,1.0818031614010202,,sqrt,2.0,2.0,500.0,"{'model__max_depth': None, 'model__max_features': 'sqrt', 'model__min_samples_leaf': 2, 'model__min_samples_split': 2, 'model__n_estimators': 500}",0.4236111111111111,0.41638225255972694,0.38235294117647056,0.41796200345423146,0.39015817223198596,0.4060932961067052,0.016559802575140524,41,0.2830463721053971,0.2687396932148465,0.21426566512818407,0.2743213464073634,0.24428063802587988,0.25693074297633417,0.024916839692400654,49,0.7013504179529468,0.6952573529411765,0.6839253393665159,0.6962955438168766,0.6862005621021264,0.6926058432359284,0.006534382218779641,35,0.4502222497008083,0.41529248813883346,0.4050769355214848,0.4165362640359615,0.4318553091458426,0.4237966493085861,0.015739860166094792,45,,,,,,,,,
RF,1.984466028213501,0.19590979773557163,7.198713588714599,0.18601850727967403,,sqrt,2.0,5.0,200.0,"{'model__max_depth': None, 'model__max_features': 'sqrt', 'model__min_samples_leaf': 2, 'model__min_samples_split': 5, 'model__n_estimators': 200}",0.4142857142857143,0.4128595600676819,0.38126009693053314,0.4166666666666667,0.39361702127659576,0.40373781184543833,0.013923346530501257,55,0.2796088837783141,0.26201372171842907,0.2100377434259225,0.274155469934382,0.2512891803880965,0.25542099984902883,0.02472330874145287,55,0.7011107821992923,0.6986962669683259,0.6828181561085973,0.6949819969298838,0.6837808704681927,0.6922776145348585,0.007592280917362895,39,0.4537951002029699,0.42133119407436403,0.40809135054569035,0.4158964050568518,0.4291703146242427,0.4256568729008238,0.015662885518975673,31,,,,,,,,,
RF,6.057455587387085,0.27868334022971714,3.996360015869141,0.23641495115826375,,sqrt,2.0,5.0,300.0,"{'model__max_depth': None, 'model__max_features': 'sqrt', 'model__min_samples_leaf': 2, 'model__min_samples_split': 5, 'model__n_estimators': 300}",0.42857142857142855,0.4170940170940171,0.36807817589576547,0.41580756013745707,0.39436619718309857,0.4047834757763534,0.021423096388378284,45,0.29759020302328865,0.2701007959818878,0.1952347182621652,0.2701565791020167,0.25010805220629206,0.2566380697151301,0.03421720332051769,51,0.702672643464287,0.6967420814479638,0.682350113122172,0.695097690640661,0.6849448620705223,0.6923614781491212,0.007592500220316383,37,0.45377638093075606,0.42271647501675513,0.40785813272729915,0.4168641735055299,0.43142519816345104,0.4265280720687582,0.015639296802395675,21,,,,,,,,,
RF,9.417857599258422,0.7832227222475211,2.8531837940216063,0.35990493533972717,,sqrt,2.0,5.0,500.0,"{'model__max_depth': None, 'model__max_features': 'sqrt', 'model__min_samples_leaf': 2, 'model__min_samples_split': 5, 'model__n_estimators': 500}",0.4227353463587922,0.4165232358003442,0.37603993344425957,0.41594454072790293,0.3916083916083916,0.40457028958793806,0.017800043935661078,49,0.28862057087385606,0.271252228148243,0.21090061220027972,0.2727508016253512,0.24455611381408338,0.2576160653323627,0.027309999772492276,43,0.703230853808094,0.6971125565610861,0.6834558823529413,0.6945954106280194,0.6860538286152873,0.6928897063930856,0.007258201999817714,33,0.45493352630250355,0.42125861394322234,0.40801624857980767,0.41584712964895854,0.43230657058662925,0.4264724178122242,0.01627748578351706,23,,,,,,,,,
RF,2.619322156906128,0.15838798666979087,6.383174085617066,0.5921810952723868,,log2,1.0,2.0,200.0,"{'model__max_depth': None, 'model__max_features': 'log2', 'model__min_samples_leaf': 1, 'model__min_samples_split': 2, 'model__n_estimators': 200}",0.4049733570159858,0.3992932862190813,0.35737704918032787,0.4083044982698962,0.36524822695035464,0.3870392835271292,0.021348064198473935,71,0.2662553938281382,0.25700740405574046,0.18327390883841932,0.26261379930895,0.21555729573479737,0.23694156035320907,0.0324299440698689,71,0.6900128275609309,0.6918099547511313,0.6719697398190045,0.6858647681610907,0.6775051921079958,0.6834324964800307,0.007562092794159859,69,0.4153677248688775,0.40327915071540277,0.3862225274410445,0.40364766864056273,0.41088706236550254,0.403880826806278,0.009932452639027995,71,,,,,,,,,
RF,5.088146638870239,0.18735836924972932,5.0904844284057615,0.6458755260988758,,log2,1.0,2.0,300.0,"{'model__max_depth': None, 'model__max_features': 'log2', 'model__min_samples_leaf': 1, 'model__min_samples_split': 2, 'model__n_estimators': 300}",0.41207815275310833,0.3915343915343915,0.35947712418300654,0.410958904109589,0.375886524822695,0.38998701948055803,0.020297340392750614,69,0.2752014646464253,0.24671261506099515,0.1851014431229492,0.2630780061588682,0.22895675247978456,0.2398100562938045,0.03147195943184122,69,0.6928475775644549,0.68820842760181,0.6730641968325791,0.6867832633527472,0.6791347803512574,0.6840076491405698,0.007028497807210217,67,0.4197153521275564,0.40301069925132094,0.38696963981083776,0.4039750954447033,0.41333807100199826,0.4054017715272833,0.011093777984426718,68,,,,,,,,,
RF,9.288778352737427,1.1843960699043743,5.062541198730469,0.4062646910360784,,log2,1.0,2.0,500.0,"{'model__max_depth': None, 'model__max_features': 'log2', 'model__min_samples_leaf': 1, 'model__min_samples_split': 2, 'model__n_estimators': 500}",0.4154929577464789,0.39436619718309857,0.3583061889250814,0.42662116040955633,0.3858407079646018,0.3961254424457634,0.023850602118833268,67,0.27685874620810313,0.24975875451626928,0.18276734324430344,0.2819512755730893,0.24095694619020752,0.24645861314639453,0.035444701466943895,67,0.6943629213007992,0.6847454751131221,0.6715738122171946,0.686738114587566,0.6788497787710506,0.6832540203979466,0.007662840677095523,72,0.420546166164749,0.40152792589765185,0.38693648877149456,0.40411075280210795,0.4136617159345876,0.40535660991411815,0.011447351215479816,70,,,,,,,,,
RF,6.500006866455078,0.5316106572746996,3.443339538574219,0.18205113891318403,,log2,1.0,5.0,200.0,"{'model__max_depth': None, 'model__max_features': 'log2', 'model__min_samples_leaf': 1, 'model__min_samples_split': 5, 'model__n_estimators': 200}",0.41975308641975306,0.4131944444444444,0.36333333333333334,0.4241379310344828,0.3892857142857143,0.40194090190354564,0.022747845452899783,61,0.28274772874739224,0.26945939333676333,0.19520579560324142,0.28163922700950367,0.24801465809391673,0.25541336055816344,0.03259431382373607,57,0.696707122820372,0.6883526583710408,0.676210407239819,0.6952162061492618,0.6800814935211521,0.6873135776203292,0.00809139482183703,60,0.43002930836066056,0.41002464892311735,0.39804138964042746,0.4182096234197051,0.4227018147252968,0.4158013570138414,0.010996703694351441,60,,,,,,,,,
RF,4.619432401657105,0.5626450508483377,5.763372230529785,0.7374451490600183,,log2,1.0,5.0,300.0,"{'model__max_depth': None, 'model__max_features': 'log2', 'model__min_samples_leaf': 1, 'model__min_samples_split': 5, 'model__n_estimators': 300}",0.42328042328042326,0.4097222222222222,0.3627287853577371,0.42589437819420783,0.3872113676731794,0.4017674353455539,0.023849913854415813,63,0.287191762135032,0.2650788145277406,0.1939941571051163,0.28057102542771556,0.24376154804336128,0.2541194614477932,0.03357352624332227,59,0.6973132603149095,0.6882466063348417,0.6762089932126697,0.6930829269944467,0.681970687164206,0.6873644948042148,0.00756300071757126,57,0.43373142151067123,0.4113052208323147,0.3999697763507871,0.41600930548643184,0.4221826927247334,0.41663968338098767,0.011221337997290703,57,,,,,,,,,
RF,6.7673944473266605,0.6323374495364873,5.814403867721557,0.4662586452106308,,log2,1.0,5.0,500.0,"{'model__max_depth': None, 'model__max_features': 'log2', 'model__min_samples_leaf': 1, 'model__min_samples_split': 5, 'model__n_estimators': 500}",0.4288224956063269,0.4125874125874126,0.3712374581939799,0.42214532871972316,0.3835125448028674,0.40366104798206204,0.022412935644902876,57,0.29313940437545244,0.2706775763942976,0.2061294232717538,0.2800901125269461,0.24185916169391927,0.25837913565247383,0.031092881586231264,33,0.6990936130023541,0.6917307692307691,0.6775339366515838,0.6920642579800442,0.6847981285836833,0.6890441410896869,0.007319076320567106,53,0.43728585118316293,0.41347086551245094,0.3995447438998789,0.4143395985091235,0.424173670941534,0.4177629460092301,0.012524259433455729,49,,,,,,,,,
RF,5.73000922203064,0.23963088568637522,3.921420955657959,0.04193955130953805,,log2,2.0,2.0,200.0,"{'model__max_depth': None, 'model__max_features': 'log2', 'model__min_samples_leaf': 2, 'model__min_samples_split': 2, 'model__n_estimators': 200}",0.43356643356643354,0.42735042735042733,0.3790849673202614,0.4170940170940171,0.3880070546737213,0.4090205800009722,0.021639647736759943,31,0.2975944483602999,0.2830674540708555,0.2100993476988648,0.27036584216512244,0.2426212096846119,0.26074966039595093,0.031119730615727523,21,0.6994544762549161,0.6944796380090499,0.687768665158371,0.6946885299562056,0.6842746850873629,0.6921331988931811,0.005411875636636911,44,0.45293462735985873,0.41837119278716284,0.40517324852176245,0.4143657484133961,0.4313224510837592,0.42443345363318785,0.0165459383871928,41,,,,,,,,,
RF,6.20864634513855,0.8100478862044991,4.536083078384399,1.506312492125754,,log2,2.0,2.0,300.0,"{'model__max_depth': None, 'model__max_features': 'log2', 'model__min_samples_leaf': 2, 'model__min_samples_split': 2, 'model__n_estimators': 300}",0.4245614035087719,0.43270868824531517,0.3782894736842105,0.41367521367521365,0.39649122807017545,0.4091452014367373,0.019624562083696447,29,0.28725602684041357,0.288932549262428,0.21075476300644183,0.2660421004969374,0.2517439522825266,0.2609458783777495,0.028654049086649855,17,0.7015872344624406,0.6961623303167421,0.6843552036199095,0.6971364395683778,0.6854330330940448,0.6929348482123029,0.006823801431457424,31,0.454223162912078,0.420860824978991,0.4035886640454577,0.41704671982933644,0.4318295289845693,0.4255097801500865,0.01695977051976649,33,,,,,,,,,
RF,7.0237095832824705,0.7540264814482616,6.17476258277893,1.0970359672081649,,log2,2.0,2.0,500.0,"{'model__max_depth': None, 'model__max_features': 'log2', 'model__min_samples_leaf': 2, 'model__min_samples_split': 2, 'model__n_estimators': 500}",0.4236111111111111,0.41638225255972694,0.38235294117647056,0.41796200345423146,0.39015817223198596,0.4060932961067052,0.016559802575140524,41,0.2830463721053971,0.2687396932148465,0.21426566512818407,0.2743213464073634,0.24428063802587988,0.25693074297633417,0.024916839692400654,49,0.7013504179529468,0.6952573529411765,0.6839253393665159,0.6962955438168766,0.6862005621021264,0.6926058432359284,0.006534382218779641,35,0.4502222497008083,0.41529248813883346,0.4050769355214848,0.4165362640359615,0.4318553091458426,0.4237966493085861,0.015739860166094792,45,,,,,,,,,
RF,5.814048099517822,0.32670513637677845,5.21052918434143,0.3234313274152879,,log2,2.0,5.0,200.0,"{'model__max_depth': None, 'model__max_features': 'log2', 'model__min_samples_leaf': 2, 'model__min_samples_split': 5, 'model__n_estimators': 200}",0.4142857142857143,0.4128595600676819,0.38126009693053314,0.4166666666666667,0.39361702127659576,0.40373781184543833,0.013923346530501257,55,0.2796088837783141,0.26201372171842907,0.2100377434259225,0.274155469934382,0.2512891803880965,0.25542099984902883,0.02472330874145287,55,0.7011107821992923,0.6986962669683259,0.6828181561085973,0.6949819969298838,0.6837808704681927,0.6922776145348585,0.007592280917362895,39,0.4537951002029699,0.42133119407436403,0.40809133717331325,0.41589640505685194,0.4291703146242428,0.42565687022634835,0.015662888518331527,32,,,,,,,,,
RF,6.593777227401733,0.2869020024463377,4.863647365570069,0.687757854770095,,log2,2.0,5.0,300.0,"{'model__max_depth': None, 'model__max_features': 'log2', 'model__min_samples_leaf': 2, 'model__min_samples_split': 5, 'model__n_estimators': 300}",0.42857142857142855,0.4170940170940171,0.36807817589576547,0.41580756013745707,0.39436619718309857,0.4047834757763534,0.021423096388378284,45,0.29759020302328865,0.2701007959818878,0.1952347182621652,0.2701565791020167,0.25010805220629206,0.2566380697151301,0.03421720332051769,51,0.702672643464287,0.6967420814479638,0.682350113122172,0.695097690640661,0.6849448620705224,0.6923614781491212,0.007592500220316362,37,0.45377638093075606,0.42271647501675513,0.40785813272729915,0.4168641735055299,0.43142519816345104,0.4265280720687582,0.015639296802395675,21,,,,,,,,,
RF,8.015360116958618,1.1650488028372794,4.942823982238769,0.7126568183699762,,log2,2.0,5.0,500.0,"{'model__max_depth': None, 'model__max_features': 'log2', 'model__min_samples_leaf': 2, 'model__min_samples_split': 5, 'model__n_estimators': 500}",0.4227353463587922,0.4165232358003442,0.37603993344425957,0.41594454072790293,0.3916083916083916,0.40457028958793806,0.017800043935661078,49,0.28862057087385606,0.271252228148243,0.21090061220027972,0.2727508016253512,0.24455611381408338,0.2576160653323627,0.027309999772492276,43,0.703230853808094,0.6971125565610861,0.6834558823529413,0.6945954106280194,0.6860538286152873,0.6928897063930856,0.007258201999817714,33,0.45493352630250355,0.42125861394322234,0.40801624857980767,0.41584712964895854,0.43230657058662925,0.4264724178122242,0.01627748578351706,23,,,,,,,,,
RF,3.5121359825134277,1.0234673579733158,4.2382344722747805,0.8648105053946914,10,sqrt,1.0,2.0,200.0,"{'model__max_depth': 10, 'model__max_features': 'sqrt', 'model__min_samples_leaf': 1, 'model__min_samples_split': 2, 'model__n_estimators': 200}",0.4391785150078989,0.43317972350230416,0.3976083707025411,0.43670886075949367,0.44019138755980863,0.4293733715064093,0.016065387045352653,7,0.27928473500057394,0.26550192621598373,0.21362680521049845,0.2763126384532448,0.2825453742791884,0.26345429583189783,0.02556317925195213,7,0.6986932803315431,0.7035011312217195,0.6752191742081448,0.6993388527698767,0.6959950223486387,0.6945494921759846,0.009959834807861456,27,0.4514827594669709,0.41829271587427513,0.39362563835003267,0.42268307045953807,0.440707430497744,0.42535832292971215,0.019910421075400267,37,,,,,,,,,
RF,6.209982442855835,0.9380243533536378,6.006635856628418,0.10929359511715875,10,sqrt,1.0,2.0,300.0,"{'model__max_depth': 10, 'model__max_features': 'sqrt', 'model__min_samples_leaf': 1, 'model__min_samples_split': 2, 'model__n_estimators': 300}",0.4413145539906103,0.43730886850152906,0.3933933933933934,0.43243243243243246,0.4380952380952381,0.42850889728264063,0.017786596126399757,11,0.28000478576645366,0.26993526788088934,0.20905062397140275,0.2718777285358768,0.2787933903318166,0.26193235929728786,0.02672205760115438,13,0.6978150857755036,0.7034445701357466,0.6741006787330317,0.7014664883290442,0.6950920470450133,0.6943837740036679,0.010544594574437863,29,0.4521040492943176,0.4184814944458314,0.3917753710613735,0.4251825857692268,0.43986671017544954,0.4254820421492398,0.02049822898083472,35,,,,,,,,,
RF,12.486660385131836,0.3915773947574715,4.124016380310058,0.08830880714506756,10,sqrt,1.0,2.0,500.0,"{'model__max_depth': 10, 'model__max_features': 'sqrt', 'model__min_samples_leaf': 1, 'model__min_samples_split': 2, 'model__n_estimators': 500}",0.440625,0.43653250773993807,0.3976083707025411,0.43243243243243246,0.4288,0.4271996621749823,0.01531619534207874,15,0.27878481607858213,0.2714162403885101,0.21362680521049845,0.2718777285358768,0.26866562428728286,0.2608742429001501,0.023858017649911627,19,0.6966704726462836,0.7043552036199094,0.6736057692307692,0.7021013928394059,0.6967343333784821,0.6946934343429699,0.010963495828028406,21,0.4529836332680993,0.4201633390888596,0.3888229607489442,0.4261389341588833,0.4427570397169439,0.426173181396346,0.022022638562211358,27,,,,,,,,,
RF,7.5271251678466795,0.25940783706066894,3.615588903427124,0.0520328641292183,10,sqrt,1.0,5.0,200.0,"{'model__max_depth': 10, 'model__max_features': 'sqrt', 'model__min_samples_leaf': 1, 'model__min_samples_split': 5, 'model__n_estimators': 200}",0.43613707165109034,0.4434108527131783,0.40707964601769914,0.4326923076923077,0.43243243243243246,0.4303504621013416,0.012291528590416885,3,0.2723361666737148,0.28062579275878635,0.22336257335128087,0.2740188998985045,0.2718777285358768,0.2644442322436326,0.020778639777087906,3,0.6970397936313274,0.7055090497737556,0.6776993778280543,0.7042431373876925,0.6944232809607658,0.6957829279163191,0.009966099796302563,3,0.45033375860843516,0.42104227233760366,0.3923026911271841,0.42791265821139285,0.43978983027166774,0.42627624211125664,0.019726406812660514,25,,,,,,,,,
RF,8.611421918869018,0.3439364620282643,5.03307466506958,0.6644516204928055,10,sqrt,1.0,5.0,300.0,"{'model__max_depth': 10, 'model__max_features': 'sqrt', 'model__min_samples_leaf': 1, 'model__min_samples_split': 5, 'model__n_estimators': 300}",0.44200626959247646,0.44031007751937984,0.40119760479041916,0.43450479233226835,0.43601895734597157,0.430807540316103,0.015055142460106856,1,0.28122864175115686,0.27661785735732036,0.2186275575131694,0.2756131784817741,0.2750783307448476,0.2654331131696537,0.02350328154899542,1,0.6964054636951833,0.704414592760181,0.6765045248868777,0.7039073434466566,0.6952585331166192,0.6952980915811036,0.010115886499898245,13,0.45044588989156265,0.42201927087835,0.3915153892738714,0.42791645945913276,0.4411706485196061,0.42661353160450455,0.02017213623827816,19,,,,,,,,,
RF,16.287441730499268,0.10311026340624853,4.835366201400757,0.1724453393008396,10,sqrt,1.0,5.0,500.0,"{'model__max_depth': 10, 'model__max_features': 'sqrt', 'model__min_samples_leaf': 1, 'model__min_samples_split': 5, 'model__n_estimators': 500}",0.439873417721519,0.43962848297213625,0.39762611275964393,0.44019138755980863,0.43037974683544306,0.4295398295697102,0.016378097818906187,5,0.28052319587681157,0.2754198441621618,0.2121293741003269,0.2825453742791884,0.2681789971267309,0.26375935710904386,0.026287244256600777,5,0.6971271902003072,0.704920814479638,0.6763744343891404,0.703354271073186,0.6964098266287417,0.6956373073542027,0.010194212528497655,5,0.45218548858334795,0.4216229541573419,0.39379429461674553,0.4276457261075462,0.44121398706561815,0.42729249010611986,0.019838684257642326,5,,,,,,,,,
RF,11.174406433105469,0.4046359581438378,4.480322408676147,0.3249001968362733,10,sqrt,2.0,2.0,200.0,"{'model__max_depth': 10, 'model__max_features': 'sqrt', 'model__min_samples_leaf': 2, 'model__min_samples_split': 2, 'model__n_estimators': 200}",0.4287949921752739,0.4345146379044684,0.3941176470588235,0.4469096671949287,0.4283464566929134,0.42653668020528157,0.017538958817275827,17,0.26387002904834794,0.267856948717092,0.20573133996458004,0.2897656235340096,0.2645160691566103,0.25834800208412795,0.027980485948044226,35,0.7009500852821359,0.702768665158371,0.6725989819004525,0.7021042146372297,0.6968923540566165,0.6950628602069611,0.01141571195820179,15,0.45070525479943946,0.4191167149370486,0.39547207353968833,0.4273319926913671,0.44142750108365675,0.42681070741024,0.01911114483028303,15,,,,,,,,,
RF,13.032560539245605,0.16543528976406108,4.215127038955688,0.0847525965225642,10,sqrt,2.0,2.0,300.0,"{'model__max_depth': 10, 'model__max_features': 'sqrt', 'model__min_samples_leaf': 2, 'model__min_samples_split': 2, 'model__n_estimators': 300}",0.4364207221350079,0.4345146379044684,0.39821693907875183,0.4416403785488959,0.43037974683544306,0.4282344849005134,0.015439093187459323,13,0.2743708425292338,0.267856948717092,0.213205324706677,0.2819629249621169,0.2681789971267309,0.26111500760837014,0.024499160193800995,15,0.7006850763310356,0.7038489819004525,0.6731080316742082,0.7018192130570229,0.6975413675560974,0.6954005341037633,0.011331733571458325,11,0.45300930500108466,0.4184980352367036,0.39554995337543586,0.4276326970739227,0.4422866047262932,0.427395319082688,0.019855336753239083,3,,,,,,,,,
RF,14.038356161117553,1.4316591456308279,21.369408941268922,19.820757453152737,10,sqrt,2.0,2.0,500.0,"{'model__max_depth': 10, 'model__max_features': 'sqrt', 'model__min_samples_leaf': 2, 'model__min_samples_split': 2, 'model__n_estimators': 500}",0.43285939968404424,0.4338461538461538,0.3922734026745914,0.43285939968404424,0.43174603174603177,0.4247168775269731,0.016235350872717096,23,0.2711621180416945,0.26667767262170317,0.20541413127913463,0.27101620902925344,0.27064078403344416,0.25698218300104597,0.02583736946307669,47,0.7000451079065703,0.7044372171945701,0.6732324660633484,0.7020703530633436,0.6972845839541288,0.6954139456363924,0.011337479236444585,9,0.452408852631332,0.41758532181023617,0.3961930149394348,0.4273220604868775,0.44221646191475383,0.4271451423565269,0.019569646857424485,9,,,,,,,,,
RF,6.360871887207031,0.08851756072281511,5.288333463668823,0.458093448671314,10,sqrt,2.0,5.0,200.0,"{'model__max_depth': 10, 'model__max_features': 'sqrt', 'model__min_samples_leaf': 2, 'model__min_samples_split': 5, 'model__n_estimators': 200}",0.42990654205607476,0.42923794712286156,0.4,0.439873417721519,0.43243243243243246,0.42629006786657764,0.013676056316378558,19,0.264295682327568,0.26295831396915575,0.214944441320177,0.2803794591165017,0.2718777285358768,0.2588911250538558,0.02283621092463752,27,0.7021454448062474,0.699612556561086,0.6749321266968327,0.7003998487516367,0.69763166508646,0.6949443283804525,0.010110599679960157,17,0.4549383207272538,0.4143007371631525,0.39226491626196147,0.42473789446136767,0.4421050504287584,0.4256693838084987,0.02178427899483756,29,,,,,,,,,
RF,9.683111906051636,0.5479926565157344,4.581147956848144,0.27053463977254494,10,sqrt,2.0,5.0,300.0,"{'model__max_depth': 10, 'model__max_features': 'sqrt', 'model__min_samples_leaf': 2, 'model__min_samples_split': 5, 'model__n_estimators': 300}",0.4385692068429238,0.425,0.39762611275964393,0.43630573248407645,0.4292527821939587,0.42535076685612055,0.014688387477512757,21,0.27514790875668604,0.2584841628959276,0.2121293741003269,0.2772046525176519,0.26779664140863174,0.25815254793584486,0.023929379497657704,39,0.7019199052733962,0.7015158371040724,0.674295814479638,0.7019461939590952,0.6984640954444896,0.6956283692521382,0.010745043958978379,7,0.4537907911733061,0.41684695142390416,0.3949287625007187,0.4281248209125088,0.4418765030120887,0.4271135658045053,0.02035635645104351,11,,,,,,,,,
RF,12.746830272674561,0.3667394080096119,4.274600458145142,0.3820441083791109,10,sqrt,2.0,5.0,500.0,"{'model__max_depth': 10, 'model__max_features': 'sqrt', 'model__min_samples_leaf': 2, 'model__min_samples_split': 5, 'model__n_estimators': 500}",0.44375,0.43057722308892354,0.40117994100294985,0.4405705229793978,0.4292527821939587,0.42906609385304595,0.015019486503465336,9,0.2828139965312974,0.26534514223968025,0.2156078732166585,0.2816225280641883,0.26779664140863174,0.26263723629209124,0.024548955841259386,11,0.7014547299868904,0.7026131221719457,0.6745107466063348,0.7022368391349497,0.6985826109530904,0.6958796097706422,0.010777486239395074,1,0.4555086007927874,0.416302726678897,0.39286740556386845,0.4274387208724767,0.4427397123133352,0.426971433244273,0.02163392205783859,13,,,,,,,,,
RF,6.53144907951355,0.17749915476217973,3.2670759201049804,0.18468563681670988,10,log2,1.0,2.0,200.0,"{'model__max_depth': 10, 'model__max_features': 'log2', 'model__min_samples_leaf': 1, 'model__min_samples_split': 2, 'model__n_estimators': 200}",0.4391785150078989,0.43317972350230416,0.3976083707025411,0.43670886075949367,0.44019138755980863,0.4293733715064093,0.016065387045352653,7,0.27928473500057394,0.26550192621598373,0.21362680521049845,0.2763126384532448,0.2825453742791884,0.26345429583189783,0.02556317925195213,7,0.6986932803315431,0.7035011312217195,0.6752191742081448,0.6993388527698767,0.6959950223486387,0.6945494921759846,0.009959834807861456,27,0.4514827594669709,0.41829271587427513,0.39362563835003267,0.42268307045953807,0.440707430497744,0.42535832292971215,0.019910421075400267,37,,,,,,,,,
RF,7.731220054626465,0.8627678694690089,5.079539680480957,1.0196518331207685,10,log2,1.0,2.0,300.0,"{'model__max_depth': 10, 'model__max_features': 'log2', 'model__min_samples_leaf': 1, 'model__min_samples_split': 2, 'model__n_estimators': 300}",0.4413145539906103,0.43730886850152906,0.3933933933933934,0.43243243243243246,0.4380952380952381,0.42850889728264063,0.017786596126399757,11,0.28000478576645366,0.26993526788088934,0.20905062397140275,0.2718777285358768,0.2787933903318166,0.26193235929728786,0.02672205760115438,13,0.6978150857755036,0.7034445701357466,0.6741006787330317,0.7014664883290442,0.6950920470450133,0.6943837740036679,0.010544594574437863,29,0.4521040492943176,0.4184814944458314,0.3917753710613735,0.4251825857692268,0.43986671017544954,0.4254820421492398,0.02049822898083472,35,,,,,,,,,
RF,12.108788585662841,0.3280500485448018,3.8416867733001707,0.3984458051752826,10,log2,1.0,2.0,500.0,"{'model__max_depth': 10, 'model__max_features': 'log2', 'model__min_samples_leaf': 1, 'model__min_samples_split': 2, 'model__n_estimators': 500}",0.440625,0.43653250773993807,0.3976083707025411,0.43243243243243246,0.4288,0.4271996621749823,0.01531619534207874,15,0.27878481607858213,0.2714162403885101,0.21362680521049845,0.2718777285358768,0.26866562428728286,0.2608742429001501,0.023858017649911627,19,0.6966704726462836,0.7043552036199094,0.6736057692307692,0.7021013928394059,0.6967343333784821,0.6946934343429699,0.010963495828028406,21,0.4529836332680993,0.4201633390888596,0.3888229607489442,0.4261389341588833,0.4427570397169439,0.426173181396346,0.022022638562211358,27,,,,,,,,,
RF,6.967416715621948,0.8039070786151654,4.1433265686035154,0.6503070184794858,10,log2,1.0,5.0,200.0,"{'model__max_depth': 10, 'model__max_features': 'log2', 'model__min_samples_leaf': 1, 'model__min_samples_split': 5, 'model__n_estimators': 200}",0.43613707165109034,0.4434108527131783,0.40707964601769914,0.4326923076923077,0.43243243243243246,0.4303504621013416,0.012291528590416885,3,0.2723361666737148,0.28062579275878635,0.22336257335128087,0.2740188998985045,0.2718777285358768,0.2644442322436326,0.020778639777087906,3,0.6970397936313274,0.7055090497737556,0.6776993778280543,0.7042431373876925,0.6944232809607658,0.6957829279163191,0.009966099796302563,3,0.45033375860843516,0.42104227233760366,0.3923026911271841,0.42791265821139285,0.43978983027166774,0.42627624211125664,0.019726406812660514,25,,,,,,,,,
RF,8.782179117202759,0.7698860012287255,3.5908875942230223,0.8503259034427586,10,log2,1.0,5.0,300.0,"{'model__max_depth': 10, 'model__max_features': 'log2', 'model__min_samples_leaf': 1, 'model__min_samples_split': 5, 'model__n_estimators': 300}",0.44200626959247646,0.44031007751937984,0.40119760479041916,0.43450479233226835,0.43601895734597157,0.430807540316103,0.015055142460106856,1,0.28122864175115686,0.27661785735732036,0.2186275575131694,0.2756131784817741,0.2750783307448476,0.2654331131696537,0.02350328154899542,1,0.6964054636951833,0.704414592760181,0.6765045248868777,0.7039073434466566,0.6952585331166192,0.6952980915811036,0.010115886499898245,13,0.45044588989156265,0.42201927087835,0.3915153892738714,0.42791645945913276,0.4411706485196061,0.42661353160450455,0.02017213623827816,19,,,,,,,,,
RF,11.362325477600098,0.2650166880833759,4.372620916366577,0.5887899647131551,10,log2,1.0,5.0,500.0,"{'model__max_depth': 10, 'model__max_features': 'log2', 'model__min_samples_leaf': 1, 'model__min_samples_split': 5, 'model__n_estimators': 500}",0.439873417721519,0.43962848297213625,0.39762611275964393,0.44019138755980863,0.43037974683544306,0.4295398295697102,0.016378097818906187,5,0.28052319587681157,0.2754198441621618,0.2121293741003269,0.2825453742791884,0.2681789971267309,0.26375935710904386,0.026287244256600777,5,0.6971271902003072,0.704920814479638,0.6763744343891404,0.703354271073186,0.6964098266287417,0.6956373073542027,0.010194212528497655,5,0.45218548858334795,0.4216229541573419,0.39379429461674553,0.4276457261075462,0.44121398706561815,0.42729249010611986,0.019838684257642326,5,,,,,,,,,
RF,6.102005529403686,0.6342286937769454,4.775997495651245,0.3053244321862916,10,log2,2.0,2.0,200.0,"{'model__max_depth': 10, 'model__max_features': 'log2', 'model__min_samples_leaf': 2, 'model__min_samples_split': 2, 'model__n_estimators': 200}",0.4287949921752739,0.4345146379044684,0.3941176470588235,0.4469096671949287,0.4283464566929134,0.42653668020528157,0.017538958817275827,17,0.26387002904834794,0.267856948717092,0.20573133996458004,0.2897656235340096,0.2645160691566103,0.25834800208412795,0.027980485948044226,35,0.7009500852821359,0.702768665158371,0.6725989819004525,0.7021042146372297,0.6968923540566165,0.6950628602069611,0.01141571195820179,15,0.45070525479943946,0.4191167149370486,0.39547207353968833,0.4273319926913671,0.44142750108365675,0.42681070741024,0.01911114483028303,15,,,,,,,,,
RF,9.197522449493409,0.2869058976928154,3.439044713973999,0.4264416202466501,10,log2,2.0,2.0,300.0,"{'model__max_depth': 10, 'model__max_features': 'log2', 'model__min_samples_leaf': 2, 'model__min_samples_split': 2, 'model__n_estimators': 300}",0.4364207221350079,0.4345146379044684,0.39821693907875183,0.4416403785488959,0.43037974683544306,0.4282344849005134,0.015439093187459323,13,0.2743708425292338,0.267856948717092,0.213205324706677,0.2819629249621169,0.2681789971267309,0.26111500760837014,0.024499160193800995,15,0.7006850763310356,0.7038489819004525,0.6731080316742082,0.7018192130570229,0.6975413675560974,0.6954005341037633,0.011331733571458325,11,0.45300930500108466,0.4184980352367036,0.39554995337543586,0.4276326970739227,0.4422866047262932,0.427395319082688,0.019855336753239083,3,,,,,,,,,
RF,11.628421926498413,0.2863177179928136,5.143997001647949,0.2848601585016981,10,log2,2.0,2.0,500.0,"{'model__max_depth': 10, 'model__max_features': 'log2', 'model__min_samples_leaf': 2, 'model__min_samples_split': 2, 'model__n_estimators': 500}",0.43285939968404424,0.4338461538461538,0.3922734026745914,0.43285939968404424,0.43174603174603177,0.4247168775269731,0.016235350872717096,23,0.2711621180416945,0.26667767262170317,0.20541413127913463,0.27101620902925344,0.27064078403344416,0.25698218300104597,0.02583736946307669,47,0.7000451079065703,0.7044372171945701,0.6732324660633484,0.7020703530633436,0.6972845839541288,0.6954139456363924,0.011337479236444585,9,0.452408852631332,0.41758532181023617,0.3961930149394348,0.4273220604868775,0.44221646191475383,0.4271451423565269,0.019569646857424485,9,,,,,,,,,
RF,5.960501432418823,0.5662988683469392,4.995065069198608,0.14191223468791164,10,log2,2.0,5.0,200.0,"{'model__max_depth': 10, 'model__max_features': 'log2', 'model__min_samples_leaf': 2, 'model__min_samples_split': 5, 'model__n_estimators': 200}",0.42990654205607476,0.42923794712286156,0.4,0.439873417721519,0.43243243243243246,0.42629006786657764,0.013676056316378558,19,0.264295682327568,0.26295831396915575,0.214944441320177,0.2803794591165017,0.2718777285358768,0.2588911250538558,0.02283621092463752,27,0.7021454448062474,0.699612556561086,0.6749321266968327,0.7003998487516367,0.69763166508646,0.6949443283804525,0.010110599679960157,17,0.4549383207272538,0.4143007371631525,0.39226491626196147,0.42473789446136767,0.4421050504287584,0.4256693838084987,0.02178427899483756,29,,,,,,,,,
RF,9.01331787109375,0.1889006570479028,4.697761487960816,0.3646781755195674,10,log2,2.0,5.0,300.0,"{'model__max_depth': 10, 'model__max_features': 'log2', 'model__min_samples_leaf': 2, 'model__min_samples_split': 5, 'model__n_estimators': 300}",0.4385692068429238,0.425,0.39762611275964393,0.43630573248407645,0.4292527821939587,0.42535076685612055,0.014688387477512757,21,0.27514790875668604,0.2584841628959276,0.2121293741003269,0.2772046525176519,0.26779664140863174,0.25815254793584486,0.023929379497657704,39,0.7019199052733962,0.7015158371040724,0.674295814479638,0.7019461939590952,0.6984640954444896,0.6956283692521382,0.010745043958978379,7,0.4537907911733061,0.41684695142390416,0.3949287625007187,0.4281248209125088,0.4418765030120887,0.4271135658045053,0.02035635645104351,11,,,,,,,,,
RF,12.896961164474487,0.27934483093202167,13.589718627929688,16.124192141044837,10,log2,2.0,5.0,500.0,"{'model__max_depth': 10, 'model__max_features': 'log2', 'model__min_samples_leaf': 2, 'model__min_samples_split': 5, 'model__n_estimators': 500}",0.44375,0.43057722308892354,0.40117994100294985,0.4405705229793978,0.4292527821939587,0.42906609385304595,0.015019486503465336,9,0.2828139965312974,0.26534514223968025,0.2156078732166585,0.2816225280641883,0.26779664140863174,0.26263723629209124,0.024548955841259386,11,0.7014547299868904,0.7026131221719457,0.6745107466063348,0.7022368391349497,0.6985826109530904,0.6958796097706422,0.010777486239395074,1,0.4555086007927874,0.416302726678897,0.39286740556386845,0.4274387208724767,0.4427397123133352,0.426971433244273,0.02163392205783859,13,,,,,,,,,
RF,7.81317548751831,0.16987375977656102,4.796635007858276,0.29539273513618564,20,sqrt,1.0,2.0,200.0,"{'model__max_depth': 20, 'model__max_features': 'sqrt', 'model__min_samples_leaf': 1, 'model__min_samples_split': 2, 'model__n_estimators': 200}",0.42434782608695654,0.4214162348877375,0.3651050080775444,0.41156462585034015,0.38879159369527144,0.40224505771957003,0.02237543177382236,59,0.28446983515266316,0.27838312728870845,0.1893875582194964,0.26197647231618726,0.2415187322685449,0.25114714504912,0.03428243757782738,63,0.693587629156623,0.692543834841629,0.6695984162895928,0.6912064314416,0.6801167659939501,0.685410615544679,0.009267020442489579,65,0.42459100889510015,0.4120888433201676,0.38990471171898733,0.41301771121743575,0.41578363221599246,0.41107718147353667,0.01147028160994451,63,,,,,,,,,
RF,10.833441781997681,0.6054895311451716,11.340087795257569,10.070466150848326,20,sqrt,1.0,2.0,300.0,"{'model__max_depth': 20, 'model__max_features': 'sqrt', 'model__min_samples_leaf': 1, 'model__min_samples_split': 2, 'model__n_estimators': 300}",0.42086956521739133,0.4206896551724138,0.36245954692556637,0.42517006802721086,0.39015817223198596,0.4038694015149137,0.024200903943620313,53,0.2800814452596787,0.27698869464116954,0.18641433847782948,0.2791962639650061,0.24428063802587988,0.25339227607391274,0.03606664549040982,61,0.6966690630242032,0.6923741515837104,0.6699519230769231,0.6926511919274009,0.6805456792631721,0.6864384017750819,0.009849126614364032,61,0.42647014283315227,0.40914786340779563,0.3890070556354923,0.4148778669618429,0.41672821764966067,0.4112462292975888,0.012441804662791702,61,,,,,,,,,
RF,17.91684718132019,0.2959817337526623,4.225098514556885,0.1413837113074426,20,sqrt,1.0,2.0,500.0,"{'model__max_depth': 20, 'model__max_features': 'sqrt', 'model__min_samples_leaf': 1, 'model__min_samples_split': 2, 'model__n_estimators': 500}",0.4125874125874126,0.4103448275862069,0.3683360258481422,0.4230118443316413,0.3844797178130511,0.39975196563329074,0.02019000844969853,65,0.2711410588537835,0.263926072803431,0.19351759526078163,0.27510439396006764,0.23817639810638794,0.24837310379689032,0.030291702229729246,65,0.6963279344807657,0.6911934389140272,0.6702347285067873,0.6899225134317576,0.6812793466973678,0.6857915924061411,0.009161171696322532,63,0.4242997517999802,0.4113055838350743,0.38801165547611094,0.4110364522581261,0.41571733276930445,0.41007415522771923,0.01202837792790061,65,,,,,,,,,
RF,10.105546617507935,0.1758911738526268,4.1289185047149655,0.5589465122192364,20,sqrt,1.0,5.0,200.0,"{'model__max_depth': 20, 'model__max_features': 'sqrt', 'model__min_samples_leaf': 1, 'model__min_samples_split': 5, 'model__n_estimators': 200}",0.42105263157894735,0.4268502581755594,0.3814262023217247,0.4201388888888889,0.3734290843806104,0.40457941306914613,0.022431535404109065,47,0.2828332200741133,0.28429540092068256,0.21687547384848951,0.2785378979410733,0.22973038489473355,0.25845447553581846,0.02904929338207597,31,0.7022765396597173,0.6945955882352941,0.6789847285067874,0.6900551379294776,0.6836891620389183,0.6899202312740389,0.008160477486376114,49,0.43573280451123203,0.4125487769769749,0.3963305219433775,0.4167047292929515,0.4272818375538865,0.41771973405568447,0.013425140275694218,51,,,,,,,,,
RF,11.092318439483643,0.8673162215828945,3.2401291370391845,0.5259016167940997,20,sqrt,1.0,5.0,300.0,"{'model__max_depth': 20, 'model__max_features': 'sqrt', 'model__min_samples_leaf': 1, 'model__min_samples_split': 5, 'model__n_estimators': 300}",0.42634315424610053,0.4386873920552677,0.3741721854304636,0.4261168384879725,0.3821428571428571,0.40949248547253225,0.02610816916793002,27,0.28600382893806753,0.3001867964316352,0.20722330651717272,0.28318531624904436,0.23902244661428843,0.2631243389500416,0.03465650377087427,9,0.6992698157623941,0.6937047511312218,0.6757409502262444,0.6906307846855388,0.6856277371438891,0.6889948077898576,0.00796790663310311,55,0.4354329059831781,0.4139990981233157,0.39429720302767424,0.41470581213041735,0.42572886330075177,0.4168327765130674,0.013751443265752544,55,,,,,,,,,
RF,14.997273302078247,0.8135012970707269,4.766967296600342,0.8656256002121798,20,sqrt,1.0,5.0,500.0,"{'model__max_depth': 20, 'model__max_features': 'sqrt', 'model__min_samples_leaf': 1, 'model__min_samples_split': 5, 'model__n_estimators': 500}",0.4056437389770723,0.43717728055077454,0.3795379537953795,0.4241379310344828,0.3747747747747748,0.40425433582649684,0.02433578496510052,51,0.2649715951968331,0.2973385736931221,0.2131903492633764,0.28163922700950367,0.23255909634789892,0.2579397683021468,0.031016337023868898,41,0.6992726350065547,0.6953252262443439,0.6765101809954752,0.6906731116528964,0.6863868007584991,0.6896335909315539,0.007863231159287125,51,0.43723722187089853,0.41517835323791086,0.3950796329878107,0.4149122362822225,0.42422546747923306,0.41732658237161513,0.013779687175943838,53,,,,,,,,,
RF,7.3491716384887695,1.7808413630035331,6.41326675415039,0.8571598329227934,20,sqrt,2.0,2.0,200.0,"{'model__max_depth': 20, 'model__max_features': 'sqrt', 'model__min_samples_leaf': 2, 'model__min_samples_split': 2, 'model__n_estimators': 200}",0.42160278745644597,0.4271186440677966,0.3727714748784441,0.43463497453310695,0.38596491228070173,0.40841855864329907,0.02443644148522226,35,0.2815041496872137,0.28051355807052475,0.19999558757427033,0.29072323499751423,0.23847319421791427,0.25824194490948743,0.03428011311657441,37,0.6996194020383135,0.7002205882352942,0.6799406108597285,0.6952698203079145,0.6845074834078287,0.6919115809698159,0.008220129742257493,47,0.4528996368243434,0.4184345574847983,0.40260351882227363,0.4151305511053389,0.42902798149873345,0.4236192491470975,0.016894942624018826,47,,,,,,,,,
RF,13.227498388290405,0.24350031727769883,3.6556638717651366,0.14428195324540058,20,sqrt,2.0,2.0,300.0,"{'model__max_depth': 20, 'model__max_features': 'sqrt', 'model__min_samples_leaf': 2, 'model__min_samples_split': 2, 'model__n_estimators': 300}",0.42487046632124353,0.4241379310344828,0.3695299837925446,0.4358108108108108,0.3957968476357268,0.4100292079189617,0.024194037697996214,25,0.28317326408162924,0.2813429019204157,0.19585534333379184,0.2908729056104338,0.2503519486556524,0.26031927272038463,0.03507924779590106,23,0.7011502516175413,0.699589932126697,0.6802121040723982,0.695427840986049,0.6845413449817147,0.69218429475688,0.008336671643677926,41,0.4547030387656066,0.4187098798189699,0.40271928112845923,0.41404362099890824,0.43004710356451703,0.4240445848552922,0.017659093759014942,43,,,,,,,,,
RF,17.705514907836914,0.41644045824334214,6.832379961013794,0.07158299124575858,20,sqrt,2.0,2.0,500.0,"{'model__max_depth': 20, 'model__max_features': 'sqrt', 'model__min_samples_leaf': 2, 'model__min_samples_split': 2, 'model__n_estimators': 500}",0.4238178633975482,0.41308089500860584,0.37479806138933763,0.42857142857142855,0.3929824561403509,0.4066501409014542,0.020089742273978528,39,0.28580877544999866,0.26690450389076315,0.20177766934335206,0.2835012118772107,0.24732036626098913,0.25706250536446273,0.030898351247540784,45,0.7000563848832126,0.6977149321266968,0.6808908371040724,0.6953177908709197,0.6863896225563231,0.692073913508245,0.007258595485872381,45,0.45270807242227595,0.4178286343560907,0.40289445918504185,0.41702007777988737,0.43232473482329326,0.4245551957133179,0.0168769804282749,39,,,,,,,,,
RF,8.659748220443726,0.5478204085097202,6.9615436553955075,0.40559788355464343,20,sqrt,2.0,5.0,200.0,"{'model__max_depth': 20, 'model__max_features': 'sqrt', 'model__min_samples_leaf': 2, 'model__min_samples_split': 5, 'model__n_estimators': 200}",0.41114982578397213,0.41836734693877553,0.37891268533772654,0.4358108108108108,0.39649122807017545,0.40814637938829207,0.019335258229158808,37,0.268318611575448,0.27033707552818403,0.21197046520201912,0.2908729056104338,0.2517439522825266,0.25864860203972234,0.026438827070949092,29,0.7004369828448993,0.7008484162895928,0.6828733031674208,0.7009162377533974,0.6883535938417085,0.6946857067794038,0.007609260337963569,25,0.4511454848086357,0.41945777388852384,0.40722251284275107,0.42322709843072315,0.4351157063811095,0.42723371527034865,0.0149054686058084,7,,,,,,,,,
RF,14.549371004104614,0.180400031234063,5.843903303146362,0.33293127874288403,20,sqrt,2.0,5.0,300.0,"{'model__max_depth': 20, 'model__max_features': 'sqrt', 'model__min_samples_leaf': 2, 'model__min_samples_split': 5, 'model__n_estimators': 300}",0.423407917383821,0.4178082191780822,0.37766830870279144,0.4387755102040816,0.3866432337434095,0.40886063784243715,0.023035436111704555,33,0.2803660658371054,0.2714673206128759,0.20954320522214076,0.29641605561382484,0.23985002581990433,0.25952853462117026,0.03105866509328864,25,0.7009500852821359,0.700466628959276,0.6832579185520361,0.701452379339925,0.6881560679940404,0.6948566160254827,0.007635886764501559,19,0.45246418866426247,0.42063403030956675,0.40900986672627687,0.422430880965453,0.4339971410029531,0.42770722153370244,0.014696471611331701,1,,,,,,,,,
RF,18.382715463638306,1.7533400624940125,5.898300218582153,0.29585694684728325,20,sqrt,2.0,5.0,500.0,"{'model__max_depth': 20, 'model__max_features': 'sqrt', 'model__min_samples_leaf': 2, 'model__min_samples_split': 5, 'model__n_estimators': 500}",0.4124783362218371,0.41156462585034015,0.3698854337152209,0.441025641025641,0.392226148409894,0.4054360370445866,0.023630996783052048,43,0.2685040344661324,0.2617300189984927,0.19878911653377332,0.300632033842418,0.24846766788263977,0.2556245743446912,0.03319734607634509,53,0.7014011643478384,0.6994626696832579,0.6838235294117647,0.7003518781886315,0.6884043862025374,0.694688725566806,0.007175849540883952,23,0.4509735334921181,0.42062252884340307,0.4076518572847728,0.4208137031713687,0.43339329421219386,0.4266909834007713,0.01461793484745601,17,,,,,,,,,
RF,9.224464941024781,0.575234702492661,3.7442281246185303,0.16238945247354175,20,log2,1.0,2.0,200.0,"{'model__max_depth': 20, 'model__max_features': 'log2', 'model__min_samples_leaf': 1, 'model__min_samples_split': 2, 'model__n_estimators': 200}",0.42434782608695654,0.4214162348877375,0.3651050080775444,0.41156462585034015,0.38879159369527144,0.40224505771957003,0.02237543177382236,59,0.28446983515266316,0.27838312728870845,0.1893875582194964,0.26197647231618726,0.2415187322685449,0.25114714504912,0.03428243757782738,63,0.693587629156623,0.692543834841629,0.6695984162895928,0.6912064314416,0.6801167659939501,0.685410615544679,0.009267020442489579,65,0.42459100889510015,0.4120888433201676,0.38990471171898733,0.41301771121743575,0.41578363221599246,0.41107718147353667,0.01147028160994451,63,,,,,,,,,
RF,10.317898082733155,0.434734155406461,6.249221849441528,2.1185952810214945,20,log2,1.0,2.0,300.0,"{'model__max_depth': 20, 'model__max_features': 'log2', 'model__min_samples_leaf': 1, 'model__min_samples_split': 2, 'model__n_estimators': 300}",0.42086956521739133,0.4206896551724138,0.36245954692556637,0.42517006802721086,0.39015817223198596,0.4038694015149137,0.024200903943620313,53,0.2800814452596787,0.27698869464116954,0.18641433847782948,0.2791962639650061,0.24428063802587988,0.25339227607391274,0.03606664549040982,61,0.6966690630242032,0.6923741515837104,0.6699519230769231,0.6926511919274009,0.6805456792631721,0.6864384017750819,0.009849126614364032,61,0.42647014283315227,0.40914786340779563,0.3890070556354923,0.4148778669618429,0.41672821764966067,0.4112462292975888,0.012441804662791702,61,,,,,,,,,
RF,16.742721605300904,0.28338012529660683,4.853187131881714,0.5782111425706001,20,log2,1.0,2.0,500.0,"{'model__max_depth': 20, 'model__max_features': 'log2', 'model__min_samples_leaf': 1, 'model__min_samples_split': 2, 'model__n_estimators': 500}",0.4125874125874126,0.4103448275862069,0.3683360258481422,0.4230118443316413,0.3844797178130511,0.39975196563329074,0.02019000844969853,65,0.2711410588537835,0.263926072803431,0.19351759526078163,0.27510439396006764,0.23817639810638794,0.24837310379689032,0.030291702229729246,65,0.6963279344807657,0.6911934389140272,0.6702347285067873,0.6899225134317576,0.6812793466973678,0.6857915924061411,0.009161171696322532,63,0.4242997517999802,0.4113055838350743,0.38801165547611094,0.4110364522581261,0.41571733276930445,0.41007415522771923,0.01202837792790061,65,,,,,,,,,
RF,10.698656034469604,0.23756995401621692,6.222890043258667,0.4871397658045608,20,log2,1.0,5.0,200.0,"{'model__max_depth': 20, 'model__max_features': 'log2', 'model__min_samples_leaf': 1, 'model__min_samples_split': 5, 'model__n_estimators': 200}",0.42105263157894735,0.4268502581755594,0.3814262023217247,0.4201388888888889,0.3734290843806104,0.40457941306914613,0.022431535404109065,47,0.2828332200741133,0.28429540092068256,0.21687547384848951,0.2785378979410733,0.22973038489473355,0.25845447553581846,0.02904929338207597,31,0.7022765396597173,0.6945955882352941,0.6789847285067874,0.6900551379294776,0.6836891620389183,0.6899202312740389,0.008160477486376114,49,0.43573280451123203,0.4125487769769749,0.3963305219433775,0.4167047292929515,0.4272818375538865,0.41771973405568447,0.013425140275694218,51,,,,,,,,,
RF,11.820585346221923,0.35024705685261004,3.633621025085449,0.6721188430941204,20,log2,1.0,5.0,300.0,"{'model__max_depth': 20, 'model__max_features': 'log2', 'model__min_samples_leaf': 1, 'model__min_samples_split': 5, 'model__n_estimators': 300}",0.42634315424610053,0.4386873920552677,0.3741721854304636,0.4261168384879725,0.3821428571428571,0.40949248547253225,0.02610816916793002,27,0.28600382893806753,0.3001867964316352,0.20722330651717272,0.28318531624904436,0.23902244661428843,0.2631243389500416,0.03465650377087427,9,0.6992698157623941,0.6937047511312218,0.6757409502262444,0.6906307846855388,0.6856277371438891,0.6889948077898576,0.00796790663310311,55,0.4354329059831781,0.4139990981233157,0.39429720302767424,0.41470581213041735,0.42572886330075177,0.4168327765130674,0.013751443265752544,55,,,,,,,,,
RF,7.992584848403931,3.093998445895967,5.32032732963562,2.7873177602456227,20,log2,1.0,5.0,500.0,"{'model__max_depth': 20, 'model__max_features': 'log2', 'model__min_samples_leaf': 1, 'model__min_samples_split': 5, 'model__n_estimators': 500}",0.4056437389770723,0.43717728055077454,0.3795379537953795,0.4241379310344828,0.3747747747747748,0.40425433582649684,0.02433578496510052,51,0.2649715951968331,0.2973385736931221,0.2131903492633764,0.28163922700950367,0.23255909634789892,0.2579397683021468,0.031016337023868898,41,0.6992726350065547,0.6953252262443439,0.6765101809954752,0.6906731116528964,0.6863868007584991,0.6896335909315539,0.007863231159287125,51,0.43723722187089853,0.41517835323791086,0.3950796329878107,0.4149122362822225,0.42422546747923306,0.41732658237161513,0.013779687175943838,53,,,,,,,,,
RF,3.9770997524261475,1.3137717611899833,6.526671457290649,0.2655451206211591,20,log2,2.0,2.0,200.0,"{'model__max_depth': 20, 'model__max_features': 'log2', 'model__min_samples_leaf': 2, 'model__min_samples_split': 2, 'model__n_estimators': 200}",0.42160278745644597,0.4271186440677966,0.3727714748784441,0.43463497453310695,0.38596491228070173,0.40841855864329907,0.02443644148522226,35,0.2815041496872137,0.28051355807052475,0.19999558757427033,0.29072323499751423,0.23847319421791427,0.25824194490948743,0.03428011311657441,37,0.6996194020383135,0.7002205882352942,0.6799406108597285,0.6952698203079145,0.6845074834078287,0.6919115809698159,0.008220129742257493,47,0.4528996368243434,0.4184345574847983,0.40260351882227363,0.4151305511053389,0.42902798149873345,0.4236192491470975,0.016894942624018826,47,,,,,,,,,
RF,5.813690280914306,0.7259493235316322,5.926041746139527,0.3186855377338393,20,log2,2.0,2.0,300.0,"{'model__max_depth': 20, 'model__max_features': 'log2', 'model__min_samples_leaf': 2, 'model__min_samples_split': 2, 'model__n_estimators': 300}",0.42487046632124353,0.4241379310344828,0.3695299837925446,0.4358108108108108,0.3957968476357268,0.4100292079189617,0.024194037697996214,25,0.28317326408162924,0.2813429019204157,0.19585534333379184,0.2908729056104338,0.2503519486556524,0.26031927272038463,0.03507924779590106,23,0.7011502516175413,0.699589932126697,0.6802121040723982,0.695427840986049,0.6845413449817147,0.69218429475688,0.008336671643677926,41,0.4547030387656066,0.4187098798189699,0.40271928112845923,0.41404362099890824,0.43004710356451703,0.4240445848552922,0.017659093759014942,43,,,,,,,,,
RF,9.842236471176147,0.38133331547312593,2.302406358718872,0.6999259535757362,20,log2,2.0,2.0,500.0,"{'model__max_depth': 20, 'model__max_features': 'log2', 'model__min_samples_leaf': 2, 'model__min_samples_split': 2, 'model__n_estimators': 500}",0.4238178633975482,0.41308089500860584,0.37479806138933763,0.42857142857142855,0.3929824561403509,0.4066501409014542,0.020089742273978528,39,0.28580877544999866,0.26690450389076315,0.20177766934335206,0.2835012118772107,0.24732036626098913,0.25706250536446273,0.030898351247540784,45,0.7000563848832126,0.6977149321266968,0.6808908371040724,0.6953177908709197,0.6863896225563231,0.692073913508245,0.007258595485872381,45,0.45270807242227595,0.4178286343560907,0.40289445918504185,0.41702007777988737,0.43232473482329326,0.4245551957133179,0.0168769804282749,39,,,,,,,,,
RF,5.612846040725708,1.4487376974012178,3.729379940032959,1.6255158485467769,20,log2,2.0,5.0,200.0,"{'model__max_depth': 20, 'model__max_features': 'log2', 'model__min_samples_leaf': 2, 'model__min_samples_split': 5, 'model__n_estimators': 200}",0.41114982578397213,0.41836734693877553,0.37891268533772654,0.4358108108108108,0.39649122807017545,0.40814637938829207,0.019335258229158808,37,0.268318611575448,0.27033707552818403,0.21197046520201912,0.2908729056104338,0.2517439522825266,0.25864860203972234,0.026438827070949092,29,0.7004369828448993,0.7008484162895928,0.6828733031674208,0.7009162377533974,0.6883535938417085,0.6946857067794038,0.007609260337963569,25,0.4511454848086357,0.41945777388852384,0.40722251284275107,0.42322709843072315,0.4351157063811095,0.42723371527034865,0.0149054686058084,7,,,,,,,,,
RF,3.2843038558959963,0.09839594595821692,4.261936664581299,0.1125679791067321,20,log2,2.0,5.0,300.0,"{'model__max_depth': 20, 'model__max_features': 'log2', 'model__min_samples_leaf': 2, 'model__min_samples_split': 5, 'model__n_estimators': 300}",0.423407917383821,0.4178082191780822,0.37766830870279144,0.4387755102040816,0.3866432337434095,0.40886063784243715,0.023035436111704555,33,0.2803660658371054,0.2714673206128759,0.20954320522214076,0.29641605561382484,0.23985002581990433,0.25952853462117026,0.03105866509328864,25,0.7009500852821359,0.700466628959276,0.6832579185520361,0.701452379339925,0.6881560679940404,0.6948566160254827,0.007635886764501559,19,0.45246418866426247,0.42063403030956675,0.40900986672627687,0.422430880965453,0.4339971410029531,0.42770722153370244,0.014696471611331701,1,,,,,,,,,
RF,7.90477032661438,0.18934876165237557,0.563652515411377,0.19483735543282324,20,log2,2.0,5.0,500.0,"{'model__max_depth': 20, 'model__max_features': 'log2', 'model__min_samples_leaf': 2, 'model__min_samples_split': 5, 'model__n_estimators': 500}",0.4124783362218371,0.41156462585034015,0.3698854337152209,0.441025641025641,0.392226148409894,0.4054360370445866,0.023630996783052048,43,0.2685040344661324,0.2617300189984927,0.19878911653377332,0.300632033842418,0.24846766788263977,0.2556245743446912,0.03319734607634509,53,0.7014011643478384,0.6994626696832579,0.6838235294117647,0.7003518781886315,0.6884043862025374,0.694688725566806,0.007175849540883952,23,0.4509735334921181,0.42062252884340307,0.4076518572847728,0.4208137031713687,0.43339329421219386,0.4266909834007713,0.01461793484745601,17,,,,,,,,,
XGB,4.646874189376831,0.4835913110457553,0.34749712944030764,0.10588072904876958,3,,,,200.0,"{'model__colsample_bytree': 0.8, 'model__learning_rate': 0.01, 'model__max_depth': 3, 'model__n_estimators': 200, 'model__subsample': 0.8}",0.4548022598870056,0.43089430894308944,0.37889039242219213,0.4323529411764706,0.4490934449093445,0.4292066694676205,0.026814522090702453,1,0.278981065375516,0.2405798028604234,0.16945266747878743,0.255890382790491,0.26922879444323544,0.24282654258969064,0.0388938702877518,87,0.6946631708039074,0.6783809389140272,0.6524886877828056,0.6822175944737912,0.6902907580477674,0.6796082300044597,0.014727879986864888,98,0.4469899297493226,0.40430555940538926,0.3764417912919691,0.41689283370406555,0.4143534036341245,0.4117967035569742,0.02270311648013297,103,0.8,0.01,0.8,,,,,,
XGB,4.583647775650024,0.27006271588463127,0.2552202224731445,0.09949749946883958,3,,,,200.0,"{'model__colsample_bytree': 0.8, 'model__learning_rate': 0.01, 'model__max_depth': 3, 'model__n_estimators': 200, 'model__subsample': 1.0}",0.4523470839260313,0.4314789687924016,0.3792633015006821,0.42627737226277373,0.4482269503546099,0.42751873536729973,0.026042612729557706,2,0.27681218497868826,0.241578620626646,0.17146001056992002,0.2465346531285264,0.27069889472099,0.2414168728049541,0.037497854186438466,92,0.6931139961376355,0.6770828619909502,0.6529185520361991,0.6812341979321865,0.6909059099733621,0.6790511036140666,0.014351665462966472,99,0.4470443836424598,0.400049589806402,0.37742991756901495,0.41523812385892067,0.41977546122274406,0.4119074952199083,0.022964808667353037,101,0.8,0.01,1.0,,,,,,
XGB,5.760315608978272,0.6594140054989586,0.32504839897155763,0.13740875078219578,3,,,,300.0,"{'model__colsample_bytree': 0.8, 'model__learning_rate': 0.01, 'model__max_depth': 3, 'model__n_estimators': 300, 'model__subsample': 0.8}",0.4552129221732746,0.42398884239888424,0.379746835443038,0.4150375939849624,0.4434907010014306,0.42349537900031803,0.026044301271992178,4,0.2858679307648469,0.23575784116533072,0.17787700187256675,0.23752488615472095,0.26578364524309767,0.24056226104011258,0.036470458576089465,93,0.6955075344300192,0.6824151583710407,0.6562203054298642,0.6846104790283984,0.6953643505350129,0.682823565558867,0.014347457334401353,85,0.4470993976789589,0.4078847103484906,0.38275620065767374,0.4184354678991857,0.4215719439323946,0.4155495441033407,0.020852549807322457,94,0.8,0.01,0.8,,,,,,
XGB,4.834115791320801,0.7225941989424381,0.5276996612548828,0.43616060606787316,3,,,,300.0,"{'model__colsample_bytree': 0.8, 'model__learning_rate': 0.01, 'model__max_depth': 3, 'model__n_estimators': 300, 'model__subsample': 1.0}",0.4474885844748858,0.42756680731364277,0.36984352773826457,0.4132730015082956,0.43440233236151604,0.418514850679321,0.026721534023077215,8,0.2823489400118231,0.24194763409861583,0.16688176916732125,0.23583711543572117,0.2569910599417261,0.23680130373104147,0.03846652860745708,101,0.6957598567823966,0.6814225113122172,0.6557565045248869,0.682814404713531,0.6964973023612804,0.6824501159388625,0.01475269613059649,87,0.44779953399389916,0.40003388403638485,0.38216114498210574,0.416617364771382,0.424262584826924,0.4141749025221391,0.022195458424548977,98,0.8,0.01,1.0,,,,,,
XGB,1.492419147491455,0.16858701288859954,0.06582012176513671,0.008744232089009823,3,,,,500.0,"{'model__colsample_bytree': 0.8, 'model__learning_rate': 0.01, 'model__max_depth': 3, 'model__n_estimators': 500, 'model__subsample': 0.8}",0.4423380726698262,0.41679160419790107,0.3768545994065282,0.4152139461172742,0.431924882629108,0.4166246210041275,0.02226635177685824,10,0.28334604348001363,0.2393115654268565,0.18488603038137802,0.2490501461849031,0.2677553457003188,0.244869826234694,0.03361723188421934,79,0.696914337266179,0.689256221719457,0.6611651583710407,0.6888685719445573,0.7007610388730868,0.6873930656348641,0.013877383837599507,60,0.44769747647033853,0.41229515378954523,0.3894085087747522,0.42164757553752785,0.4242950330339324,0.41906874952121925,0.01886361508290186,84,0.8,0.01,0.8,,,,,,
XGB,1.3542601108551025,0.12550476685577666,0.07012615203857422,0.00977308396098494,3,,,,500.0,"{'model__colsample_bytree': 0.8, 'model__learning_rate': 0.01, 'model__max_depth': 3, 'model__n_estimators': 500, 'model__subsample': 1.0}",0.44871794871794873,0.4174174174174174,0.36722306525037934,0.41130298273155413,0.4240506329113924,0.4137424094057384,0.026506805499915877,13,0.2946846752787275,0.24042679556345056,0.17722937331095964,0.24187555493644305,0.260045355800217,0.24285235097795957,0.038197910688144425,86,0.6961517317207258,0.6883526583710406,0.6609671945701358,0.6877694816921757,0.7019334958688879,0.6870349124445931,0.01404910063493604,63,0.44330890449411986,0.40962859872304147,0.38573959400748997,0.419604398056421,0.4218514969270867,0.4160265984416318,0.018704498678039333,93,0.8,0.01,1.0,,,,,,
XGB,1.425096607208252,0.08828057496603446,0.08934254646301269,0.02532630667688547,5,,,,200.0,"{'model__colsample_bytree': 0.8, 'model__learning_rate': 0.01, 'model__max_depth': 5, 'model__n_estimators': 200, 'model__subsample': 0.8}",0.4469096671949287,0.4050632911392405,0.35769828926905134,0.4213938411669368,0.4391025641025641,0.41403353057454434,0.03167836984948071,12,0.2899071906996294,0.23560726448571773,0.17057479225901448,0.2622046143913775,0.28222978669208193,0.24810472970556421,0.04307632724602654,68,0.702592295005709,0.6916940045248869,0.659577205882353,0.6927936927175041,0.7029874373560883,0.6899289270973084,0.015896131215214243,38,0.45488172408954897,0.41320777830131195,0.3790652462763626,0.42367160466231735,0.43462030100377513,0.4210893308666631,0.025138908834833728,78,0.8,0.01,0.8,,,,,,
XGB,1.3990094184875488,0.14687878256739037,0.08968358039855957,0.012796614330894837,5,,,,200.0,"{'model__colsample_bytree': 0.8, 'model__learning_rate': 0.01, 'model__max_depth': 5, 'model__n_estimators': 200, 'model__subsample': 1.0}",0.4504792332268371,0.4012738853503185,0.35093167701863354,0.416,0.4448,0.4126969591191578,0.0358174600911093,14,0.29623008430930864,0.2322059404641868,0.16146309177605134,0.25226357152249146,0.28916819024327206,0.24626617566306205,0.04850195259974756,72,0.7006625223777505,0.6907664027149322,0.6584219457013574,0.6903387286107725,0.7015130479931374,0.68834052947959,0.015686593441464593,48,0.45831965407921793,0.4097915965927512,0.3783565240207285,0.4152697893689622,0.4358716274296525,0.4195218382982624,0.026757902523654026,83,0.8,0.01,1.0,,,,,,
XGB,3.017383909225464,0.19229156149448673,0.1423257827758789,0.02621739171867504,5,,,,300.0,"{'model__colsample_bytree': 0.8, 'model__learning_rate': 0.01, 'model__max_depth': 5, 'model__n_estimators': 300, 'model__subsample': 0.8}",0.43853820598006643,0.4065040650406504,0.3500810372771475,0.4214046822742475,0.4307178631051753,0.4094491707354574,0.03154270889004692,17,0.290184274921246,0.24386462060953623,0.17101387789092107,0.2699842777070156,0.28137809914878265,0.25128503005550035,0.04305096112164233,61,0.7020129403306974,0.6947341628959277,0.662781391402715,0.6936952571222177,0.7050798004424579,0.6916607104388032,0.015065465133623841,25,0.45709257152489235,0.4093520835400206,0.38875952178711376,0.42505562323323137,0.4378152439331796,0.4236150088036876,0.02342138025676183,56,0.8,0.01,0.8,,,,,,
XGB,2.9646430015563965,0.5356262579961293,0.14738016128540038,0.05105004226929568,5,,,,300.0,"{'model__colsample_bytree': 0.8, 'model__learning_rate': 0.01, 'model__max_depth': 5, 'model__n_estimators': 300, 'model__subsample': 1.0}",0.43288590604026844,0.40456769983686786,0.3434991974317817,0.40789473684210525,0.4288107202680067,0.40353165208380604,0.032014712332626205,20,0.28554789543598863,0.24218702881787957,0.16011664194690442,0.24858939878304162,0.2798141996486299,0.24325103292648884,0.04487058492421637,84,0.7013490083308664,0.693283371040724,0.6620899321266969,0.692464953271028,0.7041768251388325,0.6906728179816296,0.014988978281663451,34,0.45782448727162106,0.4082336078225335,0.38769630371379327,0.4248194744587491,0.4348455935989537,0.4226838933731301,0.023749826025293855,65,0.8,0.01,1.0,,,,,,
XGB,4.329276180267334,0.49025164943781535,0.1808420181274414,0.023504770381074357,5,,,,500.0,"{'model__colsample_bytree': 0.8, 'model__learning_rate': 0.01, 'model__max_depth': 5, 'model__n_estimators': 500, 'model__subsample': 0.8}",0.4247787610619469,0.4007029876977153,0.345679012345679,0.4128113879003559,0.4136690647482014,0.3995282427507797,0.02798254137036891,24,0.29012954008966396,0.25722518758532287,0.18895876159533603,0.2765413619217588,0.2809339782399139,0.2587577658863991,0.03651432238240346,21,0.7002875629043853,0.6994315610859728,0.6696606334841629,0.694914273782112,0.706185945189399,0.6940959952892063,0.012733633784033941,15,0.4573574332896714,0.4149657186095279,0.3967443297422405,0.4296358290746386,0.4403499525370073,0.42781065265061713,0.020802337879764758,26,0.8,0.01,0.8,,,,,,
XGB,3.728852891921997,0.38825924330211714,0.19858369827270508,0.027757367056640912,5,,,,500.0,"{'model__colsample_bytree': 0.8, 'model__learning_rate': 0.01, 'model__max_depth': 5, 'model__n_estimators': 500, 'model__subsample': 1.0}",0.431858407079646,0.3993174061433447,0.3463497453310696,0.4049733570159858,0.4121863799283154,0.3989370590996723,0.02850040975510502,26,0.29904640556162093,0.24715995339566715,0.17874081836669578,0.266130609385774,0.2779490389591707,0.2538053651337857,0.04113496821238234,46,0.6979912885355437,0.6983922511312217,0.6683173076923078,0.6942440967989525,0.7047976206600749,0.6927485129636202,0.012677854980242313,19,0.45335680616240276,0.41624432991986104,0.39092954593421225,0.428445788369028,0.43613920346958696,0.42502313477101816,0.020868726314109888,49,0.8,0.01,1.0,,,,,,
XGB,4.765518760681152,0.2556622667720132,0.1879140853881836,0.052716790630386846,7,,,,200.0,"{'model__colsample_bytree': 0.8, 'model__learning_rate': 0.01, 'model__max_depth': 7, 'model__n_estimators': 200, 'model__subsample': 0.8}",0.43316412859560066,0.38831615120274915,0.36363636363636365,0.4007155635062612,0.41450777202072536,0.40006799579234,0.023535718220641957,23,0.2880937981298987,0.23514528627604167,0.20897014125469943,0.26295587300245643,0.2699588756335344,0.2530247948593261,0.027841385477548317,50,0.7063517570939231,0.6978619909502262,0.6701654411764706,0.6993049911959908,0.7016499051875931,0.6950668171208407,0.012779206226063492,7,0.45957396339616924,0.4183652279729213,0.390219210911652,0.4341892053365525,0.4353116116888689,0.42753184386123283,0.02283769733589678,27,0.8,0.01,0.8,,,,,,
XGB,5.069542121887207,0.4827893001405953,0.15771865844726562,0.042783744385608447,7,,,,200.0,"{'model__colsample_bytree': 0.8, 'model__learning_rate': 0.01, 'model__max_depth': 7, 'model__n_estimators': 200, 'model__subsample': 1.0}",0.43826086956521737,0.40421792618629176,0.35175879396984927,0.40852575488454707,0.4055459272097054,0.4016618543631222,0.027923237655360172,21,0.302023394724601,0.2616536748670564,0.18186790809133271,0.2706044216542565,0.25962360990972955,0.2551546018493952,0.03966996380815563,36,0.7013349121100632,0.6954425904977375,0.662852092760181,0.697380525080139,0.701173021355366,0.6916366283606974,0.014567269380920832,26,0.45703841227127195,0.41507263369449676,0.38369103701949747,0.43564832737783993,0.43953207037979247,0.42619649614857974,0.02509522988718464,39,0.8,0.01,1.0,,,,,,
XGB,6.689620018005371,0.153831975956881,0.17760677337646485,0.04288748612172751,7,,,,300.0,"{'model__colsample_bytree': 0.8, 'model__learning_rate': 0.01, 'model__max_depth': 7, 'model__n_estimators': 300, 'model__subsample': 0.8}",0.4245614035087719,0.37924865831842575,0.36065573770491804,0.4022140221402214,0.4007220216606498,0.39348036866659736,0.021793333591485144,29,0.28725602684041357,0.23554111139556155,0.2178503218539789,0.2747980679182664,0.2657780843216435,0.2562447224659728,0.025688838527487545,30,0.7050633625125104,0.7010506221719457,0.674533371040724,0.7004816808885277,0.7028576346561921,0.6967973342539799,0.011246362881693882,3,0.4577219169432537,0.4203219953639766,0.39724233224226824,0.43236356132336395,0.44110572979177526,0.4297511071329276,0.020316727924103897,14,0.8,0.01,0.8,,,,,,
XGB,6.791567945480347,0.11618157767356783,0.18723392486572266,0.042811576275184504,7,,,,300.0,"{'model__colsample_bytree': 0.8, 'model__learning_rate': 0.01, 'model__max_depth': 7, 'model__n_estimators': 300, 'model__subsample': 1.0}",0.41563055062166965,0.3942652329749104,0.35315315315315315,0.40370370370370373,0.39855072463768115,0.3930606730182236,0.021198468107206055,30,0.2796745000555689,0.25498297833100286,0.20495540775936863,0.2779194772348959,0.26419803503868894,0.25634607968390505,0.027254867777985265,28,0.7016126076598863,0.6976300904977376,0.669454185520362,0.6990552620885819,0.7015229242855209,0.6938550140104177,0.012293667644588339,17,0.45889820296909284,0.41690983097535705,0.39520923215276255,0.43452260554087735,0.43931725889098006,0.42897142610581396,0.02153523457117612,17,0.8,0.01,1.0,,,,,,
XGB,8.263357877731323,0.1338326725117555,0.13883180618286134,0.013148288276828308,7,,,,500.0,"{'model__colsample_bytree': 0.8, 'model__learning_rate': 0.01, 'model__max_depth': 7, 'model__n_estimators': 500, 'model__subsample': 0.8}",0.4074766355140187,0.38345864661654133,0.36742424242424243,0.3938814531548757,0.3849056603773585,0.38742932761740734,0.013159506946597257,34,0.28597466901080104,0.25704151828045135,0.23953778009797477,0.27690633453846086,0.2607764743722027,0.26404735525997813,0.01616576706871089,2,0.7034141046785356,0.7033229638009049,0.6797850678733032,0.7024484739717369,0.6995476658088401,0.6977036552266641,0.009068355027078649,1,0.4588546388461077,0.42157694405776935,0.40516375614406613,0.4326457843394805,0.44042799322455883,0.4317338233223965,0.018006052116511954,5,0.8,0.01,0.8,,,,,,
XGB,7.781517457962036,0.5330970724716685,0.1718748092651367,0.031716719270486055,7,,,,500.0,"{'model__colsample_bytree': 0.8, 'model__learning_rate': 0.01, 'model__max_depth': 7, 'model__n_estimators': 500, 'model__subsample': 1.0}",0.42435424354243545,0.389413988657845,0.3533834586466165,0.39015151515151514,0.37714285714285717,0.3868892126282538,0.02297073202263779,36,0.3027529576970071,0.266516157007335,0.21923641818501663,0.2687330519093016,0.2544251985546195,0.262332756670656,0.026877801750726144,5,0.6999577113375903,0.6967944004524886,0.6749236425339367,0.7023073840805454,0.6985938981443858,0.6945154073097893,0.009959906820766144,11,0.45910956327238733,0.42042436057154686,0.4051984449014787,0.4341890699751342,0.4391553098557558,0.4316153497152605,0.018124557439983813,7,0.8,0.01,1.0,,,,,,
XGB,1.0167410373687744,0.06805233469176179,0.10817794799804688,0.03450974807386156,3,,,,200.0,"{'model__colsample_bytree': 0.8, 'model__learning_rate': 0.05, 'model__max_depth': 3, 'model__n_estimators': 200, 'model__subsample': 0.8}",0.4203152364273205,0.3951473136915078,0.3502626970227671,0.397887323943662,0.3925925925925926,0.39124103273557,0.022741118045853312,33,0.28139294687896965,0.24619793453302807,0.19262989164336117,0.2545457394349346,0.26394603657934135,0.24774250981392698,0.02993652124744957,69,0.6945038835088313,0.6941770361990951,0.6663998868778281,0.6889800329585986,0.7037902388369678,0.6895702156762641,0.012529847441772756,43,0.4538194953722836,0.41398059751072797,0.39009972978268204,0.42391626164324375,0.42548324561560685,0.42145986598490887,0.020536624245003576,70,0.8,0.05,0.8,,,,,,
XGB,0.765556526184082,0.05330830970695151,0.06872305870056153,0.006370677665713504,3,,,,200.0,"{'model__colsample_bytree': 0.8, 'model__learning_rate': 0.05, 'model__max_depth': 3, 'model__n_estimators': 200, 'model__subsample': 1.0}",0.4166666666666667,0.37050359712230213,0.34295415959252973,0.3879003558718861,0.3925925925925926,0.38212347436919547,0.02451719273358214,40,0.28710536718986507,0.22621025403141573,0.17444343915001717,0.24517302608476335,0.26394603657934135,0.23937562460708053,0.03822292250999126,96,0.689537784919863,0.6906306561085973,0.6655514705882353,0.6896262246602556,0.700244649871326,0.6871181572296555,0.011505732749644981,62,0.4454534665810633,0.4070055091431187,0.3906960352105764,0.4201444372486402,0.4306020338932226,0.4187802964153242,0.018870313757975175,85,0.8,0.05,1.0,,,,,,
XGB,1.2644128799438477,0.03772258839404111,0.08954091072082519,0.011198475577929856,3,,,,300.0,"{'model__colsample_bytree': 0.8, 'model__learning_rate': 0.05, 'model__max_depth': 3, 'model__n_estimators': 300, 'model__subsample': 0.8}",0.41929499072356213,0.37453183520599254,0.34750462107208874,0.3787878787878788,0.37109375,0.37824261515790447,0.02321764541604955,42,0.29826956947493627,0.2445197788565726,0.20613781737239126,0.2544312667669818,0.2562688659632248,0.25192545968682134,0.029408410553892348,58,0.6889358762915663,0.6960294117647058,0.6719372171945702,0.6890082509368369,0.702380750823965,0.6896583014023288,0.010172836926664024,42,0.4536141159205558,0.4172899577206518,0.39522052958762943,0.4244781259115443,0.4276479335410778,0.42365013253629186,0.018778724310558857,55,0.8,0.05,0.8,,,,,,
XGB,0.9564021587371826,0.026424720627509345,0.09201884269714355,0.009712675357616532,3,,,,300.0,"{'model__colsample_bytree': 0.8, 'model__learning_rate': 0.05, 'model__max_depth': 3, 'model__n_estimators': 300, 'model__subsample': 1.0}",0.4143126177024482,0.35452793834296725,0.3486238532110092,0.3795066413662239,0.38058252427184464,0.37551071497889865,0.023282863154018334,46,0.29721467904454185,0.2295413051760765,0.20510675424581928,0.2560194857929764,0.26597408928899674,0.25077126270968214,0.031469410965287395,62,0.685664143443143,0.6907975113122171,0.6689140271493212,0.6885285453067859,0.6978080274504491,0.6863424509323832,0.009594749325598293,70,0.449796411297251,0.40854954902303137,0.3937282436350605,0.42072164566183307,0.4328686729556215,0.4211329045145595,0.01933313367860518,76,0.8,0.05,1.0,,,,,,
XGB,1.7886384010314942,0.015904140858989686,0.08366203308105469,0.009763206218709424,3,,,,500.0,"{'model__colsample_bytree': 0.8, 'model__learning_rate': 0.05, 'model__max_depth': 3, 'model__n_estimators': 500, 'model__subsample': 0.8}",0.40404040404040403,0.34901960784313724,0.33203125,0.381139489194499,0.37322515212981744,0.36789118064157156,0.0251109783528823,66,0.31206065383716736,0.2292144551423916,0.20628940222143655,0.27127413404385864,0.27459732072091864,0.2586871931931546,0.03707953701429285,22,0.6853977248699623,0.6970376131221719,0.6755698529411764,0.6908960336809788,0.6970884690053728,0.6891979387239324,0.008084192436031546,44,0.4524175215854448,0.41914147000881063,0.40232467351117707,0.42509216007676376,0.4357692301553,0.4269490110674992,0.016716488182821836,32,0.8,0.05,0.8,,,,,,
XGB,1.4138704299926759,0.03469500522475429,0.07919254302978515,0.006789971727370925,3,,,,500.0,"{'model__colsample_bytree': 0.8, 'model__learning_rate': 0.05, 'model__max_depth': 3, 'model__n_estimators': 500, 'model__subsample': 1.0}",0.41379310344827586,0.3441295546558704,0.3287128712871287,0.37675350701402804,0.3551020408163265,0.3636982154443259,0.02953215011198626,84,0.3262514418758358,0.23589409244933088,0.20742012676770488,0.27387273096239745,0.2542257438117612,0.25953282717340603,0.03989910987785522,14,0.6826264078600527,0.6917703619909502,0.6723515271493212,0.690956702334191,0.6925383200144477,0.6860486638697926,0.007723544501963061,74,0.4497603596574717,0.41311515565900064,0.3986713466946753,0.42678328896382434,0.43168333705385387,0.4240026976057652,0.0172649759549517,54,0.8,0.05,1.0,,,,,,
XGB,1.4742008686065673,0.1151670519064831,0.11151304244995117,0.03821917059914359,5,,,,200.0,"{'model__colsample_bytree': 0.8, 'model__learning_rate': 0.05, 'model__max_depth': 5, 'model__n_estimators': 200, 'model__subsample': 0.8}",0.3889980353634578,0.36007827788649704,0.3449612403100775,0.3745173745173745,0.3764705882352941,0.3690051032625402,0.01512369988612815,62,0.28130547466739386,0.24240610118294045,0.2196502992241406,0.2561075734468027,0.26459665161914575,0.2528132200280847,0.020830737086553107,52,0.6955075344300193,0.7025268665158371,0.6765639140271492,0.6989212266919499,0.7038085805228227,0.6954656244375557,0.00988618890933909,6,0.4567139251822748,0.4196562216025467,0.40296711896153126,0.4299277101163397,0.44324931420679226,0.430502858013897,0.01857788701271857,11,0.8,0.05,0.8,,,,,,
XGB,1.3949002742767334,0.028338828067400703,0.07521562576293946,0.009649229554303982,5,,,,200.0,"{'model__colsample_bytree': 0.8, 'model__learning_rate': 0.05, 'model__max_depth': 5, 'model__n_estimators': 200, 'model__subsample': 1.0}",0.4145873320537428,0.358974358974359,0.34833659491193736,0.41366223908918404,0.3575638506876228,0.3786248751433692,0.029216449597833715,41,0.30452372724500953,0.24408207331981424,0.22759778334131328,0.29901120948552784,0.24149135034552677,0.2633412287474383,0.031919498278708824,3,0.6913350530722713,0.7037570701357466,0.6768269230769232,0.6928529504718045,0.7014552011377488,0.693245439578899,0.009500167053756132,18,0.4469056439742404,0.4246941833952953,0.3992521602607904,0.4345860858608178,0.4364749411729215,0.42838260293281305,0.016181837454414805,22,0.8,0.05,1.0,,,,,,
XGB,2.3779831409454344,0.05580406657446812,0.11645240783691406,0.0209124398250032,5,,,,300.0,"{'model__colsample_bytree': 0.8, 'model__learning_rate': 0.05, 'model__max_depth': 5, 'model__n_estimators': 300, 'model__subsample': 0.8}",0.3983739837398374,0.36182902584493043,0.3359375,0.36327345309381237,0.3453815261044177,0.3609590977565996,0.021329452883355297,92,0.3075630085756521,0.2508526789708857,0.2112146329857081,0.2551177681343177,0.23493757127967269,0.2519371319892473,0.031789424719721064,57,0.6908219506350348,0.7059063914027149,0.6789861425339367,0.6989861280418981,0.7005860874080093,0.6950573400043187,0.009380045317422942,8,0.4571012834896517,0.4249569507624852,0.4126995405883965,0.42730544101895857,0.4414010636250611,0.43269285589691053,0.01523289429969484,1,0.8,0.05,0.8,,,,,,
XGB,2.158266305923462,0.1701678312440393,0.16002998352050782,0.03124764683418581,5,,,,300.0,"{'model__colsample_bytree': 0.8, 'model__learning_rate': 0.05, 'model__max_depth': 5, 'model__n_estimators': 300, 'model__subsample': 1.0}",0.4095427435387674,0.3481781376518219,0.32727272727272727,0.39453125,0.35714285714285715,0.36733354312123473,0.03032154503057592,70,0.31213880056098975,0.2410304524728666,0.2136677768762581,0.28585272322161714,0.24490922758425496,0.2595197961431973,0.03498546809253223,15,0.6883480638840728,0.6972101244343891,0.6776201923076923,0.6934793895886946,0.6942652602826312,0.6901846060994961,0.006900762652311009,36,0.4464899740580004,0.42291874203239205,0.403296617367049,0.43084804378124725,0.43847131165223824,0.42840493777818534,0.014797940970189626,20,0.8,0.05,1.0,,,,,,
XGB,3.893300676345825,0.1046702625743328,0.14786272048950194,0.021352584534492455,5,,,,500.0,"{'model__colsample_bytree': 0.8, 'model__learning_rate': 0.05, 'model__max_depth': 5, 'model__n_estimators': 500, 'model__subsample': 0.8}",0.41749502982107356,0.3527054108216433,0.32064128256513025,0.3765182186234818,0.348,0.36307198836626575,0.03248896461079004,87,0.3222027855840514,0.24256770233320127,0.20197357716293565,0.27789666341523384,0.236593895578251,0.25624692481473466,0.040835880552508835,29,0.688212740164362,0.699960407239819,0.6765356334841628,0.6965875998916429,0.699882048850964,0.6922356859261901,0.008941510832049696,22,0.4540883249439593,0.41918753883851756,0.4148196721659855,0.4204621528634325,0.44421785964638094,0.43055510969165517,0.015615225872195139,10,0.8,0.05,0.8,,,,,,
XGB,3.352913427352905,0.16411786762813313,0.14853873252868652,0.014984489897642008,5,,,,500.0,"{'model__colsample_bytree': 0.8, 'model__learning_rate': 0.05, 'model__max_depth': 5, 'model__n_estimators': 500, 'model__subsample': 1.0}",0.3904382470119522,0.36511156186612576,0.32806324110671936,0.35412474849094566,0.36217303822937624,0.35998216734102384,0.020058966074559936,95,0.2887903077087411,0.26338231225598624,0.20582426685712296,0.24687085901035205,0.2570819055124347,0.2523899302689274,0.027080087620739685,55,0.685083379146051,0.6916091628959276,0.6787415158371041,0.6925552508013906,0.6835734683281413,0.686312555401723,0.005164482726351018,72,0.4434065520889127,0.4191965864521747,0.40397870408754466,0.4257365026976062,0.43463492327264874,0.42539065371977747,0.013468383581539997,46,0.8,0.05,1.0,,,,,,
XGB,3.267999792098999,0.15468287480944148,0.1177323341369629,0.020145979167827777,7,,,,200.0,"{'model__colsample_bytree': 0.8, 'model__learning_rate': 0.05, 'model__max_depth': 7, 'model__n_estimators': 200, 'model__subsample': 0.8}",0.43052837573385516,0.3540856031128405,0.3576923076923077,0.36363636363636365,0.3614457831325301,0.37347768666157943,0.02871107994696567,50,0.33217201141696934,0.23261009184889658,0.23281441883526222,0.25152215368628883,0.2553100501912412,0.26088574519573166,0.03684564806956272,9,0.7050210738501008,0.7051725113122171,0.6819669117647059,0.6988873651180639,0.6900692469185967,0.6962234217927369,0.009007812448663787,4,0.46296447366256294,0.420193878684531,0.40984250841098746,0.43178785052386953,0.43471462487162793,0.43190066723071574,0.017868981078007225,4,0.8,0.05,0.8,,,,,,
XGB,3.2449817657470703,0.1620755093013307,0.23454160690307618,0.05680490760164819,7,,,,200.0,"{'model__colsample_bytree': 0.8, 'model__learning_rate': 0.05, 'model__max_depth': 7, 'model__n_estimators': 200, 'model__subsample': 1.0}",0.396078431372549,0.37924151696606784,0.33530571992110453,0.38247011952191234,0.3438735177865613,0.367393861113639,0.023551307577901512,69,0.28946274014599443,0.2745009504353115,0.21419875225037324,0.27860100803649196,0.22653302526106667,0.2566592952258476,0.030286364166305136,27,0.6897816495397584,0.7017491515837104,0.6788320135746606,0.6952585331166192,0.6902498419793219,0.6911742379588142,0.007531727269234737,28,0.4533797414293489,0.42443963265367857,0.4012146146396871,0.42254460713146047,0.4285762929513466,0.4260309777611043,0.016643151994687664,41,0.8,0.05,1.0,,,,,,
XGB,5.857873487472534,0.6244656841938145,0.1794102668762207,0.1015003388004569,7,,,,300.0,"{'model__colsample_bytree': 0.8, 'model__learning_rate': 0.05, 'model__max_depth': 7, 'model__n_estimators': 300, 'model__subsample': 0.8}",0.4121212121212121,0.36186770428015563,0.35984848484848486,0.37254901960784315,0.3557312252964427,0.37242352923082767,0.020611220084920986,51,0.3223204581479552,0.24241760367328233,0.23001175381904881,0.2596440012066031,0.24152650231619996,0.25918406383261783,0.03295555542253292,18,0.6963096093937216,0.7015073529411764,0.6829100678733031,0.7014241613616867,0.6874407422456996,0.6939183867631175,0.007520504888891969,16,0.4532990728328191,0.4186830933721067,0.41475706996298184,0.43069358118185797,0.43369746221271366,0.43022605591249585,0.013543728156599254,13,0.8,0.05,0.8,,,,,,
XGB,5.194529008865357,0.5464792209115809,0.1991711139678955,0.07900954316183847,7,,,,300.0,"{'model__colsample_bytree': 0.8, 'model__learning_rate': 0.05, 'model__max_depth': 7, 'model__n_estimators': 300, 'model__subsample': 1.0}",0.39766081871345027,0.3712574850299401,0.33925049309664695,0.37623762376237624,0.3373015873015873,0.3643416015808002,0.02306617053237447,78,0.2891384223967308,0.2644005345972037,0.21917930576194675,0.26825961042186824,0.21980415548305915,0.25215640573216175,0.027968048441558865,56,0.687042753837696,0.6983526583710408,0.6819725678733032,0.6951513047993136,0.6830768319111471,0.6891192233585001,0.006535124074375138,45,0.4482664705231372,0.42562619287691417,0.4056430525565613,0.4198991223838218,0.4267795523711406,0.42524287814231504,0.013749930855011198,48,0.8,0.05,1.0,,,,,,
XGB,8.049630498886108,0.06302349295881998,0.17874889373779296,0.047645813173674736,7,,,,500.0,"{'model__colsample_bytree': 0.8, 'model__learning_rate': 0.05, 'model__max_depth': 7, 'model__n_estimators': 500, 'model__subsample': 0.8}",0.40160642570281124,0.3737957610789981,0.3466666666666667,0.375968992248062,0.3508771929824561,0.3697830077357988,0.01979340082347974,57,0.30633718888438993,0.2537994155198846,0.21546445779343742,0.25941028217159895,0.22999711300330353,0.2530016914745229,0.03106327808007403,51,0.6904427622954286,0.6934304298642534,0.676589366515837,0.6948550160278116,0.6771510564811053,0.6864937262368872,0.007987561951220858,69,0.44368158547874315,0.40903745885918463,0.40840339415377463,0.42205711002456936,0.4233806352199464,0.42131203674724366,0.012825983472753532,74,0.8,0.05,0.8,,,,,,
XGB,7.255914688110352,0.19088891709072947,0.1665438175201416,0.03466939207635434,7,,,,500.0,"{'model__colsample_bytree': 0.8, 'model__learning_rate': 0.05, 'model__max_depth': 7, 'model__n_estimators': 500, 'model__subsample': 1.0}",0.3984526112185687,0.3683168316831683,0.344294003868472,0.38076923076923075,0.33201581027667987,0.3647696975632239,0.02406315465706579,75,0.2871233605643973,0.25745375870066795,0.21808717918330747,0.2625342512802241,0.21153954820593338,0.24734761958690607,0.028471981838014214,70,0.684964970891304,0.6869640837104072,0.6795531674208144,0.6842760959862747,0.6738608402185199,0.6819238316454641,0.004707816817524019,89,0.4465596607252845,0.41651080218560177,0.4070183568507096,0.41085502034197885,0.4213084165948667,0.42045045133968834,0.013931555641563865,80,0.8,0.05,1.0,,,,,,
XGB,1.1313261032104491,0.0611794152043227,0.11619586944580078,0.0319391176761707,3,,,,200.0,"{'model__colsample_bytree': 0.8, 'model__learning_rate': 0.1, 'model__max_depth': 3, 'model__n_estimators': 200, 'model__subsample': 0.8}",0.4,0.359375,0.3504761904761905,0.3946360153256705,0.37524950099800397,0.375947341359973,0.019244250720235823,44,0.2905701666544403,0.24076601757133737,0.2202562931794015,0.27856800650803365,0.27028750815482266,0.26008959841360707,0.025824821205682573,11,0.6858431654473436,0.6953280542986426,0.6735718325791855,0.6884001535058015,0.6976979773353199,0.6881682366332587,0.008492275308951929,51,0.45242041206572603,0.4181848285907828,0.4005739168467002,0.42383464193061826,0.4352422252979973,0.42605120494636495,0.01729563630914827,40,0.8,0.1,0.8,,,,,,
XGB,0.9293342590332031,0.1286394404599902,0.1084482192993164,0.031606380238011184,3,,,,200.0,"{'model__colsample_bytree': 0.8, 'model__learning_rate': 0.1, 'model__max_depth': 3, 'model__n_estimators': 200, 'model__subsample': 1.0}",0.4076923076923077,0.3492063492063492,0.34375,0.3769230769230769,0.36947791164658633,0.369409929093664,0.02275350137653096,59,0.2965632516978666,0.2340999441700892,0.2210650945142512,0.25768799877913184,0.2654962896470255,0.25498251576167286,0.026204159750002388,38,0.6838541886920118,0.6936990950226244,0.6738673642533937,0.6838514154137885,0.6943936520836154,0.6859331430930867,0.007564772069158411,76,0.45180194115012856,0.4119639050210917,0.3999664022894692,0.4182331828087296,0.42884074637935315,0.4221612355297545,0.017522631452551347,69,0.8,0.1,1.0,,,,,,
XGB,1.424630880355835,0.10438803723404785,0.08077878952026367,0.017234323019274467,3,,,,300.0,"{'model__colsample_bytree': 0.8, 'model__learning_rate': 0.1, 'model__max_depth': 3, 'model__n_estimators': 300, 'model__subsample': 0.8}",0.4087301587301587,0.368,0.33073929961089493,0.35671342685370744,0.35876288659793815,0.3645891543585399,0.025305522247566454,76,0.3102799011747558,0.2611020506119058,0.20318755637573932,0.24846858567120492,0.2634885771650682,0.2573053341997348,0.03425134828422843,25,0.6813986270280938,0.6996776018099548,0.6761566742081447,0.6911655153731545,0.6922081696690595,0.6881213176176815,0.008341036682302343,53,0.45223014785480586,0.4223319412736237,0.40711552397898587,0.42347350896571334,0.434166514630304,0.42786352734068656,0.014925214861429953,25,0.8,0.1,0.8,,,,,,
XGB,1.035983419418335,0.17436951645540205,0.07348570823669434,0.00901324289411276,3,,,,300.0,"{'model__colsample_bytree': 0.8, 'model__learning_rate': 0.1, 'model__max_depth': 3, 'model__n_estimators': 300, 'model__subsample': 1.0}",0.4112903225806452,0.334020618556701,0.32936507936507936,0.3715415019762846,0.3613963039014374,0.3615227652760295,0.029555661640150437,89,0.3203747303923094,0.23097467571516858,0.209025348526495,0.26151780505637773,0.26498154233092086,0.2573748204042543,0.037626199035414955,24,0.6830760773036748,0.6951456447963802,0.6739903846153846,0.6837357217030114,0.6940564472436679,0.6860008551324238,0.007828873470710734,75,0.453094362518279,0.41686217233463063,0.4064119674285225,0.41977514033684565,0.43272440402672674,0.4257736093290009,0.016031254588435826,42,0.8,0.1,1.0,,,,,,
XGB,2.038354206085205,0.05550970996505184,0.09755630493164062,0.022510546399072927,3,,,,500.0,"{'model__colsample_bytree': 0.8, 'model__learning_rate': 0.1, 'model__max_depth': 3, 'model__n_estimators': 500, 'model__subsample': 0.8}",0.40480961923847697,0.36511156186612576,0.3253968253968254,0.3625254582484725,0.36325678496868474,0.36422004994371704,0.025137025335890482,80,0.3095343504221136,0.26338231225598624,0.20401042939777617,0.26277529291901597,0.2750395987563724,0.26294839675025283,0.03403042899733607,4,0.6807417431386644,0.6973388009049774,0.670783371040724,0.6878061650638856,0.6921376247234637,0.6857615409743432,0.0092564769109663,77,0.44526555340931917,0.42377736941901817,0.40354197725149893,0.42362954928247887,0.4433344447414888,0.42790977882076076,0.015286138531478968,24,0.8,0.1,0.8,,,,,,
XGB,1.5919035911560058,0.08009586478355668,0.10879154205322265,0.019651240152679196,3,,,,500.0,"{'model__colsample_bytree': 0.8, 'model__learning_rate': 0.1, 'model__max_depth': 3, 'model__n_estimators': 500, 'model__subsample': 1.0}",0.39835728952772076,0.36475409836065575,0.3193612774451098,0.348,0.35537190082644626,0.35716891323198646,0.02557628949847758,103,0.3121978094344656,0.2673812693805651,0.19874783164950316,0.236593895578251,0.2601019354224911,0.25500454829305524,0.03729344714909833,37,0.6829562594268476,0.7001951357466063,0.6718552036199095,0.6799023093593389,0.6872037112284978,0.6844225238762399,0.009349118647670586,81,0.45244607173267387,0.42631373304943615,0.4067632253037151,0.41293581640061494,0.4327795695952365,0.42624768321633527,0.016036678966472408,37,0.8,0.1,1.0,,,,,,
XGB,1.5177157878875733,0.10636695390390788,0.08377532958984375,0.01719119793771059,5,,,,200.0,"{'model__colsample_bytree': 0.8, 'model__learning_rate': 0.1, 'model__max_depth': 5, 'model__n_estimators': 200, 'model__subsample': 0.8}",0.41420118343195267,0.33739837398373984,0.32684824902723736,0.36363636363636365,0.3801980198019802,0.36445643797625477,0.031207448866574023,77,0.3147439102099535,0.22906652935652091,0.19828380046354643,0.25152215368628883,0.2732689792527204,0.25337707459380604,0.039474773160077234,49,0.6938047109569924,0.6940356334841629,0.672460407239819,0.6983653325206556,0.6958214817824733,0.6908975131968205,0.009362053897625422,31,0.4670051215445341,0.41715938534844216,0.39756223383328576,0.4236469623160342,0.44095921791625914,0.42926658419171104,0.02342752710147906,15,0.8,0.1,0.8,,,,,,
XGB,1.27368483543396,0.05451308617668886,0.07962689399719239,0.011742564037470971,5,,,,200.0,"{'model__colsample_bytree': 0.8, 'model__learning_rate': 0.1, 'model__max_depth': 5, 'model__n_estimators': 200, 'model__subsample': 1.0}",0.3967611336032389,0.3442622950819672,0.3241106719367589,0.35918367346938773,0.3697813121272366,0.35881981724371786,0.02439867401297487,101,0.30370868452438915,0.24130734144877117,0.20083235841917896,0.2594213908434532,0.26171431576450543,0.2533968182000596,0.033304468212187556,48,0.689761914830634,0.6909714366515838,0.6737867647058823,0.6936853808298342,0.6921672536006139,0.6880745501237097,0.007261013790347566,54,0.4586682113890422,0.41735619136811103,0.4080538277565695,0.4320510303172116,0.43796784682545054,0.43081942153127695,0.01747971834596495,9,0.8,0.1,1.0,,,,,,
XGB,2.164873170852661,0.2233625734578666,0.1019249439239502,0.022518651153695834,5,,,,300.0,"{'model__colsample_bytree': 0.8, 'model__learning_rate': 0.1, 'model__max_depth': 5, 'model__n_estimators': 300, 'model__subsample': 0.8}",0.4153225806451613,0.32595573440643866,0.35,0.3671875,0.3889980353634578,0.36949277008301157,0.030859626507756296,58,0.325491998731741,0.21033738413709238,0.22313151341854573,0.2513382230868261,0.2812017286099693,0.2583001695968349,0.04153301138462927,23,0.6863745929716243,0.6904199660633484,0.6730726809954751,0.6974764662061492,0.6921785407919093,0.6879044494057013,0.00822849927683153,56,0.4564535507451512,0.4082785001350323,0.40063335517468235,0.4193178201217631,0.4381680208950647,0.42457024941433874,0.02033434683921377,52,0.8,0.1,0.8,,,,,,
XGB,2.0023560523986816,0.2416839296316301,0.13475069999694825,0.028479039635881245,5,,,,300.0,"{'model__colsample_bytree': 0.8, 'model__learning_rate': 0.1, 'model__max_depth': 5, 'model__n_estimators': 300, 'model__subsample': 1.0}",0.396,0.3422680412371134,0.341747572815534,0.357429718875502,0.373015873015873,0.36209224118880445,0.020482701917259736,88,0.2975156969858607,0.24148609808304453,0.21632890892533044,0.2502169304633491,0.2649932852652116,0.25410818394455925,0.026849320830593205,40,0.6829026937877954,0.6879044117647058,0.6758766968325791,0.6851184026366879,0.6820906135717189,0.6827785637186975,0.003996839114735285,86,0.449139482660947,0.4179746755847306,0.4067982625201678,0.4209107778457851,0.4364413642405319,0.4262529125704325,0.014853623514334634,36,0.8,0.1,1.0,,,,,,
XGB,4.733601236343384,0.4808570581900051,0.3723483085632324,0.04182337280771612,5,,,,500.0,"{'model__colsample_bytree': 0.8, 'model__learning_rate': 0.1, 'model__max_depth': 5, 'model__n_estimators': 500, 'model__subsample': 0.8}",0.40388349514563104,0.3379174852652259,0.34146341463414637,0.36363636363636365,0.3576923076923077,0.36091861327473496,0.023542866999471286,94,0.2954677253709222,0.21596604731631402,0.203602819830232,0.2431225492800924,0.23345673627367047,0.23832317561424618,0.03167825777353252,98,0.6869102493621461,0.6822596153846153,0.6646606334841629,0.6850859519617138,0.6842873831775701,0.6806407666740416,0.008128335933707142,92,0.45412620375966817,0.3967183329827562,0.3937235093512316,0.4071436325819249,0.43120598745106103,0.4165835332253284,0.022932888500111468,92,0.8,0.1,0.8,,,,,,
XGB,4.780423259735107,0.6484401088598454,0.3394157886505127,0.048053215538563857,5,,,,500.0,"{'model__colsample_bytree': 0.8, 'model__learning_rate': 0.1, 'model__max_depth': 5, 'model__n_estimators': 500, 'model__subsample': 1.0}",0.40078585461689586,0.34331337325349304,0.33984375,0.36750483558994196,0.34623217922606925,0.35953599853728,0.022772803175623392,99,0.29619455516905313,0.22904907916382647,0.21613986374997965,0.24799978599383693,0.24204566632378532,0.24628579008009627,0.027267865122439287,71,0.6830746676815945,0.6770234728506788,0.673477092760181,0.6757951826267552,0.6814119711950878,0.6781564774228593,0.0035649092111338823,100,0.45413486578228573,0.40800675363274436,0.4054498122458004,0.4134020049808981,0.43345257890645544,0.42288920310963685,0.01845807643578085,62,0.8,0.1,1.0,,,,,,
XGB,6.052741575241089,0.33068322878470574,0.2858393669128418,0.08211804749460051,7,,,,200.0,"{'model__colsample_bytree': 0.8, 'model__learning_rate': 0.1, 'model__max_depth': 7, 'model__n_estimators': 200, 'model__subsample': 0.8}",0.384,0.3629191321499014,0.3415559772296015,0.3835616438356164,0.3485148514851485,0.3641103209400535,0.017477352854233897,81,0.2823120638053612,0.24906262683138775,0.20768100957022223,0.27277628472743964,0.23319402860590283,0.24900520270806276,0.026952167998285318,67,0.6988187366966916,0.6972355769230769,0.6752856334841628,0.688940527789065,0.688806492392433,0.6898173934570859,0.008354836782669272,40,0.45759814057777864,0.41563653534035117,0.4045105080797712,0.4279958659808076,0.43709940248167034,0.4285680904920758,0.01823100064889712,18,0.8,0.1,0.8,,,,,,
XGB,5.8163354873657225,0.24147719665009904,0.24853897094726562,0.045345731665632896,7,,,,200.0,"{'model__colsample_bytree': 0.8, 'model__learning_rate': 0.1, 'model__max_depth': 7, 'model__n_estimators': 200, 'model__subsample': 1.0}",0.41796875,0.35129740518962077,0.3282442748091603,0.35968379446640314,0.3412698412698413,0.3596928131470051,0.03096767420577601,97,0.31553605483155406,0.23914949500193425,0.1929737068178488,0.2465243280012444,0.22482516990329832,0.24380175091117598,0.04029507901245353,83,0.6799312104424804,0.6778266402714932,0.673129242081448,0.6803227572350896,0.6736548489773805,0.6769729398015782,0.003049104307706554,104,0.4406342348603184,0.40431454185383,0.39954461860071167,0.40857246966049754,0.4239541407213727,0.41540400113934606,0.015038853178253899,95,0.8,0.1,1.0,,,,,,
XGB,9.483875036239624,0.0423181712895215,0.29737057685852053,0.020409134275686233,7,,,,300.0,"{'model__colsample_bytree': 0.8, 'model__learning_rate': 0.1, 'model__max_depth': 7, 'model__n_estimators': 300, 'model__subsample': 0.8}",0.383399209486166,0.37281553398058254,0.352059925093633,0.36952380952380953,0.36259541984732824,0.36807877958630386,0.010449033058737798,65,0.27661466876818386,0.2554741400641998,0.2162754650329615,0.244832630446238,0.23680489167035257,0.24600035919638713,0.01998238234531746,74,0.693050563144021,0.6899406108597285,0.675316742081448,0.6845639193643054,0.679854338796334,0.6845452348491674,0.0064594214191678115,80,0.4529872629352104,0.4107006684077278,0.4047297112269703,0.41901434312327523,0.42612698610919664,0.422711794360476,0.016790242036521266,64,0.8,0.1,0.8,,,,,,
XGB,8.323518705368041,0.09183590930230029,0.2913719654083252,0.012652161485957549,7,,,,300.0,"{'model__colsample_bytree': 0.8, 'model__learning_rate': 0.1, 'model__max_depth': 7, 'model__n_estimators': 300, 'model__subsample': 1.0}",0.3930635838150289,0.3431952662721893,0.3365570599613153,0.3682170542635659,0.3379721669980119,0.35580102626202226,0.02186211148670757,105,0.2788602744144838,0.22415985927352025,0.20834274929113178,0.24963480545351013,0.2214522049226318,0.23648997867105556,0.025053787889094185,102,0.6797676942811631,0.6757847850678733,0.6735817307692309,0.6714735992595602,0.6678870942254729,0.6736989807206601,0.003998098520190413,105,0.44421554036609207,0.4033715064778076,0.4012336181783323,0.4015567346413117,0.4182626862017462,0.41372801717305807,0.01650187705767659,99,0.8,0.1,1.0,,,,,,
XGB,14.274180221557618,0.116125797135424,0.37198076248168943,0.07538563868981243,7,,,,500.0,"{'model__colsample_bytree': 0.8, 'model__learning_rate': 0.1, 'model__max_depth': 7, 'model__n_estimators': 500, 'model__subsample': 0.8}",0.3742911153119093,0.37969924812030076,0.34798534798534797,0.37453183520599254,0.35294117647058826,0.3658897446188278,0.012839034092135522,71,0.24820983795340631,0.252315880768522,0.20370401580514325,0.24507457579214922,0.22258147847654752,0.23437715775915366,0.018480017663438243,105,0.6879956583639926,0.6765073529411765,0.6708738687782805,0.6774953158156124,0.675235055758725,0.6776214503315574,0.005658728675011297,101,0.44242350314830536,0.3976252955637988,0.395066865625558,0.4041838135611098,0.4179857996041026,0.41145705550057493,0.017403455604486633,104,0.8,0.1,0.8,,,,,,
XGB,12.114651155471801,0.33760672830334404,0.27080702781677246,0.02440541331697871,7,,,,500.0,"{'model__colsample_bytree': 0.8, 'model__learning_rate': 0.1, 'model__max_depth': 7, 'model__n_estimators': 500, 'model__subsample': 1.0}",0.38684719535783363,0.35452793834296725,0.32887189292543023,0.34099616858237547,0.3241106719367589,0.3470707734290731,0.022507951422439842,108,0.27249395992488784,0.2295413051760765,0.19444972283537196,0.21100373328320238,0.2015438968358445,0.2218065236110766,0.027945346365027907,108,0.6734962856458182,0.670106052036199,0.6701385746606334,0.6622886473429953,0.6606153212334643,0.667328976183822,0.004982364448871956,108,0.43153488228416054,0.39647897440670304,0.39869909032889245,0.39325480113733213,0.41081782310095577,0.4061571142516088,0.014010792359324889,108,0.8,0.1,1.0,,,,,,
XGB,2.6227293491363524,0.05103024152612969,0.22092604637145996,0.03063264751554155,3,,,,200.0,"{'model__colsample_bytree': 1.0, 'model__learning_rate': 0.01, 'model__max_depth': 3, 'model__n_estimators': 200, 'model__subsample': 0.8}",0.45014245014245013,0.4279835390946502,0.383448275862069,0.4254062038404727,0.4394366197183099,0.42528341773159034,0.022697001766435257,3,0.2741021553766169,0.23849351851096,0.17916299561770166,0.24758688100629006,0.25781336583805403,0.23943178326992456,0.03237168517282286,95,0.6954652457676097,0.6779539027149322,0.6516035067873305,0.6842041401417671,0.6919005937062621,0.6802254778235804,0.015548414010298469,94,0.4446720556234224,0.40455048770493157,0.3742304325260199,0.4160639327289688,0.4100227632480504,0.4099079343662787,0.022574498889613347,106,1.0,0.01,0.8,,,,,,
XGB,2.346558618545532,0.05721328440716365,0.2078843116760254,0.01833251349937941,3,,,,200.0,"{'model__colsample_bytree': 1.0, 'model__learning_rate': 0.01, 'model__max_depth': 3, 'model__n_estimators': 200, 'model__subsample': 1.0}",0.44662921348314605,0.4344262295081967,0.36643356643356645,0.42136498516320475,0.44695898161244696,0.4231625952401122,0.02988388778051943,5,0.267169572642957,0.24660450188350388,0.15891464816509848,0.24313569360284834,0.2685534995834492,0.2368755831755714,0.04033104118489629,100,0.695242525478919,0.6772695135746606,0.6502672511312217,0.6839925053049799,0.6920021784279201,0.6797547947835403,0.016021973985893993,97,0.4485007210958255,0.3940293775821019,0.3771063368197592,0.4087799716011107,0.4201119386443503,0.4097056691486295,0.02417712142468413,107,1.0,0.01,1.0,,,,,,
XGB,2.9513689041137696,0.03080734501755061,0.14667611122131347,0.011975516503705602,3,,,,300.0,"{'model__colsample_bytree': 1.0, 'model__learning_rate': 0.01, 'model__max_depth': 3, 'model__n_estimators': 300, 'model__subsample': 0.8}",0.4555052790346908,0.41761363636363635,0.3570391872278665,0.4186746987951807,0.436950146627566,0.4171565896097881,0.03310293792522808,9,0.2910530804184769,0.23032745635462645,0.154083733845221,0.24257538104017765,0.2614049135014598,0.23588891303199233,0.04574249149309735,103,0.698556546989752,0.6823444570135747,0.6543806561085973,0.6848291683597454,0.6963576233690008,0.683293690368134,0.015766061172153796,84,0.4463517475812584,0.407420951363532,0.38478789627941834,0.4193995333987999,0.4175618381029866,0.415104393345199,0.019894771597565693,96,1.0,0.01,0.8,,,,,,
XGB,2.4187459468841555,0.06763129492954557,0.14751005172729492,0.011709431873447163,3,,,,300.0,"{'model__colsample_bytree': 1.0, 'model__learning_rate': 0.01, 'model__max_depth': 3, 'model__n_estimators': 300, 'model__subsample': 1.0}",0.4573170731707317,0.4253521126760563,0.36046511627906974,0.42232277526395173,0.4434782608695652,0.421787067651875,0.03318513945794391,6,0.29541348115869165,0.2392157133445859,0.15892513914826759,0.24763683768900943,0.26796155012253314,0.24183054429261755,0.045755474371745604,89,0.6967282671515768,0.681566742081448,0.6523939479638009,0.6824433382996974,0.6961177705539753,0.6818500132100996,0.016081190235547112,90,0.4488607451867625,0.39905030485981663,0.38206180343452006,0.41499170112620964,0.42280010495333853,0.4135529319121295,0.022522163788382232,100,1.0,0.01,1.0,,,,,,
XGB,4.854604005813599,0.05924040902934757,0.17145342826843263,0.019865141995930622,3,,,,500.0,"{'model__colsample_bytree': 1.0, 'model__learning_rate': 0.01, 'model__max_depth': 3, 'model__n_estimators': 500, 'model__subsample': 0.8}",0.43980738362760835,0.4147058823529412,0.36716417910447763,0.41139240506329117,0.4225352112676056,0.41112101228318476,0.024076212201776834,16,0.28363712745360076,0.23282269463318314,0.17347534958967467,0.24377807314718924,0.2556518256006184,0.23787301408485323,0.0363809698959988,99,0.6986298473379288,0.6889140271493212,0.6602036199095023,0.6889151316086504,0.701188541243397,0.6875702334497599,0.014562413506999416,58,0.44656883781351525,0.4103833245491862,0.38855376520117074,0.4221657359382146,0.42224153558891375,0.41798263981820016,0.018850015681400087,87,1.0,0.01,0.8,,,,,,
XGB,4.185508489608765,0.03348410399889509,0.14890151023864745,0.006968009129093608,3,,,,500.0,"{'model__colsample_bytree': 1.0, 'model__learning_rate': 0.01, 'model__max_depth': 3, 'model__n_estimators': 500, 'model__subsample': 1.0}",0.43980738362760835,0.41935483870967744,0.36251920122887865,0.41324921135646686,0.42452830188679247,0.4118917873618847,0.026207456996019465,15,0.28363712745360076,0.23838818232924391,0.17390858237377682,0.24544586888004682,0.25925470408320733,0.24012689302397514,0.036538179868302906,94,0.6973513201110783,0.6889338235294117,0.659283088235294,0.6862428890694839,0.6998820488509638,0.6863386339592463,0.014446107251559714,71,0.44095890413904937,0.40835284703763275,0.38588066299577406,0.4166830551467579,0.4190796305089729,0.41419101996563745,0.017788698380758097,97,1.0,0.01,1.0,,,,,,
XGB,4.024045991897583,0.027986829780891443,0.15140042304992676,0.015233894666690301,5,,,,200.0,"{'model__colsample_bytree': 1.0, 'model__learning_rate': 0.01, 'model__max_depth': 5, 'model__n_estimators': 200, 'model__subsample': 0.8}",0.4518167456556082,0.41324921135646686,0.36990595611285265,0.4205298013245033,0.44019138755980863,0.4191386204018479,0.028183522247455305,7,0.29552996891833283,0.24541668884418033,0.1881738064394029,0.2663272994721647,0.2825453742791884,0.2555986275906538,0.03764444703161381,32,0.6997025697410524,0.6910025452488688,0.6618891402714931,0.692299878098334,0.7044194997516817,0.689862726622286,0.014822163024920511,39,0.4571237774306719,0.40742395681708476,0.38403666433623534,0.42548685559418065,0.43138191632348283,0.42109063410033104,0.024427031807926852,77,1.0,0.01,0.8,,,,,,
XGB,3.5366286277770995,0.0324050864588658,0.16685104370117188,0.043819332812821264,5,,,,200.0,"{'model__colsample_bytree': 1.0, 'model__learning_rate': 0.01, 'model__max_depth': 5, 'model__n_estimators': 200, 'model__subsample': 1.0}",0.4416,0.4126984126984127,0.3746031746031746,0.4193011647254576,0.42950819672131146,0.4155421897496713,0.022681616995818332,11,0.28520839732349307,0.24613675228242685,0.19722404497238039,0.2660286177087124,0.27530760088240375,0.2539810826338833,0.031170510125693073,43,0.6981308411214953,0.6915653280542986,0.6615384615384614,0.6895274617364215,0.7017246828299246,0.6884973550561202,0.01417760044291171,47,0.45157653143350696,0.40772258914849563,0.37466046006964987,0.4209457164106457,0.4331274449102759,0.41760654839451483,0.025876889968257,89,1.0,0.01,1.0,,,,,,
XGB,5.104133987426758,0.02283566351368855,0.1722557544708252,0.022874590951786927,5,,,,300.0,"{'model__colsample_bytree': 1.0, 'model__learning_rate': 0.01, 'model__max_depth': 5, 'model__n_estimators': 300, 'model__subsample': 0.8}",0.4271523178807947,0.4078303425774878,0.36577181208053694,0.4208754208754209,0.4075342465753425,0.40583282799791653,0.021412940645078343,19,0.2748849753004997,0.24634806711141077,0.20009513426568143,0.27106008543297205,0.25874791665731023,0.2502272357535748,0.02699218145070316,64,0.7001184082547469,0.6948388009049774,0.6654355203619908,0.693276220145379,0.7051715088717323,0.6917680917077653,0.013816565406385229,24,0.45488058242752966,0.4110703156958437,0.3899885424888685,0.42731508457184714,0.4318354976666408,0.42301800457014604,0.02165700618082409,61,1.0,0.01,0.8,,,,,,
XGB,4.720566844940185,0.041888418501755204,0.14973340034484864,0.012729701624376978,5,,,,300.0,"{'model__colsample_bytree': 1.0, 'model__learning_rate': 0.01, 'model__max_depth': 5, 'model__n_estimators': 300, 'model__subsample': 1.0}",0.43853820598006643,0.4078303425774878,0.35845896147403683,0.4142614601018676,0.4214162348877375,0.4081010410042392,0.026855448240908145,18,0.290184274921246,0.24634806711141077,0.19036710523916084,0.2649306431738648,0.27868381718119234,0.2541027815253749,0.0350591388792449,41,0.7007865691208187,0.692781391402715,0.6644966063348416,0.6917552711183349,0.7059531468689332,0.6911545969691286,0.014320807944304983,29,0.45271931155981066,0.4079168685503401,0.3828031374865716,0.4256758906305036,0.4332191027662872,0.4204668621987026,0.023689797830512737,79,1.0,0.01,1.0,,,,,,
XGB,8.710503578186035,0.17989231992615548,0.34054856300354003,0.1033572488500855,5,,,,500.0,"{'model__colsample_bytree': 1.0, 'model__learning_rate': 0.01, 'model__max_depth': 5, 'model__n_estimators': 500, 'model__subsample': 0.8}",0.4288224956063269,0.38652482269503546,0.34057971014492755,0.41144901610017887,0.4057971014492754,0.3946346291991488,0.030212043421655562,28,0.29313940437545244,0.24198831046108255,0.19086518989352788,0.2764668025123901,0.27331393716656294,0.2551547288818032,0.03614774210840047,35,0.6976092809517767,0.7007607466063348,0.671131221719457,0.6943188744412839,0.7076292947762879,0.6942898836990281,0.012386725297042798,13,0.45345326571511,0.41693841310023994,0.3971793593263133,0.4299500216781768,0.4372811668054707,0.4269604453250622,0.018998308367046017,31,1.0,0.01,0.8,,,,,,
XGB,7.947323226928711,0.3653083284392831,0.6665740013122559,0.6907457696040309,5,,,,500.0,"{'model__colsample_bytree': 1.0, 'model__learning_rate': 0.01, 'model__max_depth': 5, 'model__n_estimators': 500, 'model__subsample': 1.0}",0.4355400696864111,0.3843537414965986,0.3485915492957746,0.40867992766726946,0.41952983725135623,0.39933902507948205,0.030348976952855298,25,0.29908486716956806,0.22730179287972713,0.1920969782523873,0.27636361081749505,0.29001367998025995,0.2569721858198875,0.040817570737115776,26,0.6980956005694873,0.6969216628959275,0.6675933257918553,0.6937150097069844,0.7069351325116258,0.692652146295176,0.013273566403568507,20,0.4484287789107215,0.4161818304077226,0.3852238590740771,0.428890154256745,0.4376338636745523,0.4232716972647637,0.021765210051501147,59,1.0,0.01,1.0,,,,,,
XGB,6.7160392761230465,0.05480587906201087,0.09990239143371582,0.018672497292740318,7,,,,200.0,"{'model__colsample_bytree': 1.0, 'model__learning_rate': 0.01, 'model__max_depth': 7, 'model__n_estimators': 200, 'model__subsample': 0.8}",0.4406779661016949,0.387434554973822,0.36203866432337434,0.40213523131672596,0.40893470790378006,0.40024422492387945,0.02583695156269242,22,0.2980538182810101,0.23846326238313184,0.2085118274862539,0.26309778942018935,0.2614707543373316,0.25391949038158335,0.029630566964746283,45,0.7029066407296203,0.6967081447963801,0.6709375,0.6975046841843876,0.7026149600433427,0.6941343859507462,0.011873931559821213,14,0.4539853090470243,0.41747940364402253,0.3937051934626319,0.4323079188368867,0.437111611813889,0.42691788736089087,0.020286832109148445,34,1.0,0.01,0.8,,,,,,
XGB,6.632683372497558,0.12935457549483517,0.11128649711608887,0.033433443411196986,7,,,,200.0,"{'model__colsample_bytree': 1.0, 'model__learning_rate': 0.01, 'model__max_depth': 7, 'model__n_estimators': 200, 'model__subsample': 1.0}",0.4196277495769882,0.37347294938917974,0.3769100169779287,0.4013961605584642,0.41471571906354515,0.3972245191132212,0.018984548794339806,27,0.27095086770642923,0.2208599392518251,0.21741723131680332,0.25639101523297514,0.261494487106848,0.24542270812297615,0.02199058488554862,76,0.6951494904216179,0.692143665158371,0.6644810520361991,0.6929898076662603,0.6965128222493113,0.688255367506352,0.011987212753059948,49,0.4454333824903739,0.4105199950546828,0.3883629133239269,0.4250837088493411,0.4374980905695699,0.42137961805757895,0.020298488768063536,71,1.0,0.01,1.0,,,,,,
XGB,6.9902690887451175,0.7229934351312952,0.4725059986114502,0.5473275530662589,7,,,,300.0,"{'model__colsample_bytree': 1.0, 'model__learning_rate': 0.01, 'model__max_depth': 7, 'model__n_estimators': 300, 'model__subsample': 0.8}",0.4326241134751773,0.37906137184115524,0.3438077634011091,0.40437158469945356,0.3971119133574007,0.39139534935485915,0.029385636344365234,32,0.30053966995275755,0.23810154233194153,0.2014921366867095,0.2732756572713789,0.26123593169687626,0.2549289875879327,0.033452569785697196,39,0.7020890599230346,0.7000000000000001,0.6735336538461539,0.6990792473700844,0.7041570725540657,0.6957718067386678,0.011256754385226825,5,0.45711182614798185,0.420843700634846,0.39628379760078314,0.4315249518729214,0.44015298834765093,0.42918345292083665,0.020286676141287808,16,1.0,0.01,0.8,,,,,,
XGB,6.787207746505738,0.253853434834596,0.1657496929168701,0.04086651798966726,7,,,,300.0,"{'model__colsample_bytree': 1.0, 'model__learning_rate': 0.01, 'model__max_depth': 7, 'model__n_estimators': 300, 'model__subsample': 1.0}",0.4056437389770723,0.37410071942446044,0.375886524822695,0.3992740471869328,0.4084507042253521,0.3926711469273025,0.014747645111566786,31,0.2649715951968331,0.2307341416462465,0.2285958575227548,0.26568948676140725,0.26785880112086213,0.25156997644962076,0.017923347444492633,59,0.6931013095389126,0.6971252828054298,0.672002262443439,0.6931845117161046,0.698839394555059,0.6908505522117889,0.009684680156964085,32,0.4447541231950473,0.4168264152136092,0.4019889263611971,0.4313052867674842,0.43655779952698714,0.426286510212865,0.01517633822740546,35,1.0,0.01,1.0,,,,,,
XGB,9.552747631072998,0.15603822547913376,0.32030539512634276,0.10222946352711128,7,,,,500.0,"{'model__colsample_bytree': 1.0, 'model__learning_rate': 0.01, 'model__max_depth': 7, 'model__n_estimators': 500, 'model__subsample': 0.8}",0.4218455743879473,0.375,0.3500931098696462,0.3992248062015504,0.37735849056603776,0.3847043962050363,0.024233811918199594,37,0.30669099279116047,0.24906380637690073,0.21188859422661607,0.2887367123258654,0.25127988025813847,0.2615319971957362,0.03317969424467484,7,0.7017733045770428,0.7014748303167421,0.6799660633484164,0.7020308478938102,0.7024428303760891,0.6975375753024201,0.008791500870769322,2,0.4590076556305539,0.42310947389542275,0.4052716978467865,0.4339284018825079,0.4407398290106357,0.4324114116531813,0.017900358098551984,2,1.0,0.01,0.8,,,,,,
XGB,8.826618576049805,0.7390447847971257,0.29469809532165525,0.15312026922185845,7,,,,500.0,"{'model__colsample_bytree': 1.0, 'model__learning_rate': 0.01, 'model__max_depth': 7, 'model__n_estimators': 500, 'model__subsample': 1.0}",0.41911764705882354,0.37218045112781956,0.36531365313653136,0.4,0.3789868667917448,0.38711972362298386,0.019771689643207118,35,0.294938729811561,0.24286460574466334,0.22790282256065458,0.2797696626003311,0.25133436423485855,0.2593620369904137,0.024529423944483233,16,0.6945405336829196,0.6970673076923077,0.6758526583710408,0.6965960652851144,0.697861641609102,0.6923836413280969,0.008338049117633679,21,0.4470863232871077,0.41829604196356523,0.4043590646565688,0.43465031775505586,0.4352816896619444,0.42793468746484836,0.014930350056478988,23,1.0,0.01,1.0,,,,,,
XGB,1.065288257598877,0.14194638149379332,0.08349628448486328,0.016439097854398926,3,,,,200.0,"{'model__colsample_bytree': 1.0, 'model__learning_rate': 0.05, 'model__max_depth': 3, 'model__n_estimators': 200, 'model__subsample': 0.8}",0.4154929577464789,0.38178633975481613,0.34385964912280703,0.40142095914742454,0.3805970149253731,0.3846313841393799,0.024170359299041638,38,0.27685874620810313,0.23236096852219854,0.18508251069688128,0.26165679711729145,0.2514054811263639,0.2414729007341677,0.0316894533987261,91,0.6938427707531611,0.6948741515837104,0.6670192307692309,0.6917580929161588,0.7011306943880085,0.689724988082054,0.011774931725035444,41,0.45262745747568023,0.4121211545230352,0.3906686250905228,0.4245132522928463,0.42672570629638984,0.42133123913569487,0.02021732091410566,73,1.0,0.05,0.8,,,,,,
XGB,1.10037260055542,0.6705313136937398,0.11035003662109374,0.010227112943092306,3,,,,200.0,"{'model__colsample_bytree': 1.0, 'model__learning_rate': 0.05, 'model__max_depth': 3, 'model__n_estimators': 200, 'model__subsample': 1.0}",0.43109540636042404,0.3910806174957118,0.3293310463121784,0.3734290843806104,0.3891891891891892,0.3828250687476228,0.03282857464444541,39,0.29755981465221204,0.23816022208643572,0.16013225304163975,0.22973038489473355,0.2506964530124178,0.23525582553748775,0.04427802433392058,104,0.6917861321379738,0.6923911199095023,0.6624773755656108,0.6905150909747617,0.6995152151338662,0.687336986744343,0.012819898735554575,61,0.44855590530347733,0.4046774509625542,0.384876547515724,0.41786245138282624,0.4270211974778909,0.41659871052849445,0.02135368646810543,91,1.0,0.05,1.0,,,,,,
XGB,1.2512648105621338,0.05881005984406923,0.07438268661499023,0.010886218394901165,3,,,,300.0,"{'model__colsample_bytree': 1.0, 'model__learning_rate': 0.05, 'model__max_depth': 3, 'model__n_estimators': 300, 'model__subsample': 0.8}",0.409683426443203,0.3605313092979127,0.33766233766233766,0.39776951672862454,0.36257309941520466,0.37364393790945655,0.02634413914914466,49,0.287457696773687,0.23154372837667012,0.19501049496997266,0.27172171774034326,0.24475645219224829,0.24609801801058423,0.03222036365792823,73,0.6897435897435897,0.6965087669683258,0.6706589366515837,0.6931055013770373,0.7001487087453158,0.6900331006971705,0.010287288027796986,37,0.4530898836160327,0.4127404259410729,0.39145644631296506,0.42535983135905475,0.429995899804958,0.4225284974068167,0.020293129772172427,67,1.0,0.05,0.8,,,,,,
XGB,0.9066919803619384,0.03784093459608437,0.06844058036804199,0.0076521206107778615,3,,,,300.0,"{'model__colsample_bytree': 1.0, 'model__learning_rate': 0.05, 'model__max_depth': 3, 'model__n_estimators': 300, 'model__subsample': 1.0}",0.4120982986767486,0.3650190114068441,0.33766233766233766,0.37358490566037733,0.3643410852713178,0.37054112773552506,0.024025870109846487,55,0.2957795539603893,0.23786586212093722,0.19501049496997266,0.2465315832011064,0.24474706709446573,0.2439869122693743,0.03201776889556043,82,0.687768709209061,0.6917887443438914,0.6650127262443439,0.6928204997968306,0.6961812610050115,0.6867143881198278,0.01117791657011253,66,0.4510008093645778,0.41116963952602703,0.3884291986942215,0.4241635140175878,0.4321224197845853,0.42137711627739993,0.02093106116110267,72,1.0,0.05,1.0,,,,,,
XGB,1.9580316543579102,0.18178943632025343,0.09537739753723144,0.007859680581264362,3,,,,500.0,"{'model__colsample_bytree': 1.0, 'model__learning_rate': 0.05, 'model__max_depth': 3, 'model__n_estimators': 500, 'model__subsample': 0.8}",0.4121212121212121,0.3658051689860835,0.3281853281853282,0.383399209486166,0.3562753036437247,0.36915724448450293,0.02794499889925131,61,0.3223204581479552,0.255879256592112,0.19708509136110344,0.276511282111511,0.2521795275201598,0.2607951231465683,0.04047153785496218,10,0.6896153141342806,0.7000848416289592,0.6739550339366516,0.6924677750688519,0.6984429319608109,0.6909131793459108,0.009300499784063374,30,0.4549554218030595,0.42512110590751695,0.40191453619634937,0.42696622102054904,0.43300820264095535,0.428393097513686,0.016974759980765863,21,1.0,0.05,0.8,,,,,,
XGB,1.4546675205230712,0.04448538013117335,0.08522372245788574,0.017056333875830824,3,,,,500.0,"{'model__colsample_bytree': 1.0, 'model__learning_rate': 0.05, 'model__max_depth': 3, 'model__n_estimators': 500, 'model__subsample': 1.0}",0.4111776447105788,0.3551020408163265,0.32612966601178783,0.3782696177062374,0.35856573705179284,0.3658489412593447,0.028125171355284393,73,0.3158922902488592,0.2533090832951066,0.20109163371429628,0.2775039985166,0.2483332966461057,0.2592260604841935,0.037625574051199394,17,0.6833636402080603,0.6932183257918553,0.6685308257918552,0.6902526637771457,0.691076628741704,0.685288416862124,0.00900613372626041,78,0.4479689079683559,0.4179040670010862,0.39926926390993256,0.4236200065330365,0.4290082489285991,0.423554098868202,0.015795639076329786,57,1.0,0.05,1.0,,,,,,
XGB,1.4783341884613037,0.049347300346640116,0.07880373001098633,0.014771598265855253,5,,,,200.0,"{'model__colsample_bytree': 1.0, 'model__learning_rate': 0.05, 'model__max_depth': 5, 'model__n_estimators': 200, 'model__subsample': 0.8}",0.40847784200385356,0.35546875,0.33969465648854963,0.398422090729783,0.376,0.37561266784443725,0.025676527946648642,45,0.29828317481329464,0.23584078680706583,0.20737850159078933,0.29470052001776476,0.2720744432418666,0.2616554852941563,0.03508420231963667,6,0.6918974922823191,0.7029920814479638,0.6706829751131222,0.6988591471398257,0.7079777868075308,0.6944818965581523,0.013013765254871166,12,0.45654489002977056,0.4206894213368144,0.3999849113235311,0.43053478782601623,0.44432244641543306,0.4304152913863131,0.019477062122693702,12,1.0,0.05,0.8,,,,,,
XGB,1.3515581130981444,0.02763195600640323,0.09114651679992676,0.017055105328576684,5,,,,200.0,"{'model__colsample_bytree': 1.0, 'model__learning_rate': 0.05, 'model__max_depth': 5, 'model__n_estimators': 200, 'model__subsample': 1.0}",0.4226415094339623,0.3531746031746032,0.3479923518164436,0.3892100192678227,0.3668639053254438,0.3759764778036551,0.027345301489576576,43,0.3083661907889618,0.23911486329880802,0.21850692504412392,0.2738960868668536,0.25480945115916376,0.25893870343158226,0.03069711351643752,20,0.6928292524774109,0.7000381787330318,0.6726795814479639,0.6933735721703012,0.6987773150029346,0.6915395799663285,0.009852282133194463,27,0.4524457062407849,0.4224090305247774,0.39162768638413586,0.43330424184745786,0.43606042096657743,0.4271694171927467,0.020206200631442992,30,1.0,0.05,1.0,,,,,,
XGB,2.230378580093384,0.12236550815160195,0.10703129768371582,0.014020767081348388,5,,,,300.0,"{'model__colsample_bytree': 1.0, 'model__learning_rate': 0.05, 'model__max_depth': 5, 'model__n_estimators': 300, 'model__subsample': 0.8}",0.40545808966861596,0.358974358974359,0.3262135922330097,0.3888888888888889,0.37551020408163266,0.37100902676930125,0.027122507942604623,53,0.29897644173191906,0.24408207331981424,0.19675629335589578,0.2850773429461682,0.2802039789702214,0.2610192260648037,0.036889536772846496,8,0.6878067690052296,0.7067321832579185,0.674577205882353,0.7033288748927716,0.7023073840805453,0.6949504834237636,0.012076696363962636,9,0.45827083686698233,0.42310091766449714,0.40447175389293716,0.43053566395689874,0.44454805500937544,0.43218544547813814,0.018366169357137627,3,1.0,0.05,0.8,,,,,,
XGB,1.9974741458892822,0.1427843881673496,0.11969842910766601,0.014017473853758271,5,,,,300.0,"{'model__colsample_bytree': 1.0, 'model__learning_rate': 0.05, 'model__max_depth': 5, 'model__n_estimators': 300, 'model__subsample': 1.0}",0.4116504854368932,0.3442622950819672,0.33070866141732286,0.37328094302554027,0.3617886178861789,0.36433820056958044,0.0277809762197072,79,0.30526284280388594,0.24130734144877117,0.2076294376444558,0.26134653947774805,0.26094581387292864,0.2552983950495579,0.03172695545032744,34,0.6878645635105228,0.6926908936651583,0.6730033936651583,0.6918540340421688,0.6881899295679264,0.6867205628901869,0.007122160950608383,64,0.44963236592137407,0.41968681618531667,0.395228261114812,0.42552371100411535,0.4317380466947708,0.4243618401840778,0.017691687969802944,53,1.0,0.05,1.0,,,,,,
XGB,4.0632750511169435,0.24072327859546547,0.2272409439086914,0.12076993847083958,5,,,,500.0,"{'model__colsample_bytree': 1.0, 'model__learning_rate': 0.05, 'model__max_depth': 5, 'model__n_estimators': 500, 'model__subsample': 0.8}",0.4117647058823529,0.35785288270377735,0.3449612403100775,0.3903420523138833,0.3709677419354839,0.375177724629115,0.023662096517329406,47,0.30927026044774175,0.24582610134965932,0.2196502992241406,0.292820568269724,0.2691012207320464,0.26733369000466245,0.03208633103107441,1,0.6859714410566528,0.7028011877828055,0.6747511312217194,0.7001571741387873,0.695429251884961,0.6918220372169852,0.010282738538380725,23,0.4552598346223523,0.4210327895905104,0.4092468773839961,0.4266545151200377,0.4447938792245012,0.4313975791882795,0.016549605431218976,8,1.0,0.05,0.8,,,,,,
XGB,3.43235330581665,0.26367336946751596,0.18566451072692872,0.020417492798699904,5,,,,500.0,"{'model__colsample_bytree': 1.0, 'model__learning_rate': 0.05, 'model__max_depth': 5, 'model__n_estimators': 500, 'model__subsample': 1.0}",0.4087301587301587,0.33877551020408164,0.31702544031311153,0.3856858846918489,0.3684210526315789,0.36372760931415593,0.0326592209370564,83,0.3102799011747558,0.2325564886162405,0.18810893576364077,0.28184537118544223,0.2676098090572042,0.2560801011594567,0.04220862778571809,31,0.6817862731001818,0.6876258484162896,0.6745885180995475,0.6941269921892635,0.6839346584495913,0.6844124580509747,0.006454966881216041,82,0.44576235692207195,0.41643026162391156,0.402010599036386,0.4251122150420973,0.4355567294051349,0.4249744324059203,0.01512932448524723,50,1.0,0.05,1.0,,,,,,
XGB,4.018291425704956,0.4701292932510638,0.1666027069091797,0.07722157717466857,7,,,,200.0,"{'model__colsample_bytree': 1.0, 'model__learning_rate': 0.05, 'model__max_depth': 7, 'model__n_estimators': 200, 'model__subsample': 0.8}",0.4116504854368932,0.3575638506876228,0.3416506717850288,0.3843137254901961,0.37721021611001965,0.37447778990195213,0.023873508744298607,48,0.30526284280388594,0.2407567366530103,0.21191899891443017,0.274501952444231,0.26631033676080335,0.25975017351527213,0.03156145020967376,13,0.6938089398232334,0.6981589366515837,0.6828337104072398,0.6975639419386881,0.7020068626123076,0.6948744782866105,0.006557549100058022,10,0.4553685690544832,0.42010541369031995,0.4118969009572369,0.42814207981931035,0.44289263600201656,0.4316811199046734,0.01565075358487726,6,1.0,0.05,0.8,,,,,,
XGB,3.3839998722076414,0.48837009040216056,0.1636383056640625,0.0485207092304476,7,,,,200.0,"{'model__colsample_bytree': 1.0, 'model__learning_rate': 0.05, 'model__max_depth': 7, 'model__n_estimators': 200, 'model__subsample': 1.0}",0.39768339768339767,0.3654223968565815,0.3574144486692015,0.3843137254901961,0.3486973947895792,0.3707062726977912,0.0178992216628403,54,0.2854148114226568,0.2506730123876888,0.22830156038497967,0.274501952444231,0.2383069275547279,0.25543965283885683,0.02151561571164688,33,0.6920680565540379,0.6991925904977375,0.6786906108597286,0.6906787552485438,0.6922942345026863,0.6905848495325468,0.0066437464800822,35,0.450465483424196,0.42318563173029017,0.40655388194048464,0.426206356973536,0.4298165226724728,0.42724557534819585,0.014081783937354155,29,1.0,0.05,1.0,,,,,,
XGB,5.516778421401978,0.20225488506207362,0.16146478652954102,0.03587696558062044,7,,,,300.0,"{'model__colsample_bytree': 1.0, 'model__learning_rate': 0.05, 'model__max_depth': 7, 'model__n_estimators': 300, 'model__subsample': 0.8}",0.41282565130260523,0.3515625,0.33268858800773693,0.36328125,0.376984126984127,0.36746842325889384,0.026936943063054084,67,0.3196944642169284,0.23091555604279426,0.20347053434504395,0.24640758021042733,0.27001429968545076,0.254100486900129,0.039283414376881945,42,0.6871329696508367,0.6926046380090498,0.6817703619909503,0.693376393968125,0.6988097656779086,0.6907388258593741,0.005814011235222278,33,0.4491857654006721,0.41448445014519975,0.4126585170341006,0.42077769554365485,0.43920501329800377,0.4272622882843263,0.014435101349656403,28,1.0,0.05,0.8,,,,,,
XGB,4.98159704208374,0.29921035488203834,0.13655195236206055,0.017313677996829518,7,,,,300.0,"{'model__colsample_bytree': 1.0, 'model__learning_rate': 0.05, 'model__max_depth': 7, 'model__n_estimators': 300, 'model__subsample': 1.0}",0.402321083172147,0.3460764587525151,0.3365570599613153,0.37281553398058254,0.3473053892215569,0.36101510501762335,0.023894557465796145,91,0.2919998274442338,0.2358311982389344,0.20834274929113178,0.2561774319989631,0.23489144810697765,0.2454485310160482,0.02779538322152755,75,0.689846492155453,0.694466911764706,0.6751315045248868,0.6862174928890694,0.6857533071470495,0.6862831416962331,0.0063924268481633595,73,0.4474684981715691,0.41802818566656563,0.40596058541056834,0.41813387071579305,0.42655622923766945,0.4232294738404331,0.013782820317141302,60,1.0,0.05,1.0,,,,,,
XGB,7.648359489440918,0.4931484996130049,0.16179027557373046,0.018388830560296446,7,,,,500.0,"{'model__colsample_bytree': 1.0, 'model__learning_rate': 0.05, 'model__max_depth': 7, 'model__n_estimators': 500, 'model__subsample': 0.8}",0.39447731755424065,0.3468208092485549,0.33587786259541985,0.37093690248565964,0.3699421965317919,0.3636110176831334,0.020481796170660736,85,0.28981584569607977,0.21983806103855322,0.2025769033331425,0.24801017352514707,0.2496136124815172,0.24197091921488795,0.029751545308865465,88,0.685686697396428,0.6901555429864255,0.6775,0.6847219400424398,0.6955378911011784,0.6867204143052943,0.005993772035874032,65,0.44232480422814346,0.40887978244473366,0.40824441632890673,0.41642660076354476,0.43505085515453,0.42218529178397174,0.013969035699215107,68,1.0,0.05,0.8,,,,,,
XGB,6.827203369140625,0.2107865652372515,0.152756929397583,0.019783971361379424,7,,,,500.0,"{'model__colsample_bytree': 1.0, 'model__learning_rate': 0.05, 'model__max_depth': 7, 'model__n_estimators': 500, 'model__subsample': 1.0}",0.3984526112185687,0.3658051689860835,0.3333333333333333,0.3850467289719626,0.3425196850393701,0.36503150550986363,0.024615987538318767,74,0.2871233605643973,0.255879256592112,0.2007547849006524,0.25764953064429547,0.22325890367268286,0.244933167274828,0.02994340779000164,78,0.6828589955033055,0.6863617081447964,0.6725367647058824,0.6808250372477312,0.6783728949388235,0.6801910801081078,0.004636607944705476,95,0.44457265386868194,0.41707948695872044,0.4007110367679849,0.41331850711500606,0.4262015290180954,0.4203766427456978,0.01460685337562771,81,1.0,0.05,1.0,,,,,,
XGB,0.9325007915496826,0.07309725770856686,0.08369250297546386,0.013075464951815148,3,,,,200.0,"{'model__colsample_bytree': 1.0, 'model__learning_rate': 0.1, 'model__max_depth': 3, 'model__n_estimators': 200, 'model__subsample': 0.8}",0.39299610894941633,0.3445544554455445,0.3346153846153846,0.3865877712031558,0.3705179282868526,0.36585432970007076,0.02288168377730693,72,0.28249219969985023,0.2274335795408901,0.20376570258511276,0.27974136919578935,0.26346715234129886,0.25138000067258826,0.03085121668804266,60,0.681536769991965,0.7009544683257918,0.6685364819004526,0.6964479208993635,0.6980281276807079,0.6891007537596561,0.012282447204507848,46,0.4459680242943559,0.4256089582027631,0.39472749807763274,0.42802942259405047,0.4325634841815363,0.4253794774700677,0.016864856501063914,47,1.0,0.1,0.8,,,,,,
XGB,0.7359264850616455,0.0675544336131941,0.06931281089782715,0.006717778571536187,3,,,,200.0,"{'model__colsample_bytree': 1.0, 'model__learning_rate': 0.1, 'model__max_depth': 3, 'model__n_estimators': 200, 'model__subsample': 1.0}",0.4161849710982659,0.3453815261044177,0.3359073359073359,0.3683168316831683,0.35129740518962077,0.3634176139965617,0.028416233522277585,86,0.3079946250127001,0.23411987029475226,0.20680884294734328,0.25824087276016383,0.23994802811381266,0.24942244782575443,0.03361046678475763,66,0.6882085112981209,0.6979850113122172,0.6662005090497738,0.6921291593299923,0.6964098266287416,0.6881866035237691,0.011511409730159756,50,0.45599279211752053,0.42006670082693975,0.3912595060608829,0.42350979030771485,0.43765219285499635,0.4256961964336109,0.021369074836419553,43,1.0,0.1,1.0,,,,,,
XGB,1.3048005104064941,0.07551377762523985,0.08059124946594239,0.014190453871982228,3,,,,300.0,"{'model__colsample_bytree': 1.0, 'model__learning_rate': 0.1, 'model__max_depth': 3, 'model__n_estimators': 300, 'model__subsample': 0.8}",0.3944223107569721,0.34274193548387094,0.3333333333333333,0.36327345309381237,0.3625254582484725,0.3592592981832922,0.021015221238042385,100,0.293834154742835,0.232442123158038,0.2094261568567175,0.2551177681343177,0.26277529291901597,0.2507190991621848,0.02850530845456692,63,0.6804555898563596,0.6976300904977375,0.6699872737556561,0.6936712718407151,0.6970038150706579,0.6877496082042253,0.010835438191644032,57,0.44360312420715664,0.42383730135128184,0.3972720896270905,0.423476995594631,0.439983739723366,0.42563465010070517,0.016377320945914542,44,1.0,0.1,0.8,,,,,,
XGB,1.0380969524383545,0.04493651101674774,0.09784278869628907,0.0230900432494718,3,,,,300.0,"{'model__colsample_bytree': 1.0, 'model__learning_rate': 0.1, 'model__max_depth': 3, 'model__n_estimators': 300, 'model__subsample': 1.0}",0.3976143141153082,0.3558282208588957,0.3254901960784314,0.3709677419354839,0.3481781376518219,0.3596157221279882,0.024010316030408225,98,0.29704282302639723,0.25512428996488024,0.19953200771388047,0.2691012207320464,0.2418926731621302,0.25253860291986696,0.03220144918886584,53,0.6882085112981209,0.6973048642533938,0.6665031108597285,0.6884636439568379,0.6929700550814936,0.6866900370899149,0.010630866545559238,68,0.451664238322218,0.4237735506901216,0.39608785779447186,0.4232566227134287,0.4363393609945795,0.42622432610296396,0.018289468828936242,38,1.0,0.1,1.0,,,,,,
XGB,1.9647139072418214,0.024674987297768444,0.0840749740600586,0.012767017830313908,3,,,,500.0,"{'model__colsample_bytree': 1.0, 'model__learning_rate': 0.1, 'model__max_depth': 3, 'model__n_estimators': 500, 'model__subsample': 0.8}",0.40480961923847697,0.3422680412371134,0.32612966601178783,0.35390946502057613,0.3775933609958506,0.360942030500761,0.027610533216448827,93,0.3095343504221136,0.24148609808304453,0.20109163371429628,0.25636063225977734,0.2904274530530336,0.259780033506453,0.03796167811078363,12,0.6772430611353097,0.7028040158371041,0.6700127262443438,0.6896756061221726,0.6973339654160459,0.6874138749509953,0.012219864886356782,59,0.4358444227190258,0.4237215548368398,0.40295761032606864,0.4193478884482268,0.4412994780257106,0.4246341908711743,0.013431702319454649,51,1.0,0.1,0.8,,,,,,
XGB,1.650853681564331,0.10694634149377891,0.09945006370544433,0.02241245294406162,3,,,,500.0,"{'model__colsample_bytree': 1.0, 'model__learning_rate': 0.1, 'model__max_depth': 3, 'model__n_estimators': 500, 'model__subsample': 1.0}",0.40160642570281124,0.345679012345679,0.32741617357001973,0.36947791164658633,0.3548387096774194,0.35980364658850317,0.024956634571357078,96,0.30633718888438993,0.24491802777204116,0.20423764522722626,0.2654962896470255,0.2486290557914703,0.25392364146443064,0.0330422096010869,44,0.6853328822542676,0.692654128959276,0.6665342194570135,0.6825491557180912,0.684355106325342,0.682285098542798,0.008593609575915878,88,0.44610446833306616,0.42088277935202134,0.3966099245871979,0.41599336049319363,0.43377409609087125,0.4226729257712701,0.01672946153656738,66,1.0,0.1,1.0,,,,,,
XGB,1.4931070804595947,0.020298457918582126,0.08187389373779297,0.016960192372801917,5,,,,200.0,"{'model__colsample_bytree': 1.0, 'model__learning_rate': 0.1, 'model__max_depth': 5, 'model__n_estimators': 200, 'model__subsample': 0.8}",0.4140625,0.3693516699410609,0.3300970873786408,0.39453125,0.3501006036217304,0.3716286221882864,0.03006217831563191,52,0.3106061820988153,0.2556311502550281,0.20164944724825445,0.28585272322161714,0.24176533575931072,0.2591009677166051,0.03736759158377248,19,0.686875008810138,0.6977785633484164,0.6673529411764707,0.6940169420741342,0.6938462233057926,0.6879739357429904,0.01089555383205232,55,0.4546562799323438,0.4174627861294016,0.4082140631531498,0.4237070302523074,0.43833577532474777,0.4284751869583901,0.01635360669996011,19,1.0,0.1,0.8,,,,,,
XGB,1.3296203136444091,0.034413992291742676,0.0793330192565918,0.011438020436185177,5,,,,200.0,"{'model__colsample_bytree': 1.0, 'model__learning_rate': 0.1, 'model__max_depth': 5, 'model__n_estimators': 200, 'model__subsample': 1.0}",0.40239043824701193,0.358148893360161,0.32475247524752476,0.37773359840954274,0.34285714285714286,0.36117650962427666,0.026997040729803735,90,0.3039218488110228,0.2511274867000396,0.20241676357440858,0.2717798434749738,0.23863880271668506,0.25357694905542594,0.033800789804294504,47,0.6873134012771176,0.688283371040724,0.6695574095022625,0.6899422660165244,0.6903923427694253,0.6850977581212108,0.007849350582189574,79,0.4489602632218238,0.42070662748638643,0.4032666284420406,0.4201854096270861,0.4415235731964922,0.4269285003947658,0.01638584683958559,33,1.0,0.1,1.0,,,,,,
XGB,2.164160060882568,0.12699928678885192,0.12704229354858398,0.01861129989188284,5,,,,300.0,"{'model__colsample_bytree': 1.0, 'model__learning_rate': 0.1, 'model__max_depth': 5, 'model__n_estimators': 300, 'model__subsample': 0.8}",0.3912175648702595,0.3406813627254509,0.31968810916179335,0.38596491228070173,0.3448275862068966,0.3564759070490204,0.0276227344770351,104,0.2906132488621348,0.22734490539435165,0.189990828145504,0.2742751305701378,0.23850323108631025,0.2441454688116877,0.03553553146885078,81,0.6861546919270944,0.69202064479638,0.6729666289592761,0.6899112262404622,0.6924776513612352,0.6867061686568896,0.007223643693366853,67,0.4541557440726225,0.41407083042022413,0.40789427928841177,0.41479298523009756,0.43649115286570894,0.425480998375413,0.017304235254439686,45,1.0,0.1,0.8,,,,,,
XGB,1.9478933334350585,0.07897592823462601,0.1123997688293457,0.013179573727711457,5,,,,300.0,"{'model__colsample_bytree': 1.0, 'model__learning_rate': 0.1, 'model__max_depth': 5, 'model__n_estimators': 300, 'model__subsample': 1.0}",0.3722772277227723,0.34146341463414637,0.3359073359073359,0.37328094302554027,0.3481781376518219,0.35422141178832334,0.015645902013566422,106,0.2633553051734803,0.2342285409692835,0.20680884294734328,0.26134653947774805,0.2418926731621302,0.2415263803459971,0.02063027241775655,90,0.6801271479116449,0.6850989819004526,0.669635180995475,0.6860848683913494,0.6853243938778274,0.6812541146153499,0.006179903432469786,91,0.4448157154427728,0.41248810075394127,0.40452545969456943,0.41562687878577875,0.43696735127577535,0.42288470119056754,0.015343516249931273,63,1.0,0.1,1.0,,,,,,
XGB,3.708673906326294,0.09470337886905102,0.11907610893249512,0.010487554127534306,5,,,,500.0,"{'model__colsample_bytree': 1.0, 'model__learning_rate': 0.1, 'model__max_depth': 5, 'model__n_estimators': 500, 'model__subsample': 0.8}",0.3968871595330739,0.36186770428015563,0.3333333333333333,0.33925049309664695,0.3607843137254902,0.35842460079374,0.02233387445234048,102,0.2874004384235716,0.24241760367328233,0.2007547849006524,0.21990476590788785,0.24478604996897524,0.2390527285748739,0.029034708092970193,97,0.6809080785441423,0.6868212669683259,0.6671973981900452,0.6809915233193373,0.6853709535419206,0.6802578441127543,0.006939146133489512,93,0.44629744010773265,0.40916128806421737,0.40242189410579576,0.40149388740169323,0.43250039822976044,0.41837498158183994,0.01790840905597998,86,1.0,0.1,0.8,,,,,,
XGB,3.3157018184661866,0.19555573184567995,0.1601806640625,0.027716134583082294,5,,,,500.0,"{'model__colsample_bytree': 1.0, 'model__learning_rate': 0.1, 'model__max_depth': 5, 'model__n_estimators': 500, 'model__subsample': 1.0}",0.3722772277227723,0.3411764705882353,0.32761904761904764,0.3757115749525617,0.33532934131736525,0.35042273243999644,0.019750728467149887,107,0.2633553051734803,0.21932030599955457,0.19150528086361704,0.25124262760491517,0.21972170808647262,0.22902904554560796,0.02553685336139294,107,0.6722868299009036,0.6716657239819005,0.6676187782805431,0.674490101133234,0.6822669759357081,0.6736656818464579,0.004840000703582921,106,0.44413426420516666,0.4008492348693694,0.4021256664398831,0.4090384510400376,0.43304255468253827,0.41783803424739896,0.017524837361318032,88,1.0,0.1,1.0,,,,,,
XGB,3.4370269775390625,0.11227591074433255,0.1511023998260498,0.02711888491755432,7,,,,200.0,"{'model__colsample_bytree': 1.0, 'model__learning_rate': 0.1, 'model__max_depth': 7, 'model__n_estimators': 200, 'model__subsample': 0.8}",0.39920948616600793,0.3668639053254438,0.35094339622641507,0.3688212927756654,0.3632887189292543,0.3698253598845572,0.015952814596522077,56,0.29660288811593866,0.25404318034296125,0.21748309453935957,0.24325659406641273,0.23837811985404245,0.2499527753837429,0.026176539494970955,65,0.6848775743223241,0.6964550339366516,0.6724476809954751,0.6975949817147502,0.6894061244299967,0.6881562790798397,0.009132694144293817,52,0.4389034724812177,0.41086609684866143,0.40686052483018265,0.4227976110651827,0.4370254593034749,0.42329063290574387,0.013091728945627658,58,1.0,0.1,0.8,,,,,,
XGB,3.15618257522583,0.13203454248344984,0.16024422645568848,0.03577938999404083,7,,,,200.0,"{'model__colsample_bytree': 1.0, 'model__learning_rate': 0.1, 'model__max_depth': 7, 'model__n_estimators': 200, 'model__subsample': 1.0}",0.4087301587301587,0.3708086785009862,0.33904761904761904,0.38783269961977185,0.33532934131736525,0.3683496994431802,0.02816086409320613,64,0.3102799011747558,0.25902373385453475,0.20588078702150928,0.2671892540045954,0.21972170808647262,0.25241907682837356,0.036998878261603106,54,0.6852440760632074,0.6861114253393665,0.6745630656108595,0.6793012664228633,0.6756766671181543,0.6801793001108902,0.004762957109977245,96,0.4470398078188971,0.4124895460444273,0.4115535867545851,0.41159936915206613,0.4229823703796687,0.42113293602992885,0.013652453506232601,75,1.0,0.1,1.0,,,,,,
XGB,5.600865697860717,0.284061859919497,0.1271329402923584,0.015405508664023739,7,,,,300.0,"{'model__colsample_bytree': 1.0, 'model__learning_rate': 0.1, 'model__max_depth': 7, 'model__n_estimators': 300, 'model__subsample': 0.8}",0.390625,0.36046511627906974,0.3619402985074627,0.35984848484848486,0.3705103969754253,0.3686778593220885,0.011626150745655182,63,0.28102694570238296,0.23918086166977823,0.22741196830452276,0.23059495819644882,0.2433359482337083,0.24431013642136823,0.019230375895063313,80,0.6829210188748396,0.6905656108597286,0.6719315610859729,0.6876481443857511,0.6839769854169487,0.6834086641246483,0.006347909271474699,83,0.4363043548863846,0.40970423400676775,0.4074876624200334,0.41356252102923374,0.431195317350222,0.4196508179385283,0.011786093524782376,82,1.0,0.1,0.8,,,,,,
XGB,5.181754302978516,0.3440850538202179,0.13171873092651368,0.03048013918523352,7,,,,300.0,"{'model__colsample_bytree': 1.0, 'model__learning_rate': 0.1, 'model__max_depth': 7, 'model__n_estimators': 300, 'model__subsample': 1.0}",0.3992248062015504,0.37065637065637064,0.3465160075329567,0.3795066413662239,0.3411764705882353,0.3674160592690674,0.021418713086742022,68,0.2888417704219976,0.25056572508542263,0.21125832125682828,0.2560194857929764,0.22002279790626209,0.2453416200926974,0.02769940499001166,77,0.6884410989413738,0.6848161764705881,0.6707777149321267,0.6760166937559258,0.6674849880355773,0.6775073344271183,0.008011536604417469,103,0.44381672262809946,0.40958946158516796,0.4081865948974,0.40802961260084947,0.4180255289027811,0.4175295841228596,0.013651710988136336,90,1.0,0.1,1.0,,,,,,
XGB,6.48755145072937,0.11099299978711728,0.04965677261352539,0.006587767194734058,7,,,,500.0,"{'model__colsample_bytree': 1.0, 'model__learning_rate': 0.1, 'model__max_depth': 7, 'model__n_estimators': 500, 'model__subsample': 0.8}",0.3726235741444867,0.3754646840148699,0.3381818181818182,0.3763837638376384,0.35647279549718575,0.36382532713519977,0.014712222023529049,82,0.24815821064725313,0.24314256338895127,0.1890147048116277,0.24231429460241613,0.2230119199634044,0.22912833868273053,0.021812465036824588,106,0.6787908261795013,0.6843806561085972,0.6683908371040723,0.678149972910741,0.678181012686803,0.6775786609979428,0.0051544507889066974,102,0.43149065115025714,0.40032569572948556,0.40039449234723695,0.40347714076296115,0.4173737961308942,0.41061235522416706,0.012188122863273263,105,1.0,0.1,0.8,,,,,,
XGB,5.852422904968262,0.11909080370218375,0.07650623321533204,0.009451924573940796,7,,,,500.0,"{'model__colsample_bytree': 1.0, 'model__learning_rate': 0.1, 'model__max_depth': 7, 'model__n_estimators': 500, 'model__subsample': 1.0}",0.4076923076923077,0.3719165085388994,0.34782608695652173,0.37407407407407406,0.345489443378119,0.3693996841279844,0.022501684619403568,60,0.2965632516978666,0.24586135966053885,0.21422701799876157,0.2406569688200838,0.21736971652259512,0.24293566293996918,0.02955494657330745,85,0.6845984691504208,0.6784304298642533,0.6697002262443439,0.6699300758499255,0.665336188992731,0.6735990780203348,0.006946459861720364,107,0.4365145074224434,0.406374930939344,0.4058688297865456,0.39716266491520885,0.4135490580170238,0.4118939982161131,0.013361763622786304,102,1.0,0.1,1.0,,,,,,
LGBM,4.195863580703735,0.11453873044938996,0.046615982055664064,0.004144416999269317,-1,,,,200.0,"{'model__learning_rate': 0.01, 'model__max_depth': -1, 'model__min_child_samples': 10, 'model__n_estimators': 200, 'model__num_leaves': 15}",0.436241610738255,0.35555555555555557,0.34856175972927245,0.37184115523465705,0.3894736842105263,0.3803347530936533,0.03132018434239529,47,0.2898037018187029,0.2168737991087974,0.18059490482956797,0.22944086332350558,0.2428967802394517,0.23192200986400507,0.03560284341070818,218,0.6985819201871978,0.6898939479638009,0.657658371040724,0.6912783872861077,0.6925171565307688,0.6859859566017199,0.01447099992336802,132,0.4510942948389642,0.39987518401336075,0.3867938506057882,0.4188634402688812,0.4168910341761128,0.4147035607806214,0.02165736753214887,206,,0.01,,10.0,15.0,,,,
LGBM,8.14232783317566,0.05588667452174729,0.04676532745361328,0.00802420999988311,-1,,,,200.0,"{'model__learning_rate': 0.01, 'model__max_depth': -1, 'model__min_child_samples': 10, 'model__n_estimators': 200, 'model__num_leaves': 31}",0.4277673545966229,0.3510848126232742,0.3399638336347197,0.376425855513308,0.38476190476190475,0.37600075222596596,0.030581638855371025,73,0.3128066840354061,0.23412096629666723,0.18951391739127751,0.2528296580416858,0.264017766663001,0.25065779848560754,0.040144067339613204,108,0.7019720612903679,0.6932282239819004,0.6660859728506787,0.6947379114181227,0.6917637365118063,0.6895575812105752,0.012249181811688438,93,0.4609116860126764,0.40591625222385874,0.39383544616735383,0.42721916036292107,0.4181796283134671,0.4212124346160554,0.02282446898403062,148,,0.01,,10.0,31.0,,,,
LGBM,14.699122333526612,0.23938763075458433,0.10878148078918456,0.05715702603990072,-1,,,,200.0,"{'model__learning_rate': 0.01, 'model__max_depth': -1, 'model__min_child_samples': 10, 'model__n_estimators': 200, 'model__num_leaves': 63}",0.4177449168207024,0.3561643835616438,0.3553113553113553,0.4015594541910331,0.3769230769230769,0.3815406373615623,0.024757844157348077,36,0.29506405063233954,0.2374699952357314,0.2129111594899368,0.29395424948873083,0.25768799877913184,0.25941749072517406,0.031971823484810466,50,0.6999929518895982,0.6938885746606335,0.6722723416289593,0.7006354688699264,0.6890082509368369,0.691159517597191,0.010359771529101947,63,0.45679077492395803,0.40584693599843746,0.39933353729511833,0.44067463383599537,0.4246727868749801,0.42546373378569785,0.021358775750948456,86,,0.01,,10.0,63.0,,,,
LGBM,6.082285070419312,0.05131126719294438,0.058905410766601565,0.01907999922385511,-1,,,,300.0,"{'model__learning_rate': 0.01, 'model__max_depth': -1, 'model__min_child_samples': 10, 'model__n_estimators': 300, 'model__num_leaves': 15}",0.43617021276595747,0.35555555555555557,0.34581105169340465,0.38181818181818183,0.3855855855855856,0.380988117483737,0.031467858278983796,39,0.3050053783518514,0.2168737991087974,0.19236951399628263,0.2443180613084028,0.24616211384628806,0.24094577332232445,0.03763330557872789,169,0.7016267038806896,0.6929270361990951,0.6628803733031674,0.6927541875479706,0.6960951961713847,0.6892566994204614,0.01357347724700608,103,0.4569935313474091,0.4083763040731758,0.3943831443728211,0.422454615710779,0.4161485542719344,0.4196712299552239,0.020881442883799305,166,,0.01,,10.0,15.0,,,,
LGBM,10.581592559814453,0.17874415304764704,0.05469932556152344,0.01325624844431553,-1,,,,300.0,"{'model__learning_rate': 0.01, 'model__max_depth': -1, 'model__min_child_samples': 10, 'model__n_estimators': 300, 'model__num_leaves': 31}",0.4230769230769231,0.35856573705179284,0.3500931098696462,0.37524177949709864,0.38910505836575876,0.3792165215722439,0.025736917317897245,55,0.3159451826497168,0.2475327639360182,0.21188859422661607,0.25775425942132607,0.2774778420314535,0.2621197284530261,0.034316336842753856,29,0.7047645226314825,0.6970319570135747,0.6722030542986425,0.6988083547789967,0.7000979163844869,0.6945811610214367,0.011478594617569697,11,0.4597751216994098,0.40879372085249127,0.39836069489607373,0.4351579049222976,0.4306102900523876,0.42653954648453196,0.021468174209410516,65,,0.01,,10.0,31.0,,,,
LGBM,20.07437973022461,0.1694893029898988,0.06545286178588867,0.007331367573930983,-1,,,,300.0,"{'model__learning_rate': 0.01, 'model__max_depth': -1, 'model__min_child_samples': 10, 'model__n_estimators': 300, 'model__num_leaves': 63}",0.39846743295019155,0.3611111111111111,0.3514018691588785,0.39920948616600793,0.3742690058479532,0.37689178104682847,0.019335112196525193,64,0.2835020337464615,0.2491447015562457,0.21480598455493471,0.29650258485168873,0.2595157913811931,0.2606942192181047,0.02843570144659323,41,0.6971821654614397,0.6985279977375565,0.6763532239819005,0.7008668562914805,0.6876862386563727,0.69212329642575,0.009071326920273388,46,0.45902428316112853,0.41191663429904657,0.4084113443691996,0.43711529682651307,0.432176153454389,0.4297287424220554,0.018387399867602548,26,,0.01,,10.0,63.0,,,,
LGBM,8.495564842224121,0.08803648090889693,0.04647760391235352,0.0029749387818802033,-1,,,,500.0,"{'model__learning_rate': 0.01, 'model__max_depth': -1, 'model__min_child_samples': 10, 'model__n_estimators': 500, 'model__num_leaves': 15}",0.4406779661016949,0.34285714285714286,0.34065934065934067,0.38817005545286504,0.3908918406072106,0.38065126913565084,0.03685744463418877,43,0.33038177715770695,0.21067262240747334,0.1944968721203497,0.25775830111381687,0.27035006035716025,0.2527319266313014,0.04801139241655024,95,0.6973245372915521,0.6989295814479638,0.6724830316742081,0.6926526028263128,0.7009134159555735,0.6924606338391219,0.010354668568528116,37,0.45569808325515676,0.4213904369133702,0.39528969431907285,0.4253657531603317,0.4285730665079379,0.4252634068311739,0.01923880031978046,90,,0.01,,10.0,15.0,,,,
LGBM,16.525191831588746,0.18666953062842467,0.13903522491455078,0.09006520111033495,-1,,,,500.0,"{'model__learning_rate': 0.01, 'model__max_depth': -1, 'model__min_child_samples': 10, 'model__n_estimators': 500, 'model__num_leaves': 31}",0.42147117296222664,0.3524590163934426,0.3650190114068441,0.38188976377952755,0.3764705882352941,0.379461910555467,0.023312546996857787,52,0.32723477809558227,0.25173691262148873,0.23786586212093722,0.2730093161536945,0.26459665161914575,0.2708887041221697,0.03058191028641036,4,0.6998294357282813,0.6953718891402715,0.6804383484162896,0.6983498126326244,0.701123639893449,0.695022625162183,0.007539510575098864,7,0.45738806953722194,0.4179033341277629,0.4106918309617471,0.4326651923468834,0.4409449948163757,0.4319186843579982,0.016599581219164775,9,,0.01,,10.0,31.0,,,,
LGBM,33.596888589859006,0.36360620157811696,0.35884885787963866,0.10679419597500808,-1,,,,500.0,"{'model__learning_rate': 0.01, 'model__max_depth': -1, 'model__min_child_samples': 10, 'model__n_estimators': 500, 'model__num_leaves': 63}",0.41325536062378165,0.34959349593495936,0.3549618320610687,0.3903420523138833,0.3742690058479532,0.37648434935632924,0.02338968873758438,69,0.30881446106710725,0.2445525641948087,0.22658489462137668,0.292820568269724,0.2595157913811931,0.26645765590684195,0.030354445177503825,14,0.6959191440774727,0.6997582013574661,0.6845630656108598,0.6993924669285295,0.6878103977606211,0.6934886551469899,0.0061964221158934815,21,0.45820852607516377,0.417850713599367,0.4176201822990646,0.43522281578535454,0.43529602041631493,0.432839651635053,0.014910355593490533,5,,0.01,,10.0,63.0,,,,
LGBM,3.0626880645751955,0.04645224762805827,0.03556623458862305,0.0021078638361062643,-1,,,,200.0,"{'model__learning_rate': 0.01, 'model__max_depth': -1, 'model__min_child_samples': 20, 'model__n_estimators': 200, 'model__num_leaves': 15}",0.436241610738255,0.36229205175600737,0.34576271186440677,0.37454545454545457,0.3957968476357268,0.3829277353079701,0.03125801145146426,27,0.2898037018187029,0.2247205401151183,0.17752307298182968,0.23517009669217298,0.2503519486556524,0.23551387205269525,0.036461215300612346,199,0.6990583724503461,0.6903634049773756,0.6576032239819004,0.6907507110930515,0.6925326764188,0.6860616777842947,0.014568207704502779,129,0.45008105265030396,0.4011549906335165,0.3897767898760053,0.41843389972249034,0.41862665599594784,0.41561467777565275,0.020404068347014817,202,,0.01,,20.0,15.0,,,,
LGBM,6.7305908203125,0.03596192362053649,0.03838534355163574,0.0027706989489920163,-1,,,,200.0,"{'model__learning_rate': 0.01, 'model__max_depth': -1, 'model__min_child_samples': 20, 'model__n_estimators': 200, 'model__num_leaves': 31}",0.43333333333333335,0.34714003944773175,0.3376146788990826,0.37764932562620424,0.3856332703213611,0.3762741295255426,0.033730062992327565,70,0.31529090447245117,0.22914041278509376,0.19127115070497702,0.2593266022356518,0.26236691479516566,0.2514791969986679,0.04092942290610303,99,0.7019650131799665,0.6983837669683258,0.6649462669683258,0.6936501083570364,0.6916268793173506,0.690114406958201,0.01309231232723442,84,0.45808813878223553,0.40886885611207135,0.39206383352952834,0.4343831149948977,0.4182290562923455,0.4223265999422157,0.02252990447974004,135,,0.01,,20.0,31.0,,,,
LGBM,13.163388776779176,0.14813205739020982,0.043004846572875975,0.003846922118885682,-1,,,,200.0,"{'model__learning_rate': 0.01, 'model__max_depth': -1, 'model__min_child_samples': 20, 'model__n_estimators': 200, 'model__num_leaves': 63}",0.4177449168207024,0.36186770428015563,0.36363636363636365,0.4030131826741996,0.3795066413662239,0.38515376175552907,0.021992140265507523,20,0.29506405063233954,0.24241760367328233,0.22765131529593086,0.28288900433237596,0.2560194857929764,0.260808291945381,0.024986196360211873,38,0.7026881493071707,0.6903351244343892,0.669044117647059,0.7028026095986274,0.6896967696058514,0.6909133541186195,0.012329461698668704,71,0.45830080138123486,0.4026989015142447,0.3980325341009445,0.44199373687277205,0.42370867330837586,0.42494692943551443,0.02290837016647832,96,,0.01,,20.0,63.0,,,,
LGBM,5.1122535228729244,0.09082791855153693,0.0405271053314209,0.002876000187416092,-1,,,,300.0,"{'model__learning_rate': 0.01, 'model__max_depth': -1, 'model__min_child_samples': 20, 'model__n_estimators': 300, 'model__num_leaves': 15}",0.43462897526501765,0.35887850467289717,0.33747779751332146,0.3833634719710669,0.379746835443038,0.37881911697306825,0.03238204693978873,57,0.30201102255442286,0.224202716035849,0.18078715189477998,0.24451344943771025,0.23996342638345527,0.2382955532612435,0.03900494673666643,184,0.7017859911757657,0.6920899321266969,0.6616713800904978,0.6926906970969342,0.6961022506659443,0.6888680502311677,0.014027536297783335,106,0.4559914238216886,0.4079217183198475,0.3914222419117675,0.42115664943898434,0.4143929376432972,0.41817699422711707,0.021326584210153734,175,,0.01,,20.0,15.0,,,,
LGBM,10.147497320175171,0.11989846014945939,0.043749237060546876,0.0023209542791597076,-1,,,,300.0,"{'model__learning_rate': 0.01, 'model__max_depth': -1, 'model__min_child_samples': 20, 'model__n_estimators': 300, 'model__num_leaves': 31}",0.42748091603053434,0.37181996086105673,0.3465160075329567,0.37375745526838966,0.3794466403162055,0.3798041960018286,0.02638792168619429,51,0.3186119328183489,0.25721441902456765,0.21125832125682828,0.26674707961973965,0.27151345642646657,0.2650690418291902,0.03425923587508846,19,0.7048660154212656,0.7009558823529412,0.6739097850678734,0.6964408664048037,0.700162817734435,0.6952670733962638,0.011008924586339515,5,0.46231704561460196,0.413286850070695,0.396546974031466,0.43431206599839356,0.4244126109894142,0.4261751093409142,0.021997680107808677,71,,0.01,,20.0,31.0,,,,
LGBM,22.225837087631227,0.36363197083444543,1.3776639461517335,0.264494111512442,-1,,,,300.0,"{'model__learning_rate': 0.01, 'model__max_depth': -1, 'model__min_child_samples': 20, 'model__n_estimators': 300, 'model__num_leaves': 63}",0.4120982986767486,0.3735408560311284,0.35877862595419846,0.4069097888675624,0.375,0.38526551390592756,0.020653699855345004,19,0.2957795539603893,0.25712887140986096,0.23138649287902352,0.2947472268538234,0.2611995088396235,0.2680483307885441,0.024462555483129544,10,0.6993078755585628,0.6949307126696833,0.6741982466063349,0.700262991557181,0.6914533387511851,0.6920306330285894,0.009460102767976113,47,0.46082993291294017,0.409452518214175,0.40701738811841315,0.43729684159055715,0.42898552016432145,0.4287164402000814,0.019732813574296525,33,,0.01,,20.0,63.0,,,,
LGBM,8.822004890441894,0.1719534854084303,0.06166849136352539,0.004531556288937694,-1,,,,500.0,"{'model__learning_rate': 0.01, 'model__max_depth': -1, 'model__min_child_samples': 20, 'model__n_estimators': 500, 'model__num_leaves': 15}",0.43018867924528303,0.34296724470134876,0.33766233766233766,0.3780718336483932,0.39399624765478425,0.3765772685824294,0.03412870775087446,67,0.3178612446754708,0.21498643896979158,0.19501049496997266,0.252851431514437,0.2702159937491613,0.25018512077576666,0.043061791334795145,110,0.6970454321196488,0.6967449095022625,0.6726640271493213,0.6944966477041853,0.7001190798681656,0.6922140192687166,0.00993754581341273,39,0.4557243208457752,0.4138406540490506,0.3946889552566428,0.4256868007398028,0.4250372477761289,0.4229955957334801,0.019837637093442908,124,,0.01,,20.0,15.0,,,,
LGBM,16.384465169906616,0.08593589275138584,0.20730762481689452,0.05831698322230235,-1,,,,500.0,"{'model__learning_rate': 0.01, 'model__max_depth': -1, 'model__min_child_samples': 20, 'model__n_estimators': 500, 'model__num_leaves': 31}",0.4388349514563107,0.3481781376518219,0.38330170777988615,0.37375745526838966,0.38415841584158417,0.38564613359959854,0.029603889522668167,17,0.339545753819259,0.2410304524728666,0.26017899094440755,0.26674707961973965,0.2782783480835726,0.2771561249879691,0.033452535601540795,1,0.7017070523392679,0.7016473416289594,0.6845347850678732,0.6968937649555285,0.7003843288636056,0.6970334545710468,0.0064899165009277265,1,0.46310324960795535,0.41615880119242127,0.41009927427764786,0.43805857825919164,0.4316288538728641,0.43180975144201605,0.018626114197024927,10,,0.01,,20.0,31.0,,,,
LGBM,31.302902269363404,0.388301561363115,0.693010663986206,0.32539977049972374,-1,,,,500.0,"{'model__learning_rate': 0.01, 'model__max_depth': -1, 'model__min_child_samples': 20, 'model__n_estimators': 500, 'model__num_leaves': 63}",0.4186046511627907,0.3693516699410609,0.3553875236294896,0.38247011952191234,0.3853564547206166,0.38223408379517404,0.021068068080111423,30,0.3132766128351632,0.2556311502550281,0.22373413418213856,0.27860100803649196,0.26903959198978633,0.26805649945972165,0.029243369000148133,9,0.696153141342806,0.6981320701357466,0.6831023755656109,0.701040396857646,0.6919542078649148,0.6940764383533449,0.00623203785010394,17,0.46083701771535135,0.41592642591950235,0.41566205037590903,0.4365689383040647,0.4355886533298855,0.4329166171289426,0.016651814720919523,3,,0.01,,20.0,63.0,,,,
LGBM,3.2931949138641357,0.15864165379403966,0.1800520896911621,0.044841765086582885,-1,,,,200.0,"{'model__learning_rate': 0.01, 'model__max_depth': -1, 'model__min_child_samples': 30, 'model__n_estimators': 200, 'model__num_leaves': 15}",0.43594009983361065,0.35294117647058826,0.34517766497461927,0.38181818181818183,0.3929824561403509,0.3817719158474702,0.03234260731764695,34,0.2872997914132394,0.2111362242713369,0.17630970394068055,0.2443180613084028,0.24732036626098913,0.23327682943892974,0.03734453087900885,213,0.698815917452531,0.6889451357466063,0.6546337669683258,0.691885073818231,0.6912487584089575,0.6851057304789304,0.015588117962816282,150,0.45212235241613186,0.3988044209094113,0.38612205610187034,0.41979786958523435,0.41707668838359285,0.4147846774792482,0.02236694812901519,204,,0.01,,30.0,15.0,,,,
LGBM,7.209304618835449,0.44739842446784184,0.0660883903503418,0.030354625133542885,-1,,,,200.0,"{'model__learning_rate': 0.01, 'model__max_depth': -1, 'model__min_child_samples': 30, 'model__n_estimators': 200, 'model__num_leaves': 31}",0.4264705882352941,0.34782608695652173,0.3285198555956679,0.38022813688212925,0.3853564547206166,0.3736802244780459,0.03368657702921446,79,0.304184234449041,0.230783809046843,0.17455045838622968,0.25761619002932235,0.26903959198978633,0.24723485678024448,0.04331306711807969,127,0.7014166701907218,0.6988489819004524,0.6635378959276017,0.6947223915300916,0.6895697887037788,0.6896191456505293,0.013642936664824135,91,0.45862807202388944,0.4073681002940849,0.3848314327647283,0.4343554650242001,0.416678738989005,0.4203723618191816,0.024919622164018385,160,,0.01,,30.0,31.0,,,,
LGBM,13.506151914596558,0.16738547853108862,0.14829025268554688,0.07075682529550217,-1,,,,200.0,"{'model__learning_rate': 0.01, 'model__max_depth': -1, 'model__min_child_samples': 30, 'model__n_estimators': 200, 'model__num_leaves': 63}",0.43223443223443225,0.3688212927756654,0.3584905660377358,0.4029574861367837,0.38721804511278196,0.38994436445947983,0.026079683962401973,4,0.3102196469494628,0.242648012988916,0.22697144998424554,0.2763548749553301,0.26235013110861266,0.2637088231973134,0.028699190624797113,22,0.7043627803385912,0.6941176470588236,0.6652234162895928,0.6933002054268815,0.6896149374689602,0.6893237973165698,0.013006744061305392,102,0.4606942167794108,0.40593365091636835,0.3946479902267833,0.43494365336552016,0.4228508128569517,0.42381406482900685,0.023044783846364825,111,,0.01,,30.0,63.0,,,,
LGBM,5.1509222984313965,0.6840080335101214,0.04167022705078125,0.001522350632396813,-1,,,,300.0,"{'model__learning_rate': 0.01, 'model__max_depth': -1, 'model__min_child_samples': 30, 'model__n_estimators': 300, 'model__num_leaves': 15}",0.431858407079646,0.36059479553903345,0.33451957295373663,0.3811252268602541,0.39568345323741005,0.38075629113401604,0.03279848334560849,41,0.29904640556162093,0.22445568128395535,0.1776106991429719,0.24285980039894914,0.2583010678491474,0.24045473084732896,0.039906396373377354,173,0.6995926192187875,0.6938461538461539,0.6610195135746606,0.6933721612713892,0.6957509368368775,0.6887162769495738,0.014020590987010851,109,0.45841043071623094,0.40473661008579254,0.3880801531128908,0.4221636078228503,0.4141353530922822,0.4175052309660094,0.023388735768632356,184,,0.01,,30.0,15.0,,,,
LGBM,9.584460926055907,0.2120180602106905,0.14954586029052735,0.1880013618637139,-1,,,,300.0,"{'model__learning_rate': 0.01, 'model__max_depth': -1, 'model__min_child_samples': 30, 'model__n_estimators': 300, 'model__num_leaves': 31}",0.4122137404580153,0.35502958579881655,0.35489833641404805,0.37181996086105673,0.3661417322834646,0.3720206711630803,0.02112797366259555,84,0.29939055062714787,0.23910151980824074,0.21542917874375478,0.25795148664442663,0.25310915116128985,0.252996377396972,0.027500351333570646,93,0.7029616159907528,0.6987641402714933,0.6709827488687783,0.6952811074992098,0.6981663957740756,0.6932312016808619,0.01139163095630407,27,0.4599570792509196,0.4074190861686436,0.39457133030470604,0.433042868273663,0.42394151240954175,0.4237863752814948,0.02242959456426161,112,,0.01,,30.0,31.0,,,,
LGBM,19.86297721862793,0.19754650600333576,0.32924766540527345,0.16139185699937308,-1,,,,300.0,"{'model__learning_rate': 0.01, 'model__max_depth': -1, 'model__min_child_samples': 30, 'model__n_estimators': 300, 'model__num_leaves': 63}",0.4153846153846154,0.3735408560311284,0.34285714285714286,0.40373831775700936,0.36435643564356435,0.379975473534692,0.026387910911747647,49,0.30625421717379175,0.25712887140986096,0.21067262240747334,0.28116040916583857,0.2532315039293116,0.2616895248172552,0.03181254202506027,31,0.7045375734765509,0.6938150452488688,0.672975113122172,0.691753860219423,0.688889735428236,0.6903942654990501,0.010190916275877815,80,0.4580206130583563,0.4087215270269379,0.40642542939050924,0.43300282288698466,0.4274716114914409,0.4267284007708458,0.01873809720229419,59,,0.01,,30.0,63.0,,,,
LGBM,7.763503217697144,0.13323850855361352,0.042779970169067386,0.0022732334985222655,-1,,,,500.0,"{'model__learning_rate': 0.01, 'model__max_depth': -1, 'model__min_child_samples': 30, 'model__n_estimators': 500, 'model__num_leaves': 15}",0.43018867924528303,0.3424124513618677,0.3247232472324723,0.3766478342749529,0.3856332703213611,0.3719210964871874,0.036616592067660464,85,0.3178612446754708,0.21789882411231795,0.17689437330473595,0.24971651484533133,0.26236691479516566,0.24494757434660436,0.046915781134393715,144,0.6975543056906444,0.6981518665158372,0.6725183823529411,0.6957721003205563,0.6985614474694117,0.6925116204698781,0.010041929651976221,32,0.454208860387602,0.4116475229742388,0.39309942404606973,0.4250229172730906,0.42312343523384366,0.42142043198296897,0.019942659795717358,145,,0.01,,30.0,15.0,,,,
LGBM,19.15103688240051,0.42995673387144745,0.3425590038299561,0.4060708625118964,-1,,,,500.0,"{'model__learning_rate': 0.01, 'model__max_depth': -1, 'model__min_child_samples': 30, 'model__n_estimators': 500, 'model__num_leaves': 31}",0.4163424124513619,0.3486973947895792,0.35428571428571426,0.36726546906187624,0.36327345309381237,0.3699728887364688,0.024087670595983504,94,0.3119416320421786,0.23749343668691808,0.22504812856536557,0.26017434814115264,0.2551177681343177,0.25795506271398655,0.02976262619763257,58,0.6970101915676408,0.6975296945701358,0.6812330316742081,0.6968824777642331,0.6981000835252156,0.6941510958202866,0.006473340567351861,16,0.45669700857239004,0.41642565647024693,0.407992189949356,0.4297526828842356,0.4328446771339295,0.42874244300203157,0.016622772800827176,32,,0.01,,30.0,31.0,,,,
LGBM,57.76962676048279,0.9504708717391301,0.35785975456237795,0.12250129388413897,-1,,,,500.0,"{'model__learning_rate': 0.01, 'model__max_depth': -1, 'model__min_child_samples': 30, 'model__n_estimators': 500, 'model__num_leaves': 63}",0.43106796116504853,0.37549407114624506,0.37714285714285717,0.38058252427184464,0.3683168316831683,0.3865208490818327,0.022630208617697906,12,0.32975063638629526,0.26572716811245106,0.2537991408811501,0.26597408928899674,0.25824087276016383,0.2746983814858114,0.027910480342193685,2,0.6977883029559775,0.6965073529411765,0.6824137443438913,0.6911866788568333,0.691124599304709,0.6918041356805176,0.0054213094848346655,52,0.4570193499032379,0.41955364542904194,0.415794352322832,0.4273060022329471,0.43281675845240297,0.4304980216680924,0.014525313374810387,18,,0.01,,30.0,63.0,,,,
LGBM,4.4649982929229735,0.12919416064563558,0.17553982734680176,0.13361615191293036,10,,,,200.0,"{'model__learning_rate': 0.01, 'model__max_depth': 10, 'model__min_child_samples': 10, 'model__n_estimators': 200, 'model__num_leaves': 15}",0.43278688524590164,0.34782608695652173,0.35313531353135313,0.38515901060070673,0.39867109634551495,0.3835156785359996,0.031166496642488554,23,0.2796225998606099,0.19997531870271487,0.17960082564230678,0.239563696381753,0.23938821185908826,0.22763013048929456,0.03480081057323674,229,0.6982520686204029,0.6878421945701357,0.65733314479638,0.690728136710461,0.6951117996297802,0.685853468865432,0.014700804508309694,135,0.45462715900396933,0.4076278408961494,0.39065397502023275,0.4197084567725293,0.4175365954251083,0.41803080542359783,0.020976483818050697,177,,0.01,,10.0,15.0,,,,
LGBM,8.872131109237671,0.9290120998130765,0.10301470756530762,0.035463165312260556,10,,,,200.0,"{'model__learning_rate': 0.01, 'model__max_depth': 10, 'model__min_child_samples': 10, 'model__n_estimators': 200, 'model__num_leaves': 31}",0.44833625218914186,0.3649906890130354,0.3493761140819964,0.376865671641791,0.4007220216606498,0.3880581497173229,0.034489135912364834,9,0.3167195754472021,0.23061073012944838,0.19685566991551515,0.24671231533603094,0.2657780843216435,0.25133527502996805,0.039755772844654806,101,0.7034098758122947,0.6922016402714932,0.6637203054298643,0.6962828457266694,0.696553738317757,0.6904336811116156,0.0138331455259876,79,0.45873781977648104,0.40930332203395753,0.3889339080938169,0.429311338478238,0.4252807221101649,0.42231342209853173,0.02309964115781449,136,,0.01,,10.0,31.0,,,,
LGBM,22.324036359786987,0.3505387738669219,0.045335578918457034,0.004117917891119303,10,,,,200.0,"{'model__learning_rate': 0.01, 'model__max_depth': 10, 'model__min_child_samples': 10, 'model__n_estimators': 200, 'model__num_leaves': 63}",0.436036036036036,0.3584905660377358,0.34065934065934067,0.39332096474953615,0.3962962962962963,0.38496064075578895,0.03307675362747024,21,0.3097575537198447,0.22697144998424554,0.1944968721203497,0.2654923136443925,0.26860385013119287,0.25306440792000506,0.03929640845953282,91,0.6997547257580243,0.6861283936651583,0.6643424773755656,0.7013606709106506,0.6995025170436588,0.6902177569506116,0.014054024766642774,82,0.457700276362755,0.4061750385049451,0.39671793262381927,0.4450543931931898,0.4350024399896977,0.42813001613488133,0.02313786970156567,49,,0.01,,10.0,63.0,,,,
LGBM,10.31203327178955,0.5378692838868492,0.18008146286010743,0.16891318950134065,10,,,,300.0,"{'model__learning_rate': 0.01, 'model__max_depth': 10, 'model__min_child_samples': 10, 'model__n_estimators': 300, 'model__num_leaves': 15}",0.4341880341880342,0.36101083032490977,0.33856893542757416,0.3978494623655914,0.39718804920913886,0.3857610623030497,0.033050107030918346,16,0.29211179575657725,0.21540472663704444,0.1768516314235582,0.259904100326545,0.25314186243783093,0.23948282331631116,0.03968835492225184,178,0.7012841657151716,0.6933286199095022,0.6603619909502262,0.6924014628199917,0.699532145920809,0.6893816770631401,0.01491000268332657,98,0.4595754458156336,0.4112694506329746,0.3907410145029302,0.42448974615734486,0.4189990836149927,0.42101494814477525,0.022425591147428935,152,,0.01,,10.0,15.0,,,,
LGBM,21.649721240997316,1.4849592681085235,0.04149446487426758,0.007129228768961483,10,,,,300.0,"{'model__learning_rate': 0.01, 'model__max_depth': 10, 'model__min_child_samples': 10, 'model__n_estimators': 300, 'model__num_leaves': 31}",0.41353383458646614,0.3622641509433962,0.3452157598499062,0.3870967741935484,0.4030131826741996,0.38222474044950333,0.025314996334435912,31,0.29556704664531663,0.2317156277066885,0.20831929578338296,0.26557320216909897,0.28288900433237596,0.2568128353273726,0.032373114523984836,62,0.7025175850354519,0.6932678167420815,0.670518947963801,0.6996167998555239,0.7013409183258839,0.6934524135845483,0.011902801518620677,22,0.4558774886828415,0.40974386505707294,0.39898259668769365,0.4348730747975352,0.4312122736535003,0.4261378597757287,0.019963319170060903,72,,0.01,,10.0,31.0,,,,
LGBM,39.83630027770996,1.264944620452128,0.1709444999694824,0.06987283545775227,10,,,,300.0,"{'model__learning_rate': 0.01, 'model__max_depth': 10, 'model__min_child_samples': 10, 'model__n_estimators': 300, 'model__num_leaves': 63}",0.41404805914972276,0.3520309477756286,0.35094339622641507,0.3984819734345351,0.38961038961038963,0.3810229532393382,0.025355611611226136,38,0.2904156786378001,0.22783160907548317,0.21748309453935957,0.27990377673328276,0.2608257635784849,0.25529198451288215,0.028473220036450787,74,0.6959078671008303,0.688485576923077,0.6722440610859728,0.6999032123346427,0.6989889498397219,0.6911059334568489,0.010249186576180793,65,0.4562247991112163,0.4042728426245299,0.4040676582613955,0.43490612664089856,0.4415883984650382,0.4282119650206157,0.020806195112308017,48,,0.01,,10.0,63.0,,,,
LGBM,16.841768264770508,0.07655784079745988,0.043240690231323244,0.0023856232296288198,10,,,,500.0,"{'model__learning_rate': 0.01, 'model__max_depth': 10, 'model__min_child_samples': 10, 'model__n_estimators': 500, 'model__num_leaves': 15}",0.4312267657992565,0.34535104364326374,0.3333333333333333,0.3948339483394834,0.3828996282527881,0.377528943873625,0.035214862669290706,62,0.31390839440073925,0.2124535533315118,0.1817550610843409,0.26551698982802346,0.25302030269627124,0.24533086026817733,0.045370221715208256,142,0.6980519022849974,0.6977912895927602,0.6692675339366516,0.6931915662106642,0.7024682265565036,0.6921541037163154,0.011813673664287738,45,0.45887686161480673,0.4208059521780345,0.3929522177486384,0.4255036902138604,0.4306550106017809,0.4257587464714242,0.02107912002399856,80,,0.01,,10.0,15.0,,,,
LGBM,31.987560415267943,0.09787567287004958,0.12948985099792482,0.025521554257708707,10,,,,500.0,"{'model__learning_rate': 0.01, 'model__max_depth': 10, 'model__min_child_samples': 10, 'model__n_estimators': 500, 'model__num_leaves': 31}",0.41188118811881186,0.36220472440944884,0.3524904214559387,0.3828125,0.3850687622789784,0.37889151925263553,0.02057823005186317,56,0.31344128345800726,0.2473838143516576,0.22486159946907153,0.27106079459242094,0.276237931326914,0.26659708463961423,0.029726251266873883,13,0.7005271986580398,0.6964748303167422,0.6773345588235293,0.6987674387105514,0.6987928348909657,0.6943793722799657,0.008619120123788467,13,0.46105823511372485,0.421721778728412,0.40744683730760267,0.4363428642001348,0.43766330498422257,0.4328466040668194,0.017889832079742533,4,,0.01,,10.0,31.0,,,,
LGBM,72.97197818756104,1.7713730286686873,0.6178600788116455,0.20571223941078462,10,,,,500.0,"{'model__learning_rate': 0.01, 'model__max_depth': 10, 'model__min_child_samples': 10, 'model__n_estimators': 500, 'model__num_leaves': 63}",0.3930635838150289,0.35129740518962077,0.3531669865642994,0.4015594541910331,0.38113207547169814,0.37604390104633606,0.020505340017734672,72,0.2788602744144838,0.23914949500193425,0.22641309891217737,0.29395424948873083,0.2560281773151706,0.2588810590264994,0.024823133257584503,51,0.6948013137677789,0.6891982466063348,0.6783738687782805,0.6984217684771321,0.6981452322903968,0.6917880859839846,0.0074852800281871145,54,0.45547543190276035,0.4115286880349547,0.4176798685469271,0.43388652891024526,0.4447942431240621,0.4326729521037899,0.016372073828330114,7,,0.01,,10.0,63.0,,,,
LGBM,6.789958810806274,0.07030961726108446,0.03522658348083496,0.0019139942683339285,10,,,,200.0,"{'model__learning_rate': 0.01, 'model__max_depth': 10, 'model__min_child_samples': 20, 'model__n_estimators': 200, 'model__num_leaves': 15}",0.43322475570032576,0.34594594594594597,0.3548922056384743,0.3936731107205624,0.40939597315436244,0.38742639823193414,0.03285810340098417,10,0.27861095281709825,0.19589221284681316,0.18315276496391225,0.2487112502318554,0.2556198571548532,0.23239740760290642,0.036602676018568696,216,0.6982774418178486,0.6895475113122171,0.6574377828054299,0.6906152647975079,0.6960500474062035,0.6863856096278413,0.014836989676234164,126,0.4538903528518317,0.4078464350508975,0.3912081387895293,0.4197830097557649,0.4158254119341785,0.4177106696764404,0.02057428265087394,181,,0.01,,20.0,15.0,,,,
LGBM,13.167183685302735,0.07623298922652458,0.03315868377685547,0.0010059714717808024,10,,,,200.0,"{'model__learning_rate': 0.01, 'model__max_depth': 10, 'model__min_child_samples': 20, 'model__n_estimators': 200, 'model__num_leaves': 31}",0.43902439024390244,0.3687150837988827,0.34234234234234234,0.38589981447124305,0.40714285714285714,0.38862489759984553,0.03295125299355277,7,0.30348004654015664,0.23529126410515647,0.19136061539053542,0.2561592135125773,0.2704951867929875,0.25135726526828267,0.03731974668903535,100,0.7033337562199574,0.6969442873303168,0.6609742647058824,0.6952768748024742,0.696553738317757,0.6906165842752776,0.015082450090084583,75,0.45578126601264635,0.4103237843093294,0.3876547717336774,0.4294974160687809,0.4262823677869073,0.4219079211822683,0.022501600742904592,142,,0.01,,20.0,31.0,,,,
LGBM,25.751117753982545,0.8847521192537485,2.0527270793914796,1.3004133149364014,10,,,,200.0,"{'model__learning_rate': 0.01, 'model__max_depth': 10, 'model__min_child_samples': 20, 'model__n_estimators': 200, 'model__num_leaves': 63}",0.4377224199288256,0.3795620437956204,0.3533697632058288,0.3963963963963964,0.37777777777777777,0.3889656802208898,0.02797535364232843,6,0.308026911553388,0.2422022425762923,0.20869222144415753,0.2597651313446772,0.24531478237193532,0.25280025785809007,0.032287340827402845,94,0.7011347457746577,0.6870305429864254,0.6640540158371041,0.7013197548422051,0.7013451510226196,0.6909768420926024,0.014546975848245875,70,0.45180904120957144,0.4073247385453338,0.3954074743672501,0.43931743998166506,0.43526309564587706,0.42582435794993956,0.02104176571064856,75,,0.01,,20.0,63.0,,,,
LGBM,9.892968940734864,0.07454758913007711,0.03762674331665039,0.0021465140049833696,10,,,,300.0,"{'model__learning_rate': 0.01, 'model__max_depth': 10, 'model__min_child_samples': 20, 'model__n_estimators': 300, 'model__num_leaves': 15}",0.4379310344827586,0.35766423357664234,0.3396880415944541,0.4014336917562724,0.3914590747330961,0.38563521522864475,0.034385696128267224,18,0.2991872701156023,0.21467926046535,0.17621522779629897,0.26441533498470143,0.24965421691861986,0.24083026205611452,0.04218681256201924,171,0.7008556406027544,0.6927856334841629,0.66139564479638,0.6935894397038241,0.6993529617589959,0.6895958640692235,0.014445477944457398,92,0.4564320609593942,0.41028138515055945,0.3902889995527872,0.4246267523577525,0.41854601168625116,0.4200350419413489,0.021577788893319357,165,,0.01,,20.0,15.0,,,,
LGBM,25.99700794219971,1.0910047782185948,0.6807221889495849,0.454419985081723,10,,,,300.0,"{'model__learning_rate': 0.01, 'model__max_depth': 10, 'model__min_child_samples': 20, 'model__n_estimators': 300, 'model__num_leaves': 31}",0.42962962962962964,0.3687150837988827,0.3525046382189239,0.3818525519848771,0.3970037453183521,0.38594112979013306,0.02631546533164379,15,0.31063386222415024,0.23529126410515647,0.21366239229909165,0.2576091731548013,0.27334211154866,0.2581077606663719,0.03312795999092187,57,0.7049111233278358,0.6968537895927601,0.6700678733031675,0.697627432389724,0.7007878459524132,0.6940496129131801,0.012322047125037053,18,0.4586040667400959,0.4072269822159115,0.39534106329089685,0.4376169218541891,0.4270644729551,0.42517070141123875,0.022307259177850564,93,,0.01,,20.0,31.0,,,,
LGBM,54.39237384796142,0.5599669439946832,0.35812745094299314,0.20777656207906944,10,,,,300.0,"{'model__learning_rate': 0.01, 'model__max_depth': 10, 'model__min_child_samples': 20, 'model__n_estimators': 300, 'model__num_leaves': 63}",0.4249084249084249,0.3681214421252372,0.3440453686200378,0.391713747645951,0.38649155722326456,0.3830561081045831,0.026770339923019797,25,0.3010076644718239,0.24108881589924927,0.20947345990707306,0.26867222312364253,0.2607751789920099,0.2562034684787597,0.030318089589238206,68,0.697372464442283,0.6886043552036198,0.6689635180995475,0.7011984175357804,0.7017246828299246,0.6915726876222311,0.012242063862608019,57,0.4532657401258163,0.4062332242828588,0.4014854521851168,0.43765054439236495,0.4387389257197828,0.4274747773411879,0.020110940472940146,55,,0.01,,20.0,63.0,,,,
LGBM,27.32034707069397,0.45730162682308995,0.49352245330810546,0.15686661694343415,10,,,,500.0,"{'model__learning_rate': 0.01, 'model__max_depth': 10, 'model__min_child_samples': 20, 'model__n_estimators': 500, 'model__num_leaves': 15}",0.4436229205175601,0.36259541984732824,0.33454545454545453,0.40148698884758366,0.389413988657845,0.3863329544831543,0.03678775186855424,13,0.3276026545941152,0.23618809113667036,0.18444370855610678,0.2763970715013613,0.26712465643553,0.25835123644475677,0.04722692381572379,56,0.6967141709307735,0.6965412895927603,0.6713800904977374,0.6964987132601923,0.701335274730236,0.69249390780234,0.010716281419519691,36,0.457024650418047,0.413786864066191,0.39466358126189927,0.4289370640819915,0.4298423391533784,0.4248508997963015,0.020544821836316427,97,,0.01,,20.0,15.0,,,,
LGBM,42.2492015838623,0.9924012930518437,0.3478704929351807,0.07121593085852009,10,,,,500.0,"{'model__learning_rate': 0.01, 'model__max_depth': 10, 'model__min_child_samples': 20, 'model__n_estimators': 500, 'model__num_leaves': 31}",0.4280155642023346,0.36328125,0.3629489603024575,0.3722772277227723,0.37328094302554027,0.3799607890506209,0.024415274779438317,50,0.3266663482133428,0.2456912483356089,0.23324125036551555,0.263250241591016,0.26134653947774805,0.2660391255966463,0.03223412815449388,15,0.7011051437109711,0.7013334276018099,0.6772454751131222,0.6963040092103481,0.699516626032778,0.6951009363338059,0.009106675012329934,6,0.46109134398596474,0.4212895109057622,0.4051941942993774,0.43420527512477786,0.43445800894674375,0.43124766665252523,0.01837197381794709,16,,0.01,,20.0,31.0,,,,
LGBM,67.89715738296509,1.1004417944599099,0.7405606746673584,0.36245580214646494,10,,,,500.0,"{'model__learning_rate': 0.01, 'model__max_depth': 10, 'model__min_child_samples': 20, 'model__n_estimators': 500, 'model__num_leaves': 63}",0.4166666666666667,0.3735408560311284,0.3527204502814259,0.3939393939393939,0.3798449612403101,0.38334246563178503,0.021301686205648183,24,0.3022109521018065,0.25712887140986096,0.21775224768968485,0.2735003136234082,0.26429802053064333,0.2629780810710808,0.027317639158896654,23,0.6954722938780113,0.6919471153846153,0.6791600678733032,0.6987970675877014,0.6994869971556277,0.6929727083758518,0.007408750567455996,29,0.45457143378932907,0.4119558066047376,0.41470562457225063,0.43358041102877243,0.441910905895014,0.4313448363780208,0.01617969277477513,13,,0.01,,20.0,63.0,,,,
LGBM,8.918462228775024,0.09947542049663373,0.04334688186645508,0.011418444379258671,10,,,,200.0,"{'model__learning_rate': 0.01, 'model__max_depth': 10, 'model__min_child_samples': 30, 'model__n_estimators': 200, 'model__num_leaves': 15}",0.4292682926829268,0.3489208633093525,0.3554817275747508,0.39649122807017545,0.4059900166389351,0.38723042565522814,0.030595651247917518,11,0.27317488054696737,0.19906692834243103,0.18434480204809936,0.2517439522825266,0.2491181334783158,0.231489739339668,0.03386008920396741,221,0.6977446046714876,0.6875820135746606,0.6559332579185521,0.6902315002934669,0.6962518059506073,0.6855486364817549,0.01527372881837802,144,0.45460935614211917,0.4005354623166122,0.38753676803234327,0.4184898180232981,0.4189188113664527,0.4160180431761651,0.022604012508028726,197,,0.01,,30.0,15.0,,,,
LGBM,14.810669136047363,0.39816733086539846,0.07264971733093262,0.014327177088770958,10,,,,200.0,"{'model__learning_rate': 0.01, 'model__max_depth': 10, 'model__min_child_samples': 30, 'model__n_estimators': 200, 'model__num_leaves': 31}",0.44869565217391305,0.3585951940850277,0.35168738898756663,0.3875685557586837,0.4014466546112116,0.38959868912328055,0.034743143646066996,5,0.31518856440355436,0.22007485942943653,0.19867288939022815,0.25333250749911473,0.2672635647089851,0.2509064770862638,0.04021085181854634,107,0.7019636035578861,0.693477092760181,0.6614691742081449,0.6937658020678135,0.6968091110208136,0.6894969567229678,0.014342287125373205,96,0.4565235735489967,0.40396547024857665,0.3882101826301984,0.4335246463119776,0.4229268216523231,0.42103013887841445,0.023612905242041193,151,,0.01,,30.0,31.0,,,,
LGBM,28.418825101852416,0.9953113518282093,0.98117995262146,1.484576498434088,10,,,,200.0,"{'model__learning_rate': 0.01, 'model__max_depth': 10, 'model__min_child_samples': 30, 'model__n_estimators': 200, 'model__num_leaves': 63}",0.44014084507042256,0.3613138686131387,0.3629764065335753,0.3971631205673759,0.39488117001828155,0.39129508216055886,0.02875421016183934,2,0.3079171070340017,0.21926642415050707,0.21960043662094433,0.2557556659697589,0.2625294611113189,0.2530138189773062,0.03276515523441757,92,0.7016563059443761,0.687574943438914,0.664498020361991,0.6965325748340783,0.6969516118109169,0.6894426912780552,0.013278161082962677,97,0.4560677084806436,0.4085500541748733,0.3944643739723884,0.4372492652936981,0.43242318409369773,0.4257509172030602,0.02177409683032145,81,,0.01,,30.0,63.0,,,,
LGBM,10.968270349502564,0.0882249115171339,0.036279916763305664,0.001982326546704141,10,,,,300.0,"{'model__learning_rate': 0.01, 'model__max_depth': 10, 'model__min_child_samples': 30, 'model__n_estimators': 300, 'model__num_leaves': 15}",0.4317789291882556,0.35208711433756806,0.3397548161120841,0.38848920863309355,0.3936731107205624,0.38115663579831277,0.03265637183828544,37,0.2918966400717006,0.20591143302580672,0.1793861993504154,0.24924790369284083,0.2487112502318554,0.23503068527452378,0.03890311976534316,205,0.7003016591251885,0.6918339932126698,0.6591685520361992,0.693174635423721,0.6993430854666125,0.6887643850528782,0.01516445666684087,108,0.4582253520211296,0.40382846546525286,0.38948407433026905,0.42360449213699763,0.41871285134243097,0.418771047059216,0.023069526542204503,170,,0.01,,30.0,15.0,,,,
LGBM,21.19420132637024,1.8486766815617657,0.176981782913208,0.1330283209512416,10,,,,300.0,"{'model__learning_rate': 0.01, 'model__max_depth': 10, 'model__min_child_samples': 30, 'model__n_estimators': 300, 'model__num_leaves': 31}",0.4267161410018553,0.3602251407129456,0.3669064748201439,0.37174721189591076,0.3893129770992366,0.38298158910601837,0.023896752823426938,26,0.3076011273088823,0.22718519959598676,0.22168636641658493,0.23899424141321723,0.2704476990880556,0.25318292676454535,0.032027009968302794,89,0.7012038172565935,0.6945800339366516,0.6668651018099547,0.6955308366066189,0.7007610388730868,0.6917881656965811,0.0127446316121639,53,0.4554442083293962,0.40446322958490344,0.3949707347846032,0.4324384449817972,0.4255914902125826,0.42258162157865653,0.02133918031573569,129,,0.01,,30.0,31.0,,,,
LGBM,34.83312616348267,4.366656149550678,0.4795487403869629,0.2591984222319662,10,,,,300.0,"{'model__learning_rate': 0.01, 'model__max_depth': 10, 'model__min_child_samples': 30, 'model__n_estimators': 300, 'model__num_leaves': 63}",0.4172661870503597,0.37009345794392523,0.366412213740458,0.4,0.40148698884758366,0.39105176951646536,0.019608767685538014,3,0.2855797100232226,0.23829781325722035,0.2409896893943172,0.2701735478278455,0.2763970715013613,0.26228756640079337,0.019146271765809603,28,0.6997194852060162,0.6909912330316743,0.6746931561085974,0.6993571944557315,0.6988182310713803,0.6927158599746799,0.00957276570076911,31,0.454648873246452,0.40424330708822276,0.40363698468044384,0.43352030251569296,0.437074923166984,0.4266248781395592,0.019856850649420697,61,,0.01,,30.0,63.0,,,,
LGBM,17.568711709976196,0.1172007428468995,0.049880266189575195,0.0032915874993455427,10,,,,500.0,"{'model__learning_rate': 0.01, 'model__max_depth': 10, 'model__min_child_samples': 30, 'model__n_estimators': 500, 'model__num_leaves': 15}",0.4349442379182156,0.35181644359464626,0.33211678832116787,0.3789868667917448,0.38022813688212925,0.37561849470158076,0.03467297112934328,75,0.31858297715970135,0.2233183654858743,0.18256911466925063,0.25133436423485855,0.25761619002932235,0.24668420231580143,0.044648119736408844,130,0.6990386377412215,0.694529128959276,0.6713009049773756,0.6954334845816966,0.698887365118064,0.6918379042755267,0.010425782357437184,51,0.4590154110164534,0.4133903708806542,0.3890805629232108,0.4272154257012344,0.42440326823011243,0.422621007750333,0.022623014008055792,126,,0.01,,30.0,15.0,,,,
LGBM,34.70590667724609,0.4535099562223006,0.3125894546508789,0.09823685653102096,10,,,,500.0,"{'model__learning_rate': 0.01, 'model__max_depth': 10, 'model__min_child_samples': 30, 'model__n_estimators': 500, 'model__num_leaves': 31}",0.428842504743833,0.3543307086614173,0.3595505617977528,0.3815028901734104,0.37254901960784315,0.3793551369968513,0.026526887704656964,54,0.3182227901963889,0.23744522017485714,0.22569023630749852,0.26418309711271903,0.2596440012066031,0.2610370689996133,0.03189990204340517,35,0.6979983366459452,0.6963970588235294,0.6774830316742082,0.6954885096392613,0.698555803873764,0.6931845481313417,0.007927030096383686,28,0.45416714531234775,0.4164684926083383,0.4044677994794899,0.4297104318610055,0.4332688835124173,0.42761655055471975,0.01674163170716704,53,,0.01,,30.0,31.0,,,,
LGBM,59.33355641365051,1.2245434278341973,0.7962396621704102,0.5690495051322779,10,,,,500.0,"{'model__learning_rate': 0.01, 'model__max_depth': 10, 'model__min_child_samples': 30, 'model__n_estimators': 500, 'model__num_leaves': 63}",0.4180790960451977,0.36007827788649704,0.38022813688212925,0.3970037453183521,0.38636363636363635,0.3883505784991625,0.019120183211939232,8,0.30195283591785116,0.24240610118294045,0.25699446559285233,0.27334211154866,0.263965790195195,0.2677322608874998,0.019866650923067112,11,0.6958430244851355,0.6948076923076923,0.6831122737556561,0.6974567136213825,0.7000753420018963,0.6942590092343524,0.005850041187399387,14,0.4559431508727041,0.4115035907758836,0.4138183242876848,0.4306919305506469,0.4443179900866264,0.4312549973147092,0.01717334782129805,15,,0.01,,30.0,63.0,,,,
LGBM,8.867532920837402,0.4786294980998622,0.03733716011047363,0.005595864691254605,20,,,,200.0,"{'model__learning_rate': 0.01, 'model__max_depth': 20, 'model__min_child_samples': 10, 'model__n_estimators': 200, 'model__num_leaves': 15}",0.436241610738255,0.35555555555555557,0.34856175972927245,0.37184115523465705,0.3894736842105263,0.3803347530936533,0.03132018434239529,47,0.2898037018187029,0.2168737991087974,0.18059490482956797,0.22944086332350558,0.2428967802394517,0.23192200986400507,0.03560284341070818,218,0.6985819201871978,0.6898939479638009,0.657658371040724,0.6912783872861077,0.6925171565307688,0.6859859566017199,0.01447099992336802,132,0.4510942948389642,0.39987518401336075,0.3867938506057882,0.4188634402688812,0.4168910341761128,0.4147035607806214,0.02165736753214887,206,,0.01,,10.0,15.0,,,,
LGBM,14.665081405639649,0.35951979437440823,0.08999104499816894,0.04775719951494621,20,,,,200.0,"{'model__learning_rate': 0.01, 'model__max_depth': 20, 'model__min_child_samples': 10, 'model__n_estimators': 200, 'model__num_leaves': 31}",0.4280442804428044,0.35177865612648224,0.3399638336347197,0.37333333333333335,0.38549618320610685,0.3757232573486893,0.03062937017398305,74,0.3073927251063928,0.235775717484787,0.18951391739127751,0.24962891450042873,0.2656415837426695,0.24959057164511114,0.03846759671749138,113,0.701905809052593,0.6930429864253393,0.6663815045248869,0.6939322881394193,0.6913856156034133,0.6893296407491303,0.012033098496025477,101,0.45892097323142705,0.40384041955766403,0.39398994945155974,0.4267535815589573,0.4174464509212886,0.4201902749441794,0.0223805602292935,161,,0.01,,10.0,31.0,,,,
LGBM,27.870115327835084,0.11567763867428217,0.15466814041137694,0.12562669353926784,20,,,,200.0,"{'model__learning_rate': 0.01, 'model__max_depth': 20, 'model__min_child_samples': 10, 'model__n_estimators': 200, 'model__num_leaves': 63}",0.411214953271028,0.3568627450980392,0.3583180987202925,0.4046692607003891,0.3800383877159309,0.38222068910113594,0.02264388355346639,32,0.29067607410659774,0.23910860428522865,0.21609372313933461,0.29711387688786384,0.260894566083911,0.26077736890058717,0.030595593406103565,39,0.6996194020383135,0.6919343891402715,0.6711948529411765,0.7008217075262991,0.6890562214998421,0.6905253146291805,0.010644516026279931,76,0.4596772955878907,0.40597813933192656,0.3959112627135032,0.44246716195601266,0.42482309776140437,0.42577139147014753,0.023292309746724946,78,,0.01,,10.0,63.0,,,,
LGBM,10.556144046783448,0.0884899679077322,0.035912704467773435,0.0013286207221905432,20,,,,300.0,"{'model__learning_rate': 0.01, 'model__max_depth': 20, 'model__min_child_samples': 10, 'model__n_estimators': 300, 'model__num_leaves': 15}",0.43617021276595747,0.35555555555555557,0.34581105169340465,0.38181818181818183,0.3855855855855856,0.380988117483737,0.031467858278983796,39,0.3050053783518514,0.2168737991087974,0.19236951399628263,0.2443180613084028,0.24616211384628806,0.24094577332232445,0.03763330557872789,169,0.7016267038806896,0.6929270361990951,0.6628803733031674,0.6927541875479706,0.6960951961713847,0.6892566994204614,0.01357347724700608,103,0.4569935313474091,0.4083763040731758,0.3943831443728211,0.422454615710779,0.4161485542719344,0.4196712299552239,0.020881442883799305,166,,0.01,,10.0,15.0,,,,
LGBM,21.100600671768188,0.21359623602459937,0.06765403747558593,0.01003736461704448,20,,,,300.0,"{'model__learning_rate': 0.01, 'model__max_depth': 20, 'model__min_child_samples': 10, 'model__n_estimators': 300, 'model__num_leaves': 31}",0.42366412213740456,0.3531746031746032,0.34701492537313433,0.3766990291262136,0.38671875,0.3774542859622711,0.027341570311424056,63,0.3138065872705486,0.23911486329880802,0.20865430649516337,0.2610757606439799,0.2759914374688197,0.2597285910354639,0.0352823837895781,43,0.704419165221804,0.6981546945701358,0.6723091063348416,0.6980154295905007,0.6993120456905504,0.6944420882815665,0.011310876649091745,12,0.4599347499506679,0.4091791405472322,0.3998770069072885,0.43483849063004704,0.4312559879696879,0.42701707520098475,0.021059399095884092,58,,0.01,,10.0,31.0,,,,
LGBM,43.6375874042511,0.12828633664677072,0.15208258628845214,0.05905422998050261,20,,,,300.0,"{'model__learning_rate': 0.01, 'model__max_depth': 20, 'model__min_child_samples': 10, 'model__n_estimators': 300, 'model__num_leaves': 63}",0.40458015267175573,0.3705179282868526,0.3502824858757062,0.396078431372549,0.3671875,0.3777292996413727,0.019870178389365854,60,0.2897798595315474,0.2626477841592217,0.21599319240799186,0.2893599036818589,0.2513382230868261,0.2618237925734892,0.02738922830551674,30,0.6984931139961376,0.6941826923076923,0.6758215497737556,0.7007483407828796,0.6883352521558536,0.6915161898032637,0.00891583320259193,59,0.4617980184645938,0.4084131262483329,0.4068009453475315,0.43596169747067737,0.4289593622487098,0.42838662995596904,0.020193628611914656,45,,0.01,,10.0,63.0,,,,
LGBM,18.408156156539917,0.4705388826521405,0.3855006217956543,0.44844283614970437,20,,,,500.0,"{'model__learning_rate': 0.01, 'model__max_depth': 20, 'model__min_child_samples': 10, 'model__n_estimators': 500, 'model__num_leaves': 15}",0.4406779661016949,0.34285714285714286,0.34065934065934067,0.38817005545286504,0.3908918406072106,0.38065126913565084,0.03685744463418877,43,0.33038177715770695,0.21067262240747334,0.1944968721203497,0.25775830111381687,0.27035006035716025,0.2527319266313014,0.04801139241655024,95,0.6973245372915521,0.6989295814479638,0.6724830316742081,0.6926526028263128,0.7009134159555735,0.6924606338391219,0.010354668568528116,37,0.45569808325515676,0.4213904369133702,0.39528969431907285,0.4253657531603317,0.4285730665079379,0.4252634068311739,0.01923880031978046,90,,0.01,,10.0,15.0,,,,
LGBM,35.89886884689331,0.10477487934123697,0.5716489791870117,0.39649875799038403,20,,,,500.0,"{'model__learning_rate': 0.01, 'model__max_depth': 20, 'model__min_child_samples': 10, 'model__n_estimators': 500, 'model__num_leaves': 31}",0.41767068273092367,0.35555555555555557,0.35135135135135137,0.3852140077821012,0.3779527559055118,0.3775488706650887,0.023827266655901062,61,0.3267065782202322,0.249533760457927,0.22625634611982298,0.2725688333173509,0.26803427490559334,0.26861995860418525,0.033313512686949875,7,0.6991866480596552,0.6963617081447964,0.6803365384615385,0.699154025012416,0.6995928145740213,0.6949263468504855,0.007385419702629121,9,0.45672193717145265,0.41676853651039747,0.4123670279718382,0.43265207544489126,0.4403546363696116,0.4317728426936382,0.0161157835505943,11,,0.01,,10.0,31.0,,,,
LGBM,71.59597458839417,0.4416085867263178,0.364039945602417,0.0662251760432747,20,,,,500.0,"{'model__learning_rate': 0.01, 'model__max_depth': 20, 'model__min_child_samples': 10, 'model__n_estimators': 500, 'model__num_leaves': 63}",0.410958904109589,0.35294117647058826,0.3511450381679389,0.3944223107569721,0.3747534516765286,0.3768441762363234,0.023276493273414446,65,0.30746786578848295,0.24793493422204002,0.22178329636372984,0.29373486373168506,0.264782218373814,0.26714063569595037,0.03087150072290376,12,0.6961531413428059,0.698173076923077,0.6850494909502263,0.7013902997878008,0.6884833965416045,0.693849881109103,0.0061171720126513875,20,0.46072729218496244,0.41871003556202124,0.41744375069506934,0.4330779318624206,0.43786204688575614,0.43356421143804597,0.015729314088964556,1,,0.01,,10.0,63.0,,,,
LGBM,7.224961137771606,0.1893070630845434,0.03330464363098144,0.0037335833714017535,20,,,,200.0,"{'model__learning_rate': 0.01, 'model__max_depth': 20, 'model__min_child_samples': 20, 'model__n_estimators': 200, 'model__num_leaves': 15}",0.436241610738255,0.36229205175600737,0.34576271186440677,0.37454545454545457,0.3957968476357268,0.3829277353079701,0.03125801145146426,27,0.2898037018187029,0.2247205401151183,0.17752307298182968,0.23517009669217298,0.2503519486556524,0.23551387205269525,0.036461215300612346,199,0.6990583724503461,0.6903634049773756,0.6576032239819004,0.6907507110930515,0.6925326764188,0.6860616777842947,0.014568207704502779,129,0.45008105265030396,0.4011549906335165,0.3897767898760053,0.41843389972249034,0.41862665599594784,0.41561467777565275,0.020404068347014817,202,,0.01,,20.0,15.0,,,,
LGBM,15.470332384109497,0.4492216157179239,0.3435336112976074,0.12786891929498237,20,,,,200.0,"{'model__learning_rate': 0.01, 'model__max_depth': 20, 'model__min_child_samples': 20, 'model__n_estimators': 200, 'model__num_leaves': 31}",0.43669724770642204,0.3561643835616438,0.34065934065934067,0.3769230769230769,0.38636363636363635,0.37936153704282394,0.032797338716698,53,0.31643502500715776,0.2374699952357314,0.1944968721203497,0.25768799877913184,0.263965790195195,0.25401113626751315,0.039559861783733344,81,0.7014941994051396,0.697993495475113,0.6649533371040723,0.6935386473429951,0.691354575827351,0.6898668510309343,0.012943076678659647,87,0.4590835124621943,0.4075528734073962,0.39076021218116697,0.429980733400317,0.4185952600350956,0.421194518297234,0.022942846650972706,149,,0.01,,20.0,31.0,,,,
LGBM,30.146492147445677,0.062484790408511875,0.239486026763916,0.12712606227995332,20,,,,200.0,"{'model__learning_rate': 0.01, 'model__max_depth': 20, 'model__min_child_samples': 20, 'model__n_estimators': 200, 'model__num_leaves': 63}",0.4233576642335766,0.36257309941520466,0.36363636363636365,0.39849624060150374,0.38257575757575757,0.3861278250924812,0.02285758844884038,14,0.2978623113138069,0.2440497541063095,0.22765131529593086,0.27653902350385223,0.2591985284810884,0.2610601865401976,0.02450699509010691,34,0.7015971018170029,0.6913744343891403,0.6688843325791856,0.7034107070296627,0.6907831617680257,0.6912099475166034,0.012291409939434079,61,0.4591843685555809,0.40140497993454805,0.3945420655651872,0.4432083645715356,0.4251987852560689,0.42470771277658415,0.02443005809371458,98,,0.01,,20.0,63.0,,,,
LGBM,12.084224128723145,0.5460890084673172,0.04108071327209473,0.0030539523817009764,20,,,,300.0,"{'model__learning_rate': 0.01, 'model__max_depth': 20, 'model__min_child_samples': 20, 'model__n_estimators': 300, 'model__num_leaves': 15}",0.43462897526501765,0.35887850467289717,0.33747779751332146,0.3833634719710669,0.379746835443038,0.37881911697306825,0.03238204693978873,57,0.30201102255442286,0.224202716035849,0.18078715189477998,0.24451344943771025,0.23996342638345527,0.2382955532612435,0.03900494673666643,184,0.7017859911757657,0.6920899321266969,0.6616713800904978,0.6926906970969342,0.6961022506659443,0.6888680502311677,0.014027536297783335,106,0.4559914238216886,0.4079217183198475,0.3914222419117675,0.42115664943898434,0.4143929376432972,0.41817699422711707,0.021326584210153734,175,,0.01,,20.0,15.0,,,,
LGBM,22.132515144348144,1.816527203512504,0.04800233840942383,0.003021121679765129,20,,,,300.0,"{'model__learning_rate': 0.01, 'model__max_depth': 20, 'model__min_child_samples': 20, 'model__n_estimators': 300, 'model__num_leaves': 31}",0.4329501915708812,0.36470588235294116,0.35580524344569286,0.3658051689860835,0.3826429980276134,0.3803818968766424,0.02767948159443364,46,0.3269292815306431,0.24900275342806572,0.22098285067023002,0.2566815519092712,0.27475498558846423,0.2656702846253348,0.03518740444812228,16,0.7026134393369138,0.6996931561085973,0.6740172511312217,0.6974835207007088,0.6996069235631405,0.6946828581681164,0.010460923935929978,10,0.463960577812631,0.41094711122591876,0.40001990375029317,0.4324411165793877,0.42452128514916676,0.4263779989034795,0.021842712716152655,68,,0.01,,20.0,31.0,,,,
LGBM,40.990600442886354,0.27678829501239544,0.10012025833129883,0.03283809658801189,20,,,,300.0,"{'model__learning_rate': 0.01, 'model__max_depth': 20, 'model__min_child_samples': 20, 'model__n_estimators': 300, 'model__num_leaves': 63}",0.4130019120458891,0.3650485436893204,0.3567362428842505,0.40384615384615385,0.37109375,0.3819453204931228,0.02228413616386091,33,0.3010920133391187,0.24568783227948243,0.22677118461538054,0.2916117662867778,0.2562688659632248,0.2642863324967969,0.027996098923215786,21,0.6991951057921371,0.695462386877828,0.6750904977375566,0.7030227098288861,0.691969727752946,0.6929480855978708,0.00966121787241851,30,0.45987922606780146,0.403922717335347,0.40714598206326835,0.44028475202884576,0.4320596283906387,0.42865846117718026,0.020957664558686678,34,,0.01,,20.0,63.0,,,,
LGBM,17.104998874664307,0.12624156323295424,0.04204115867614746,0.000984577200101366,20,,,,500.0,"{'model__learning_rate': 0.01, 'model__max_depth': 20, 'model__min_child_samples': 20, 'model__n_estimators': 500, 'model__num_leaves': 15}",0.43018867924528303,0.34296724470134876,0.33766233766233766,0.3780718336483932,0.39399624765478425,0.3765772685824294,0.03412870775087446,67,0.3178612446754708,0.21498643896979158,0.19501049496997266,0.252851431514437,0.2702159937491613,0.25018512077576666,0.043061791334795145,110,0.6970454321196488,0.6967449095022625,0.6726640271493213,0.6944966477041853,0.7001190798681656,0.6922140192687166,0.00993754581341273,39,0.4557243208457752,0.4138406540490506,0.3946889552566428,0.4256868007398028,0.4250372477761289,0.4229955957334801,0.019837637093442908,124,,0.01,,20.0,15.0,,,,
LGBM,34.899794006347655,2.0685887379799555,0.10964756011962891,0.01702282899533509,20,,,,500.0,"{'model__learning_rate': 0.01, 'model__max_depth': 20, 'model__min_child_samples': 20, 'model__n_estimators': 500, 'model__num_leaves': 31}",0.4344422700587084,0.35294117647058826,0.367112810707457,0.36472945891783565,0.383399209486166,0.380524985128151,0.02865514386965115,45,0.33711284054266666,0.24793493422204002,0.24256412725287588,0.25863024378768196,0.276511282111511,0.27255068558335516,0.034301212145418536,3,0.6996645099448837,0.7020814479638009,0.6825622171945702,0.6983836742065104,0.7012393336042259,0.6967862365827981,0.007225348831952353,2,0.46107219266203436,0.41723494701403946,0.41402951580412967,0.4369088839577674,0.43286347919236856,0.4324218037260679,0.016793395274336563,8,,0.01,,20.0,31.0,,,,
LGBM,72.64332489967346,0.5338302384450032,0.18962864875793456,0.08130741214246594,20,,,,500.0,"{'model__learning_rate': 0.01, 'model__max_depth': 20, 'model__min_child_samples': 20, 'model__n_estimators': 500, 'model__num_leaves': 63}",0.42610364683301344,0.33739837398373984,0.33904761904761904,0.3801980198019802,0.383399209486166,0.3732293738305037,0.03286313813237846,80,0.3190297011577361,0.22906652935652091,0.20588078702150928,0.2732689792527204,0.276511282111511,0.26075145577999953,0.039537676352214744,40,0.6976163290621783,0.6967915723981901,0.6854072398190046,0.6994884080545396,0.6917595038150707,0.6942126106297967,0.005091614078005068,15,0.4596560705559727,0.41506744289660236,0.42111033316188334,0.43386466720641187,0.4370979878197423,0.4333593003281225,0.015429728119397811,2,,0.01,,20.0,63.0,,,,
LGBM,6.829776906967163,0.06781007011710131,0.03307151794433594,0.002181211463936282,20,,,,200.0,"{'model__learning_rate': 0.01, 'model__max_depth': 20, 'model__min_child_samples': 30, 'model__n_estimators': 200, 'model__num_leaves': 15}",0.43594009983361065,0.35294117647058826,0.34517766497461927,0.38181818181818183,0.3929824561403509,0.3817719158474702,0.03234260731764695,34,0.2872997914132394,0.2111362242713369,0.17630970394068055,0.2443180613084028,0.24732036626098913,0.23327682943892974,0.03734453087900885,213,0.698815917452531,0.6889451357466063,0.6546337669683258,0.691885073818231,0.6912487584089575,0.6851057304789304,0.015588117962816282,150,0.45212235241613186,0.3988044209094113,0.38612205610187034,0.41979786958523435,0.41707668838359285,0.4147846774792482,0.02236694812901519,204,,0.01,,30.0,15.0,,,,
LGBM,15.245648670196534,2.394241707034419,0.04501109123229981,0.009620552627400388,20,,,,200.0,"{'model__learning_rate': 0.01, 'model__max_depth': 20, 'model__min_child_samples': 30, 'model__n_estimators': 200, 'model__num_leaves': 31}",0.42379182156133827,0.34782608695652173,0.32974910394265233,0.3757115749525617,0.3853564547206166,0.3724870084267381,0.03238176602786742,81,0.304559228882815,0.230783809046843,0.1738275819519208,0.25124262760491517,0.26903959198978633,0.24589056789525604,0.043423085444752686,135,0.7013475987087862,0.69789592760181,0.6636425339366516,0.6943696668021129,0.6896262246602556,0.6893763903419232,0.013439634945690202,99,0.4579146457492568,0.40702871806580326,0.38574694018298905,0.4347414985030461,0.41667790460774556,0.42042194142176814,0.0245214377524211,159,,0.01,,30.0,31.0,,,,
LGBM,21.371961259841918,7.363187126006395,0.036028814315795896,0.0027078888587511764,20,,,,200.0,"{'model__learning_rate': 0.01, 'model__max_depth': 20, 'model__min_child_samples': 30, 'model__n_estimators': 200, 'model__num_leaves': 63}",0.4371584699453552,0.37093690248565964,0.36466165413533835,0.4029574861367837,0.39325842696629215,0.39379458793388583,0.02582972725727113,1,0.3146263819707097,0.24737556769462626,0.23341333072080464,0.2763548749553301,0.26863085558924155,0.2680802021861425,0.027805733753189364,8,0.7044318518205269,0.6929581447963801,0.6674010180995475,0.6935245383538761,0.6894540949930019,0.6895539296126665,0.012161154875054456,94,0.4606425780500616,0.4036177313526777,0.39548009686637403,0.43689224034673957,0.41977784651500283,0.42328209862617117,0.023464696057755054,119,,0.01,,30.0,63.0,,,,
LGBM,10.307652378082276,2.3740286349487896,0.037947559356689455,0.005579143922800358,20,,,,300.0,"{'model__learning_rate': 0.01, 'model__max_depth': 20, 'model__min_child_samples': 30, 'model__n_estimators': 300, 'model__num_leaves': 15}",0.431858407079646,0.36059479553903345,0.33451957295373663,0.3811252268602541,0.39568345323741005,0.38075629113401604,0.03279848334560849,41,0.29904640556162093,0.22445568128395535,0.1776106991429719,0.24285980039894914,0.2583010678491474,0.24045473084732896,0.039906396373377354,173,0.6995926192187875,0.6938461538461539,0.6610195135746606,0.6933721612713892,0.6957509368368775,0.6887162769495738,0.014020590987010851,109,0.45841043071623094,0.40473661008579254,0.3880801531128908,0.4221636078228503,0.4141353530922822,0.4175052309660094,0.023388735768632356,184,,0.01,,30.0,15.0,,,,
LGBM,21.279915523529052,0.06655098123999767,0.03991127014160156,0.00340421416462983,20,,,,300.0,"{'model__learning_rate': 0.01, 'model__max_depth': 20, 'model__min_child_samples': 30, 'model__n_estimators': 300, 'model__num_leaves': 31}",0.4250474383301708,0.35294117647058826,0.35315985130111527,0.375,0.3747534516765286,0.3761803835556806,0.026311306062172485,71,0.3134467019252226,0.23416152971381013,0.2151122402314574,0.2611995088396235,0.264782218373814,0.2577404398167855,0.033280227893978255,59,0.7028925445088172,0.6986283936651584,0.6703945135746606,0.6970771818140774,0.697810849248273,0.6933606965621972,0.011659043190758623,25,0.45985379655008957,0.4070851989198345,0.396307146012786,0.43068741724830784,0.4230314012315692,0.4233929919925174,0.021828040791676044,117,,0.01,,30.0,31.0,,,,
LGBM,41.441725730895996,0.07918647050845452,0.06950154304504394,0.023262622205134392,20,,,,300.0,"{'model__learning_rate': 0.01, 'model__max_depth': 20, 'model__min_child_samples': 30, 'model__n_estimators': 300, 'model__num_leaves': 63}",0.4232209737827715,0.3742690058479532,0.3493282149712092,0.4045368620037807,0.36964980544747084,0.38420097241063705,0.02631576920345398,22,0.30642930173104604,0.25879309755016555,0.22158173224626163,0.28615562299698744,0.2529327984609405,0.2651785105970802,0.02909665637796799,17,0.7035705727294512,0.6955429864253393,0.6717039027149321,0.6925524290035667,0.687880942706217,0.6902501667159013,0.010586072919504665,81,0.4591487867673611,0.40841752385947255,0.40403704895028913,0.4329298289758622,0.42832825410525205,0.42657228853164736,0.019708690855499422,64,,0.01,,30.0,63.0,,,,
LGBM,17.29977903366089,0.046939336917892656,0.04215245246887207,0.0008367652986845634,20,,,,500.0,"{'model__learning_rate': 0.01, 'model__max_depth': 20, 'model__min_child_samples': 30, 'model__n_estimators': 500, 'model__num_leaves': 15}",0.43018867924528303,0.3424124513618677,0.3247232472324723,0.3766478342749529,0.3856332703213611,0.3719210964871874,0.036616592067660464,85,0.3178612446754708,0.21789882411231795,0.17689437330473595,0.24971651484533133,0.26236691479516566,0.24494757434660436,0.046915781134393715,144,0.6975543056906444,0.6981518665158372,0.6725183823529411,0.6957721003205563,0.6985614474694117,0.6925116204698781,0.010041929651976221,32,0.454208860387602,0.4116475229742388,0.39309942404606973,0.4250229172730906,0.42312343523384366,0.42142043198296897,0.019942659795717358,145,,0.01,,30.0,15.0,,,,
LGBM,34.34538822174072,0.10994229042649548,0.1352323532104492,0.02680588355465707,20,,,,500.0,"{'model__learning_rate': 0.01, 'model__max_depth': 20, 'model__min_child_samples': 30, 'model__n_estimators': 500, 'model__num_leaves': 31}",0.4235294117647059,0.350597609561753,0.3591682419659735,0.3683168316831683,0.37549407114624506,0.3754212332243691,0.02547644671330394,76,0.3241259006740523,0.23745608378721586,0.22848769227382704,0.25824087276016383,0.26651563074142215,0.26296523604733624,0.03351110168949645,24,0.7003016591251885,0.6983526583710407,0.6804835972850678,0.6968627251794663,0.6987095918551627,0.6949420463631852,0.007311468787059154,8,0.4580481149016932,0.4162771932795971,0.40528770707153533,0.43015121551442437,0.4315240914534363,0.42825766444413726,0.017736271595521352,46,,0.01,,30.0,31.0,,,,
LGBM,65.02108416557311,1.084684236790628,0.16698780059814453,0.03618906502007535,20,,,,500.0,"{'model__learning_rate': 0.01, 'model__max_depth': 20, 'model__min_child_samples': 30, 'model__n_estimators': 500, 'model__num_leaves': 63}",0.41941747572815535,0.37328094302554027,0.367816091954023,0.39768339768339767,0.3564356435643564,0.38292671039109455,0.02268252196722015,29,0.3150579602368497,0.2605892881223673,0.24414705112380683,0.28530850896942184,0.2432127662676072,0.2696631149440106,0.02734408573911502,5,0.6980645888837204,0.6993863122171945,0.6852220022624435,0.6922251004560025,0.6922928236037744,0.6934381654846271,0.005041287849371431,23,0.45498717916466536,0.4187624270952366,0.41529100721032297,0.4311154815419212,0.43658158871911656,0.4313475367462525,0.014159653731706823,12,,0.01,,30.0,63.0,,,,
LGBM,6.9241218090057375,0.07644650323042977,0.036811017990112306,0.006662552323817595,-1,,,,200.0,"{'model__learning_rate': 0.05, 'model__max_depth': -1, 'model__min_child_samples': 10, 'model__n_estimators': 200, 'model__num_leaves': 15}",0.421259842519685,0.3441295546558704,0.34307992202729043,0.3747534516765286,0.3668639053254438,0.3700173352409637,0.028474447793062616,92,0.32285667774370047,0.23589409244933088,0.21947751503321608,0.264782218373814,0.25480945115916376,0.259563990951845,0.035278858808339114,48,0.68983239593465,0.7023020361990951,0.6824476809954751,0.6925496072057429,0.6908565285114452,0.6915976497692817,0.006369888887268635,55,0.4539354835149662,0.42997031683193565,0.4043559042120204,0.4219222631445124,0.43226603946087083,0.4284900014328611,0.016059341145574297,40,,0.05,,10.0,15.0,,,,
LGBM,13.393780136108399,0.061327268831071716,0.039219999313354494,0.002779052226078188,-1,,,,200.0,"{'model__learning_rate': 0.05, 'model__max_depth': -1, 'model__min_child_samples': 10, 'model__n_estimators': 200, 'model__num_leaves': 31}",0.4031936127744511,0.36400817995910023,0.3719165085388994,0.37773359840954274,0.3665338645418327,0.3766771528447652,0.014073319652555826,66,0.30578067369416945,0.2655270974103328,0.24586135966053885,0.2717798434749738,0.2584225337762345,0.26947430160324987,0.020093587026507997,6,0.6906979038919666,0.6971337669683257,0.6852135180995476,0.6909764549189581,0.6866718023387061,0.6901386892435009,0.004152644948324915,83,0.45312565988439446,0.42162337047854015,0.40981350293952806,0.4213709319279848,0.4313072670033851,0.4274481464467665,0.014533194492779527,56,,0.05,,10.0,31.0,,,,
LGBM,26.49057893753052,0.06177537671426472,0.03758482933044434,0.002389506004083522,-1,,,,200.0,"{'model__learning_rate': 0.05, 'model__max_depth': -1, 'model__min_child_samples': 10, 'model__n_estimators': 200, 'model__num_leaves': 63}",0.40784313725490196,0.33739837398373984,0.344294003868472,0.39147286821705424,0.36608863198458574,0.36941940306175075,0.026946111773341382,98,0.3043183803723049,0.22906652935652091,0.21808717918330747,0.2789612356077766,0.24475711760444993,0.2550380884248719,0.032082562493631006,77,0.7019579650695649,0.6901343325791855,0.682266685520362,0.6904981601878188,0.6801252313874215,0.6889964749488706,0.007688160154044845,105,0.457803679852466,0.4171558053639275,0.40735880473274394,0.4254136075615495,0.43166859833400645,0.4278800991689387,0.017041073854952973,50,,0.05,,10.0,63.0,,,,
LGBM,9.721026468276978,0.023745984467703145,0.0388944149017334,0.003983939291674999,-1,,,,300.0,"{'model__learning_rate': 0.05, 'model__max_depth': -1, 'model__min_child_samples': 10, 'model__n_estimators': 300, 'model__num_leaves': 15}",0.4153225806451613,0.345679012345679,0.35363457760314343,0.3592814371257485,0.348,0.3643835215439465,0.02590226725944675,139,0.325491998731741,0.24491802777204116,0.23579859878567105,0.2500611881274827,0.236593895578251,0.2585727417990374,0.03387865398943188,54,0.6857585881225243,0.7028506787330318,0.6879694570135747,0.6891959004921215,0.6865800939094315,0.6904709436541367,0.006300571680311661,77,0.4548904778095739,0.4326592182373699,0.4132701237390076,0.41891794495139356,0.43029006981826673,0.4300055669111223,0.014348463447897718,20,,0.05,,10.0,15.0,,,,
LGBM,20.10247631072998,0.07871398134303258,0.04567837715148926,0.007181502644067534,-1,,,,300.0,"{'model__learning_rate': 0.05, 'model__max_depth': -1, 'model__min_child_samples': 10, 'model__n_estimators': 300, 'model__num_leaves': 31}",0.40080160320641284,0.33884297520661155,0.3511450381679389,0.3708086785009862,0.356,0.3635196590163899,0.02126823172879343,146,0.3044542935247062,0.23803888847119112,0.22178329636372984,0.2597958347664889,0.2467311949107126,0.2541607016073657,0.02801644842778253,80,0.6926784229148165,0.7016855203619909,0.6851795814479638,0.6856319698406248,0.682583017291977,0.6895517023714746,0.006928899430696772,95,0.45519684697282636,0.42941754979044977,0.41355420512759267,0.4157683443282056,0.43137162664782425,0.42906171457337977,0.014870803607851415,30,,0.05,,10.0,31.0,,,,
LGBM,39.268725872039795,0.10382856981322175,0.09640693664550781,0.04596515523207868,-1,,,,300.0,"{'model__learning_rate': 0.05, 'model__max_depth': -1, 'model__min_child_samples': 10, 'model__n_estimators': 300, 'model__num_leaves': 63}",0.40236686390532544,0.356,0.34099616858237547,0.38549618320610685,0.37328094302554027,0.3716280317438696,0.021552169080009915,89,0.29978707150162925,0.2459155027701929,0.21039751072802007,0.2656415837426695,0.26134653947774805,0.25661764164405193,0.029045584718919038,66,0.6989611085268038,0.6877531108597286,0.6803011877828055,0.6904389024335185,0.6744082689963429,0.6863725157198399,0.008448886734768478,127,0.45149271245157446,0.4116834901651383,0.406448312545878,0.42174887575267533,0.43182351324300844,0.4246393808316549,0.015998989127725353,101,,0.05,,10.0,63.0,,,,
LGBM,16.327762794494628,0.46056060870521265,0.04021396636962891,0.0011740718903784392,-1,,,,500.0,"{'model__learning_rate': 0.05, 'model__max_depth': -1, 'model__min_child_samples': 10, 'model__n_estimators': 500, 'model__num_leaves': 15}",0.3975659229208925,0.33195020746887965,0.33532934131736525,0.36767676767676766,0.36065573770491804,0.3586355954177646,0.023902659184086544,183,0.3056293427572657,0.23109773825364333,0.21894866332571872,0.26579058442380743,0.2631155360825016,0.2569163729685873,0.030325842286625642,60,0.6784708419672685,0.6975113122171945,0.6837556561085973,0.6881264391168902,0.6888163686848165,0.6873361236189534,0.006289088223383169,119,0.4411197537832877,0.43011975187211765,0.4135529174728153,0.41876557129596825,0.4396254797780007,0.428636694840438,0.010988530682853567,35,,0.05,,10.0,15.0,,,,
LGBM,32.43114876747131,0.0700015901348268,0.1138087272644043,0.0400830731236813,-1,,,,500.0,"{'model__learning_rate': 0.05, 'model__max_depth': -1, 'model__min_child_samples': 10, 'model__n_estimators': 500, 'model__num_leaves': 31}",0.38323353293413176,0.3486973947895792,0.34296724470134876,0.35968379446640314,0.3460764587525151,0.35613168512879556,0.014675192518694492,199,0.28050163230744507,0.23749343668691808,0.21498643896979158,0.2465243280012444,0.2366598125082694,0.24323312969473365,0.02132510907289723,160,0.6852962320801792,0.6934770927601809,0.6793028846153846,0.6816617003024967,0.6784349744909476,0.683634576849838,0.005464940653392773,162,0.43947275339525615,0.427571741146068,0.41053087477299854,0.41372463100065016,0.42690596346549603,0.4236411927560938,0.010459109764886997,114,,0.05,,10.0,31.0,,,,
LGBM,52.16014761924744,6.4581180588330325,0.5306368827819824,0.21856729097171715,-1,,,,500.0,"{'model__learning_rate': 0.05, 'model__max_depth': -1, 'model__min_child_samples': 10, 'model__n_estimators': 500, 'model__num_leaves': 63}",0.3779527559055118,0.3538767395626243,0.3333333333333333,0.3728813559322034,0.36015325670498083,0.35963948828773074,0.01572392984526609,175,0.26813970030231227,0.24079952372843297,0.19273853684661887,0.24497758777575354,0.23513383086349923,0.23635783590332338,0.024528583555882083,194,0.6967268575294963,0.6787485859728506,0.6805641968325792,0.6808504334281458,0.6628473633121135,0.6799474874150371,0.01073866390618261,184,0.4403784613802454,0.40648446828246904,0.40921827351763385,0.41292509448349646,0.4198946703458722,0.4177801936019434,0.012162438833996408,178,,0.05,,10.0,63.0,,,,
LGBM,6.774620294570923,0.619807610348333,0.039952993392944336,0.005522481161952008,-1,,,,200.0,"{'model__learning_rate': 0.05, 'model__max_depth': -1, 'model__min_child_samples': 20, 'model__n_estimators': 200, 'model__num_leaves': 15}",0.412,0.3469387755102041,0.3412698412698413,0.3742690058479532,0.36726546906187624,0.36834861833797494,0.02503321337360399,109,0.3177872078931933,0.24293278595567355,0.2240701059126515,0.2595157913811931,0.26017434814115264,0.26089604785677284,0.031361947729395864,36,0.6893009684103693,0.6990568438914025,0.6844315610859728,0.6965932434872907,0.6914124226827396,0.6921590079115549,0.005209257146319867,43,0.4555420567940021,0.4231142430808202,0.4055582536226868,0.4234710353366549,0.43072908957081846,0.42768293568099647,0.016208172601971223,51,,0.05,,20.0,15.0,,,,
LGBM,13.186092376708984,0.0569823975230642,0.038490009307861325,0.001363749732496801,-1,,,,200.0,"{'model__learning_rate': 0.05, 'model__max_depth': -1, 'model__min_child_samples': 20, 'model__n_estimators': 200, 'model__num_leaves': 31}",0.41106719367588934,0.3562753036437247,0.34951456310679613,0.36475409836065575,0.36327345309381237,0.36897692237617563,0.02173507437005619,102,0.31159405262675477,0.2513031725199381,0.22611521671004778,0.26833804578285625,0.2551177681343177,0.2624936511547829,0.0280999193178054,27,0.6928997335814266,0.7079906674208145,0.6894287330316743,0.7040893494062936,0.685892986139329,0.6960602939159077,0.008533937342717554,3,0.4483995980576213,0.4284419145416756,0.4196992606642141,0.43170045610089286,0.4274202975011452,0.43113230537310976,0.009489087506025706,17,,0.05,,20.0,31.0,,,,
LGBM,22.23499999046326,0.3374609446718675,0.19548916816711426,0.13761960700101195,-1,,,,200.0,"{'model__learning_rate': 0.05, 'model__max_depth': -1, 'model__min_child_samples': 20, 'model__n_estimators': 200, 'model__num_leaves': 63}",0.3952569169960474,0.3467741935483871,0.3391812865497076,0.3735408560311284,0.34782608695652173,0.3605158680163585,0.02088836673309571,163,0.29160583327899997,0.23755330324445423,0.2145630672185974,0.2578418071750431,0.2315308509461111,0.24661897237264122,0.026409045781241723,131,0.6900480681129388,0.6882126696832579,0.679881221719457,0.6957156643640797,0.6838937423811459,0.6875502732521758,0.005395107591717074,117,0.44513397924405684,0.4119874662371788,0.4039439213388031,0.42646873648512373,0.4310179605798071,0.4237104127769939,0.014478393999952682,113,,0.05,,20.0,63.0,,,,
LGBM,10.17743377685547,0.10026965158082458,0.044283151626586914,0.008090356315884797,-1,,,,300.0,"{'model__learning_rate': 0.05, 'model__max_depth': -1, 'model__min_child_samples': 20, 'model__n_estimators': 300, 'model__num_leaves': 15}",0.39595959595959596,0.3522267206477733,0.32064128256513025,0.36726546906187624,0.3629032258064516,0.35979925880816543,0.02434600306918939,172,0.30180084952637953,0.24616681249640238,0.20197357716293565,0.26017434814115264,0.25886513826175833,0.2537961451177257,0.03198316143329221,82,0.6846492155453122,0.7007904411764706,0.6896365950226244,0.6970531965325748,0.687713045735699,0.6919684988025363,0.006013308269117411,48,0.44750862361059807,0.4306881161813708,0.4129516976376975,0.42296299687371935,0.43455479144776554,0.4297332451502303,0.011554910345266105,23,,0.05,,20.0,15.0,,,,
LGBM,14.132747554779053,0.6310400942181625,0.1803354263305664,0.18479613076078327,-1,,,,300.0,"{'model__learning_rate': 0.05, 'model__max_depth': -1, 'model__min_child_samples': 20, 'model__n_estimators': 300, 'model__num_leaves': 31}",0.38306451612903225,0.36363636363636365,0.33528265107212474,0.36072144288577157,0.35671342685370744,0.35988368011539995,0.015280031244013788,171,0.28455385201628836,0.2597811843384038,0.20964861940397872,0.2535494147294434,0.24846858567120492,0.25120033123186386,0.024189310745316592,103,0.6904328949408662,0.7042859162895928,0.6878068438914027,0.7020110953090432,0.6856235044471533,0.6940320509756116,0.007631745337432466,19,0.440356825756554,0.42977847829568727,0.4157752199867776,0.4244241465619637,0.4323021335442773,0.42852736082905196,0.008187843523428736,39,,0.05,,20.0,31.0,,,,
LGBM,20.55132689476013,0.07873070191357717,0.3394991397857666,0.10865092231007203,-1,,,,300.0,"{'model__learning_rate': 0.05, 'model__max_depth': -1, 'model__min_child_samples': 20, 'model__n_estimators': 300, 'model__num_leaves': 63}",0.3968565815324165,0.3665338645418327,0.33397312859884837,0.379110251450677,0.35271317829457366,0.3658374008836696,0.021570443939475176,128,0.29123152833516674,0.25760944408482056,0.20225626558259868,0.26263149613507064,0.2300838520173325,0.24876251723099782,0.030285169873431283,118,0.6887328907120002,0.6857720588235294,0.6788461538461539,0.6893017179105151,0.6768434805183079,0.6838992603621014,0.0051259305236141415,161,0.4420079098590429,0.41171278180349924,0.40424159670897897,0.4219665849932632,0.42525121623941203,0.4210360179208393,0.012864131676486576,150,,0.05,,20.0,63.0,,,,
LGBM,8.260925531387329,0.704615703500468,0.04787297248840332,0.002098889794173944,-1,,,,500.0,"{'model__learning_rate': 0.05, 'model__max_depth': -1, 'model__min_child_samples': 20, 'model__n_estimators': 500, 'model__num_leaves': 15}",0.371900826446281,0.34511434511434513,0.3379721669980119,0.3665338645418327,0.35802469135802467,0.35590917889169915,0.01273857889738314,200,0.28130768292330804,0.2488520352985532,0.22069321324352756,0.2584225337762345,0.2616105266475072,0.2541771983778261,0.019793307231371068,78,0.6803865183744238,0.6971479072398191,0.6892138009049774,0.6939901349948079,0.688939116890153,0.6899354956808363,0.0056772451436407105,85,0.4381363425259097,0.4296744515348592,0.4163965576408115,0.4220458280592333,0.43618909173262754,0.4284884542986882,0.008264496974701302,42,,0.05,,20.0,15.0,,,,
LGBM,20.824946451187134,0.5644152507715102,0.6382000923156739,0.34636064006527867,-1,,,,500.0,"{'model__learning_rate': 0.05, 'model__max_depth': -1, 'model__min_child_samples': 20, 'model__n_estimators': 500, 'model__num_leaves': 31}",0.35714285714285715,0.3531746031746032,0.3533980582524272,0.35856573705179284,0.3499005964214712,0.35443637040863035,0.0030861021909645864,212,0.24501673888987893,0.23911486329880802,0.23100837060240642,0.2483332966461057,0.2365504964883344,0.2400047531851067,0.006134220892629094,176,0.6803851087523434,0.6914621040723983,0.6808880090497738,0.6938109508329947,0.6803664951013588,0.6853825335617738,0.005972186240276033,148,0.43141672219820626,0.4201144027078762,0.4141572387654943,0.4188405583154065,0.4306008022596144,0.4230259448493195,0.006818094968329918,123,,0.05,,20.0,31.0,,,,
LGBM,44.59964156150818,2.961574034070728,0.5170461177825928,0.13115217612613217,-1,,,,500.0,"{'model__learning_rate': 0.05, 'model__max_depth': -1, 'model__min_child_samples': 20, 'model__n_estimators': 500, 'model__num_leaves': 63}",0.384180790960452,0.36538461538461536,0.32954545454545453,0.3677298311444653,0.3531669865642994,0.3600015357198573,0.018152820296022998,168,0.25930942405806745,0.2424973242519787,0.19190764870334504,0.23717314209913146,0.22704190531399865,0.23158588888530426,0.02242267492225454,220,0.6844786512735934,0.674722850678733,0.6762924208144796,0.6788751749514652,0.6679802135536593,0.6764698622543861,0.00538672257865057,205,0.4288739809286622,0.401581902527283,0.4065996265484071,0.4089779680582543,0.4191992978279598,0.4130465551781133,0.00977668858373812,215,,0.05,,20.0,63.0,,,,
LGBM,6.539453840255737,0.7845706927437669,0.07015461921691894,0.023873222297537775,-1,,,,200.0,"{'model__learning_rate': 0.05, 'model__max_depth': -1, 'model__min_child_samples': 30, 'model__n_estimators': 200, 'model__num_leaves': 15}",0.42714570858283435,0.3347107438016529,0.3333333333333333,0.37890625,0.36072144288577157,0.3669634957207184,0.034567959664710546,120,0.33611552335823863,0.23276926883360458,0.2094261568567175,0.2661301517160222,0.2535494147294434,0.25959810309880527,0.04282798251385333,46,0.688274763535896,0.6987146493212669,0.6814677601809955,0.6985586256715879,0.6954899205381734,0.6925011438495839,0.006690760317019294,34,0.4536918436322773,0.4174694213255013,0.402877028760772,0.42578937060814304,0.4270612822105613,0.42537778930745096,0.01657417104502081,87,,0.05,,30.0,15.0,,,,
LGBM,13.451932573318482,0.34210345425306454,0.33462815284729003,0.14374693387360535,-1,,,,200.0,"{'model__learning_rate': 0.05, 'model__max_depth': -1, 'model__min_child_samples': 30, 'model__n_estimators': 200, 'model__num_leaves': 31}",0.4079207920792079,0.34355828220858897,0.3436293436293436,0.38492063492063494,0.36072144288577157,0.3681500991447094,0.02499667470596529,111,0.30843268562955456,0.23952007879670134,0.21653259453358314,0.28005632852592904,0.2535494147294434,0.2596182204430423,0.03193025253231997,45,0.6945264374621165,0.7010180995475114,0.6815526018099547,0.6964239356178608,0.6926935188947582,0.6932429186664403,0.006468153915787834,26,0.44521917216047924,0.4267960165036103,0.40582650030409195,0.4287431236228363,0.4364074634243056,0.4285984552030647,0.01310771136175735,38,,0.05,,30.0,31.0,,,,
LGBM,16.62881441116333,0.92910130600839,0.08819789886474609,0.0037048875244494774,-1,,,,200.0,"{'model__learning_rate': 0.05, 'model__max_depth': -1, 'model__min_child_samples': 30, 'model__n_estimators': 200, 'model__num_leaves': 63}",0.3905325443786982,0.34765625,0.32945736434108525,0.39223300970873787,0.3570057581573896,0.36337698531718216,0.024529041046181137,147,0.28483023279330505,0.22599032527852272,0.20011973677850292,0.28066907522404716,0.2318779997097004,0.24469747395681565,0.03288180473495773,148,0.6846365289465894,0.685862556561086,0.6820856900452488,0.6865617522235766,0.6871980676328503,0.6852689190818702,0.0018043448397444969,149,0.4354954988188004,0.40510621783259826,0.40008370399248133,0.42439262445765075,0.4320850416504261,0.4194326173503914,0.014299145733334306,168,,0.05,,30.0,63.0,,,,
LGBM,6.630545997619629,0.5488186540603399,0.0973860740661621,0.06915551485328543,-1,,,,300.0,"{'model__learning_rate': 0.05, 'model__max_depth': -1, 'model__min_child_samples': 30, 'model__n_estimators': 300, 'model__num_leaves': 15}",0.41140529531568226,0.3421588594704684,0.332,0.3625254582484725,0.348,0.35921792260692464,0.027900288156246622,178,0.32505476689903734,0.23598084688958296,0.2155424070867671,0.26277529291901597,0.236593895578251,0.25518944187453085,0.03801410424477749,75,0.6867410947125075,0.6995701357466063,0.685079185520362,0.6966017088807621,0.6869412840308817,0.690986681778224,0.005907503294844794,68,0.4476709416109872,0.4201647890010848,0.4097187487975007,0.4278508109983181,0.42770714667600074,0.4266224874167783,0.01243511911187184,62,,0.05,,30.0,15.0,,,,
LGBM,9.372994136810302,0.05644479289872587,0.048170280456542966,0.00541666837983166,-1,,,,300.0,"{'model__learning_rate': 0.05, 'model__max_depth': -1, 'model__min_child_samples': 30, 'model__n_estimators': 300, 'model__num_leaves': 31}",0.388,0.3481781376518219,0.3466666666666667,0.39215686274509803,0.3614457831325301,0.36728949003922334,0.019349444397557,117,0.28737994153219437,0.2410304524728666,0.21546445779343742,0.2844072532693162,0.2553100501912412,0.2567184310518112,0.027043615212747382,63,0.6935664848254183,0.6974292986425339,0.682847850678733,0.6949523680527337,0.6920430944963656,0.6921678193391569,0.00498538891679072,42,0.44315790496126106,0.42532474661857644,0.40728657518306133,0.42434602235247026,0.44306650291602134,0.42863635040627807,0.013448355919484633,37,,0.05,,30.0,31.0,,,,
LGBM,26.96240758895874,1.8260987307343068,0.14636430740356446,0.05148518879396226,-1,,,,300.0,"{'model__learning_rate': 0.05, 'model__max_depth': -1, 'model__min_child_samples': 30, 'model__n_estimators': 300, 'model__num_leaves': 63}",0.38132295719844356,0.36432637571157495,0.32170542635658916,0.3719165085388994,0.3653483992467043,0.36092393341044227,0.0205241354825977,161,0.267767483528686,0.2363162721379597,0.19035445555568412,0.24646576941685389,0.23549973363659793,0.23528074285515635,0.025298160830968187,201,0.6810983775249857,0.6764140271493213,0.6771959841628958,0.6838951532800578,0.6788610659623459,0.6794929216159212,0.002724404032708883,185,0.42993635787037154,0.39690231334515175,0.39565757329994283,0.41684414720598734,0.42225708145031593,0.41231949463435386,0.013746934817285991,218,,0.05,,30.0,63.0,,,,
LGBM,8.939619064331055,0.5857699459956741,0.08077516555786132,0.02163869874774047,-1,,,,500.0,"{'model__learning_rate': 0.05, 'model__max_depth': -1, 'model__min_child_samples': 30, 'model__n_estimators': 500, 'model__num_leaves': 15}",0.36400817995910023,0.3387096774193548,0.32677165354330706,0.36619718309859156,0.3691683569979716,0.35297101020366506,0.017022906397165565,219,0.2665698000045696,0.22733094307162177,0.20266014055605555,0.26218742876347606,0.26944102220168886,0.2456378669194824,0.026309133187684217,138,0.6808996208116603,0.6930401583710406,0.6839804864253394,0.6923224524809246,0.6789612397850918,0.6858407915748115,0.005814584197613598,136,0.4372126193457925,0.4185834593687262,0.41767023805639836,0.4218593916988625,0.43212750727543947,0.42549064314904383,0.007791105211354565,84,,0.05,,30.0,15.0,,,,
LGBM,31.550117874145506,0.7920561619969273,0.48322148323059083,0.2150528846641041,-1,,,,500.0,"{'model__learning_rate': 0.05, 'model__max_depth': -1, 'model__min_child_samples': 30, 'model__n_estimators': 500, 'model__num_leaves': 31}",0.3883495145631068,0.3588709677419355,0.34296724470134876,0.39453125,0.3597678916827853,0.36889737373783527,0.01945111434621216,103,0.2758774905049947,0.25288684350370294,0.21498643896979158,0.28585272322161714,0.23824531256634782,0.25356976175329077,0.025549177209685435,85,0.685946067859207,0.6874448529411765,0.6741869343891403,0.6906505372703057,0.6868622736918144,0.6850181332303288,0.005642512363816076,153,0.4266811096305879,0.41744934764145863,0.4040546967575122,0.42179930246957903,0.4340717635291881,0.42081124400566516,0.010033515663612047,153,,0.05,,30.0,31.0,,,,
LGBM,61.382407665252686,3.8010950656903875,0.47704572677612306,0.11462483707405635,-1,,,,500.0,"{'model__learning_rate': 0.05, 'model__max_depth': -1, 'model__min_child_samples': 30, 'model__n_estimators': 500, 'model__num_leaves': 63}",0.3723608445297505,0.35514018691588783,0.32645403377110693,0.37184115523465705,0.34896810506566606,0.3549528651034136,0.016948674996842297,207,0.2513351562316786,0.21950435029539184,0.1847369160176282,0.22944086332350558,0.213571105206253,0.21971767821489144,0.021705689748320083,240,0.6775954666553896,0.6738404977375566,0.6747652714932126,0.6758586730777913,0.6685586821075443,0.674123718214299,0.0030503946280501194,211,0.42744324150519347,0.3928737368348834,0.39455241986887446,0.4084137714227344,0.41316268126415434,0.407289170179168,0.01274346089888681,232,,0.05,,30.0,63.0,,,,
LGBM,8.061827325820923,0.6210111300831421,0.04333901405334473,0.011590465137094292,10,,,,200.0,"{'model__learning_rate': 0.05, 'model__max_depth': 10, 'model__min_child_samples': 10, 'model__n_estimators': 200, 'model__num_leaves': 15}",0.40556660039761433,0.34285714285714286,0.3474903474903475,0.3661417322834646,0.3667953667953668,0.3657702379647872,0.02210929073128532,129,0.3071068080494589,0.23774463728595702,0.22139447032670306,0.25310915116128985,0.24637392827259633,0.253145799019201,0.028993077547960874,90,0.6909121664481752,0.6963857466063348,0.6787231334841629,0.6914222989751231,0.691820172468283,0.6898527035964158,0.005899237354131259,88,0.4557387844782518,0.42416732248296335,0.40574098632195277,0.42322992922810976,0.4396790448957985,0.4297112134814152,0.01687664467927216,27,,0.05,,10.0,15.0,,,,
LGBM,15.871736145019531,0.454132124138952,0.5778155326843262,0.33206678347912133,10,,,,200.0,"{'model__learning_rate': 0.05, 'model__max_depth': 10, 'model__min_child_samples': 10, 'model__n_estimators': 200, 'model__num_leaves': 31}",0.42376237623762375,0.35555555555555557,0.3508771929824561,0.3629032258064516,0.35785288270377735,0.37019024665717293,0.0270645617583742,91,0.32846707694336535,0.249533760457927,0.22930641066245344,0.25886513826175833,0.2466160241988028,0.26255768210486136,0.03431352285151448,26,0.6952890430075698,0.6938574660633484,0.6795517533936651,0.6973396090116936,0.6871938349361144,0.6906463412824783,0.006506543092237576,74,0.4579662012412725,0.41858220603153995,0.40766022045372785,0.4323744821013526,0.4329321468280536,0.4299030513311893,0.016886259717288386,22,,0.05,,10.0,31.0,,,,
LGBM,27.36137185096741,0.2598785437493566,0.11395254135131835,0.04063906110420673,10,,,,200.0,"{'model__learning_rate': 0.05, 'model__max_depth': 10, 'model__min_child_samples': 10, 'model__n_estimators': 200, 'model__num_leaves': 63}",0.4108527131782946,0.3225806451612903,0.3287671232876712,0.3784860557768924,0.375968992248062,0.36333110593044216,0.033175173789665675,148,0.303502675869897,0.20688622272595683,0.20291725360526797,0.2735563894714276,0.25941028217159895,0.24925456476882965,0.03893275651994104,116,0.6886525422534219,0.693420531674208,0.6772709276018098,0.6898265723057475,0.6823417535780396,0.6863024654826455,0.00575960018266717,128,0.4475611975003271,0.41728486308782053,0.40561969144441945,0.4225360804083142,0.43029803897235586,0.4246599742826474,0.01398348568273688,100,,0.05,,10.0,63.0,,,,
LGBM,11.904313564300537,0.36925138032714167,0.03652310371398926,0.0016579844328286511,10,,,,300.0,"{'model__learning_rate': 0.05, 'model__max_depth': 10, 'model__min_child_samples': 10, 'model__n_estimators': 300, 'model__num_leaves': 15}",0.4032258064516129,0.33884297520661155,0.33530571992110453,0.37401574803149606,0.37181996086105673,0.36464204209437634,0.02511695604059048,135,0.31014019371344625,0.23803888847119112,0.21419875225037324,0.2630592336574922,0.25795148664442663,0.2566777109473859,0.03178820861709224,64,0.6849015378976895,0.6956094457013575,0.6814946266968326,0.6877666598943518,0.6861271953587069,0.6871798931097877,0.004690905698634547,122,0.4511281355759238,0.42217697491804074,0.41196206962719967,0.4193789099868635,0.4401893109482569,0.42896708021125696,0.014451711045402922,31,,0.05,,10.0,15.0,,,,
LGBM,20.51263647079468,0.255730531290957,0.0613365650177002,0.010815407629848646,10,,,,300.0,"{'model__learning_rate': 0.05, 'model__max_depth': 10, 'model__min_child_samples': 10, 'model__n_estimators': 300, 'model__num_leaves': 31}",0.40963855421686746,0.3374485596707819,0.341747572815534,0.35030549898167007,0.352,0.35822803713697066,0.02626019311369219,186,0.3165218835523111,0.23443415304764467,0.21632890892533044,0.24722807297259297,0.2416625452444818,0.2512351127484722,0.0342659252628277,102,0.6887512157990442,0.6896804298642533,0.6766303733031673,0.6930702289042394,0.6803227572350896,0.6856910010211588,0.006174892341118869,139,0.4501839573586143,0.4177047772656633,0.4058614355455048,0.4258811204972529,0.42894676130467124,0.4257156103943413,0.014611840673284356,82,,0.05,,10.0,31.0,,,,
LGBM,23.173502922058105,0.809888472600711,0.365834903717041,0.058870795551402885,10,,,,300.0,"{'model__learning_rate': 0.05, 'model__max_depth': 10, 'model__min_child_samples': 10, 'model__n_estimators': 300, 'model__num_leaves': 63}",0.38747553816046965,0.35671342685370744,0.32629558541266795,0.3764705882352941,0.36904761904761907,0.36320055154195163,0.02099341020088027,149,0.27782289103429925,0.24764196797948448,0.19259353225076722,0.26459665161914575,0.25997227084497243,0.24852546274573378,0.029586528162949675,121,0.6824939033845026,0.6862344457013574,0.6740073529411764,0.6855261524222312,0.6779707887489278,0.6812465286396391,0.004645138893812365,174,0.4381508833300475,0.4157843139801261,0.40372181716599875,0.4161050692844984,0.4269841418834095,0.4201492451288161,0.011627924692223495,162,,0.05,,10.0,63.0,,,,
LGBM,10.95693211555481,1.137572548620558,0.04478006362915039,0.0027090853947947828,10,,,,500.0,"{'model__learning_rate': 0.05, 'model__max_depth': 10, 'model__min_child_samples': 10, 'model__n_estimators': 500, 'model__num_leaves': 15}",0.4056795131845842,0.33540372670807456,0.3499005964214712,0.356,0.37524950099800397,0.36444666746242677,0.024262215728802612,138,0.31594039231655074,0.23457617724166238,0.23577294610720662,0.2467311949107126,0.27028750815482266,0.26066164374619094,0.030470817339874442,42,0.6833396766326947,0.6991247171945701,0.6792236990950227,0.6876721296672537,0.6852411508420245,0.6869202746863131,0.006699121106357142,123,0.44891150768001503,0.4245745078503573,0.41089268949224467,0.41827561409393166,0.4460071134283057,0.4297322865089709,0.015136055993894464,25,,0.05,,10.0,15.0,,,,
LGBM,17.006684017181396,0.14599200547441618,0.48997788429260253,0.07911760159039763,10,,,,500.0,"{'model__learning_rate': 0.05, 'model__max_depth': 10, 'model__min_child_samples': 10, 'model__n_estimators': 500, 'model__num_leaves': 31}",0.384,0.35080645161290325,0.34220532319391633,0.36,0.3453815261044177,0.3564786601822475,0.01502579424226377,198,0.2823120638053612,0.24266448333087048,0.2091729569130646,0.2517998445769434,0.23493757127967269,0.2441773839811825,0.02377111117440846,154,0.6805288902045362,0.6854143099547512,0.671443721719457,0.6870922502144566,0.6776928416632805,0.6804344027512963,0.005612198127153916,180,0.4412803605829781,0.4209538212799954,0.4002864753980976,0.41584855518612096,0.4237595194808164,0.42042574638560176,0.013212484661490498,158,,0.05,,10.0,31.0,,,,
LGBM,31.119211530685426,0.31908247225161707,0.4457082271575928,0.11619133730981851,10,,,,500.0,"{'model__learning_rate': 0.05, 'model__max_depth': 10, 'model__min_child_samples': 10, 'model__n_estimators': 500, 'model__num_leaves': 63}",0.4007707129094412,0.36,0.3365200764818356,0.3757115749525617,0.34970530451866405,0.36454153377250054,0.02219578580304161,137,0.2885717246138892,0.2509776853840972,0.20407260371887276,0.25124262760491517,0.23156375577941615,0.2452856794202381,0.02767083182430683,143,0.6780296302561284,0.6752432126696832,0.672852092760181,0.675483373967222,0.6686066526705494,0.6740429924647527,0.0031742886055616086,213,0.43195298831957196,0.4103712764966795,0.4065875006087375,0.403251205621186,0.4099909669875866,0.4124307876067522,0.01009672580303871,216,,0.05,,10.0,63.0,,,,
LGBM,3.9183020114898683,0.34981640686958465,0.03648185729980469,0.0019190882129171418,10,,,,200.0,"{'model__learning_rate': 0.05, 'model__max_depth': 10, 'model__min_child_samples': 20, 'model__n_estimators': 200, 'model__num_leaves': 15}",0.41935483870967744,0.33537832310838445,0.35428571428571426,0.3826429980276134,0.37890625,0.3741136248262779,0.028411464349757803,78,0.33060926707117255,0.22911727135124876,0.22504812856536557,0.27475498558846423,0.2661301517160222,0.2651319608584547,0.03816974741969737,18,0.6902750172678704,0.6923967760180996,0.6855458144796381,0.7003829179646937,0.6891747370084427,0.691555052547749,0.004940749756137343,58,0.45505245620311974,0.41462630440643555,0.4076439036989252,0.43003652630784717,0.4298467273995701,0.42744118360317956,0.01631599362425572,57,,0.05,,20.0,15.0,,,,
LGBM,7.5476133823394775,0.08500362259932798,0.04652047157287598,0.0071379496784843895,10,,,,200.0,"{'model__learning_rate': 0.05, 'model__max_depth': 10, 'model__min_child_samples': 20, 'model__n_estimators': 200, 'model__num_leaves': 31}",0.41338582677165353,0.357429718875502,0.3583815028901734,0.36809815950920244,0.364,0.37225904160930623,0.020925735636241987,82,0.3129081363907208,0.2493792458933201,0.2343929272448381,0.271680241974923,0.2568684942431742,0.26504580914939524,0.02678330420339884,20,0.696708532442452,0.7048472850678733,0.6891515837104073,0.6983046638674433,0.689502065556007,0.6957028261288366,0.005878270885245038,4,0.4544451291362779,0.4285788305829411,0.41877743214575025,0.42667033344442284,0.4355914848676938,0.43281264203541714,0.012069189670765177,6,,0.05,,20.0,31.0,,,,
LGBM,10.943827724456787,0.41101358343176775,0.07187371253967285,0.04214738866667617,10,,,,200.0,"{'model__learning_rate': 0.05, 'model__max_depth': 10, 'model__min_child_samples': 20, 'model__n_estimators': 200, 'model__num_leaves': 63}",0.38645418326693226,0.36182902584493043,0.3481624758220503,0.3699421965317919,0.3481624758220503,0.36291007145755105,0.014421704459774918,151,0.28374646067464715,0.2508526789708857,0.22295939412939533,0.2496136124815172,0.2236136024251141,0.2461571497363119,0.022330691063605808,132,0.6875163868566837,0.6933413461538461,0.6868311651583712,0.697132206871642,0.6833378482098516,0.6896317906500788,0.004938606955954801,90,0.4436687759550078,0.4220275264067549,0.4208338283813211,0.4282346693523085,0.43270292062074867,0.42949354414322816,0.00828919969538338,29,,0.05,,20.0,63.0,,,,
LGBM,4.645205736160278,0.25261381010359796,0.03787689208984375,0.0013484970295774452,10,,,,300.0,"{'model__learning_rate': 0.05, 'model__max_depth': 10, 'model__min_child_samples': 20, 'model__n_estimators': 300, 'model__num_leaves': 15}",0.4024390243902439,0.3483606557377049,0.3508771929824561,0.3697813121272366,0.3595959595959596,0.3662108289667202,0.019609875406236297,125,0.31273152561288986,0.24652212703512996,0.22930641066245344,0.26171431576450543,0.2555292337836393,0.26116072257172357,0.028001976802366033,33,0.6887667216419278,0.695827205882353,0.6900381787330317,0.694402117477087,0.6849547383629058,0.690797792419461,0.00392758707263218,73,0.45147901322269834,0.42109313500112294,0.4120399632458403,0.42628901041306566,0.43106880975324013,0.4283939863271935,0.01315492737917308,44,,0.05,,20.0,15.0,,,,
LGBM,8.37659158706665,0.1266237627774777,0.04091000556945801,0.002245467011029209,10,,,,300.0,"{'model__learning_rate': 0.05, 'model__max_depth': 10, 'model__min_child_samples': 20, 'model__n_estimators': 300, 'model__num_leaves': 31}",0.398422090729783,0.3460764587525151,0.3576923076923077,0.36693548387096775,0.3614457831325301,0.36611442483562073,0.017542564069961714,127,0.29480145859885454,0.2358311982389344,0.23281441883526222,0.26398317949690236,0.2553100501912412,0.25654806107223893,0.022417003630040656,67,0.6945193893517149,0.6967944004524886,0.6916515837104072,0.6940479818501962,0.6838937423811458,0.6921814195491905,0.004454123242413355,41,0.4447731528880677,0.425198895589304,0.4217371062696751,0.4196993847064813,0.4370575002348251,0.42969320793767063,0.00964377976477434,28,,0.05,,20.0,31.0,,,,
LGBM,14.718461990356445,0.4093227808395138,0.16615419387817382,0.08833926230800845,10,,,,300.0,"{'model__learning_rate': 0.05, 'model__max_depth': 10, 'model__min_child_samples': 20, 'model__n_estimators': 300, 'model__num_leaves': 63}",0.383399209486166,0.3406813627254509,0.3313840155945419,0.3931947069943289,0.3391812865497076,0.35756811627003904,0.025476830352306353,189,0.27661466876818386,0.22734490539435165,0.20473417158936003,0.27188239807589437,0.21523777381435877,0.23916278352842973,0.02956556962958007,179,0.6845984691504208,0.688050056561086,0.6865115950226244,0.6914773240326876,0.6790035667524493,0.6859282023038535,0.004131685667951464,134,0.4369555110068127,0.41451384399649527,0.41628355545121276,0.4200266205249601,0.4331114169769569,0.4241781895912875,0.009121653838788359,107,,0.05,,20.0,63.0,,,,
LGBM,7.550161600112915,0.09726678443249255,0.05161595344543457,0.006291082759116036,10,,,,500.0,"{'model__learning_rate': 0.05, 'model__max_depth': 10, 'model__min_child_samples': 20, 'model__n_estimators': 500, 'model__num_leaves': 15}",0.37037037037037035,0.33402922755741127,0.3359683794466403,0.37424547283702214,0.3613963039014374,0.3552019508225763,0.017025399676334558,205,0.277456021497776,0.23658948942577585,0.21580808373301097,0.2723984752655587,0.26498154233092086,0.2534467224506084,0.023535083917139026,86,0.6834834580848874,0.6974420248868778,0.6898713235294118,0.6944472662422683,0.6816292496275227,0.6893746644741936,0.006095211674932718,100,0.4413516265386605,0.42202543907827167,0.4143062612383497,0.42242121637525565,0.43781352623115255,0.427583613892338,0.01027658530423016,54,,0.05,,20.0,15.0,,,,
LGBM,15.961868810653687,0.6997610625156593,0.21143407821655275,0.11343406445864598,10,,,,500.0,"{'model__learning_rate': 0.05, 'model__max_depth': 10, 'model__min_child_samples': 20, 'model__n_estimators': 500, 'model__num_leaves': 31}",0.37401574803149606,0.3712574850299401,0.3346303501945525,0.3562753036437247,0.3380855397148676,0.3548528853229162,0.016299964897953562,208,0.2631654296258224,0.2644005345972037,0.20809131228793218,0.2521795275201598,0.23168085302617,0.24390353141145762,0.02140817077412204,155,0.6884199546101689,0.690360576923077,0.6848543552036199,0.683127624271976,0.6803100591448824,0.6854145140307448,0.0036081938299799272,147,0.4383937649609846,0.42523160473634436,0.4170313625232579,0.41158902008713627,0.4342819202805611,0.4253055345176568,0.010084517176645212,89,,0.05,,20.0,31.0,,,,
LGBM,26.156434535980225,0.543425599991287,0.5872216701507569,0.31286766933461324,10,,,,500.0,"{'model__learning_rate': 0.05, 'model__max_depth': 10, 'model__min_child_samples': 20, 'model__n_estimators': 500, 'model__num_leaves': 63}",0.37764932562620424,0.3568627450980392,0.32755298651252407,0.3880597014925373,0.35384615384615387,0.3607941825150917,0.02095811436477639,162,0.25943737401567296,0.23910860428522865,0.19557995069474507,0.2607918127070299,0.2286104837725782,0.23670564509505096,0.02391444567439043,193,0.6805274805824558,0.6756165158371041,0.6769372171945701,0.6853512009571537,0.6689579664996163,0.67747807621418,0.005433878270342109,199,0.43100896032248015,0.40847286980500463,0.40792603942622985,0.41674817115617624,0.41970094511167555,0.41677139716431333,0.008466367640895422,191,,0.05,,20.0,63.0,,,,
LGBM,3.8661388397216796,0.33590190772952366,0.042265462875366214,0.005193477499138875,10,,,,200.0,"{'model__learning_rate': 0.05, 'model__max_depth': 10, 'model__min_child_samples': 30, 'model__n_estimators': 200, 'model__num_leaves': 15}",0.412573673870334,0.3306122448979592,0.3465160075329567,0.35968379446640314,0.3658051689860835,0.36303817795074733,0.02755756423781853,150,0.3110836356707124,0.22218019127680746,0.21125832125682828,0.2465243280012444,0.2566815519092712,0.24954560562297273,0.034818848448782226,114,0.6897576859643929,0.6945559954751132,0.6843834841628958,0.6985445166824686,0.6885299562056977,0.6911543276981137,0.00491667556242092,64,0.4527026115777435,0.41452008391692474,0.3987656062115577,0.42548541649278776,0.42866790180150743,0.4240283240001042,0.017745281673367665,108,,0.05,,30.0,15.0,,,,
LGBM,6.2282639503479,0.28258421145284995,0.06506671905517578,0.01774503332158312,10,,,,200.0,"{'model__learning_rate': 0.05, 'model__max_depth': 10, 'model__min_child_samples': 30, 'model__n_estimators': 200, 'model__num_leaves': 31}",0.3992015968063872,0.3469387755102041,0.3520309477756286,0.3992248062015504,0.34274193548387094,0.3680276123555283,0.02563232327525955,112,0.3007248654168246,0.24293278595567355,0.22783160907548317,0.2887367123258654,0.23327493208603822,0.258700180971977,0.030053918466327236,53,0.6904653162487138,0.699449943438914,0.6885152714932127,0.6932070860986952,0.68422107092871,0.6911717376416491,0.005070284920988463,62,0.4472867407431772,0.42486468892698515,0.4066845407361427,0.4238878674920875,0.4262452560646171,0.425793818792602,0.01289813885869022,77,,0.05,,30.0,31.0,,,,
LGBM,10.433081674575806,0.2082385738642669,0.0403632640838623,0.005915956523796374,10,,,,200.0,"{'model__learning_rate': 0.05, 'model__max_depth': 10, 'model__min_child_samples': 30, 'model__n_estimators': 200, 'model__num_leaves': 63}",0.40229885057471265,0.35968379446640314,0.35067437379576105,0.38022813688212925,0.39615384615384613,0.37780780037457046,0.02003471683113046,59,0.28832728350025943,0.24575953436067502,0.22468968310731485,0.25761619002932235,0.28191926128459327,0.259662390456433,0.023399192274135217,44,0.6832410030870724,0.6952927036199096,0.6824349547511313,0.6899930583773534,0.6896304573569912,0.6881184354384915,0.0047615511012716345,112,0.44102109887871566,0.4152972208531896,0.4091983183396618,0.4233612591130235,0.4401034566156994,0.425796270760058,0.012869672206924126,76,,0.05,,30.0,63.0,,,,
LGBM,5.711424112319946,0.11618408151209143,0.04237980842590332,0.004209395995280224,10,,,,300.0,"{'model__learning_rate': 0.05, 'model__max_depth': 10, 'model__min_child_samples': 30, 'model__n_estimators': 300, 'model__num_leaves': 15}",0.37782340862423,0.3380855397148676,0.33203125,0.368,0.3614457831325301,0.35547719629432556,0.01757259208656148,204,0.28602100924080953,0.23080582831744298,0.20628940222143655,0.261937143909405,0.2553100501912412,0.24807268677606703,0.027308112523193276,123,0.6872964858121537,0.6964932126696832,0.689352375565611,0.6953516524448057,0.6859056842295363,0.690879882144358,0.0042760462982549706,72,0.4473009300753479,0.41813374478295995,0.4094986212272782,0.42281182667623607,0.429856430286828,0.42552031060973006,0.0127419707169585,83,,0.05,,30.0,15.0,,,,
LGBM,8.530981063842773,0.44909497391603226,0.04095292091369629,0.005035295121851811,10,,,,300.0,"{'model__learning_rate': 0.05, 'model__max_depth': 10, 'model__min_child_samples': 30, 'model__n_estimators': 300, 'model__num_leaves': 31}",0.3872255489021956,0.35785288270377735,0.3254901960784314,0.3708086785009862,0.34274193548387094,0.3568238483338523,0.021452253108535647,194,0.28555744058478993,0.24582610134965932,0.19953200771388047,0.2597958347664889,0.23327493208603822,0.24479726330017132,0.028527583795114057,147,0.6853399303646692,0.6964592760180995,0.6883427601809955,0.6873292812316583,0.6844581019459117,0.6883858699482668,0.004266221587394675,111,0.4362422626301171,0.4243059007355702,0.4090458039836445,0.41767687019730365,0.4294226506913622,0.42333869764759957,0.009389303010087526,118,,0.05,,30.0,31.0,,,,
LGBM,14.210221004486083,0.864085782510591,0.4014142990112305,0.12262001221082001,10,,,,300.0,"{'model__learning_rate': 0.05, 'model__max_depth': 10, 'model__min_child_samples': 30, 'model__n_estimators': 300, 'model__num_leaves': 63}",0.39223300970873787,0.3466135458167331,0.35877862595419846,0.3870967741935484,0.38783269961977185,0.37451093105859795,0.01830690888122699,77,0.2807750492214766,0.23241774371281468,0.23138649287902352,0.26557320216909897,0.2671892540045954,0.25546834839740185,0.019955866035491973,73,0.6763451318701457,0.6894555995475113,0.6827799773755656,0.6897898889340377,0.6898336268003069,0.6856408449055135,0.0053654670478235425,141,0.4364459194592363,0.4120920483809787,0.4108141986430126,0.4224232296250584,0.4443768943934505,0.42523045810034726,0.013271770602495028,92,,0.05,,30.0,63.0,,,,
LGBM,7.122288513183594,0.12574979208061093,0.04381771087646484,0.005525578817984319,10,,,,500.0,"{'model__learning_rate': 0.05, 'model__max_depth': 10, 'model__min_child_samples': 30, 'model__n_estimators': 500, 'model__num_leaves': 15}",0.375,0.3401639344262295,0.3235867446393762,0.3654618473895582,0.36885245901639346,0.35461299709431154,0.01953199154934892,211,0.2743193153374252,0.23609255586241237,0.19490527596012266,0.2604031699191333,0.27356055548321095,0.24785617451246092,0.029868446556157533,125,0.6802215925910262,0.6926300904977376,0.6881320701357467,0.6914251207729468,0.6778692040272698,0.6860556156049455,0.005956846956732634,131,0.43741771552306674,0.41903339639784676,0.4134666047043283,0.4209613795078137,0.4324867036837928,0.4246731599633697,0.00888421397631061,99,,0.05,,30.0,15.0,,,,
LGBM,17.48991975784302,0.36476736851561287,0.282424783706665,0.11750817823061245,10,,,,500.0,"{'model__learning_rate': 0.05, 'model__max_depth': 10, 'model__min_child_samples': 30, 'model__n_estimators': 500, 'model__num_leaves': 31}",0.38323353293413176,0.35968379446640314,0.3288201160541586,0.3893129770992366,0.3568627450980392,0.36358263313039385,0.021526722441757212,144,0.28050163230744507,0.24575953436067502,0.19859831939895609,0.2704476990880556,0.2398333995564326,0.2470281169423129,0.02852287365922509,128,0.6798790544255084,0.6834304298642535,0.6748557692307692,0.6836270824867939,0.6788173280960765,0.6801219328206802,0.0032473278007369238,181,0.4336918344794362,0.41446514413797464,0.3972542141383876,0.41573600068519573,0.42570465328329626,0.4173703693448581,0.012260682751094787,186,,0.05,,30.0,31.0,,,,
LGBM,24.79544358253479,0.7120199985558632,0.5724659442901612,0.2806119669697398,10,,,,500.0,"{'model__learning_rate': 0.05, 'model__max_depth': 10, 'model__min_child_samples': 30, 'model__n_estimators': 500, 'model__num_leaves': 63}",0.39846743295019155,0.3508771929824561,0.3484848484848485,0.3902439024390244,0.3563218390804598,0.36887904318739606,0.021116833015141084,105,0.2835020337464615,0.22930641066245344,0.2157227144006599,0.2654955863705856,0.23030781134743988,0.2448669113055201,0.02538383621932706,146,0.6745788754035044,0.6785647624434388,0.6792618778280543,0.6825124723463812,0.6821329405390761,0.6794101857120909,0.002867607756952415,186,0.43153467991709654,0.4030976565259224,0.40658813695019197,0.4156436629271471,0.43563042858346124,0.4184989129807638,0.013043295483663389,173,,0.05,,30.0,63.0,,,,
LGBM,5.413253831863403,0.3804968553147108,0.04382343292236328,0.0035010090616622207,20,,,,200.0,"{'model__learning_rate': 0.05, 'model__max_depth': 20, 'model__min_child_samples': 10, 'model__n_estimators': 200, 'model__num_leaves': 15}",0.421259842519685,0.3441295546558704,0.34307992202729043,0.3747534516765286,0.3668639053254438,0.3700173352409637,0.028474447793062616,92,0.32285667774370047,0.23589409244933088,0.21947751503321608,0.264782218373814,0.25480945115916376,0.259563990951845,0.035278858808339114,48,0.68983239593465,0.7023020361990951,0.6824476809954751,0.6925496072057429,0.6908565285114452,0.6915976497692817,0.006369888887268635,55,0.4539354835149662,0.42997031683193565,0.4043559042120204,0.4219222631445124,0.43226603946087083,0.4284900014328611,0.016059341145574297,40,,0.05,,10.0,15.0,,,,
LGBM,7.142425394058227,0.46275153399063296,0.039114189147949216,0.005630028996776826,20,,,,200.0,"{'model__learning_rate': 0.05, 'model__max_depth': 20, 'model__min_child_samples': 10, 'model__n_estimators': 200, 'model__num_leaves': 31}",0.4015748031496063,0.34959349593495936,0.35428571428571426,0.3687374749498998,0.358148893360161,0.3664680763360681,0.018654772321606453,123,0.29798532436125125,0.2445525641948087,0.22504812856536557,0.26371107284592044,0.2519763822613934,0.25665469444574784,0.02418816493078649,65,0.6893742687585458,0.6961142533936653,0.6824448529411765,0.6926695336132556,0.6885370107002573,0.68982798388138,0.004560146508766271,89,0.4520060632211817,0.4206591927669478,0.4022942940918483,0.4213683321144237,0.4372257945096766,0.4267107353408156,0.01680324447790273,60,,0.05,,10.0,31.0,,,,
LGBM,13.82990746498108,1.303406923740223,0.05414142608642578,0.014738245880518596,20,,,,200.0,"{'model__learning_rate': 0.05, 'model__max_depth': 20, 'model__min_child_samples': 10, 'model__n_estimators': 200, 'model__num_leaves': 63}",0.3968565815324165,0.35080645161290325,0.3524904214559387,0.37209302325581395,0.3862332695984704,0.37169594949110857,0.018164647956455723,87,0.29123152833516674,0.24266448333087048,0.22486159946907153,0.2545225438125545,0.2672742808673563,0.2561108871630039,0.022440710271005578,69,0.6930900325622701,0.6941487556561086,0.6872186085972851,0.6888925572260598,0.6764879339925054,0.6879675776068458,0.0062872134723190145,113,0.44250984021900874,0.4105830117637356,0.42236923099106577,0.4197293680135666,0.426505210690249,0.4243393323355251,0.010480723370285215,104,,0.05,,10.0,63.0,,,,
LGBM,5.1427469730377195,0.01761564740054819,0.03846068382263183,0.0031347992617248113,20,,,,300.0,"{'model__learning_rate': 0.05, 'model__max_depth': 20, 'model__min_child_samples': 10, 'model__n_estimators': 300, 'model__num_leaves': 15}",0.4153225806451613,0.345679012345679,0.35363457760314343,0.3592814371257485,0.348,0.3643835215439465,0.02590226725944675,139,0.325491998731741,0.24491802777204116,0.23579859878567105,0.2500611881274827,0.236593895578251,0.2585727417990374,0.03387865398943188,54,0.6857585881225243,0.7028506787330318,0.6879694570135747,0.6891959004921215,0.6865800939094315,0.6904709436541367,0.006300571680311661,77,0.4548904778095739,0.4326592182373699,0.4132701237390076,0.41891794495139356,0.43029006981826673,0.4300055669111223,0.014348463447897718,20,,0.05,,10.0,15.0,,,,
LGBM,10.055734539031983,0.07201281011647409,0.05264348983764648,0.0051832867550509545,20,,,,300.0,"{'model__learning_rate': 0.05, 'model__max_depth': 20, 'model__min_child_samples': 10, 'model__n_estimators': 300, 'model__num_leaves': 31}",0.3855421686746988,0.3497942386831276,0.3372093023255814,0.3654223968565815,0.36327345309381237,0.3602483119267603,0.016222117210236663,166,0.2859677995485476,0.2501599651342394,0.20988501800132175,0.2514189449116374,0.2551177681343177,0.25050989914601274,0.024206713711721922,109,0.6899663100322804,0.7011170814479637,0.6788617081447964,0.689153573524764,0.6801238204885096,0.6878444987276627,0.00803338796812659,116,0.450041679917603,0.42324310675847787,0.4039325905179648,0.4163710034643427,0.4364595062765068,0.42600957738697903,0.0159667891703606,73,,0.05,,10.0,31.0,,,,
LGBM,20.125807285308838,0.27206069173923003,0.4909191131591797,0.3104902700962012,20,,,,300.0,"{'model__learning_rate': 0.05, 'model__max_depth': 20, 'model__min_child_samples': 10, 'model__n_estimators': 300, 'model__num_leaves': 63}",0.40310077519379844,0.348,0.3465160075329567,0.3795066413662239,0.36186770428015563,0.36779822567462694,0.021276421848911386,114,0.2937287389046307,0.2357911375423843,0.21125832125682828,0.2560194857929764,0.24311478103273537,0.24798249290591104,0.027123055968800623,124,0.6896731086395737,0.696408371040724,0.6850296945701357,0.6867903178473068,0.6693685380829835,0.6854540060361447,0.008927563925067427,145,0.44001016333694326,0.41450423224303856,0.41950782993020697,0.41752977775701416,0.42040839828169385,0.4223920803097793,0.009038925571452253,134,,0.05,,10.0,63.0,,,,
LGBM,8.95222749710083,0.06885070348234668,0.058046722412109376,0.028699875559499106,20,,,,500.0,"{'model__learning_rate': 0.05, 'model__max_depth': 20, 'model__min_child_samples': 10, 'model__n_estimators': 500, 'model__num_leaves': 15}",0.3975659229208925,0.33195020746887965,0.33532934131736525,0.36767676767676766,0.36065573770491804,0.3586355954177646,0.023902659184086544,183,0.3056293427572657,0.23109773825364333,0.21894866332571872,0.26579058442380743,0.2631155360825016,0.2569163729685873,0.030325842286625642,60,0.6784708419672685,0.6975113122171945,0.6837556561085973,0.6881264391168902,0.6888163686848165,0.6873361236189534,0.006289088223383169,119,0.4411197537832877,0.43011975187211765,0.4135529174728153,0.41876557129596825,0.4396254797780007,0.428636694840438,0.010988530682853567,35,,0.05,,10.0,15.0,,,,
LGBM,18.811358070373537,0.8757419883179118,0.6035249710083008,0.3260517857416079,20,,,,500.0,"{'model__learning_rate': 0.05, 'model__max_depth': 20, 'model__min_child_samples': 10, 'model__n_estimators': 500, 'model__num_leaves': 31}",0.388,0.36072144288577157,0.341747572815534,0.38684719535783363,0.3493975903614458,0.36534276028411694,0.019016461970720877,134,0.28737994153219437,0.25271623362576767,0.21632890892533044,0.2723859695625598,0.2400306910075648,0.25376834893068345,0.02477053416841995,84,0.6856754204197855,0.6925212104072398,0.6797737556561084,0.6902710054630006,0.6718954580342227,0.6840273699960714,0.00747155809422083,159,0.4398389989342535,0.4101746671597286,0.4116629186220195,0.42077311169884324,0.4280521176586557,0.42210036281470015,0.010981863692100212,137,,0.05,,10.0,31.0,,,,
LGBM,56.07874164581299,0.7296549779392634,0.588412094116211,0.16213118959000422,20,,,,500.0,"{'model__learning_rate': 0.05, 'model__max_depth': 20, 'model__min_child_samples': 10, 'model__n_estimators': 500, 'model__num_leaves': 63}",0.402321083172147,0.3485148514851485,0.3560606060606061,0.3789868667917448,0.3415559772296015,0.36548787694784957,0.022309642137113977,132,0.2919998274442338,0.2324369427341864,0.22524874067958586,0.25133436423485855,0.20825090391236373,0.2418541558010457,0.028628883971583023,166,0.6886807346950282,0.6866346153846153,0.6772610294117647,0.6776138313242132,0.6573109959817598,0.6775002413594763,0.011100594344584618,198,0.4382303875461153,0.4097596177133497,0.41356323227782266,0.40599343140727756,0.41246397784770716,0.4160021293584545,0.011416699903714656,198,,0.05,,10.0,63.0,,,,
LGBM,3.2480327606201174,0.07067768396536493,0.0338198184967041,0.0018499059740327286,20,,,,200.0,"{'model__learning_rate': 0.05, 'model__max_depth': 20, 'model__min_child_samples': 20, 'model__n_estimators': 200, 'model__num_leaves': 15}",0.412,0.3469387755102041,0.3412698412698413,0.3742690058479532,0.36726546906187624,0.36834861833797494,0.02503321337360399,109,0.3177872078931933,0.24293278595567355,0.2240701059126515,0.2595157913811931,0.26017434814115264,0.26089604785677284,0.031361947729395864,36,0.6893009684103693,0.6990568438914025,0.6844315610859728,0.6965932434872907,0.6914124226827396,0.6921590079115549,0.005209257146319867,43,0.4555420567940021,0.4231142430808202,0.4055582536226868,0.4234710353366549,0.43072908957081846,0.42768293568099647,0.016208172601971223,51,,0.05,,20.0,15.0,,,,
LGBM,9.60797667503357,0.8691867497526329,0.10979204177856446,0.05818396323795599,20,,,,200.0,"{'model__learning_rate': 0.05, 'model__max_depth': 20, 'model__min_child_samples': 20, 'model__n_estimators': 200, 'model__num_leaves': 31}",0.40159045725646125,0.3543788187372709,0.3346456692913386,0.3737166324435318,0.372,0.36726631554572053,0.02223670477753037,118,0.3020748155379281,0.2515059026060029,0.212598734732856,0.2806899497617205,0.2670057935756358,0.26277503924282863,0.030093091209732102,25,0.6901932591872119,0.6978068438914028,0.6939394796380091,0.6964606189895707,0.6887204275588061,0.6934241258530001,0.003500210695121323,24,0.4520810998005568,0.4249587733525181,0.41794322272287227,0.4283036899033798,0.43339445427898154,0.4313362480116617,0.01152238522942482,14,,0.05,,20.0,31.0,,,,
LGBM,27.331893396377563,0.5753305860283181,0.10489835739135742,0.02555033579798774,20,,,,200.0,"{'model__learning_rate': 0.05, 'model__max_depth': 20, 'model__min_child_samples': 20, 'model__n_estimators': 200, 'model__num_leaves': 63}",0.3968871595330739,0.3486973947895792,0.3346456692913386,0.4007707129094412,0.3679060665362035,0.36978140061192727,0.02599088855044838,95,0.2874004384235716,0.23749343668691808,0.212598734732856,0.28846557149805546,0.2530098872834223,0.2557936137249647,0.029240011545562692,71,0.6857360341692392,0.6867760180995476,0.6812994909502261,0.6911161339112374,0.6822585105422367,0.6854372375344975,0.0035030480720371145,146,0.43879999931944613,0.41477894432000867,0.40867558206028404,0.4278860975401576,0.42918026159348366,0.423864176966676,0.010777293330765651,110,,0.05,,20.0,63.0,,,,
LGBM,11.505057048797607,0.4066772972728338,0.03927192687988281,0.0015391564011685874,20,,,,300.0,"{'model__learning_rate': 0.05, 'model__max_depth': 20, 'model__min_child_samples': 20, 'model__n_estimators': 300, 'model__num_leaves': 15}",0.39595959595959596,0.3522267206477733,0.32064128256513025,0.36726546906187624,0.3629032258064516,0.35979925880816543,0.02434600306918939,172,0.30180084952637953,0.24616681249640238,0.20197357716293565,0.26017434814115264,0.25886513826175833,0.2537961451177257,0.03198316143329221,82,0.6846492155453122,0.7007904411764706,0.6896365950226244,0.6970531965325748,0.687713045735699,0.6919684988025363,0.006013308269117411,48,0.44750862361059807,0.4306881161813708,0.4129516976376975,0.42296299687371935,0.43455479144776554,0.4297332451502303,0.011554910345266105,23,,0.05,,20.0,15.0,,,,
LGBM,20.49707908630371,0.21952780383446627,0.04187078475952148,0.006384834843291712,20,,,,300.0,"{'model__learning_rate': 0.05, 'model__max_depth': 20, 'model__min_child_samples': 20, 'model__n_estimators': 300, 'model__num_leaves': 31}",0.3878787878787879,0.35412474849094566,0.33136094674556216,0.37575757575757573,0.3527054108216433,0.36036549393890294,0.019661053182042334,164,0.2915410452155917,0.2460287238796712,0.20921819873879974,0.2760519350639756,0.2433877566129664,0.25324553190220095,0.02854590157021394,88,0.6902214516288183,0.6980995475113123,0.6900452488687784,0.695724129757551,0.6822429906542057,0.6912666736841332,0.00548759150326775,60,0.4451417122774365,0.4306100002846359,0.41768715362164077,0.42344669642755783,0.43365488672842684,0.4301080898679396,0.009354093270750069,19,,0.05,,20.0,31.0,,,,
LGBM,41.31516537666321,0.08873505517992086,0.2961113452911377,0.19652594532356563,20,,,,300.0,"{'model__learning_rate': 0.05, 'model__max_depth': 20, 'model__min_child_samples': 20, 'model__n_estimators': 300, 'model__num_leaves': 63}",0.3861003861003861,0.3826429980276134,0.32495164410058025,0.3893129770992366,0.3650485436893204,0.3696113098034274,0.02385445369165338,96,0.270816653064123,0.2739653943892552,0.19372610445286825,0.2704476990880556,0.2463807747089295,0.2510673251406463,0.030331290008827574,104,0.6807938991556364,0.686589366515837,0.6775805995475113,0.6853258047767394,0.676311571628516,0.6813202483248479,0.004078160067335416,172,0.43060176980672604,0.4168683640241142,0.40567767493766116,0.4213829170883284,0.4258204727426352,0.42007023971989293,0.008521729362532772,164,,0.05,,20.0,63.0,,,,
LGBM,18.1314998626709,0.36906138050730647,0.10670571327209473,0.024104628816645934,20,,,,500.0,"{'model__learning_rate': 0.05, 'model__max_depth': 20, 'model__min_child_samples': 20, 'model__n_estimators': 500, 'model__num_leaves': 15}",0.371900826446281,0.34511434511434513,0.3379721669980119,0.3665338645418327,0.35802469135802467,0.35590917889169915,0.01273857889738314,200,0.28130768292330804,0.2488520352985532,0.22069321324352756,0.2584225337762345,0.2616105266475072,0.2541771983778261,0.019793307231371068,78,0.6803865183744238,0.6971479072398191,0.6892138009049774,0.6939901349948079,0.688939116890153,0.6899354956808363,0.0056772451436407105,85,0.4381363425259097,0.4296744515348592,0.4163965576408115,0.4220458280592333,0.43618909173262754,0.4284884542986882,0.008264496974701302,42,,0.05,,20.0,15.0,,,,
LGBM,36.36884174346924,0.16968913023882992,0.19137849807739257,0.04890271433355793,20,,,,500.0,"{'model__learning_rate': 0.05, 'model__max_depth': 20, 'model__min_child_samples': 20, 'model__n_estimators': 500, 'model__num_leaves': 31}",0.38735177865612647,0.3562753036437247,0.32806324110671936,0.3705179282868526,0.35129740518962077,0.3587011313766088,0.019798365592061325,182,0.28161172360512254,0.2513031725199381,0.20582426685712296,0.26346715234129886,0.23994802811381266,0.24843086868745906,0.025387359816328035,122,0.678499034408875,0.6908173076923078,0.680691459276018,0.6905856359203576,0.680896993092239,0.6842980860779595,0.005295993280289111,156,0.43457324738091707,0.42633441701818364,0.41128237116927713,0.41811512869146344,0.43203042444708567,0.42446711774138535,0.00868342764426228,103,,0.05,,20.0,31.0,,,,
LGBM,55.50777506828308,0.5554547088604243,0.33491106033325196,0.2274345836429302,20,,,,500.0,"{'model__learning_rate': 0.05, 'model__max_depth': 20, 'model__min_child_samples': 20, 'model__n_estimators': 500, 'model__num_leaves': 63}",0.3730769230769231,0.36328125,0.33460076045627374,0.3840304182509506,0.3504761904761905,0.36109310845206755,0.017257366003207826,160,0.25295390705620363,0.2456912483356089,0.19960865517710702,0.26240272201695886,0.22085121017528425,0.23630154855223254,0.022942624706876854,195,0.6784708419672686,0.6827828054298642,0.6703280542986426,0.6801732019504266,0.6671816447695155,0.6757873096831435,0.005987241354770894,209,0.42698622551346865,0.41317318882514786,0.4063631374609593,0.41379897341071886,0.4217124854777311,0.41640680213760517,0.007186190931663797,194,,0.05,,20.0,63.0,,,,
LGBM,7.085659980773926,0.11835785073675176,0.03368673324584961,0.001889551041125571,20,,,,200.0,"{'model__learning_rate': 0.05, 'model__max_depth': 20, 'model__min_child_samples': 30, 'model__n_estimators': 200, 'model__num_leaves': 15}",0.42714570858283435,0.3347107438016529,0.3333333333333333,0.37890625,0.36072144288577157,0.3669634957207184,0.034567959664710546,120,0.33611552335823863,0.23276926883360458,0.2094261568567175,0.2661301517160222,0.2535494147294434,0.25959810309880527,0.04282798251385333,46,0.688274763535896,0.6987146493212669,0.6814677601809955,0.6985586256715879,0.6954899205381734,0.6925011438495839,0.006690760317019294,34,0.4536918436322773,0.4174694213255013,0.402877028760772,0.42578937060814304,0.4270612822105613,0.42537778930745096,0.01657417104502081,87,,0.05,,30.0,15.0,,,,
LGBM,14.559791946411133,0.048752611693128556,0.044713068008422854,0.010368173503184482,20,,,,200.0,"{'model__learning_rate': 0.05, 'model__max_depth': 20, 'model__min_child_samples': 30, 'model__n_estimators': 200, 'model__num_leaves': 31}",0.4056795131845842,0.3421588594704684,0.3479923518164436,0.3708086785009862,0.36693548387096775,0.36671497736869,0.0223095571324363,122,0.31594039231655074,0.23598084688958296,0.21850692504412392,0.2597958347664889,0.26398317949690236,0.25884143570272977,0.032976108091034,52,0.6921188029489294,0.7006419683257918,0.6819598416289593,0.6940508036480202,0.6905757596279741,0.691869435235935,0.0060274626710118615,50,0.4491673485425829,0.421630972860522,0.40629996661955997,0.4208522960212366,0.4313806593748707,0.42586624868375444,0.014136949149783612,74,,0.05,,30.0,31.0,,,,
LGBM,25.571296548843385,0.3587262073581161,0.05216236114501953,0.012839651095834707,20,,,,200.0,"{'model__learning_rate': 0.05, 'model__max_depth': 20, 'model__min_child_samples': 30, 'model__n_estimators': 200, 'model__num_leaves': 63}",0.3952569169960474,0.3346613545816733,0.35384615384615387,0.3800383877159309,0.3824091778202677,0.36924239819201465,0.02190691936956287,99,0.29160583327899997,0.2173027234896112,0.22797296612690396,0.260894566083911,0.26245825403180395,0.252046868602246,0.02660187506017817,97,0.6904624970045531,0.6811298076923077,0.6872765837104073,0.6885906248589101,0.6808222154499073,0.6856563457432171,0.003954557304300565,140,0.4445275330941192,0.40139517232857447,0.4106835089820372,0.4216799637361411,0.4280557313260015,0.4212683818933747,0.014793306726142076,147,,0.05,,30.0,63.0,,,,
LGBM,10.327364540100097,0.15830680219786256,0.03614201545715332,0.0017003368302881696,20,,,,300.0,"{'model__learning_rate': 0.05, 'model__max_depth': 20, 'model__min_child_samples': 30, 'model__n_estimators': 300, 'model__num_leaves': 15}",0.41140529531568226,0.3421588594704684,0.332,0.3625254582484725,0.348,0.35921792260692464,0.027900288156246622,178,0.32505476689903734,0.23598084688958296,0.2155424070867671,0.26277529291901597,0.236593895578251,0.25518944187453085,0.03801410424477749,75,0.6867410947125075,0.6995701357466063,0.685079185520362,0.6966017088807621,0.6869412840308817,0.690986681778224,0.005907503294844794,68,0.4476709416109872,0.4201647890010848,0.4097187487975007,0.4278508109983181,0.42770714667600074,0.4266224874167783,0.01243511911187184,62,,0.05,,30.0,15.0,,,,
LGBM,19.604922151565553,0.0998370377805763,0.04514179229736328,0.0034329641015919924,20,,,,300.0,"{'model__learning_rate': 0.05, 'model__max_depth': 20, 'model__min_child_samples': 30, 'model__n_estimators': 300, 'model__num_leaves': 31}",0.3784860557768924,0.34274193548387094,0.3384615384615385,0.35671342685370744,0.3286573146292585,0.3490120542410535,0.017279879072265036,238,0.2736587666064594,0.232442123158038,0.20860715529347099,0.24846858567120492,0.21290278226353535,0.2352158825985417,0.02394611461748168,202,0.6908106736583922,0.6943933823529411,0.6764691742081448,0.6903782337803062,0.6875423269673574,0.6879187581934283,0.006124828603804595,114,0.44418396047683606,0.4200542213778893,0.402424606018168,0.4170470173044297,0.43151782091971014,0.4230455252194066,0.014062471647247837,122,,0.05,,30.0,31.0,,,,
LGBM,25.42920994758606,0.4468511192632647,0.4111678123474121,0.15220430941557223,20,,,,300.0,"{'model__learning_rate': 0.05, 'model__max_depth': 20, 'model__min_child_samples': 30, 'model__n_estimators': 300, 'model__num_leaves': 63}",0.38846153846153847,0.34714003944773175,0.3423076923076923,0.3650190114068441,0.37786259541984735,0.3641581754087308,0.017585597433520044,141,0.2723358380080539,0.22914041278509376,0.21344860800182924,0.2384700620787762,0.25602935305189717,0.24188485478513005,0.020542789259016453,165,0.6872302335743786,0.6770503393665158,0.67991657239819,0.6861554133369452,0.6766882816379972,0.6814081680628055,0.004470472926881133,171,0.44030155895458967,0.40179677504153455,0.407708015261122,0.4189486623891265,0.4242659279274541,0.4186041879147654,0.013447420411839767,172,,0.05,,30.0,63.0,,,,
LGBM,10.950503635406495,0.26584882597573783,0.07880792617797852,0.050295911618053676,20,,,,500.0,"{'model__learning_rate': 0.05, 'model__max_depth': 20, 'model__min_child_samples': 30, 'model__n_estimators': 500, 'model__num_leaves': 15}",0.36400817995910023,0.3387096774193548,0.32677165354330706,0.36619718309859156,0.3691683569979716,0.35297101020366506,0.017022906397165565,219,0.2665698000045696,0.22733094307162177,0.20266014055605555,0.26218742876347606,0.26944102220168886,0.2456378669194824,0.026309133187684217,138,0.6808996208116603,0.6930401583710406,0.6839804864253394,0.6923224524809246,0.6789612397850918,0.6858407915748115,0.005814584197613598,136,0.4372126193457925,0.4185834593687262,0.41767023805639836,0.4218593916988625,0.43212750727543947,0.42549064314904383,0.007791105211354565,84,,0.05,,30.0,15.0,,,,
LGBM,19.41546173095703,0.23189621751679237,0.23760175704956055,0.167758844134347,20,,,,500.0,"{'model__learning_rate': 0.05, 'model__max_depth': 20, 'model__min_child_samples': 30, 'model__n_estimators': 500, 'model__num_leaves': 31}",0.37375745526838966,0.3473053892215569,0.3281853281853282,0.3683168316831683,0.3313373253493014,0.3497804659415489,0.018607086211827585,236,0.26685086795721225,0.23409928708288036,0.19708509136110344,0.25824087276016383,0.2146651280796376,0.2341882494481995,0.02608900097114734,209,0.67860898493114,0.6801725113122172,0.6741247171945701,0.6859522438936294,0.6816786310894396,0.6801074176841992,0.003864529674558256,182,0.42820488139813184,0.4080255789780033,0.40334169606739634,0.4118746517179021,0.4294989543542413,0.416189152503135,0.010694340117912688,196,,0.05,,30.0,31.0,,,,
LGBM,34.902341318130496,0.9017800085251962,0.9833792209625244,0.9848406099748994,20,,,,500.0,"{'model__learning_rate': 0.05, 'model__max_depth': 20, 'model__min_child_samples': 30, 'model__n_estimators': 500, 'model__num_leaves': 63}",0.3925233644859813,0.3583815028901734,0.3281853281853282,0.3763837638376384,0.3583815028901734,0.36277109245785893,0.021471910005352528,154,0.2671690486276144,0.2343929272448381,0.19708509136110344,0.24231429460241613,0.23504412785031537,0.2352010979372575,0.022476900030600374,203,0.6843588333967663,0.6703733031674207,0.6709983031674208,0.6788864621427604,0.6656381213598808,0.6740510046468497,0.006682126344612595,212,0.43819394026400044,0.39773701941427364,0.3989580276718293,0.4093080893341689,0.4149004060916277,0.4118194965551799,0.014663860303568138,220,,0.05,,30.0,63.0,,,,
LGBM,5.337836837768554,0.3943268125819183,0.04309244155883789,0.004179322520572761,-1,,,,200.0,"{'model__learning_rate': 0.1, 'model__max_depth': -1, 'model__min_child_samples': 10, 'model__n_estimators': 200, 'model__num_leaves': 15}",0.3805668016194332,0.35655737704918034,0.33528265107212474,0.3387096774193548,0.3534136546184739,0.3529060323557134,0.01606753382469581,223,0.28313806959204796,0.2569516982078475,0.20964861940397872,0.2281568908508942,0.24512381073545694,0.24460381775804504,0.025019977639345773,149,0.6842333770316178,0.6911142533936652,0.6783017533936652,0.6802437468960224,0.6821315296401643,0.683204932071027,0.004417624573978374,165,0.4426695925087293,0.4227316141080857,0.40774513249914723,0.4138022343596817,0.43447701154730833,0.42428511700459043,0.012866537538660835,105,,0.1,,10.0,15.0,,,,
LGBM,7.321929836273194,0.3961414581653807,0.03883905410766601,0.0014237350050074335,-1,,,,200.0,"{'model__learning_rate': 0.1, 'model__max_depth': -1, 'model__min_child_samples': 10, 'model__n_estimators': 200, 'model__num_leaves': 31}",0.39447731755424065,0.352,0.3524904214559387,0.3831417624521073,0.3453815261044177,0.3654982055133409,0.019530329360951913,131,0.28981584569607977,0.2408533201562886,0.22486159946907153,0.2640899479598555,0.23493757127967269,0.2509116569121936,0.023333025104985427,106,0.6785638770245697,0.686135463800905,0.6852615950226244,0.6879909928213463,0.6834704727075716,0.6842844802754033,0.0032095806071225086,157,0.4304568037842272,0.41118459767028037,0.41593702367628,0.420599556633433,0.4322344730274673,0.4220824909583376,0.008147659733721009,139,,0.1,,10.0,31.0,,,,
LGBM,12.661737060546875,0.1320252362144136,0.03706831932067871,0.0017348201676622964,-1,,,,200.0,"{'model__learning_rate': 0.1, 'model__max_depth': -1, 'model__min_child_samples': 10, 'model__n_estimators': 200, 'model__num_leaves': 63}",0.36608863198458574,0.3611650485436893,0.35074626865671643,0.39097744360902253,0.3486590038314176,0.3635272793250863,0.015166225837607758,145,0.24487019871656482,0.24079467838712376,0.21334372194750323,0.2670797619070258,0.22065577231532113,0.23734882665470775,0.019011978108622863,189,0.6841967268575295,0.6869923642533937,0.6761298076923077,0.681626427829699,0.6768434805183079,0.6811577614302475,0.004180691037234047,176,0.4245342252401263,0.4115540497901687,0.4087331254928325,0.414214311982484,0.41966880827927733,0.41574090415697773,0.005687180697446942,201,,0.1,,10.0,63.0,,,,
LGBM,4.7377281665802,0.07650616740475494,0.0355797290802002,0.001829423273264408,-1,,,,300.0,"{'model__learning_rate': 0.1, 'model__max_depth': -1, 'model__min_child_samples': 10, 'model__n_estimators': 300, 'model__num_leaves': 15}",0.39183673469387753,0.3374485596707819,0.328125,0.3534136546184739,0.35991820040899797,0.35414842987842626,0.021956060822060024,213,0.30108037438356383,0.23443415304764467,0.201364171457165,0.24512381073545694,0.26126221380522185,0.24865294468581048,0.032736786488591026,119,0.6816114799622222,0.6872893099547511,0.673429015837104,0.6826436859451894,0.6794860941803241,0.6808919171759181,0.004520715285857025,177,0.4396253661557956,0.4149535006154407,0.4140280801159302,0.4105997440944579,0.4336798983807387,0.42257731787247266,0.011735225380088258,130,,0.1,,10.0,15.0,,,,
LGBM,9.237767839431763,0.066155387698917,0.03568325042724609,0.002409111334312007,-1,,,,300.0,"{'model__learning_rate': 0.1, 'model__max_depth': -1, 'model__min_child_samples': 10, 'model__n_estimators': 300, 'model__num_leaves': 31}",0.38095238095238093,0.3557312252964427,0.34285714285714286,0.38549618320610685,0.3492063492063492,0.36284865630368446,0.01718770664117741,153,0.275138198405976,0.24076762592273102,0.21067262240747334,0.2656415837426695,0.23486719874377662,0.2454174458445253,0.022945457857301586,141,0.6749763888301545,0.674406108597285,0.6778860294117646,0.6828722515689196,0.6739779448282089,0.6768237446472665,0.003318709059182681,203,0.4285834256593314,0.4076780724730463,0.4112588605002938,0.4154229681984479,0.4229231535467819,0.41717329607558024,0.007634859332966444,188,,0.1,,10.0,31.0,,,,
LGBM,17.090804195404054,1.241287831775368,0.16654281616210936,0.10951092621711925,-1,,,,300.0,"{'model__learning_rate': 0.1, 'model__max_depth': -1, 'model__min_child_samples': 10, 'model__n_estimators': 300, 'model__num_leaves': 63}",0.37065637065637064,0.3667296786389414,0.35647279549718575,0.3761638733705773,0.3486590038314176,0.3637363443988985,0.009913381167432324,142,0.25135244191941125,0.23799480845720403,0.22246872364283582,0.24518715014608625,0.22065577231532113,0.2355317792961717,0.012178054618306731,198,0.6825361920469122,0.6838475678733033,0.676443721719457,0.6723201386067091,0.6728732109801797,0.6776041662453123,0.004794881848384638,197,0.42755621521002585,0.41212766342254004,0.40867466490398524,0.4038208495807055,0.4192051862202345,0.41427691586749826,0.00831819047416273,209,,0.1,,10.0,63.0,,,,
LGBM,8.674649524688721,1.3706457970805388,0.4309420585632324,0.20509585204984448,-1,,,,500.0,"{'model__learning_rate': 0.1, 'model__max_depth': -1, 'model__min_child_samples': 10, 'model__n_estimators': 500, 'model__num_leaves': 15}",0.3835051546391753,0.336,0.32567049808429116,0.35412474849094566,0.34156378600823045,0.3481728374445285,0.019909850288083182,240,0.29516411857934105,0.2206045897006714,0.19111205907328477,0.24687085901035205,0.24061094909658773,0.23887251509204738,0.03420677868089702,180,0.6785159498738389,0.6725848416289593,0.6706886312217194,0.6823727933541017,0.676260779267687,0.6760845990692612,0.004167701158043669,207,0.440044911167999,0.40407367031192587,0.4078759483363026,0.40555418221546047,0.43119456013943847,0.4177486544342253,0.01490701924401496,179,,0.1,,10.0,15.0,,,,
LGBM,11.835087776184082,0.8881512685956034,0.06450910568237304,0.010260296123652526,-1,,,,500.0,"{'model__learning_rate': 0.1, 'model__max_depth': -1, 'model__min_child_samples': 10, 'model__n_estimators': 500, 'model__num_leaves': 31}",0.3561643835616438,0.34509803921568627,0.3553113553113553,0.3705103969754253,0.33268858800773693,0.3519545526143696,0.012581727457811095,225,0.23829625802872104,0.2242673805709731,0.2129111594899368,0.2433359482337083,0.20410465557013582,0.224583080378695,0.014801490332332095,233,0.6723150223425101,0.6614635180995475,0.6717152149321266,0.6766036277032823,0.6599070499796831,0.6684008866114299,0.006540069338395673,232,0.4214215858128134,0.40053008302551535,0.40658120933897873,0.4073624528465111,0.412153258693583,0.40960971794348033,0.0069663714678036125,228,,0.1,,10.0,31.0,,,,
LGBM,32.65634608268738,2.8927038297637124,0.11678729057312012,0.059734516955876754,-1,,,,500.0,"{'model__learning_rate': 0.1, 'model__max_depth': -1, 'model__min_child_samples': 10, 'model__n_estimators': 500, 'model__num_leaves': 63}",0.37218045112781956,0.3578154425612053,0.35294117647058826,0.35447761194029853,0.35984848484848486,0.3594526333896793,0.006811524736688152,176,0.24354958102045335,0.22546293471031903,0.2111362242713369,0.218553320594033,0.23059495819644882,0.22585940375851826,0.011006142834959045,232,0.6775644549696225,0.6785831447963802,0.6659827488687783,0.6606378956160549,0.6669022867849564,0.6699341062071584,0.006989317218916886,226,0.42140113472473517,0.4074684194439076,0.4027578321604344,0.3959175688761647,0.41227756080824235,0.4079645032026969,0.008621249116846526,230,,0.1,,10.0,63.0,,,,
LGBM,4.232918453216553,0.10967172443438473,0.042902374267578126,0.006484795466966898,-1,,,,200.0,"{'model__learning_rate': 0.1, 'model__max_depth': -1, 'model__min_child_samples': 20, 'model__n_estimators': 200, 'model__num_leaves': 15}",0.37627811860940696,0.3393939393939394,0.32661290322580644,0.36,0.3531746031746032,0.35109191288075126,0.017053451682140095,228,0.2821945171341499,0.22903891269697332,0.21199740281237306,0.2517998445769434,0.2398882131640158,0.2429837780768911,0.023577117425916057,162,0.6868764184322184,0.6967335972850679,0.6880147058823529,0.6963181181994672,0.6875126980902072,0.6910911075778627,0.0044540362949166325,66,0.44753679443934596,0.41897550553819063,0.4156760006455049,0.4261986760599624,0.4224886931337822,0.4261751339633572,0.011242574335072846,69,,0.1,,20.0,15.0,,,,
LGBM,6.553136253356934,0.1559711153458443,0.036784029006958006,0.0021719621515821057,-1,,,,200.0,"{'model__learning_rate': 0.1, 'model__max_depth': -1, 'model__min_child_samples': 20, 'model__n_estimators': 200, 'model__num_leaves': 31}",0.403960396039604,0.350597609561753,0.33904761904761904,0.3661417322834646,0.3686274509803922,0.36567496158256657,0.021959287213061146,130,0.30342408780110186,0.23745608378721586,0.20588078702150928,0.25310915116128985,0.25469135079406047,0.25091229211303545,0.031576897104984084,105,0.6873105820329569,0.690043834841629,0.6795164027149321,0.6846104790283986,0.679835997110479,0.6842634591456791,0.004122016222804997,158,0.4523820522128511,0.41736360798007904,0.4128463391734705,0.41155798505188723,0.42568357456133626,0.42396671179592477,0.015044064314129493,109,,0.1,,20.0,31.0,,,,
LGBM,11.429975223541259,0.24922890233300457,0.03703517913818359,0.0006375109762754653,-1,,,,200.0,"{'model__learning_rate': 0.1, 'model__max_depth': -1, 'model__min_child_samples': 20, 'model__n_estimators': 200, 'model__num_leaves': 63}",0.37735849056603776,0.3824091778202677,0.35135135135135137,0.37105751391465674,0.3622350674373796,0.36888232021793865,0.011055077086224463,104,0.2513958674699081,0.26180988901987745,0.22625634611982298,0.237493013248947,0.23990062272738263,0.24337114771718765,0.01219751409251866,159,0.6790840275722079,0.6793424773755656,0.6683243778280544,0.6753422840760306,0.6804610253284572,0.6765108384360631,0.004441331207594214,204,0.43731396723306154,0.4071770986588835,0.40003276825178186,0.40810737892683946,0.4295915003752401,0.4164445426891613,0.014374390671124927,193,,0.1,,20.0,63.0,,,,
LGBM,4.427113103866577,0.043737813659805926,0.03799958229064941,0.0026470975821759244,-1,,,,300.0,"{'model__learning_rate': 0.1, 'model__max_depth': -1, 'model__min_child_samples': 20, 'model__n_estimators': 300, 'model__num_leaves': 15}",0.3643724696356275,0.3469387755102041,0.3153692614770459,0.3843137254901961,0.35671342685370744,0.35354153179335623,0.02269368480158754,216,0.2625674546597067,0.24293278595567355,0.19369762373044927,0.274501952444231,0.24846858567120492,0.2444336804922531,0.02766085806219451,151,0.6803273142470505,0.6876046380090498,0.685101809954751,0.6952430132285882,0.6796511693530182,0.6855855889584914,0.005664684169845284,142,0.4398563416235798,0.4194909453658839,0.41466464299755124,0.4239949171604299,0.42762962467742016,0.42512729436497293,0.008552476506228802,94,,0.1,,20.0,15.0,,,,
LGBM,8.260188436508178,0.0818788622968448,0.03733315467834473,0.002133898220815397,-1,,,,300.0,"{'model__learning_rate': 0.1, 'model__max_depth': -1, 'model__min_child_samples': 20, 'model__n_estimators': 300, 'model__num_leaves': 31}",0.3889980353634578,0.35135135135135137,0.344294003868472,0.36470588235294116,0.324853228962818,0.3548405003798081,0.021385519186017946,209,0.28130547466739386,0.22625634611982298,0.21808717918330747,0.24973870038151785,0.19865229431237455,0.23480799893288334,0.0284425478850544,206,0.6825714325989203,0.6834261877828055,0.6713178733031674,0.6818253645762788,0.6767926881574788,0.6791867092837302,0.004561621388483394,188,0.4390522992413629,0.4085681848998135,0.41145665789962726,0.4063202095549403,0.4211161790504604,0.41730270612924086,0.011988917785009209,187,,0.1,,20.0,31.0,,,,
LGBM,16.846240997314453,0.28876776234744356,0.051028776168823245,0.003550045054410326,-1,,,,300.0,"{'model__learning_rate': 0.1, 'model__max_depth': -1, 'model__min_child_samples': 20, 'model__n_estimators': 300, 'model__num_leaves': 63}",0.3691148775894539,0.3681214421252372,0.3445692883895131,0.35359116022099446,0.3522727272727273,0.3575338991195852,0.009565786740493673,190,0.24035679656483028,0.24108881589924927,0.20686069375842445,0.21303297398019044,0.22106043476823561,0.22447994299418603,0.014007806525126093,234,0.6815254930153226,0.674185520361991,0.6692392533936652,0.6691992302135537,0.6746650525983114,0.6737629099165687,0.004528593559611657,215,0.42847849859416176,0.39821168752695235,0.40439357880397564,0.3985642871115948,0.42393825524958495,0.4107172614572539,0.012917657284215194,225,,0.1,,20.0,63.0,,,,
LGBM,7.023074769973755,0.04940554101313806,0.03858165740966797,0.001548945294543118,-1,,,,500.0,"{'model__learning_rate': 0.1, 'model__max_depth': -1, 'model__min_child_samples': 20, 'model__n_estimators': 500, 'model__num_leaves': 15}",0.3629191321499014,0.3426294820717131,0.33076923076923076,0.358974358974359,0.35412474849094566,0.34988339049123,0.011734868345843965,234,0.2499309424738818,0.22737940363841352,0.1989242498767545,0.2448366839445135,0.24687085901035205,0.2335884277887831,0.0190272501594421,210,0.6780775574068593,0.6792081447963801,0.6773755656108598,0.690594101313829,0.6702447063072825,0.6791000150870421,0.006550745751613513,189,0.4352353661639977,0.41626026870777366,0.4093404747651177,0.42414702053045356,0.4249897263604848,0.42199457130556556,0.008739920199748168,140,,0.1,,20.0,15.0,,,,
LGBM,15.053397798538208,0.15311380428031499,0.09357008934020997,0.05227561648969274,-1,,,,500.0,"{'model__learning_rate': 0.1, 'model__max_depth': -1, 'model__min_child_samples': 20, 'model__n_estimators': 500, 'model__num_leaves': 31}",0.3639921722113503,0.3632887189292543,0.32954545454545453,0.3650190114068441,0.3365200764818356,0.35167308671494774,0.01538858219356594,226,0.2481779162801156,0.2377526868111255,0.19190764870334504,0.2384700620787762,0.20466593200517635,0.22419484917570776,0.021847773766252826,235,0.6751765551655601,0.6776414027149322,0.6608682126696832,0.6704549302451578,0.6651301977515914,0.669854259709385,0.006203112653902334,228,0.43155837048875934,0.4054007442402703,0.40319584765960376,0.39735441298772134,0.41567804489723315,0.41063748405471756,0.012019418587314,226,,0.1,,20.0,31.0,,,,
LGBM,28.947374057769775,0.2923244619866417,0.21442103385925293,0.08747963888763521,-1,,,,500.0,"{'model__learning_rate': 0.1, 'model__max_depth': -1, 'model__min_child_samples': 20, 'model__n_estimators': 500, 'model__num_leaves': 63}",0.36397748592870544,0.3502824858757062,0.34798534798534797,0.3527272727272727,0.34980988593155893,0.35295649568971826,0.005714517651886381,221,0.2325728551630268,0.21599319240799186,0.20370401580514325,0.20772620284348356,0.21932393412823004,0.21586404006957513,0.010052488586223082,243,0.6723601302490803,0.6682126696832579,0.6643636877828054,0.6593991263713936,0.6613377014763646,0.6651346631125804,0.004681649327433496,240,0.42106634633632667,0.39327129940716976,0.39701160596201285,0.3940476851290085,0.4106024264847168,0.40319987266384694,0.010905433809980894,240,,0.1,,20.0,63.0,,,,
LGBM,3.0219653606414796,0.0894053018376196,0.035978269577026364,0.0031858825755533833,-1,,,,200.0,"{'model__learning_rate': 0.1, 'model__max_depth': -1, 'model__min_child_samples': 30, 'model__n_estimators': 200, 'model__num_leaves': 15}",0.3885480572597137,0.3485148514851485,0.31683168316831684,0.36,0.3686274509803922,0.35650440857871424,0.023764430989564655,196,0.2978192342637302,0.2324369427341864,0.19241003718781594,0.2517998445769434,0.25469135079406047,0.24583148191134727,0.034205582761582816,136,0.6859798987891346,0.690087669683258,0.6850282805429865,0.6868481647026954,0.6863106122172559,0.686850925187066,0.0017233212784465441,124,0.44214051855561187,0.4169601881825671,0.4068837695185489,0.4174036372048276,0.43454261233926217,0.4235861451601635,0.012848385172501177,115,,0.1,,30.0,15.0,,,,
LGBM,6.0257532596588135,0.05786341996677813,0.03488631248474121,0.0018446179890085998,-1,,,,200.0,"{'model__learning_rate': 0.1, 'model__max_depth': -1, 'model__min_child_samples': 30, 'model__n_estimators': 200, 'model__num_leaves': 31}",0.3929273084479371,0.344,0.3282442748091603,0.35826771653543305,0.344,0.35348785995850607,0.021888785669484698,218,0.2862685015012803,0.23072895492848,0.1929737068178488,0.24315906866508752,0.23152524591202023,0.23693109556494338,0.029909560537964074,191,0.6872556067718245,0.6859261877828053,0.6818848981900453,0.6903979863650729,0.6740724750553072,0.6839074308330111,0.005625477158350621,160,0.4383062561617159,0.41206593502918876,0.40418585402699847,0.42376306818033327,0.4242564583390054,0.4205155143474483,0.011654226349133746,157,,0.1,,30.0,31.0,,,,
LGBM,11.152507114410401,0.17297948192226253,0.04155364036560059,0.0038779065913565414,-1,,,,200.0,"{'model__learning_rate': 0.1, 'model__max_depth': -1, 'model__min_child_samples': 30, 'model__n_estimators': 200, 'model__num_leaves': 63}",0.3793103448275862,0.3747680890538033,0.3458646616541353,0.3772893772893773,0.3653483992467043,0.36851617441432133,0.01229386408005475,108,0.2593757849774717,0.24164023829277007,0.20978514316115796,0.24100647616926285,0.23549973363659793,0.23746147524745212,0.0160005865577883,188,0.6764198418404026,0.6745319570135746,0.6739196832579186,0.6760844169036977,0.6691173980766627,0.6740146594184513,0.0026202513029617565,214,0.4285217061405671,0.3947711892582211,0.39924765276695395,0.4142977860383961,0.4129731731539248,0.4099623014716126,0.011982377589829778,227,,0.1,,30.0,63.0,,,,
LGBM,4.2449907779693605,0.06136710214734936,0.03822484016418457,0.003352819610851029,-1,,,,300.0,"{'model__learning_rate': 0.1, 'model__max_depth': -1, 'model__min_child_samples': 30, 'model__n_estimators': 300, 'model__num_leaves': 15}",0.37575757575757573,0.3413654618473896,0.32941176470588235,0.35785288270377735,0.37401574803149606,0.3556806866092242,0.018105006539919206,202,0.27615133874940995,0.22903341176189632,0.20447908228529899,0.2466160241988028,0.2630592336574922,0.24386781813058006,0.025257160940481846,156,0.6758263909445877,0.688781108597285,0.685185237556561,0.6940973633121135,0.679242008668563,0.6846264218158221,0.006537658271665607,154,0.4363053813669872,0.415823139481703,0.4073420191875178,0.42021362564032333,0.4330715507415769,0.42255114328362164,0.01078800739708083,132,,0.1,,30.0,15.0,,,,
LGBM,8.325403308868408,0.04963835991813869,0.037754249572753903,0.002712146914520208,-1,,,,300.0,"{'model__learning_rate': 0.1, 'model__max_depth': -1, 'model__min_child_samples': 30, 'model__n_estimators': 300, 'model__num_leaves': 31}",0.4068441064638783,0.3572815533980582,0.33584905660377357,0.35294117647058826,0.3313373253493014,0.35685064365712,0.02685819059480177,193,0.29123006972041554,0.2359015244947651,0.19850638364958767,0.22258147847654752,0.2146651280796376,0.2325769168841907,0.031726290534583236,215,0.6808587417713311,0.6800551470588235,0.6726937217194571,0.6878400266377714,0.6726897941216308,0.6788274862618028,0.0056947935217084526,194,0.42991731716356135,0.40633770373159095,0.39727943095939994,0.4241962447998851,0.42168459717532014,0.4158830587659515,0.012140313744032663,200,,0.1,,30.0,31.0,,,,
LGBM,16.660140228271484,0.23851321476332568,0.2667708873748779,0.1898459418313123,-1,,,,300.0,"{'model__learning_rate': 0.1, 'model__max_depth': -1, 'model__min_child_samples': 30, 'model__n_estimators': 300, 'model__num_leaves': 63}",0.36704119850187267,0.3851851851851852,0.3418181818181818,0.3778966131907308,0.35887850467289717,0.36616393667377356,0.015139527604436293,126,0.23577201973862352,0.2541081561847054,0.19358570106714862,0.23312484225285848,0.22473430071413517,0.22826500399149424,0.019813943300549853,228,0.6797268152408339,0.6739493778280543,0.6752969457013575,0.670816120366608,0.6571614406970969,0.6713901399667901,0.007669398483737693,223,0.42599324340827494,0.397868832077066,0.3972518917836456,0.40735723250232575,0.4068259309187778,0.40705942613801804,0.010385445530904393,233,,0.1,,30.0,63.0,,,,
LGBM,7.006808519363403,0.05580742737390245,0.04004878997802734,0.003648237646450189,-1,,,,500.0,"{'model__learning_rate': 0.1, 'model__max_depth': -1, 'model__min_child_samples': 30, 'model__n_estimators': 500, 'model__num_leaves': 15}",0.38684719535783363,0.34523809523809523,0.3269230769230769,0.34714003944773175,0.3469785575048733,0.3506253928943222,0.019638171142693388,231,0.27249395992488784,0.22908502504137035,0.19408279716839627,0.2298775331225381,0.22507733327365526,0.23012332970616955,0.024983157779880725,224,0.6726039948689757,0.6808583144796378,0.6763065610859729,0.6842422344123887,0.6803509752133279,0.6788724160120607,0.004020984825051765,192,0.4298472622348365,0.41482422967595134,0.40231081038021455,0.4109046201249931,0.43054706305178775,0.4176867970935566,0.010989781954441514,182,,0.1,,30.0,15.0,,,,
LGBM,14.658139419555663,0.15828043726907687,0.06611337661743164,0.012412460292656625,-1,,,,500.0,"{'model__learning_rate': 0.1, 'model__max_depth': -1, 'model__min_child_samples': 30, 'model__n_estimators': 500, 'model__num_leaves': 31}",0.3970315398886827,0.3580952380952381,0.3163841807909605,0.3553113553113553,0.3378119001919386,0.352926842855635,0.026613718837776124,222,0.27027489597309823,0.22983996395132966,0.17337935204751967,0.21336589439532325,0.2076975277311916,0.21891152681969248,0.03158263188195684,241,0.6771768088975345,0.6762683823529412,0.658762726244344,0.6776110095263894,0.664974998871281,0.6709587851784979,0.00768969806944111,224,0.4241998009411941,0.4082719336928814,0.3831202951762718,0.4116805000114654,0.4119800177821348,0.4078505095207895,0.013496533595313392,231,,0.1,,30.0,31.0,,,,
LGBM,27.23590989112854,0.20815643314871243,0.09793596267700196,0.02316379930204534,-1,,,,500.0,"{'model__learning_rate': 0.1, 'model__max_depth': -1, 'model__min_child_samples': 30, 'model__n_estimators': 500, 'model__num_leaves': 63}",0.37453183520599254,0.3807763401109057,0.3443223443223443,0.3829787234042553,0.35315985130111527,0.3671538188689226,0.015540548071870835,119,0.24519299067094652,0.2479489435435271,0.19910044396274645,0.23788972364310934,0.21561747260812722,0.2291499148856913,0.018832236792215237,226,0.6807530201153071,0.6720503393665158,0.6714762443438915,0.6659344101313829,0.6461564291841617,0.6672740886282519,0.011574995090085551,235,0.4301124425527405,0.3979433671474811,0.38968432867616337,0.4029535614350137,0.3916290472713304,0.40246454941654586,0.014600194283958154,241,,0.1,,30.0,63.0,,,,
LGBM,3.803232288360596,0.1655238415002731,0.03858318328857422,0.004508229579183998,10,,,,200.0,"{'model__learning_rate': 0.1, 'model__max_depth': 10, 'model__min_child_samples': 10, 'model__n_estimators': 200, 'model__num_leaves': 15}",0.3983903420523139,0.3360655737704918,0.32495164410058025,0.3407707910750507,0.34285714285714286,0.3486070987711159,0.02565038560305102,239,0.3031276804626449,0.23087777027605358,0.19372610445286825,0.23334693256708047,0.23863880271668506,0.23994345809506643,0.035371436793585634,177,0.6909812379301109,0.7036821266968326,0.679731334841629,0.6894978328592714,0.6730086572757236,0.6873802379207136,0.010471399482486784,118,0.45431931438384054,0.4256150517995019,0.41290738301634244,0.4147853874400459,0.42119625833904284,0.42576467899575465,0.01498075405784718,79,,0.1,,10.0,15.0,,,,
LGBM,5.99794864654541,0.30822963548376814,0.03594603538513184,0.0034219423115520145,10,,,,200.0,"{'model__learning_rate': 0.1, 'model__max_depth': 10, 'model__min_child_samples': 10, 'model__n_estimators': 200, 'model__num_leaves': 31}",0.3944223107569721,0.3522267206477733,0.3269230769230769,0.37093690248565964,0.3562753036437247,0.36015686289144133,0.02223856271914945,167,0.293834154742835,0.24616681249640238,0.19408279716839627,0.24801017352514707,0.2521795275201598,0.2468546930905881,0.03169260163762653,129,0.6902764268899507,0.6846620475113123,0.6745178167420814,0.6871698496546119,0.6767179105151474,0.6826688102626207,0.0060656423281068485,169,0.44467265990654714,0.4160873087008205,0.40517710902571025,0.415475184253953,0.4222707973158174,0.42073661184056965,0.013165750186520745,155,,0.1,,10.0,31.0,,,,
LGBM,9.865286827087402,0.15496933623400236,0.03462839126586914,0.0019747809854248643,10,,,,200.0,"{'model__learning_rate': 0.1, 'model__max_depth': 10, 'model__min_child_samples': 10, 'model__n_estimators': 200, 'model__num_leaves': 63}",0.4046692607003891,0.3572815533980582,0.3553875236294896,0.3857677902621723,0.3423076923076923,0.3690827640595603,0.022753116240998024,100,0.2972169158710144,0.2359015244947651,0.22373413418213856,0.25920834367040463,0.21407172626930138,0.2460265288975248,0.02971461575222983,133,0.6856697819314641,0.6809629524886878,0.6721677036199095,0.6827071763962256,0.6729197706442729,0.6788854770161119,0.005397521942397508,191,0.44533384577335966,0.40560012787446775,0.4163983044902781,0.4121892245085636,0.42084064195572013,0.42007242892047786,0.013592799066987913,163,,0.1,,10.0,63.0,,,,
LGBM,4.239538478851318,0.022990445971269542,0.03382267951965332,0.0012677400112069373,10,,,,300.0,"{'model__learning_rate': 0.1, 'model__max_depth': 10, 'model__min_child_samples': 10, 'model__n_estimators': 300, 'model__num_leaves': 15}",0.40480961923847697,0.3441295546558704,0.32495164410058025,0.3387096774193548,0.3434343434343434,0.35120696776972515,0.027674074499417795,227,0.3095343504221136,0.23589409244933088,0.19372610445286825,0.2281568908508942,0.23500653250330306,0.24046359413570198,0.037834579762148025,172,0.6858473943135845,0.6994004524886877,0.6738277714932128,0.6899577859045556,0.6654772788839225,0.6829021366167926,0.011971807931871033,168,0.44459574004173585,0.4270756552786683,0.4096067793131699,0.41298141548781353,0.42167110118803247,0.423186138261884,0.012363899746313772,121,,0.1,,10.0,15.0,,,,
LGBM,7.743178510665894,0.10800159327437527,0.03695645332336426,0.0016288568500634872,10,,,,300.0,"{'model__learning_rate': 0.1, 'model__max_depth': 10, 'model__min_child_samples': 10, 'model__n_estimators': 300, 'model__num_leaves': 31}",0.3872255489021956,0.3448275862068966,0.3193916349809886,0.38996138996138996,0.33400402414486924,0.35508203683926803,0.02854125366440551,206,0.28555744058478993,0.2376366821994092,0.18048005170519194,0.27557486379521545,0.22134324275514541,0.24011845620795041,0.03804540780240221,175,0.6860954877997208,0.6773006221719458,0.6753535067873303,0.6875084653934714,0.6737860625761886,0.6800088289457313,0.005674877839585818,183,0.4393205519785202,0.4113560765737315,0.4092190114474875,0.4152749491055703,0.420700595444154,0.4191742369098927,0.010804058234290505,169,,0.1,,10.0,31.0,,,,
LGBM,14.34482045173645,0.32396648690790214,0.047877168655395506,0.00591407877302986,10,,,,300.0,"{'model__learning_rate': 0.1, 'model__max_depth': 10, 'model__min_child_samples': 10, 'model__n_estimators': 300, 'model__num_leaves': 63}",0.3930635838150289,0.35546875,0.34328358208955223,0.3694029850746269,0.33840304182509506,0.35992438856086056,0.0197382247139214,169,0.2788602744144838,0.23584078680706583,0.20396489104282353,0.23732598375536496,0.20496433816532042,0.2321912548370117,0.027406986399372595,217,0.6838499598257707,0.674370757918552,0.6659572963800904,0.6781245767303264,0.6646293286378617,0.6733863838985202,0.007277131892479969,218,0.4349076463906164,0.4041843325721523,0.40923939477569254,0.40597755455482015,0.4122873086872332,0.4133192473961029,0.0111455478884263,214,,0.1,,10.0,63.0,,,,
LGBM,6.553440570831299,0.056479711746417714,0.03905730247497559,0.0013228505220019744,10,,,,500.0,"{'model__learning_rate': 0.1, 'model__max_depth': 10, 'model__min_child_samples': 10, 'model__n_estimators': 500, 'model__num_leaves': 15}",0.3992015968063872,0.344,0.3287671232876712,0.36186770428015563,0.3181818181818182,0.3504036485112064,0.02849581239506027,233,0.3007248654168246,0.23072895492848,0.20291725360526797,0.24311478103273537,0.21260158197163248,0.23801748739098808,0.03432000881963824,186,0.6776574900269237,0.6788065610859728,0.6707664027149322,0.6807573140999592,0.6597377421102533,0.6735451020076082,0.0076808208833948535,217,0.43734229977385775,0.412747849820813,0.4103958211581314,0.40626204954858913,0.41782467802313217,0.41691453966490466,0.010876141556688725,189,,0.1,,10.0,15.0,,,,
LGBM,13.433905029296875,0.12146146693438695,0.05143227577209473,0.013007013976945508,10,,,,500.0,"{'model__learning_rate': 0.1, 'model__max_depth': 10, 'model__min_child_samples': 10, 'model__n_estimators': 500, 'model__num_leaves': 31}",0.378698224852071,0.35039370078740156,0.32575757575757575,0.3931947069943289,0.34509803921568627,0.35862844952141265,0.024203303366518984,185,0.2698733940849808,0.23247592308645693,0.18714463556388206,0.27188239807589437,0.22497544831880473,0.23727035982600375,0.03145692527926259,190,0.6782016041499274,0.6602531108597285,0.6684162895927602,0.6745521806853582,0.6625285001580206,0.668790337089159,0.006841133448345715,231,0.4377361639395082,0.3981022319734894,0.40208239816434865,0.40355875704687283,0.41673716859952503,0.4116433439447488,0.014470081187303457,221,,0.1,,10.0,31.0,,,,
LGBM,25.78494839668274,0.1889106629688425,0.20723261833190917,0.17313251485900366,10,,,,500.0,"{'model__learning_rate': 0.1, 'model__max_depth': 10, 'model__min_child_samples': 10, 'model__n_estimators': 500, 'model__num_leaves': 63}",0.38857142857142857,0.36742424242424243,0.3327239488117002,0.358695652173913,0.34896810506566606,0.35927667540939007,0.01863446758772363,177,0.2689254429117542,0.23953778009797477,0.1839263617258909,0.214060573335382,0.213571105206253,0.224004252655451,0.02854178857159942,236,0.6760519304774391,0.6661340497737557,0.6669654977375566,0.6623648358842384,0.6485295611540024,0.6640091750053985,0.008951035609033741,241,0.4275332103276184,0.39882086013227713,0.4058394241111314,0.3955376141090795,0.4008550072537161,0.40571722318676456,0.011408572532347705,238,,0.1,,10.0,63.0,,,,
LGBM,3.0120176315307616,0.08812531928437348,0.03424386978149414,0.001693309237936712,10,,,,200.0,"{'model__learning_rate': 0.1, 'model__max_depth': 10, 'model__min_child_samples': 20, 'model__n_estimators': 200, 'model__num_leaves': 15}",0.40080160320641284,0.34854771784232363,0.3286573146292585,0.3588709677419355,0.3512396694214876,0.3576234545682836,0.023782631401177597,187,0.3044542935247062,0.2522891331707245,0.21212210845550206,0.2537470970266143,0.2548241183723957,0.2554873501099886,0.029298473270307827,72,0.688652542253422,0.6904157239819004,0.6887952488687783,0.6886287191295317,0.682766434150526,0.6878517336768317,0.002629431088437721,115,0.44445921029261803,0.42121915936473586,0.4192031171065027,0.4199042472982281,0.4273693087925185,0.4264310085709207,0.009464680285188685,67,,0.1,,20.0,15.0,,,,
LGBM,5.444739484786988,0.054824342921049485,0.0368140697479248,0.001096387495957766,10,,,,200.0,"{'model__learning_rate': 0.1, 'model__max_depth': 10, 'model__min_child_samples': 20, 'model__n_estimators': 200, 'model__num_leaves': 31}",0.3655030800821355,0.341948310139165,0.3531669865642994,0.3682170542635659,0.3592814371257485,0.35762337363498287,0.009408847100626097,188,0.27031492912461585,0.2257197908647539,0.22641309891217737,0.24963480545351013,0.2500611881274827,0.24442876249650797,0.016754166516770287,153,0.6848366952819949,0.6780656108597285,0.6883993212669683,0.6889856765542461,0.6706284708113234,0.6821831549548523,0.006963062473220899,170,0.43673723212703497,0.4080361380967739,0.4208515844961981,0.42052237640289225,0.4268933848583979,0.42260814319625944,0.009357069031691466,127,,0.1,,20.0,31.0,,,,
LGBM,8.97842059135437,0.11819007052440103,0.035487937927246097,0.0008797149385762554,10,,,,200.0,"{'model__learning_rate': 0.1, 'model__max_depth': 10, 'model__min_child_samples': 20, 'model__n_estimators': 200, 'model__num_leaves': 63}",0.38461538461538464,0.3683168316831683,0.352059925093633,0.391713747645951,0.36363636363636365,0.3720684505349001,0.01434488812928468,83,0.2674903552700913,0.25745375870066795,0.2162754650329615,0.26867222312364253,0.23536221991055542,0.24905080440758373,0.020284116771245007,117,0.6760603882099209,0.6783781108597285,0.6766713800904977,0.6823967786356043,0.6726897941216308,0.6772392903834764,0.003171966135386735,200,0.43159778525253845,0.40777774361560254,0.41016104170669165,0.4196589023245918,0.4340154290214008,0.42064218038416507,0.01072551998027568,156,,0.1,,20.0,63.0,,,,
LGBM,4.371807813644409,0.07121182032956894,0.03616456985473633,0.0004080777414545704,10,,,,300.0,"{'model__learning_rate': 0.1, 'model__max_depth': 10, 'model__min_child_samples': 20, 'model__n_estimators': 300, 'model__num_leaves': 15}",0.3861788617886179,0.3380855397148676,0.3241106719367589,0.336,0.36438923395445133,0.3497528614789392,0.022467159937673512,237,0.292057457463939,0.23080582831744298,0.20083235841917896,0.22138794657955863,0.2725762363729382,0.24353196543061154,0.0336863818991519,158,0.687847648045559,0.6884926470588235,0.6857678167420814,0.6861229626619711,0.6771792744593436,0.6850820697935557,0.004081380680252477,152,0.43761593582262226,0.4176714305072109,0.4161240907948441,0.41381099189216075,0.4311335078766442,0.42327119137869645,0.009375728843924777,120,,0.1,,20.0,15.0,,,,
LGBM,7.871031284332275,0.07712244484853724,0.03700022697448731,0.0011449043216060243,10,,,,300.0,"{'model__learning_rate': 0.1, 'model__max_depth': 10, 'model__min_child_samples': 20, 'model__n_estimators': 300, 'model__num_leaves': 31}",0.36693548387096775,0.35502958579881655,0.34962406015037595,0.3657587548638132,0.3313373253493014,0.35373704200665496,0.012954188845312296,215,0.264084778658562,0.23910151980824074,0.2145107806730873,0.24802378974683795,0.2146651280796376,0.2360771993932731,0.01928667542996621,196,0.6851341255409426,0.6681278280542986,0.6838207013574661,0.681344248047316,0.6633849157975529,0.6763623637595153,0.008872558925339192,206,0.43224674184534884,0.3999348189290328,0.4164787334348576,0.41455296230868927,0.41955969074576144,0.416554589452738,0.010348945048787478,192,,0.1,,20.0,31.0,,,,
LGBM,13.351417446136475,0.2926596605962636,0.047786283493041995,0.0034402341520901186,10,,,,300.0,"{'model__learning_rate': 0.1, 'model__max_depth': 10, 'model__min_child_samples': 20, 'model__n_estimators': 300, 'model__num_leaves': 63}",0.3895131086142322,0.36328125,0.332703213610586,0.39106145251396646,0.3685220729366603,0.369016219535089,0.02125033277253706,101,0.2640349325355925,0.2456912483356089,0.19521278563200756,0.26392405177813244,0.24638628289680573,0.24304986023562947,0.025229345952239787,161,0.6738219083463723,0.673626979638009,0.670475113122172,0.6689593773985282,0.6626568919590048,0.6699080540928172,0.004073071519937912,227,0.42061073167424523,0.4037253967076935,0.40594023680019486,0.4087071422003784,0.42287739833250093,0.4123721811430026,0.007846051269332898,217,,0.1,,20.0,63.0,,,,
LGBM,6.797658252716064,0.05452579443285444,0.037996435165405275,0.0017049264387655524,10,,,,500.0,"{'model__learning_rate': 0.1, 'model__max_depth': 10, 'model__min_child_samples': 20, 'model__n_estimators': 500, 'model__num_leaves': 15}",0.36904761904761907,0.33992094861660077,0.32093933463796476,0.33400402414486924,0.3460764587525151,0.3419976770399138,0.01587451350528667,243,0.26007746864792747,0.220799992170955,0.19304504171084982,0.22134324275514541,0.2366598125082694,0.22638511155862942,0.021949572491956417,231,0.6823529411764706,0.6855769230769232,0.6781645927601809,0.6767743464716239,0.6662772585669782,0.6778292124104353,0.006559939058398172,196,0.43202389708250916,0.41536211873128404,0.41123749553027966,0.40355028290570627,0.4217525144257529,0.41678526173510644,0.009642171094014704,190,,0.1,,20.0,15.0,,,,
LGBM,13.78705940246582,0.12935237662899945,0.04397010803222656,0.0012324434052098684,10,,,,500.0,"{'model__learning_rate': 0.1, 'model__max_depth': 10, 'model__min_child_samples': 20, 'model__n_estimators': 500, 'model__num_leaves': 31}",0.34577603143418467,0.3564356435643564,0.3726937269372694,0.34285714285714286,0.32233009708737864,0.34801852837606634,0.01656066089991985,242,0.22671217949464328,0.24244366912077903,0.23717708606173069,0.21125864206690276,0.19249915961374464,0.22201814727156005,0.01819981808238594,237,0.6743787090680988,0.6521351809954752,0.6694089366515836,0.6752858481195539,0.6556080409950789,0.6653633431659581,0.009656603423650658,239,0.42355755075591944,0.38944162035348023,0.4069908471877861,0.4052384301254302,0.4030657244684432,0.40565883457821184,0.010881519154588083,239,,0.1,,20.0,31.0,,,,
LGBM,23.017447423934936,0.3088431005901236,0.05637807846069336,0.0025573302590240683,10,,,,500.0,"{'model__learning_rate': 0.1, 'model__max_depth': 10, 'model__min_child_samples': 20, 'model__n_estimators': 500, 'model__num_leaves': 63}",0.36363636363636365,0.3629489603024575,0.3308550185873606,0.37613019891500904,0.3660377358490566,0.35992165545804944,0.015283692818091499,170,0.24323515864586898,0.23324125036551555,0.18708191707396352,0.23541340332920033,0.2370349890870422,0.2272013437003181,0.02033357121609519,230,0.670440224975684,0.6703535067873303,0.6659671945701358,0.6636402885006095,0.6595232854756423,0.6659849000618804,0.004151737581494595,238,0.4175667670996074,0.39950077558968206,0.40254169519845046,0.39985641724225185,0.41402599009091656,0.4066983290441817,0.0075856667464858476,234,,0.1,,20.0,63.0,,,,
LGBM,3.263669157028198,0.15897859092015276,0.03398852348327637,0.0025409360461942487,10,,,,200.0,"{'model__learning_rate': 0.1, 'model__max_depth': 10, 'model__min_child_samples': 30, 'model__n_estimators': 200, 'model__num_leaves': 15}",0.39191919191919194,0.34355828220858897,0.3359683794466403,0.38645418326693226,0.37424547283702214,0.36642910193567513,0.02263967417301555,124,0.2966709473709856,0.23952007879670134,0.21580808373301097,0.28364562660155634,0.2723984752655587,0.2616086423535626,0.029722080048711297,32,0.6850312231290789,0.6988984728506786,0.6788277714932127,0.6922307440516502,0.6813005101810465,0.6872577443411333,0.007372214919768055,121,0.43524019241188283,0.4309920976881536,0.4169373881871816,0.42462609599127443,0.4244437811023324,0.4264479110761649,0.006256827244353395,66,,0.1,,30.0,15.0,,,,
LGBM,5.314313316345215,0.09242616762558424,0.03664507865905762,0.0013479276831519715,10,,,,200.0,"{'model__learning_rate': 0.1, 'model__max_depth': 10, 'model__min_child_samples': 30, 'model__n_estimators': 200, 'model__num_leaves': 31}",0.3937007874015748,0.332,0.3384615384615385,0.3828125,0.35968379446640314,0.3613317240659033,0.024063628546754444,158,0.28803678300827157,0.2155424070867671,0.20860715529347099,0.27106079459242094,0.2465243280012444,0.245954293596435,0.030728777480007522,134,0.6792898323959347,0.6899575791855203,0.6700480769230769,0.68392619305612,0.6798077791322408,0.6806058921385785,0.006516362613432986,179,0.43084717023564206,0.41791794708144503,0.3940719759504955,0.4180441360228864,0.43008247370370906,0.41819274059883565,0.013292172318743216,174,,0.1,,30.0,31.0,,,,
LGBM,7.767897272109986,0.18740496235042453,0.03628959655761719,0.003759855391329486,10,,,,200.0,"{'model__learning_rate': 0.1, 'model__max_depth': 10, 'model__min_child_samples': 30, 'model__n_estimators': 200, 'model__num_leaves': 63}",0.3850687622789784,0.35384615384615387,0.31844660194174756,0.3757115749525617,0.37333333333333335,0.361281285270555,0.023704094416019148,159,0.2763424478335075,0.22797296612690396,0.18696998557117844,0.25124262760491517,0.24962891450042873,0.23843138832738675,0.029948006430007692,182,0.6817496229260934,0.6794881221719458,0.6772907239819005,0.6850944173551853,0.682965370897106,0.6813176514664463,0.0027103085303223874,173,0.437985274138295,0.40321590936778906,0.4095774780677936,0.4229862043917398,0.4367068636747964,0.42209434592808276,0.01399935736948172,138,,0.1,,30.0,63.0,,,,
LGBM,4.1805901527404785,0.0415850216665958,0.03459782600402832,0.0009683096186290691,10,,,,300.0,"{'model__learning_rate': 0.1, 'model__max_depth': 10, 'model__min_child_samples': 30, 'model__n_estimators': 300, 'model__num_leaves': 15}",0.37675350701402804,0.35699797160243407,0.3137254901960784,0.3545816733067729,0.3805668016194332,0.35652508874774935,0.023761308807869478,195,0.2739739521402618,0.25308406023335545,0.18469078399962488,0.24328867808104135,0.28304009059424867,0.24761551300970647,0.03451902675531812,126,0.6795929011432035,0.6884375,0.6769386312217195,0.6915323490902523,0.6801661474558671,0.6833335057822085,0.005624775391822921,164,0.43016218490420244,0.420953489089923,0.4138837101271612,0.4207218330312328,0.4272896631614391,0.4226021760627917,0.005681404331743751,128,,0.1,,30.0,15.0,,,,
LGBM,7.385541200637817,0.14133917243596758,0.03781018257141113,0.0012041904168881923,10,,,,300.0,"{'model__learning_rate': 0.1, 'model__max_depth': 10, 'model__min_child_samples': 30, 'model__n_estimators': 300, 'model__num_leaves': 31}",0.3745019920318725,0.3333333333333333,0.35428571428571426,0.3838771593090211,0.3405088062622309,0.3573014010444345,0.01932710600997894,192,0.2686149195723655,0.21404026765521383,0.22504812856536557,0.26573066047961275,0.21841869175639192,0.2383705336057899,0.023794216673457234,183,0.6693900565258454,0.6751866515837104,0.6628181561085973,0.678710099778771,0.6792194342859722,0.6730648796565794,0.006208842686618606,219,0.4240334302695655,0.40391328449157504,0.387882707616803,0.41482634543847663,0.42380052033702703,0.41089125763068945,0.013659693731690863,224,,0.1,,30.0,31.0,,,,
LGBM,11.42272744178772,0.1560879972319402,0.03970155715942383,0.002313455786967499,10,,,,300.0,"{'model__learning_rate': 0.1, 'model__max_depth': 10, 'model__min_child_samples': 30, 'model__n_estimators': 300, 'model__num_leaves': 63}",0.40229885057471265,0.3567362428842505,0.32887189292543023,0.3843283582089552,0.3705103969754253,0.36854914831375474,0.02492268722979022,107,0.28832728350025943,0.22677118461538054,0.19444972283537196,0.2560986469166969,0.2433359482337083,0.24179655722028343,0.031111131547106808,167,0.6808841149687769,0.6725565610859728,0.6671351809954752,0.6767390739988262,0.6738904690956702,0.6742410800289443,0.004556845844551266,210,0.43371907118048325,0.40078599975681617,0.40061706395067653,0.4155627449492214,0.42920611234566913,0.41597819843657324,0.01383225380855363,199,,0.1,,30.0,63.0,,,,
LGBM,6.867315101623535,0.07884237224256332,0.0410311222076416,0.00642447293757175,10,,,,500.0,"{'model__learning_rate': 0.1, 'model__max_depth': 10, 'model__min_child_samples': 30, 'model__n_estimators': 500, 'model__num_leaves': 15}",0.375968992248062,0.34468937875751504,0.3424124513618677,0.37181996086105673,0.35247524752475246,0.35747320615065076,0.013879161661521762,191,0.2595199595261988,0.23241917104063486,0.21789882411231795,0.25795148664442663,0.23820339743675503,0.24119856775206663,0.015781385195651625,168,0.6721895659773613,0.671254242081448,0.665902149321267,0.6849406293737865,0.6738566075217842,0.6736286388551294,0.006251726649661616,216,0.426731418496162,0.4068870394144961,0.4048517265685792,0.41922629800288125,0.4237308763821478,0.4162854717728532,0.008857328850713444,195,,0.1,,30.0,15.0,,,,
LGBM,13.090165138244629,0.16824596174712847,0.0451235294342041,0.0018462704252512365,10,,,,500.0,"{'model__learning_rate': 0.1, 'model__max_depth': 10, 'model__min_child_samples': 30, 'model__n_estimators': 500, 'model__num_leaves': 31}",0.37476099426386233,0.3540856031128405,0.32653061224489793,0.3660377358490566,0.3326959847036329,0.35082218603485804,0.018621864130593663,230,0.2529394427380395,0.23261009184889658,0.18102157197313345,0.2370349890870422,0.19984990516962403,0.22069120016334715,0.026295123282903777,239,0.6667117745732369,0.6726117081447963,0.6603775452488688,0.6663097092419521,0.6686743758183213,0.6669370226054351,0.003967151473797809,236,0.4172705313667644,0.39448933979706624,0.3830945221646762,0.40257706436603446,0.41185090758511467,0.4018564730559312,0.012200709985110173,242,,0.1,,30.0,31.0,,,,
LGBM,19.390885162353516,0.5489733931432833,0.0540654182434082,0.0023160606799540804,10,,,,500.0,"{'model__learning_rate': 0.1, 'model__max_depth': 10, 'model__min_child_samples': 30, 'model__n_estimators': 500, 'model__num_leaves': 63}",0.3856332703213611,0.3660377358490566,0.34306569343065696,0.3890909090909091,0.3707865168539326,0.3709228251091833,0.016409624835943912,90,0.2624807527555012,0.23645980542913148,0.1963306057247218,0.2534660259246326,0.24036331983273077,0.2378201019333436,0.02272724926612084,187,0.676557984804274,0.6684558823529412,0.6565356334841629,0.6690129915571809,0.6659231229400875,0.6672971230277293,0.006445898265804745,234,0.4343658684442234,0.39907943782702243,0.3926373832669009,0.4078595560447073,0.42143616712445087,0.411075682541461,0.015126114089280595,222,,0.1,,30.0,63.0,,,,
LGBM,3.077246904373169,0.044233529048370135,0.03408503532409668,0.0012994486152618247,20,,,,200.0,"{'model__learning_rate': 0.1, 'model__max_depth': 20, 'model__min_child_samples': 10, 'model__n_estimators': 200, 'model__num_leaves': 15}",0.3805668016194332,0.35655737704918034,0.33528265107212474,0.3387096774193548,0.3534136546184739,0.3529060323557134,0.01606753382469581,223,0.28313806959204796,0.2569516982078475,0.20964861940397872,0.2281568908508942,0.24512381073545694,0.24460381775804504,0.025019977639345773,149,0.6842333770316178,0.6911142533936652,0.6783017533936652,0.6802437468960224,0.6821315296401643,0.683204932071027,0.004417624573978374,165,0.4426695925087293,0.4227316141080857,0.40774513249914723,0.4138022343596817,0.43447701154730833,0.42428511700459043,0.012866537538660835,105,,0.1,,10.0,15.0,,,,
LGBM,5.93587441444397,0.08357412260429391,0.03378872871398926,0.0018996504487275858,20,,,,200.0,"{'model__learning_rate': 0.1, 'model__max_depth': 20, 'model__min_child_samples': 10, 'model__n_estimators': 200, 'model__num_leaves': 31}",0.3826429980276134,0.357429718875502,0.33904761904761904,0.39763779527559057,0.37109375,0.369570376245265,0.02019915041382313,97,0.27485900698775556,0.2493792458933201,0.20588078702150928,0.29290948114609916,0.2562688659632248,0.2558594774023818,0.029235989442695003,70,0.6866621558760096,0.6866826923076923,0.6816289592760181,0.6891112465574065,0.6711476816109079,0.6830465471256069,0.006429110567838415,167,0.44387580245947467,0.42422796612235436,0.4146102278875272,0.42963706526905054,0.4287846672746794,0.4282271458026172,0.00947199081375371,47,,0.1,,10.0,31.0,,,,
LGBM,11.50766396522522,0.08476786524383506,0.0355104923248291,0.0019401364716078468,20,,,,200.0,"{'model__learning_rate': 0.1, 'model__max_depth': 20, 'model__min_child_samples': 10, 'model__n_estimators': 200, 'model__num_leaves': 63}",0.36608863198458574,0.37816764132553604,0.3433962264150943,0.36466165413533835,0.3549618320610687,0.3614551971843246,0.011656295202747038,157,0.24487019871656482,0.2637075453647842,0.20799473909447364,0.23397234631813343,0.22719266097958027,0.2355474980947073,0.018500486177407623,197,0.6809841981364796,0.672918552036199,0.6743863122171946,0.6764230326425572,0.6566563388866314,0.6722736867838124,0.008268865361553761,221,0.43102430959491517,0.4138406405565421,0.41028399399920823,0.4102531107516874,0.405592005030142,0.41419881198649894,0.00881132385781002,210,,0.1,,10.0,63.0,,,,
LGBM,4.322450733184814,0.03882533972047376,0.03644237518310547,0.0020594309952546466,20,,,,300.0,"{'model__learning_rate': 0.1, 'model__max_depth': 20, 'model__min_child_samples': 10, 'model__n_estimators': 300, 'model__num_leaves': 15}",0.39183673469387753,0.3374485596707819,0.328125,0.3534136546184739,0.35991820040899797,0.35414842987842626,0.021956060822060024,213,0.30108037438356383,0.23443415304764467,0.201364171457165,0.24512381073545694,0.26126221380522185,0.24865294468581048,0.032736786488591026,119,0.6816114799622222,0.6872893099547511,0.673429015837104,0.6826436859451894,0.6794860941803241,0.6808919171759181,0.004520715285857025,177,0.4396253661557956,0.4149535006154407,0.4140280801159302,0.4105997440944579,0.4336798983807387,0.42257731787247266,0.011735225380088258,130,,0.1,,10.0,15.0,,,,
LGBM,8.99747838973999,0.9663870439601235,0.03706135749816895,0.0012265407836283696,20,,,,300.0,"{'model__learning_rate': 0.1, 'model__max_depth': 20, 'model__min_child_samples': 10, 'model__n_estimators': 300, 'model__num_leaves': 31}",0.35856573705179284,0.36507936507936506,0.35687732342007433,0.38684719535783363,0.344294003868472,0.3623327249555076,0.013984636951397109,155,0.24843953143598987,0.25415962068496456,0.21978396075770637,0.2723859695625598,0.21873636571136953,0.242701089630518,0.020711941160375592,164,0.679691574688826,0.6826809954751132,0.6791317873303168,0.6875564359564765,0.6678165492798771,0.679375468546122,0.006505730616610679,187,0.42852845566674447,0.4166161611648204,0.415342735162889,0.4272692496641624,0.4199550530494369,0.42154233094161064,0.005418950531719739,144,,0.1,,10.0,31.0,,,,
LGBM,17.86941957473755,0.3172807829203017,0.1432816505432129,0.11703107210703134,20,,,,300.0,"{'model__learning_rate': 0.1, 'model__max_depth': 20, 'model__min_child_samples': 10, 'model__n_estimators': 300, 'model__num_leaves': 63}",0.37358490566037733,0.37524177949709864,0.3383458646616541,0.35185185185185186,0.3567362428842505,0.3591521289110465,0.013850726212934018,180,0.2466483405266536,0.2570648987520102,0.20033386813729925,0.21271008750897474,0.2273583366646088,0.2288231063179093,0.02092247323751791,227,0.6802709293638375,0.6646860859728507,0.6714338235294117,0.6739991083118877,0.6575141654250756,0.6695808225206127,0.007833210143036218,230,0.4253832574619815,0.4083917471589439,0.4096444616282396,0.40810055873797013,0.4035106468074814,0.41100613435892336,0.007483522500805251,223,,0.1,,10.0,63.0,,,,
LGBM,7.243932628631592,0.06363750682236019,0.03758502006530762,0.0027224338404262943,20,,,,500.0,"{'model__learning_rate': 0.1, 'model__max_depth': 20, 'model__min_child_samples': 10, 'model__n_estimators': 500, 'model__num_leaves': 15}",0.3835051546391753,0.336,0.32567049808429116,0.35412474849094566,0.34156378600823045,0.3481728374445285,0.019909850288083182,240,0.29516411857934105,0.2206045897006714,0.19111205907328477,0.24687085901035205,0.24061094909658773,0.23887251509204738,0.03420677868089702,180,0.6785159498738389,0.6725848416289593,0.6706886312217194,0.6823727933541017,0.676260779267687,0.6760845990692612,0.004167701158043669,207,0.440044911167999,0.40407367031192587,0.4078759483363026,0.40555418221546047,0.43119456013943847,0.4177486544342253,0.01490701924401496,179,,0.1,,10.0,15.0,,,,
LGBM,15.533968496322633,0.23905689563008622,0.06801185607910157,0.023583368943613785,20,,,,500.0,"{'model__learning_rate': 0.1, 'model__max_depth': 20, 'model__min_child_samples': 10, 'model__n_estimators': 500, 'model__num_leaves': 31}",0.359375,0.3557312252964427,0.3522935779816514,0.39626168224299063,0.3346303501945525,0.35965836714312743,0.02017893539358709,174,0.24158796384047318,0.24076762592273102,0.20971862209276668,0.27175605775722134,0.20875172003401724,0.23451639792944187,0.023471793597626273,207,0.6742814451445567,0.6732140837104073,0.6699476809954751,0.6778057135762336,0.6579854056616551,0.6706468658176654,0.006809571330420954,225,0.42851759490579383,0.4091997360405596,0.4076829695847281,0.4124744083679899,0.41154014746651596,0.41388297127311746,0.0075102302880280854,212,,0.1,,10.0,31.0,,,,
LGBM,30.378634119033812,0.6365143803220058,0.11716032028198242,0.04356851057907527,20,,,,500.0,"{'model__learning_rate': 0.1, 'model__max_depth': 20, 'model__min_child_samples': 10, 'model__n_estimators': 500, 'model__num_leaves': 63}",0.373134328358209,0.3757115749525617,0.3364140480591497,0.3450834879406308,0.3436293436293436,0.354794556587979,0.016313667976957043,210,0.2421387730602227,0.2506339034218284,0.192200775315346,0.20482716278759397,0.2171729927499772,0.22139472146699365,0.022044677016237815,238,0.6798734159371872,0.655981334841629,0.6683795248868778,0.6606943315725314,0.6496893200595963,0.6629235854595643,0.010443890323691944,242,0.4249119939096163,0.4052740055913488,0.40900854573719897,0.3967608944975649,0.39275777847557425,0.4057426436422606,0.011203823176793913,237,,0.1,,10.0,63.0,,,,
LGBM,3.4751233100891112,0.24385640552954363,0.03435459136962891,0.0011483881304573146,20,,,,200.0,"{'model__learning_rate': 0.1, 'model__max_depth': 20, 'model__min_child_samples': 20, 'model__n_estimators': 200, 'model__num_leaves': 15}",0.37627811860940696,0.3393939393939394,0.32661290322580644,0.36,0.3531746031746032,0.35109191288075126,0.017053451682140095,228,0.2821945171341499,0.22903891269697332,0.21199740281237306,0.2517998445769434,0.2398882131640158,0.2429837780768911,0.023577117425916057,162,0.6868764184322184,0.6967335972850679,0.6880147058823529,0.6963181181994672,0.6875126980902072,0.6910911075778627,0.0044540362949166325,66,0.44753679443934596,0.41897550553819063,0.4156760006455049,0.4261986760599624,0.4224886931337822,0.4261751339633572,0.011242574335072846,69,,0.1,,20.0,15.0,,,,
LGBM,6.164534616470337,0.03986773138490745,0.040015459060668945,0.003216079755264437,20,,,,200.0,"{'model__learning_rate': 0.1, 'model__max_depth': 20, 'model__min_child_samples': 20, 'model__n_estimators': 200, 'model__num_leaves': 31}",0.39763779527559057,0.3611111111111111,0.345489443378119,0.3661417322834646,0.3686274509803922,0.3678015066057355,0.01694833746329985,113,0.29301105368476144,0.2491447015562457,0.21675036558034588,0.25310915116128985,0.25469135079406047,0.2533413245553407,0.024216002179707683,87,0.6909389492677013,0.6907946832579186,0.682451923076923,0.6846104790283986,0.679835997110479,0.6857264063482841,0.004461445729491952,138,0.4465983424801972,0.42395876630151286,0.41477137820271265,0.41155798505188723,0.42568357456133626,0.42451400931952926,0.012265165100538754,102,,0.1,,20.0,31.0,,,,
LGBM,11.683318519592286,0.07239230984688157,0.03994331359863281,0.0017661295129625092,20,,,,200.0,"{'model__learning_rate': 0.1, 'model__max_depth': 20, 'model__min_child_samples': 20, 'model__n_estimators': 200, 'model__num_leaves': 63}",0.3875968992248062,0.3597678916827853,0.35361216730038025,0.3766478342749529,0.38076923076923075,0.37167880465043107,0.012876226700167767,88,0.27418086497409816,0.23757603896765886,0.2235194095170009,0.24971651484533133,0.2625342512802241,0.24950541591686265,0.017867598959397175,115,0.6776208398528356,0.6865738122171946,0.6817703619909503,0.6736097002121992,0.6718122149984198,0.67827738585432,0.0053860625467474135,195,0.4281675970429163,0.4111830750768076,0.4215066603703497,0.4063306181644738,0.4261619033613347,0.41866997080317636,0.008516971251637211,171,,0.1,,20.0,63.0,,,,
LGBM,4.641984987258911,0.0336748273236374,0.03612394332885742,0.003256305624579021,20,,,,300.0,"{'model__learning_rate': 0.1, 'model__max_depth': 20, 'model__min_child_samples': 20, 'model__n_estimators': 300, 'model__num_leaves': 15}",0.3643724696356275,0.3469387755102041,0.3153692614770459,0.3843137254901961,0.35671342685370744,0.35354153179335623,0.02269368480158754,216,0.2625674546597067,0.24293278595567355,0.19369762373044927,0.274501952444231,0.24846858567120492,0.2444336804922531,0.02766085806219451,151,0.6803273142470505,0.6876046380090498,0.685101809954751,0.6952430132285882,0.6796511693530182,0.6855855889584914,0.005664684169845284,142,0.4398563416235798,0.4194909453658839,0.41466464299755124,0.4239949171604299,0.42762962467742016,0.42512729436497293,0.008552476506228802,94,,0.1,,20.0,15.0,,,,
LGBM,8.59461498260498,0.055426424515748536,0.03716621398925781,0.001444780240687536,20,,,,300.0,"{'model__learning_rate': 0.1, 'model__max_depth': 20, 'model__min_child_samples': 20, 'model__n_estimators': 300, 'model__num_leaves': 31}",0.4145873320537428,0.3727454909819639,0.34296724470134876,0.3815028901734104,0.33203125,0.36876684158209316,0.02930077411921157,106,0.30452372724500953,0.26793903056461726,0.21498643896979158,0.26418309711271903,0.20696243719923751,0.251718946218275,0.036219368523855794,98,0.6809856077585599,0.6826046380090498,0.6820786199095022,0.6824376947040499,0.6780695516727618,0.6812352224107847,0.001680258119091517,175,0.4422692478687191,0.42215825082833613,0.4159078496524206,0.4056833175155187,0.42257533978353956,0.42171880112970683,0.011951163353317399,143,,0.1,,20.0,31.0,,,,
LGBM,18.287250232696532,1.4823501684776057,0.06601800918579101,0.008867421734718814,20,,,,300.0,"{'model__learning_rate': 0.1, 'model__max_depth': 20, 'model__min_child_samples': 20, 'model__n_estimators': 300, 'model__num_leaves': 63}",0.3632887189292543,0.3787878787878788,0.34220532319391633,0.3673469387755102,0.366412213740458,0.3636082146854035,0.011920138527057804,143,0.23849367155771567,0.2538268195163637,0.2091729569130646,0.23282646318303943,0.24161100701573873,0.2351861836371844,0.014710182752042182,204,0.6767525126513582,0.6760053733031675,0.6764988687782806,0.6679661045645401,0.6652458914623685,0.6724937501519429,0.004889592223137775,220,0.42021815233029924,0.40474078656962054,0.42099551315204564,0.4018519591533752,0.42230635695981045,0.4140225536330302,0.008830669001109837,211,,0.1,,20.0,63.0,,,,
LGBM,7.488873386383057,0.09191828255086244,0.04984722137451172,0.00911497311695184,20,,,,500.0,"{'model__learning_rate': 0.1, 'model__max_depth': 20, 'model__min_child_samples': 20, 'model__n_estimators': 500, 'model__num_leaves': 15}",0.3629191321499014,0.3426294820717131,0.33076923076923076,0.358974358974359,0.35412474849094566,0.34988339049123,0.011734868345843965,234,0.2499309424738818,0.22737940363841352,0.1989242498767545,0.2448366839445135,0.24687085901035205,0.2335884277887831,0.0190272501594421,210,0.6780775574068593,0.6792081447963801,0.6773755656108598,0.690594101313829,0.6702447063072825,0.6791000150870421,0.006550745751613513,189,0.4352353661639977,0.41626026870777366,0.4093404747651177,0.42414702053045356,0.4249897263604848,0.42199457130556556,0.008739920199748168,140,,0.1,,20.0,15.0,,,,
LGBM,15.317728948593139,0.3235916463846202,0.1743539333343506,0.10713617214486576,20,,,,500.0,"{'model__learning_rate': 0.1, 'model__max_depth': 20, 'model__min_child_samples': 20, 'model__n_estimators': 500, 'model__num_leaves': 31}",0.4,0.36220472440944884,0.33458646616541354,0.3656716417910448,0.3474903474903475,0.3619906359712509,0.021997973908300196,156,0.28687228622194155,0.2473838143516576,0.19560823062536992,0.232632817965032,0.22203981533708037,0.23690739290021628,0.030170129695299846,192,0.6720063151069198,0.6740851244343892,0.6753054298642535,0.6724809810826674,0.666047282044336,0.6719850265065132,0.003191824657119895,222,0.426356878121191,0.4139045626433955,0.40765562384933096,0.3970091645251531,0.41631181816677965,0.41224760946117006,0.009712170553474096,219,,0.1,,20.0,31.0,,,,
LGBM,29.431110620498657,0.42622790044894276,0.0586094856262207,0.0027165546068719207,20,,,,500.0,"{'model__learning_rate': 0.1, 'model__max_depth': 20, 'model__min_child_samples': 20, 'model__n_estimators': 500, 'model__num_leaves': 63}",0.37243947858473,0.37523452157598497,0.34798534798534797,0.37454545454545457,0.3681214421252372,0.36766524896335095,0.010148211664317891,115,0.24062315132337875,0.24605110340859054,0.20370401580514325,0.23517009669217298,0.2416889112287926,0.2334474556916156,0.015270257635295967,212,0.6778604756064899,0.674366515837104,0.6654694570135747,0.6563572283173054,0.6580672377985464,0.6664241829146041,0.008555267977910199,237,0.4134925486112456,0.4037799159123925,0.40599336856901125,0.39054148860885995,0.41529547856506027,0.40582056005331396,0.008789511985713106,236,,0.1,,20.0,63.0,,,,
LGBM,3.226836919784546,0.11616198459232963,0.03404889106750488,0.002621895007520316,20,,,,200.0,"{'model__learning_rate': 0.1, 'model__max_depth': 20, 'model__min_child_samples': 30, 'model__n_estimators': 200, 'model__num_leaves': 15}",0.3885480572597137,0.3485148514851485,0.31683168316831684,0.36,0.3686274509803922,0.35650440857871424,0.023764430989564655,196,0.2978192342637302,0.2324369427341864,0.19241003718781594,0.2517998445769434,0.25469135079406047,0.24583148191134727,0.034205582761582816,136,0.6859798987891346,0.690087669683258,0.6850282805429865,0.6868481647026954,0.6863106122172559,0.686850925187066,0.0017233212784465441,124,0.44214051855561187,0.4169601881825671,0.4068837695185489,0.4174036372048276,0.43454261233926217,0.4235861451601635,0.012848385172501177,115,,0.1,,30.0,15.0,,,,
LGBM,6.2587751865386965,0.09486569443767082,0.03981971740722656,0.0049726825423936595,20,,,,200.0,"{'model__learning_rate': 0.1, 'model__max_depth': 20, 'model__min_child_samples': 30, 'model__n_estimators': 200, 'model__num_leaves': 31}",0.403921568627451,0.3346774193548387,0.3359375,0.38372093023255816,0.356,0.36285148364296954,0.027156468561813637,152,0.2993665002968681,0.22221976298520554,0.2112146329857081,0.26918575888968777,0.2467311949107126,0.24974357001363642,0.0319109613261262,112,0.6873373648524831,0.6901329185520362,0.680439762443439,0.6917580929161588,0.6681227143437627,0.6835581706215759,0.00863395766831139,163,0.44331749854573677,0.41495373096213006,0.40671911329049126,0.4208164526878564,0.4180337599026067,0.42076811107776424,0.01222403569527667,154,,0.1,,30.0,31.0,,,,
LGBM,11.187561321258546,0.12277531688528,0.03731803894042969,0.0034920059906472806,20,,,,200.0,"{'model__learning_rate': 0.1, 'model__max_depth': 20, 'model__min_child_samples': 30, 'model__n_estimators': 200, 'model__num_leaves': 63}",0.39925373134328357,0.3365570599613153,0.3333333333333333,0.38181818181818183,0.37218045112781956,0.3646285515167867,0.025763606016820935,136,0.2749855384701179,0.20834274929113178,0.2007547849006524,0.2443180613084028,0.24343160791495982,0.23436654837705295,0.02697442875423691,208,0.683463723375763,0.6735732466063349,0.6685025452488688,0.6810310284888708,0.6779439816696012,0.6769029050778876,0.0053445720296022604,201,0.43543180661339387,0.3969705064765113,0.3985765401405377,0.41552269386418533,0.4256891017966436,0.41443812977825434,0.015001353321085799,208,,0.1,,30.0,63.0,,,,
LGBM,4.596076822280883,0.1284882958737109,0.0348778247833252,0.002119874490332472,20,,,,300.0,"{'model__learning_rate': 0.1, 'model__max_depth': 20, 'model__min_child_samples': 30, 'model__n_estimators': 300, 'model__num_leaves': 15}",0.37575757575757573,0.3413654618473896,0.32941176470588235,0.35785288270377735,0.37401574803149606,0.3556806866092242,0.018105006539919206,202,0.27615133874940995,0.22903341176189632,0.20447908228529899,0.2466160241988028,0.2630592336574922,0.24386781813058006,0.025257160940481846,156,0.6758263909445877,0.688781108597285,0.685185237556561,0.6940973633121135,0.679242008668563,0.6846264218158221,0.006537658271665607,154,0.4363053813669872,0.415823139481703,0.4073420191875178,0.42021362564032333,0.4330715507415769,0.42255114328362164,0.01078800739708083,132,,0.1,,30.0,15.0,,,,
LGBM,8.75168581008911,0.09531149447333692,0.037407207489013675,0.001317685270048226,20,,,,300.0,"{'model__learning_rate': 0.1, 'model__max_depth': 20, 'model__min_child_samples': 30, 'model__n_estimators': 300, 'model__num_leaves': 31}",0.38996138996138996,0.35658914728682173,0.3404255319148936,0.3815028901734104,0.3586744639376218,0.36543068465482753,0.017939611244538398,133,0.2756827058503009,0.2342982210583688,0.21321496423721964,0.26418309711271903,0.23983667246260004,0.24544313214424168,0.02218068684626803,140,0.6853258341438659,0.6819980203619909,0.672970871040724,0.6785577226962843,0.6653291344981714,0.6768363165482073,0.007057410886420794,202,0.43398694908849755,0.4099994287574124,0.39718978212019507,0.4123449714988938,0.4155288785346489,0.4138100019999296,0.011857168481663365,213,,0.1,,30.0,31.0,,,,
LGBM,16.022128963470458,0.13283316869469877,0.042250776290893556,0.004034463682334919,20,,,,300.0,"{'model__learning_rate': 0.1, 'model__max_depth': 20, 'model__min_child_samples': 30, 'model__n_estimators': 300, 'model__num_leaves': 63}",0.3802559414990859,0.3609022556390977,0.3408239700374532,0.3747747747747748,0.3807763401109057,0.36750665641226343,0.015146208647497486,116,0.24425867844225604,0.2286876932088753,0.20215330812115592,0.23255909634789892,0.2484600141930602,0.23122375806264928,0.01624994454006098,222,0.6827349487602374,0.6642449095022624,0.6641770361990951,0.6707314664318931,0.6669869407196712,0.6697750603226319,0.006907495552878199,229,0.43022941826905026,0.39377667201104416,0.39867225986146126,0.40423453136872567,0.41601299591527996,0.4085851754851123,0.013115879974774312,229,,0.1,,30.0,63.0,,,,
LGBM,7.225730323791504,0.06570262818249265,0.039087677001953126,0.002619488909988263,20,,,,500.0,"{'model__learning_rate': 0.1, 'model__max_depth': 20, 'model__min_child_samples': 30, 'model__n_estimators': 500, 'model__num_leaves': 15}",0.38684719535783363,0.34523809523809523,0.3269230769230769,0.34714003944773175,0.3469785575048733,0.3506253928943222,0.019638171142693388,231,0.27249395992488784,0.22908502504137035,0.19408279716839627,0.2298775331225381,0.22507733327365526,0.23012332970616955,0.024983157779880725,224,0.6726039948689757,0.6808583144796378,0.6763065610859729,0.6842422344123887,0.6803509752133279,0.6788724160120607,0.004020984825051765,192,0.4298472622348365,0.41482422967595134,0.40231081038021455,0.4109046201249931,0.43054706305178775,0.4176867970935566,0.010989781954441514,182,,0.1,,30.0,15.0,,,,
LGBM,12.473550939559937,0.2966121395256663,0.05217728614807129,0.016122304547771988,20,,,,500.0,"{'model__learning_rate': 0.1, 'model__max_depth': 20, 'model__min_child_samples': 30, 'model__n_estimators': 500, 'model__num_leaves': 31}",0.38697318007662834,0.3726235741444867,0.31861804222648754,0.38361266294227186,0.33955223880597013,0.36027593963916893,0.026738218237000875,165,0.2690262844850676,0.24743016385689479,0.18293079891893577,0.25455560096210933,0.19978065743270107,0.2307447011311417,0.03333402012399278,223,0.6773135422393256,0.6698289027149321,0.6640865384615384,0.6683950178337621,0.6591691498487515,0.667758630219662,0.006053937429902947,233,0.42573877699035173,0.4040956835184095,0.3928828473375477,0.39879550974005107,0.4093384585636834,0.4061702552300087,0.011209018543809974,235,,0.1,,30.0,31.0,,,,
LGBM,12.35832929611206,0.7814740241105479,0.07033343315124511,0.01898703729764126,20,,,,500.0,"{'model__learning_rate': 0.1, 'model__max_depth': 20, 'model__min_child_samples': 30, 'model__n_estimators': 500, 'model__num_leaves': 63}",0.3656307129798903,0.36059479553903345,0.33455882352941174,0.3568904593639576,0.3772893772893773,0.358992833740334,0.014020214415274538,181,0.22586786160661323,0.22445568128395535,0.18803509408194385,0.203947810378206,0.24100647616926285,0.21666258470399624,0.018543425974196767,242,0.6783002776955499,0.6571578054298644,0.657697963800905,0.6625426091471398,0.6545823174861167,0.6620561947119151,0.008520024248797773,243,0.42129622341155637,0.38979721190274796,0.38782003928904973,0.39281892127431894,0.40261969769878386,0.3988704187152914,0.012312825815191768,243,,0.1,,30.0,63.0,,,,
MLP,33.503531503677365,0.5626698043214639,0.15341267585754395,0.038840796170089655,,,,,,"{'model__activation': 'relu', 'model__alpha': 0.0001, 'model__hidden_layer_sizes': (50,), 'model__learning_rate_init': 0.001}",0.4223433242506812,0.4254742547425474,0.36635006784260515,0.43956043956043955,0.4127906976744186,0.41330375681413833,0.02499664107763863,5,0.22962480608521643,0.23319250082786178,0.15286880342117767,0.2389319996182323,0.22791071090493675,0.216505764171485,0.03204131102441185,6,0.6402235660619388,0.6695107466063349,0.624572963800905,0.6756498600388279,0.6542493453429049,0.6528412963701823,0.01875307704933057,5,0.42225323822211247,0.4169184158162875,0.34477375208800903,0.4100214317182877,0.3988134342077055,0.3985560544104804,0.028009962517918024,4,,,,,,relu,0.0001,"(50,)",0.001
MLP,11.739462280273438,1.6458562161849732,0.4725207805633545,0.4375908110281726,,,,,,"{'model__activation': 'relu', 'model__alpha': 0.0001, 'model__hidden_layer_sizes': (50,), 'model__learning_rate_init': 0.01}",0.3843137254901961,0.3753581661891118,0.3648351648351648,0.39487179487179486,0.416,0.3870757702772535,0.017532625199528543,26,0.17061951029119718,0.175666578817039,0.11440578995307295,0.18191543920936634,0.25226357152249146,0.1789741779586334,0.043885769083507074,30,0.613547877813958,0.6157466063348417,0.6149547511312217,0.6167758702424488,0.6687054155943836,0.6259461042233707,0.02140564186499225,26,0.38611877590053323,0.3573294917111569,0.3569248816443181,0.35018267731467695,0.39942761561888285,0.3699966884379136,0.01923552037995885,26,,,,,,relu,0.0001,"(50,)",0.01
MLP,47.86720514297485,2.1515981118915204,1.8405710697174071,2.97531621157933,,,,,,"{'model__activation': 'relu', 'model__alpha': 0.0001, 'model__hidden_layer_sizes': (100,), 'model__learning_rate_init': 0.001}",0.38247011952191234,0.42760487144790255,0.3695345557122708,0.40522875816993464,0.36879432624113473,0.39072652621863097,0.02266546421212545,19,0.1708341779881477,0.23589199674859634,0.16475729976497958,0.19942587311391716,0.16468937526426877,0.1871197445759819,0.027562994997108087,24,0.6089299558788288,0.6461001131221719,0.6398359728506788,0.6276087520881304,0.6209944579890738,0.6286938503857767,0.013252882578118783,22,0.389935672912178,0.41216012810486563,0.3819565788025398,0.3629919519460231,0.36535430850032324,0.382479728053186,0.017943491068189654,13,,,,,,relu,0.0001,"(100,)",0.001
MLP,15.184513235092163,3.5941226968759192,0.08653368949890136,0.010669770597547484,,,,,,"{'model__activation': 'relu', 'model__alpha': 0.0001, 'model__hidden_layer_sizes': (100,), 'model__learning_rate_init': 0.01}",0.38980509745127434,0.43317972350230416,0.3726346433770015,0.360699865410498,0.396875,0.39063886594821556,0.024778235945469733,20,0.2041207031775256,0.26550192621598373,0.17531295984379358,0.14327002166737818,0.22221837061964753,0.2020847963048657,0.041490112173392456,12,0.617069113770598,0.6593438914027149,0.6274406108597285,0.5792318501963971,0.6340565601155809,0.6234284052690038,0.026125671979926206,28,0.40612656567223493,0.4011268140451056,0.36473484424527325,0.32799214109829705,0.3767079643981728,0.3753376658918167,0.028174217912835264,18,,,,,,relu,0.0001,"(100,)",0.01
MLP,44.85586247444153,7.2194644897965246,1.381966495513916,1.1651379667820208,,,,,,"{'model__activation': 'relu', 'model__alpha': 0.0001, 'model__hidden_layer_sizes': (100, 50), 'model__learning_rate_init': 0.001}",0.4016393442622951,0.4144144144144144,0.37681159420289856,0.4253028263795424,0.3489208633093525,0.3934178085137006,0.027498545270524404,14,0.2019682601300474,0.2365047741144446,0.1799360537568604,0.2315744251604638,0.1994555008331546,0.20988780279899416,0.02120109479499205,10,0.6147488758263909,0.6447313348416289,0.6324349547511312,0.63704766580884,0.616939534516231,0.6291804731488444,0.011596768947617084,21,0.39775848436521966,0.381040517460267,0.3610802807299766,0.3724176973324265,0.3536788541983008,0.3731951668172381,0.015447766684037398,20,,,,,,relu,0.0001,"(100, 50)",0.001
MLP,25.65368537902832,2.615446659736262,0.12562289237976074,0.048231715216896884,,,,,,"{'model__activation': 'relu', 'model__alpha': 0.0001, 'model__hidden_layer_sizes': (100, 50), 'model__learning_rate_init': 0.01}",0.4180645161290323,0.41853932584269665,0.3604135893648449,0.3582554517133956,0.41297935103244837,0.39365044681648353,0.028094853583450163,13,0.21554715367333319,0.2296124766572376,0.16234662301299327,0.1716612488148449,0.2309756770247734,0.20202863583663647,0.02925197473242483,13,0.622108512707743,0.6630627828054299,0.6089734162895928,0.6028192582057881,0.6149290035667524,0.6223785947150612,0.02132153355854949,30,0.36934366596215507,0.3687399436136469,0.3244215951951271,0.34497870145724996,0.3628566134872039,0.35406810394307664,0.017247471077328692,33,,,,,,relu,0.0001,"(100, 50)",0.01
MLP,27.421465110778808,1.4849626306027843,0.5082049369812012,0.3350705626316584,,,,,,"{'model__activation': 'relu', 'model__alpha': 0.001, 'model__hidden_layer_sizes': (50,), 'model__learning_rate_init': 0.001}",0.4224965706447188,0.4252400548696845,0.36289222373806274,0.4348864994026284,0.39652677279305354,0.4084084242896296,0.02606056895899245,9,0.2309258352143548,0.23477602492226915,0.14921950248567795,0.2298585326506777,0.20556148569902855,0.21006827619440163,0.03212491023645076,9,0.6396681749622926,0.6719457013574661,0.6196323529411765,0.6767475393922976,0.6522571560792811,0.6520501849465028,0.02102409917263794,7,0.4195780692254458,0.4187360429786493,0.3376312823022294,0.42183048304347404,0.39254000451558746,0.3980631764130772,0.032055146678381954,6,,,,,,relu,0.001,"(50,)",0.001
MLP,9.144894695281982,1.9253426936427673,0.4114709377288818,0.3668284429803337,,,,,,"{'model__activation': 'relu', 'model__alpha': 0.001, 'model__hidden_layer_sizes': (50,), 'model__learning_rate_init': 0.01}",0.3901292596944771,0.4092140921409214,0.34553440702781846,0.4164588528678304,0.3799392097264438,0.3882551642914982,0.025029802799853704,24,0.16223977359405017,0.2110305947301769,0.14081474024067073,0.2083414107234097,0.19404785675541764,0.18329487520874505,0.02742300079025967,29,0.6160344511636431,0.6475763574660633,0.6068552036199095,0.643125818321369,0.6275057564675606,0.628219517407709,0.015506800196357765,23,0.40488585288058543,0.38630626711737237,0.34540145365501274,0.38583607589292046,0.36126046272419204,0.37673802245401655,0.02091966366518759,17,,,,,,relu,0.001,"(50,)",0.01
MLP,44.21566781997681,6.257984258021243,0.8310505390167237,0.47206175665725525,,,,,,"{'model__activation': 'relu', 'model__alpha': 0.001, 'model__hidden_layer_sizes': (100,), 'model__learning_rate_init': 0.001}",0.40053763440860213,0.4088397790055249,0.37714285714285717,0.4128686327077748,0.3659217877094972,0.39306213819485125,0.018369193513941458,15,0.1976924553078197,0.21371593677617015,0.17746616875637053,0.21393279556607372,0.15769850587855092,0.192101172456997,0.02178443044512828,18,0.6279570347189918,0.6427205882352941,0.6351244343891402,0.6364212266919499,0.6115329698857737,0.6307512507842299,0.010692879544491583,18,0.4094423095388319,0.4055265790289214,0.3781466100890317,0.373675932734847,0.36693537420958466,0.3867453611202433,0.01734975315482934,10,,,,,,relu,0.001,"(100,)",0.001
MLP,12.960766124725343,1.5488456243652822,0.23188209533691406,0.2120488756653382,,,,,,"{'model__activation': 'relu', 'model__alpha': 0.001, 'model__hidden_layer_sizes': (100,), 'model__learning_rate_init': 0.01}",0.36608863198458574,0.42727272727272725,0.3565459610027855,0.36883116883116884,0.40249609984399376,0.3842469177870522,0.026529095700998505,30,0.24487019871656482,0.25507450062669584,0.14477565525287198,0.14773878679373034,0.2291154877179737,0.20431492582156735,0.048129235837507514,11,0.6252984874755079,0.6583342760180996,0.6183597285067874,0.5860874080093909,0.6331705155988984,0.6242500831217368,0.023381580450796715,27,0.40229586233037273,0.39771025967513685,0.3694584382437391,0.32989732857874143,0.3847672396817656,0.3768258257019511,0.0260941014194197,16,,,,,,relu,0.001,"(100,)",0.01
MLP,70.74855012893677,13.883678149757618,0.5611039638519287,0.08927429209618094,,,,,,"{'model__activation': 'relu', 'model__alpha': 0.001, 'model__hidden_layer_sizes': (100, 50), 'model__learning_rate_init': 0.001}",0.37771739130434784,0.4011379800853485,0.4017467248908297,0.35161290322580646,0.38386648122392214,0.3832162961460509,0.01840651343329502,32,0.16848971425962989,0.20860886649859833,0.2137706211395765,0.17181046368960917,0.18101100605443657,0.1887381343283701,0.018855898031281987,22,0.6062629509028629,0.6211255656108597,0.6469768099547512,0.5892718068535825,0.5914036751094858,0.6110081616863083,0.02133273335119431,36,0.3772355766663097,0.37690311435570983,0.3907960860899062,0.3345334966084055,0.33338169177109805,0.36256999309828586,0.023896577586491736,29,,,,,,relu,0.001,"(100, 50)",0.001
MLP,28.805958795547486,6.120724389261679,0.3897735595703125,0.32200008092490523,,,,,,"{'model__activation': 'relu', 'model__alpha': 0.001, 'model__hidden_layer_sizes': (100, 50), 'model__learning_rate_init': 0.01}",0.38734177215189874,0.4047936085219707,0.3697478991596639,0.40406976744186046,0.3972413793103448,0.39263888531714775,0.013050992057617122,17,0.16949501131438266,0.202151233552452,0.16364328544064422,0.21638618150429323,0.19751422148162012,0.18983798665867843,0.020076584856221956,20,0.6146727562340536,0.6330953054298644,0.6098331447963801,0.6273378594970428,0.6202085872951374,0.6210295306504956,0.008388319486418093,31,0.34153384610296855,0.37223780386475114,0.32364754656243727,0.3709275416202498,0.36353481620701333,0.354376310871484,0.018899948404796488,32,,,,,,relu,0.001,"(100, 50)",0.01
MLP,44.418763256073,2.527209696870095,0.6054404735565185,0.1247107581325653,,,,,,"{'model__activation': 'relu', 'model__alpha': 0.01, 'model__hidden_layer_sizes': (50,), 'model__learning_rate_init': 0.001}",0.421195652173913,0.4236588720770289,0.3852760736196319,0.45246690734055356,0.40350877192982454,0.4172212554281904,0.022396524555439827,3,0.22763310601254477,0.23306996856123247,0.16191206676867506,0.2562083915701008,0.21678351760650547,0.2191214101038117,0.03137142059496255,4,0.6367277033027445,0.6691402714932128,0.6387613122171946,0.6790473046187188,0.6528440900266377,0.6553041363317017,0.016613111677823176,4,0.4104306034580896,0.4159001126047521,0.36429250787917666,0.41867002960181293,0.3924969201303114,0.40035803473482845,0.02020327365259971,1,,,,,,relu,0.01,"(50,)",0.001
MLP,19.309048652648926,3.4518349245011124,0.20450201034545898,0.06676651594186471,,,,,,"{'model__activation': 'relu', 'model__alpha': 0.01, 'model__hidden_layer_sizes': (50,), 'model__learning_rate_init': 0.01}",0.3908701854493581,0.4088785046728972,0.37711313394018203,0.39620081411126185,0.41581632653061223,0.3977757929408623,0.013607678054145485,11,0.19543315732366726,0.18966932801863898,0.15990315412130515,0.19320064685184724,0.21055290819755457,0.18975183890260264,0.016539691232335174,21,0.6157694422125428,0.6537839366515837,0.6092562217194569,0.6369686554697729,0.6565857939410357,0.6344728099988785,0.019255260097138693,14,0.39088636832960005,0.41035772396146897,0.34379549907574813,0.37063806511666864,0.39577232746795155,0.38228999679028747,0.023069729164951293,14,,,,,,relu,0.01,"(50,)",0.01
MLP,73.02965478897094,3.56180008446027,0.5173896789550781,0.21518564896818576,,,,,,"{'model__activation': 'relu', 'model__alpha': 0.01, 'model__hidden_layer_sizes': (100,), 'model__learning_rate_init': 0.001}",0.38596491228070173,0.40963855421686746,0.38493723849372385,0.4076086956521739,0.360056258790436,0.38964113188678057,0.018075597734423642,22,0.17848765608615008,0.20965683796117193,0.1832414395212,0.20895986300635377,0.15126289793062903,0.18632173890110093,0.021711724662782192,25,0.625664989216391,0.6408512443438914,0.6375820135746606,0.6478184681023974,0.6169508217075264,0.6337735073889734,0.01105088975334489,16,0.40151713183340865,0.3988538590918369,0.3763041459061966,0.38084740775638715,0.3608152792615151,0.38366756476986885,0.015057428435739845,12,,,,,,relu,0.01,"(100,)",0.001
MLP,25.636363124847414,5.016412021438582,0.12601938247680664,0.03920057573676784,,,,,,"{'model__activation': 'relu', 'model__alpha': 0.01, 'model__hidden_layer_sizes': (100,), 'model__learning_rate_init': 0.01}",0.3908355795148248,0.40425531914893614,0.3786008230452675,0.3793103448275862,0.41078305519897307,0.39275702434711757,0.012977301316256825,16,0.1848975489523303,0.20119713931800917,0.1715786339145246,0.2250124287943537,0.2044115678593957,0.19741946376772268,0.018160830979329017,15,0.6081828561762591,0.6304015837104072,0.6420616515837104,0.673149747166915,0.6330266039098831,0.637364488509435,0.02107849629265377,12,0.3687187621073056,0.36743516945696697,0.36265644064272484,0.39574547227216195,0.3968334148182161,0.37827785185947516,0.014848536133720508,15,,,,,,relu,0.01,"(100,)",0.01
MLP,71.12297554016114,13.952075171887833,0.4821333408355713,0.3237414761117939,,,,,,"{'model__activation': 'relu', 'model__alpha': 0.01, 'model__hidden_layer_sizes': (100, 50), 'model__learning_rate_init': 0.001}",0.3878241262683202,0.3987341772151899,0.37640449438202245,0.36336779911373707,0.3988522238163558,0.3850365641591251,0.013640495335138886,28,0.15302782628912756,0.22747401952709012,0.17312439829447704,0.16610083316289084,0.20696856732020624,0.18533912891875834,0.027591714544680564,27,0.6062714086353449,0.6477205882352941,0.622768665158371,0.6255544832723825,0.6134263962255632,0.6231483083053911,0.014064679625253318,29,0.3929189739095834,0.3832920836502408,0.367433883056254,0.3466620039707172,0.37081795109396665,0.3722249791361524,0.015678789818576663,23,,,,,,relu,0.01,"(100, 50)",0.001
MLP,30.575281953811647,2.473349204179939,0.10698947906494141,0.013330506505350113,,,,,,"{'model__activation': 'relu', 'model__alpha': 0.01, 'model__hidden_layer_sizes': (100, 50), 'model__learning_rate_init': 0.01}",0.3933933933933934,0.42587601078167114,0.380327868852459,0.3577430972388956,0.3867141162514828,0.38881089730358037,0.022074366903261786,23,0.2091250131142026,0.2329218171023082,0.21251272916090205,0.11786624714618296,0.15833442673091483,0.18615204665090213,0.04206381958549589,26,0.6397767158624772,0.665589649321267,0.6453167420814481,0.5947729017111382,0.6011741500744954,0.6293260318101652,0.027079205350350567,19,0.40575573538353715,0.3923069945011091,0.37950613857835636,0.35047575568358835,0.3448463758051945,0.37457819999035713,0.023560741234786593,19,,,,,,relu,0.01,"(100, 50)",0.01
MLP,74.5916904449463,1.14645854810083,0.563621187210083,0.12612444327065056,,,,,,"{'model__activation': 'tanh', 'model__alpha': 0.0001, 'model__hidden_layer_sizes': (50,), 'model__learning_rate_init': 0.001}",0.44886363636363635,0.450070323488045,0.36639118457300274,0.4079601990049751,0.42758620689655175,0.4201743100652422,0.031027711399252863,2,0.27194200445255273,0.2720985198520507,0.15583910859073238,0.19588505758566052,0.23851262475674587,0.22685546304754842,0.045206434141181355,2,0.6565526282403688,0.6761595022624434,0.6298161764705883,0.6573053523861122,0.6629602352250666,0.6565587789169158,0.015105569793365132,2,0.43988499710302525,0.41205024900040316,0.3589336089721615,0.3942926625941641,0.390244102100278,0.3990811239540064,0.02663080751718106,2,,,,,,tanh,0.0001,"(50,)",0.001
MLP,32.516454219818115,6.043428322191542,0.2041470527648926,0.031956936127193865,,,,,,"{'model__activation': 'tanh', 'model__alpha': 0.0001, 'model__hidden_layer_sizes': (50,), 'model__learning_rate_init': 0.01}",0.38935574229691877,0.43319268635724334,0.3598531211750306,0.3961218836565097,0.374079528718704,0.3905205924408813,0.024756580169746634,21,0.1898979137052588,0.24948535553697454,0.12488886379114891,0.19674994760368789,0.1795386975267197,0.188112155632758,0.03978733181226094,23,0.6356253788359341,0.6553761312217194,0.6023812217194571,0.6182347397173688,0.6283057361506164,0.6279846415290191,0.017659973766776135,24,0.3829024095000477,0.3826451632121458,0.336133241320309,0.35603355371925827,0.3519213057637489,0.36192713470310195,0.018272245092098304,30,,,,,,tanh,0.0001,"(50,)",0.01
MLP,111.49211144447327,0.6115221367394805,0.5336039066314697,0.13125831600907523,,,,,,"{'model__activation': 'tanh', 'model__alpha': 0.0001, 'model__hidden_layer_sizes': (100,), 'model__learning_rate_init': 0.001}",0.42276422764227645,0.40691489361702127,0.3901734104046243,0.4147952443857332,0.41935483870967744,0.4108005229518666,0.011600346845696215,8,0.2293409220868541,0.20485596937834816,0.19704685726389362,0.21429147181447025,0.22323400678627767,0.21375384546596873,0.01175938018766264,8,0.6382219027078839,0.6511085972850678,0.6479553167420815,0.6473698022484085,0.6549801909792767,0.6479271619925436,0.0055564421847976225,8,0.4048940383671921,0.3965052905198201,0.3975466528445192,0.38689219163951344,0.39263369734957265,0.39569437414412345,0.005925681443592571,8,,,,,,tanh,0.0001,"(100,)",0.001
MLP,46.0252227306366,4.645001679933524,0.26622638702392576,0.04318741462248774,,,,,,"{'model__activation': 'tanh', 'model__alpha': 0.0001, 'model__hidden_layer_sizes': (100,), 'model__learning_rate_init': 0.01}",0.38380281690140844,0.4174757281553398,0.36972972972972973,0.3581183611532625,0.3669309173272933,0.37921151065340675,0.02083683532525801,35,0.2369265680033763,0.2068933086877614,0.11955843354506959,0.16531597929053352,0.12168396285892968,0.1700756504771341,0.046348644504707374,32,0.6574237746860067,0.6515384615384615,0.6051102941176472,0.6292425730281276,0.6028023274188451,0.6292234861578175,0.022683643548145414,20,0.4058371313318619,0.3978577631700213,0.3549419578754127,0.34101967813748124,0.34514134839023314,0.3689595757810021,0.027347755980677894,27,,,,,,tanh,0.0001,"(100,)",0.01
MLP,133.4248374938965,27.512342402759515,0.53988037109375,0.07517253335123755,,,,,,"{'model__activation': 'tanh', 'model__alpha': 0.0001, 'model__hidden_layer_sizes': (100, 50), 'model__learning_rate_init': 0.001}",0.3901098901098901,0.3921015514809591,0.37158469945355194,0.3816793893129771,0.39766081871345027,0.3866272698141657,0.009105998569212972,27,0.18731760540193895,0.19495640286524113,0.16128796048664065,0.19732901512730222,0.20907284548376853,0.18999276587297825,0.015960137963563797,19,0.6290142512792319,0.6464253393665159,0.6264168552036199,0.6387858932683191,0.6296150503408732,0.634051477891712,0.007468201144917571,15,0.3830968721861785,0.388017232100464,0.3516786000286795,0.3556046357476724,0.37702883131645964,0.3710852342758908,0.014714378851971851,25,,,,,,tanh,0.0001,"(100, 50)",0.001
MLP,62.39860620498657,7.398405635282746,0.22806835174560547,0.08502603197381886,,,,,,"{'model__activation': 'tanh', 'model__alpha': 0.0001, 'model__hidden_layer_sizes': (100, 50), 'model__learning_rate_init': 0.01}",0.363103953147877,0.38802395209580837,0.3697705802968961,0.379182156133829,0.4011299435028249,0.3802421170354471,0.013426477659125266,33,0.16401044454672353,0.16225286834385225,0.1565046453636412,0.15421860689583122,0.20705594290483428,0.1688085016109765,0.019458233994923937,33,0.6103790473773981,0.6236029411764705,0.624414592760181,0.6085757257664002,0.6265618650954896,0.6187068344351878,0.007618966768946002,33,0.3449442889289354,0.3449459089255654,0.35567167907083924,0.3361145418187074,0.3692340311356044,0.35018208997593037,0.01136538704434224,35,,,,,,tanh,0.0001,"(100, 50)",0.01
MLP,70.0705250263214,1.4191725878584478,0.4606874942779541,0.35570605124805615,,,,,,"{'model__activation': 'tanh', 'model__alpha': 0.001, 'model__hidden_layer_sizes': (50,), 'model__learning_rate_init': 0.001}",0.44695898161244696,0.4406779661016949,0.3651452282157676,0.4025157232704403,0.4281767955801105,0.416694938956092,0.029937781265077956,4,0.2687215795804724,0.26018645531588297,0.1549698529895432,0.18976503701693945,0.23953171453364683,0.22263492788729694,0.043539844194089676,3,0.6551458254042092,0.6756136877828054,0.6290016968325792,0.6581462481376134,0.6633637523138741,0.6562542420942163,0.015315631038892026,3,0.43896541407041645,0.41045853234352253,0.3603274857292762,0.39411787638457785,0.3884691745864609,0.3984676966228508,0.025912978700901253,5,,,,,,tanh,0.001,"(50,)",0.001
MLP,30.645746612548827,4.23839647685775,0.10996861457824707,0.022841334294565314,,,,,,"{'model__activation': 'tanh', 'model__alpha': 0.001, 'model__hidden_layer_sizes': (50,), 'model__learning_rate_init': 0.01}",0.3771043771043771,0.4085106382978723,0.3617021276595745,0.40110650069156295,0.35066864784546803,0.37981845831977096,0.022188740676478604,34,0.13604830001208862,0.2179268240935968,0.12155455339554075,0.20322572085807444,0.15076490725410557,0.16590406112268125,0.03791230259301434,35,0.6001423718301122,0.6713404977375564,0.5929807692307693,0.6324763533342364,0.6025427220190527,0.6198965428303453,0.029053651632555647,32,0.36030591906260256,0.3881836758301267,0.32516346157119946,0.3595611278548121,0.32674162532578266,0.35199116192890473,0.023637268192230436,34,,,,,,tanh,0.001,"(50,)",0.01
MLP,110.89648752212524,0.5461332391766115,0.48668465614318845,0.09573132765897281,,,,,,"{'model__activation': 'tanh', 'model__alpha': 0.001, 'model__hidden_layer_sizes': (100,), 'model__learning_rate_init': 0.001}",0.42162162162162165,0.4165554072096128,0.3919308357348703,0.41324503311258276,0.42105263157894735,0.412881105851527,0.010915284697371984,6,0.22736049506491554,0.2187291459221195,0.19881178444597736,0.2125622247038443,0.22618512766295515,0.21672975555996238,0.010438737932593293,5,0.6379371590476594,0.6492873303167421,0.647579185520362,0.6487129780125513,0.6556658878504672,0.6478365081495565,0.00569623732755747,9,0.40214661780400857,0.39559874124000816,0.3963239934816664,0.3880346892263503,0.3942653526052159,0.39527387887144994,0.004513663891687197,9,,,,,,tanh,0.001,"(100,)",0.001
MLP,44.82444276809692,3.8466977319390416,0.13644161224365234,0.020370441091708744,,,,,,"{'model__activation': 'tanh', 'model__alpha': 0.001, 'model__hidden_layer_sizes': (100,), 'model__learning_rate_init': 0.01}",0.38652482269503546,0.40540540540540543,0.3614457831325301,0.36199095022624433,0.3659378596087457,0.37626096421359223,0.01723040696940453,36,0.24248546076453825,0.19105130844859158,0.10861149138971893,0.16897202266708775,0.12277164122878724,0.16677838489974475,0.048260810580403886,34,0.6591717060656038,0.6592109728506788,0.5979044117647059,0.6266521626258521,0.5934762856110886,0.6272831077835858,0.0284347617014776,25,0.4068383801641459,0.4077194407814504,0.3424290319592367,0.339637651821335,0.33175482098463055,0.3656758651421598,0.03414983437202724,28,,,,,,tanh,0.001,"(100,)",0.01
MLP,122.63769159317016,13.140271735389183,0.44862637519836424,0.1569382414415603,,,,,,"{'model__activation': 'tanh', 'model__alpha': 0.001, 'model__hidden_layer_sizes': (100, 50), 'model__learning_rate_init': 0.001}",0.39009287925696595,0.40294117647058825,0.3770491803278688,0.36722306525037934,0.39941262848751835,0.38734378595866414,0.013470823075409396,25,0.21150470123096982,0.2173419205368385,0.1687067901733244,0.1771634581926161,0.21225881465363933,0.19739513695747765,0.020249567702335897,16,0.6439816185280725,0.65579185520362,0.626329185520362,0.6343274527066685,0.6319938259063614,0.6384847875730169,0.01036266778711142,11,0.3997381317329478,0.38736486847907914,0.35030461679426694,0.34955950413440595,0.37742219729309595,0.3728778636867592,0.020026460709639725,22,,,,,,tanh,0.001,"(100, 50)",0.001
MLP,63.106765031814575,8.911620957410115,0.1516097068786621,0.01835284250159133,,,,,,"{'model__activation': 'tanh', 'model__alpha': 0.001, 'model__hidden_layer_sizes': (100, 50), 'model__learning_rate_init': 0.01}",0.3893591293833132,0.4173027989821883,0.37219251336898396,0.3843329253365973,0.36182336182336183,0.38500214577888886,0.018783535703500047,29,0.1652752642332476,0.2127694596809809,0.1218735446304047,0.15963736899199787,0.15627730256287697,0.1631665880199016,0.029085819451479783,36,0.6058710759645339,0.6403676470588235,0.5904694570135747,0.6083866653122038,0.6115894058422502,0.6113368502382773,0.016228846711167415,35,0.34940015815124315,0.3933927113152945,0.3206125568518116,0.3310994436962065,0.3348562576965295,0.345872225542217,0.02548835173171925,36,,,,,,tanh,0.001,"(100, 50)",0.01
MLP,70.53331327438354,1.1314024142135302,0.18622212409973143,0.07513959281987263,,,,,,"{'model__activation': 'tanh', 'model__alpha': 0.01, 'model__hidden_layer_sizes': (50,), 'model__learning_rate_init': 0.001}",0.4450784593437946,0.44413012729844414,0.3743016759776536,0.41854636591478694,0.41975308641975306,0.4203619429908865,0.025694544127792505,1,0.26759071591470374,0.2650269182009611,0.1692101901475367,0.21197877625918188,0.22702625561407286,0.2281665712272912,0.03647505519941513,1,0.6596707122820371,0.6752488687782806,0.627055995475113,0.6638575669330444,0.6609793331527383,0.6573624953242427,0.016118322648761917,1,0.446347120002947,0.40706969281366867,0.35745228013585917,0.3980412149714533,0.3862597956333965,0.3990340207114649,0.028970015635409345,3,,,,,,tanh,0.01,"(50,)",0.001
MLP,24.37593879699707,4.061814321472126,0.11549687385559082,0.038960264734633474,,,,,,"{'model__activation': 'tanh', 'model__alpha': 0.01, 'model__hidden_layer_sizes': (50,), 'model__learning_rate_init': 0.01}",0.4105011933174224,0.41643835616438357,0.3610719322990127,0.40160642570281124,0.3670212765957447,0.39132783681587496,0.02284746725071387,18,0.19426495426946955,0.22262646636647662,0.1534326361023815,0.1982844645080266,0.14962088705577123,0.18364588166042511,0.027989566841540352,28,0.6366628606870498,0.6602630090497738,0.6314479638009051,0.6312827328547563,0.6080593367646395,0.633543180631425,0.01662893556605534,17,0.40409178061038353,0.39992618111779715,0.3409332092797867,0.37621861137851853,0.33481549303614294,0.3711970550845257,0.0288865369944,24,,,,,,tanh,0.01,"(50,)",0.01
MLP,88.44729642868042,1.4602158754110117,0.2718395233154297,0.1596332319574831,,,,,,"{'model__activation': 'tanh', 'model__alpha': 0.01, 'model__hidden_layer_sizes': (100,), 'model__learning_rate_init': 0.001}",0.4272108843537415,0.4163372859025033,0.382183908045977,0.4199192462987887,0.41379310344827586,0.41188888560985726,0.015524498968484096,7,0.23602610357476228,0.2164226517592663,0.1853103508238711,0.22421572486937333,0.21987698690441598,0.21637036358633782,0.01688147708055438,7,0.6356225595917734,0.6587867647058823,0.6503506787330318,0.6611034922569867,0.6577088694749198,0.6527144729525188,0.009272684552975806,6,0.40507746366844416,0.40180310157571575,0.3933897744468859,0.39291445982871487,0.3927222687561904,0.3971814136551902,0.005218716338718533,7,,,,,,tanh,0.01,"(100,)",0.001
MLP,42.999309635162355,2.046616543647344,0.24049453735351561,0.11777393845385307,,,,,,"{'model__activation': 'tanh', 'model__alpha': 0.01, 'model__hidden_layer_sizes': (100,), 'model__learning_rate_init': 0.01}",0.416551724137931,0.4146341463414634,0.37209302325581395,0.387308533916849,0.4155495978552279,0.401227405101457,0.01823319966690291,10,0.22378811344835242,0.21841789676273854,0.1884432785250683,0.1479680982162218,0.2176046321656721,0.1992444038236106,0.028471172518392047,14,0.6533358706530779,0.6614536199095024,0.643899886877828,0.5983551740484898,0.6372028646891507,0.6388494832356096,0.021857764850551097,10,0.4005207042372939,0.4135873498239539,0.3926380790553472,0.3475965070477945,0.37840919083547253,0.3865503661999724,0.02256949691656075,11,,,,,,tanh,0.01,"(100,)",0.01
MLP,80.52127852439881,13.76812784089362,0.2311551570892334,0.1434310773316783,,,,,,"{'model__activation': 'tanh', 'model__alpha': 0.01, 'model__hidden_layer_sizes': (100, 50), 'model__learning_rate_init': 0.001}",0.40654843110504774,0.42487046632124353,0.38345864661654133,0.34822804314329736,0.4083333333333333,0.39428778410389265,0.026539296621154607,12,0.20839737506503825,0.22584003117284768,0.1626306388998873,0.1560868445122227,0.21370066911654004,0.19333111175330722,0.0283844868719782,17,0.6238324805119748,0.662324660633484,0.6259530542986426,0.6326230868210754,0.6410997674838593,0.6371666099498072,0.013946925704384317,13,0.38634984563649777,0.38312353485534156,0.3574284889439055,0.3502137765023824,0.38823510073343137,0.3730701493343117,0.015965412390861487,21,,,,,,tanh,0.01,"(100, 50)",0.001
MLP,40.48999109268188,7.828834936340903,0.08391833305358887,0.014424056915300425,,,,,,"{'model__activation': 'tanh', 'model__alpha': 0.01, 'model__hidden_layer_sizes': (100, 50), 'model__learning_rate_init': 0.01}",0.3850746268656716,0.40476190476190477,0.3506849315068493,0.42503259452411996,0.3523035230352303,0.3835715161387552,0.02908445555346851,31,0.1969815952371681,0.1747975089079521,0.1334716051283794,0.22653000876639667,0.1331584169334605,0.17298782699467136,0.036314335429382345,31,0.6231615004017422,0.615378959276018,0.6101329185520362,0.6521612149532711,0.5919525147862206,0.6185574215938576,0.0196942042756848,34,0.36919376017628486,0.3466812193854871,0.3432222187148371,0.38362301731565895,0.330689999571562,0.354682043032766,0.019074217303855612,31,,,,,,tanh,0.01,"(100, 50)",0.01
