model,fold,true_label,predicted_label,predicted_probability
RF,1,0,0,0.09333333333333334
RF,1,1,0,0.16
RF,1,0,0,0.11
RF,1,1,0,0.0875
RF,1,0,0,0.023333333333333334
RF,1,0,0,0.20255555555555554
RF,1,0,0,0.14666666666666667
RF,1,0,0,0.02666666666666667
RF,1,0,0,0.18333333333333332
RF,1,0,0,0.15666666666666668
RF,1,0,0,0.33
RF,1,0,0,0.02
RF,1,0,0,0.013333333333333334
RF,1,0,0,0.11666666666666667
RF,1,0,0,0.19
RF,1,0,0,0.19
RF,1,0,0,0.28
RF,1,0,0,0.06666666666666667
RF,1,0,0,0.09333333333333334
RF,1,0,0,0.29333333333333333
RF,1,0,0,0.25
RF,1,0,1,0.6966666666666667
RF,1,1,0,0.48
RF,1,1,0,0.21666666666666667
RF,1,0,0,0.22333333333333333
RF,1,0,0,0.21666666666666667
RF,1,0,0,0.22333333333333333
RF,1,0,0,0.15166666666666667
RF,1,0,0,0.21333333333333335
RF,1,1,0,0.056666666666666664
RF,1,0,0,0.48333333333333334
RF,1,0,0,0.4783888888888889
RF,1,1,1,0.8066666666666666
RF,1,0,0,0.32666666666666666
RF,1,0,0,0.2
RF,1,0,0,0.10333333333333333
RF,1,0,0,0.31
RF,1,1,1,0.6166666666666667
RF,1,0,0,0.18055555555555555
RF,1,0,0,0.19333333333333333
RF,1,0,0,0.04666666666666667
RF,1,1,0,0.22666666666666666
RF,1,0,0,0.18166666666666667
RF,1,0,1,0.7433333333333333
RF,1,0,0,0.44666666666666666
RF,1,0,0,0.22333333333333333
RF,1,1,0,0.15666666666666668
RF,1,0,0,0.10766666666666667
RF,1,0,0,0.35
RF,1,1,0,0.023333333333333334
RF,1,1,0,0.3333333333333333
RF,1,0,0,0.27666666666666667
RF,1,0,0,0.31666666666666665
RF,1,0,0,0.056666666666666664
RF,1,0,0,0.06
RF,1,0,0,0.23
RF,1,1,0,0.28
RF,1,0,0,0.31666666666666665
RF,1,0,0,0.16
RF,1,1,0,0.42333333333333334
RF,1,0,0,0.28844444444444445
RF,1,1,1,0.9666666666666667
RF,1,0,0,0.41
RF,1,0,0,0.14333333333333334
RF,1,0,0,0.27666666666666667
RF,1,0,0,0.41
RF,1,0,0,0.05333333333333334
RF,1,1,0,0.06333333333333334
RF,1,1,1,0.5466666666666666
RF,1,0,0,0.29
RF,1,0,0,0.15
RF,1,0,1,0.9127777777777777
RF,1,0,0,0.09583333333333334
RF,1,0,0,0.021666666666666667
RF,1,0,0,0.07333333333333333
RF,1,1,1,0.72
RF,1,0,1,0.5033333333333333
RF,1,0,0,0.16111111111111112
RF,1,1,0,0.25
RF,1,0,0,0.45
RF,1,0,0,0.16666666666666666
RF,1,0,0,0.16333333333333333
RF,1,0,0,0.39
RF,1,0,0,0.03472222222222222
RF,1,0,0,0.06133333333333333
RF,1,0,0,0.09666666666666666
RF,1,0,0,0.3566666666666667
RF,1,0,1,0.6133333333333333
RF,1,0,0,0.3308333333333333
RF,1,1,1,0.73
RF,1,0,0,0.37666666666666665
RF,1,0,0,0.15333333333333332
RF,1,0,0,0.31
RF,1,0,0,0.16333333333333333
RF,1,0,0,0.31666666666666665
RF,1,0,0,0.2833333333333333
RF,1,1,0,0.19333333333333333
RF,1,0,0,0.44666666666666666
RF,1,0,1,0.6966666666666667
RF,1,1,0,0.45666666666666667
RF,1,0,0,0.37666666666666665
RF,1,0,0,0.2733333333333333
RF,1,1,0,0.17666666666666667
RF,1,1,1,0.9533333333333334
RF,1,0,0,0.07333333333333333
RF,1,0,0,0.05
RF,1,0,1,0.5833333333333334
RF,1,0,1,0.5216666666666666
RF,1,0,0,0.14444444444444446
RF,1,1,1,0.8533333333333334
RF,1,0,0,0.19
RF,1,0,0,0.25
RF,1,0,0,0.37333333333333335
RF,1,0,1,0.59
RF,1,1,1,0.6733333333333333
RF,1,1,1,0.9766666666666667
RF,1,0,0,0.3
RF,1,1,0,0.19333333333333333
RF,1,1,1,0.7933333333333333
RF,1,1,0,0.38666666666666666
RF,1,0,0,0.08
RF,1,0,0,0.48333333333333334
RF,1,1,0,0.28
RF,1,0,0,0.4633333333333333
RF,1,0,0,0.3233333333333333
RF,1,0,0,0.06666666666666667
RF,1,1,1,0.7233333333333334
RF,1,0,0,0.023333333333333334
RF,1,0,0,0.18
RF,1,0,0,0.16333333333333333
RF,1,0,0,0.3566666666666667
RF,1,0,0,0.4633333333333333
RF,1,0,0,0.06333333333333334
RF,1,0,0,0.13
RF,1,0,0,0.10333333333333333
RF,1,1,0,0.28
RF,1,0,0,0.26666666666666666
RF,1,0,0,0.3466666666666667
RF,1,1,0,0.07944444444444444
RF,1,0,0,0.4266666666666667
RF,1,0,0,0.32666666666666666
RF,1,1,0,0.23333333333333334
RF,1,0,0,0.013333333333333334
RF,1,0,0,0.04666666666666667
RF,1,0,0,0.4633333333333333
RF,1,0,0,0.25133333333333335
RF,1,1,1,0.54
RF,1,0,1,0.9333333333333333
RF,1,0,0,0.11
RF,1,0,0,0.29333333333333333
RF,1,1,0,0.2866666666666667
RF,1,0,0,0.01
RF,1,0,0,0.21666666666666667
RF,1,0,1,0.7066666666666667
RF,1,0,0,0.024166666666666666
RF,1,0,1,0.8266666666666667
RF,1,0,0,0.28
RF,1,0,0,0.35
RF,1,0,0,0.38333333333333336
RF,1,0,0,0.14333333333333334
RF,1,0,0,0.15666666666666668
RF,1,0,0,0.24333333333333335
RF,1,0,0,0.3
RF,1,0,0,0.325
RF,1,0,0,0.35333333333333333
RF,1,0,0,0.44333333333333336
RF,1,0,1,0.5233333333333333
RF,1,1,1,0.5633333333333334
RF,1,1,0,0.47333333333333333
RF,1,0,0,0.4266666666666667
RF,1,0,0,0.24666666666666667
RF,1,1,0,0.25333333333333335
RF,1,0,0,0.16
RF,1,0,0,0.45
RF,1,0,0,0.26
RF,1,0,0,0.17666666666666667
RF,1,0,0,0.1
RF,1,0,0,0.29
RF,1,0,0,0.20666666666666667
RF,1,0,0,0.0
RF,1,0,0,0.22
RF,1,0,0,0.37
RF,1,0,0,0.09666666666666666
RF,1,0,0,0.36666666666666664
RF,1,0,0,0.45
RF,1,0,0,0.26666666666666666
RF,1,0,1,0.63
RF,1,0,0,0.08333333333333333
RF,1,1,0,0.39
RF,1,0,0,0.13333333333333333
RF,1,1,1,0.5233333333333333
RF,1,0,0,0.41333333333333333
RF,1,1,1,0.6266666666666667
RF,1,1,1,0.56
RF,1,0,0,0.09666666666666666
RF,1,0,0,0.11666666666666667
RF,1,0,0,0.08666666666666667
RF,1,1,0,0.24333333333333335
RF,1,1,0,0.39
RF,1,1,0,0.44333333333333336
RF,1,0,0,0.2622222222222222
RF,1,0,0,0.12333333333333334
RF,1,1,0,0.37
RF,1,1,0,0.3233333333333333
RF,1,0,0,0.14
RF,1,0,0,0.18333333333333332
RF,1,0,0,0.13944444444444443
RF,1,0,0,0.31666666666666665
RF,1,0,0,0.19333333333333333
RF,1,0,1,0.795888888888889
RF,1,0,0,0.35394444444444445
RF,1,0,0,0.27
RF,1,0,0,0.21666666666666667
RF,1,0,0,0.36666666666666664
RF,1,0,0,0.18666666666666668
RF,1,0,0,0.05
RF,1,1,0,0.2833333333333333
RF,1,1,0,0.49333333333333335
RF,1,0,0,0.17333333333333334
RF,1,1,0,0.4533333333333333
RF,1,0,0,0.21333333333333335
RF,1,0,0,0.10666666666666667
RF,1,1,0,0.24666666666666667
RF,1,0,0,0.09333333333333334
RF,1,0,0,0.04
RF,1,0,0,0.12333333333333334
RF,1,0,0,0.20333333333333334
RF,1,0,1,0.5966666666666667
RF,1,1,0,0.3383333333333333
RF,1,1,1,0.6866666666666666
RF,1,0,0,0.11555555555555555
RF,1,0,0,0.043333333333333335
RF,1,0,1,0.5733333333333334
RF,1,0,0,0.013333333333333334
RF,1,0,0,0.27
RF,1,0,0,0.43333333333333335
RF,1,0,0,0.33
RF,1,0,0,0.14333333333333334
RF,1,0,0,0.08833333333333333
RF,1,0,0,0.12
RF,1,0,0,0.03666666666666667
RF,1,0,0,0.17333333333333334
RF,1,0,0,0.043333333333333335
RF,1,0,0,0.03666666666666667
RF,1,0,0,0.2
RF,1,0,0,0.43
RF,1,1,0,0.44333333333333336
RF,1,0,0,0.03972222222222223
RF,1,0,0,0.29
RF,1,1,1,0.59
RF,1,0,0,0.28
RF,1,0,0,0.13666666666666666
RF,1,0,1,0.6633333333333333
RF,1,0,0,0.06
RF,1,0,0,0.47922222222222216
RF,1,1,0,0.03333333333333333
RF,1,0,0,0.33666666666666667
RF,1,0,0,0.3466666666666667
RF,1,0,0,0.15666666666666668
RF,1,0,0,0.3466666666666667
RF,1,0,0,0.05333333333333334
RF,1,0,0,0.06
RF,1,0,0,0.44333333333333336
RF,1,0,0,0.11333333333333333
RF,1,0,0,0.13666666666666666
RF,1,0,1,0.5933333333333334
RF,1,0,0,0.12277777777777779
RF,1,1,0,0.25
RF,1,0,0,0.14333333333333334
RF,1,1,0,0.07
RF,1,0,0,0.12666666666666668
RF,1,0,0,0.24333333333333335
RF,1,0,0,0.24333333333333335
RF,1,1,0,0.13
RF,1,0,1,0.5366666666666666
RF,1,0,0,0.04666666666666667
RF,1,0,0,0.056666666666666664
RF,1,0,0,0.31333333333333335
RF,1,0,0,0.12
RF,1,0,0,0.21
RF,1,0,0,0.22666666666666666
RF,1,0,0,0.15666666666666668
RF,1,0,0,0.12333333333333334
RF,1,0,0,0.057777777777777775
RF,1,0,0,0.08666666666666667
RF,1,0,0,0.11333333333333333
RF,1,1,0,0.47
RF,1,0,0,0.14
RF,1,0,0,0.2661111111111111
RF,1,0,0,0.13
RF,1,0,0,0.09
RF,1,1,1,0.5666666666666667
RF,1,0,0,0.19333333333333333
RF,1,1,0,0.07333333333333333
RF,1,0,0,0.37
RF,1,0,0,0.15333333333333332
RF,1,0,0,0.13166666666666665
RF,1,0,0,0.17
RF,1,0,0,0.2966666666666667
RF,1,0,0,0.35
RF,1,0,1,0.5233333333333333
RF,1,0,0,0.20666666666666667
RF,1,0,1,0.54
RF,1,1,1,0.8466666666666667
RF,1,1,1,0.8333333333333334
RF,1,0,0,0.39
RF,1,0,0,0.12055555555555554
RF,1,0,0,0.08333333333333333
RF,1,0,0,0.19533333333333333
RF,1,0,0,0.25333333333333335
RF,1,0,0,0.2966666666666667
RF,1,0,0,0.20333333333333334
RF,1,0,0,0.19
RF,1,0,0,0.31666666666666665
RF,1,0,0,0.14666666666666667
RF,1,1,0,0.4222222222222222
RF,1,0,0,0.10666666666666667
RF,1,0,0,0.06666666666666667
RF,1,0,0,0.4866666666666667
RF,1,1,1,0.68
RF,1,0,0,0.30333333333333334
RF,1,0,0,0.36666666666666664
RF,1,1,0,0.31666666666666665
RF,1,1,0,0.2
RF,1,0,0,0.19333333333333333
RF,1,0,0,0.19133333333333333
RF,1,0,0,0.10666666666666667
RF,1,0,0,0.023333333333333334
RF,1,1,1,0.8833333333333333
RF,1,0,0,0.03
RF,1,0,0,0.07333333333333333
RF,1,0,0,0.3333333333333333
RF,1,0,0,0.03333333333333333
RF,1,0,0,0.07947222222222222
RF,1,0,0,0.34
RF,1,0,0,0.03833333333333333
RF,1,1,1,0.63
RF,1,0,0,0.14666666666666667
RF,1,0,0,0.11666666666666667
RF,1,0,0,0.28
RF,1,0,0,0.10666666666666667
RF,1,0,0,0.19333333333333333
RF,1,1,1,0.9066666666666666
RF,1,1,0,0.05333333333333334
RF,1,0,1,0.7
RF,1,0,0,0.31
RF,1,0,0,0.33
RF,1,0,0,0.35
RF,1,0,0,0.15
RF,1,0,1,0.63
RF,1,0,1,0.5507777777777778
RF,1,1,1,0.5566666666666666
RF,1,0,0,0.33
RF,1,1,0,0.03666666666666667
RF,1,0,0,0.18666666666666668
RF,1,0,0,0.32
RF,1,0,0,0.11333333333333333
RF,1,0,1,0.7308333333333333
RF,1,1,0,0.2633333333333333
RF,1,0,0,0.26666666666666666
RF,1,0,0,0.13333333333333333
RF,1,0,0,0.0075
RF,1,0,0,0.15666666666666668
RF,1,0,0,0.12666666666666668
RF,1,0,0,0.14
RF,1,0,0,0.21333333333333335
RF,1,0,0,0.14333333333333334
RF,1,0,0,0.235
RF,1,0,0,0.11
RF,1,0,0,0.43666666666666665
RF,1,0,0,0.25333333333333335
RF,1,0,0,0.04
RF,1,0,0,0.11
RF,1,0,0,0.10861111111111109
RF,1,1,1,0.8033333333333333
RF,1,0,0,0.31
RF,1,0,0,0.22
RF,1,0,0,0.38333333333333336
RF,1,0,1,0.55
RF,1,0,1,0.6433333333333333
RF,1,0,0,0.12333333333333334
RF,1,0,0,0.2011111111111111
RF,1,0,0,0.23333333333333334
RF,1,1,1,0.5333333333333333
RF,1,1,0,0.31666666666666665
RF,1,0,0,0.08805555555555555
RF,1,0,0,0.4755555555555555
RF,1,0,0,0.35
RF,1,1,0,0.4866666666666667
RF,1,0,0,0.06333333333333334
RF,1,1,1,0.8033333333333333
RF,1,1,0,0.14333333333333334
RF,1,0,1,0.5333333333333333
RF,1,0,0,0.12666666666666668
RF,1,0,0,0.38
RF,1,1,0,0.2866666666666667
RF,1,1,0,0.3
RF,1,0,0,0.07333333333333333
RF,1,1,0,0.48333333333333334
RF,1,0,0,0.44333333333333336
RF,1,0,0,0.28
RF,1,0,0,0.16666666666666666
RF,1,1,0,0.3233333333333333
RF,1,0,0,0.43
RF,1,1,1,0.58
RF,1,0,0,0.13
RF,1,0,0,0.18923015873015875
RF,1,1,1,0.56
RF,1,1,0,0.31333333333333335
RF,1,0,0,0.38
RF,1,0,0,0.23633333333333334
RF,1,0,0,0.13
RF,1,0,0,0.26
RF,1,0,0,0.07666666666666666
RF,1,0,0,0.26666666666666666
RF,1,0,0,0.17
RF,1,0,0,0.11333333333333333
RF,1,1,1,0.73
RF,1,0,0,0.19666666666666666
RF,1,0,0,0.11333333333333333
RF,1,0,0,0.19333333333333333
RF,1,0,0,0.4866666666666667
RF,1,0,0,0.35
RF,1,0,1,1.0
RF,1,1,0,0.23333333333333334
RF,1,0,0,0.12666666666666668
RF,1,0,0,0.42
RF,1,0,0,0.32666666666666666
RF,1,0,0,0.22
RF,1,0,1,0.7279166666666668
RF,1,0,1,0.81
RF,1,0,1,0.5133333333333333
RF,1,0,0,0.03666666666666667
RF,1,0,0,0.49333333333333335
RF,1,0,1,0.7655000000000001
RF,1,0,0,0.0638888888888889
RF,1,0,0,0.09333333333333334
RF,1,1,0,0.45666666666666667
RF,1,0,1,0.7266666666666667
RF,1,0,0,0.17
RF,1,0,1,0.8
RF,1,0,1,0.5333333333333333
RF,1,0,0,0.056666666666666664
RF,1,0,0,0.32
RF,1,0,0,0.17666666666666667
RF,1,0,0,0.26
RF,1,0,0,0.37666666666666665
RF,1,0,0,0.4633333333333333
RF,1,0,0,0.013333333333333334
RF,1,0,0,0.5
RF,1,0,0,0.18
RF,1,0,0,0.19333333333333333
RF,1,0,0,0.16666666666666666
RF,1,1,0,0.29333333333333333
RF,1,0,0,0.12
RF,1,0,0,0.13
RF,1,0,1,0.5566666666666666
RF,1,1,0,0.26666666666666666
RF,1,0,1,0.5905555555555556
RF,1,0,0,0.37333333333333335
RF,1,0,0,0.20333333333333334
RF,1,1,1,0.7733333333333333
RF,1,0,0,0.4633333333333333
RF,1,0,0,0.18
RF,1,1,1,0.85
RF,1,0,0,0.41333333333333333
RF,1,0,0,0.43111111111111117
RF,1,0,0,0.06300793650793651
RF,1,0,0,0.18494444444444444
RF,1,0,0,0.13666666666666666
RF,1,0,0,0.2866666666666667
RF,1,0,0,0.03
RF,1,1,0,0.22466666666666668
RF,1,0,0,0.48333333333333334
RF,1,0,0,0.19333333333333333
RF,1,0,0,0.18888888888888888
RF,1,1,0,0.25
RF,1,0,0,0.5
RF,1,0,0,0.41333333333333333
RF,1,1,0,0.21333333333333335
RF,1,0,0,0.38666666666666666
RF,1,1,0,0.25333333333333335
RF,1,1,0,0.42333333333333334
RF,1,0,1,0.6133333333333333
RF,1,0,0,0.12666666666666668
RF,1,1,0,0.3433333333333333
RF,1,1,0,0.48
RF,1,0,0,0.43
RF,1,0,0,0.15166666666666667
RF,1,0,0,0.016666666666666666
RF,1,0,0,0.11
RF,1,0,0,0.17
RF,1,0,0,0.2175
RF,1,1,0,0.13166666666666665
RF,1,1,0,0.12333333333333334
RF,1,0,0,0.14666666666666667
RF,1,0,0,0.11666666666666667
RF,1,0,0,0.37
RF,1,1,0,0.08
RF,1,0,0,0.17
RF,1,0,0,0.055
RF,1,0,0,0.25333333333333335
RF,1,1,1,0.9566666666666667
RF,1,0,0,0.1175
RF,1,0,1,0.5333333333333333
RF,1,1,1,0.6266666666666667
RF,1,0,0,0.02666666666666667
RF,1,0,0,0.35333333333333333
RF,1,0,0,0.25
RF,1,0,0,0.07666666666666666
RF,1,0,0,0.34
RF,1,0,0,0.20666666666666667
RF,1,0,0,0.41161111111111115
RF,1,0,0,0.006666666666666667
RF,1,0,1,0.8677777777777778
RF,1,0,1,0.8166666666666667
RF,1,0,0,0.28
RF,1,1,0,0.12
RF,1,0,0,0.24
RF,1,1,0,0.49666666666666665
RF,1,0,0,0.016666666666666666
RF,1,0,0,0.3233333333333333
RF,1,0,0,0.25172222222222224
RF,1,0,0,0.12
RF,1,0,0,0.29
RF,1,0,0,0.13555555555555557
RF,1,0,0,0.058333333333333334
RF,1,0,0,0.4823888888888889
RF,1,0,0,0.23666666666666666
RF,1,1,1,0.62
RF,1,1,1,0.57
RF,1,1,1,0.82
RF,1,0,0,0.11333333333333333
RF,1,0,0,0.20333333333333334
RF,1,1,0,0.2633333333333333
RF,1,1,0,0.2733333333333333
RF,1,0,0,0.21
RF,1,0,1,0.8791666666666667
RF,1,0,0,0.22333333333333333
RF,1,0,0,0.4766666666666667
RF,1,0,0,0.10200000000000001
RF,1,0,0,0.18666666666666668
RF,1,0,0,0.05
RF,1,1,0,0.18666666666666668
RF,1,0,0,0.09
RF,1,0,0,0.056666666666666664
RF,1,0,0,0.15
RF,1,0,0,0.13
RF,1,0,0,0.12294444444444447
RF,1,1,1,0.6166666666666667
RF,1,1,0,0.2966666666666667
RF,1,0,0,0.19
RF,1,0,0,0.15
RF,1,0,0,0.4166666666666667
RF,1,0,0,0.15666666666666668
RF,1,0,0,0.25333333333333335
RF,1,1,1,0.6533333333333333
RF,1,0,0,0.18333333333333332
RF,1,0,1,0.5233333333333333
RF,1,0,0,0.28
RF,1,0,0,0.39
RF,1,0,0,0.19666666666666666
RF,1,1,0,0.15
RF,1,0,0,0.20333333333333334
RF,1,1,0,0.4927777777777778
RF,1,0,0,0.16944444444444445
RF,1,0,0,0.14
RF,1,1,0,0.24666666666666667
RF,1,0,0,0.17666666666666667
RF,1,0,0,0.09333333333333334
RF,1,0,1,0.7533333333333333
RF,1,0,0,0.43
RF,1,0,0,0.17
RF,1,0,0,0.4533333333333333
RF,1,0,0,0.29
RF,1,0,0,0.03333333333333333
RF,1,0,0,0.07333333333333333
RF,1,0,0,0.12666666666666668
RF,1,1,0,0.3433333333333333
RF,1,0,0,0.3466666666666667
RF,1,0,0,0.41
RF,1,0,1,0.5966666666666667
RF,1,1,1,0.6133333333333333
RF,1,0,0,0.35333333333333333
RF,1,0,0,0.06
RF,1,0,1,0.5166666666666667
RF,1,0,0,0.27
RF,1,1,0,0.42
RF,1,1,0,0.36333333333333334
RF,1,0,0,0.2633333333333333
RF,1,0,0,0.033888888888888885
RF,1,0,0,0.023333333333333334
RF,1,1,0,0.135
RF,1,0,0,0.45666666666666667
RF,1,0,0,0.48333333333333334
RF,1,0,0,0.4666666666666667
RF,1,0,0,0.49666666666666665
RF,1,1,0,0.2866666666666667
RF,1,0,1,0.5066666666666667
RF,1,0,0,0.10666666666666667
RF,1,0,0,0.2633333333333333
RF,1,0,1,0.5133333333333333
RF,1,0,0,0.12
RF,1,0,0,0.22444444444444447
RF,1,0,1,0.5733333333333334
RF,1,1,0,0.22333333333333333
RF,1,1,0,0.4225555555555556
RF,1,0,0,0.18666666666666668
RF,1,1,0,0.49666666666666665
RF,1,0,0,0.09666666666666666
RF,1,0,0,0.48
RF,1,0,0,0.13666666666666666
RF,1,0,0,0.31333333333333335
RF,1,0,0,0.0033333333333333335
RF,1,0,0,0.42333333333333334
RF,1,1,0,0.20333333333333334
RF,1,0,0,0.25333333333333335
RF,1,0,0,0.15
RF,1,0,1,0.6033333333333334
RF,1,0,0,0.14
RF,1,0,0,0.4666666666666667
RF,1,1,1,0.6033333333333334
RF,1,0,0,0.33
RF,1,1,0,0.30333333333333334
RF,1,0,0,0.16333333333333333
RF,1,0,0,0.3566666666666667
RF,1,0,0,0.016666666666666666
RF,1,0,0,0.007777777777777777
RF,1,0,0,0.4633333333333333
RF,1,0,0,0.21333333333333335
RF,1,0,0,0.3433333333333333
RF,1,0,0,0.25666666666666665
RF,1,0,0,0.15
RF,1,1,0,0.43
RF,1,0,0,0.14333333333333334
RF,1,0,0,0.31238888888888894
RF,1,0,0,0.44
RF,1,0,1,0.7150555555555556
RF,1,0,1,0.5544444444444445
RF,1,1,1,0.5266666666666666
RF,1,0,0,0.055
RF,1,0,0,0.04688888888888889
RF,1,0,0,0.4876666666666667
RF,1,0,0,0.23666666666666666
RF,1,0,0,0.061111111111111116
RF,1,0,0,0.44333333333333336
RF,1,0,0,0.3466666666666667
RF,1,1,0,0.006666666666666667
RF,1,0,0,0.5
RF,1,1,0,0.5
RF,1,0,0,0.19333333333333333
RF,1,0,0,0.14
RF,1,0,1,0.6333333333333333
RF,1,0,1,0.5033333333333333
RF,1,0,1,0.5666666666666667
RF,1,0,0,0.05333333333333334
RF,1,0,0,0.5
RF,1,0,0,0.38666666666666666
RF,1,0,0,0.17333333333333334
RF,1,1,0,0.49333333333333335
RF,1,0,1,0.5055555555555556
RF,1,0,0,0.23333333333333334
RF,1,0,1,0.69
RF,1,1,0,0.03666666666666667
RF,1,1,0,0.32
RF,1,0,0,0.30416666666666664
RF,1,0,0,0.3811111111111111
RF,1,0,0,0.13333333333333333
RF,1,0,0,0.3
RF,1,0,0,0.37
RF,1,0,0,0.42
RF,1,0,1,0.53
RF,1,1,0,0.15
RF,1,0,1,0.7266666666666667
RF,1,0,0,0.08
RF,1,0,0,0.053611111111111116
RF,1,0,0,0.22666666666666666
RF,1,0,0,0.13333333333333333
RF,1,0,0,0.21666666666666667
RF,1,1,1,0.89
RF,1,0,0,0.23800000000000002
RF,1,0,0,0.06
RF,1,0,0,0.12666666666666668
RF,1,0,1,0.54
RF,1,0,0,0.04888888888888889
RF,1,1,1,0.9366666666666666
RF,1,0,0,0.12666666666666668
RF,1,1,0,0.17
RF,1,0,0,0.06
RF,1,0,0,0.028888888888888888
RF,1,0,0,0.14666666666666667
RF,1,0,0,0.22
RF,1,0,0,0.08777777777777779
RF,1,0,1,0.7633333333333333
RF,1,0,0,0.15
RF,1,0,0,0.25
RF,1,0,0,0.19666666666666666
RF,1,0,0,0.4962777777777779
RF,1,1,0,0.28
RF,1,0,0,0.41
RF,1,0,0,0.38083333333333336
RF,1,0,0,0.0033333333333333335
RF,1,0,0,0.31
RF,1,0,0,0.10666666666666667
RF,1,1,0,0.25666666666666665
RF,1,0,0,0.17
RF,1,0,0,0.07333333333333333
RF,1,0,0,0.36
RF,1,0,0,0.013333333333333334
RF,1,0,0,0.056666666666666664
RF,1,1,1,0.6633333333333333
RF,1,0,0,0.3
RF,1,1,1,0.7733333333333333
RF,1,0,1,0.5266666666666666
RF,1,0,0,0.07166666666666667
RF,1,1,0,0.2833333333333333
RF,1,1,0,0.36
RF,1,0,0,0.18
RF,1,0,0,0.06666666666666667
RF,1,0,0,0.2966666666666667
RF,1,0,0,0.15
RF,1,0,0,0.16166666666666665
RF,1,0,0,0.12333333333333334
RF,1,1,0,0.26
RF,1,0,0,0.3466666666666667
RF,1,1,0,0.023333333333333334
RF,1,0,0,0.14333333333333334
RF,1,0,0,0.33
RF,1,0,0,0.1
RF,1,1,0,0.41333333333333333
RF,1,0,0,0.24958333333333332
RF,1,0,0,0.11666666666666667
RF,1,0,0,0.17766666666666667
RF,1,0,0,0.02666666666666667
RF,1,0,0,0.17333333333333334
RF,1,0,0,0.18
RF,1,0,0,0.19333333333333333
RF,1,1,1,0.5566666666666666
RF,1,0,0,0.15166666666666667
RF,1,1,0,0.3933333333333333
RF,1,1,0,0.24333333333333335
RF,1,0,0,0.4166666666666667
RF,1,1,0,0.15666666666666668
RF,1,0,0,0.30666666666666664
RF,1,1,0,0.235
RF,1,0,0,0.17333333333333334
RF,1,0,1,0.5866666666666667
RF,1,0,0,0.15
RF,1,0,0,0.20333333333333334
RF,1,0,0,0.09
RF,1,1,0,0.43666666666666665
RF,1,0,0,0.08333333333333333
RF,1,0,0,0.31666666666666665
RF,1,1,1,0.6066666666666667
RF,1,0,0,0.09333333333333334
RF,1,1,0,0.42
RF,1,0,0,0.15
RF,1,0,0,0.15
RF,1,1,0,0.14888888888888888
RF,1,0,1,0.8433333333333334
RF,1,1,0,0.3933333333333333
RF,1,0,0,0.31
RF,1,0,1,0.5766666666666667
RF,1,0,0,0.06666666666666667
RF,1,1,0,0.016666666666666666
RF,1,0,0,0.19333333333333333
RF,1,0,0,0.22
RF,1,0,0,0.2866666666666667
RF,1,0,1,0.77
RF,1,0,0,0.14666666666666667
RF,1,0,0,0.06333333333333334
RF,1,0,1,0.9353333333333332
RF,1,0,0,0.1
RF,1,0,0,0.07666666666666666
RF,1,0,0,0.1
RF,1,0,0,0.32
RF,1,0,0,0.26
RF,1,0,0,0.27
RF,1,0,0,0.14577777777777776
RF,1,0,0,0.42
RF,1,1,0,0.42194444444444446
RF,1,0,0,0.4
RF,1,1,1,0.9166666666666666
RF,1,0,0,0.17333333333333334
RF,1,0,1,0.6166666666666667
RF,1,0,0,0.15333333333333332
RF,1,0,0,0.07
RF,1,1,1,0.6
RF,1,0,0,0.03
RF,1,0,0,0.08666666666666667
RF,1,0,0,0.04666666666666667
RF,1,0,0,0.21
RF,1,0,1,0.7166666666666667
RF,1,0,0,0.19
RF,1,0,0,0.27
RF,1,1,0,0.4266666666666667
RF,1,0,1,0.84
RF,1,0,0,0.25333333333333335
RF,1,0,0,0.06
RF,1,0,0,0.30666666666666664
RF,1,1,0,0.2966666666666667
RF,1,0,1,0.7233333333333334
RF,1,0,1,0.7433333333333333
RF,1,0,0,0.09833333333333333
RF,1,0,0,0.17
RF,1,0,0,0.26666666666666666
RF,1,0,0,0.06333333333333334
RF,1,1,1,0.76
RF,1,0,0,0.2830555555555555
RF,1,1,0,0.2966666666666667
RF,1,0,0,0.26
RF,1,0,0,0.36333333333333334
RF,1,0,1,0.5066666666666667
RF,1,1,0,0.07333333333333333
RF,1,0,0,0.37666666666666665
RF,1,0,0,0.26
RF,1,1,1,0.76
RF,1,0,1,0.54
RF,1,0,0,0.35940873015873015
RF,1,0,0,0.2888888888888889
RF,1,1,0,0.21666666666666667
RF,1,0,0,0.33555555555555555
RF,1,0,1,0.53
RF,1,0,1,0.8266666666666667
RF,1,0,0,0.10855555555555557
RF,1,0,0,0.18333333333333332
RF,1,0,0,0.28
RF,1,0,0,0.3333333333333333
RF,1,1,0,0.01
RF,1,1,1,0.8266666666666667
RF,1,0,0,0.3516666666666667
RF,1,1,1,0.7966666666666666
RF,1,0,0,0.078
RF,1,0,0,0.09333333333333334
RF,1,1,0,0.04666666666666667
RF,1,0,0,0.4766666666666667
RF,1,0,0,0.18666666666666668
RF,1,0,0,0.31666666666666665
RF,1,0,1,0.8033333333333333
RF,1,0,0,0.14333333333333334
RF,1,0,0,0.11
RF,1,0,0,0.24666666666666667
RF,1,0,1,0.6166666666666667
RF,1,1,1,0.58
RF,1,0,0,0.3283333333333333
RF,1,0,0,0.14494444444444443
RF,1,0,0,0.17333333333333334
RF,1,0,0,0.043333333333333335
RF,1,1,1,0.7466666666666667
RF,1,0,0,0.2377777777777778
RF,1,0,1,0.6466666666666666
RF,1,1,1,0.6233333333333333
RF,1,0,0,0.25666666666666665
RF,1,0,0,0.14333333333333334
RF,1,0,1,0.7466666666666667
RF,1,0,0,0.14333333333333334
RF,1,0,0,0.13
RF,1,0,0,0.41
RF,1,0,0,0.17277777777777775
RF,1,0,0,0.0725
RF,1,1,1,0.5733333333333334
RF,1,0,0,0.043333333333333335
RF,1,1,1,0.97
RF,1,1,0,0.3908333333333333
RF,1,1,1,0.8066666666666666
RF,1,1,0,0.12666666666666668
RF,1,0,0,0.20666666666666667
RF,1,1,0,0.3433333333333333
RF,1,0,0,0.01
RF,1,1,0,0.16333333333333333
RF,1,0,0,0.17166666666666666
RF,1,0,0,0.02
RF,1,1,0,0.4188888888888889
RF,1,0,0,0.14666666666666667
RF,1,1,0,0.31333333333333335
RF,1,0,0,0.4255555555555555
RF,1,0,1,0.5033333333333333
RF,1,0,0,0.02666666666666667
RF,1,1,0,0.17227777777777778
RF,1,0,0,0.17
RF,1,0,1,0.5566666666666666
RF,1,1,0,0.36
RF,1,0,0,0.2633333333333333
RF,1,0,1,0.5333333333333333
RF,1,0,0,0.056666666666666664
RF,1,1,1,0.6866666666666666
RF,1,0,0,0.06333333333333334
RF,1,1,1,0.6955555555555555
RF,1,0,1,0.5966666666666667
RF,1,0,0,0.3233333333333333
RF,1,0,0,0.15666666666666668
RF,1,0,0,0.04
RF,1,1,1,0.5766666666666667
RF,1,0,0,0.23333333333333334
RF,1,0,0,0.23
RF,1,1,1,0.7133333333333334
RF,1,0,0,0.17333333333333334
RF,1,0,0,0.22333333333333333
RF,1,0,0,0.4266666666666667
RF,1,0,0,0.46
RF,1,1,1,0.57
RF,1,1,0,0.41
RF,1,0,0,0.18933333333333333
RF,1,0,0,0.08361111111111111
RF,1,1,0,0.49333333333333335
RF,1,0,0,0.09666666666666666
RF,1,0,0,0.08
RF,1,0,0,0.2633333333333333
RF,1,0,1,0.5166666666666667
RF,1,0,0,0.14027777777777778
RF,1,1,1,0.6
RF,1,0,0,0.2633333333333333
RF,1,0,0,0.35333333333333333
RF,1,0,0,0.12888888888888891
RF,1,0,0,0.31555555555555553
RF,1,1,1,0.6566666666666666
RF,1,0,0,0.12333333333333334
RF,1,0,0,0.2375
RF,1,1,0,0.19666666666666666
RF,1,0,0,0.43333333333333335
RF,1,1,0,0.03333333333333333
RF,1,0,0,0.19333333333333333
RF,1,0,0,0.06666666666666667
RF,1,0,0,0.49333333333333335
RF,1,1,0,0.46
RF,1,1,1,0.5266666666666666
RF,1,0,0,0.02
RF,1,1,0,0.0
RF,1,1,1,0.7766666666666666
RF,1,0,0,0.1922222222222222
RF,1,0,0,0.25666666666666665
RF,1,0,0,0.3653333333333333
RF,1,0,0,0.09
RF,1,0,0,0.2888888888888889
RF,1,0,0,0.27
RF,1,0,0,0.2
RF,1,0,1,0.6766666666666666
RF,1,0,0,0.12666666666666668
RF,1,0,0,0.35333333333333333
RF,1,0,0,0.2633333333333333
RF,1,0,0,0.23
RF,1,0,0,0.24333333333333335
RF,1,0,0,0.03
RF,1,0,0,0.18333333333333332
RF,1,0,0,0.46
RF,1,0,0,0.3383333333333333
RF,1,1,1,0.78
RF,1,0,1,0.8
RF,1,0,0,0.22
RF,1,0,0,0.18
RF,1,0,1,0.5166666666666667
RF,1,1,0,0.3333333333333333
RF,1,0,0,0.21666666666666667
RF,1,1,0,0.4533333333333333
RF,1,0,0,0.3933333333333333
RF,1,1,0,0.2733333333333333
RF,1,0,1,0.5133333333333333
RF,1,1,1,0.608
RF,1,0,0,0.26
RF,1,0,0,0.20666666666666667
RF,1,0,0,0.02
RF,1,0,1,0.5066666666666667
RF,1,0,1,0.6066666666666667
RF,1,0,0,0.2633333333333333
RF,1,0,0,0.04666666666666667
RF,1,0,0,0.14
RF,1,1,0,0.4666666666666667
RF,1,0,0,0.41333333333333333
RF,1,1,1,0.52
RF,1,0,0,0.06583333333333333
RF,1,0,0,0.41333333333333333
RF,1,0,0,0.27
RF,1,0,0,0.08
RF,1,0,0,0.06166666666666667
RF,1,0,0,0.25
RF,1,1,1,0.7633333333333333
RF,1,0,0,0.07333333333333333
RF,1,0,0,0.4816666666666667
RF,1,0,1,0.55
RF,1,0,0,0.13666666666666666
RF,1,0,0,0.155
RF,1,1,0,0.07666666666666666
RF,1,0,0,0.09
RF,1,0,1,0.7333333333333333
RF,1,0,0,0.1
RF,1,0,0,0.043333333333333335
RF,1,0,0,0.24800000000000003
RF,1,0,0,0.14666666666666667
RF,1,0,0,0.13805555555555557
RF,1,0,0,0.05383333333333333
RF,1,0,0,0.14
RF,1,0,0,0.14333333333333334
RF,1,0,0,0.22666666666666666
RF,1,0,0,0.28
RF,1,0,0,0.10333333333333333
RF,1,0,1,0.5944444444444444
RF,1,0,0,0.32666666666666666
RF,1,0,0,0.22333333333333333
RF,1,0,0,0.25666666666666665
RF,1,0,1,0.7533333333333333
RF,1,0,0,0.30333333333333334
RF,1,0,0,0.49
RF,1,1,0,0.5
RF,1,0,0,0.006666666666666667
RF,1,0,1,0.6166666666666667
RF,1,0,0,0.14
RF,1,0,0,0.3194444444444444
RF,1,0,0,0.27
RF,1,0,0,0.03777777777777777
RF,1,0,0,0.17666666666666667
RF,1,0,0,0.39
RF,1,0,0,0.025833333333333333
RF,1,0,0,0.17333333333333334
RF,1,0,0,0.12666666666666668
RF,1,0,1,0.7033333333333334
RF,1,0,1,0.56
RF,1,0,0,0.15333333333333332
RF,1,0,0,0.31333333333333335
RF,1,1,1,0.6233333333333333
RF,1,0,0,0.04666666666666667
RF,1,1,0,0.19077777777777777
RF,1,1,1,0.94
RF,1,0,0,0.35166666666666674
RF,1,1,1,0.5966666666666667
RF,1,0,0,0.2633333333333333
RF,1,1,0,0.2833333333333333
RF,1,0,0,0.016666666666666666
RF,1,1,1,0.6666666666666666
RF,1,0,1,0.94
RF,1,0,0,0.06166666666666667
RF,1,1,1,0.79
RF,1,1,0,0.19666666666666666
RF,1,0,0,0.12333333333333334
RF,1,0,0,0.36333333333333334
RF,1,0,0,0.21666666666666667
RF,1,0,0,0.22333333333333333
RF,1,0,0,0.0938888888888889
RF,1,0,0,0.24405555555555555
RF,1,1,1,0.7166666666666667
RF,1,0,0,0.3
RF,1,0,0,0.12
RF,1,0,0,0.22333333333333333
RF,1,0,0,0.12
RF,1,0,0,0.14333333333333334
RF,1,0,0,0.2733333333333333
RF,1,0,0,0.38
RF,1,0,1,0.5933333333333334
RF,1,0,0,0.16333333333333333
RF,1,0,0,0.43
RF,1,0,1,0.648888888888889
RF,1,0,0,0.3566666666666667
RF,1,0,0,0.20333333333333334
RF,1,1,0,0.23333333333333334
RF,1,0,0,0.31333333333333335
RF,1,0,0,0.30333333333333334
RF,1,0,0,0.02261904761904762
RF,1,1,1,0.7733333333333333
RF,1,0,0,0.10666666666666667
RF,1,1,1,0.55
RF,1,0,0,0.3037777777777778
RF,1,0,0,0.31666666666666665
RF,1,0,0,0.31666666666666665
RF,1,1,0,0.06955555555555555
RF,1,1,0,0.23666666666666666
RF,1,0,0,0.11333333333333333
RF,1,1,0,0.19333333333333333
RF,1,0,0,0.16666666666666666
RF,1,0,0,0.3933333333333333
RF,1,1,0,0.45
RF,1,0,0,0.21
RF,1,0,0,0.15
RF,1,0,0,0.11777777777777779
RF,1,0,0,0.20333333333333334
RF,1,0,0,0.3
RF,1,0,0,0.44333333333333336
RF,1,0,0,0.07666666666666666
RF,1,0,0,0.4
RF,1,0,0,0.48
RF,1,0,0,0.20777777777777778
RF,1,0,0,0.44333333333333336
RF,1,0,0,0.08666666666666667
RF,1,0,0,0.07
RF,1,0,0,0.38
RF,1,1,0,0.11666666666666667
RF,1,1,0,0.03166666666666667
RF,1,1,1,0.7866666666666666
RF,1,1,0,0.46
RF,1,0,0,0.2966666666666667
RF,1,0,0,0.1
RF,1,0,0,0.04666666666666667
RF,1,0,0,0.023333333333333334
RF,1,0,0,0.05333333333333334
RF,1,1,1,0.54
RF,1,0,0,0.19
RF,1,0,1,0.52
RF,1,1,0,0.44666666666666666
RF,1,0,0,0.21
RF,1,0,0,0.09727777777777778
RF,1,0,0,0.26666666666666666
RF,1,0,0,0.08666666666666667
RF,1,1,1,0.5866666666666667
RF,1,0,0,0.09166666666666666
RF,1,0,0,0.1188888888888889
RF,1,0,1,0.63
RF,1,0,0,0.12
RF,1,0,1,0.5433333333333333
RF,1,0,0,0.4166666666666667
RF,1,0,0,0.04
RF,1,0,0,0.36
RF,1,0,0,0.02
RF,1,0,0,0.24333333333333335
RF,1,0,0,0.3233333333333333
RF,1,1,1,0.7166666666666667
RF,1,1,1,0.5666666666666667
RF,1,1,0,0.03972222222222223
RF,1,1,1,0.6866666666666666
RF,1,1,0,0.36333333333333334
RF,1,0,0,0.05333333333333334
RF,1,0,0,0.35
RF,1,0,0,0.12666666666666668
RF,1,0,0,0.42
RF,1,1,0,0.30333333333333334
RF,1,0,0,0.47
RF,1,0,0,0.24
RF,1,0,0,0.29333333333333333
RF,1,0,0,0.21
RF,1,0,0,0.29
RF,1,0,0,0.3111111111111111
RF,1,0,0,0.03333333333333333
RF,1,0,0,0.35333333333333333
RF,1,1,1,0.7166666666666667
RF,1,0,0,0.09666666666666666
RF,1,0,0,0.17722222222222223
RF,1,0,0,0.16833333333333333
RF,1,0,0,0.3388888888888889
RF,1,0,0,0.02
RF,1,0,0,0.4766666666666667
RF,1,0,1,0.7866666666666666
RF,1,0,0,0.20666666666666667
RF,1,0,0,0.36
RF,1,0,0,0.4866666666666667
RF,1,1,0,0.25333333333333335
RF,1,0,1,0.5533333333333333
RF,1,0,0,0.22666666666666666
RF,1,0,0,0.21666666666666667
RF,1,1,1,0.5866666666666667
RF,1,0,0,0.16333333333333333
RF,1,1,0,0.24333333333333335
RF,1,0,0,0.19
RF,1,0,1,0.5133333333333333
RF,1,0,0,0.16
RF,1,0,0,0.0033333333333333335
RF,1,0,0,0.18
RF,1,0,0,0.2833333333333333
RF,1,1,0,0.37
RF,1,0,0,0.24083333333333334
RF,1,1,1,0.5333333333333333
RF,1,0,0,0.38333333333333336
RF,1,0,0,0.3566666666666667
RF,1,0,1,0.87
RF,1,0,0,0.4050555555555555
RF,1,0,0,0.16
RF,1,0,0,0.03333333333333333
RF,1,0,0,0.16666666666666666
RF,1,0,0,0.09333333333333334
RF,1,0,0,0.2866666666666667
RF,1,1,0,0.16
RF,1,0,0,0.09
RF,1,0,0,0.42333333333333334
RF,1,0,0,0.2152222222222222
RF,1,0,0,0.26
RF,1,1,0,0.008666666666666666
RF,1,0,0,0.15333333333333332
RF,1,0,0,0.19666666666666666
RF,1,0,0,0.335
RF,1,0,0,0.12666666666666668
RF,1,0,0,0.30333333333333334
RF,1,1,0,0.27
RF,1,0,0,0.10583333333333333
RF,1,0,0,0.18666666666666668
RF,1,1,0,0.26666666666666666
RF,1,1,1,0.65
RF,1,1,1,0.5133333333333333
RF,1,0,0,0.24
RF,1,1,0,0.48
RF,1,1,0,0.14
RF,1,0,0,0.13666666666666666
RF,1,0,0,0.31
RF,1,0,0,0.06888888888888887
RF,1,0,0,0.08
RF,1,0,0,0.21333333333333335
RF,1,0,0,0.013333333333333334
RF,1,0,1,0.5033333333333333
RF,1,0,1,0.9091666666666667
RF,1,1,0,0.25
RF,1,0,1,0.6194999999999999
RF,1,0,0,0.16
RF,1,0,0,0.09
RF,1,0,0,0.14333333333333334
RF,1,1,0,0.35333333333333333
RF,1,1,0,0.35333333333333333
RF,1,0,0,0.11666666666666667
RF,1,0,0,0.043333333333333335
RF,1,0,0,0.02
RF,1,0,1,0.5066666666666667
RF,1,0,0,0.2015
RF,1,0,0,0.12666666666666668
RF,1,0,0,0.023333333333333334
RF,1,1,0,0.09666666666666666
RF,1,0,0,0.2
RF,1,1,0,0.11
RF,1,0,1,0.5433333333333333
RF,1,0,0,0.32
RF,1,0,0,0.24333333333333335
RF,1,0,1,0.6533333333333333
RF,1,0,0,0.08333333333333333
RF,1,0,1,0.6333333333333333
RF,1,0,0,0.22
RF,1,0,0,0.11
RF,1,0,0,0.27666666666666667
RF,1,0,0,0.4033333333333333
RF,1,0,0,0.3933333333333333
RF,1,1,0,0.5
RF,1,1,0,0.29
RF,1,0,0,0.14
RF,1,0,0,0.33476190476190476
RF,1,1,1,0.8466666666666667
RF,1,1,1,0.8166666666666667
RF,1,0,0,0.41333333333333333
RF,1,1,0,0.2633333333333333
RF,1,1,0,0.22666666666666666
RF,1,1,0,0.4866666666666667
RF,1,0,0,0.18
RF,1,0,0,0.4666666666666667
RF,1,1,0,0.05
RF,1,0,0,0.3233333333333333
RF,1,0,0,0.30333333333333334
RF,1,0,0,0.10333333333333333
RF,1,0,0,0.37666666666666665
RF,1,1,0,0.4483333333333333
RF,1,1,0,0.38666666666666666
RF,1,0,0,0.2733333333333333
RF,1,1,0,0.33666666666666667
RF,1,0,0,0.07333333333333333
RF,1,0,0,0.21666666666666667
RF,1,0,1,0.51
RF,1,0,0,0.20666666666666667
RF,1,0,0,0.3055555555555556
RF,1,1,0,0.39666666666666667
RF,1,1,1,0.93
RF,1,1,0,0.295
RF,1,0,0,0.13666666666666666
RF,1,1,1,0.72
RF,1,0,0,0.12611111111111112
RF,1,0,0,0.06333333333333334
RF,1,0,0,0.14
RF,1,0,0,0.33
RF,1,0,0,0.2966666666666667
RF,1,0,0,0.24333333333333335
RF,1,1,1,0.57
RF,1,1,1,0.55
RF,1,1,0,0.17777777777777776
RF,1,0,0,0.12666666666666668
RF,1,1,0,0.32666666666666666
RF,1,0,0,0.35333333333333333
RF,1,0,0,0.15333333333333332
RF,1,0,0,0.15666666666666668
RF,1,1,0,0.013333333333333334
RF,1,0,0,0.19
RF,1,0,0,0.07
RF,1,0,0,0.27666666666666667
RF,1,0,0,0.13
RF,1,0,0,0.31
RF,1,1,0,0.37333333333333335
RF,1,0,0,0.04666666666666667
RF,1,0,0,0.24333333333333335
RF,1,0,0,0.27
RF,1,0,0,0.03
RF,1,0,0,0.4
RF,1,0,0,0.29333333333333333
RF,1,0,0,0.006666666666666667
RF,1,1,0,0.03944444444444444
RF,1,0,1,0.5166666666666667
RF,1,0,0,0.31333333333333335
RF,1,0,0,0.24666666666666667
RF,1,1,0,0.4266666666666667
RF,1,0,1,0.5833333333333334
RF,1,0,0,0.23833333333333334
RF,1,1,0,0.35
RF,1,1,0,0.21333333333333335
RF,1,1,0,0.46792857142857147
RF,1,0,0,0.38333333333333336
RF,1,0,1,0.8366666666666667
RF,1,0,1,0.58
RF,1,1,0,0.3933333333333333
RF,1,0,0,0.06
RF,1,0,0,0.32666666666666666
RF,1,1,0,0.48
RF,1,0,1,0.5619999999999999
RF,1,0,0,0.23733333333333334
RF,1,1,1,0.5066666666666667
RF,1,1,0,0.07666666666666666
RF,1,1,1,0.6333333333333333
RF,1,0,1,0.6133333333333333
RF,1,0,0,0.10333333333333333
RF,1,0,0,0.25333333333333335
RF,1,0,0,0.44333333333333336
RF,1,0,1,0.51
RF,1,0,0,0.24333333333333335
RF,1,0,0,0.30666666666666664
RF,1,0,0,0.20333333333333334
RF,1,0,1,0.5216666666666666
RF,1,0,0,0.38333333333333336
RF,1,0,0,0.13
RF,1,0,0,0.17
RF,1,0,0,0.2633333333333333
RF,1,1,1,0.6933333333333334
RF,1,0,0,0.29
RF,1,1,1,0.5633333333333334
RF,1,0,0,0.12333333333333334
RF,1,0,0,0.4666666666666667
RF,1,0,0,0.03666666666666667
RF,1,0,0,0.21
RF,1,0,0,0.25666666666666665
RF,1,0,0,0.12666666666666668
RF,1,0,0,0.3466666666666667
RF,1,0,1,0.7666666666666667
RF,1,0,0,0.43333333333333335
RF,1,1,1,0.72
RF,1,0,0,0.16666666666666666
RF,1,0,0,0.26083333333333336
RF,1,0,1,0.5266666666666666
RF,1,0,0,0.23666666666666666
RF,1,0,0,0.49666666666666665
RF,1,0,0,0.13666666666666666
RF,1,1,0,0.41
RF,1,0,0,0.17
RF,1,0,0,0.2966666666666667
RF,1,1,1,0.7666666666666667
RF,1,0,0,0.18666666666666668
RF,1,0,0,0.19333333333333333
RF,1,1,0,0.30333333333333334
RF,1,0,0,0.17111111111111113
RF,1,0,0,0.2
RF,1,0,0,0.25
RF,1,0,0,0.07666666666666666
RF,1,0,0,0.12333333333333334
RF,1,0,0,0.22
RF,1,0,0,0.41333333333333333
RF,1,1,0,0.42
RF,1,0,0,0.19
RF,1,0,0,0.23333333333333334
RF,1,0,0,0.03
RF,1,0,0,0.05
RF,1,0,0,0.17
RF,1,0,0,0.35
RF,1,0,0,0.07666666666666666
RF,1,0,0,0.29
RF,1,0,0,0.07666666666666666
RF,1,1,1,0.53
RF,1,0,1,0.6566666666666666
RF,1,0,0,0.22666666666666666
RF,1,0,0,0.22666666666666666
RF,1,1,1,0.5566666666666666
RF,1,0,0,0.5
RF,1,1,0,0.3277777777777778
RF,1,0,0,0.45
RF,1,0,0,0.22666666666666666
RF,1,0,0,0.18
RF,1,1,0,0.08666666666666667
RF,1,0,0,0.24
RF,1,0,0,0.006444444444444444
RF,1,0,0,0.03666666666666667
RF,1,0,0,0.36
RF,1,0,0,0.10016666666666665
RF,1,0,0,0.3466666666666667
RF,1,0,0,0.25666666666666665
RF,1,0,0,0.16
RF,1,1,0,0.2866666666666667
RF,1,0,0,0.18666666666666668
RF,1,1,0,0.31
RF,1,0,0,0.4766666666666667
RF,1,1,0,0.44666666666666666
RF,1,0,1,0.7533333333333333
RF,1,0,0,0.10916666666666666
RF,1,0,0,0.36666666666666664
RF,1,0,0,0.2633333333333333
RF,1,0,1,0.5455555555555556
RF,1,0,0,0.14
RF,1,0,0,0.23702777777777778
RF,1,0,0,0.10333333333333333
RF,1,0,0,0.25666666666666665
RF,1,1,1,0.58
RF,1,0,0,0.129
RF,1,0,0,0.25333333333333335
RF,1,0,0,0.49333333333333335
RF,1,1,0,0.13666666666666666
RF,1,0,0,0.38666666666666666
RF,1,1,1,0.78
RF,1,0,0,0.13333333333333333
RF,1,0,0,0.38666666666666666
RF,1,1,0,0.49666666666666665
RF,1,0,1,0.6566666666666666
RF,1,0,0,0.2727777777777778
RF,1,1,1,0.9533333333333334
RF,1,1,1,0.7266666666666667
RF,1,0,1,0.5995555555555553
RF,1,0,0,0.20333333333333334
RF,1,1,0,0.23
RF,1,1,0,0.255
RF,1,0,0,0.06
RF,1,0,0,0.14666666666666667
RF,1,0,0,0.18666666666666668
RF,1,0,0,0.17222222222222225
RF,1,0,0,0.4
RF,1,0,0,0.12333333333333334
RF,1,1,0,0.36666666666666664
RF,1,0,0,0.48555555555555563
RF,1,0,1,0.7188888888888889
RF,1,0,0,0.05
RF,1,0,1,0.5266666666666666
RF,1,0,0,0.14333333333333334
RF,1,0,1,0.78
RF,1,1,0,0.18416666666666667
RF,1,0,0,0.19666666666666666
RF,1,0,0,0.07
RF,2,0,0,0.04
RF,2,0,0,0.14333333333333334
RF,2,0,0,0.2733333333333333
RF,2,0,0,0.03
RF,2,0,1,0.7766666666666666
RF,2,1,1,0.5866666666666667
RF,2,1,0,0.06
RF,2,1,1,0.6866666666666666
RF,2,0,0,0.08
RF,2,0,0,0.21055555555555558
RF,2,0,0,0.03361111111111111
RF,2,0,0,0.04666666666666667
RF,2,0,1,0.75
RF,2,0,0,0.15666666666666668
RF,2,0,0,0.08333333333333333
RF,2,0,0,0.39666666666666667
RF,2,0,0,0.17
RF,2,0,0,0.028333333333333332
RF,2,0,0,0.18666666666666668
RF,2,0,0,0.04111111111111111
RF,2,0,0,0.105
RF,2,0,0,0.25333333333333335
RF,2,1,0,0.43333333333333335
RF,2,1,0,0.11333333333333333
RF,2,0,0,0.06666666666666667
RF,2,0,0,0.12333333333333334
RF,2,0,0,0.095
RF,2,1,1,0.7066666666666667
RF,2,0,0,0.36
RF,2,0,0,0.34
RF,2,0,0,0.056666666666666664
RF,2,0,0,0.22333333333333333
RF,2,0,0,0.33
RF,2,0,0,0.1
RF,2,1,1,0.62
RF,2,0,0,0.3933333333333333
RF,2,0,1,0.7333333333333333
RF,2,0,1,0.67
RF,2,0,0,0.13333333333333333
RF,2,0,1,0.5033333333333333
RF,2,1,1,0.6966666666666667
RF,2,0,0,0.2833333333333333
RF,2,1,1,0.6033333333333334
RF,2,0,0,0.043333333333333335
RF,2,0,0,0.13333333333333333
RF,2,1,0,0.38666666666666666
RF,2,0,0,0.14
RF,2,0,0,0.10666666666666667
RF,2,0,0,0.06
RF,2,0,1,0.78
RF,2,0,0,0.37666666666666665
RF,2,0,0,0.20666666666666667
RF,2,0,0,0.23333333333333334
RF,2,1,0,0.4266666666666667
RF,2,0,0,0.17
RF,2,0,0,0.24333333333333335
RF,2,0,0,0.29694444444444446
RF,2,0,0,0.27666666666666667
RF,2,0,0,0.2
RF,2,1,0,0.22333333333333333
RF,2,0,0,0.34
RF,2,0,1,0.9277777777777779
RF,2,0,0,0.19333333333333333
RF,2,0,0,0.18666666666666668
RF,2,0,0,0.38333333333333336
RF,2,0,0,0.22333333333333333
RF,2,0,0,0.4766666666666667
RF,2,0,0,0.43666666666666665
RF,2,0,0,0.18666666666666668
RF,2,0,0,0.3
RF,2,0,0,0.4066666666666667
RF,2,0,0,0.07361111111111111
RF,2,1,1,0.8433333333333334
RF,2,0,0,0.42
RF,2,0,0,0.2683333333333333
RF,2,0,0,0.16
RF,2,0,0,0.43
RF,2,1,0,0.14416666666666667
RF,2,0,0,0.47
RF,2,0,0,0.06
RF,2,0,0,0.32666666666666666
RF,2,0,0,0.06
RF,2,0,0,0.14666666666666667
RF,2,0,0,0.37
RF,2,0,0,0.17
RF,2,1,0,0.49333333333333335
RF,2,0,0,0.04
RF,2,0,0,0.3333333333333333
RF,2,1,0,0.25
RF,2,1,0,0.24
RF,2,0,0,0.18333333333333332
RF,2,0,0,0.21666666666666667
RF,2,0,1,0.75
RF,2,0,0,0.32666666666666666
RF,2,0,0,0.12333333333333334
RF,2,0,1,0.7566666666666667
RF,2,1,1,0.6583333333333333
RF,2,0,0,0.2966666666666667
RF,2,0,0,0.31333333333333335
RF,2,0,0,0.08333333333333333
RF,2,0,0,0.023333333333333334
RF,2,1,1,0.5533333333333333
RF,2,0,0,0.39666666666666667
RF,2,0,0,0.21333333333333335
RF,2,0,0,0.3
RF,2,0,0,0.12333333333333334
RF,2,1,0,0.36333333333333334
RF,2,1,1,0.8966666666666666
RF,2,0,1,0.5366666666666666
RF,2,0,0,0.41527777777777775
RF,2,1,0,0.26666666666666666
RF,2,1,0,0.25666666666666665
RF,2,1,0,0.25
RF,2,0,1,0.6066666666666667
RF,2,0,0,0.11666666666666667
RF,2,0,0,0.26
RF,2,0,0,0.056666666666666664
RF,2,1,1,0.5566666666666666
RF,2,1,0,0.005
RF,2,1,1,0.8466666666666667
RF,2,0,0,0.1
RF,2,0,0,0.17
RF,2,0,1,0.5233333333333333
RF,2,0,0,0.20666666666666667
RF,2,0,0,0.21333333333333335
RF,2,0,0,0.05333333333333334
RF,2,1,1,0.95
RF,2,0,0,0.33666666666666667
RF,2,1,0,0.17666666666666667
RF,2,1,1,0.5533333333333333
RF,2,0,0,0.33666666666666667
RF,2,1,1,0.7466666666666667
RF,2,0,0,0.05
RF,2,0,0,0.04666666666666667
RF,2,1,1,0.5866666666666667
RF,2,0,0,0.33666666666666667
RF,2,1,0,0.023333333333333334
RF,2,0,1,0.7283333333333334
RF,2,1,0,0.05888888888888889
RF,2,0,0,0.2733333333333333
RF,2,0,1,0.5333333333333333
RF,2,0,0,0.4066666666666667
RF,2,1,0,0.49333333333333335
RF,2,0,0,0.03666666666666667
RF,2,1,1,0.7733333333333333
RF,2,0,0,0.04666666666666667
RF,2,0,0,0.26
RF,2,0,0,0.16333333333333333
RF,2,0,0,0.28
RF,2,0,0,0.26
RF,2,0,0,0.29333333333333333
RF,2,0,0,0.35
RF,2,0,0,0.42
RF,2,0,0,0.08
RF,2,1,0,0.49333333333333335
RF,2,1,0,0.185
RF,2,1,0,0.20666666666666667
RF,2,0,0,0.18166666666666667
RF,2,0,0,0.4266666666666667
RF,2,0,0,0.12466666666666666
RF,2,0,1,0.5333333333333333
RF,2,0,0,0.07666666666666666
RF,2,0,1,0.5005555555555555
RF,2,0,0,0.15333333333333332
RF,2,0,0,0.07333333333333333
RF,2,0,0,0.13166666666666665
RF,2,0,1,0.8433333333333334
RF,2,0,0,0.23666666666666666
RF,2,0,0,0.28405555555555556
RF,2,0,1,0.5455555555555556
RF,2,1,0,0.08444444444444445
RF,2,0,0,0.09666666666666666
RF,2,1,0,0.4263333333333334
RF,2,0,0,0.36461111111111105
RF,2,0,0,0.3933333333333333
RF,2,0,0,0.16
RF,2,0,0,0.18333333333333332
RF,2,0,0,0.09666666666666666
RF,2,1,0,0.35888888888888887
RF,2,1,0,0.32
RF,2,0,0,0.21333333333333335
RF,2,1,0,0.13
RF,2,0,0,0.49333333333333335
RF,2,0,0,0.15666666666666668
RF,2,0,0,0.03666666666666667
RF,2,0,0,0.12
RF,2,0,0,0.31
RF,2,0,0,0.37666666666666665
RF,2,0,0,0.2102777777777778
RF,2,1,0,0.44
RF,2,0,0,0.4533333333333333
RF,2,0,0,0.19333333333333333
RF,2,0,0,0.08
RF,2,1,0,0.4854920634920634
RF,2,1,1,0.6266666666666667
RF,2,0,0,0.06444444444444446
RF,2,0,0,0.49666666666666665
RF,2,0,0,0.07222222222222222
RF,2,0,0,0.26
RF,2,0,0,0.26
RF,2,0,0,0.1
RF,2,0,0,0.162
RF,2,0,0,0.13
RF,2,1,1,0.6733333333333333
RF,2,0,1,0.8033333333333333
RF,2,0,0,0.23666666666666666
RF,2,0,0,0.043333333333333335
RF,2,0,0,0.03333333333333333
RF,2,1,0,0.45666666666666667
RF,2,0,0,0.02666666666666667
RF,2,1,0,0.2827777777777778
RF,2,1,0,0.23
RF,2,0,0,0.24666666666666667
RF,2,1,0,0.26666666666666666
RF,2,0,1,0.5166666666666667
RF,2,1,1,0.8366666666666667
RF,2,0,0,0.2511111111111111
RF,2,1,1,0.9841666666666666
RF,2,0,0,0.30666666666666664
RF,2,0,0,0.056666666666666664
RF,2,0,1,0.58
RF,2,0,0,0.28
RF,2,0,0,0.44666666666666666
RF,2,0,0,0.35333333333333333
RF,2,0,0,0.32
RF,2,0,1,0.5666666666666667
RF,2,0,0,0.21
RF,2,1,0,0.46
RF,2,0,0,0.22166666666666668
RF,2,0,0,0.08833333333333333
RF,2,0,0,0.36
RF,2,0,0,0.12666666666666668
RF,2,0,0,0.31333333333333335
RF,2,0,0,0.47333333333333333
RF,2,0,0,0.07
RF,2,0,0,0.09
RF,2,0,0,0.4666666666666667
RF,2,1,1,0.5566666666666666
RF,2,0,1,0.6633333333333333
RF,2,1,1,0.6466666666666666
RF,2,0,0,0.26
RF,2,0,0,0.11666666666666667
RF,2,1,0,0.18333333333333332
RF,2,0,0,0.09666666666666666
RF,2,0,0,0.27
RF,2,0,0,0.31666666666666665
RF,2,0,0,0.36
RF,2,0,0,0.15333333333333332
RF,2,0,0,0.11166666666666666
RF,2,0,0,0.1782222222222222
RF,2,0,0,0.12333333333333334
RF,2,0,0,0.17333333333333334
RF,2,0,0,0.35
RF,2,0,0,0.32
RF,2,0,0,0.26
RF,2,0,0,0.22666666666666666
RF,2,1,0,0.44
RF,2,0,0,0.4633333333333333
RF,2,0,0,0.11666666666666667
RF,2,1,1,0.7766666666666666
RF,2,0,0,0.15666666666666668
RF,2,0,0,0.016666666666666666
RF,2,0,0,0.28
RF,2,0,1,0.8833333333333333
RF,2,0,0,0.07
RF,2,0,0,0.05
RF,2,0,0,0.09333333333333334
RF,2,0,0,0.38333333333333336
RF,2,0,1,0.7833333333333333
RF,2,0,0,0.12666666666666668
RF,2,0,0,0.28
RF,2,1,0,0.3566666666666667
RF,2,0,0,0.09666666666666666
RF,2,1,0,0.13666666666666666
RF,2,0,0,0.14511111111111114
RF,2,0,1,0.61
RF,2,0,0,0.43
RF,2,1,0,0.18
RF,2,0,1,0.51
RF,2,0,0,0.22333333333333333
RF,2,0,1,0.8166666666666667
RF,2,0,0,0.27666666666666667
RF,2,0,0,0.10333333333333333
RF,2,0,0,0.26
RF,2,0,0,0.09583333333333334
RF,2,1,0,0.4033333333333333
RF,2,0,0,0.19
RF,2,0,1,0.63
RF,2,0,0,0.18666666666666668
RF,2,0,0,0.03777777777777777
RF,2,0,0,0.08
RF,2,0,0,0.08333333333333333
RF,2,0,0,0.27111111111111114
RF,2,1,0,0.31
RF,2,0,0,0.20666666666666667
RF,2,0,0,0.22666666666666666
RF,2,0,0,0.39666666666666667
RF,2,0,0,0.4066666666666667
RF,2,0,1,0.65
RF,2,1,1,0.56
RF,2,0,0,0.1
RF,2,0,0,0.22
RF,2,0,0,0.23666666666666666
RF,2,0,0,0.4033333333333333
RF,2,0,0,0.4166666666666667
RF,2,0,0,0.085
RF,2,0,0,0.46
RF,2,0,0,0.016666666666666666
RF,2,0,0,0.05333333333333334
RF,2,0,0,0.11333333333333333
RF,2,0,0,0.19
RF,2,0,0,0.43
RF,2,0,1,0.5966666666666667
RF,2,1,0,0.16
RF,2,0,0,0.26666666666666666
RF,2,0,0,0.07166666666666667
RF,2,0,0,0.12
RF,2,0,0,0.24666666666666667
RF,2,0,0,0.21333333333333335
RF,2,0,0,0.2866666666666667
RF,2,0,0,0.33
RF,2,1,0,0.24666666666666667
RF,2,1,0,0.14
RF,2,0,0,0.09666666666666666
RF,2,0,1,0.96
RF,2,1,1,0.56
RF,2,0,0,0.25333333333333335
RF,2,1,0,0.2733333333333333
RF,2,0,1,0.6666666666666666
RF,2,0,0,0.12333333333333334
RF,2,1,0,0.12333333333333334
RF,2,0,0,0.24666666666666667
RF,2,0,0,0.18333333333333332
RF,2,1,0,0.23666666666666666
RF,2,0,0,0.13
RF,2,1,1,0.7133333333333334
RF,2,0,0,0.27666666666666667
RF,2,1,0,0.023333333333333334
RF,2,0,0,0.15666666666666668
RF,2,1,1,0.7713888888888889
RF,2,1,1,0.5233333333333333
RF,2,0,0,0.14333333333333334
RF,2,1,0,0.39666666666666667
RF,2,0,0,0.20666666666666667
RF,2,1,0,0.42333333333333334
RF,2,0,0,0.36666666666666664
RF,2,0,0,0.06333333333333334
RF,2,0,0,0.09666666666666666
RF,2,0,0,0.043333333333333335
RF,2,0,0,0.03333333333333333
RF,2,1,1,0.58
RF,2,1,1,0.93
RF,2,0,0,0.4533333333333333
RF,2,0,0,0.24
RF,2,0,0,0.16
RF,2,0,0,0.35333333333333333
RF,2,0,0,0.16666666666666666
RF,2,0,0,0.3663888888888889
RF,2,1,0,0.25
RF,2,1,0,0.18666666666666668
RF,2,1,1,0.72
RF,2,0,0,0.33
RF,2,0,0,0.21888888888888886
RF,2,1,0,0.2616666666666666
RF,2,0,0,0.22666666666666666
RF,2,0,0,0.22666666666666666
RF,2,0,0,0.3466666666666667
RF,2,0,0,0.14333333333333334
RF,2,0,0,0.22333333333333333
RF,2,0,0,0.23666666666666666
RF,2,1,1,0.7533333333333333
RF,2,0,0,0.05
RF,2,1,1,0.5333333333333333
RF,2,0,0,0.056666666666666664
RF,2,0,0,0.13
RF,2,0,0,0.28
RF,2,0,0,0.38
RF,2,0,1,0.7433333333333333
RF,2,0,0,0.4633333333333333
RF,2,0,0,0.12
RF,2,0,0,0.16166666666666665
RF,2,0,0,0.33666666666666667
RF,2,0,0,0.02
RF,2,0,0,0.47
RF,2,0,0,0.2611111111111111
RF,2,1,0,0.26
RF,2,1,1,0.7333333333333333
RF,2,0,0,0.33755555555555555
RF,2,0,0,0.43666666666666665
RF,2,1,0,0.21333333333333335
RF,2,0,0,0.15666666666666668
RF,2,1,1,0.5633333333333334
RF,2,0,0,0.02
RF,2,1,1,0.7206666666666667
RF,2,0,0,0.023333333333333334
RF,2,0,0,0.48
RF,2,0,0,0.09333333333333334
RF,2,1,1,0.7
RF,2,0,0,0.30333333333333334
RF,2,0,0,0.38
RF,2,0,0,0.39
RF,2,0,1,0.8166666666666667
RF,2,0,0,0.44333333333333336
RF,2,0,0,0.09666666666666666
RF,2,0,0,0.19
RF,2,0,0,0.13333333333333333
RF,2,0,0,0.42
RF,2,1,0,0.32666666666666666
RF,2,0,0,0.10166666666666667
RF,2,1,0,0.42
RF,2,1,1,0.53
RF,2,1,0,0.38666666666666666
RF,2,0,0,0.3466666666666667
RF,2,1,0,0.2
RF,2,0,0,0.22
RF,2,0,1,0.5166666666666667
RF,2,1,0,0.37333333333333335
RF,2,0,0,0.38
RF,2,0,0,0.24
RF,2,0,0,0.22
RF,2,0,0,0.4533333333333333
RF,2,0,0,0.2633333333333333
RF,2,0,1,0.6633333333333333
RF,2,0,0,0.23727777777777778
RF,2,0,0,0.3333333333333333
RF,2,1,0,0.4
RF,2,0,1,0.6933333333333334
RF,2,1,0,0.43666666666666665
RF,2,0,0,0.14333333333333334
RF,2,0,0,0.015
RF,2,0,0,0.32666666666666666
RF,2,0,1,0.5933333333333334
RF,2,0,0,0.35
RF,2,1,0,0.33666666666666667
RF,2,0,0,0.21083333333333334
RF,2,1,0,0.49666666666666665
RF,2,0,0,0.315
RF,2,0,0,0.10666666666666667
RF,2,0,0,0.44822222222222213
RF,2,0,0,0.3466666666666667
RF,2,0,1,0.7208888888888888
RF,2,0,0,0.353
RF,2,0,0,0.25333333333333335
RF,2,0,0,0.11666666666666667
RF,2,0,0,0.38666666666666666
RF,2,0,0,0.3466666666666667
RF,2,0,0,0.2
RF,2,0,0,0.016666666666666666
RF,2,0,0,0.19
RF,2,0,0,0.41
RF,2,0,0,0.11
RF,2,0,0,0.29333333333333333
RF,2,0,0,0.06666666666666667
RF,2,0,0,0.07
RF,2,0,0,0.16
RF,2,0,0,0.056666666666666664
RF,2,0,0,0.27
RF,2,1,0,0.49333333333333335
RF,2,0,1,0.5833333333333334
RF,2,0,0,0.26666666666666666
RF,2,0,0,0.4766666666666667
RF,2,0,0,0.1711111111111111
RF,2,0,0,0.43
RF,2,0,1,0.64
RF,2,0,0,0.17333333333333334
RF,2,1,0,0.32666666666666666
RF,2,0,1,0.9841666666666666
RF,2,0,0,0.03333333333333333
RF,2,0,0,0.16666666666666666
RF,2,0,0,0.22333333333333333
RF,2,1,0,0.33
RF,2,1,0,0.17666666666666667
RF,2,0,0,0.31666666666666665
RF,2,1,1,0.5966666666666667
RF,2,0,0,0.38
RF,2,0,0,0.3233333333333333
RF,2,1,0,0.42333333333333334
RF,2,0,0,0.025
RF,2,0,0,0.26355555555555554
RF,2,1,0,0.14333333333333334
RF,2,0,0,0.09333333333333334
RF,2,1,0,0.48
RF,2,0,1,0.58
RF,2,0,1,0.63
RF,2,0,0,0.4633333333333333
RF,2,0,0,0.16333333333333333
RF,2,0,0,0.12333333333333334
RF,2,0,0,0.31666666666666665
RF,2,1,0,0.48
RF,2,0,0,0.23333333333333334
RF,2,1,1,0.67
RF,2,1,0,0.23333333333333334
RF,2,0,0,0.33666666666666667
RF,2,0,0,0.013888888888888886
RF,2,0,0,0.15027777777777776
RF,2,0,0,0.25666666666666665
RF,2,0,0,0.27666666666666667
RF,2,0,0,0.39666666666666667
RF,2,0,1,0.62
RF,2,0,0,0.09333333333333334
RF,2,0,1,0.5166666666666667
RF,2,0,0,0.2
RF,2,0,0,0.4866666666666667
RF,2,0,0,0.18666666666666668
RF,2,0,0,0.4166666666666667
RF,2,0,0,0.23333333333333334
RF,2,0,0,0.4
RF,2,0,1,0.6166666666666667
RF,2,0,0,0.043333333333333335
RF,2,0,0,0.013333333333333334
RF,2,0,0,0.2538888888888889
RF,2,0,0,0.07
RF,2,1,1,0.53
RF,2,0,0,0.30833333333333335
RF,2,1,0,0.25
RF,2,0,0,0.12333333333333334
RF,2,0,1,0.7533333333333333
RF,2,0,0,0.04666666666666667
RF,2,0,0,0.3433333333333333
RF,2,0,0,0.22166666666666668
RF,2,0,0,0.15
RF,2,0,0,0.3233333333333333
RF,2,0,0,0.056666666666666664
RF,2,1,0,0.03333333333333333
RF,2,1,0,0.46638888888888885
RF,2,1,0,0.21666666666666667
RF,2,1,1,0.53
RF,2,0,0,0.20666666666666664
RF,2,1,1,0.5366666666666666
RF,2,0,0,0.27666666666666667
RF,2,0,0,0.05
RF,2,0,1,0.5733333333333334
RF,2,1,1,0.7
RF,2,0,0,0.3298888888888889
RF,2,1,0,0.38333333333333336
RF,2,0,1,0.7133333333333334
RF,2,0,0,0.18333333333333332
RF,2,0,0,0.25333333333333335
RF,2,0,0,0.4
RF,2,1,1,0.6733333333333333
RF,2,0,0,0.29833333333333334
RF,2,1,1,0.5233333333333333
RF,2,0,0,0.2733333333333333
RF,2,0,0,0.08666666666666667
RF,2,0,0,0.13666666666666666
RF,2,0,0,0.20666666666666667
RF,2,0,0,0.2833333333333333
RF,2,0,1,0.6166666666666667
RF,2,0,0,0.03
RF,2,0,1,0.8327777777777777
RF,2,1,1,0.8733333333333333
RF,2,1,0,0.13694444444444445
RF,2,0,0,0.13666666666666666
RF,2,0,0,0.15333333333333332
RF,2,1,0,0.41333333333333333
RF,2,0,0,0.11277777777777778
RF,2,1,0,0.3566666666666667
RF,2,0,0,0.3658888888888888
RF,2,0,1,0.5266666666666666
RF,2,0,0,0.15
RF,2,0,0,0.29
RF,2,1,1,0.6866666666666666
RF,2,0,0,0.2
RF,2,0,0,0.26666666666666666
RF,2,0,0,0.11333333333333333
RF,2,0,0,0.25055555555555553
RF,2,0,0,0.114
RF,2,0,0,0.37333333333333335
RF,2,0,0,0.10666666666666667
RF,2,0,0,0.28
RF,2,0,0,0.15666666666666668
RF,2,0,0,0.33
RF,2,0,0,0.27
RF,2,0,0,0.056666666666666664
RF,2,0,0,0.11333333333333333
RF,2,0,1,0.6
RF,2,0,0,0.4954444444444445
RF,2,1,0,0.17
RF,2,0,0,0.4533333333333333
RF,2,0,0,0.05333333333333334
RF,2,0,1,0.5566666666666666
RF,2,0,0,0.38333333333333336
RF,2,0,0,0.2633333333333333
RF,2,0,0,0.20666666666666667
RF,2,0,0,0.3566666666666667
RF,2,0,0,0.33105555555555555
RF,2,1,0,0.4766666666666667
RF,2,0,0,0.25666666666666665
RF,2,0,1,0.5033333333333333
RF,2,0,0,0.27666666666666667
RF,2,0,0,0.24
RF,2,0,0,0.23
RF,2,0,0,0.36666666666666664
RF,2,0,0,0.31333333333333335
RF,2,1,0,0.26
RF,2,0,0,0.22333333333333333
RF,2,0,0,0.11333333333333333
RF,2,1,1,0.64
RF,2,0,0,0.17333333333333334
RF,2,0,0,0.03666666666666667
RF,2,0,0,0.23666666666666666
RF,2,0,1,0.5133333333333333
RF,2,1,0,0.44
RF,2,0,0,0.11
RF,2,0,0,0.30333333333333334
RF,2,0,0,0.47
RF,2,0,0,0.07333333333333333
RF,2,0,0,0.43333333333333335
RF,2,1,0,0.21666666666666667
RF,2,0,0,0.05
RF,2,0,0,0.05
RF,2,0,0,0.24666666666666667
RF,2,0,0,0.07333333333333333
RF,2,1,0,0.1952222222222222
RF,2,0,0,0.07844444444444444
RF,2,0,0,0.18333333333333332
RF,2,0,0,0.15666666666666668
RF,2,0,0,0.03333333333333333
RF,2,1,0,0.24
RF,2,0,0,0.3933333333333333
RF,2,0,0,0.16666666666666666
RF,2,0,0,0.12666666666666668
RF,2,0,0,0.29333333333333333
RF,2,0,0,0.37333333333333335
RF,2,0,0,0.2866666666666667
RF,2,0,0,0.32
RF,2,0,0,0.0695
RF,2,0,0,0.19666666666666666
RF,2,0,0,0.4166666666666667
RF,2,1,0,0.09333333333333334
RF,2,0,0,0.47
RF,2,0,0,0.16
RF,2,0,0,0.16
RF,2,0,0,0.16333333333333333
RF,2,1,1,0.59
RF,2,0,0,0.3333333333333333
RF,2,0,0,0.08
RF,2,0,0,0.42333333333333334
RF,2,0,0,0.17666666666666667
RF,2,0,0,0.27
RF,2,0,0,0.02666666666666667
RF,2,0,0,0.2
RF,2,1,0,0.01
RF,2,0,1,0.6566666666666666
RF,2,1,0,0.4655555555555556
RF,2,0,0,0.13555555555555557
RF,2,0,1,0.7733333333333333
RF,2,1,0,0.4266666666666667
RF,2,0,0,0.13
RF,2,0,0,0.24
RF,2,1,0,0.07333333333333333
RF,2,0,0,0.24333333333333335
RF,2,0,0,0.19333333333333333
RF,2,0,0,0.20666666666666667
RF,2,0,0,0.3933333333333333
RF,2,1,0,0.47
RF,2,0,0,0.09166666666666666
RF,2,1,1,0.8133333333333334
RF,2,0,0,0.18
RF,2,0,0,0.31333333333333335
RF,2,0,1,0.7733333333333333
RF,2,1,0,0.48333333333333334
RF,2,1,0,0.25833333333333336
RF,2,0,0,0.38
RF,2,0,1,0.64
RF,2,0,1,0.5733333333333334
RF,2,0,0,0.14
RF,2,1,0,0.28
RF,2,0,0,0.04666666666666667
RF,2,0,0,0.06
RF,2,1,0,0.39666666666666667
RF,2,0,0,0.3778571428571429
RF,2,0,0,0.19
RF,2,0,0,0.30777777777777776
RF,2,1,0,0.16
RF,2,1,1,0.6233333333333333
RF,2,0,0,0.41
RF,2,0,1,0.77
RF,2,0,0,0.14277777777777775
RF,2,1,1,0.7666666666666667
RF,2,0,0,0.3988888888888889
RF,2,0,0,0.4633333333333333
RF,2,0,0,0.22333333333333333
RF,2,0,0,0.18666666666666668
RF,2,1,0,0.24333333333333335
RF,2,1,0,0.45666666666666667
RF,2,0,0,0.2821111111111111
RF,2,0,0,0.06666666666666667
RF,2,0,0,0.30666666666666664
RF,2,0,0,0.13666666666666666
RF,2,0,0,0.15611111111111112
RF,2,1,1,0.53
RF,2,0,0,0.31666666666666665
RF,2,1,0,0.22
RF,2,1,0,0.41
RF,2,1,0,0.11333333333333333
RF,2,0,1,0.7866666666666666
RF,2,0,0,0.29833333333333334
RF,2,0,0,0.13333333333333333
RF,2,0,0,0.27
RF,2,1,0,0.03333333333333333
RF,2,1,0,0.15996031746031747
RF,2,1,1,0.5333333333333333
RF,2,0,0,0.2895
RF,2,0,0,0.25666666666666665
RF,2,0,0,0.23
RF,2,1,1,0.5366666666666666
RF,2,0,0,0.17666666666666667
RF,2,0,0,0.14666666666666667
RF,2,0,0,0.15333333333333332
RF,2,1,0,0.16666666666666666
RF,2,0,0,0.23333333333333334
RF,2,0,0,0.17333333333333334
RF,2,1,1,0.8033333333333333
RF,2,0,0,0.21666666666666667
RF,2,0,0,0.2833333333333333
RF,2,0,0,0.06777777777777777
RF,2,0,0,0.31016666666666654
RF,2,0,0,0.29
RF,2,0,0,0.04666666666666667
RF,2,0,0,0.19
RF,2,0,0,0.25333333333333335
RF,2,0,0,0.20444444444444446
RF,2,0,0,0.27
RF,2,0,0,0.27666666666666667
RF,2,0,0,0.23833333333333334
RF,2,0,0,0.24666666666666667
RF,2,0,0,0.07666666666666666
RF,2,0,0,0.12333333333333334
RF,2,0,0,0.33666666666666667
RF,2,0,0,0.15333333333333332
RF,2,0,1,0.8666666666666667
RF,2,1,1,0.6266666666666667
RF,2,0,0,0.08666666666666667
RF,2,0,0,0.3
RF,2,0,0,0.10722222222222223
RF,2,0,1,0.6166666666666667
RF,2,0,0,0.16666666666666666
RF,2,0,0,0.19333333333333333
RF,2,0,0,0.29
RF,2,0,0,0.14
RF,2,1,0,0.06
RF,2,0,0,0.08261111111111111
RF,2,0,0,0.15333333333333332
RF,2,0,0,0.28
RF,2,0,0,0.13
RF,2,0,0,0.44333333333333336
RF,2,0,0,0.37416666666666665
RF,2,0,0,0.14355555555555555
RF,2,0,0,0.03333333333333333
RF,2,1,0,0.39666666666666667
RF,2,1,0,0.37333333333333335
RF,2,0,0,0.2980555555555556
RF,2,0,0,0.11
RF,2,0,0,0.14
RF,2,0,0,0.05
RF,2,0,0,0.08333333333333333
RF,2,0,0,0.17666666666666667
RF,2,0,0,0.46
RF,2,0,0,0.18
RF,2,0,0,0.09
RF,2,0,0,0.18333333333333332
RF,2,0,0,0.36666666666666664
RF,2,1,1,0.7166666666666667
RF,2,1,0,0.22333333333333333
RF,2,0,0,0.24
RF,2,0,1,0.6466666666666666
RF,2,1,1,0.8133333333333334
RF,2,1,0,0.48
RF,2,1,1,0.8766666666666667
RF,2,1,0,0.12333333333333334
RF,2,0,0,0.19333333333333333
RF,2,1,0,0.11311111111111112
RF,2,1,0,0.44
RF,2,0,0,0.24
RF,2,0,0,0.25666666666666665
RF,2,0,0,0.27666666666666667
RF,2,0,0,0.3933333333333333
RF,2,0,1,0.58
RF,2,0,0,0.12
RF,2,1,0,0.32
RF,2,0,0,0.05
RF,2,0,0,0.056666666666666664
RF,2,0,0,0.29
RF,2,1,0,0.11666666666666667
RF,2,0,0,0.06333333333333334
RF,2,0,0,0.1
RF,2,1,0,0.34
RF,2,0,0,0.24833333333333332
RF,2,1,0,0.35
RF,2,0,0,0.2945833333333333
RF,2,1,1,0.6966666666666667
RF,2,0,0,0.38333333333333336
RF,2,0,0,0.13
RF,2,0,0,0.05111111111111111
RF,2,0,0,0.16916666666666666
RF,2,1,1,0.7766666666666666
RF,2,0,0,0.20666666666666667
RF,2,0,0,0.36333333333333334
RF,2,0,0,0.3158888888888889
RF,2,0,0,0.14666666666666667
RF,2,1,0,0.33666666666666667
RF,2,0,0,0.03833333333333333
RF,2,0,0,0.09333333333333334
RF,2,0,1,0.71
RF,2,0,0,0.023333333333333334
RF,2,0,0,0.21333333333333335
RF,2,0,0,0.17055555555555554
RF,2,0,0,0.24
RF,2,1,0,0.054722222222222214
RF,2,0,0,0.14
RF,2,0,0,0.32666666666666666
RF,2,0,0,0.09666666666666666
RF,2,0,0,0.07338888888888889
RF,2,0,0,0.30666666666666664
RF,2,0,0,0.2088888888888889
RF,2,0,0,0.2916666666666667
RF,2,0,0,0.2
RF,2,0,1,0.5333333333333333
RF,2,1,0,0.3433333333333333
RF,2,0,0,0.09533333333333334
RF,2,0,1,0.9366666666666666
RF,2,0,0,0.13
RF,2,1,0,0.35333333333333333
RF,2,1,1,0.6933333333333334
RF,2,0,0,0.3433333333333333
RF,2,0,0,0.3627222222222221
RF,2,0,0,0.24722222222222223
RF,2,0,0,0.06
RF,2,0,0,0.05
RF,2,0,0,0.04666666666666667
RF,2,1,1,0.55
RF,2,0,0,0.14333333333333334
RF,2,1,0,0.43333333333333335
RF,2,0,0,0.33666666666666667
RF,2,0,0,0.03
RF,2,0,0,0.27666666666666667
RF,2,1,1,0.85
RF,2,0,1,0.91
RF,2,0,0,0.11322222222222222
RF,2,0,0,0.46
RF,2,0,0,0.18666666666666668
RF,2,0,0,0.15
RF,2,0,0,0.15666666666666668
RF,2,0,0,0.4033333333333333
RF,2,0,0,0.2633333333333333
RF,2,0,1,0.69
RF,2,0,0,0.20666666666666667
RF,2,1,0,0.26666666666666666
RF,2,1,0,0.09666666666666666
RF,2,0,1,0.6333333333333333
RF,2,0,0,0.105
RF,2,1,0,0.21588888888888882
RF,2,1,0,0.44333333333333336
RF,2,0,0,0.15333333333333332
RF,2,1,0,0.04
RF,2,0,0,0.35333333333333333
RF,2,0,0,0.25333333333333335
RF,2,0,0,0.03333333333333333
RF,2,0,0,0.08333333333333333
RF,2,1,0,0.15666666666666668
RF,2,0,1,0.604793650793651
RF,2,0,1,0.51
RF,2,0,0,0.25666666666666665
RF,2,0,0,0.19
RF,2,0,0,0.38333333333333336
RF,2,1,1,0.76
RF,2,0,0,0.055555555555555546
RF,2,0,0,0.14333333333333334
RF,2,0,1,0.51
RF,2,0,0,0.16
RF,2,0,0,0.15
RF,2,0,1,0.5366666666666666
RF,2,1,0,0.48333333333333334
RF,2,0,1,0.5910000000000001
RF,2,0,1,0.69
RF,2,0,0,0.39
RF,2,1,1,0.8666666666666667
RF,2,1,0,0.22199999999999998
RF,2,0,0,0.16333333333333333
RF,2,0,0,0.3466666666666667
RF,2,1,0,0.23666666666666666
RF,2,0,0,0.13
RF,2,0,0,0.32449999999999996
RF,2,0,0,0.26944444444444443
RF,2,0,0,0.22666666666666666
RF,2,0,0,0.4046666666666666
RF,2,0,0,0.05
RF,2,0,0,0.44
RF,2,0,0,0.21666666666666667
RF,2,0,0,0.3233333333333333
RF,2,0,0,0.31333333333333335
RF,2,0,0,0.25
RF,2,0,1,0.6266666666666667
RF,2,1,0,0.23666666666666666
RF,2,0,0,0.15333333333333332
RF,2,0,0,0.4533333333333333
RF,2,1,0,0.3933333333333333
RF,2,0,0,0.41
RF,2,0,0,0.44
RF,2,0,0,0.12
RF,2,0,1,0.9166666666666666
RF,2,1,0,0.27955555555555556
RF,2,1,1,0.7533333333333333
RF,2,0,0,0.37
RF,2,0,0,0.19111111111111112
RF,2,0,0,0.12333333333333334
RF,2,0,0,0.45666666666666667
RF,2,1,0,0.24666666666666667
RF,2,1,0,0.45
RF,2,0,0,0.21244444444444446
RF,2,1,0,0.4066666666666667
RF,2,0,0,0.05
RF,2,0,1,0.6866666666666666
RF,2,0,0,0.22
RF,2,0,0,0.0033333333333333335
RF,2,0,1,0.73
RF,2,0,0,0.23333333333333334
RF,2,1,1,0.5755555555555556
RF,2,0,0,0.46
RF,2,0,0,0.22666666666666666
RF,2,0,1,0.6366666666666667
RF,2,0,0,0.27
RF,2,0,1,0.73
RF,2,0,0,0.21333333333333335
RF,2,0,0,0.04666666666666667
RF,2,1,1,0.8566666666666667
RF,2,0,0,0.27666666666666667
RF,2,0,0,0.24
RF,2,0,0,0.24444444444444446
RF,2,1,0,0.2833333333333333
RF,2,0,0,0.054722222222222214
RF,2,0,0,0.22666666666666666
RF,2,0,0,0.09
RF,2,0,0,0.27
RF,2,0,0,0.45666666666666667
RF,2,0,0,0.21333333333333335
RF,2,0,0,0.02
RF,2,0,0,0.33
RF,2,0,0,0.04
RF,2,0,0,0.46
RF,2,0,1,0.58
RF,2,0,0,0.44666666666666666
RF,2,1,0,0.4666666666666667
RF,2,1,0,0.42
RF,2,0,0,0.16416666666666666
RF,2,0,0,0.14666666666666667
RF,2,0,0,0.09
RF,2,0,0,0.47
RF,2,0,0,0.21
RF,2,1,0,0.45666666666666667
RF,2,0,0,0.33
RF,2,0,0,0.37
RF,2,0,1,0.6366666666666667
RF,2,0,1,0.9133333333333333
RF,2,0,0,0.18266666666666664
RF,2,0,0,0.21333333333333335
RF,2,0,0,0.016666666666666666
RF,2,0,0,0.4033333333333333
RF,2,0,0,0.38333333333333336
RF,2,0,0,0.08666666666666667
RF,2,0,0,0.17333333333333334
RF,2,0,0,0.492
RF,2,0,0,0.07666666666666666
RF,2,0,0,0.24666666666666667
RF,2,0,0,0.42333333333333334
RF,2,0,0,0.10666666666666667
RF,2,0,1,0.5933333333333334
RF,2,0,0,0.49666666666666665
RF,2,0,0,0.19333333333333333
RF,2,0,0,0.19
RF,2,1,1,0.7833333333333333
RF,2,0,0,0.03666666666666667
RF,2,0,0,0.12
RF,2,1,0,0.3333333333333333
RF,2,0,0,0.35
RF,2,0,0,0.06333333333333334
RF,2,0,0,0.31
RF,2,0,0,0.08133333333333333
RF,2,0,0,0.32666666666666666
RF,2,0,0,0.3933333333333333
RF,2,0,0,0.24666666666666667
RF,2,0,0,0.4633333333333333
RF,2,0,0,0.20083333333333334
RF,2,0,0,0.11333333333333333
RF,2,0,0,0.16
RF,2,0,0,0.11
RF,2,0,1,0.5966666666666667
RF,2,0,0,0.043333333333333335
RF,2,0,0,0.15333333333333332
RF,2,0,0,0.033388888888888885
RF,2,1,1,0.5766666666666667
RF,2,1,1,0.5466666666666666
RF,2,0,0,0.38
RF,2,1,1,0.7566666666666667
RF,2,0,1,0.5266666666666666
RF,2,0,0,0.21833333333333332
RF,2,0,0,0.3416666666666667
RF,2,1,0,0.4766666666666667
RF,2,0,0,0.23
RF,2,0,0,0.28
RF,2,0,0,0.05388888888888888
RF,2,0,0,0.1
RF,2,0,1,0.7533333333333333
RF,2,0,0,0.21333333333333335
RF,2,0,0,0.12
RF,2,0,1,0.7266666666666667
RF,2,0,0,0.06
RF,2,1,0,0.24333333333333335
RF,2,0,0,0.06666666666666667
RF,2,0,1,0.75
RF,2,0,0,0.056666666666666664
RF,2,0,0,0.2866666666666667
RF,2,0,1,0.5233333333333333
RF,2,1,0,0.44666666666666666
RF,2,1,1,0.5966666666666667
RF,2,0,0,0.12
RF,2,1,1,0.9066666666666666
RF,2,0,1,0.53
RF,2,1,0,0.03333333333333333
RF,2,0,0,0.15333333333333332
RF,2,1,1,0.8033333333333333
RF,2,0,0,0.30333333333333334
RF,2,0,0,0.25855555555555554
RF,2,0,0,0.19666666666666666
RF,2,1,1,0.7033333333333334
RF,2,0,0,0.3933333333333333
RF,2,0,0,0.2833333333333333
RF,2,1,0,0.22333333333333333
RF,2,0,0,0.09555555555555556
RF,2,0,0,0.14
RF,2,0,0,0.14666666666666667
RF,2,0,0,0.24333333333333335
RF,2,0,0,0.19944444444444445
RF,2,0,1,0.5166666666666667
RF,2,0,0,0.1
RF,2,0,0,0.27666666666666667
RF,2,0,0,0.06333333333333334
RF,2,0,1,0.5633333333333334
RF,2,0,0,0.23666666666666666
RF,2,1,1,0.6
RF,2,0,0,0.3233333333333333
RF,2,0,0,0.25
RF,2,0,0,0.39
RF,2,0,0,0.2633333333333333
RF,2,1,1,0.7633333333333333
RF,2,0,0,0.11
RF,2,1,0,0.04666666666666667
RF,2,0,0,0.12333333333333334
RF,2,1,0,0.39666666666666667
RF,2,0,0,0.19
RF,2,1,0,0.4166666666666667
RF,2,0,0,0.3433333333333333
RF,2,0,0,0.08
RF,2,0,0,0.18666666666666668
RF,2,0,0,0.2067222222222222
RF,2,0,0,0.24333333333333335
RF,2,1,0,0.29
RF,2,0,0,0.2633333333333333
RF,2,0,0,0.1927777777777778
RF,2,0,1,0.64
RF,2,0,0,0.2960555555555555
RF,2,0,0,0.06555555555555555
RF,2,0,0,0.21333333333333335
RF,2,0,0,0.03666666666666667
RF,2,0,0,0.09
RF,2,0,0,0.21
RF,2,0,0,0.35
RF,2,0,0,0.034166666666666665
RF,2,0,0,0.25666666666666665
RF,2,1,0,0.36666666666666664
RF,2,0,0,0.32
RF,2,0,0,0.13388888888888892
RF,2,0,0,0.2833333333333333
RF,2,0,0,0.32066666666666666
RF,2,0,0,0.33
RF,2,0,0,0.22666666666666666
RF,2,0,0,0.38
RF,2,0,0,0.21
RF,2,0,0,0.03666666666666667
RF,2,1,0,0.4766666666666667
RF,2,0,0,0.14
RF,2,0,0,0.16666666666666666
RF,2,0,0,0.12
RF,2,0,0,0.33
RF,2,1,1,0.5433333333333333
RF,2,1,0,0.24333333333333335
RF,2,0,0,0.10333333333333333
RF,2,0,1,0.7029047619047619
RF,2,0,0,0.2966666666666667
RF,2,1,0,0.3433333333333333
RF,2,0,0,0.14
RF,2,1,0,0.08083333333333333
RF,2,0,0,0.28
RF,2,1,0,0.23333333333333334
RF,2,0,0,0.22333333333333333
RF,2,0,0,0.056666666666666664
RF,2,0,0,0.22
RF,2,0,0,0.08666666666666667
RF,2,0,0,0.13
RF,2,0,0,0.44666666666666666
RF,2,0,0,0.10333333333333333
RF,2,1,1,0.8866666666666667
RF,2,0,0,0.17333333333333334
RF,2,0,0,0.20472222222222222
RF,2,0,0,0.42333333333333334
RF,2,0,0,0.14333333333333334
RF,2,0,0,0.3433333333333333
RF,2,0,0,0.36
RF,2,1,0,0.09
RF,2,0,0,0.31333333333333335
RF,2,0,0,0.03666666666666667
RF,2,0,1,0.61
RF,2,0,0,0.1525
RF,2,0,0,0.26
RF,2,0,0,0.03
RF,2,0,0,0.19333333333333333
RF,2,0,0,0.3333333333333333
RF,2,1,0,0.19033333333333333
RF,2,0,0,0.05333333333333334
RF,2,0,0,0.17666666666666667
RF,2,1,0,0.008333333333333333
RF,2,0,0,0.33666666666666667
RF,2,0,0,0.18333333333333332
RF,2,0,0,0.4266666666666667
RF,2,0,0,0.27
RF,2,0,0,0.16666666666666666
RF,2,0,0,0.27
RF,2,0,0,0.1988888888888889
RF,2,1,0,0.013333333333333334
RF,2,0,0,0.09333333333333334
RF,2,1,0,0.38666666666666666
RF,2,1,0,0.043333333333333335
RF,2,0,0,0.19
RF,2,0,0,0.20333333333333334
RF,2,0,1,0.67
RF,2,0,0,0.33666666666666667
RF,2,0,0,0.04111111111111111
RF,2,1,1,0.5255555555555556
RF,2,0,0,0.056666666666666664
RF,2,1,0,0.25
RF,2,0,0,0.09677777777777777
RF,2,1,0,0.21666666666666667
RF,2,1,0,0.42333333333333334
RF,2,0,0,0.21
RF,2,1,1,0.8
RF,2,0,0,0.19333333333333333
RF,2,0,0,0.32666666666666666
RF,2,0,0,0.12
RF,2,1,1,0.59
RF,2,0,1,0.7333333333333333
RF,2,0,0,0.19666666666666666
RF,2,0,0,0.4270555555555556
RF,2,1,1,0.6766666666666666
RF,2,1,1,0.74
RF,2,0,0,0.15333333333333332
RF,2,0,0,0.18
RF,2,1,0,0.39
RF,2,0,0,0.17666666666666667
RF,2,1,0,0.03333333333333333
RF,2,0,0,0.04
RF,2,1,1,0.8766666666666667
RF,2,0,0,0.04
RF,2,1,0,0.2791666666666667
RF,2,0,0,0.17666666666666667
RF,2,1,1,0.54
RF,2,0,1,0.51
RF,2,1,0,0.132
RF,2,0,0,0.23666666666666666
RF,2,0,0,0.26
RF,2,1,0,0.19
RF,2,0,1,0.6566666666666666
RF,2,0,0,0.11
RF,2,0,0,0.2833333333333333
RF,2,0,0,0.24333333333333335
RF,2,1,1,0.8327777777777777
RF,2,0,0,0.21333333333333335
RF,2,1,0,0.18333333333333332
RF,2,0,0,0.09666666666666666
RF,2,0,1,0.63
RF,2,0,0,0.36
RF,2,0,0,0.3
RF,2,0,0,0.12666666666666668
RF,2,0,0,0.11
RF,2,0,0,0.16
RF,2,0,1,0.56
RF,2,0,0,0.31333333333333335
RF,2,1,0,0.1
RF,2,1,1,0.9733333333333334
RF,2,0,0,0.10666666666666667
RF,2,0,0,0.32666666666666666
RF,2,0,0,0.12333333333333334
RF,2,0,0,0.22666666666666666
RF,2,0,0,0.13
RF,2,1,0,0.41333333333333333
RF,2,1,0,0.4866666666666667
RF,2,0,0,0.2
RF,2,0,0,0.016666666666666666
RF,2,0,0,0.15333333333333332
RF,2,1,0,0.061000000000000006
RF,2,0,1,0.78
RF,2,0,0,0.02
RF,2,1,0,0.28
RF,2,0,0,0.05333333333333334
RF,2,0,0,0.42333333333333334
RF,2,0,0,0.21
RF,2,0,0,0.25333333333333335
RF,2,0,0,0.12
RF,2,0,0,0.36333333333333334
RF,2,1,0,0.013333333333333334
RF,2,0,0,0.3072222222222222
RF,2,0,0,0.25333333333333335
RF,2,0,0,0.14
RF,2,0,0,0.21
RF,2,0,0,0.42
RF,2,0,0,0.28
RF,2,0,0,0.16
RF,2,0,0,0.0825
RF,2,0,0,0.09
RF,2,0,0,0.10666666666666667
RF,2,0,1,0.7966666666666666
RF,2,0,0,0.3333333333333333
RF,2,0,0,0.4
RF,2,0,0,0.28
RF,2,0,0,0.24666666666666667
RF,2,0,0,0.17666666666666667
RF,2,0,0,0.02666666666666667
RF,2,0,0,0.44666666666666666
RF,2,0,0,0.11333333333333333
RF,2,0,0,0.016666666666666666
RF,2,0,0,0.42516666666666675
RF,2,0,1,0.5333333333333333
RF,2,0,0,0.3433333333333333
RF,2,0,0,0.02666666666666667
RF,2,0,1,0.5533333333333333
RF,2,1,1,0.54
RF,2,1,1,0.7733333333333333
RF,2,1,0,0.29
RF,2,0,0,0.08083333333333333
RF,2,0,0,0.19583333333333333
RF,2,1,0,0.07666666666666666
RF,2,0,0,0.013333333333333334
RF,2,0,0,0.04666666666666667
RF,2,1,0,0.07
RF,2,0,0,0.30333333333333334
RF,2,0,0,0.07666666666666666
RF,2,0,0,0.06333333333333334
RF,2,0,0,0.39666666666666667
RF,2,1,1,0.81
RF,2,0,0,0.056666666666666664
RF,2,0,0,0.2
RF,2,0,0,0.09444444444444444
RF,2,1,0,0.25333333333333335
RF,2,0,0,0.12
RF,2,0,0,0.36333333333333334
RF,2,0,0,0.23666666666666666
RF,2,0,0,0.43
RF,2,1,0,0.37666666666666665
RF,2,0,1,0.61
RF,2,0,0,0.43333333333333335
RF,2,0,0,0.09333333333333334
RF,2,0,0,0.12666666666666668
RF,2,0,0,0.15666666666666668
RF,2,0,0,0.155
RF,2,0,0,0.14666666666666667
RF,2,0,0,0.2733333333333333
RF,2,0,0,0.16666666666666666
RF,2,0,0,0.20666666666666667
RF,2,0,0,0.08
RF,2,1,0,0.26311111111111113
RF,2,1,0,0.29
RF,2,0,0,0.10333333333333333
RF,2,1,0,0.2733333333333333
RF,2,0,0,0.013888888888888886
RF,2,0,0,0.17333333333333334
RF,2,1,1,0.7433333333333333
RF,2,0,0,0.16666666666666666
RF,2,0,1,0.6033333333333334
RF,2,0,0,0.16333333333333333
RF,2,1,1,0.5966666666666667
RF,2,0,0,0.07833333333333334
RF,2,0,0,0.3351111111111111
RF,2,0,0,0.08333333333333333
RF,2,0,1,0.6333333333333333
RF,2,0,0,0.41833333333333333
RF,2,0,0,0.24666666666666667
RF,2,1,0,0.20333333333333334
RF,2,0,0,0.13666666666666666
RF,2,1,0,0.35333333333333333
RF,2,0,0,0.3466666666666667
RF,2,0,1,0.9766666666666667
RF,2,0,0,0.3233333333333333
RF,2,0,0,0.35333333333333333
RF,2,0,0,0.3466666666666667
RF,2,0,0,0.4866666666666667
RF,2,0,0,0.17355555555555555
RF,2,0,0,0.4
RF,2,0,0,0.37333333333333335
RF,2,0,0,0.3403333333333333
RF,2,0,0,0.3466666666666667
RF,2,1,0,0.39
RF,2,0,0,0.20666666666666667
RF,2,0,1,0.7133333333333334
RF,2,1,1,0.8433333333333334
RF,2,0,0,0.07666666666666666
RF,2,0,1,0.6733333333333333
RF,2,1,0,0.27666666666666667
RF,2,0,0,0.023333333333333334
RF,2,0,0,0.18
RF,2,1,0,0.4033333333333333
RF,2,0,0,0.3455555555555555
RF,2,1,0,0.30333333333333334
RF,2,0,1,0.6133333333333333
RF,2,1,0,0.07333333333333333
RF,2,0,0,0.08666666666666667
RF,2,1,1,0.8233333333333334
RF,2,0,0,0.22666666666666666
RF,2,0,0,0.42333333333333334
RF,2,1,1,0.6566666666666666
RF,2,0,0,0.26
RF,2,0,0,0.23
RF,2,0,0,0.17533333333333334
RF,2,0,0,0.43
RF,2,0,0,0.3233333333333333
RF,2,0,0,0.36666666666666664
RF,2,1,1,0.6866666666666666
RF,2,0,0,0.14666666666666667
RF,2,0,0,0.04666666666666667
RF,2,1,0,0.26666666666666666
RF,2,1,1,0.8066666666666666
RF,2,1,1,0.5433333333333333
RF,2,0,0,0.12333333333333334
RF,2,0,0,0.03666666666666667
RF,2,0,0,0.4033333333333333
RF,2,1,1,0.8966666666666666
RF,2,0,0,0.42
RF,2,0,0,0.32
RF,2,1,1,0.7033333333333334
RF,2,0,0,0.02
RF,2,1,1,0.5866666666666667
RF,2,0,0,0.43333333333333335
RF,2,0,0,0.195
RF,2,1,0,0.3933333333333333
RF,2,1,0,0.41
RF,2,0,1,0.6266666666666667
RF,2,0,0,0.17333333333333334
RF,2,1,1,0.8266666666666667
RF,2,0,0,0.04666666666666667
RF,2,0,0,0.24666666666666667
RF,2,0,0,0.47
RF,2,0,0,0.36
RF,2,0,0,0.17833333333333334
RF,2,0,0,0.29
RF,2,0,0,0.25333333333333335
RF,2,0,0,0.35333333333333333
RF,2,0,0,0.3233333333333333
RF,2,0,0,0.21
RF,2,0,0,0.056666666666666664
RF,2,0,0,0.3
RF,2,0,0,0.14
RF,2,1,1,0.88
RF,2,0,0,0.06333333333333334
RF,2,0,1,0.7566666666666667
RF,2,1,0,0.03333333333333333
RF,2,0,0,0.1
RF,2,1,0,0.17666666666666667
RF,2,0,1,0.5666666666666667
RF,2,0,0,0.13
RF,2,1,0,0.17666666666666667
RF,2,0,0,0.25
RF,2,0,0,0.29
RF,2,0,0,0.09
RF,2,1,0,0.19333333333333333
RF,2,0,0,0.33666666666666667
RF,2,0,0,0.25
RF,2,0,1,0.7166666666666667
RF,2,0,1,0.87
RF,2,0,0,0.3933333333333333
RF,2,1,1,0.9933333333333333
RF,2,0,0,0.37333333333333335
RF,2,0,0,0.10666666666666667
RF,2,0,0,0.2733333333333333
RF,2,0,0,0.12333333333333334
RF,2,0,0,0.23333333333333334
RF,2,0,0,0.41194444444444445
RF,2,0,0,0.43666666666666665
RF,2,0,0,0.42333333333333334
RF,2,1,1,0.5466666666666666
RF,2,0,0,0.05
RF,2,0,0,0.32
RF,2,0,1,0.9166666666666666
RF,2,0,0,0.2922222222222222
RF,2,0,1,0.52
RF,2,0,0,0.29
RF,2,0,0,0.15
RF,2,0,0,0.19333333333333333
RF,2,0,0,0.44
RF,2,0,0,0.2248888888888889
RF,2,0,0,0.28
RF,2,1,0,0.25
RF,2,0,0,0.10333333333333333
RF,2,0,0,0.16222222222222224
RF,2,0,0,0.14
RF,2,0,1,0.6666666666666666
RF,2,0,0,0.44055555555555553
RF,2,0,0,0.18666666666666668
RF,2,0,0,0.3466666666666667
RF,2,0,0,0.24
RF,2,0,1,0.7733333333333333
RF,2,1,0,0.08666666666666667
RF,2,0,0,0.29
RF,2,0,0,0.31666666666666665
RF,2,0,0,0.31666666666666665
RF,2,1,1,0.5966666666666667
RF,2,0,1,0.8966666666666666
RF,2,0,1,0.57
RF,2,0,0,0.2833333333333333
RF,2,1,0,0.32
RF,2,0,1,0.6733333333333333
RF,2,1,0,0.22333333333333333
RF,2,0,0,0.08
RF,2,0,0,0.11666666666666667
RF,2,1,0,0.1
RF,2,0,0,0.35333333333333333
RF,2,1,1,0.5566666666666666
RF,3,1,1,0.5466666666666666
RF,3,0,0,0.013333333333333334
RF,3,0,0,0.36333333333333334
RF,3,0,0,0.12777777777777777
RF,3,0,1,0.5033333333333333
RF,3,0,0,0.19666666666666666
RF,3,0,0,0.17333333333333334
RF,3,1,1,0.5466666666666666
RF,3,1,1,0.87
RF,3,0,0,0.09
RF,3,1,0,0.35
RF,3,0,1,0.61
RF,3,0,0,0.4766666666666667
RF,3,0,0,0.056666666666666664
RF,3,0,1,0.5366666666666666
RF,3,0,0,0.22333333333333333
RF,3,0,0,0.38
RF,3,0,1,0.7333333333333333
RF,3,1,1,0.5233333333333333
RF,3,0,0,0.16333333333333333
RF,3,1,1,0.7733333333333333
RF,3,1,0,0.49
RF,3,1,0,0.47
RF,3,1,1,0.9366666666666666
RF,3,0,0,0.09533333333333334
RF,3,0,0,0.42333333333333334
RF,3,1,1,0.65
RF,3,1,0,0.31666666666666665
RF,3,1,0,0.44
RF,3,0,0,0.27605555555555555
RF,3,0,1,0.5166666666666667
RF,3,1,0,0.4166666666666667
RF,3,1,1,0.5966666666666667
RF,3,0,0,0.2866666666666667
RF,3,1,0,0.29116666666666663
RF,3,1,0,0.18
RF,3,1,1,0.73
RF,3,1,1,0.7866666666666666
RF,3,0,1,0.67
RF,3,0,0,0.15333333333333332
RF,3,1,0,0.4766666666666667
RF,3,0,1,0.5733333333333334
RF,3,0,0,0.16666666666666666
RF,3,0,0,0.04666666666666667
RF,3,0,0,0.21666666666666667
RF,3,1,0,0.08
RF,3,0,0,0.24333333333333335
RF,3,0,0,0.24
RF,3,0,1,0.54
RF,3,0,1,0.5066666666666667
RF,3,0,1,0.68
RF,3,0,0,0.08
RF,3,1,0,0.22
RF,3,0,0,0.013333333333333334
RF,3,0,1,0.6166666666666667
RF,3,1,1,0.5233333333333333
RF,3,1,1,0.8025
RF,3,0,0,0.25
RF,3,0,0,0.18
RF,3,1,1,0.5166666666666667
RF,3,1,0,0.30666666666666664
RF,3,0,0,0.29333333333333333
RF,3,1,0,0.18333333333333332
RF,3,0,0,0.43
RF,3,0,0,0.09666666666666666
RF,3,0,0,0.49333333333333335
RF,3,0,1,0.5366666666666666
RF,3,0,0,0.2633333333333333
RF,3,0,0,0.05
RF,3,0,1,0.66
RF,3,1,0,0.08
RF,3,0,1,0.54
RF,3,1,1,0.7533333333333333
RF,3,1,0,0.09
RF,3,0,0,0.14444444444444446
RF,3,0,1,0.52
RF,3,0,0,0.4633333333333333
RF,3,0,0,0.1125
RF,3,0,0,0.27166666666666667
RF,3,0,1,0.5466666666666666
RF,3,0,0,0.23666666666666666
RF,3,0,0,0.23333333333333334
RF,3,0,1,0.52
RF,3,1,1,0.61
RF,3,0,0,0.2966666666666667
RF,3,0,0,0.12
RF,3,0,0,0.056666666666666664
RF,3,1,0,0.2
RF,3,0,0,0.15
RF,3,0,1,0.5433333333333333
RF,3,0,0,0.21333333333333335
RF,3,0,0,0.18066666666666667
RF,3,0,0,0.04
RF,3,0,0,0.21
RF,3,0,0,0.21
RF,3,0,0,0.36
RF,3,0,0,0.07833333333333334
RF,3,0,0,0.38333333333333336
RF,3,1,1,0.6833333333333333
RF,3,0,0,0.21666666666666667
RF,3,1,0,0.4166666666666667
RF,3,0,0,0.14
RF,3,1,1,0.99
RF,3,0,1,0.55
RF,3,0,0,0.49333333333333335
RF,3,0,0,0.28
RF,3,0,0,0.08333333333333333
RF,3,0,0,0.24
RF,3,1,1,0.5619444444444444
RF,3,0,0,0.1513888888888889
RF,3,1,1,0.5266666666666666
RF,3,0,0,0.21
RF,3,0,0,0.03
RF,3,0,0,0.12333333333333334
RF,3,0,0,0.4
RF,3,1,1,0.8033333333333333
RF,3,0,1,0.684888888888889
RF,3,0,0,0.44
RF,3,0,0,0.009666666666666667
RF,3,0,1,0.7613333333333333
RF,3,1,0,0.39666666666666667
RF,3,0,0,0.16946825396825396
RF,3,0,0,0.37
RF,3,1,0,0.33666666666666667
RF,3,0,0,0.41333333333333333
RF,3,0,0,0.33666666666666667
RF,3,0,1,0.83
RF,3,0,0,0.15
RF,3,0,0,0.3333333333333333
RF,3,1,0,0.14383333333333334
RF,3,0,0,0.03666666666666667
RF,3,0,1,0.57
RF,3,1,0,0.46
RF,3,0,1,0.5333333333333333
RF,3,0,0,0.21800000000000003
RF,3,1,1,0.89
RF,3,1,0,0.09666666666666666
RF,3,0,0,0.02
RF,3,0,0,0.44333333333333336
RF,3,0,0,0.04
RF,3,0,0,0.48
RF,3,1,0,0.29333333333333333
RF,3,1,1,0.6933333333333334
RF,3,1,1,0.86
RF,3,0,0,0.10666666666666667
RF,3,1,0,0.08333333333333333
RF,3,1,1,0.5033333333333333
RF,3,0,0,0.45666666666666667
RF,3,0,0,0.016666666666666666
RF,3,0,0,0.02
RF,3,1,0,0.38333333333333336
RF,3,0,1,0.7
RF,3,0,0,0.49666666666666665
RF,3,0,0,0.11333333333333333
RF,3,0,0,0.07666666666666666
RF,3,1,1,0.62
RF,3,0,0,0.25
RF,3,0,0,0.07666666666666666
RF,3,0,0,0.061222222222222226
RF,3,0,0,0.07
RF,3,0,0,0.1761111111111111
RF,3,0,0,0.14333333333333334
RF,3,0,0,0.08333333333333333
RF,3,0,0,0.17666666666666667
RF,3,0,0,0.028666666666666667
RF,3,0,1,0.5866666666666667
RF,3,0,0,0.26
RF,3,0,0,0.19
RF,3,0,0,0.09
RF,3,1,0,0.08333333333333333
RF,3,0,0,0.38333333333333336
RF,3,0,0,0.056666666666666664
RF,3,0,0,0.013333333333333334
RF,3,0,1,0.6166666666666667
RF,3,1,0,0.32666666666666666
RF,3,0,0,0.3433333333333333
RF,3,0,0,0.17666666666666667
RF,3,0,0,0.19
RF,3,0,1,0.5433333333333333
RF,3,0,0,0.15666666666666668
RF,3,1,0,0.2966666666666667
RF,3,0,0,0.12666666666666668
RF,3,0,0,0.34
RF,3,0,1,0.6733333333333333
RF,3,0,0,0.21333333333333335
RF,3,0,0,0.26
RF,3,0,0,0.44666666666666666
RF,3,1,0,0.5
RF,3,0,1,0.5566666666666666
RF,3,0,0,0.4766666666666667
RF,3,0,0,0.3333333333333333
RF,3,1,0,0.31666666666666665
RF,3,1,1,0.7733333333333333
RF,3,0,0,0.4633333333333333
RF,3,0,0,0.19666666666666666
RF,3,0,0,0.10666666666666667
RF,3,1,0,0.29333333333333333
RF,3,0,0,0.19666666666666666
RF,3,0,0,0.04
RF,3,0,0,0.49333333333333335
RF,3,0,0,0.023333333333333334
RF,3,0,0,0.11333333333333333
RF,3,0,0,0.09666666666666666
RF,3,0,0,0.2833333333333333
RF,3,0,0,0.30333333333333334
RF,3,0,0,0.11833333333333333
RF,3,0,0,0.16333333333333333
RF,3,0,0,0.23
RF,3,0,0,0.08333333333333333
RF,3,0,1,0.51
RF,3,0,0,0.35588888888888887
RF,3,0,0,0.34
RF,3,0,0,0.016944444444444443
RF,3,0,0,0.16666666666666666
RF,3,0,0,0.44333333333333336
RF,3,0,0,0.2733333333333333
RF,3,0,0,0.13666666666666666
RF,3,1,0,0.20666666666666667
RF,3,0,0,0.18666666666666668
RF,3,1,0,0.18
RF,3,0,1,0.52
RF,3,0,0,0.35
RF,3,0,0,0.08333333333333333
RF,3,0,1,0.8033333333333333
RF,3,0,1,0.6833333333333333
RF,3,0,0,0.3333333333333333
RF,3,0,0,0.13
RF,3,0,0,0.4
RF,3,1,1,0.8933333333333333
RF,3,0,0,0.11333333333333333
RF,3,0,0,0.38333333333333336
RF,3,0,0,0.48333333333333334
RF,3,0,0,0.31666666666666665
RF,3,0,0,0.46
RF,3,0,0,0.02666666666666667
RF,3,0,0,0.37
RF,3,1,1,0.5566666666666666
RF,3,1,0,0.12
RF,3,0,0,0.21333333333333335
RF,3,0,0,0.32
RF,3,0,0,0.36666666666666664
RF,3,1,1,0.6566666666666666
RF,3,1,1,0.9266666666666666
RF,3,0,0,0.05333333333333334
RF,3,0,0,0.39666666666666667
RF,3,0,1,0.52
RF,3,0,0,0.2025
RF,3,0,0,0.11666666666666667
RF,3,0,1,0.7466666666666667
RF,3,0,1,0.5433333333333333
RF,3,0,0,0.38333333333333336
RF,3,0,0,0.11
RF,3,0,0,0.38
RF,3,0,0,0.24
RF,3,0,1,0.54
RF,3,0,0,0.07666666666666666
RF,3,1,0,0.10888888888888891
RF,3,0,0,0.49
RF,3,1,1,0.59
RF,3,0,1,0.6566666666666666
RF,3,0,0,0.19333333333333333
RF,3,0,0,0.08811111111111113
RF,3,0,0,0.26888888888888884
RF,3,0,0,0.18666666666666668
RF,3,0,0,0.0033333333333333335
RF,3,0,0,0.30333333333333334
RF,3,0,0,0.27666666666666667
RF,3,0,1,0.57
RF,3,1,1,0.51
RF,3,0,0,0.35
RF,3,0,0,0.22666666666666666
RF,3,1,1,0.7266666666666667
RF,3,0,0,0.2
RF,3,0,0,0.11333333333333333
RF,3,0,0,0.32
RF,3,1,1,0.8233333333333334
RF,3,0,0,0.24
RF,3,0,0,0.16333333333333333
RF,3,1,1,0.9966666666666667
RF,3,0,0,0.21333333333333335
RF,3,0,0,0.02666666666666667
RF,3,1,1,0.76
RF,3,0,0,0.13666666666666666
RF,3,0,0,0.12333333333333334
RF,3,0,0,0.48967460317460315
RF,3,0,1,0.7033333333333334
RF,3,0,0,0.3233333333333333
RF,3,0,0,0.06
RF,3,0,0,0.4166666666666667
RF,3,0,0,0.02666666666666667
RF,3,1,0,0.17666666666666667
RF,3,0,0,0.43666666666666665
RF,3,1,1,0.51
RF,3,0,0,0.24
RF,3,0,1,0.6666666666666666
RF,3,0,0,0.14
RF,3,0,0,0.41
RF,3,0,0,0.14666666666666667
RF,3,0,0,0.4
RF,3,1,1,0.6566666666666666
RF,3,0,1,0.7966666666666666
RF,3,0,0,0.1861111111111111
RF,3,0,0,0.22666666666666666
RF,3,0,0,0.46
RF,3,1,0,0.48
RF,3,1,1,0.7066666666666667
RF,3,0,0,0.31583333333333335
RF,3,0,0,0.29
RF,3,1,0,0.48333333333333334
RF,3,0,0,0.38
RF,3,1,1,0.6666666666666666
RF,3,0,0,0.03666666666666667
RF,3,0,0,0.205
RF,3,0,0,0.22416666666666665
RF,3,0,0,0.07666666666666666
RF,3,0,0,0.20333333333333334
RF,3,0,0,0.115
RF,3,1,0,0.30333333333333334
RF,3,1,0,0.4
RF,3,0,0,0.006666666666666667
RF,3,0,0,0.47833333333333333
RF,3,0,0,0.38333333333333336
RF,3,1,1,0.5133333333333333
RF,3,0,0,0.31
RF,3,0,0,0.17666666666666667
RF,3,0,1,0.58
RF,3,0,0,0.28755555555555556
RF,3,0,0,0.23333333333333334
RF,3,0,0,0.1788888888888889
RF,3,0,0,0.2633333333333333
RF,3,0,0,0.13666666666666666
RF,3,0,0,0.16666666666666666
RF,3,0,0,0.36177777777777775
RF,3,0,0,0.08333333333333333
RF,3,0,0,0.3433333333333333
RF,3,0,0,0.11333333333333333
RF,3,0,0,0.39666666666666667
RF,3,0,0,0.06666666666666667
RF,3,0,0,0.21333333333333335
RF,3,0,0,0.26666666666666666
RF,3,0,1,0.6966666666666667
RF,3,0,0,0.4666666666666667
RF,3,0,0,0.05
RF,3,0,0,0.023333333333333334
RF,3,0,0,0.08444444444444445
RF,3,1,1,0.5666666666666667
RF,3,0,1,0.6866666666666666
RF,3,0,0,0.11316666666666668
RF,3,0,0,0.3433333333333333
RF,3,0,0,0.21
RF,3,0,1,0.5133333333333333
RF,3,0,1,0.7166666666666667
RF,3,1,0,0.24666666666666667
RF,3,0,1,0.7433333333333333
RF,3,0,0,0.29
RF,3,0,0,0.06666666666666667
RF,3,0,0,0.35
RF,3,0,0,0.29
RF,3,1,0,0.2733333333333333
RF,3,0,0,0.4066666666666667
RF,3,0,0,0.37
RF,3,0,1,0.6666666666666666
RF,3,0,0,0.16
RF,3,0,0,0.29333333333333333
RF,3,0,0,0.12333333333333334
RF,3,0,0,0.43333333333333335
RF,3,0,0,0.20666666666666667
RF,3,0,0,0.24333333333333335
RF,3,1,0,0.20333333333333334
RF,3,0,0,0.19666666666666666
RF,3,1,0,0.25666666666666665
RF,3,1,0,0.2633333333333333
RF,3,0,0,0.18666666666666668
RF,3,0,0,0.49666666666666665
RF,3,0,1,0.7766666666666666
RF,3,0,0,0.47333333333333333
RF,3,0,0,0.2966666666666667
RF,3,0,1,0.6033333333333334
RF,3,0,0,0.14666666666666667
RF,3,0,0,0.02
RF,3,0,0,0.45
RF,3,0,1,0.5366666666666666
RF,3,1,0,0.3433333333333333
RF,3,1,0,0.4266666666666667
RF,3,0,0,0.42333333333333334
RF,3,0,0,0.24555555555555553
RF,3,0,1,0.96
RF,3,0,0,0.09666666666666666
RF,3,0,0,0.07333333333333333
RF,3,0,0,0.021333333333333336
RF,3,0,0,0.04
RF,3,0,1,0.7033333333333334
RF,3,1,1,0.6566666666666666
RF,3,0,0,0.18
RF,3,0,0,0.36
RF,3,0,0,0.45666666666666667
RF,3,0,1,0.81
RF,3,0,0,0.16444444444444445
RF,3,1,0,0.3566666666666667
RF,3,1,1,0.8866666666666667
RF,3,1,1,0.9866666666666667
RF,3,1,0,0.30666666666666664
RF,3,0,0,0.34
RF,3,0,1,0.9972222222222221
RF,3,0,0,0.04666666666666667
RF,3,1,0,0.46
RF,3,0,0,0.2
RF,3,0,0,0.16
RF,3,0,0,0.2
RF,3,0,0,0.1188888888888889
RF,3,1,1,0.6033333333333334
RF,3,1,1,0.79
RF,3,0,0,0.22333333333333333
RF,3,0,0,0.4633333333333333
RF,3,0,0,0.18333333333333332
RF,3,0,0,0.10333333333333333
RF,3,0,0,0.12666666666666668
RF,3,1,0,0.28
RF,3,0,0,0.14
RF,3,0,0,0.056666666666666664
RF,3,0,0,0.1
RF,3,0,0,0.05866666666666667
RF,3,0,1,0.6633333333333333
RF,3,1,0,0.24761111111111112
RF,3,0,0,0.31333333333333335
RF,3,1,0,0.4633333333333333
RF,3,0,1,0.6466666666666666
RF,3,0,0,0.22666666666666666
RF,3,0,0,0.18
RF,3,1,0,0.22
RF,3,1,0,0.4033333333333333
RF,3,1,0,0.38
RF,3,0,0,0.08833333333333333
RF,3,1,0,0.19111111111111112
RF,3,1,1,0.7
RF,3,0,0,0.2733333333333333
RF,3,0,0,0.31333333333333335
RF,3,0,0,0.3566666666666667
RF,3,1,1,0.57
RF,3,0,0,0.16666666666666666
RF,3,0,0,0.14333333333333334
RF,3,0,0,0.1
RF,3,1,1,0.5466666666666666
RF,3,0,1,0.7089444444444444
RF,3,0,0,0.12666666666666668
RF,3,1,0,0.06861111111111112
RF,3,0,0,0.04
RF,3,0,0,0.2633333333333333
RF,3,0,1,0.5033333333333333
RF,3,0,0,0.10333333333333332
RF,3,0,0,0.42
RF,3,0,0,0.39666666666666667
RF,3,0,0,0.2733333333333333
RF,3,1,0,0.42333333333333334
RF,3,1,1,0.7566666666666667
RF,3,1,1,0.6983333333333334
RF,3,0,0,0.34
RF,3,0,0,0.33
RF,3,0,1,0.6033333333333334
RF,3,0,0,0.3433333333333333
RF,3,1,0,0.17
RF,3,0,1,0.6933333333333334
RF,3,1,0,0.41
RF,3,0,1,0.7466666666666667
RF,3,0,0,0.21333333333333335
RF,3,1,1,0.5166666666666667
RF,3,0,0,0.4033333333333333
RF,3,0,0,0.18
RF,3,0,0,0.02666666666666667
RF,3,0,1,0.5033333333333333
RF,3,1,1,0.5666666666666667
RF,3,0,0,0.08
RF,3,1,0,0.37
RF,3,0,0,0.13666666666666666
RF,3,0,0,0.25333333333333335
RF,3,0,0,0.11666666666666667
RF,3,0,0,0.21055555555555555
RF,3,0,1,0.81
RF,3,0,1,0.7966666666666666
RF,3,0,0,0.4866666666666667
RF,3,0,0,0.38
RF,3,0,0,0.33666666666666667
RF,3,0,1,0.64
RF,3,1,0,0.09
RF,3,0,0,0.24
RF,3,0,0,0.23333333333333334
RF,3,0,0,0.02
RF,3,1,0,0.19333333333333333
RF,3,0,0,0.2866666666666667
RF,3,1,1,0.5066666666666667
RF,3,1,0,0.24055555555555558
RF,3,0,0,0.31333333333333335
RF,3,0,0,0.3466666666666667
RF,3,0,0,0.013333333333333334
RF,3,0,0,0.06861111111111112
RF,3,0,0,0.18
RF,3,0,1,0.5266666666666666
RF,3,0,0,0.47
RF,3,1,0,0.28
RF,3,0,0,0.08833333333333333
RF,3,0,0,0.15
RF,3,1,1,0.7366666666666667
RF,3,0,0,0.06
RF,3,1,1,0.8566666666666667
RF,3,1,0,0.11333333333333333
RF,3,1,0,0.44333333333333336
RF,3,0,0,0.24
RF,3,1,1,0.5566666666666666
RF,3,0,0,0.02666666666666667
RF,3,0,0,0.24666666666666667
RF,3,0,0,0.273
RF,3,0,0,0.08333333333333333
RF,3,1,0,0.30666666666666664
RF,3,0,0,0.06333333333333334
RF,3,0,0,0.07333333333333333
RF,3,0,0,0.25333333333333335
RF,3,1,0,0.2633333333333333
RF,3,0,0,0.12666666666666668
RF,3,0,1,0.5533333333333333
RF,3,0,0,0.4166666666666667
RF,3,0,0,0.4
RF,3,0,0,0.3466666666666667
RF,3,0,0,0.32
RF,3,1,1,0.6766666666666666
RF,3,0,0,0.14333333333333334
RF,3,0,0,0.24333333333333335
RF,3,1,0,0.18666666666666668
RF,3,0,0,0.06011111111111111
RF,3,1,0,0.24333333333333335
RF,3,0,0,0.36666666666666664
RF,3,0,0,0.08944444444444444
RF,3,0,0,0.31333333333333335
RF,3,0,0,0.26666666666666666
RF,3,0,0,0.2
RF,3,0,0,0.20666666666666667
RF,3,1,1,0.93
RF,3,0,0,0.3933333333333333
RF,3,1,1,0.6733333333333333
RF,3,0,0,0.24666666666666667
RF,3,0,0,0.17
RF,3,0,0,0.11333333333333333
RF,3,0,0,0.21666666666666667
RF,3,0,0,0.16666666666666666
RF,3,1,0,0.49666666666666665
RF,3,0,1,0.76
RF,3,1,1,0.6633333333333333
RF,3,0,0,0.12666666666666668
RF,3,0,0,0.20333333333333334
RF,3,0,0,0.08111111111111112
RF,3,0,0,0.14055555555555557
RF,3,0,0,0.41333333333333333
RF,3,0,0,0.021666666666666667
RF,3,0,1,0.7533333333333333
RF,3,0,0,0.4633333333333333
RF,3,0,0,0.47
RF,3,0,1,0.5033333333333333
RF,3,0,0,0.1
RF,3,0,0,0.11
RF,3,0,0,0.03
RF,3,1,0,0.4066666666666667
RF,3,0,0,0.17666666666666667
RF,3,0,0,0.19666666666666666
RF,3,0,0,0.43
RF,3,0,0,0.2733333333333333
RF,3,0,0,0.15666666666666668
RF,3,0,0,0.4666666666666667
RF,3,0,0,0.13333333333333333
RF,3,0,1,0.8033333333333333
RF,3,0,0,0.16
RF,3,1,0,0.49666666666666665
RF,3,1,0,0.11833333333333333
RF,3,0,0,0.18666666666666668
RF,3,1,0,0.33666666666666667
RF,3,1,0,0.49666666666666665
RF,3,1,0,0.22
RF,3,0,0,0.2633333333333333
RF,3,0,0,0.31333333333333335
RF,3,0,0,0.29
RF,3,0,0,0.3566666666666667
RF,3,1,1,0.8166666666666667
RF,3,0,0,0.22333333333333333
RF,3,0,0,0.28
RF,3,0,1,0.58
RF,3,0,0,0.3058888888888889
RF,3,0,1,0.5866666666666667
RF,3,1,0,0.41
RF,3,0,0,0.13666666666666666
RF,3,1,0,0.06522222222222222
RF,3,0,0,0.19
RF,3,0,0,0.1
RF,3,0,0,0.12333333333333334
RF,3,0,1,0.6876666666666668
RF,3,0,1,0.7
RF,3,1,1,0.5453888888888888
RF,3,0,0,0.09166666666666666
RF,3,0,0,0.11666666666666667
RF,3,0,0,0.05333333333333334
RF,3,0,0,0.24333333333333335
RF,3,1,0,0.18333333333333332
RF,3,0,0,0.09
RF,3,0,0,0.05
RF,3,0,1,0.6366666666666667
RF,3,0,0,0.09333333333333334
RF,3,0,0,0.056666666666666664
RF,3,0,0,0.22333333333333333
RF,3,0,0,0.38666666666666666
RF,3,0,0,0.27666666666666667
RF,3,1,0,0.35
RF,3,0,1,0.7366666666666667
RF,3,0,0,0.19333333333333333
RF,3,1,0,0.41
RF,3,1,0,0.41
RF,3,0,0,0.056666666666666664
RF,3,1,1,0.6133333333333333
RF,3,0,0,0.006666666666666667
RF,3,0,1,0.5533333333333333
RF,3,0,0,0.04666666666666667
RF,3,0,1,0.51
RF,3,1,0,0.021666666666666667
RF,3,0,0,0.36
RF,3,0,0,0.115
RF,3,0,0,0.15
RF,3,0,0,0.1838888888888889
RF,3,0,0,0.48
RF,3,1,0,0.11666666666666667
RF,3,0,0,0.1
RF,3,0,0,0.18666666666666668
RF,3,0,0,0.1
RF,3,0,1,0.65
RF,3,1,1,0.65
RF,3,0,1,0.5366666666666666
RF,3,0,1,0.6733333333333333
RF,3,0,0,0.32
RF,3,0,0,0.06333333333333334
RF,3,0,0,0.3566666666666667
RF,3,0,0,0.06333333333333334
RF,3,1,1,0.6433333333333333
RF,3,0,0,0.07
RF,3,1,0,0.4766666666666667
RF,3,0,0,0.09666666666666666
RF,3,0,0,0.3233333333333333
RF,3,0,0,0.15333333333333332
RF,3,0,0,0.11333333333333333
RF,3,0,0,0.44333333333333336
RF,3,0,0,0.2061111111111111
RF,3,0,0,0.09555555555555556
RF,3,0,0,0.056666666666666664
RF,3,0,0,0.14666666666666667
RF,3,0,0,0.02666666666666667
RF,3,0,0,0.16
RF,3,0,1,0.55
RF,3,0,0,0.14455555555555552
RF,3,0,1,0.58
RF,3,0,0,0.4266666666666667
RF,3,0,0,0.125
RF,3,0,0,0.37333333333333335
RF,3,0,0,0.07666666666666666
RF,3,0,0,0.31333333333333335
RF,3,0,0,0.05333333333333334
RF,3,0,0,0.35444444444444445
RF,3,1,0,0.23333333333333334
RF,3,0,0,0.22333333333333333
RF,3,1,0,0.23666666666666666
RF,3,0,0,0.45
RF,3,0,0,0.08666666666666667
RF,3,0,0,0.48333333333333334
RF,3,0,1,0.5833333333333334
RF,3,1,0,0.16722222222222224
RF,3,1,0,0.36
RF,3,0,0,0.11
RF,3,0,0,0.22
RF,3,0,0,0.24
RF,3,0,1,0.54
RF,3,1,0,0.36
RF,3,1,1,0.78
RF,3,0,0,0.16666666666666666
RF,3,0,0,0.27666666666666667
RF,3,0,1,0.7033333333333334
RF,3,1,0,0.27
RF,3,0,0,0.27
RF,3,0,0,0.3433333333333333
RF,3,0,0,0.30333333333333334
RF,3,1,1,0.5433333333333333
RF,3,0,0,0.30333333333333334
RF,3,0,0,0.19333333333333333
RF,3,0,0,0.09
RF,3,0,0,0.22333333333333333
RF,3,0,0,0.17666666666666667
RF,3,0,0,0.24666666666666667
RF,3,1,0,0.4533333333333333
RF,3,0,0,0.14
RF,3,1,0,0.08422222222222221
RF,3,0,0,0.30666666666666664
RF,3,0,0,0.37333333333333335
RF,3,0,0,0.21
RF,3,0,0,0.25333333333333335
RF,3,0,1,0.52
RF,3,0,0,0.056666666666666664
RF,3,0,0,0.30666666666666664
RF,3,0,0,0.39
RF,3,0,1,0.6133333333333333
RF,3,0,0,0.20333333333333334
RF,3,0,0,0.05
RF,3,1,0,0.19666666666666666
RF,3,0,0,0.21666666666666667
RF,3,0,0,0.47
RF,3,0,0,0.23
RF,3,0,0,0.22277777777777777
RF,3,1,0,0.38
RF,3,1,0,0.22333333333333333
RF,3,0,0,0.44666666666666666
RF,3,1,0,0.35333333333333333
RF,3,1,0,0.10333333333333333
RF,3,0,0,0.2633333333333333
RF,3,1,0,0.24
RF,3,0,0,0.13
RF,3,0,0,0.36666666666666664
RF,3,0,0,0.32
RF,3,0,0,0.056666666666666664
RF,3,0,0,0.37333333333333335
RF,3,0,0,0.08333333333333333
RF,3,0,0,0.1
RF,3,0,0,0.04611111111111111
RF,3,0,1,0.5266666666666666
RF,3,0,1,0.66
RF,3,0,0,0.3466666666666667
RF,3,0,0,0.15666666666666668
RF,3,0,0,0.051166666666666666
RF,3,1,0,0.2702777777777778
RF,3,0,0,0.25
RF,3,1,0,0.31
RF,3,1,1,0.65
RF,3,0,0,0.31333333333333335
RF,3,0,1,0.567
RF,3,0,0,0.26
RF,3,1,1,0.68
RF,3,1,0,0.2833333333333333
RF,3,0,0,0.23333333333333334
RF,3,0,1,0.7683333333333333
RF,3,0,0,0.043333333333333335
RF,3,0,0,0.24
RF,3,0,1,0.5366666666666666
RF,3,0,0,0.06166666666666667
RF,3,0,0,0.17333333333333334
RF,3,1,1,0.7733333333333333
RF,3,1,1,0.7166666666666667
RF,3,0,0,0.07333333333333333
RF,3,0,0,0.42
RF,3,0,0,0.08
RF,3,0,0,0.18
RF,3,0,0,0.08
RF,3,0,0,0.2
RF,3,0,0,0.05
RF,3,0,0,0.09
RF,3,0,0,0.32666666666666666
RF,3,1,0,0.44
RF,3,0,0,0.30666666666666664
RF,3,0,0,0.40222222222222226
RF,3,0,0,0.18
RF,3,0,0,0.13
RF,3,0,0,0.20333333333333334
RF,3,0,0,0.25
RF,3,0,0,0.19666666666666666
RF,3,0,0,0.02666666666666667
RF,3,0,1,0.5866666666666667
RF,3,0,0,0.12
RF,3,0,0,0.26666666666666666
RF,3,0,0,0.044444444444444446
RF,3,1,0,0.13
RF,3,0,0,0.05333333333333334
RF,3,0,0,0.2287222222222222
RF,3,0,1,0.7533333333333333
RF,3,0,0,0.25333333333333335
RF,3,0,0,0.04
RF,3,1,0,0.32666666666666666
RF,3,0,0,0.33666666666666667
RF,3,0,0,0.10666666666666667
RF,3,1,0,0.15611111111111112
RF,3,0,0,0.12666666666666668
RF,3,0,0,0.056666666666666664
RF,3,0,0,0.08333333333333333
RF,3,0,0,0.17666666666666667
RF,3,0,0,0.4866666666666667
RF,3,1,0,0.4166666666666667
RF,3,0,1,0.7966666666666666
RF,3,0,0,0.31333333333333335
RF,3,0,0,0.10333333333333333
RF,3,1,0,0.47333333333333333
RF,3,0,0,0.47333333333333333
RF,3,0,0,0.3233333333333333
RF,3,0,0,0.08
RF,3,1,0,0.20666666666666667
RF,3,0,0,0.08666666666666667
RF,3,0,0,0.26
RF,3,0,0,0.30333333333333334
RF,3,0,0,0.42904761904761907
RF,3,0,1,0.7902063492063492
RF,3,0,0,0.4296111111111111
RF,3,0,0,0.19333333333333333
RF,3,0,0,0.39
RF,3,0,0,0.15666666666666668
RF,3,1,0,0.43666666666666665
RF,3,0,0,0.20333333333333334
RF,3,0,0,0.12333333333333334
RF,3,0,0,0.15666666666666668
RF,3,0,0,0.38
RF,3,1,0,0.17666666666666667
RF,3,0,1,0.57
RF,3,0,0,0.48333333333333334
RF,3,0,0,0.22666666666666666
RF,3,0,1,0.6433333333333333
RF,3,1,0,0.17333333333333334
RF,3,0,0,0.49
RF,3,0,1,0.9333333333333333
RF,3,0,0,0.44
RF,3,1,0,0.09166666666666666
RF,3,0,0,0.13
RF,3,0,0,0.17
RF,3,1,0,0.38
RF,3,1,1,0.6233333333333333
RF,3,0,0,0.47
RF,3,0,0,0.29
RF,3,1,0,0.23
RF,3,0,0,0.12333333333333334
RF,3,0,0,0.13
RF,3,1,0,0.44333333333333336
RF,3,1,1,0.9033333333333333
RF,3,0,1,0.6826666666666668
RF,3,0,0,0.41
RF,3,0,0,0.43
RF,3,1,0,0.3
RF,3,0,0,0.24833333333333332
RF,3,0,0,0.06333333333333334
RF,3,0,0,0.06666666666666667
RF,3,0,0,0.13333333333333333
RF,3,0,0,0.08666666666666667
RF,3,0,0,0.37333333333333335
RF,3,1,0,0.25666666666666665
RF,3,0,0,0.36666666666666664
RF,3,1,0,0.16333333333333333
RF,3,0,0,0.23
RF,3,0,0,0.18
RF,3,0,0,0.10333333333333333
RF,3,0,0,0.10333333333333333
RF,3,0,0,0.2833333333333333
RF,3,0,0,0.16333333333333333
RF,3,0,0,0.14
RF,3,1,0,0.33166666666666667
RF,3,0,0,0.29
RF,3,0,0,0.4
RF,3,0,0,0.35
RF,3,0,0,0.01361111111111111
RF,3,0,0,0.04666666666666667
RF,3,0,0,0.0725
RF,3,0,0,0.11
RF,3,0,0,0.16
RF,3,0,0,0.24
RF,3,0,0,0.08
RF,3,0,0,0.129
RF,3,0,0,0.05
RF,3,0,0,0.2011111111111111
RF,3,0,0,0.21
RF,3,0,0,0.05333333333333334
RF,3,1,0,0.32666666666666666
RF,3,1,0,0.37
RF,3,0,0,0.13333333333333333
RF,3,0,0,0.30333333333333334
RF,3,0,1,0.53
RF,3,0,0,0.36333333333333334
RF,3,0,0,0.32666666666666666
RF,3,0,0,0.09666666666666666
RF,3,0,1,0.66
RF,3,0,0,0.17616666666666667
RF,3,0,1,0.5866666666666667
RF,3,0,0,0.14
RF,3,0,0,0.17166666666666666
RF,3,0,0,0.19666666666666666
RF,3,0,0,0.04
RF,3,0,0,0.15666666666666668
RF,3,1,0,0.47
RF,3,0,0,0.2833333333333333
RF,3,0,0,0.20666666666666667
RF,3,0,0,0.28666666666666674
RF,3,0,0,0.11
RF,3,0,0,0.25
RF,3,0,0,0.2733333333333333
RF,3,0,0,0.056666666666666664
RF,3,1,1,0.5633333333333334
RF,3,1,0,0.15777777777777782
RF,3,0,0,0.24
RF,3,0,0,0.2
RF,3,0,0,0.19
RF,3,0,0,0.11666666666666667
RF,3,0,0,0.37333333333333335
RF,3,0,0,0.021111111111111112
RF,3,0,1,0.9685079365079367
RF,3,1,0,0.37333333333333335
RF,3,1,0,0.11666666666666667
RF,3,0,1,0.6666666666666666
RF,3,0,0,0.23
RF,3,1,0,0.12666666666666668
RF,3,0,0,0.03955555555555556
RF,3,0,0,0.28
RF,3,0,0,0.25
RF,3,0,1,0.73
RF,3,0,0,0.13666666666666666
RF,3,0,1,0.56
RF,3,1,0,0.42
RF,3,0,0,0.08333333333333333
RF,3,0,0,0.15
RF,3,0,0,0.11666666666666667
RF,3,0,0,0.20333333333333334
RF,3,1,0,0.49
RF,3,0,0,0.22
RF,3,0,0,0.48
RF,3,0,0,0.13
RF,3,0,0,0.19333333333333333
RF,3,1,0,0.13666666666666666
RF,3,0,0,0.09333333333333334
RF,3,0,0,0.19833333333333333
RF,3,0,1,0.5866666666666667
RF,3,1,0,0.42
RF,3,1,1,0.7533333333333333
RF,3,1,0,0.325
RF,3,0,0,0.04
RF,3,0,0,0.1502777777777778
RF,3,0,0,0.24333333333333335
RF,3,0,0,0.3933333333333333
RF,3,0,0,0.12666666666666668
RF,3,0,0,0.07777777777777778
RF,3,0,1,0.5366666666666666
RF,3,0,0,0.33
RF,3,0,0,0.36333333333333334
RF,3,0,0,0.4033333333333333
RF,3,0,0,0.4766666666666667
RF,3,0,0,0.32666666666666666
RF,3,0,0,0.38333333333333336
RF,3,0,0,0.14333333333333334
RF,3,0,1,0.5733333333333334
RF,3,0,0,0.08333333333333333
RF,3,0,0,0.3466666666666667
RF,3,1,0,0.26666666666666666
RF,3,0,0,0.44666666666666666
RF,3,1,0,0.3227222222222223
RF,3,1,1,0.51
RF,3,0,0,0.37666666666666665
RF,3,0,0,0.28
RF,3,0,0,0.24666666666666667
RF,3,1,1,0.5266666666666666
RF,3,0,0,0.14333333333333334
RF,3,0,1,0.78
RF,3,0,0,0.043333333333333335
RF,3,0,1,0.5433333333333333
RF,3,0,0,0.11666666666666667
RF,3,1,0,0.21
RF,3,0,1,0.88
RF,3,0,0,0.34
RF,3,0,0,0.12333333333333334
RF,3,0,0,0.2733333333333333
RF,3,1,0,0.14666666666666667
RF,3,0,0,0.39
RF,3,0,0,0.28
RF,3,0,0,0.05277777777777778
RF,3,0,0,0.4666666666666667
RF,3,0,1,0.75
RF,3,0,0,0.4766666666666667
RF,3,0,1,0.8333333333333334
RF,3,1,1,0.9233333333333333
RF,3,0,0,0.13
RF,3,1,1,0.8633333333333333
RF,3,0,0,0.38
RF,3,0,1,0.5166666666666667
RF,3,0,0,0.14583333333333334
RF,3,0,0,0.20333333333333334
RF,3,0,0,0.20666666666666667
RF,3,0,1,0.81
RF,3,0,1,0.5266666666666666
RF,3,0,0,0.49666666666666665
RF,3,0,0,0.11055555555555555
RF,3,0,0,0.12111111111111111
RF,3,1,0,0.3566666666666667
RF,3,1,0,0.38333333333333336
RF,3,1,1,0.65
RF,3,0,0,0.03
RF,3,1,0,0.12
RF,3,0,0,0.06
RF,3,1,1,0.61
RF,3,0,0,0.28
RF,3,0,0,0.24333333333333335
RF,3,0,0,0.16666666666666666
RF,3,0,0,0.2
RF,3,1,0,0.2733333333333333
RF,3,0,0,0.36333333333333334
RF,3,0,0,0.17
RF,3,1,0,0.4066666666666667
RF,3,0,0,0.38333333333333336
RF,3,0,1,0.53
RF,3,0,1,0.5333333333333333
RF,3,0,0,0.20666666666666667
RF,3,0,0,0.05333333333333334
RF,3,0,0,0.12166666666666667
RF,3,1,0,0.19
RF,3,0,1,0.55
RF,3,0,0,0.47
RF,3,0,1,0.5233333333333333
RF,3,1,1,0.66
RF,3,1,1,0.8666666666666667
RF,3,0,1,0.82
RF,3,0,0,0.3283333333333333
RF,3,1,0,0.05333333333333334
RF,3,0,0,0.3233333333333333
RF,3,0,0,0.13333333333333333
RF,3,1,1,0.7033333333333334
RF,3,0,0,0.30666666666666664
RF,3,0,0,0.13666666666666666
RF,3,1,1,0.71
RF,3,0,1,0.57
RF,3,1,0,0.37
RF,3,0,0,0.24666666666666667
RF,3,0,0,0.17666666666666667
RF,3,0,0,0.23666666666666666
RF,3,0,0,0.12333333333333334
RF,3,1,0,0.23
RF,3,0,1,0.5866666666666667
RF,3,1,0,0.37666666666666665
RF,3,0,0,0.15333333333333332
RF,3,0,1,0.6991666666666667
RF,3,0,0,0.27666666666666667
RF,3,0,0,0.18666666666666668
RF,3,0,0,0.08666666666666667
RF,3,0,0,0.38
RF,3,0,0,0.42333333333333334
RF,3,0,0,0.22
RF,3,0,0,0.18333333333333332
RF,3,1,0,0.1
RF,3,0,0,0.11
RF,3,0,0,0.5
RF,3,0,0,0.35333333333333333
RF,3,0,0,0.25
RF,3,0,0,0.04666666666666667
RF,3,0,1,0.7133333333333334
RF,3,0,0,0.11666666666666667
RF,3,0,0,0.35
RF,3,1,0,0.3566666666666667
RF,3,1,1,0.78
RF,3,0,0,0.22333333333333333
RF,3,0,0,0.43666666666666665
RF,3,0,0,0.041666666666666664
RF,3,1,0,0.2833333333333333
RF,3,0,0,0.42333333333333334
RF,3,1,0,0.24
RF,3,0,1,0.5066666666666667
RF,3,0,0,0.06
RF,3,0,0,0.44
RF,3,0,1,0.7066666666666667
RF,3,0,1,0.7933333333333333
RF,3,0,0,0.2
RF,3,0,0,0.08333333333333333
RF,3,0,0,0.11744444444444445
RF,3,0,0,0.18333333333333332
RF,3,0,0,0.04
RF,3,0,0,0.19
RF,3,1,0,0.39
RF,3,0,0,0.08505555555555556
RF,3,1,0,0.35333333333333333
RF,3,0,0,0.4766666666666667
RF,3,0,0,0.08333333333333333
RF,3,0,1,0.8333333333333334
RF,3,0,0,0.22
RF,3,1,0,0.3333333333333333
RF,3,0,1,0.54
RF,3,0,1,0.6466666666666666
RF,3,0,1,0.5782777777777777
RF,3,0,0,0.35333333333333333
RF,3,0,0,0.4603333333333333
RF,3,1,0,0.27
RF,3,0,1,0.7466666666666667
RF,3,0,0,0.25
RF,3,1,1,0.95
RF,3,1,1,0.5266666666666666
RF,3,0,0,0.43
RF,3,0,0,0.08666666666666667
RF,3,0,0,0.24
RF,3,0,0,0.15333333333333332
RF,3,0,0,0.2
RF,3,0,1,0.5366666666666666
RF,3,0,0,0.3477777777777778
RF,3,0,0,0.24333333333333335
RF,3,0,0,0.15
RF,3,1,1,0.6133333333333333
RF,3,0,0,0.04
RF,3,0,0,0.11900000000000001
RF,3,0,0,0.14283333333333334
RF,3,0,0,0.056666666666666664
RF,3,0,0,0.4266666666666667
RF,3,0,1,0.7266666666666667
RF,3,0,0,0.12333333333333334
RF,3,0,1,0.69
RF,3,0,0,0.27
RF,3,0,0,0.13
RF,3,0,0,0.19666666666666666
RF,3,0,0,0.4033333333333333
RF,3,0,0,0.4066666666666667
RF,3,0,0,0.43333333333333335
RF,3,0,0,0.2336111111111111
RF,3,1,0,0.2838888888888889
RF,3,0,1,0.5266666666666666
RF,3,1,0,0.13666666666666666
RF,3,0,0,0.04444444444444444
RF,3,0,0,0.37423809523809526
RF,3,0,0,0.11072222222222221
RF,3,0,0,0.355
RF,3,1,1,0.66
RF,3,0,0,0.11
RF,3,1,0,0.45
RF,3,1,0,0.21666666666666667
RF,3,1,0,0.4866666666666667
RF,3,0,0,0.24333333333333335
RF,3,1,0,0.13333333333333333
RF,3,0,0,0.12333333333333334
RF,3,0,0,0.11666666666666667
RF,3,1,0,0.21333333333333335
RF,3,0,0,0.25388888888888883
RF,3,1,0,0.2343333333333333
RF,3,0,0,0.2733333333333333
RF,3,0,1,0.5233333333333333
RF,3,0,0,0.23666666666666666
RF,3,0,0,0.34
RF,3,1,0,0.32666666666666666
RF,3,0,0,0.13333333333333333
RF,3,0,0,0.4166666666666667
RF,3,0,1,0.5966666666666667
RF,3,0,0,0.02
RF,3,0,0,0.13666666666666666
RF,3,0,0,0.08666666666666667
RF,3,0,0,0.41333333333333333
RF,3,0,1,0.5533333333333333
RF,3,0,1,0.5333333333333333
RF,3,0,0,0.2733333333333333
RF,3,0,1,0.5533333333333333
RF,3,0,0,0.13333333333333333
RF,3,0,0,0.2866666666666667
RF,3,0,0,0.12
RF,3,0,0,0.10333333333333333
RF,3,1,1,0.5033333333333333
RF,3,0,0,0.44333333333333336
RF,3,1,1,0.8066666666666666
RF,3,1,0,0.2683333333333333
RF,3,0,0,0.013333333333333334
RF,3,1,0,0.04666666666666667
RF,3,1,0,0.29
RF,3,0,0,0.16805555555555554
RF,3,0,0,0.12666666666666668
RF,3,0,1,0.7366666666666667
RF,3,0,0,0.27111111111111114
RF,3,0,0,0.12
RF,3,0,0,0.25
RF,3,0,0,0.09333333333333334
RF,3,0,0,0.36666666666666664
RF,3,0,0,0.2833333333333333
RF,3,0,0,0.10666666666666667
RF,3,0,0,0.10666666666666667
RF,3,0,0,0.4266666666666667
RF,3,0,0,0.06166666666666667
RF,3,0,0,0.23
RF,3,0,0,0.24
RF,3,0,0,0.39
RF,3,1,0,0.013333333333333334
RF,3,0,0,0.07666666666666666
RF,3,0,0,0.3233333333333333
RF,3,0,0,0.13333333333333333
RF,3,0,0,0.11333333333333333
RF,3,1,1,0.78
RF,3,0,0,0.29333333333333333
RF,3,0,0,0.16666666666666666
RF,3,0,0,0.38
RF,3,0,0,0.056666666666666664
RF,3,0,1,0.57
RF,3,0,0,0.08666666666666667
RF,3,0,0,0.26
RF,3,1,0,0.19333333333333333
RF,3,1,0,0.06666666666666667
RF,3,1,1,0.5066666666666667
RF,3,0,0,0.10038888888888887
RF,3,0,0,0.043333333333333335
RF,3,0,0,0.37666666666666665
RF,3,0,0,0.21666666666666667
RF,3,1,0,0.2075
RF,3,0,0,0.46
RF,3,1,0,0.006666666666666667
RF,3,0,0,0.08666666666666667
RF,3,0,0,0.12
RF,3,1,0,0.3333333333333333
RF,3,1,1,0.68
RF,3,0,1,0.5666666666666667
RF,3,1,1,0.51
RF,3,0,0,0.10666666666666667
RF,3,0,0,0.15666666666666668
RF,3,0,0,0.2608333333333333
RF,3,0,0,0.3576507936507938
RF,3,1,1,0.6533333333333333
RF,3,0,0,0.37333333333333335
RF,3,0,0,0.37
RF,3,0,0,0.22333333333333333
RF,3,0,1,0.6066666666666667
RF,3,0,0,0.23333333333333334
RF,3,0,0,0.20333333333333334
RF,3,0,0,0.14333333333333334
RF,3,0,0,0.016666666666666666
RF,3,0,1,0.6466666666666666
RF,3,1,1,0.7566666666666667
RF,3,0,0,0.3233333333333333
RF,3,1,1,0.83
RF,3,1,0,0.3
RF,3,0,0,0.22666666666666666
RF,3,0,0,0.06877777777777778
RF,3,0,0,0.25666666666666665
RF,3,1,0,0.18666666666666668
RF,3,0,0,0.006666666666666667
RF,3,1,0,0.10327777777777777
RF,3,0,0,0.13666666666666666
RF,3,0,0,0.3433333333333333
RF,3,0,0,0.03444444444444444
RF,3,0,0,0.09
RF,3,0,0,0.43
RF,3,0,0,0.12333333333333334
RF,3,0,0,0.23
RF,3,1,1,0.99
RF,3,0,0,0.13
RF,3,1,0,0.32666666666666666
RF,3,0,0,0.37333333333333335
RF,3,0,0,0.07666666666666666
RF,3,0,1,0.55
RF,3,0,0,0.15666666666666668
RF,3,0,0,0.11472222222222221
RF,3,1,0,0.06666666666666667
RF,3,0,0,0.26
RF,3,1,1,0.5166666666666667
RF,3,0,0,0.20666666666666667
RF,3,0,0,0.27
RF,3,1,0,0.06
RF,3,0,0,0.36333333333333334
RF,3,1,0,0.4
RF,3,1,0,0.02
RF,3,1,0,0.15666666666666668
RF,3,0,0,0.19666666666666666
RF,3,0,0,0.06277777777777778
RF,3,1,0,0.37
RF,3,0,0,0.19333333333333333
RF,3,0,0,0.3566666666666667
RF,3,1,1,0.5833333333333334
RF,3,1,0,0.22333333333333333
RF,3,0,1,0.5466666666666666
RF,3,0,0,0.14
RF,3,0,0,0.49866666666666654
RF,3,0,0,0.22333333333333333
RF,3,1,0,0.19666666666666666
RF,3,0,0,0.09333333333333334
RF,3,0,0,0.23
RF,3,0,0,0.4083333333333333
RF,3,0,0,0.3233333333333333
RF,3,0,0,0.08666666666666667
RF,3,0,0,0.24083333333333334
RF,3,1,0,0.32
RF,3,0,0,0.29
RF,3,1,0,0.10333333333333333
RF,3,1,1,0.75
RF,3,1,1,0.7866666666666666
RF,3,0,0,0.05333333333333334
RF,3,1,0,0.39666666666666667
RF,3,0,0,0.43
RF,3,0,0,0.14
RF,3,1,0,0.47
RF,3,0,0,0.20333333333333334
RF,3,0,0,0.44333333333333336
RF,3,1,0,0.43333333333333335
RF,3,0,1,0.7
RF,3,0,0,0.3
RF,3,0,0,0.20333333333333334
RF,3,1,0,0.45666666666666667
RF,3,0,0,0.39666666666666667
RF,3,0,0,0.17333333333333334
RF,3,0,0,0.4066666666666667
RF,3,0,0,0.09333333333333334
RF,3,1,0,0.25333333333333335
RF,3,0,0,0.09333333333333334
RF,3,0,0,0.03666666666666667
RF,3,0,0,0.155
RF,3,0,0,0.33666666666666667
RF,3,0,0,0.31333333333333335
RF,3,0,0,0.21333333333333335
RF,3,0,0,0.2866666666666667
RF,3,1,1,0.8266666666666667
RF,3,1,0,0.46
RF,3,1,0,0.44333333333333336
RF,3,0,0,0.013333333333333334
RF,3,1,1,0.6133333333333333
RF,3,0,0,0.18666666666666668
RF,3,0,0,0.285
RF,3,0,0,0.17666666666666667
RF,3,0,0,0.3
RF,3,0,0,0.4632222222222222
RF,3,0,0,0.10333333333333333
RF,3,0,0,0.44
RF,3,0,0,0.41
RF,3,0,0,0.25
RF,3,0,0,0.36
RF,3,0,0,0.22
RF,3,0,1,0.74
RF,3,0,0,0.06
RF,3,0,0,0.29333333333333333
RF,3,0,0,0.07
RF,3,0,0,0.42333333333333334
RF,3,1,0,0.2866666666666667
RF,3,0,0,0.46
RF,3,0,0,0.16
RF,3,0,0,0.18
RF,3,0,0,0.2
RF,3,0,0,0.12111111111111111
RF,3,0,0,0.31
RF,3,0,0,0.09333333333333334
RF,3,0,0,0.26
RF,3,1,0,0.15666666666666668
RF,3,0,1,0.6033333333333334
RF,3,0,0,0.4197777777777778
RF,3,0,0,0.22
RF,3,0,0,0.1577777777777778
RF,3,0,0,0.18666666666666668
RF,3,0,0,0.15333333333333332
RF,3,0,0,0.19
RF,3,1,0,0.25333333333333335
RF,3,0,0,0.27
RF,3,0,1,0.6666666666666666
RF,3,0,0,0.09333333333333334
RF,3,0,0,0.21666666666666667
RF,3,0,0,0.5
RF,3,0,0,0.043333333333333335
RF,3,0,0,0.3566666666666667
RF,3,0,0,0.31666666666666665
RF,3,1,0,0.23
RF,3,0,0,0.23
RF,3,1,0,0.25
RF,3,0,0,0.35
RF,3,1,0,0.38666666666666666
RF,3,0,0,0.0811111111111111
RF,3,0,0,0.08755555555555557
RF,3,0,0,0.09666666666666666
RF,3,1,1,0.6433333333333333
RF,3,0,0,0.13333333333333333
RF,3,0,0,0.23
RF,3,0,1,0.5997222222222223
RF,3,1,0,0.14166666666666666
RF,3,0,0,0.22333333333333333
RF,3,0,1,0.5066666666666667
RF,3,0,0,0.13166666666666665
RF,3,1,1,0.8766666666666667
RF,3,0,0,0.08666666666666667
RF,3,1,1,0.7433333333333333
RF,3,0,0,0.13
RF,3,0,0,0.13333333333333333
RF,3,0,0,0.13666666666666666
RF,3,0,0,0.23333333333333334
RF,3,0,1,0.52
RF,3,1,0,0.23
RF,3,0,0,0.32666666666666666
RF,3,0,1,0.6266666666666667
RF,3,0,1,0.58
RF,3,1,0,0.3433333333333333
RF,3,0,0,0.06333333333333334
RF,3,0,0,0.3433333333333333
RF,3,0,1,0.5133333333333333
RF,3,0,0,0.11333333333333333
RF,3,0,0,0.0033333333333333335
RF,3,0,0,0.18666666666666668
RF,3,0,1,0.62
RF,3,0,0,0.17666666666666667
RF,3,0,0,0.09833333333333333
RF,3,0,0,0.20333333333333334
RF,3,0,0,0.36666666666666664
RF,3,1,0,0.22666666666666666
RF,3,0,0,0.23
RF,3,0,1,0.6066666666666667
RF,3,0,0,0.17333333333333334
RF,3,0,0,0.39666666666666667
RF,3,0,0,0.028611111111111108
RF,3,1,1,0.5433333333333333
RF,3,0,0,0.17666666666666667
RF,3,0,0,0.21666666666666667
RF,3,0,0,0.4166666666666667
RF,3,0,0,0.08
RF,3,0,0,0.37666666666666665
RF,3,1,1,0.6866666666666666
RF,3,0,0,0.14
RF,3,0,0,0.4266666666666667
RF,3,1,0,0.05
RF,3,0,1,0.65
RF,3,0,0,0.26666666666666666
RF,3,0,0,0.14333333333333334
RF,3,0,0,0.19333333333333333
RF,3,0,0,0.4666666666666667
RF,3,0,1,0.5566666666666666
RF,3,0,0,0.23333333333333334
RF,3,0,1,0.64
RF,3,0,1,0.8866666666666667
RF,3,0,1,0.6766666666666666
RF,3,0,0,0.14666666666666667
RF,3,0,0,0.27666666666666667
RF,3,0,0,0.35
RF,3,0,0,0.37666666666666665
RF,3,0,0,0.27
RF,3,0,0,0.24666666666666667
RF,3,0,0,0.24666666666666667
RF,3,0,0,0.35333333333333333
RF,3,0,0,0.28
RF,3,0,0,0.25
RF,3,0,0,0.3233333333333333
RF,3,0,0,0.056666666666666664
RF,3,0,0,0.35
RF,3,0,1,0.8566666666666667
RF,3,0,1,0.5066666666666667
RF,3,0,0,0.49
RF,3,0,1,0.51
RF,3,0,0,0.13333333333333333
RF,3,0,1,0.6766666666666666
RF,3,0,0,0.03
RF,4,0,0,0.46
RF,4,0,0,0.12333333333333334
RF,4,0,0,0.09944444444444445
RF,4,0,0,0.31666666666666665
RF,4,1,1,0.6833333333333333
RF,4,0,0,0.17888888888888888
RF,4,0,0,0.27888888888888885
RF,4,0,0,0.06
RF,4,0,1,0.94
RF,4,0,0,0.3025
RF,4,0,0,0.31666666666666665
RF,4,0,0,0.28
RF,4,0,0,0.35
RF,4,0,0,0.08333333333333333
RF,4,0,1,0.6433333333333333
RF,4,1,0,0.33
RF,4,1,0,0.26666666666666666
RF,4,0,0,0.16
RF,4,0,0,0.13666666666666666
RF,4,0,0,0.08333333333333333
RF,4,0,0,0.27
RF,4,0,0,0.23333333333333334
RF,4,0,0,0.013333333333333334
RF,4,0,1,0.57
RF,4,0,0,0.3
RF,4,0,0,0.4533333333333333
RF,4,1,0,0.37333333333333335
RF,4,0,0,0.27
RF,4,0,0,0.49666666666666665
RF,4,0,0,0.07
RF,4,0,0,0.18666666666666668
RF,4,0,0,0.07333333333333333
RF,4,1,0,0.2833333333333333
RF,4,0,0,0.42333333333333334
RF,4,1,1,0.7133333333333334
RF,4,0,0,0.21
RF,4,0,0,0.17
RF,4,0,0,0.02666666666666667
RF,4,1,0,0.43
RF,4,0,0,0.43333333333333335
RF,4,0,0,0.37333333333333335
RF,4,0,1,0.7241666666666666
RF,4,0,0,0.34
RF,4,0,0,0.26
RF,4,0,0,0.37
RF,4,0,0,0.26666666666666666
RF,4,0,0,0.11666666666666667
RF,4,1,1,0.92
RF,4,0,0,0.41
RF,4,0,0,0.043333333333333335
RF,4,1,0,0.085
RF,4,1,1,0.65
RF,4,0,0,0.18333333333333332
RF,4,0,0,0.44
RF,4,0,0,0.31666666666666665
RF,4,0,0,0.25
RF,4,0,1,0.56
RF,4,0,0,0.21
RF,4,1,1,0.5452222222222223
RF,4,0,1,0.61
RF,4,0,1,0.8966666666666666
RF,4,0,0,0.3333333333333333
RF,4,1,0,0.08
RF,4,1,0,0.2633333333333333
RF,4,0,1,0.6
RF,4,0,0,0.23666666666666666
RF,4,0,0,0.2788888888888889
RF,4,1,1,0.7233333333333334
RF,4,0,0,0.30333333333333334
RF,4,0,0,0.16666666666666666
RF,4,0,0,0.17333333333333334
RF,4,1,0,0.37333333333333335
RF,4,1,0,0.44666666666666666
RF,4,1,0,0.2833333333333333
RF,4,1,1,0.6
RF,4,0,0,0.14333333333333334
RF,4,0,0,0.36333333333333334
RF,4,0,0,0.42333333333333334
RF,4,0,0,0.44666666666666666
RF,4,0,0,0.19
RF,4,0,0,0.13333333333333333
RF,4,0,0,0.09222222222222222
RF,4,0,0,0.2633333333333333
RF,4,0,0,0.19
RF,4,0,0,0.105
RF,4,1,1,0.5066666666666667
RF,4,1,0,0.36666666666666664
RF,4,1,1,0.691111111111111
RF,4,0,0,0.39
RF,4,0,0,0.3964920634920636
RF,4,0,0,0.33
RF,4,1,0,0.15
RF,4,0,0,0.45666666666666667
RF,4,1,0,0.38333333333333336
RF,4,1,1,0.89
RF,4,0,0,0.22
RF,4,0,0,0.14666666666666667
RF,4,1,0,0.4166666666666667
RF,4,0,0,0.20666666666666667
RF,4,0,1,0.5177222222222222
RF,4,0,0,0.15666666666666668
RF,4,0,0,0.16
RF,4,0,0,0.3475
RF,4,0,0,0.16
RF,4,0,0,0.45666666666666667
RF,4,0,0,0.16666666666666666
RF,4,0,0,0.21333333333333335
RF,4,0,0,0.13333333333333333
RF,4,0,0,0.27666666666666667
RF,4,0,0,0.22
RF,4,0,0,0.13333333333333333
RF,4,0,0,0.08
RF,4,0,0,0.36666666666666664
RF,4,0,0,0.02
RF,4,0,0,0.2377777777777778
RF,4,0,0,0.42333333333333334
RF,4,0,0,0.20333333333333334
RF,4,0,0,0.2833333333333333
RF,4,0,0,0.11666666666666667
RF,4,0,1,0.54
RF,4,0,0,0.22333333333333333
RF,4,0,1,0.5466666666666666
RF,4,0,1,0.7933333333333333
RF,4,0,0,0.30333333333333334
RF,4,0,0,0.26
RF,4,0,0,0.48
RF,4,0,0,0.01
RF,4,1,0,0.36333333333333334
RF,4,1,1,0.75
RF,4,0,0,0.3433333333333333
RF,4,0,0,0.33
RF,4,0,0,0.13
RF,4,1,1,0.71
RF,4,0,0,0.4155555555555555
RF,4,0,0,0.04666666666666667
RF,4,0,0,0.36666666666666664
RF,4,0,0,0.24
RF,4,0,0,0.06666666666666667
RF,4,0,1,0.5466666666666666
RF,4,0,0,0.20666666666666667
RF,4,0,0,0.11
RF,4,0,0,0.29333333333333333
RF,4,1,0,0.06
RF,4,0,0,0.09666666666666666
RF,4,0,1,0.9466666666666667
RF,4,0,1,0.5328333333333333
RF,4,0,0,0.41
RF,4,0,1,0.5733333333333334
RF,4,0,0,0.37666666666666665
RF,4,0,0,0.36
RF,4,1,1,0.5233333333333333
RF,4,0,0,0.02666666666666667
RF,4,0,0,0.4533333333333333
RF,4,0,0,0.18666666666666668
RF,4,1,0,0.23333333333333334
RF,4,0,0,0.2966666666666667
RF,4,0,0,0.44333333333333336
RF,4,1,1,0.71
RF,4,0,0,0.12
RF,4,0,1,0.5305555555555557
RF,4,1,0,0.37333333333333335
RF,4,0,0,0.023333333333333334
RF,4,0,0,0.07444444444444444
RF,4,1,0,0.2488888888888889
RF,4,0,1,0.6633333333333333
RF,4,0,1,0.52
RF,4,0,1,0.6933333333333334
RF,4,0,0,0.21666666666666667
RF,4,0,0,0.06972222222222221
RF,4,0,0,0.17722222222222223
RF,4,0,0,0.07333333333333333
RF,4,0,0,0.10333333333333333
RF,4,0,0,0.12666666666666668
RF,4,0,0,0.26
RF,4,1,0,0.21666666666666667
RF,4,0,0,0.42
RF,4,0,0,0.15666666666666668
RF,4,0,0,0.1
RF,4,1,1,0.5233333333333333
RF,4,0,0,0.4088888888888889
RF,4,0,0,0.3333333333333333
RF,4,0,0,0.15
RF,4,1,0,0.2961111111111111
RF,4,0,1,0.6066666666666667
RF,4,1,0,0.15333333333333332
RF,4,1,1,0.93
RF,4,0,0,0.145
RF,4,0,0,0.4866666666666667
RF,4,0,1,0.72
RF,4,0,0,0.13333333333333333
RF,4,1,1,0.98
RF,4,0,0,0.056666666666666664
RF,4,0,0,0.21333333333333335
RF,4,0,0,0.20333333333333334
RF,4,1,0,0.07333333333333333
RF,4,0,1,0.6766666666666666
RF,4,0,1,0.71
RF,4,0,0,0.3233333333333333
RF,4,0,0,0.022666666666666665
RF,4,0,0,0.23666666666666666
RF,4,0,0,0.23666666666666666
RF,4,0,0,0.09
RF,4,0,0,0.12666666666666668
RF,4,1,0,0.25
RF,4,0,0,0.013333333333333334
RF,4,0,0,0.27055555555555555
RF,4,0,0,0.43
RF,4,1,1,0.54
RF,4,0,0,0.44333333333333336
RF,4,0,0,0.03666666666666667
RF,4,1,1,0.51
RF,4,0,0,0.17666666666666667
RF,4,0,0,0.11666666666666667
RF,4,0,0,0.023333333333333334
RF,4,1,1,0.65
RF,4,0,0,0.15
RF,4,0,0,0.22333333333333333
RF,4,1,1,0.7933333333333333
RF,4,0,0,0.39666666666666667
RF,4,0,0,0.12622222222222224
RF,4,0,0,0.20333333333333334
RF,4,0,0,0.21333333333333335
RF,4,0,0,0.15527777777777776
RF,4,1,0,0.14
RF,4,0,0,0.4266666666666667
RF,4,0,0,0.16333333333333333
RF,4,0,0,0.38
RF,4,1,0,0.37666666666666665
RF,4,0,0,0.296
RF,4,1,0,0.4033333333333333
RF,4,1,0,0.44333333333333336
RF,4,0,0,0.3466666666666667
RF,4,0,0,0.06666666666666667
RF,4,0,0,0.4166666666666667
RF,4,0,0,0.22666666666666666
RF,4,0,0,0.12666666666666668
RF,4,0,0,0.15
RF,4,0,0,0.3466666666666667
RF,4,0,0,0.36
RF,4,0,0,0.3496666666666667
RF,4,1,0,0.056666666666666664
RF,4,0,0,0.03
RF,4,0,0,0.06
RF,4,0,0,0.08666666666666667
RF,4,0,0,0.24333333333333335
RF,4,0,0,0.19
RF,4,0,1,0.52
RF,4,0,1,0.55
RF,4,1,0,0.23666666666666666
RF,4,1,0,0.12
RF,4,0,0,0.10333333333333333
RF,4,1,0,0.43333333333333335
RF,4,1,1,0.7933333333333333
RF,4,1,0,0.17749999999999996
RF,4,1,1,0.8533333333333334
RF,4,0,1,0.5666666666666667
RF,4,0,0,0.2922777777777778
RF,4,0,0,0.3466666666666667
RF,4,0,1,0.5733333333333334
RF,4,0,0,0.3112222222222222
RF,4,0,0,0.24261111111111114
RF,4,0,0,0.11666666666666667
RF,4,1,0,0.24
RF,4,0,0,0.16
RF,4,0,0,0.10861111111111109
RF,4,0,0,0.043333333333333335
RF,4,0,0,0.36333333333333334
RF,4,0,0,0.43
RF,4,0,0,0.27
RF,4,0,0,0.31
RF,4,0,1,0.8766666666666667
RF,4,0,1,0.89
RF,4,0,0,0.14666666666666667
RF,4,0,0,0.36333333333333334
RF,4,0,0,0.41
RF,4,0,0,0.17666666666666667
RF,4,0,0,0.2633333333333333
RF,4,0,1,0.6766666666666666
RF,4,0,0,0.2
RF,4,0,0,0.29
RF,4,0,0,0.23666666666666666
RF,4,0,0,0.33
RF,4,0,0,0.06333333333333334
RF,4,1,0,0.22666666666666666
RF,4,0,0,0.03
RF,4,1,1,0.6366666666666667
RF,4,0,0,0.16
RF,4,1,0,0.12222222222222223
RF,4,0,0,0.10777777777777779
RF,4,0,1,0.6533333333333333
RF,4,0,1,0.5033333333333333
RF,4,0,0,0.3
RF,4,0,0,0.32666666666666666
RF,4,0,1,0.8266666666666667
RF,4,0,0,0.18
RF,4,1,1,0.9266666666666666
RF,4,0,0,0.35333333333333333
RF,4,0,0,0.40444444444444444
RF,4,1,1,0.5533333333333333
RF,4,0,0,0.24
RF,4,1,0,0.04666666666666667
RF,4,0,0,0.5
RF,4,0,0,0.36
RF,4,0,0,0.1852777777777778
RF,4,1,0,0.08666666666666667
RF,4,1,0,0.38666666666666666
RF,4,1,0,0.3933333333333333
RF,4,0,1,0.5257301587301585
RF,4,1,1,0.57
RF,4,0,1,0.5733333333333334
RF,4,0,0,0.44666666666666666
RF,4,0,1,0.62
RF,4,1,1,0.5733333333333334
RF,4,0,0,0.16333333333333333
RF,4,0,0,0.14333333333333334
RF,4,0,0,0.3466666666666667
RF,4,0,0,0.27
RF,4,0,1,0.6222777777777778
RF,4,0,0,0.205
RF,4,0,0,0.12666666666666668
RF,4,0,0,0.16666666666666666
RF,4,0,0,0.03333333333333333
RF,4,1,0,0.041111111111111105
RF,4,0,0,0.12666666666666668
RF,4,0,0,0.03333333333333333
RF,4,1,0,0.04666666666666667
RF,4,0,0,0.27
RF,4,0,0,0.19666666666666666
RF,4,1,0,0.25
RF,4,0,0,0.12
RF,4,0,0,0.016666666666666666
RF,4,0,0,0.48
RF,4,1,0,0.25333333333333335
RF,4,0,0,0.38666666666666666
RF,4,0,0,0.31
RF,4,0,0,0.42
RF,4,1,1,1.0
RF,4,0,0,0.44
RF,4,0,0,0.15333333333333332
RF,4,0,1,0.7833888888888887
RF,4,0,0,0.45
RF,4,0,0,0.265
RF,4,0,0,0.2966666666666667
RF,4,1,1,0.5566666666666666
RF,4,0,0,0.12
RF,4,0,0,0.2733333333333333
RF,4,0,0,0.43333333333333335
RF,4,0,1,0.8033333333333333
RF,4,0,0,0.08666666666666667
RF,4,0,0,0.31333333333333335
RF,4,1,0,0.023333333333333334
RF,4,0,0,0.37666666666666665
RF,4,0,0,0.16333333333333333
RF,4,0,0,0.2733333333333333
RF,4,0,0,0.11666666666666667
RF,4,0,0,0.09666666666666666
RF,4,0,0,0.19666666666666666
RF,4,0,1,0.63
RF,4,0,0,0.14666666666666667
RF,4,1,0,0.30816666666666664
RF,4,0,0,0.05333333333333334
RF,4,1,0,0.28
RF,4,0,0,0.28
RF,4,0,0,0.23333333333333334
RF,4,0,1,0.6633333333333333
RF,4,0,0,0.1219285714285714
RF,4,0,1,0.8427777777777777
RF,4,0,1,0.5133333333333333
RF,4,0,0,0.2633333333333333
RF,4,0,0,0.24666666666666667
RF,4,1,0,0.48333333333333334
RF,4,0,0,0.16666666666666666
RF,4,0,0,0.31
RF,4,0,0,0.1
RF,4,0,0,0.14333333333333334
RF,4,0,0,0.10666666666666667
RF,4,1,0,0.03733333333333333
RF,4,1,0,0.05333333333333334
RF,4,0,0,0.19416666666666665
RF,4,1,1,0.5266666666666666
RF,4,1,0,0.47
RF,4,0,0,0.06222222222222223
RF,4,0,0,0.4533333333333333
RF,4,0,0,0.21333333333333335
RF,4,0,0,0.2
RF,4,1,1,0.7766666666666666
RF,4,0,0,0.11666666666666667
RF,4,1,1,0.74
RF,4,1,1,0.5233333333333333
RF,4,1,0,0.08
RF,4,1,0,0.36
RF,4,0,0,0.02
RF,4,0,0,0.4266666666666667
RF,4,0,1,0.61
RF,4,0,0,0.45
RF,4,0,0,0.3566666666666667
RF,4,1,1,0.59
RF,4,0,0,0.23333333333333334
RF,4,0,0,0.42333333333333334
RF,4,0,0,0.30666666666666664
RF,4,0,0,0.39266666666666666
RF,4,1,0,0.36
RF,4,0,0,0.02
RF,4,0,0,0.44666666666666666
RF,4,0,0,0.14333333333333334
RF,4,1,1,0.5766666666666667
RF,4,0,0,0.10333333333333333
RF,4,1,0,0.21
RF,4,1,0,0.3466666666666667
RF,4,0,0,0.3933333333333333
RF,4,0,0,0.33
RF,4,0,0,0.16666666666666666
RF,4,0,0,0.42333333333333334
RF,4,0,0,0.3566666666666667
RF,4,0,0,0.01
RF,4,0,0,0.20666666666666667
RF,4,0,0,0.049539682539682536
RF,4,0,0,0.24666666666666667
RF,4,0,0,0.2833333333333333
RF,4,0,0,0.01
RF,4,0,0,0.21
RF,4,0,0,0.15333333333333332
RF,4,0,0,0.31333333333333335
RF,4,0,0,0.43666666666666665
RF,4,0,0,0.49333333333333335
RF,4,0,0,0.060833333333333336
RF,4,0,0,0.4633333333333333
RF,4,0,0,0.21666666666666667
RF,4,0,0,0.08388888888888889
RF,4,0,1,0.6433333333333333
RF,4,0,0,0.07333333333333333
RF,4,0,1,0.5166666666666667
RF,4,1,0,0.3933333333333333
RF,4,0,0,0.08666666666666667
RF,4,0,0,0.16666666666666666
RF,4,0,0,0.25333333333333335
RF,4,1,0,0.43333333333333335
RF,4,0,0,0.016666666666666666
RF,4,0,0,0.16333333333333333
RF,4,1,0,0.4033333333333333
RF,4,0,0,0.17
RF,4,0,0,0.31833333333333336
RF,4,0,0,0.13
RF,4,0,0,0.15
RF,4,1,0,0.23666666666666666
RF,4,0,0,0.2833333333333333
RF,4,0,0,0.34
RF,4,0,1,0.55
RF,4,0,0,0.3
RF,4,0,0,0.17333333333333334
RF,4,1,1,0.57
RF,4,0,0,0.1611111111111111
RF,4,0,0,0.1466111111111111
RF,4,0,1,0.7666666666666667
RF,4,0,0,0.37
RF,4,0,0,0.016666666666666666
RF,4,0,0,0.05
RF,4,0,0,0.03333333333333333
RF,4,0,0,0.14333333333333334
RF,4,0,0,0.08333333333333333
RF,4,1,0,0.24333333333333335
RF,4,0,0,0.20666666666666667
RF,4,1,1,0.6266666666666667
RF,4,0,0,0.2833333333333333
RF,4,0,0,0.16722222222222222
RF,4,0,1,0.903611111111111
RF,4,0,0,0.17583333333333334
RF,4,0,0,0.18666666666666668
RF,4,1,1,0.8233333333333334
RF,4,0,0,0.10666666666666667
RF,4,0,0,0.18
RF,4,1,1,0.5533333333333333
RF,4,0,0,0.013333333333333334
RF,4,1,0,0.41333333333333333
RF,4,0,0,0.3333333333333333
RF,4,0,0,0.08666666666666667
RF,4,0,1,0.7866666666666666
RF,4,0,0,0.37666666666666665
RF,4,0,0,0.031111111111111107
RF,4,0,0,0.21333333333333335
RF,4,1,1,0.73
RF,4,0,1,0.5366666666666666
RF,4,0,0,0.06666666666666667
RF,4,0,0,0.36333333333333334
RF,4,0,0,0.05
RF,4,0,0,0.16
RF,4,0,1,0.6166666666666667
RF,4,1,1,0.96
RF,4,0,0,0.44666666666666666
RF,4,0,0,0.08433333333333333
RF,4,0,0,0.05766666666666667
RF,4,0,0,0.26666666666666666
RF,4,0,0,0.16
RF,4,0,0,0.18333333333333332
RF,4,0,0,0.22333333333333333
RF,4,0,0,0.16026190476190477
RF,4,0,0,0.06
RF,4,0,0,0.15
RF,4,0,0,0.05
RF,4,1,1,0.5266666666666666
RF,4,0,0,0.17666666666666667
RF,4,0,0,0.32666666666666666
RF,4,0,0,0.04666666666666667
RF,4,0,0,0.3433333333333333
RF,4,0,0,0.04
RF,4,1,0,0.3933333333333333
RF,4,0,0,0.16255555555555556
RF,4,1,1,0.64
RF,4,1,0,0.44333333333333336
RF,4,0,0,0.11666666666666667
RF,4,0,0,0.14
RF,4,0,0,0.37
RF,4,1,0,0.455
RF,4,0,0,0.22333333333333333
RF,4,0,0,0.0033333333333333335
RF,4,0,0,0.38666666666666666
RF,4,0,0,0.43333333333333335
RF,4,1,1,0.6866666666666666
RF,4,0,0,0.15333333333333332
RF,4,0,0,0.09666666666666666
RF,4,0,0,0.38333333333333336
RF,4,0,0,0.20333333333333334
RF,4,0,0,0.30666666666666664
RF,4,0,0,0.3
RF,4,0,0,0.13777777777777775
RF,4,0,0,0.07472222222222222
RF,4,0,0,0.39666666666666667
RF,4,1,0,0.26666666666666666
RF,4,0,0,0.35
RF,4,1,0,0.15
RF,4,0,0,0.21666666666666667
RF,4,0,0,0.05416666666666667
RF,4,0,0,0.3472222222222222
RF,4,0,0,0.013333333333333334
RF,4,0,0,0.21
RF,4,0,0,0.03666666666666667
RF,4,0,0,0.12333333333333334
RF,4,0,0,0.16666666666666666
RF,4,0,0,0.11333333333333333
RF,4,0,1,0.6966666666666667
RF,4,0,0,0.13666666666666666
RF,4,1,1,0.6766666666666666
RF,4,1,0,0.2966666666666667
RF,4,0,0,0.48
RF,4,0,0,0.21666666666666667
RF,4,0,0,0.3233333333333333
RF,4,1,1,0.5866666666666667
RF,4,0,1,0.53
RF,4,0,1,0.7666666666666667
RF,4,1,1,0.65
RF,4,0,0,0.36333333333333334
RF,4,0,0,0.4772222222222222
RF,4,0,0,0.03666666666666667
RF,4,1,0,0.23333333333333334
RF,4,0,0,0.16
RF,4,0,0,0.06
RF,4,0,0,0.18666666666666668
RF,4,1,1,0.64
RF,4,0,0,0.4266666666666667
RF,4,0,1,0.5066666666666667
RF,4,0,1,0.8933333333333333
RF,4,0,1,0.6033333333333334
RF,4,0,0,0.11333333333333333
RF,4,0,0,0.2733333333333333
RF,4,0,0,0.03333333333333333
RF,4,1,1,0.99
RF,4,0,1,0.56
RF,4,1,0,0.08666666666666667
RF,4,0,0,0.26666666666666666
RF,4,0,1,0.8866666666666667
RF,4,0,0,0.3933333333333333
RF,4,0,0,0.2
RF,4,0,0,0.16
RF,4,0,1,0.57
RF,4,0,0,0.24555555555555553
RF,4,0,0,0.11333333333333333
RF,4,1,1,0.6433333333333333
RF,4,0,0,0.36666666666666664
RF,4,1,0,0.33
RF,4,0,0,0.14833333333333334
RF,4,1,1,0.9033333333333333
RF,4,1,0,0.39
RF,4,0,0,0.23522222222222222
RF,4,0,0,0.07
RF,4,1,0,0.30333333333333334
RF,4,0,1,0.5622222222222223
RF,4,1,0,0.1
RF,4,0,0,0.15166666666666667
RF,4,0,0,0.27
RF,4,0,0,0.16333333333333333
RF,4,0,0,0.36
RF,4,0,0,0.012666666666666666
RF,4,0,1,0.51
RF,4,0,0,0.12777777777777777
RF,4,0,1,0.6266666666666667
RF,4,0,0,0.2046111111111111
RF,4,0,0,0.24
RF,4,1,0,0.22666666666666666
RF,4,1,0,0.21333333333333335
RF,4,0,0,0.37666666666666665
RF,4,0,1,0.6233333333333333
RF,4,0,0,0.16666666666666666
RF,4,0,0,0.21333333333333335
RF,4,0,1,0.5452222222222223
RF,4,0,0,0.10333333333333333
RF,4,0,0,0.32
RF,4,1,0,0.29333333333333333
RF,4,0,0,0.032888888888888884
RF,4,0,0,0.39666666666666667
RF,4,0,0,0.15333333333333332
RF,4,0,0,0.023333333333333334
RF,4,0,0,0.04666666666666667
RF,4,1,1,0.62
RF,4,1,1,0.5333333333333333
RF,4,1,1,0.54
RF,4,0,0,0.23694444444444449
RF,4,0,0,0.11333333333333333
RF,4,0,0,0.33
RF,4,0,1,0.7533333333333333
RF,4,0,0,0.09
RF,4,1,0,0.19
RF,4,0,0,0.28
RF,4,0,0,0.33666666666666667
RF,4,1,0,0.32666666666666666
RF,4,1,0,0.04
RF,4,0,1,0.6766666666666666
RF,4,0,0,0.19666666666666666
RF,4,0,0,0.41
RF,4,0,0,0.10333333333333333
RF,4,1,0,0.37
RF,4,1,1,0.55
RF,4,0,0,0.43
RF,4,0,0,0.16666666666666666
RF,4,0,0,0.26666666666666666
RF,4,0,0,0.07333333333333333
RF,4,0,0,0.31
RF,4,0,0,0.12333333333333334
RF,4,0,0,0.14833333333333334
RF,4,0,1,0.74
RF,4,0,0,0.26
RF,4,0,0,0.14666666666666667
RF,4,0,0,0.09666666666666666
RF,4,1,1,0.6133333333333333
RF,4,0,0,0.24666666666666667
RF,4,0,1,0.57
RF,4,1,1,0.5033333333333333
RF,4,0,1,0.78
RF,4,1,0,0.23666666666666666
RF,4,0,0,0.37666666666666665
RF,4,0,0,0.06333333333333334
RF,4,1,1,0.7566666666666667
RF,4,0,0,0.13333333333333333
RF,4,0,0,0.24
RF,4,0,0,0.12444444444444445
RF,4,0,0,0.023333333333333334
RF,4,0,0,0.20333333333333334
RF,4,1,1,0.6052777777777777
RF,4,1,0,0.42333333333333334
RF,4,1,1,0.7233333333333334
RF,4,0,0,0.2866666666666667
RF,4,0,0,0.30666666666666664
RF,4,0,0,0.21
RF,4,0,0,0.11277777777777777
RF,4,0,0,0.24666666666666667
RF,4,0,0,0.3433333333333333
RF,4,0,1,0.6066666666666667
RF,4,0,0,0.15666666666666668
RF,4,0,0,0.12
RF,4,0,0,0.10333333333333333
RF,4,0,0,0.2833333333333333
RF,4,0,1,0.5933333333333334
RF,4,0,0,0.14
RF,4,0,0,0.02666666666666667
RF,4,1,1,0.7966666666666666
RF,4,0,0,0.19666666666666666
RF,4,0,0,0.13
RF,4,1,0,0.37
RF,4,1,0,0.08
RF,4,0,0,0.25333333333333335
RF,4,0,0,0.24666666666666667
RF,4,1,0,0.4866666666666667
RF,4,0,0,0.4266666666666667
RF,4,1,1,0.69
RF,4,0,0,0.25
RF,4,0,0,0.12388888888888891
RF,4,0,0,0.17166666666666666
RF,4,1,0,0.09666666666666666
RF,4,1,0,0.43
RF,4,0,0,0.09
RF,4,0,1,0.6433333333333333
RF,4,0,0,0.15666666666666668
RF,4,0,1,0.8
RF,4,0,0,0.14
RF,4,0,0,0.02666666666666667
RF,4,0,1,0.67
RF,4,0,1,0.65
RF,4,0,0,0.06844444444444443
RF,4,1,1,0.62
RF,4,0,0,0.036333333333333336
RF,4,0,0,0.22333333333333333
RF,4,1,0,0.4322222222222222
RF,4,0,1,0.7633333333333333
RF,4,0,0,0.02
RF,4,0,1,0.5989444444444445
RF,4,1,0,0.36333333333333334
RF,4,0,0,0.28
RF,4,0,0,0.3933333333333333
RF,4,0,0,0.45
RF,4,0,0,0.27666666666666667
RF,4,1,0,0.1322222222222222
RF,4,0,0,0.17
RF,4,0,0,0.11666666666666667
RF,4,1,0,0.2
RF,4,0,0,0.25666666666666665
RF,4,0,0,0.20666666666666667
RF,4,0,0,0.095
RF,4,1,0,0.1825
RF,4,0,0,0.3933333333333333
RF,4,1,0,0.31666666666666665
RF,4,0,0,0.025
RF,4,0,0,0.17333333333333334
RF,4,0,0,0.2227380952380953
RF,4,1,0,0.02666666666666667
RF,4,1,0,0.07833333333333334
RF,4,0,0,0.25
RF,4,0,0,0.10333333333333333
RF,4,1,1,0.5766666666666667
RF,4,0,0,0.02
RF,4,0,0,0.37
RF,4,1,0,0.2733333333333333
RF,4,0,0,0.14333333333333334
RF,4,0,0,0.39666666666666667
RF,4,0,0,0.19166666666666668
RF,4,0,1,0.8033333333333333
RF,4,1,1,0.71
RF,4,0,0,0.27
RF,4,0,0,0.39
RF,4,1,1,0.6933333333333334
RF,4,1,1,0.7133333333333334
RF,4,0,0,0.25
RF,4,0,0,0.12
RF,4,1,0,0.30333333333333334
RF,4,0,0,0.4266666666666667
RF,4,1,0,0.043333333333333335
RF,4,0,0,0.19666666666666666
RF,4,0,1,0.5766666666666667
RF,4,0,0,0.24666666666666667
RF,4,0,0,0.24
RF,4,1,1,0.5666666666666667
RF,4,0,1,0.65
RF,4,0,0,0.26666666666666666
RF,4,0,0,0.46
RF,4,0,0,0.29
RF,4,0,0,0.14333333333333334
RF,4,0,0,0.02
RF,4,0,0,0.29277777777777775
RF,4,0,0,0.14
RF,4,1,1,0.9133333333333333
RF,4,0,0,0.21
RF,4,1,0,0.3433333333333333
RF,4,0,0,0.13333333333333333
RF,4,1,1,0.6366666666666667
RF,4,1,0,0.4666666666666667
RF,4,0,0,0.24
RF,4,0,0,0.15
RF,4,0,0,0.24
RF,4,0,0,0.27166666666666667
RF,4,0,1,0.56
RF,4,0,0,0.07
RF,4,0,0,0.14
RF,4,0,0,0.013333333333333334
RF,4,0,0,0.18333333333333332
RF,4,1,0,0.49666666666666665
RF,4,0,0,0.24666666666666667
RF,4,0,0,0.36333333333333334
RF,4,1,0,0.25777777777777783
RF,4,0,0,0.14333333333333334
RF,4,0,0,0.07666666666666666
RF,4,0,0,0.11
RF,4,1,0,0.4666666666666667
RF,4,0,0,0.20333333333333334
RF,4,0,0,0.38666666666666666
RF,4,0,0,0.20333333333333334
RF,4,0,0,0.4633333333333333
RF,4,0,0,0.45
RF,4,0,0,0.33
RF,4,0,0,0.16
RF,4,1,0,0.21333333333333335
RF,4,0,0,0.15
RF,4,0,0,0.24888888888888885
RF,4,0,0,0.06333333333333334
RF,4,0,0,0.09
RF,4,1,1,0.5466666666666666
RF,4,0,0,0.3
RF,4,0,0,0.3566666666666667
RF,4,1,0,0.13666666666666666
RF,4,0,0,0.4633333333333333
RF,4,1,0,0.25333333333333335
RF,4,1,1,0.69
RF,4,0,0,0.22333333333333333
RF,4,0,0,0.26
RF,4,0,0,0.016666666666666666
RF,4,0,0,0.28
RF,4,0,0,0.19333333333333333
RF,4,0,0,0.01
RF,4,0,0,0.06666666666666667
RF,4,1,0,0.3433333333333333
RF,4,0,0,0.20333333333333334
RF,4,0,0,0.13433333333333333
RF,4,0,1,0.5966666666666667
RF,4,0,0,0.12333333333333334
RF,4,0,0,0.33666666666666667
RF,4,0,0,0.22
RF,4,0,0,0.11333333333333333
RF,4,0,0,0.31666666666666665
RF,4,1,0,0.1775
RF,4,0,0,0.4166666666666667
RF,4,0,0,0.15666666666666668
RF,4,0,0,0.2696111111111111
RF,4,0,0,0.19833333333333333
RF,4,0,0,0.01
RF,4,0,0,0.22333333333333333
RF,4,0,0,0.23
RF,4,0,0,0.3425555555555556
RF,4,0,0,0.38333333333333336
RF,4,0,0,0.44
RF,4,0,0,0.095
RF,4,0,0,0.07666666666666666
RF,4,0,0,0.26
RF,4,0,0,0.36333333333333334
RF,4,0,0,0.09666666666666666
RF,4,1,0,0.18666666666666668
RF,4,0,1,0.7566666666666667
RF,4,0,0,0.17333333333333334
RF,4,0,0,0.4666666666666667
RF,4,0,0,0.21666666666666667
RF,4,0,0,0.30333333333333334
RF,4,1,0,0.19
RF,4,0,0,0.25333333333333335
RF,4,1,1,0.72
RF,4,0,0,0.36333333333333334
RF,4,1,0,0.25333333333333335
RF,4,0,0,0.17
RF,4,1,0,0.2966666666666667
RF,4,1,0,0.42
RF,4,1,0,0.26666666666666666
RF,4,0,0,0.043333333333333335
RF,4,0,0,0.24666666666666667
RF,4,0,0,0.08888888888888889
RF,4,0,0,0.13633333333333333
RF,4,0,0,0.10333333333333333
RF,4,1,0,0.22666666666666666
RF,4,1,1,0.77
RF,4,0,0,0.19333333333333333
RF,4,0,0,0.3566666666666667
RF,4,0,1,0.5133333333333333
RF,4,0,1,0.64
RF,4,0,0,0.31
RF,4,0,0,0.22918253968253965
RF,4,0,1,0.9066666666666666
RF,4,0,0,0.23
RF,4,0,0,0.49666666666666665
RF,4,0,0,0.25333333333333335
RF,4,0,0,0.26
RF,4,1,0,0.4533333333333333
RF,4,0,0,0.13333333333333333
RF,4,0,0,0.16333333333333333
RF,4,1,0,0.30333333333333334
RF,4,0,0,0.10583333333333333
RF,4,0,0,0.37333333333333335
RF,4,1,0,0.41
RF,4,1,1,0.6866666666666666
RF,4,1,1,0.75
RF,4,0,1,0.8666666666666667
RF,4,0,0,0.4666666666666667
RF,4,0,1,0.5333333333333333
RF,4,0,0,0.43
RF,4,0,0,0.042777777777777776
RF,4,0,0,0.4
RF,4,1,1,0.5233333333333333
RF,4,0,0,0.08777777777777777
RF,4,0,0,0.3566666666666667
RF,4,0,0,0.16666666666666666
RF,4,0,1,0.5366666666666666
RF,4,0,0,0.16666666666666666
RF,4,0,0,0.15222222222222223
RF,4,0,1,0.63
RF,4,0,0,0.22
RF,4,0,0,0.11
RF,4,0,0,0.14
RF,4,0,0,0.42
RF,4,0,0,0.26416666666666666
RF,4,1,0,0.1
RF,4,0,0,0.31666666666666665
RF,4,1,1,0.5766666666666667
RF,4,1,0,0.31277777777777777
RF,4,0,0,0.37305555555555553
RF,4,0,0,0.2633333333333333
RF,4,1,0,0.16666666666666666
RF,4,0,0,0.42
RF,4,1,1,0.8633333333333333
RF,4,1,0,0.27666666666666667
RF,4,1,0,0.43333333333333335
RF,4,0,0,0.14
RF,4,0,0,0.19333333333333333
RF,4,0,1,0.81
RF,4,1,0,0.32666666666666666
RF,4,0,0,0.37333333333333335
RF,4,0,0,0.03333333333333333
RF,4,1,1,0.6366666666666667
RF,4,1,0,0.03333333333333333
RF,4,0,0,0.07333333333333333
RF,4,0,0,0.09
RF,4,0,0,0.26166666666666666
RF,4,0,0,0.22
RF,4,0,0,0.24333333333333335
RF,4,0,0,0.29333333333333333
RF,4,0,0,0.20888888888888887
RF,4,0,1,0.6133333333333333
RF,4,0,0,0.1
RF,4,1,0,0.28
RF,4,1,0,0.4066666666666667
RF,4,1,1,0.5466666666666666
RF,4,1,1,0.7266666666666667
RF,4,0,1,0.8766666666666667
RF,4,0,0,0.07666666666666666
RF,4,0,0,0.17333333333333334
RF,4,0,0,0.14333333333333334
RF,4,1,1,0.5666666666666667
RF,4,1,0,0.24
RF,4,0,0,0.38333333333333336
RF,4,0,0,0.056666666666666664
RF,4,0,0,0.04
RF,4,1,1,0.87
RF,4,0,0,0.38666666666666666
RF,4,0,1,0.62
RF,4,0,1,0.69
RF,4,0,0,0.08666666666666667
RF,4,0,0,0.30333333333333334
RF,4,0,0,0.09666666666666666
RF,4,0,0,0.08333333333333333
RF,4,0,0,0.44333333333333336
RF,4,0,0,0.04666666666666667
RF,4,0,0,0.11666666666666667
RF,4,0,0,0.24666666666666667
RF,4,0,1,0.5633333333333334
RF,4,1,0,0.03722222222222222
RF,4,0,0,0.039
RF,4,0,0,0.3433333333333333
RF,4,0,0,0.24
RF,4,0,0,0.3
RF,4,0,0,0.3411111111111111
RF,4,0,1,0.7933333333333333
RF,4,0,0,0.051111111111111114
RF,4,0,0,0.14333333333333334
RF,4,0,0,0.14
RF,4,1,1,0.7
RF,4,0,0,0.4050198412698413
RF,4,0,0,0.09
RF,4,0,0,0.14666666666666667
RF,4,1,0,0.4
RF,4,0,0,0.03444444444444444
RF,4,0,0,0.26666666666666666
RF,4,0,0,0.049444444444444444
RF,4,0,0,0.15333333333333332
RF,4,0,0,0.028333333333333332
RF,4,1,1,0.715
RF,4,0,0,0.12666666666666668
RF,4,0,0,0.22333333333333333
RF,4,1,1,0.8833333333333333
RF,4,0,0,0.36
RF,4,0,0,0.02
RF,4,0,0,0.4544444444444444
RF,4,1,1,0.6966666666666667
RF,4,0,0,0.135
RF,4,1,0,0.30416666666666664
RF,4,0,0,0.14
RF,4,1,0,0.21333333333333332
RF,4,0,0,0.06
RF,4,0,0,0.09666666666666666
RF,4,1,0,0.44
RF,4,0,0,0.19
RF,4,0,0,0.18333333333333332
RF,4,1,0,0.14666666666666667
RF,4,0,0,0.24
RF,4,1,1,0.6
RF,4,1,0,0.052888888888888895
RF,4,0,0,0.24333333333333335
RF,4,0,0,0.25666666666666665
RF,4,0,1,0.57
RF,4,0,0,0.21666666666666667
RF,4,1,0,0.47333333333333333
RF,4,0,0,0.18
RF,4,0,1,0.8566666666666667
RF,4,1,0,0.20666666666666667
RF,4,0,1,0.6133333333333333
RF,4,0,0,0.15333333333333332
RF,4,1,1,0.8933333333333333
RF,4,0,0,0.37666666666666665
RF,4,1,0,0.37666666666666665
RF,4,1,0,0.08
RF,4,0,1,0.6933333333333334
RF,4,0,0,0.27666666666666667
RF,4,0,0,0.3333333333333333
RF,4,0,0,0.1927777777777778
RF,4,0,1,0.6766666666666666
RF,4,0,0,0.2966666666666667
RF,4,1,0,0.2633333333333333
RF,4,1,1,0.76
RF,4,1,0,0.11555555555555558
RF,4,0,0,0.2966666666666667
RF,4,0,0,0.12333333333333334
RF,4,0,0,0.12333333333333334
RF,4,1,0,0.2922777777777778
RF,4,1,0,0.35
RF,4,0,1,0.7333333333333333
RF,4,0,1,0.72
RF,4,0,1,0.6733333333333333
RF,4,0,0,0.20444444444444443
RF,4,0,1,0.73
RF,4,0,0,0.025
RF,4,0,0,0.14333333333333334
RF,4,0,0,0.14333333333333334
RF,4,0,0,0.2633333333333333
RF,4,0,0,0.1
RF,4,0,1,0.69
RF,4,1,0,0.15333333333333332
RF,4,0,0,0.3466666666666667
RF,4,0,0,0.27666666666666667
RF,4,0,0,0.17
RF,4,1,0,0.35333333333333333
RF,4,0,0,0.38666666666666666
RF,4,1,1,0.5233333333333333
RF,4,0,0,0.31666666666666665
RF,4,0,0,0.02
RF,4,0,0,0.30666666666666664
RF,4,0,0,0.03333333333333333
RF,4,0,0,0.16
RF,4,0,0,0.10333333333333333
RF,4,1,0,0.10333333333333333
RF,4,0,1,0.5766666666666667
RF,4,0,0,0.02
RF,4,0,0,0.24888888888888885
RF,4,0,0,0.21333333333333335
RF,4,1,0,0.34
RF,4,0,0,0.15
RF,4,0,0,0.0475
RF,4,0,0,0.18666666666666668
RF,4,0,0,0.2833333333333333
RF,4,0,0,0.023333333333333334
RF,4,0,0,0.31666666666666665
RF,4,1,1,0.87
RF,4,0,0,0.13404761904761905
RF,4,0,0,0.38333333333333336
RF,4,0,0,0.09666666666666666
RF,4,0,0,0.04833333333333333
RF,4,0,1,0.6766666666666666
RF,4,0,0,0.30333333333333334
RF,4,0,0,0.09666666666666666
RF,4,0,0,0.30333333333333334
RF,4,0,0,0.023333333333333334
RF,4,0,1,0.8166666666666667
RF,4,0,0,0.06666666666666667
RF,4,0,0,0.23333333333333334
RF,4,0,0,0.07666666666666666
RF,4,0,0,0.3433333333333333
RF,4,1,0,0.43333333333333335
RF,4,1,1,0.7066666666666667
RF,4,1,0,0.33
RF,4,1,1,0.6309999999999999
RF,4,0,0,0.26
RF,4,0,0,0.44333333333333336
RF,4,0,0,0.40222222222222226
RF,4,0,0,0.07166666666666667
RF,4,1,1,0.8866666666666667
RF,4,0,0,0.28
RF,4,0,0,0.21
RF,4,0,0,0.007777777777777777
RF,4,0,0,0.17
RF,4,1,0,0.26666666666666666
RF,4,1,1,0.5133333333333333
RF,4,0,0,0.22
RF,4,0,0,0.15666666666666668
RF,4,0,0,0.21
RF,4,0,0,0.19333333333333333
RF,4,0,1,0.77
RF,4,1,1,0.5833333333333334
RF,4,1,1,0.8366666666666667
RF,4,0,0,0.46
RF,4,0,0,0.25127777777777777
RF,4,0,1,0.92
RF,4,0,1,0.96
RF,4,0,0,0.25416666666666665
RF,4,0,0,0.2866666666666667
RF,4,0,0,0.050833333333333335
RF,4,0,0,0.18666666666666668
RF,4,1,0,0.14
RF,4,0,0,0.24583333333333332
RF,4,1,0,0.4633333333333333
RF,4,0,0,0.38
RF,4,0,0,0.1811111111111111
RF,4,0,0,0.10666666666666667
RF,4,1,1,0.91
RF,4,0,0,0.27666666666666667
RF,4,0,0,0.2502777777777778
RF,4,0,0,0.48333333333333334
RF,4,0,1,0.5566666666666666
RF,4,0,0,0.34
RF,4,1,0,0.06
RF,4,0,0,0.3566666666666667
RF,4,0,0,0.35
RF,4,0,0,0.4266666666666667
RF,4,0,0,0.34
RF,4,0,0,0.32666666666666666
RF,4,0,0,0.3628333333333334
RF,4,0,0,0.49666666666666665
RF,4,0,0,0.08666666666666667
RF,4,1,0,0.18
RF,4,0,0,0.18333333333333332
RF,4,0,0,0.36333333333333334
RF,4,1,0,0.4033333333333333
RF,4,0,0,0.013333333333333334
RF,4,0,0,0.32666666666666666
RF,4,0,0,0.30666666666666664
RF,4,1,1,0.7533333333333333
RF,4,0,0,0.31333333333333335
RF,4,1,1,0.5633333333333334
RF,4,0,0,0.056666666666666664
RF,4,0,0,0.4533333333333333
RF,4,0,0,0.24666666666666667
RF,4,0,0,0.3233333333333333
RF,4,0,0,0.37333333333333335
RF,4,0,0,0.3466666666666667
RF,4,0,0,0.006666666666666667
RF,4,0,0,0.16333333333333333
RF,4,0,0,0.06
RF,4,0,1,0.5966666666666667
RF,4,0,0,0.3644444444444444
RF,4,0,0,0.4058333333333333
RF,4,0,0,0.23
RF,4,0,0,0.30333333333333334
RF,4,0,0,0.14
RF,4,0,1,0.6333333333333333
RF,4,1,0,0.2633333333333333
RF,4,0,0,0.08333333333333333
RF,4,0,0,0.3433333333333333
RF,4,0,0,0.13333333333333333
RF,4,0,0,0.06333333333333334
RF,4,1,1,0.51
RF,4,0,0,0.20333333333333334
RF,4,0,0,0.35333333333333333
RF,4,0,0,0.10333333333333333
RF,4,1,0,0.19805555555555557
RF,4,1,1,0.5666666666666667
RF,4,0,0,0.06333333333333334
RF,4,1,0,0.44666666666666666
RF,4,0,1,0.6066666666666667
RF,4,0,0,0.04
RF,4,0,0,0.10333333333333333
RF,4,0,0,0.12333333333333334
RF,4,0,0,0.1831111111111111
RF,4,0,0,0.09
RF,4,0,0,0.19666666666666666
RF,4,0,0,0.3933333333333333
RF,4,0,1,0.5133333333333333
RF,4,0,0,0.30666666666666664
RF,4,1,1,0.5166666666666667
RF,4,0,0,0.21583333333333332
RF,4,0,0,0.09333333333333334
RF,4,0,0,0.29333333333333333
RF,4,1,0,0.37
RF,4,0,0,0.14
RF,4,1,0,0.1852777777777778
RF,4,0,0,0.04666666666666667
RF,4,0,0,0.19666666666666666
RF,4,0,1,0.7787777777777778
RF,4,0,0,0.29
RF,4,1,1,0.6866666666666666
RF,4,1,0,0.4033333333333333
RF,4,0,0,0.4066666666666667
RF,4,0,0,0.041666666666666664
RF,4,0,0,0.08566666666666667
RF,4,0,1,0.5970555555555557
RF,4,0,0,0.15666666666666668
RF,4,0,0,0.12583333333333332
RF,4,1,1,0.56
RF,4,0,0,0.04722222222222222
RF,4,0,0,0.11155555555555556
RF,4,0,0,0.32666666666666666
RF,4,0,0,0.43333333333333335
RF,4,0,0,0.10333333333333333
RF,4,0,0,0.2633333333333333
RF,4,1,1,0.9
RF,4,0,0,0.20333333333333334
RF,4,0,0,0.33
RF,4,0,0,0.32716666666666666
RF,4,0,0,0.04111111111111111
RF,4,0,0,0.36
RF,4,0,1,0.54
RF,4,0,1,0.5633333333333334
RF,4,0,0,0.07
RF,4,0,0,0.13333333333333333
RF,4,0,1,0.5883333333333334
RF,4,0,0,0.22327777777777777
RF,4,0,0,0.21
RF,4,1,1,0.5566666666666666
RF,4,1,1,0.58
RF,4,0,0,0.11666666666666667
RF,4,0,0,0.20333333333333334
RF,4,0,0,0.26666666666666666
RF,4,0,0,0.27
RF,4,0,0,0.07666666666666666
RF,4,1,0,0.17333333333333334
RF,4,0,0,0.043333333333333335
RF,4,0,0,0.38
RF,4,1,1,0.55
RF,4,0,0,0.3
RF,4,1,0,0.25666666666666665
RF,4,1,0,0.08
RF,4,1,1,0.69
RF,4,0,0,0.11333333333333333
RF,4,0,0,0.21
RF,4,0,0,0.2227777777777778
RF,4,0,0,0.05333333333333334
RF,4,0,0,0.11333333333333333
RF,4,0,0,0.14
RF,4,0,0,0.18333333333333332
RF,4,1,0,0.27666666666666667
RF,4,0,1,0.5233333333333333
RF,4,0,0,0.2733333333333333
RF,4,0,0,0.08666666666666667
RF,4,0,0,0.29
RF,4,0,0,0.19666666666666666
RF,4,0,1,0.8815555555555556
RF,4,0,0,0.29333333333333333
RF,4,1,0,0.24333333333333335
RF,4,0,0,0.26666666666666666
RF,4,1,0,0.3466666666666667
RF,4,0,0,0.06333333333333334
RF,4,1,0,0.31222222222222223
RF,4,1,1,0.5466666666666666
RF,4,0,0,0.2088888888888889
RF,4,1,0,0.0044444444444444444
RF,4,0,0,0.22666666666666666
RF,4,0,0,0.03
RF,4,0,0,0.14555555555555555
RF,4,1,0,0.2866666666666667
RF,4,0,0,0.08
RF,4,0,1,0.5366666666666666
RF,4,0,0,0.17
RF,4,0,0,0.14333333333333334
RF,4,1,1,0.5833333333333334
RF,4,0,0,0.18
RF,4,0,0,0.053888888888888896
RF,4,0,0,0.23
RF,4,0,0,0.2866666666666667
RF,4,0,0,0.2
RF,4,0,1,0.7266666666666667
RF,4,0,0,0.27
RF,4,0,0,0.19666666666666666
RF,4,0,0,0.36
RF,4,0,0,0.02
RF,4,1,0,0.3333333333333333
RF,4,0,0,0.15666666666666668
RF,4,0,0,0.03
RF,4,0,0,0.26666666666666666
RF,4,0,0,0.17333333333333334
RF,4,0,0,0.29333333333333333
RF,4,1,0,0.08666666666666667
RF,4,1,0,0.2966666666666667
RF,4,0,0,0.10333333333333333
RF,4,1,1,0.79
RF,4,0,0,0.1
RF,4,0,0,0.10666666666666667
RF,4,0,1,0.5133333333333333
RF,4,0,0,0.25888888888888884
RF,4,0,0,0.19
RF,4,0,0,0.4633333333333333
RF,4,0,0,0.17
RF,4,0,1,0.5333333333333333
RF,4,0,0,0.2866666666666667
RF,4,0,0,0.31
RF,4,0,0,0.08333333333333333
RF,4,0,0,0.0
RF,4,1,1,0.6333333333333333
RF,4,1,1,0.61
RF,4,0,0,0.27
RF,4,0,0,0.15666666666666668
RF,4,1,1,0.5833333333333334
RF,4,0,0,0.18444444444444444
RF,4,0,0,0.48
RF,4,0,0,0.31666666666666665
RF,4,0,0,0.2375
RF,4,1,0,0.07666666666666666
RF,4,0,1,0.6866666666666666
RF,4,0,0,0.11
RF,4,0,0,0.13333333333333333
RF,4,0,0,0.1761111111111111
RF,4,0,0,0.42333333333333334
RF,4,0,0,0.4477777777777777
RF,4,0,0,0.14333333333333334
RF,4,1,0,0.095
RF,4,0,0,0.22
RF,4,0,1,0.57
RF,4,1,0,0.10333333333333333
RF,4,0,0,0.35
RF,4,1,1,0.6966666666666667
RF,4,0,0,0.07666666666666666
RF,4,0,0,0.13805555555555554
RF,4,0,1,0.6033333333333334
RF,4,0,0,0.08333333333333333
RF,4,0,0,0.48333333333333334
RF,4,0,0,0.02711111111111111
RF,4,0,0,0.0605
RF,4,1,0,0.48333333333333334
RF,4,0,0,0.3566666666666667
RF,4,0,0,0.4166666666666667
RF,4,0,1,0.5633333333333334
RF,4,0,0,0.37
RF,4,0,0,0.275
RF,4,0,0,0.25
RF,4,1,1,0.7033333333333334
RF,4,0,1,0.7466666666666667
RF,4,1,0,0.4666666666666667
RF,4,0,0,0.06333333333333334
RF,4,0,1,0.5566666666666666
RF,4,0,0,0.29333333333333333
RF,4,0,0,0.46
RF,4,0,0,0.03666666666666667
RF,4,0,1,0.6366666666666667
RF,4,0,0,0.35333333333333333
RF,4,0,0,0.19
RF,4,0,0,0.16333333333333333
RF,4,1,1,0.59
RF,4,0,0,0.06333333333333334
RF,4,0,0,0.26
RF,4,0,0,0.11894444444444446
RF,4,1,0,0.44333333333333336
RF,4,0,0,0.08611111111111112
RF,4,0,1,0.64
RF,4,1,0,0.16333333333333333
RF,4,0,0,0.06992857142857142
RF,4,0,0,0.08777777777777779
RF,4,0,0,0.07
RF,4,0,0,0.40277777777777773
RF,4,0,0,0.37666666666666665
RF,4,0,0,0.14333333333333334
RF,4,0,0,0.3233333333333333
RF,4,0,0,0.1831111111111111
RF,4,1,0,0.06333333333333334
RF,4,1,1,0.5133333333333333
RF,4,0,0,0.01
RF,4,0,0,0.31333333333333335
RF,4,1,0,0.1931269841269841
RF,4,0,0,0.07333333333333333
RF,4,0,0,0.17333333333333334
RF,4,0,1,0.6977222222222222
RF,4,1,0,0.13666666666666666
RF,4,0,0,0.22
RF,4,0,0,0.31
RF,4,0,0,0.3566666666666667
RF,4,0,0,0.22
RF,4,0,0,0.37333333333333335
RF,4,1,0,0.49333333333333335
RF,4,0,0,0.46
RF,4,0,0,0.09
RF,4,0,0,0.29
RF,4,0,0,0.08
RF,4,0,0,0.18666666666666668
RF,4,0,0,0.17805555555555555
RF,4,1,0,0.35
RF,4,0,0,0.125
RF,4,1,1,0.6566666666666666
RF,4,0,0,0.3233333333333333
RF,4,0,0,0.21666666666666667
RF,4,0,0,0.42
RF,4,1,0,0.17666666666666667
RF,4,0,0,0.12
RF,4,0,0,0.041833333333333333
RF,4,1,0,0.20666666666666667
RF,4,1,0,0.31333333333333335
RF,4,0,0,0.34132539682539675
RF,4,0,0,0.09
RF,4,0,0,0.41333333333333333
RF,4,0,0,0.11666666666666667
RF,4,0,0,0.41
RF,4,0,0,0.2111111111111111
RF,4,0,0,0.12666666666666668
RF,4,0,0,0.27638888888888885
RF,4,0,0,0.24333333333333335
RF,4,0,0,0.15666666666666668
RF,4,0,0,0.29
RF,4,0,0,0.22
RF,4,0,1,0.9466666666666667
RF,4,0,0,0.019333333333333334
RF,4,0,1,0.5216666666666666
RF,4,0,0,0.12922222222222224
RF,4,0,0,0.15333333333333332
RF,4,0,0,0.04
RF,4,1,0,0.056666666666666664
RF,4,1,0,0.21666666666666667
RF,4,0,0,0.12579365079365076
RF,4,0,0,0.02666666666666667
RF,4,0,0,0.056666666666666664
RF,4,0,1,0.53
RF,4,0,0,0.37666666666666665
RF,4,0,1,0.6033333333333334
RF,4,0,0,0.18333333333333332
RF,4,0,1,0.7933333333333333
RF,4,0,0,0.2025
RF,4,0,0,0.12666666666666668
RF,4,1,0,0.4258888888888889
RF,4,0,0,0.46
RF,4,1,1,0.7033333333333334
RF,4,0,0,0.23333333333333334
RF,4,0,0,0.25333333333333335
RF,4,1,0,0.03333333333333333
RF,4,0,0,0.14466666666666667
RF,4,0,0,0.15792857142857142
RF,4,1,1,0.9666666666666667
RF,4,0,0,0.20333333333333334
RF,4,0,0,0.21666666666666667
RF,4,1,1,0.6533333333333333
RF,4,0,0,0.37666666666666665
RF,4,0,0,0.19666666666666666
RF,5,1,1,0.5633333333333334
RF,5,0,0,0.3644444444444444
RF,5,0,0,0.2966666666666667
RF,5,1,0,0.24333333333333335
RF,5,1,0,0.32
RF,5,0,0,0.04
RF,5,0,0,0.44333333333333336
RF,5,1,0,0.21333333333333335
RF,5,0,0,0.13333333333333333
RF,5,0,0,0.11666666666666667
RF,5,0,0,0.4666666666666667
RF,5,0,0,0.20666666666666667
RF,5,0,1,0.6166666666666667
RF,5,0,0,0.30666666666666664
RF,5,0,0,0.16666666666666666
RF,5,0,0,0.06
RF,5,1,0,0.19555555555555554
RF,5,0,0,0.17583333333333334
RF,5,0,0,0.43666666666666665
RF,5,0,0,0.06133333333333333
RF,5,1,0,0.37333333333333335
RF,5,0,0,0.1475
RF,5,0,1,0.8366666666666667
RF,5,0,0,0.14166666666666666
RF,5,0,1,0.6233333333333333
RF,5,0,0,0.23
RF,5,0,0,0.38333333333333336
RF,5,0,0,0.07333333333333333
RF,5,0,0,0.3933333333333333
RF,5,1,0,0.38333333333333336
RF,5,1,0,0.29
RF,5,0,0,0.4508333333333333
RF,5,0,0,0.06583333333333333
RF,5,1,1,0.7
RF,5,0,0,0.4255555555555556
RF,5,0,0,0.23666666666666666
RF,5,1,0,0.42
RF,5,0,0,0.14666666666666667
RF,5,1,0,0.45
RF,5,0,0,0.15
RF,5,1,0,0.38
RF,5,1,1,0.9166666666666666
RF,5,1,0,0.37
RF,5,0,1,0.8
RF,5,0,0,0.24
RF,5,0,0,0.23333333333333334
RF,5,0,0,0.24333333333333335
RF,5,0,0,0.38333333333333336
RF,5,1,1,0.8466666666666667
RF,5,0,0,0.30333333333333334
RF,5,0,0,0.39
RF,5,0,0,0.26
RF,5,1,0,0.09794444444444445
RF,5,1,0,0.42333333333333334
RF,5,0,0,0.08666666666666667
RF,5,0,0,0.2633333333333333
RF,5,0,0,0.47
RF,5,0,0,0.1
RF,5,0,0,0.11
RF,5,0,0,0.32
RF,5,0,0,0.1
RF,5,0,0,0.12
RF,5,0,0,0.24333333333333335
RF,5,0,0,0.043333333333333335
RF,5,0,0,0.08666666666666667
RF,5,0,0,0.08333333333333333
RF,5,0,0,0.32688888888888895
RF,5,0,0,0.016666666666666666
RF,5,0,0,0.2
RF,5,0,0,0.08
RF,5,0,0,0.10333333333333333
RF,5,0,0,0.4
RF,5,0,0,0.29333333333333333
RF,5,0,0,0.25333333333333335
RF,5,0,0,0.3
RF,5,0,0,0.05
RF,5,0,0,0.27944444444444444
RF,5,1,1,0.6466666666666666
RF,5,0,0,0.059722222222222225
RF,5,0,0,0.10666666666666667
RF,5,0,0,0.04
RF,5,1,1,0.5533333333333333
RF,5,0,0,0.24333333333333335
RF,5,0,0,0.07
RF,5,0,0,0.17666666666666667
RF,5,0,0,0.28777777777777774
RF,5,1,1,0.73
RF,5,1,1,0.6334841269841269
RF,5,0,1,0.6
RF,5,1,1,0.5616666666666666
RF,5,0,0,0.03
RF,5,0,0,0.17333333333333334
RF,5,0,0,0.145
RF,5,0,0,0.2833333333333333
RF,5,0,1,0.54
RF,5,1,1,0.5866666666666667
RF,5,0,0,0.09722222222222222
RF,5,0,0,0.15
RF,5,0,0,0.37
RF,5,1,1,0.6533333333333333
RF,5,0,0,0.3
RF,5,0,0,0.19666666666666666
RF,5,0,0,0.37666666666666665
RF,5,1,0,0.09333333333333334
RF,5,0,0,0.45
RF,5,1,1,0.54
RF,5,1,0,0.18
RF,5,0,0,0.09666666666666666
RF,5,0,0,0.46
RF,5,0,0,0.3433333333333333
RF,5,0,0,0.22666666666666666
RF,5,1,0,0.33666666666666667
RF,5,0,0,0.47
RF,5,0,0,0.17666666666666667
RF,5,0,0,0.07666666666666666
RF,5,0,0,0.06666666666666667
RF,5,1,0,0.21
RF,5,0,0,0.445
RF,5,0,0,0.29333333333333333
RF,5,0,0,0.28
RF,5,0,0,0.07333333333333333
RF,5,0,0,0.36666666666666664
RF,5,0,0,0.08666666666666667
RF,5,0,0,0.07
RF,5,0,0,0.4066666666666667
RF,5,0,0,0.13
RF,5,0,0,0.006666666666666667
RF,5,1,0,0.15333333333333332
RF,5,0,0,0.12333333333333334
RF,5,1,0,0.3566666666666667
RF,5,0,0,0.03666666666666667
RF,5,0,0,0.27666666666666667
RF,5,0,0,0.096
RF,5,0,1,0.5829206349206351
RF,5,0,0,0.20222222222222225
RF,5,0,0,0.41
RF,5,0,0,0.21333333333333335
RF,5,0,0,0.27666666666666667
RF,5,0,0,0.25666666666666665
RF,5,0,1,0.5566666666666666
RF,5,0,0,0.32
RF,5,1,1,0.6433333333333333
RF,5,0,1,0.6432698412698412
RF,5,0,0,0.20522222222222222
RF,5,0,0,0.20666666666666667
RF,5,1,1,0.5166666666666667
RF,5,0,1,0.5233333333333333
RF,5,0,0,0.12416666666666666
RF,5,0,1,0.7333333333333333
RF,5,0,0,0.27
RF,5,0,0,0.19333333333333333
RF,5,0,0,0.4533333333333333
RF,5,0,0,0.23
RF,5,0,0,0.16222222222222224
RF,5,0,0,0.043333333333333335
RF,5,0,0,0.14666666666666667
RF,5,0,1,0.5333333333333333
RF,5,0,0,0.38
RF,5,1,1,0.7233333333333334
RF,5,0,0,0.47
RF,5,0,0,0.22404761904761902
RF,5,0,0,0.24694444444444444
RF,5,0,0,0.18333333333333332
RF,5,0,0,0.17333333333333334
RF,5,0,1,0.6066666666666667
RF,5,0,0,0.16333333333333333
RF,5,0,0,0.33
RF,5,0,0,0.2325
RF,5,0,0,0.18666666666666668
RF,5,0,0,0.255
RF,5,1,0,0.47333333333333333
RF,5,0,0,0.24666666666666667
RF,5,0,0,0.07333333333333333
RF,5,1,0,0.37
RF,5,0,1,0.7133333333333334
RF,5,1,1,0.7766666666666666
RF,5,0,0,0.13666666666666666
RF,5,1,0,0.49666666666666665
RF,5,0,0,0.07333333333333333
RF,5,0,0,0.043333333333333335
RF,5,0,0,0.21333333333333335
RF,5,0,0,0.22
RF,5,0,0,0.22
RF,5,0,0,0.045
RF,5,0,0,0.47
RF,5,1,0,0.11
RF,5,1,0,0.19
RF,5,0,0,0.33
RF,5,0,0,0.38666666666666666
RF,5,1,0,0.19666666666666666
RF,5,0,1,0.6333333333333333
RF,5,0,0,0.12333333333333334
RF,5,0,0,0.22
RF,5,0,0,0.24333333333333335
RF,5,0,0,0.15
RF,5,0,0,0.0225
RF,5,0,0,0.3566666666666667
RF,5,0,0,0.09
RF,5,0,1,0.7994444444444444
RF,5,0,0,0.11666666666666667
RF,5,0,0,0.44
RF,5,0,0,0.3
RF,5,0,1,0.7466666666666667
RF,5,0,0,0.4666666666666667
RF,5,0,0,0.03
RF,5,0,0,0.06333333333333334
RF,5,0,0,0.1
RF,5,0,0,0.35333333333333333
RF,5,0,0,0.06666666666666667
RF,5,1,0,0.46
RF,5,0,0,0.03166666666666667
RF,5,0,0,0.18388888888888888
RF,5,1,0,0.35333333333333333
RF,5,0,0,0.45
RF,5,0,0,0.06
RF,5,0,0,0.38666666666666666
RF,5,1,1,0.97
RF,5,1,1,0.57
RF,5,1,0,0.36333333333333334
RF,5,0,0,0.35
RF,5,0,0,0.3566666666666667
RF,5,0,0,0.21333333333333335
RF,5,0,0,0.11
RF,5,1,0,0.10777777777777776
RF,5,1,0,0.09333333333333334
RF,5,1,0,0.44
RF,5,0,0,0.22333333333333333
RF,5,0,0,0.19333333333333333
RF,5,1,0,0.11333333333333333
RF,5,0,0,0.24472222222222223
RF,5,0,0,0.046666666666666676
RF,5,0,0,0.23666666666666666
RF,5,0,0,0.4166666666666667
RF,5,1,0,0.03333333333333333
RF,5,0,0,0.3318730158730159
RF,5,0,0,0.04
RF,5,1,0,0.42
RF,5,1,0,0.3466666666666667
RF,5,0,0,0.22666666666666666
RF,5,0,0,0.22
RF,5,0,0,0.32666666666666666
RF,5,0,1,0.7866666666666666
RF,5,1,0,0.275
RF,5,1,0,0.23
RF,5,0,0,0.15
RF,5,0,0,0.45666666666666667
RF,5,0,1,0.52
RF,5,0,0,0.04027777777777778
RF,5,0,0,0.016666666666666666
RF,5,1,0,0.43333333333333335
RF,5,0,0,0.17
RF,5,1,1,0.5966666666666667
RF,5,0,0,0.013333333333333334
RF,5,0,0,0.30333333333333334
RF,5,0,0,0.07
RF,5,0,0,0.043333333333333335
RF,5,0,0,0.10333333333333333
RF,5,0,0,0.023333333333333334
RF,5,1,0,0.10333333333333333
RF,5,0,0,0.18333333333333332
RF,5,0,0,0.22333333333333333
RF,5,0,0,0.29333333333333333
RF,5,1,0,0.23333333333333334
RF,5,0,0,0.33
RF,5,0,0,0.17666666666666667
RF,5,0,0,0.3
RF,5,0,0,0.21333333333333335
RF,5,0,0,0.07722222222222222
RF,5,0,0,0.4
RF,5,0,0,0.17
RF,5,0,0,0.20472222222222222
RF,5,0,0,0.11
RF,5,1,0,0.06333333333333334
RF,5,0,0,0.04
RF,5,1,1,0.8533333333333334
RF,5,0,0,0.35333333333333333
RF,5,0,0,0.11
RF,5,1,0,0.39666666666666667
RF,5,1,1,0.63
RF,5,0,0,0.13
RF,5,0,0,0.2733333333333333
RF,5,0,0,0.14333333333333334
RF,5,1,0,0.06333333333333334
RF,5,0,0,0.056666666666666664
RF,5,0,0,0.17666666666666667
RF,5,0,0,0.1794444444444445
RF,5,0,0,0.44
RF,5,0,0,0.44333333333333336
RF,5,0,0,0.4666666666666667
RF,5,0,0,0.10555555555555556
RF,5,0,0,0.05
RF,5,0,0,0.18544444444444444
RF,5,0,0,0.14
RF,5,0,0,0.17333333333333334
RF,5,0,0,0.0636111111111111
RF,5,0,0,0.30250793650793656
RF,5,0,0,0.17111111111111113
RF,5,0,0,0.49333333333333335
RF,5,0,0,0.12333333333333334
RF,5,0,0,0.14744444444444446
RF,5,0,0,0.15722222222222224
RF,5,1,0,0.38333333333333336
RF,5,0,0,0.38333333333333336
RF,5,0,0,0.18
RF,5,0,0,0.19333333333333333
RF,5,0,1,0.66
RF,5,0,0,0.11
RF,5,1,0,0.34
RF,5,0,0,0.07
RF,5,0,0,0.43
RF,5,0,0,0.3566666666666667
RF,5,0,1,0.6133333333333333
RF,5,0,0,0.09333333333333334
RF,5,0,0,0.15
RF,5,0,0,0.20555555555555555
RF,5,0,0,0.24333333333333335
RF,5,0,0,0.46
RF,5,0,0,0.15
RF,5,0,0,0.37333333333333335
RF,5,0,0,0.31
RF,5,0,0,0.22333333333333333
RF,5,0,0,0.24
RF,5,0,0,0.13666666666666666
RF,5,0,0,0.06
RF,5,0,0,0.36
RF,5,1,1,0.5033333333333333
RF,5,1,1,0.5633333333333334
RF,5,1,1,0.9866666666666667
RF,5,1,0,0.3466666666666667
RF,5,1,0,0.21333333333333335
RF,5,1,0,0.23666666666666666
RF,5,1,1,0.5233333333333333
RF,5,1,0,0.43333333333333335
RF,5,0,0,0.1752222222222222
RF,5,0,0,0.38083333333333336
RF,5,1,0,0.26666666666666666
RF,5,1,0,0.125
RF,5,0,0,0.25
RF,5,0,0,0.19666666666666666
RF,5,0,0,0.10333333333333333
RF,5,0,0,0.297
RF,5,1,0,0.1
RF,5,1,0,0.36
RF,5,1,0,0.25
RF,5,0,0,0.375
RF,5,0,0,0.20666666666666667
RF,5,0,0,0.30333333333333334
RF,5,0,1,0.5433333333333333
RF,5,0,0,0.4533333333333333
RF,5,1,0,0.24
RF,5,0,0,0.4533333333333333
RF,5,0,1,0.55
RF,5,0,0,0.32
RF,5,0,0,0.46
RF,5,0,0,0.11333333333333333
RF,5,0,1,0.73
RF,5,1,1,0.6433333333333333
RF,5,1,0,0.07666666666666666
RF,5,0,0,0.07333333333333333
RF,5,0,0,0.17
RF,5,0,0,0.031111111111111114
RF,5,0,0,0.078
RF,5,0,0,0.24
RF,5,0,0,0.31
RF,5,0,1,0.8466666666666667
RF,5,0,0,0.1
RF,5,0,0,0.12333333333333334
RF,5,0,1,0.6266666666666667
RF,5,0,0,0.38333333333333336
RF,5,0,0,0.13777777777777775
RF,5,0,1,0.7033333333333334
RF,5,0,0,0.03
RF,5,0,0,0.023333333333333334
RF,5,0,0,0.06
RF,5,0,0,0.15666666666666668
RF,5,0,0,0.43666666666666665
RF,5,1,0,0.2966666666666667
RF,5,0,0,0.16166666666666665
RF,5,0,0,0.06666666666666667
RF,5,0,0,0.08888888888888888
RF,5,0,0,0.42
RF,5,0,0,0.2733333333333333
RF,5,0,1,0.7833333333333333
RF,5,0,0,0.09333333333333334
RF,5,0,0,0.4166666666666667
RF,5,0,0,0.05333333333333334
RF,5,0,0,0.36
RF,5,1,0,0.3233333333333333
RF,5,0,0,0.08777777777777776
RF,5,0,0,0.4866666666666667
RF,5,0,0,0.32
RF,5,0,0,0.3933333333333333
RF,5,1,1,0.74
RF,5,0,0,0.31333333333333335
RF,5,0,0,0.15
RF,5,1,0,0.12666666666666668
RF,5,1,1,0.5933333333333334
RF,5,1,1,0.7733333333333333
RF,5,0,0,0.1
RF,5,0,0,0.4166666666666667
RF,5,0,0,0.27
RF,5,1,1,0.87
RF,5,1,0,0.3466666666666667
RF,5,0,0,0.35333333333333333
RF,5,1,0,0.15333333333333332
RF,5,0,0,0.08666666666666667
RF,5,0,0,0.16666666666666666
RF,5,0,0,0.14666666666666667
RF,5,0,0,0.11666666666666667
RF,5,1,0,0.3522222222222222
RF,5,0,0,0.21
RF,5,0,1,0.53
RF,5,0,0,0.2866666666666667
RF,5,0,0,0.25666666666666665
RF,5,0,0,0.07333333333333333
RF,5,0,0,0.07
RF,5,0,0,0.4166666666666667
RF,5,0,0,0.18
RF,5,0,0,0.2733333333333333
RF,5,0,0,0.2808333333333333
RF,5,1,1,0.6333333333333333
RF,5,0,0,0.30666666666666664
RF,5,1,0,0.19105555555555556
RF,5,0,0,0.4066666666666667
RF,5,0,1,0.59
RF,5,0,1,0.9944444444444446
RF,5,0,0,0.2733333333333333
RF,5,0,0,0.26
RF,5,0,0,0.2633333333333333
RF,5,0,0,0.17333333333333334
RF,5,0,0,0.09794444444444443
RF,5,1,1,0.69
RF,5,0,0,0.10333333333333333
RF,5,0,0,0.07833333333333334
RF,5,0,1,0.6533333333333333
RF,5,0,0,0.37
RF,5,1,0,0.13
RF,5,0,0,0.30333333333333334
RF,5,1,1,0.5333333333333333
RF,5,0,0,0.21
RF,5,0,0,0.27
RF,5,0,0,0.47
RF,5,0,0,0.16333333333333333
RF,5,1,0,0.47
RF,5,0,0,0.26666666666666666
RF,5,0,0,0.32
RF,5,0,0,0.08333333333333333
RF,5,0,0,0.37333333333333335
RF,5,0,0,0.09666666666666666
RF,5,0,0,0.3
RF,5,0,0,0.45666666666666667
RF,5,0,0,0.24333333333333335
RF,5,0,0,0.06333333333333334
RF,5,0,0,0.16
RF,5,0,0,0.28
RF,5,0,0,0.056666666666666664
RF,5,0,0,0.48
RF,5,0,0,0.17
RF,5,0,0,0.05
RF,5,1,0,0.36
RF,5,1,1,0.7866666666666666
RF,5,1,1,0.8
RF,5,0,0,0.48
RF,5,0,0,0.050833333333333335
RF,5,0,0,0.05111111111111111
RF,5,0,0,0.3933333333333333
RF,5,0,0,0.27
RF,5,0,0,0.3566666666666667
RF,5,1,0,0.31222222222222223
RF,5,1,0,0.26166666666666666
RF,5,1,0,0.3933333333333333
RF,5,1,0,0.18055555555555555
RF,5,0,1,0.6833333333333333
RF,5,0,1,0.51
RF,5,0,1,0.5366666666666666
RF,5,0,0,0.20333333333333334
RF,5,0,0,0.18
RF,5,0,0,0.05
RF,5,0,0,0.24
RF,5,0,0,0.14666666666666667
RF,5,0,0,0.16555555555555554
RF,5,0,0,0.22333333333333333
RF,5,1,1,0.5866666666666667
RF,5,0,0,0.12333333333333334
RF,5,0,1,0.5633333333333334
RF,5,0,1,0.7266666666666667
RF,5,1,1,0.59
RF,5,1,0,0.2886666666666666
RF,5,0,0,0.08666666666666667
RF,5,1,0,0.16333333333333333
RF,5,1,0,0.14666666666666667
RF,5,1,1,0.84
RF,5,1,1,0.5433333333333333
RF,5,1,0,0.3233333333333333
RF,5,1,0,0.5
RF,5,1,0,0.06444444444444446
RF,5,0,0,0.26
RF,5,0,0,0.26666666666666666
RF,5,0,0,0.09333333333333334
RF,5,1,0,0.35333333333333333
RF,5,1,0,0.26
RF,5,1,0,0.15253968253968256
RF,5,0,0,0.09
RF,5,0,0,0.3466666666666667
RF,5,0,0,0.25333333333333335
RF,5,0,0,0.20333333333333334
RF,5,0,0,0.22333333333333333
RF,5,0,1,0.5766666666666667
RF,5,0,0,0.14333333333333334
RF,5,0,0,0.12
RF,5,0,0,0.36333333333333334
RF,5,0,0,0.03
RF,5,1,0,0.22666666666666666
RF,5,0,0,0.49666666666666665
RF,5,0,0,0.25
RF,5,0,0,0.11333333333333333
RF,5,0,1,0.7933333333333333
RF,5,0,0,0.31833333333333336
RF,5,0,0,0.20666666666666667
RF,5,0,0,0.19650000000000004
RF,5,0,1,0.5133333333333333
RF,5,0,0,0.35333333333333333
RF,5,0,1,0.5933333333333334
RF,5,0,0,0.07138888888888888
RF,5,0,0,0.2633333333333333
RF,5,1,0,0.21694444444444444
RF,5,0,0,0.29333333333333333
RF,5,0,1,0.7133333333333334
RF,5,0,0,0.05811111111111111
RF,5,1,0,0.19333333333333333
RF,5,0,0,0.16
RF,5,0,0,0.09333333333333334
RF,5,0,0,0.05333333333333334
RF,5,0,0,0.10611111111111111
RF,5,0,0,0.19333333333333333
RF,5,1,1,0.77
RF,5,1,0,0.5
RF,5,0,0,0.32
RF,5,0,1,0.54
RF,5,1,0,0.35333333333333333
RF,5,1,1,0.8233333333333334
RF,5,0,0,0.19555555555555557
RF,5,0,0,0.18833333333333332
RF,5,1,1,0.9033333333333333
RF,5,1,1,0.6933333333333334
RF,5,0,1,0.8291666666666667
RF,5,1,1,0.5266666666666666
RF,5,1,0,0.182
RF,5,0,0,0.25
RF,5,0,0,0.34
RF,5,0,0,0.23111111111111116
RF,5,0,0,0.13333333333333333
RF,5,1,1,0.9933333333333333
RF,5,0,0,0.41333333333333333
RF,5,0,1,0.6
RF,5,1,1,0.8033333333333333
RF,5,0,0,0.25666666666666665
RF,5,0,0,0.15666666666666668
RF,5,0,1,0.53
RF,5,0,1,0.6227777777777778
RF,5,0,0,0.22666666666666666
RF,5,0,0,0.37333333333333335
RF,5,0,0,0.31
RF,5,1,1,0.9966666666666667
RF,5,1,0,0.11
RF,5,0,0,0.25
RF,5,0,0,0.25666666666666665
RF,5,0,0,0.27
RF,5,1,0,0.22333333333333333
RF,5,0,0,0.42333333333333334
RF,5,0,0,0.021666666666666667
RF,5,0,0,0.3333333333333333
RF,5,0,0,0.24
RF,5,0,1,0.5033333333333333
RF,5,0,0,0.06333333333333334
RF,5,0,0,0.2733333333333333
RF,5,0,0,0.06333333333333334
RF,5,0,0,0.06277777777777778
RF,5,0,0,0.4066666666666667
RF,5,0,0,0.3316666666666667
RF,5,0,0,0.12666666666666668
RF,5,0,0,0.44
RF,5,0,0,0.3566666666666667
RF,5,0,0,0.22666666666666666
RF,5,0,0,0.3933333333333333
RF,5,0,0,0.17
RF,5,0,0,0.08
RF,5,1,0,0.13333333333333333
RF,5,0,0,0.016666666666666666
RF,5,0,1,0.7433333333333333
RF,5,0,0,0.07755555555555556
RF,5,1,0,0.41
RF,5,0,0,0.013333333333333334
RF,5,0,0,0.25
RF,5,1,0,0.056666666666666664
RF,5,0,0,0.43
RF,5,0,0,0.4
RF,5,1,1,0.7733333333333333
RF,5,0,0,0.4
RF,5,1,0,0.25
RF,5,0,0,0.03
RF,5,0,0,0.04
RF,5,0,1,0.6566666666666666
RF,5,0,1,0.53
RF,5,0,0,0.2297222222222222
RF,5,0,0,0.10333333333333333
RF,5,0,0,0.03666666666666667
RF,5,0,0,0.12166666666666667
RF,5,0,0,0.1425
RF,5,1,0,0.48
RF,5,0,0,0.07333333333333333
RF,5,0,0,0.30333333333333334
RF,5,1,1,0.8669444444444445
RF,5,0,0,0.27666666666666667
RF,5,0,0,0.46
RF,5,0,0,0.16666666666666666
RF,5,0,0,0.23
RF,5,1,0,0.13666666666666666
RF,5,0,0,0.2422063492063492
RF,5,0,1,0.8466666666666667
RF,5,0,0,0.49333333333333335
RF,5,0,0,0.11666666666666667
RF,5,0,1,0.87
RF,5,0,0,0.1807976190476191
RF,5,0,1,0.5666666666666667
RF,5,0,0,0.10666666666666667
RF,5,0,0,0.2966666666666667
RF,5,1,0,0.19333333333333333
RF,5,0,0,0.02666666666666667
RF,5,0,0,0.4666666666666667
RF,5,0,0,0.023333333333333334
RF,5,0,0,0.4866666666666667
RF,5,0,0,0.07
RF,5,0,0,0.43333333333333335
RF,5,0,0,0.41
RF,5,0,0,0.41
RF,5,0,0,0.41333333333333333
RF,5,0,0,0.34
RF,5,0,0,0.38333333333333336
RF,5,0,0,0.08333333333333333
RF,5,0,0,0.2
RF,5,0,0,0.11
RF,5,0,0,0.45
RF,5,0,0,0.18666666666666668
RF,5,0,0,0.23
RF,5,0,0,0.42333333333333334
RF,5,0,0,0.13
RF,5,0,0,0.17333333333333334
RF,5,0,0,0.25666666666666665
RF,5,0,0,0.4266666666666667
RF,5,0,0,0.32
RF,5,1,1,0.51
RF,5,0,0,0.12666666666666668
RF,5,0,1,0.7766666666666666
RF,5,0,0,0.23333333333333334
RF,5,0,0,0.08
RF,5,0,0,0.29
RF,5,1,1,0.7633333333333333
RF,5,1,0,0.12666666666666668
RF,5,0,0,0.3466666666666667
RF,5,1,1,0.5366666666666666
RF,5,1,0,0.2733333333333333
RF,5,0,0,0.12333333333333334
RF,5,0,0,0.02666666666666667
RF,5,0,0,0.3233333333333333
RF,5,1,0,0.25
RF,5,0,0,0.39666666666666667
RF,5,1,1,0.8766666666666667
RF,5,1,1,0.8266666666666667
RF,5,0,0,0.19666666666666666
RF,5,0,1,0.57
RF,5,0,0,0.13666666666666666
RF,5,1,1,0.54
RF,5,0,1,0.7433333333333333
RF,5,0,0,0.19
RF,5,1,1,0.7466666666666667
RF,5,0,0,0.23666666666666666
RF,5,0,0,0.49
RF,5,0,0,0.17333333333333334
RF,5,0,0,0.14666666666666667
RF,5,0,0,0.26
RF,5,0,0,0.26
RF,5,0,0,0.10333333333333333
RF,5,0,0,0.37
RF,5,1,0,0.24
RF,5,0,0,0.24
RF,5,1,0,0.31
RF,5,1,1,0.7666666666666667
RF,5,0,1,0.5066666666666667
RF,5,0,0,0.23944444444444443
RF,5,0,0,0.12333333333333334
RF,5,0,0,0.16
RF,5,0,0,0.39656349206349206
RF,5,0,0,0.4033333333333333
RF,5,0,0,0.035
RF,5,1,0,0.23944444444444443
RF,5,0,0,0.16666666666666666
RF,5,0,0,0.13666666666666666
RF,5,0,0,0.25666666666666665
RF,5,0,0,0.23666666666666666
RF,5,0,0,0.04
RF,5,0,0,0.10666666666666667
RF,5,0,0,0.40611111111111114
RF,5,0,0,0.2633333333333333
RF,5,0,0,0.11666666666666667
RF,5,0,0,0.2633333333333333
RF,5,0,0,0.03666666666666667
RF,5,1,1,0.5366666666666666
RF,5,1,0,0.15333333333333332
RF,5,0,0,0.19333333333333333
RF,5,0,0,0.38666666666666666
RF,5,0,0,0.12666666666666668
RF,5,0,1,0.5555555555555555
RF,5,1,1,0.5266666666666666
RF,5,0,0,0.17405555555555555
RF,5,0,0,0.12
RF,5,0,0,0.12666666666666668
RF,5,0,0,0.35333333333333333
RF,5,0,0,0.34
RF,5,0,0,0.4766666666666667
RF,5,0,1,0.5566666666666666
RF,5,0,0,0.32666666666666666
RF,5,0,0,0.18333333333333332
RF,5,0,0,0.4033333333333333
RF,5,0,0,0.25666666666666665
RF,5,0,1,0.7322222222222222
RF,5,0,0,0.31333333333333335
RF,5,0,0,0.42333333333333334
RF,5,0,0,0.14666666666666667
RF,5,0,0,0.3333333333333333
RF,5,0,0,0.07666666666666666
RF,5,0,0,0.3433333333333333
RF,5,0,0,0.19
RF,5,0,1,0.5066666666666667
RF,5,0,0,0.25
RF,5,0,0,0.23333333333333334
RF,5,0,0,0.1863888888888889
RF,5,1,1,0.6166666666666667
RF,5,1,0,0.16333333333333333
RF,5,1,0,0.2966666666666667
RF,5,0,0,0.22333333333333333
RF,5,0,0,0.18666666666666668
RF,5,1,0,0.4
RF,5,0,0,0.4166666666666667
RF,5,0,0,0.28166666666666673
RF,5,1,1,0.5133333333333333
RF,5,0,0,0.33
RF,5,1,1,0.8733333333333333
RF,5,0,0,0.24666666666666667
RF,5,1,0,0.43333333333333335
RF,5,1,0,0.27777777777777773
RF,5,0,0,0.195
RF,5,1,1,0.6366666666666667
RF,5,0,0,0.13
RF,5,0,0,0.3466666666666667
RF,5,0,0,0.49333333333333335
RF,5,0,0,0.29333333333333333
RF,5,0,0,0.20661111111111108
RF,5,0,0,0.33666666666666667
RF,5,0,0,0.48
RF,5,1,1,0.5866666666666667
RF,5,1,0,0.4166666666666667
RF,5,0,1,0.6366666666666667
RF,5,0,0,0.22666666666666666
RF,5,0,0,0.25666666666666665
RF,5,0,1,0.5277777777777778
RF,5,0,0,0.15
RF,5,0,1,0.5666666666666667
RF,5,0,0,0.37666666666666665
RF,5,0,0,0.3333333333333333
RF,5,0,0,0.31
RF,5,0,1,0.51
RF,5,0,0,0.3
RF,5,0,0,0.20166666666666666
RF,5,0,0,0.11333333333333333
RF,5,1,0,0.42
RF,5,0,0,0.2791666666666667
RF,5,0,0,0.07833333333333334
RF,5,0,0,0.05277777777777778
RF,5,0,0,0.20666666666666667
RF,5,0,0,0.17
RF,5,0,0,0.29
RF,5,0,0,0.49333333333333335
RF,5,1,0,0.07666666666666666
RF,5,0,0,0.14333333333333334
RF,5,0,0,0.11666666666666667
RF,5,0,0,0.08666666666666667
RF,5,0,0,0.08333333333333333
RF,5,0,0,0.11666666666666667
RF,5,1,0,0.30333333333333334
RF,5,1,0,0.15111111111111108
RF,5,0,0,0.14333333333333334
RF,5,0,0,0.06333333333333334
RF,5,1,0,0.4166666666666667
RF,5,0,1,0.5866666666666667
RF,5,0,0,0.13
RF,5,0,0,0.17666666666666667
RF,5,0,0,0.16666666666666666
RF,5,1,0,0.20666666666666667
RF,5,0,0,0.24
RF,5,0,0,0.44333333333333336
RF,5,0,0,0.2833333333333333
RF,5,1,0,0.49333333333333335
RF,5,0,1,0.6028888888888889
RF,5,0,0,0.4066666666666667
RF,5,0,0,0.08
RF,5,0,0,0.25333333333333335
RF,5,1,0,0.20666666666666667
RF,5,0,0,0.03666666666666667
RF,5,1,0,0.37666666666666665
RF,5,1,0,0.15333333333333332
RF,5,0,1,0.5533333333333333
RF,5,0,0,0.17555555555555558
RF,5,1,1,0.56
RF,5,0,0,0.42333333333333334
RF,5,0,0,0.21666666666666667
RF,5,0,0,0.2733333333333333
RF,5,0,0,0.13
RF,5,1,0,0.09333333333333334
RF,5,0,0,0.1811111111111111
RF,5,1,1,0.5566666666666666
RF,5,1,1,0.7666666666666667
RF,5,1,1,0.9233333333333333
RF,5,0,1,0.5733333333333334
RF,5,1,0,0.42333333333333334
RF,5,0,0,0.21
RF,5,0,0,0.3233333333333333
RF,5,0,0,0.023333333333333334
RF,5,1,1,0.56
RF,5,0,0,0.1741111111111111
RF,5,1,0,0.043333333333333335
RF,5,1,0,0.13666666666666666
RF,5,0,0,0.2582777777777778
RF,5,0,0,0.07666666666666666
RF,5,0,0,0.39666666666666667
RF,5,0,0,0.10333333333333333
RF,5,1,0,0.24333333333333335
RF,5,1,1,0.98
RF,5,0,0,0.10666666666666667
RF,5,0,0,0.1488888888888889
RF,5,1,0,0.34
RF,5,0,0,0.10111111111111111
RF,5,0,0,0.06333333333333334
RF,5,0,1,0.5532222222222223
RF,5,1,1,0.7033333333333334
RF,5,0,0,0.18666666666666668
RF,5,0,0,0.29333333333333333
RF,5,0,0,0.04
RF,5,1,1,0.5466666666666666
RF,5,1,1,0.94
RF,5,0,0,0.26666666666666666
RF,5,1,1,0.9633333333333334
RF,5,0,0,0.06
RF,5,0,0,0.09666666666666666
RF,5,0,0,0.13666666666666666
RF,5,0,0,0.41333333333333333
RF,5,0,0,0.06
RF,5,0,0,0.35
RF,5,0,0,0.18
RF,5,0,0,0.49
RF,5,0,0,0.18
RF,5,0,0,0.13666666666666666
RF,5,0,0,0.43
RF,5,1,0,0.4166666666666667
RF,5,0,0,0.04666666666666667
RF,5,0,0,0.19
RF,5,0,0,0.24333333333333335
RF,5,0,0,0.22444444444444447
RF,5,0,0,0.11333333333333333
RF,5,0,0,0.13666666666666666
RF,5,0,0,0.44666666666666666
RF,5,0,0,0.34777777777777774
RF,5,0,0,0.4866666666666667
RF,5,0,1,0.7566666666666667
RF,5,1,0,0.38333333333333336
RF,5,0,1,0.55
RF,5,1,1,0.7966666666666666
RF,5,0,0,0.22333333333333333
RF,5,0,0,0.37666666666666665
RF,5,0,0,0.1
RF,5,0,0,0.49333333333333335
RF,5,0,0,0.2833333333333333
RF,5,0,0,0.12583333333333332
RF,5,0,0,0.4220925925925927
RF,5,0,1,0.5966666666666667
RF,5,0,0,0.44
RF,5,0,0,0.44333333333333336
RF,5,0,0,0.23666666666666666
RF,5,0,0,0.31
RF,5,0,0,0.02
RF,5,0,0,0.14
RF,5,0,1,0.7433333333333333
RF,5,1,0,0.4066666666666667
RF,5,0,0,0.4166666666666667
RF,5,1,0,0.08
RF,5,0,0,0.39666666666666667
RF,5,0,0,0.065
RF,5,0,0,0.36333333333333334
RF,5,0,0,0.1
RF,5,1,0,0.14
RF,5,0,0,0.25333333333333335
RF,5,0,0,0.25666666666666665
RF,5,0,0,0.23666666666666666
RF,5,0,0,0.13666666666666666
RF,5,0,0,0.0475
RF,5,0,0,0.3333333333333333
RF,5,0,0,0.34
RF,5,1,1,0.55
RF,5,0,0,0.20666666666666667
RF,5,0,1,0.52
RF,5,0,0,0.043333333333333335
RF,5,0,0,0.16333333333333333
RF,5,1,0,0.06272222222222222
RF,5,0,0,0.08
RF,5,1,0,0.17666666666666667
RF,5,0,0,0.08
RF,5,1,0,0.13944444444444443
RF,5,0,1,0.8
RF,5,1,0,0.36666666666666664
RF,5,0,0,0.5
RF,5,0,0,0.2633333333333333
RF,5,0,0,0.035333333333333335
RF,5,1,0,0.20666666666666667
RF,5,0,0,0.11811111111111113
RF,5,1,0,0.38
RF,5,0,0,0.08
RF,5,1,0,0.3333333333333333
RF,5,0,0,0.05
RF,5,0,0,0.20333333333333334
RF,5,1,0,0.27566666666666667
RF,5,0,0,0.2833333333333333
RF,5,0,0,0.1
RF,5,1,1,0.6
RF,5,0,0,0.30333333333333334
RF,5,1,0,0.07333333333333333
RF,5,1,0,0.15
RF,5,0,1,0.7133333333333334
RF,5,0,0,0.2872222222222222
RF,5,0,0,0.23333333333333334
RF,5,0,1,0.6666666666666666
RF,5,0,0,0.09
RF,5,0,0,0.12666666666666668
RF,5,0,1,0.7466666666666667
RF,5,0,0,0.10011111111111112
RF,5,0,0,0.215
RF,5,0,1,0.5133333333333333
RF,5,1,0,0.30666666666666664
RF,5,1,0,0.10444444444444444
RF,5,0,1,0.6266666666666667
RF,5,0,1,0.7116666666666667
RF,5,0,0,0.43166666666666664
RF,5,0,0,0.20666666666666667
RF,5,0,0,0.17
RF,5,1,1,0.7166666666666667
RF,5,0,1,0.6366666666666667
RF,5,0,0,0.2733333333333333
RF,5,0,0,0.16666666666666666
RF,5,1,1,0.5266666666666666
RF,5,0,0,0.09833333333333333
RF,5,0,1,0.6625000000000001
RF,5,0,0,0.056666666666666664
RF,5,0,0,0.30333333333333334
RF,5,0,0,0.016666666666666666
RF,5,1,0,0.31
RF,5,0,0,0.29333333333333333
RF,5,0,0,0.4066666666666667
RF,5,1,0,0.43
RF,5,0,0,0.31
RF,5,0,0,0.43333333333333335
RF,5,1,1,0.6066666666666667
RF,5,0,0,0.43333333333333335
RF,5,0,0,0.15333333333333332
RF,5,1,0,0.18666666666666668
RF,5,0,0,0.07666666666666666
RF,5,0,0,0.11333333333333333
RF,5,0,0,0.35
RF,5,0,0,0.03333333333333333
RF,5,1,1,0.67
RF,5,0,0,0.17333333333333334
RF,5,0,0,0.36666666666666664
RF,5,0,0,0.09666666666666666
RF,5,0,1,0.5333333333333333
RF,5,0,0,0.06666666666666667
RF,5,0,0,0.013333333333333334
RF,5,1,0,0.3466666666666667
RF,5,0,0,0.1
RF,5,1,0,0.5
RF,5,1,0,0.25
RF,5,0,0,0.28
RF,5,1,0,0.20666666666666667
RF,5,0,0,0.27666666666666667
RF,5,0,0,0.49333333333333335
RF,5,1,0,0.3577777777777777
RF,5,0,0,0.3566666666666667
RF,5,0,0,0.39
RF,5,0,1,0.7
RF,5,0,0,0.03
RF,5,0,0,0.12666666666666668
RF,5,0,0,0.38
RF,5,1,1,0.6166666666666667
RF,5,0,0,0.14333333333333334
RF,5,0,0,0.37666666666666665
RF,5,0,0,0.10111111111111112
RF,5,0,0,0.09
RF,5,1,0,0.41333333333333333
RF,5,1,0,0.20666666666666667
RF,5,1,1,0.55
RF,5,1,0,0.23333333333333334
RF,5,0,0,0.43333333333333335
RF,5,1,1,0.8333333333333334
RF,5,1,0,0.35333333333333333
RF,5,0,0,0.24666666666666667
RF,5,0,0,0.3
RF,5,0,0,0.20333333333333334
RF,5,0,0,0.23
RF,5,1,0,0.3122222222222222
RF,5,0,0,0.27666666666666667
RF,5,1,0,0.37333333333333335
RF,5,0,0,0.10666666666666667
RF,5,0,0,0.20666666666666667
RF,5,0,0,0.3233333333333333
RF,5,0,1,0.6133333333333333
RF,5,1,0,0.18
RF,5,0,0,0.043333333333333335
RF,5,0,0,0.19
RF,5,0,0,0.16333333333333333
RF,5,0,0,0.41
RF,5,0,0,0.2905555555555555
RF,5,0,0,0.10333333333333333
RF,5,0,0,0.33444444444444443
RF,5,1,1,0.8833333333333333
RF,5,0,0,0.12333333333333334
RF,5,0,0,0.2711111111111111
RF,5,0,1,0.6733333333333333
RF,5,0,1,0.581111111111111
RF,5,0,0,0.28
RF,5,0,0,0.19333333333333333
RF,5,0,0,0.27
RF,5,1,0,0.22666666666666666
RF,5,1,0,0.017777777777777778
RF,5,0,0,0.21
RF,5,1,0,0.29333333333333333
RF,5,1,1,0.5933333333333334
RF,5,0,0,0.29333333333333333
RF,5,0,0,0.35
RF,5,1,0,0.41
RF,5,0,0,0.3247777777777778
RF,5,0,0,0.08833333333333333
RF,5,0,0,0.07
RF,5,0,0,0.2866666666666667
RF,5,0,0,0.18666666666666668
RF,5,0,0,0.37666666666666665
RF,5,1,0,0.2833333333333333
RF,5,0,0,0.07333333333333333
RF,5,0,0,0.09333333333333334
RF,5,0,0,0.4766666666666667
RF,5,0,0,0.3233333333333333
RF,5,0,1,0.6666666666666666
RF,5,1,0,0.24
RF,5,0,0,0.25
RF,5,0,0,0.34
RF,5,0,0,0.49
RF,5,0,0,0.1188888888888889
RF,5,0,0,0.30333333333333334
RF,5,0,0,0.02666666666666667
RF,5,0,0,0.018333333333333333
RF,5,1,1,0.5066666666666667
RF,5,0,0,0.12333333333333334
RF,5,1,0,0.23666666666666666
RF,5,0,1,0.6966666666666667
RF,5,1,0,0.4633333333333333
RF,5,0,0,0.21666666666666667
RF,5,0,0,0.16333333333333333
RF,5,0,0,0.06333333333333334
RF,5,0,0,0.12333333333333334
RF,5,1,0,0.38666666666666666
RF,5,0,0,0.13666666666666666
RF,5,0,0,0.32
RF,5,0,0,0.4533333333333333
RF,5,0,0,0.35333333333333333
RF,5,0,0,0.24
RF,5,0,0,0.39666666666666667
RF,5,0,0,0.38333333333333336
RF,5,1,1,0.8733333333333333
RF,5,0,0,0.10666666666666667
RF,5,0,0,0.35
RF,5,0,0,0.44333333333333336
RF,5,0,0,0.14333333333333334
RF,5,0,0,0.02
RF,5,0,0,0.19666666666666666
RF,5,0,0,0.18
RF,5,0,0,0.41333333333333333
RF,5,0,1,0.53
RF,5,1,0,0.36
RF,5,0,0,0.13799999999999998
RF,5,0,1,0.6466666666666666
RF,5,1,0,0.3233333333333333
RF,5,0,0,0.13333333333333333
RF,5,1,1,0.7933333333333333
RF,5,1,0,0.36666666666666664
RF,5,0,0,0.26
RF,5,0,1,0.78
RF,5,1,0,0.3550238095238095
RF,5,1,1,0.87
RF,5,0,0,0.16333333333333333
RF,5,0,0,0.4166666666666667
RF,5,1,0,0.38666666666666666
RF,5,0,0,0.38333333333333336
RF,5,0,0,0.13333333333333333
RF,5,0,0,0.3769444444444444
RF,5,1,0,0.49
RF,5,0,1,0.5149285714285713
RF,5,0,1,0.5533333333333333
RF,5,0,0,0.43666666666666665
RF,5,0,0,0.41333333333333333
RF,5,0,0,0.065
RF,5,0,0,0.44333333333333336
RF,5,1,0,0.4266666666666667
RF,5,0,1,0.7466666666666667
RF,5,0,0,0.07
RF,5,0,0,0.11333333333333333
RF,5,0,1,0.7133333333333334
RF,5,1,1,0.6533333333333333
RF,5,0,0,0.19333333333333333
RF,5,0,0,0.07666666666666666
RF,5,0,0,0.13083333333333333
RF,5,0,0,0.15
RF,5,1,0,0.35
RF,5,0,0,0.056666666666666664
RF,5,0,0,0.46
RF,5,0,0,0.06666666666666667
RF,5,0,0,0.26666666666666666
RF,5,1,0,0.18333333333333332
RF,5,1,1,0.86
RF,5,0,0,0.10666666666666667
RF,5,0,0,0.18666666666666668
RF,5,0,0,0.27
RF,5,0,0,0.305
RF,5,1,0,0.4266666666666667
RF,5,0,0,0.16333333333333333
RF,5,1,1,0.66
RF,5,0,1,0.72
RF,5,0,0,0.09333333333333334
RF,5,0,0,0.3433333333333333
RF,5,1,0,0.14666666666666667
RF,5,0,0,0.16
RF,5,0,0,0.05
RF,5,1,1,0.8566666666666667
RF,5,0,0,0.14333333333333334
RF,5,1,0,0.49666666666666665
RF,5,0,1,0.6472407407407407
RF,5,0,1,0.5066666666666667
RF,5,1,0,0.13333333333333333
RF,5,0,0,0.03
RF,5,0,0,0.20666666666666667
RF,5,1,0,0.3233333333333333
RF,5,0,0,0.46
RF,5,0,0,0.2298888888888889
RF,5,0,0,0.49666666666666665
RF,5,0,0,0.2733333333333333
RF,5,0,0,0.38333333333333336
RF,5,0,0,0.26694444444444443
RF,5,1,0,0.22
RF,5,0,0,0.43
RF,5,0,0,0.06
RF,5,0,0,0.03666666666666667
RF,5,0,0,0.21666666666666667
RF,5,0,0,0.26666666666666666
RF,5,0,0,0.27
RF,5,0,1,0.63
RF,5,0,0,0.23
RF,5,0,0,0.14
RF,5,0,0,0.3349444444444444
RF,5,0,1,0.68
RF,5,0,1,0.5566666666666666
RF,5,0,1,0.55
RF,5,0,0,0.23
RF,5,0,0,0.16
RF,5,0,0,0.43
RF,5,0,0,0.3
RF,5,1,0,0.4866666666666667
RF,5,0,0,0.13666666666666666
RF,5,0,0,0.38666666666666666
RF,5,0,0,0.44333333333333336
RF,5,0,0,0.09333333333333334
RF,5,1,1,0.7266666666666667
RF,5,0,0,0.07333333333333333
RF,5,1,1,0.6366666666666667
RF,5,0,0,0.37333333333333335
RF,5,0,0,0.23
RF,5,1,0,0.20333333333333334
RF,5,0,1,0.6033333333333334
RF,5,0,0,0.25666666666666665
RF,5,0,0,0.24666666666666667
RF,5,0,1,0.6633333333333333
RF,5,0,0,0.3796666666666667
RF,5,0,0,0.2
RF,5,0,1,0.77
RF,5,1,1,0.9852777777777779
RF,5,1,0,0.4
RF,5,0,0,0.3
RF,5,0,0,0.14333333333333334
RF,5,0,0,0.2438888888888889
RF,5,0,1,0.67
RF,5,0,0,0.3566666666666667
RF,5,0,0,0.16333333333333333
RF,5,0,0,0.4633333333333333
RF,5,0,0,0.16333333333333333
RF,5,0,0,0.25666666666666665
RF,5,0,0,0.14333333333333334
RF,5,0,0,0.32666666666666666
RF,5,1,0,0.35
RF,5,0,0,0.2633333333333333
RF,5,0,0,0.06
RF,5,0,1,0.6633333333333333
RF,5,0,0,0.3
RF,5,0,0,0.13666666666666666
RF,5,1,0,0.07666666666666666
RF,5,0,1,0.6091666666666666
RF,5,0,0,0.3333333333333333
RF,5,1,0,0.1
RF,5,0,0,0.15666666666666668
RF,5,0,0,0.4741666666666667
RF,5,0,0,0.10333333333333333
RF,5,0,0,0.2800555555555556
RF,5,1,0,0.26666666666666666
RF,5,0,1,0.5533333333333333
RF,5,0,0,0.13
RF,5,0,0,0.14333333333333334
RF,5,1,0,0.4033333333333333
RF,5,0,0,0.4766666666666667
RF,5,1,0,0.45666666666666667
RF,5,0,0,0.17333333333333334
RF,5,0,1,0.61
RF,5,0,0,0.30666666666666664
RF,5,0,0,0.35
RF,5,0,0,0.17
RF,5,0,0,0.2
RF,5,0,0,0.05
RF,5,0,0,0.4273333333333333
RF,5,0,0,0.03666666666666667
RF,5,0,0,0.46
RF,5,0,1,0.5333333333333333
RF,5,1,0,0.3455555555555555
RF,5,0,0,0.12333333333333334
RF,5,0,0,0.23333333333333334
RF,5,0,0,0.12666666666666668
RF,5,0,0,0.15666666666666668
RF,5,1,1,0.58
RF,5,0,0,0.38666666666666666
RF,5,0,0,0.47
RF,5,0,0,0.3243333333333333
RF,5,0,0,0.3933333333333333
RF,5,0,0,0.11166666666666666
RF,5,1,0,0.5
RF,5,0,0,0.1
RF,5,0,1,0.56
RF,5,0,0,0.3
RF,5,0,0,0.42333333333333334
RF,5,0,1,0.5033333333333333
RF,5,0,0,0.12666666666666668
RF,5,0,0,0.2866666666666667
RF,5,0,1,0.71
RF,5,0,0,0.056666666666666664
RF,5,0,0,0.29333333333333333
RF,5,0,1,0.5375
RF,5,0,0,0.32666666666666666
RF,5,0,0,0.35
RF,5,0,0,0.3466666666666667
RF,5,1,0,0.25666666666666665
RF,5,1,0,0.38
RF,5,1,0,0.16
RF,5,0,0,0.015
RF,5,0,0,0.23666666666666666
RF,5,0,0,0.1511111111111111
RF,5,0,0,0.13666666666666666
RF,5,0,0,0.49666666666666665
RF,5,1,1,0.8366666666666667
RF,5,1,0,0.48
RF,5,0,0,0.33666666666666667
RF,5,1,0,0.04
RF,5,0,0,0.07666666666666666
RF,5,0,0,0.15833333333333333
RF,5,1,1,0.518888888888889
RF,5,0,0,0.22
RF,5,0,0,0.01
RF,5,0,1,0.7333333333333333
RF,5,1,0,0.27
RF,5,0,0,0.43
RF,5,0,0,0.28688888888888886
RF,5,0,0,0.13
RF,5,0,0,0.14
RF,5,0,0,0.23666666666666666
RF,5,1,1,0.81
RF,5,0,1,0.8466666666666667
RF,5,0,0,0.22
RF,5,1,0,0.31166666666666665
RF,5,0,0,0.13333333333333333
RF,5,1,0,0.3233333333333333
RF,5,0,0,0.1
RF,5,0,0,0.2
RF,5,0,0,0.07
RF,5,0,0,0.49333333333333335
RF,5,0,0,0.10666666666666667
RF,5,0,0,0.25333333333333335
RF,5,0,1,0.9033333333333333
RF,5,1,0,0.4266666666666667
RF,5,0,0,0.08333333333333333
RF,5,0,1,0.6938888888888889
RF,5,1,1,0.5266666666666666
RF,5,0,0,0.06666666666666667
RF,5,1,0,0.2788888888888889
RF,5,0,0,0.21333333333333335
RF,5,0,0,0.06333333333333334
RF,5,0,0,0.03
RF,5,0,0,0.043333333333333335
RF,5,0,0,0.16666666666666666
RF,5,0,0,0.24333333333333335
RF,5,1,0,0.205
RF,5,0,0,0.39666666666666667
RF,5,1,0,0.3433333333333333
RF,5,0,0,0.25666666666666665
RF,5,0,1,0.56
RF,5,1,0,0.12166666666666667
RF,5,1,0,0.01
RF,5,0,1,0.9266666666666666
RF,5,0,0,0.16
RF,5,0,0,0.44333333333333336
RF,5,1,1,0.6533333333333333
RF,5,0,0,0.13777777777777775
RF,5,0,0,0.37666666666666665
RF,5,0,0,0.14333333333333334
RF,5,0,1,0.6666666666666666
RF,5,0,0,0.16
RF,5,1,0,0.48333333333333334
RF,5,1,1,0.62
RF,5,0,0,0.4633333333333333
RF,5,0,0,0.21666666666666667
RF,5,0,0,0.18333333333333332
RF,5,1,1,0.61
RF,5,0,0,0.37
RF,5,0,0,0.39
RF,5,0,0,0.41333333333333333
RF,5,0,0,0.32
RF,5,1,0,0.2988888888888889
RF,5,0,0,0.47333333333333333
RF,5,0,0,0.2633333333333333
RF,5,0,0,0.34
RF,5,0,0,0.20666666666666667
RF,5,0,0,0.03
RF,5,0,0,0.16666666666666666
RF,5,0,1,0.9766666666666667
RF,5,0,0,0.11
RF,5,0,0,0.4066666666666667
RF,5,0,0,0.11
RF,5,0,0,0.02666666666666667
RF,5,0,0,0.4266666666666667
RF,5,0,0,0.1
RF,5,1,0,0.18
RF,5,0,0,0.3
RF,5,0,0,0.23666666666666666
RF,5,1,1,0.76
RF,5,0,0,0.2911111111111111
RF,5,1,0,0.32666666666666666
RF,5,0,0,0.13
RF,5,0,0,0.18138888888888888
RF,5,0,0,0.2633333333333333
RF,5,0,1,0.51
RF,5,1,0,0.21690476190476193
RF,5,0,1,0.84
RF,5,1,0,0.328904761904762
RF,5,0,0,0.23666666666666666
RF,5,1,0,0.3466666666666667
RF,5,0,0,0.06666666666666667
RF,5,0,1,0.6766666666666666
RF,5,0,0,0.3433333333333333
RF,5,0,0,0.33055555555555555
RF,5,0,0,0.09666666666666666
RF,5,0,1,0.9466666666666667
RF,5,1,0,0.34
RF,5,0,0,0.30722222222222223
RF,5,1,1,0.5633333333333334
RF,5,0,1,0.52
RF,5,0,0,0.09
RF,5,0,0,0.18
RF,5,0,0,0.2783333333333333
RF,5,0,0,0.2622777777777777
RF,5,0,0,0.11333333333333333
RF,5,0,0,0.29084920634920636
RF,5,0,0,0.29833333333333334
RF,5,0,0,0.023333333333333334
RF,5,0,0,0.30333333333333334
RF,5,0,0,0.15805555555555556
RF,5,0,1,0.7533333333333333
RF,5,0,0,0.49666666666666665
RF,5,0,0,0.20666666666666667
RF,5,0,0,0.2372222222222222
RF,5,0,0,0.3612777777777778
RF,5,0,0,0.14666666666666667
RF,5,0,0,0.13666666666666666
RF,5,0,0,0.18333333333333332
RF,5,0,1,0.5033333333333333
RF,5,0,0,0.16666666666666666
RF,5,0,0,0.21
RF,5,0,0,0.13333333333333333
RF,5,0,1,0.5133333333333333
RF,5,1,1,0.7966666666666666
RF,5,0,0,0.15666666666666668
RF,5,0,0,0.1686111111111111
RF,5,0,0,0.16371825396825393
RF,5,0,0,0.18666666666666668
RF,5,0,0,0.48333333333333334
RF,5,0,0,0.27666666666666667
RF,5,1,0,0.10666666666666667
RF,5,0,0,0.07333333333333333
RF,5,0,0,0.24666666666666667
RF,5,0,0,0.20322222222222222
RF,5,0,0,0.15333333333333332
RF,5,0,0,0.30333333333333334
RF,5,0,0,0.23333333333333334
RF,5,0,0,0.26222222222222225
RF,5,0,0,0.15333333333333332
RF,5,0,0,0.34
RF,5,0,0,0.16666666666666666
RF,5,0,0,0.31666666666666665
XGB,1,0,0,0.003942604176700115
XGB,1,1,0,0.23645873367786407
XGB,1,0,0,0.05632833018898964
XGB,1,1,0,0.032281335443258286
XGB,1,0,0,0.005704365670681
XGB,1,0,0,0.21470527350902557
XGB,1,0,0,0.07049006223678589
XGB,1,0,0,0.17265479266643524
XGB,1,0,0,0.04262077063322067
XGB,1,0,0,0.0705285519361496
XGB,1,0,0,0.04107285663485527
XGB,1,0,0,0.00130740599706769
XGB,1,0,0,0.007472997531294823
XGB,1,0,0,0.03995602950453758
XGB,1,0,0,0.03004448302090168
XGB,1,0,0,0.12519483268260956
XGB,1,0,0,0.04285949096083641
XGB,1,0,0,0.022943567484617233
XGB,1,0,0,0.13490144908428192
XGB,1,0,0,0.06163327395915985
XGB,1,0,0,0.09296126663684845
XGB,1,0,1,0.967900276184082
XGB,1,1,0,0.4277670085430145
XGB,1,1,0,0.0040099904872477055
XGB,1,0,0,0.006372523028403521
XGB,1,0,0,0.12724968791007996
XGB,1,0,0,0.012999567203223705
XGB,1,0,0,0.4854647219181061
XGB,1,0,0,0.19743280112743378
XGB,1,1,0,0.026435695588588715
XGB,1,0,1,0.5714895129203796
XGB,1,0,1,0.6980215907096863
XGB,1,1,1,0.9359973669052124
XGB,1,0,1,0.5334371328353882
XGB,1,0,0,0.03650043159723282
XGB,1,0,0,0.020234279334545135
XGB,1,0,0,0.03765670210123062
XGB,1,1,1,0.860106885433197
XGB,1,0,0,0.08511168509721756
XGB,1,0,0,0.10615544766187668
XGB,1,0,0,0.13357114791870117
XGB,1,1,0,0.270678848028183
XGB,1,0,0,0.07197162508964539
XGB,1,0,1,0.5956660509109497
XGB,1,0,0,0.4764709174633026
XGB,1,0,0,0.02035212330520153
XGB,1,1,0,0.2258441299200058
XGB,1,0,0,0.007170487195253372
XGB,1,0,0,0.05139738693833351
XGB,1,1,0,0.0791768953204155
XGB,1,1,0,0.49014946818351746
XGB,1,0,0,0.10424824804067612
XGB,1,0,0,0.05328318476676941
XGB,1,0,0,0.029557891190052032
XGB,1,0,0,0.013622257858514786
XGB,1,0,0,0.06932833790779114
XGB,1,1,0,0.08738551288843155
XGB,1,0,0,0.04459487274289131
XGB,1,0,0,0.03764747828245163
XGB,1,1,1,0.7009947299957275
XGB,1,0,1,0.5847102999687195
XGB,1,1,1,0.9900656938552856
XGB,1,0,0,0.1943274885416031
XGB,1,0,0,0.013187733478844166
XGB,1,0,0,0.1528887301683426
XGB,1,0,0,0.049168460071086884
XGB,1,0,0,0.009705071337521076
XGB,1,1,0,0.048819877207279205
XGB,1,1,0,0.36030277609825134
XGB,1,0,0,0.1139780580997467
XGB,1,0,0,0.032220274209976196
XGB,1,0,1,0.5886876583099365
XGB,1,0,0,0.3012672960758209
XGB,1,0,0,0.0023885315749794245
XGB,1,0,0,0.04282325133681297
XGB,1,1,0,0.3662961423397064
XGB,1,0,0,0.35206636786460876
XGB,1,0,0,0.004642055369913578
XGB,1,1,1,0.5324990153312683
XGB,1,0,0,0.4616386294364929
XGB,1,0,0,0.011045240797102451
XGB,1,0,0,0.06847572326660156
XGB,1,0,0,0.21857640147209167
XGB,1,0,0,0.16043156385421753
XGB,1,0,0,0.011117503978312016
XGB,1,0,0,0.002801422495394945
XGB,1,0,0,0.24113842844963074
XGB,1,0,1,0.9544258117675781
XGB,1,0,0,0.38719454407691956
XGB,1,1,1,0.9295729994773865
XGB,1,0,0,0.11637099832296371
XGB,1,0,0,0.009562424384057522
XGB,1,0,0,0.1857403814792633
XGB,1,0,0,0.08951295912265778
XGB,1,0,0,0.08868779987096786
XGB,1,0,0,0.2006075382232666
XGB,1,1,0,0.05172864720225334
XGB,1,0,0,0.15300460159778595
XGB,1,0,1,0.9565097689628601
XGB,1,1,1,0.902859628200531
XGB,1,0,0,0.054226115345954895
XGB,1,0,0,0.0340922512114048
XGB,1,1,0,0.013321487233042717
XGB,1,1,1,0.9913045167922974
XGB,1,0,0,0.044326234608888626
XGB,1,0,0,0.010592914186418056
XGB,1,0,1,0.7757534980773926
XGB,1,0,0,0.40782326459884644
XGB,1,0,0,0.007748923264443874
XGB,1,1,1,0.9235259890556335
XGB,1,0,0,0.22841419279575348
XGB,1,0,0,0.18269407749176025
XGB,1,0,0,0.10772603005170822
XGB,1,0,0,0.39887744188308716
XGB,1,1,1,0.9835053086280823
XGB,1,1,1,0.9971814155578613
XGB,1,0,0,0.024846183136105537
XGB,1,1,0,0.09139066934585571
XGB,1,1,1,0.6677957773208618
XGB,1,1,1,0.7934295535087585
XGB,1,0,0,0.10867255926132202
XGB,1,0,0,0.21827249228954315
XGB,1,1,0,0.12698502838611603
XGB,1,0,1,0.5059030055999756
XGB,1,0,0,0.023593878373503685
XGB,1,0,0,0.005116696935147047
XGB,1,1,1,0.8894703388214111
XGB,1,0,0,0.18640244007110596
XGB,1,0,0,0.07979169487953186
XGB,1,0,0,0.17224374413490295
XGB,1,0,0,0.010905412957072258
XGB,1,0,0,0.09311523288488388
XGB,1,0,0,0.01226675696671009
XGB,1,0,0,0.07678472995758057
XGB,1,0,0,0.0007358546718023717
XGB,1,1,0,0.3868909478187561
XGB,1,0,0,0.02253839001059532
XGB,1,0,0,0.16901341080665588
XGB,1,1,0,0.004413671791553497
XGB,1,0,0,0.07024525105953217
XGB,1,0,0,0.1654118001461029
XGB,1,1,0,0.056123506277799606
XGB,1,0,0,0.08933033794164658
XGB,1,0,0,0.0462493821978569
XGB,1,0,0,0.3297819197177887
XGB,1,0,0,0.0663871094584465
XGB,1,1,1,0.5240223407745361
XGB,1,0,1,0.9989660978317261
XGB,1,0,0,0.015587839297950268
XGB,1,0,0,0.14915050566196442
XGB,1,1,0,0.04110037162899971
XGB,1,0,0,0.013619804754853249
XGB,1,0,0,0.23606634140014648
XGB,1,0,1,0.7508998513221741
XGB,1,0,0,0.036493197083473206
XGB,1,0,1,0.8664451241493225
XGB,1,0,0,0.1697886884212494
XGB,1,0,0,0.041915517300367355
XGB,1,0,0,0.29895928502082825
XGB,1,0,0,0.0964525043964386
XGB,1,0,0,0.05601983889937401
XGB,1,0,0,0.10999017208814621
XGB,1,0,0,0.33721762895584106
XGB,1,0,0,0.1448422521352768
XGB,1,0,0,0.10478544235229492
XGB,1,0,0,0.1454714834690094
XGB,1,0,0,0.21679656207561493
XGB,1,1,0,0.4151935875415802
XGB,1,1,1,0.575146496295929
XGB,1,0,0,0.3581378757953644
XGB,1,0,0,0.07513696700334549
XGB,1,1,0,0.041969530284404755
XGB,1,0,0,0.21086661517620087
XGB,1,0,0,0.1552329659461975
XGB,1,0,0,0.07783599197864532
XGB,1,0,0,0.05098444223403931
XGB,1,0,0,0.02039734646677971
XGB,1,0,0,0.12506189942359924
XGB,1,0,0,0.17567506432533264
XGB,1,0,0,0.015614992938935757
XGB,1,0,0,0.2683617174625397
XGB,1,0,0,0.02675178460776806
XGB,1,0,0,0.0018559721065685153
XGB,1,0,0,0.08133053779602051
XGB,1,0,0,0.15522916615009308
XGB,1,0,0,0.061028894037008286
XGB,1,0,0,0.2049170732498169
XGB,1,0,0,0.014776770025491714
XGB,1,1,0,0.15642529726028442
XGB,1,0,0,0.06816384196281433
XGB,1,1,0,0.4254482090473175
XGB,1,0,1,0.5164697766304016
XGB,1,1,1,0.7793360352516174
XGB,1,1,0,0.05282700061798096
XGB,1,0,0,0.03303953632712364
XGB,1,0,0,0.003175901249051094
XGB,1,0,0,0.004763184115290642
XGB,1,1,0,0.07436813414096832
XGB,1,1,0,0.3434578776359558
XGB,1,1,0,0.09257682412862778
XGB,1,0,0,0.014195375144481659
XGB,1,0,0,0.004327879752963781
XGB,1,1,0,0.0679975301027298
XGB,1,1,0,0.2401619255542755
XGB,1,0,0,0.011949270032346249
XGB,1,0,0,0.009995723143219948
XGB,1,0,0,0.040660660713911057
XGB,1,0,0,0.08677783608436584
XGB,1,0,0,0.026913417503237724
XGB,1,0,1,0.6804949045181274
XGB,1,0,0,0.2982560694217682
XGB,1,0,0,0.0704287737607956
XGB,1,0,0,0.21332165598869324
XGB,1,0,0,0.25482290983200073
XGB,1,0,0,0.0507267490029335
XGB,1,0,0,0.002743715653195977
XGB,1,1,0,0.11180491000413895
XGB,1,1,0,0.47369351983070374
XGB,1,0,0,0.011955931782722473
XGB,1,1,0,0.2580491900444031
XGB,1,0,0,0.03214430809020996
XGB,1,0,0,0.04549460485577583
XGB,1,1,0,0.24015916883945465
XGB,1,0,0,0.0027190903201699257
XGB,1,0,0,0.023861153051257133
XGB,1,0,0,0.004297245293855667
XGB,1,0,0,0.0011564542073756456
XGB,1,0,1,0.7398402690887451
XGB,1,1,0,0.2599964439868927
XGB,1,1,1,0.7736814022064209
XGB,1,0,0,0.003941668197512627
XGB,1,0,0,0.003217987483367324
XGB,1,0,1,0.8032514452934265
XGB,1,0,0,0.16535106301307678
XGB,1,0,0,0.03883318603038788
XGB,1,0,0,0.2920777201652527
XGB,1,0,0,0.27639901638031006
XGB,1,0,0,0.12505395710468292
XGB,1,0,0,0.023418493568897247
XGB,1,0,0,0.08969540894031525
XGB,1,0,0,0.05064936727285385
XGB,1,0,0,0.16497544944286346
XGB,1,0,0,0.027964651584625244
XGB,1,0,0,0.010663975030183792
XGB,1,0,0,0.02107803151011467
XGB,1,0,0,0.010773279704153538
XGB,1,1,0,0.228895902633667
XGB,1,0,0,0.2790539264678955
XGB,1,0,0,0.00952769536525011
XGB,1,1,1,0.8956922888755798
XGB,1,0,0,0.21026456356048584
XGB,1,0,0,0.0017450334271416068
XGB,1,0,1,0.8702674508094788
XGB,1,0,0,0.05736507102847099
XGB,1,0,1,0.7287242412567139
XGB,1,1,0,0.08698073029518127
XGB,1,0,0,0.10475633293390274
XGB,1,0,0,0.05538785085082054
XGB,1,0,0,0.05418373644351959
XGB,1,0,0,0.00980728305876255
XGB,1,0,0,0.02127763442695141
XGB,1,0,0,0.0024152258411049843
XGB,1,0,0,0.3000912368297577
XGB,1,0,0,0.0020228049252182245
XGB,1,0,0,0.011206253431737423
XGB,1,0,0,0.30649080872535706
XGB,1,0,0,0.049014925956726074
XGB,1,1,0,0.16440829634666443
XGB,1,0,0,0.012326912954449654
XGB,1,1,0,0.006216338835656643
XGB,1,0,0,0.0937468484044075
XGB,1,0,0,0.0743621215224266
XGB,1,0,0,0.10548193752765656
XGB,1,1,0,0.23067712783813477
XGB,1,0,0,0.02279871143400669
XGB,1,0,0,0.04368727281689644
XGB,1,0,0,0.004440733231604099
XGB,1,0,0,0.3800909221172333
XGB,1,0,0,0.049090463668107986
XGB,1,0,0,0.07447884231805801
XGB,1,0,0,0.03116990253329277
XGB,1,0,0,0.14203809201717377
XGB,1,0,0,0.06058031693100929
XGB,1,0,0,0.06083189323544502
XGB,1,0,0,0.014491424895823002
XGB,1,0,0,0.014747572131454945
XGB,1,1,1,0.5157445073127747
XGB,1,0,0,0.14291074872016907
XGB,1,0,0,0.09159860759973526
XGB,1,0,0,0.013463081791996956
XGB,1,0,0,0.3192964494228363
XGB,1,1,0,0.3018392324447632
XGB,1,0,0,0.14771287143230438
XGB,1,1,0,0.004336790181696415
XGB,1,0,0,0.14768436551094055
XGB,1,0,0,0.016476880759000778
XGB,1,0,0,0.029356321319937706
XGB,1,0,0,0.1295522004365921
XGB,1,0,0,0.22929883003234863
XGB,1,0,0,0.34531736373901367
XGB,1,0,0,0.041448742151260376
XGB,1,0,0,0.10122209787368774
XGB,1,0,0,0.19866898655891418
XGB,1,1,1,0.9856036901473999
XGB,1,1,1,0.864050567150116
XGB,1,0,0,0.1597694307565689
XGB,1,0,0,0.026302991434931755
XGB,1,0,0,0.007910815998911858
XGB,1,0,0,0.13830779492855072
XGB,1,0,0,0.005147180054336786
XGB,1,0,0,0.4294544756412506
XGB,1,0,0,0.02431577257812023
XGB,1,0,0,0.1700892448425293
XGB,1,0,0,0.013853196054697037
XGB,1,0,0,0.15375052392482758
XGB,1,1,0,0.03155922889709473
XGB,1,0,0,0.027961447834968567
XGB,1,0,0,0.007099170703440905
XGB,1,0,0,0.10442507266998291
XGB,1,1,1,0.8336002230644226
XGB,1,0,0,0.13110797107219696
XGB,1,0,1,0.5860838294029236
XGB,1,1,0,0.18780678510665894
XGB,1,1,0,0.025831738486886024
XGB,1,0,0,0.08051002770662308
XGB,1,0,0,0.016592446714639664
XGB,1,0,0,0.24953380227088928
XGB,1,0,0,0.023352624848484993
XGB,1,1,1,0.9987261891365051
XGB,1,0,0,0.012621639296412468
XGB,1,0,0,0.002581080887466669
XGB,1,0,0,0.2157413363456726
XGB,1,0,0,0.08103282749652863
XGB,1,0,0,0.022023286670446396
XGB,1,0,0,0.3828270137310028
XGB,1,0,0,0.021901987493038177
XGB,1,1,1,0.8667914271354675
XGB,1,0,0,0.0780910924077034
XGB,1,0,0,0.00418143579736352
XGB,1,0,0,0.12668348848819733
XGB,1,0,0,0.07844075560569763
XGB,1,0,0,0.04307536780834198
XGB,1,1,1,0.9156009554862976
XGB,1,1,0,0.05835495516657829
XGB,1,0,1,0.6940625309944153
XGB,1,0,1,0.5756582617759705
XGB,1,0,0,0.41415396332740784
XGB,1,0,0,0.2604633867740631
XGB,1,0,0,0.07981675118207932
XGB,1,0,1,0.6018779873847961
XGB,1,0,1,0.6993116736412048
XGB,1,1,1,0.6227570176124573
XGB,1,0,0,0.007892349734902382
XGB,1,1,0,0.0030626493971794844
XGB,1,0,0,0.0032074798364192247
XGB,1,0,0,0.18357236683368683
XGB,1,0,0,0.027608763426542282
XGB,1,0,1,0.7283028364181519
XGB,1,1,0,0.09573832154273987
XGB,1,0,0,0.060618266463279724
XGB,1,0,0,0.02588890679180622
XGB,1,0,0,0.009472415782511234
XGB,1,0,0,0.08579060435295105
XGB,1,0,0,0.028273774310946465
XGB,1,0,0,0.02524329349398613
XGB,1,0,0,0.24811062216758728
XGB,1,0,0,0.021127158775925636
XGB,1,0,0,0.21204924583435059
XGB,1,0,0,0.01467222161591053
XGB,1,0,0,0.23413699865341187
XGB,1,0,0,0.004519463982433081
XGB,1,0,0,0.026889724656939507
XGB,1,0,0,0.09094227850437164
XGB,1,0,0,0.017815040424466133
XGB,1,1,1,0.9210084080696106
XGB,1,0,1,0.5573185086250305
XGB,1,0,0,0.03947801515460014
XGB,1,0,0,0.292157918214798
XGB,1,0,0,0.08878763020038605
XGB,1,0,1,0.7654653191566467
XGB,1,0,0,0.0035554030910134315
XGB,1,0,0,0.09893576800823212
XGB,1,0,0,0.37118345499038696
XGB,1,1,1,0.8570358753204346
XGB,1,1,0,0.12317662686109543
XGB,1,0,0,0.0051072146743535995
XGB,1,0,0,0.2805699408054352
XGB,1,0,0,0.1068454161286354
XGB,1,1,0,0.24929958581924438
XGB,1,0,0,0.023522499948740005
XGB,1,1,1,0.9799821376800537
XGB,1,1,0,0.06767859309911728
XGB,1,0,0,0.44947031140327454
XGB,1,0,0,0.11388179659843445
XGB,1,0,0,0.4372243881225586
XGB,1,1,0,0.008182358928024769
XGB,1,1,0,0.40774011611938477
XGB,1,0,0,0.00155393045861274
XGB,1,1,1,0.534064769744873
XGB,1,0,0,0.14864076673984528
XGB,1,0,0,0.2272527515888214
XGB,1,0,0,0.05293777957558632
XGB,1,1,0,0.2457745522260666
XGB,1,0,0,0.3321286141872406
XGB,1,1,0,0.3162194788455963
XGB,1,0,0,0.010231788270175457
XGB,1,0,0,0.29515698552131653
XGB,1,1,1,0.9002941846847534
XGB,1,1,0,0.286310613155365
XGB,1,0,1,0.633010983467102
XGB,1,0,0,0.3171236515045166
XGB,1,0,0,0.07972094416618347
XGB,1,0,0,0.2509846091270447
XGB,1,0,0,0.0005443128757178783
XGB,1,0,0,0.10607941448688507
XGB,1,0,0,0.056749120354652405
XGB,1,0,0,0.041024476289749146
XGB,1,1,1,0.9691525101661682
XGB,1,0,0,0.06496286392211914
XGB,1,0,0,0.08552294969558716
XGB,1,0,0,0.23002873361110687
XGB,1,0,0,0.025040555745363235
XGB,1,0,0,0.2828308045864105
XGB,1,0,1,0.9001662731170654
XGB,1,1,0,0.05570799484848976
XGB,1,0,0,0.023470288142561913
XGB,1,0,0,0.3816765248775482
XGB,1,0,0,0.30292460322380066
XGB,1,0,0,0.040502678602933884
XGB,1,0,1,0.8051719069480896
XGB,1,0,1,0.5079739689826965
XGB,1,0,0,0.22160281240940094
XGB,1,0,0,0.0019302039872854948
XGB,1,0,0,0.36638638377189636
XGB,1,0,1,0.5511378645896912
XGB,1,0,0,0.00902295671403408
XGB,1,0,0,0.001461230218410492
XGB,1,1,0,0.1485716998577118
XGB,1,0,1,0.7089542746543884
XGB,1,0,0,0.01561835128813982
XGB,1,0,1,0.8108301758766174
XGB,1,0,0,0.09604297578334808
XGB,1,0,0,0.021791456267237663
XGB,1,0,0,0.345816045999527
XGB,1,0,0,0.30023571848869324
XGB,1,0,0,0.28150707483291626
XGB,1,0,0,0.46034321188926697
XGB,1,0,0,0.1614125818014145
XGB,1,0,0,0.004034232348203659
XGB,1,0,0,0.14882373809814453
XGB,1,0,0,0.19120542705059052
XGB,1,0,0,0.05662400275468826
XGB,1,0,0,0.28628650307655334
XGB,1,1,0,0.08305083215236664
XGB,1,0,0,0.017999036237597466
XGB,1,0,0,0.005834019742906094
XGB,1,0,0,0.12334775179624557
XGB,1,1,0,0.05779204145073891
XGB,1,0,1,0.6691538095474243
XGB,1,0,0,0.0585617870092392
XGB,1,0,0,0.01282837986946106
XGB,1,1,1,0.904120683670044
XGB,1,0,0,0.4990485608577728
XGB,1,0,0,0.01951395533978939
XGB,1,1,1,0.7786261439323425
XGB,1,0,0,0.23141543567180634
XGB,1,0,0,0.3376047909259796
XGB,1,0,0,0.28083738684654236
XGB,1,0,0,0.07508323341608047
XGB,1,0,0,0.013031715527176857
XGB,1,0,0,0.12914937734603882
XGB,1,0,0,0.10110645741224289
XGB,1,1,0,0.00449961656704545
XGB,1,0,0,0.27967172861099243
XGB,1,0,0,0.056719087064266205
XGB,1,0,0,0.008612840436398983
XGB,1,1,0,0.007278361823409796
XGB,1,0,0,0.2106609344482422
XGB,1,0,0,0.12956640124320984
XGB,1,1,0,0.19641917943954468
XGB,1,0,0,0.0534154437482357
XGB,1,1,0,0.07182353734970093
XGB,1,1,0,0.21996843814849854
XGB,1,0,0,0.13080288469791412
XGB,1,0,0,0.22486867010593414
XGB,1,1,0,0.4693959951400757
XGB,1,1,1,0.662340521812439
XGB,1,0,1,0.5416956543922424
XGB,1,0,0,0.03981877118349075
XGB,1,0,0,0.08140897005796432
XGB,1,0,0,0.05906818062067032
XGB,1,0,0,0.0583258792757988
XGB,1,0,0,0.058847054839134216
XGB,1,1,0,0.025265038013458252
XGB,1,1,0,0.03880910202860832
XGB,1,0,0,0.031036732718348503
XGB,1,0,0,0.04058394953608513
XGB,1,0,0,0.18607549369335175
XGB,1,1,0,0.011915902607142925
XGB,1,0,0,0.020977362990379333
XGB,1,0,0,0.006900772452354431
XGB,1,0,0,0.19163361191749573
XGB,1,1,1,0.9831803441047668
XGB,1,0,0,0.017041610553860664
XGB,1,0,0,0.49608612060546875
XGB,1,1,1,0.6102709174156189
XGB,1,0,0,0.04648604616522789
XGB,1,0,0,0.08684852719306946
XGB,1,0,0,0.04664556682109833
XGB,1,0,0,0.01713540591299534
XGB,1,0,0,0.11619769036769867
XGB,1,0,0,0.045998089015483856
XGB,1,0,0,0.2716699242591858
XGB,1,0,0,0.004972898401319981
XGB,1,0,1,0.7572085857391357
XGB,1,0,1,0.7628490924835205
XGB,1,0,0,0.16484060883522034
XGB,1,1,0,0.0016026374651119113
XGB,1,0,0,0.0330372154712677
XGB,1,1,1,0.6399948596954346
XGB,1,0,0,0.0027772339526563883
XGB,1,0,0,0.4017126262187958
XGB,1,0,0,0.12933960556983948
XGB,1,0,0,9.08519359654747e-05
XGB,1,0,0,0.03209467604756355
XGB,1,0,0,0.035429179668426514
XGB,1,0,0,0.006509535014629364
XGB,1,0,0,0.24617689847946167
XGB,1,0,0,0.008338561281561852
XGB,1,1,0,0.40367791056632996
XGB,1,1,0,0.36386632919311523
XGB,1,1,1,0.9737648367881775
XGB,1,0,0,0.04131415858864784
XGB,1,0,0,0.04008623957633972
XGB,1,1,0,0.11537449061870575
XGB,1,1,1,0.601506233215332
XGB,1,0,0,0.11483021080493927
XGB,1,0,1,0.7558829188346863
XGB,1,0,0,0.04164021834731102
XGB,1,0,0,0.2581765651702881
XGB,1,0,0,0.12010731548070908
XGB,1,0,0,0.03955738991498947
XGB,1,0,0,0.03182165324687958
XGB,1,1,0,0.026526207104325294
XGB,1,0,0,0.0039709797129035
XGB,1,0,0,0.02207450568675995
XGB,1,0,0,0.05712486803531647
XGB,1,0,0,0.14633721113204956
XGB,1,0,0,0.012788002379238605
XGB,1,1,1,0.7093611359596252
XGB,1,1,0,0.035260267555713654
XGB,1,0,0,0.1665399968624115
XGB,1,0,0,0.01729988306760788
XGB,1,0,1,0.5372313261032104
XGB,1,0,0,0.01975024677813053
XGB,1,0,0,0.07565519213676453
XGB,1,1,1,0.68827885389328
XGB,1,0,0,0.019122635945677757
XGB,1,0,0,0.46185654401779175
XGB,1,0,0,0.01870657503604889
XGB,1,0,0,0.04391796886920929
XGB,1,0,0,0.016272323206067085
XGB,1,1,0,0.18664702773094177
XGB,1,0,0,0.06371786445379257
XGB,1,1,0,0.09554754942655563
XGB,1,0,0,0.016623783856630325
XGB,1,0,0,0.015161034651100636
XGB,1,1,0,0.05345772206783295
XGB,1,0,0,0.008233889937400818
XGB,1,0,0,0.016542289406061172
XGB,1,0,1,0.9914988875389099
XGB,1,0,1,0.6211788058280945
XGB,1,0,0,0.04281274601817131
XGB,1,0,0,0.1567578911781311
XGB,1,0,0,0.08338358998298645
XGB,1,0,0,0.010674458928406239
XGB,1,0,0,0.0058121648617088795
XGB,1,0,0,0.05500952899456024
XGB,1,1,0,0.06230534240603447
XGB,1,0,0,0.24206914007663727
XGB,1,0,1,0.54536372423172
XGB,1,0,0,0.3152770400047302
XGB,1,1,1,0.6130284070968628
XGB,1,0,1,0.7813987731933594
XGB,1,0,0,0.11853679269552231
XGB,1,0,0,0.3921138346195221
XGB,1,0,0,0.10373900085687637
XGB,1,1,0,0.4507365822792053
XGB,1,1,0,0.3331797420978546
XGB,1,0,0,0.008809988386929035
XGB,1,0,0,0.110346220433712
XGB,1,0,0,0.001166216330602765
XGB,1,1,0,0.008369158953428268
XGB,1,0,0,0.1966097503900528
XGB,1,0,0,0.2700788080692291
XGB,1,0,0,0.22664906084537506
XGB,1,0,0,0.30201953649520874
XGB,1,1,0,0.4770999550819397
XGB,1,0,0,0.12104101479053497
XGB,1,0,0,0.11978848278522491
XGB,1,0,0,0.03684251755475998
XGB,1,0,0,0.21192455291748047
XGB,1,0,0,0.02431054227054119
XGB,1,0,0,0.001976967789232731
XGB,1,0,1,0.5734661817550659
XGB,1,1,0,0.08563356846570969
XGB,1,1,0,0.12956905364990234
XGB,1,0,0,0.2264440506696701
XGB,1,1,0,0.22764547169208527
XGB,1,0,0,0.04201133921742439
XGB,1,0,0,0.2986244559288025
XGB,1,0,0,0.033069077879190445
XGB,1,0,0,0.002703864825889468
XGB,1,0,0,0.0003035817644558847
XGB,1,0,0,0.1114688515663147
XGB,1,1,0,0.03015020117163658
XGB,1,0,0,0.05614864081144333
XGB,1,0,0,0.029828179627656937
XGB,1,0,0,0.17499785125255585
XGB,1,0,0,0.29620128870010376
XGB,1,0,0,0.4078036844730377
XGB,1,1,1,0.8468336462974548
XGB,1,0,0,0.02400505356490612
XGB,1,1,0,0.010200442746281624
XGB,1,0,0,0.01939442940056324
XGB,1,0,0,0.12040170282125473
XGB,1,0,0,0.0018922592280432582
XGB,1,0,0,0.005323952063918114
XGB,1,0,0,0.2091367244720459
XGB,1,0,0,0.10142916440963745
XGB,1,0,0,0.14080841839313507
XGB,1,0,0,0.016184821724891663
XGB,1,0,0,0.11729246377944946
XGB,1,1,1,0.7009947299957275
XGB,1,0,0,0.021874893456697464
XGB,1,0,0,0.09370209276676178
XGB,1,0,0,0.19765716791152954
XGB,1,0,1,0.616486668586731
XGB,1,0,1,0.6636918187141418
XGB,1,1,1,0.5378121733665466
XGB,1,0,0,0.09441418200731277
XGB,1,0,0,0.0028451315592974424
XGB,1,0,0,0.1137530654668808
XGB,1,0,0,0.00601884163916111
XGB,1,0,0,0.020101305097341537
XGB,1,0,0,0.48214176297187805
XGB,1,0,0,0.29893758893013
XGB,1,1,0,0.020873770117759705
XGB,1,0,0,0.11973882466554642
XGB,1,1,0,0.04276460409164429
XGB,1,0,0,0.025125276297330856
XGB,1,0,0,0.04909714311361313
XGB,1,0,1,0.8723974227905273
XGB,1,0,0,0.3314177095890045
XGB,1,0,0,0.32692378759384155
XGB,1,0,0,0.00627362634986639
XGB,1,0,1,0.7703481316566467
XGB,1,0,0,0.3963277339935303
XGB,1,0,0,0.19121578335762024
XGB,1,1,1,0.5739720463752747
XGB,1,0,0,0.3742901086807251
XGB,1,0,0,0.16659899055957794
XGB,1,0,0,0.4850888252258301
XGB,1,1,0,0.02680366486310959
XGB,1,1,0,0.09569048881530762
XGB,1,0,0,0.19434155523777008
XGB,1,0,0,0.2070193886756897
XGB,1,0,0,0.013456318527460098
XGB,1,0,0,0.03827725723385811
XGB,1,0,0,0.4459685683250427
XGB,1,0,0,0.21558448672294617
XGB,1,0,0,0.14467376470565796
XGB,1,1,0,0.056445177644491196
XGB,1,0,0,0.4429602324962616
XGB,1,0,0,0.0002386254200246185
XGB,1,0,0,0.014139433391392231
XGB,1,0,0,0.11289962381124496
XGB,1,0,0,0.15474314987659454
XGB,1,0,0,0.03298212215304375
XGB,1,1,1,0.9726662039756775
XGB,1,0,0,0.09568764269351959
XGB,1,0,0,0.0043625435791909695
XGB,1,0,0,0.08938641846179962
XGB,1,0,1,0.8010302186012268
XGB,1,0,0,0.018128862604498863
XGB,1,1,1,0.9815635681152344
XGB,1,0,0,0.0015230051940307021
XGB,1,1,0,0.020847095176577568
XGB,1,0,0,0.013629025779664516
XGB,1,0,0,0.010164901614189148
XGB,1,0,0,0.4925290048122406
XGB,1,0,0,0.05036918818950653
XGB,1,0,0,0.11229132115840912
XGB,1,0,0,0.2636323571205139
XGB,1,0,0,0.08315451443195343
XGB,1,0,0,0.004671760834753513
XGB,1,0,0,0.11002836376428604
XGB,1,0,1,0.6498583555221558
XGB,1,1,0,0.018138710409402847
XGB,1,0,0,0.278572678565979
XGB,1,0,0,0.23534740507602692
XGB,1,0,0,0.014789104461669922
XGB,1,0,0,0.10701572149991989
XGB,1,0,0,0.17416568100452423
XGB,1,1,0,0.16934482753276825
XGB,1,0,0,0.08092281967401505
XGB,1,0,0,0.003789567155763507
XGB,1,0,0,0.3154141306877136
XGB,1,0,0,0.021758785471320152
XGB,1,0,0,0.2534427046775818
XGB,1,1,1,0.6247555017471313
XGB,1,0,0,0.00708269327878952
XGB,1,1,1,0.9401355981826782
XGB,1,0,0,0.21408820152282715
XGB,1,0,0,0.12688535451889038
XGB,1,1,0,0.008139400742948055
XGB,1,1,0,0.3887137770652771
XGB,1,0,0,0.015705743804574013
XGB,1,0,0,0.012884327210485935
XGB,1,0,0,0.1814623922109604
XGB,1,0,0,0.051351048052310944
XGB,1,0,0,0.06401500105857849
XGB,1,0,0,0.00036732558510266244
XGB,1,1,0,0.13485899567604065
XGB,1,0,0,0.029782705008983612
XGB,1,1,0,0.005618557333946228
XGB,1,0,0,0.029642539098858833
XGB,1,0,1,0.6195001602172852
XGB,1,0,0,0.08185271173715591
XGB,1,1,0,0.027848191559314728
XGB,1,0,0,0.32087618112564087
XGB,1,0,0,0.010954105295240879
XGB,1,0,1,0.6431481242179871
XGB,1,0,0,0.21124711632728577
XGB,1,0,0,0.03292923793196678
XGB,1,0,0,0.04109209030866623
XGB,1,0,0,0.04954978823661804
XGB,1,1,0,0.3281914293766022
XGB,1,0,0,0.08617837727069855
XGB,1,1,0,0.19397954642772675
XGB,1,1,0,0.13332240283489227
XGB,1,0,0,0.21069902181625366
XGB,1,1,0,0.0552000068128109
XGB,1,0,1,0.7854474186897278
XGB,1,1,0,0.009334219619631767
XGB,1,0,0,0.008202692493796349
XGB,1,0,0,0.21519377827644348
XGB,1,0,0,0.10129709541797638
XGB,1,0,0,0.02544485591351986
XGB,1,0,0,0.08533938229084015
XGB,1,1,0,0.397672176361084
XGB,1,0,0,0.03184977546334267
XGB,1,0,0,0.009111665189266205
XGB,1,1,1,0.8182128667831421
XGB,1,0,0,0.0014629309298470616
XGB,1,1,0,0.03848715126514435
XGB,1,0,0,0.042029302567243576
XGB,1,0,0,0.021913668140769005
XGB,1,1,0,0.1331091672182083
XGB,1,0,1,0.8186859488487244
XGB,1,1,0,0.4842485189437866
XGB,1,0,0,0.2980290949344635
XGB,1,0,1,0.93190997838974
XGB,1,0,0,0.02708328329026699
XGB,1,1,0,0.00033532295492477715
XGB,1,0,0,0.04278488829731941
XGB,1,0,0,0.02150389552116394
XGB,1,0,0,0.04695438966155052
XGB,1,0,1,0.7796319723129272
XGB,1,0,0,0.038651566952466965
XGB,1,0,0,0.005162331275641918
XGB,1,0,1,0.7450728416442871
XGB,1,0,0,0.025019902735948563
XGB,1,0,0,0.09097106009721756
XGB,1,0,0,0.02217639982700348
XGB,1,0,0,0.030198153108358383
XGB,1,0,0,0.04089094698429108
XGB,1,0,0,0.17224165797233582
XGB,1,0,0,0.003151332726702094
XGB,1,0,0,0.2527064383029938
XGB,1,1,0,0.37372905015945435
XGB,1,0,0,0.12041211128234863
XGB,1,1,1,0.9898977279663086
XGB,1,0,0,0.042882248759269714
XGB,1,0,1,0.6289712190628052
XGB,1,0,0,0.2571806013584137
XGB,1,0,0,0.02509899251163006
XGB,1,1,1,0.8633404970169067
XGB,1,0,0,0.04510726034641266
XGB,1,0,0,0.006823880132287741
XGB,1,0,0,0.15086743235588074
XGB,1,0,0,0.04844004660844803
XGB,1,0,0,0.06439512223005295
XGB,1,0,0,0.11330226808786392
XGB,1,0,0,0.43944472074508667
XGB,1,1,0,0.052564606070518494
XGB,1,0,1,0.7279930710792542
XGB,1,0,0,0.14327114820480347
XGB,1,0,0,0.009931325912475586
XGB,1,0,0,0.10361739248037338
XGB,1,1,0,0.057149339467287064
XGB,1,0,1,0.9313254952430725
XGB,1,0,1,0.9574773907661438
XGB,1,0,0,0.005163249559700489
XGB,1,0,0,0.004459592048078775
XGB,1,0,0,0.035863034427165985
XGB,1,0,0,0.013260279782116413
XGB,1,1,1,0.9095572233200073
XGB,1,0,0,0.22362875938415527
XGB,1,1,0,0.13352933526039124
XGB,1,0,0,0.10885754972696304
XGB,1,0,0,0.03421255573630333
XGB,1,0,0,0.08455745130777359
XGB,1,1,0,0.23613673448562622
XGB,1,0,0,0.19273369014263153
XGB,1,0,0,0.03430847078561783
XGB,1,1,1,0.9763115048408508
XGB,1,0,1,0.7885376811027527
XGB,1,0,0,0.3482322096824646
XGB,1,0,0,0.19719310104846954
XGB,1,1,0,0.003349820151925087
XGB,1,0,0,0.43900543451309204
XGB,1,0,0,0.42920705676078796
XGB,1,0,1,0.9070155620574951
XGB,1,0,0,0.0379551537334919
XGB,1,0,0,0.027971338480710983
XGB,1,0,0,0.06482735276222229
XGB,1,0,0,0.19779634475708008
XGB,1,1,0,0.13698077201843262
XGB,1,1,1,0.637340784072876
XGB,1,0,0,0.2373104691505432
XGB,1,1,1,0.9187516570091248
XGB,1,0,0,0.027930475771427155
XGB,1,0,0,0.06793619692325592
XGB,1,1,0,0.007356633897870779
XGB,1,0,0,0.13896922767162323
XGB,1,0,0,0.0025506915990263224
XGB,1,0,0,0.0980091318488121
XGB,1,0,1,0.9931650757789612
XGB,1,0,0,0.05765938758850098
XGB,1,0,0,0.007225307170301676
XGB,1,0,0,0.006279860157519579
XGB,1,0,0,0.23033224046230316
XGB,1,1,1,0.8440223932266235
XGB,1,0,0,0.2574054002761841
XGB,1,0,0,0.021349111571907997
XGB,1,0,0,0.10559773445129395
XGB,1,0,0,0.04065854102373123
XGB,1,1,0,0.3690235912799835
XGB,1,0,0,0.018077565357089043
XGB,1,0,1,0.8351520299911499
XGB,1,1,1,0.8731915354728699
XGB,1,0,0,0.4182897210121155
XGB,1,0,0,0.11270131915807724
XGB,1,0,1,0.7423250079154968
XGB,1,0,0,0.02051427960395813
XGB,1,0,0,0.0011687262449413538
XGB,1,0,0,0.429897278547287
XGB,1,0,0,0.10300058871507645
XGB,1,0,0,0.24050261080265045
XGB,1,1,1,0.647510826587677
XGB,1,0,0,0.001279362360946834
XGB,1,1,1,0.9969657063484192
XGB,1,1,0,0.043677814304828644
XGB,1,1,1,0.9379677772521973
XGB,1,1,0,0.023078549653291702
XGB,1,0,0,0.07092155516147614
XGB,1,1,0,0.02865900844335556
XGB,1,0,0,0.0004220226255711168
XGB,1,1,0,0.17182433605194092
XGB,1,0,0,0.07694942504167557
XGB,1,0,0,0.018852688372135162
XGB,1,1,0,0.10242195427417755
XGB,1,0,0,0.08285461366176605
XGB,1,1,0,0.024324780330061913
XGB,1,0,0,0.11206566542387009
XGB,1,0,1,0.8364844918251038
XGB,1,0,0,0.13008899986743927
XGB,1,1,0,0.2862102687358856
XGB,1,0,0,0.04035772755742073
XGB,1,0,0,0.20107786357402802
XGB,1,1,0,0.4343395531177521
XGB,1,0,0,0.026304790750145912
XGB,1,0,0,0.290203332901001
XGB,1,0,0,0.021250378340482712
XGB,1,1,1,0.9357413053512573
XGB,1,0,0,0.004545486066490412
XGB,1,1,0,0.3508320152759552
XGB,1,0,0,0.4749354422092438
XGB,1,0,0,0.23913033306598663
XGB,1,0,0,0.2430454045534134
XGB,1,0,0,0.03749559074640274
XGB,1,1,1,0.8363000750541687
XGB,1,0,0,0.32368963956832886
XGB,1,0,0,0.08850235491991043
XGB,1,1,1,0.7764621376991272
XGB,1,0,0,0.01643654704093933
XGB,1,0,0,0.017701873555779457
XGB,1,0,1,0.6654226183891296
XGB,1,0,0,0.04053711146116257
XGB,1,1,1,0.7787676453590393
XGB,1,1,0,0.3691646456718445
XGB,1,0,0,0.13470689952373505
XGB,1,0,0,0.022664276883006096
XGB,1,1,0,0.2934163808822632
XGB,1,0,0,0.0019613804761320353
XGB,1,0,0,0.005894199945032597
XGB,1,0,0,0.27837395668029785
XGB,1,0,0,0.0724964514374733
XGB,1,0,0,0.01251146662980318
XGB,1,1,1,0.6888716220855713
XGB,1,0,0,0.09350341558456421
XGB,1,0,0,0.17946377396583557
XGB,1,0,0,0.046829670667648315
XGB,1,0,0,0.21818873286247253
XGB,1,1,1,0.8974699974060059
XGB,1,0,0,0.02619129605591297
XGB,1,0,0,0.10339551419019699
XGB,1,1,0,0.2781620919704437
XGB,1,0,0,0.10183282941579819
XGB,1,1,0,0.0037974128499627113
XGB,1,0,0,0.10065346211194992
XGB,1,0,0,0.01642383262515068
XGB,1,0,0,0.10930932313203812
XGB,1,1,0,0.13198187947273254
XGB,1,1,0,0.40899521112442017
XGB,1,0,0,0.06465710699558258
XGB,1,1,0,0.05724548548460007
XGB,1,1,1,0.8867378234863281
XGB,1,0,0,0.02088678441941738
XGB,1,0,0,0.34975844621658325
XGB,1,0,0,0.06811733543872833
XGB,1,0,0,0.018730394542217255
XGB,1,0,0,0.02250862307846546
XGB,1,0,0,0.09832284599542618
XGB,1,0,0,0.23771803081035614
XGB,1,0,1,0.8910112380981445
XGB,1,0,0,0.016002651304006577
XGB,1,0,0,0.22575858235359192
XGB,1,0,0,0.16962847113609314
XGB,1,0,1,0.5736686587333679
XGB,1,0,0,0.04684257507324219
XGB,1,0,0,0.04340550675988197
XGB,1,0,0,0.020308351144194603
XGB,1,0,1,0.6377861499786377
XGB,1,0,0,0.2575528025627136
XGB,1,1,1,0.9509641528129578
XGB,1,0,1,0.9130735993385315
XGB,1,0,0,0.22177785634994507
XGB,1,0,0,0.033792994916439056
XGB,1,0,0,0.19949430227279663
XGB,1,1,0,0.21646541357040405
XGB,1,0,0,0.07638959586620331
XGB,1,1,0,0.09846098721027374
XGB,1,0,0,0.4018906354904175
XGB,1,1,0,0.015309919603168964
XGB,1,0,1,0.8535925149917603
XGB,1,1,1,0.7275391817092896
XGB,1,0,0,0.051619116216897964
XGB,1,0,0,0.10576333850622177
XGB,1,0,0,0.027794044464826584
XGB,1,0,0,0.06496497988700867
XGB,1,0,1,0.6096461415290833
XGB,1,0,0,0.03957425057888031
XGB,1,0,0,0.006386235821992159
XGB,1,0,0,0.09317284822463989
XGB,1,1,0,0.16908125579357147
XGB,1,0,1,0.5944954752922058
XGB,1,1,1,0.8966221213340759
XGB,1,0,0,0.03106071613729
XGB,1,0,0,0.331563264131546
XGB,1,0,0,0.028741581365466118
XGB,1,0,0,0.1795002967119217
XGB,1,0,0,0.005773273762315512
XGB,1,0,0,0.06786736845970154
XGB,1,1,0,0.14944306015968323
XGB,1,0,0,0.024595534428954124
XGB,1,0,0,0.30022484064102173
XGB,1,0,1,0.7999463081359863
XGB,1,0,0,0.01127932220697403
XGB,1,0,0,0.09649687260389328
XGB,1,1,0,0.06785935908555984
XGB,1,0,0,0.07390661537647247
XGB,1,0,1,0.8800867199897766
XGB,1,0,0,0.03494490310549736
XGB,1,0,0,0.03182966634631157
XGB,1,0,0,0.11420132219791412
XGB,1,0,0,0.08574569970369339
XGB,1,0,0,0.005077090114355087
XGB,1,0,0,0.23535649478435516
XGB,1,0,0,0.01684359461069107
XGB,1,0,0,0.04290462285280228
XGB,1,0,0,0.015513715334236622
XGB,1,0,0,0.0915151834487915
XGB,1,0,0,0.015766236931085587
XGB,1,0,1,0.817778468132019
XGB,1,0,0,0.04140087589621544
XGB,1,0,0,0.022861963137984276
XGB,1,0,0,0.13335482776165009
XGB,1,0,1,0.8778373003005981
XGB,1,0,0,0.22643321752548218
XGB,1,0,0,0.29972535371780396
XGB,1,1,0,0.17892901599407196
XGB,1,0,0,0.0016195077914744616
XGB,1,0,1,0.7138526439666748
XGB,1,0,0,0.004652989562600851
XGB,1,0,0,0.3557332754135132
XGB,1,0,0,0.05538135766983032
XGB,1,0,0,0.015645138919353485
XGB,1,0,0,0.0743376761674881
XGB,1,0,0,0.2716679573059082
XGB,1,0,0,0.014969850890338421
XGB,1,0,0,0.025798983871936798
XGB,1,0,0,0.3401680588722229
XGB,1,0,1,0.6291608810424805
XGB,1,0,0,0.4969284236431122
XGB,1,0,0,0.06503710895776749
XGB,1,0,0,0.31361499428749084
XGB,1,1,1,0.7129423022270203
XGB,1,0,0,0.0016713094664737582
XGB,1,1,0,0.0006889668293297291
XGB,1,1,1,0.9397483468055725
XGB,1,0,1,0.6561369299888611
XGB,1,1,0,0.44214367866516113
XGB,1,0,0,0.15971718728542328
XGB,1,1,0,0.4518912732601166
XGB,1,0,0,0.020102424547076225
XGB,1,1,1,0.9157838225364685
XGB,1,0,1,0.9924288392066956
XGB,1,0,0,0.0020193445961922407
XGB,1,1,1,0.9857466220855713
XGB,1,1,0,0.01762472093105316
XGB,1,0,0,0.005108758341521025
XGB,1,0,0,0.18946956098079681
XGB,1,0,0,0.028706088662147522
XGB,1,0,0,0.2726597189903259
XGB,1,0,0,0.039724159985780716
XGB,1,0,1,0.5291873216629028
XGB,1,1,1,0.966425359249115
XGB,1,0,0,0.10830508172512054
XGB,1,0,0,0.07781554758548737
XGB,1,0,0,0.33736327290534973
XGB,1,0,0,0.1625872105360031
XGB,1,0,0,0.01605435460805893
XGB,1,0,1,0.5670542120933533
XGB,1,0,0,0.31180763244628906
XGB,1,0,0,0.4841454327106476
XGB,1,0,0,0.01768980547785759
XGB,1,0,0,0.23643167316913605
XGB,1,0,0,0.13419122993946075
XGB,1,0,0,0.1129893809556961
XGB,1,0,0,0.2364048808813095
XGB,1,1,0,0.036447878926992416
XGB,1,0,0,0.2648761570453644
XGB,1,0,0,0.18150310218334198
XGB,1,0,0,0.004729646258056164
XGB,1,1,1,0.9631434679031372
XGB,1,0,0,0.012473337352275848
XGB,1,1,1,0.637547492980957
XGB,1,0,0,0.18117371201515198
XGB,1,0,0,0.30348914861679077
XGB,1,0,0,0.40096914768218994
XGB,1,1,0,0.2571791112422943
XGB,1,1,0,0.028040647506713867
XGB,1,0,0,0.029077811166644096
XGB,1,1,0,0.06148600950837135
XGB,1,0,0,0.020027343183755875
XGB,1,0,0,0.072440005838871
XGB,1,1,1,0.7170778512954712
XGB,1,0,0,0.266156405210495
XGB,1,0,0,0.08968382328748703
XGB,1,0,0,0.03526369854807854
XGB,1,0,0,0.02919192984700203
XGB,1,0,0,0.07801716029644012
XGB,1,0,0,0.30660638213157654
XGB,1,0,0,0.045206718146800995
XGB,1,0,1,0.6790842413902283
XGB,1,0,1,0.758383572101593
XGB,1,0,0,0.07982991635799408
XGB,1,0,0,0.11620571464300156
XGB,1,0,0,0.026720628142356873
XGB,1,0,0,0.059156183153390884
XGB,1,0,0,0.1680799275636673
XGB,1,1,0,0.21508492529392242
XGB,1,1,0,0.0021698207128793
XGB,1,1,1,0.5142301917076111
XGB,1,1,0,0.24132587015628815
XGB,1,0,0,0.14595933258533478
XGB,1,0,0,0.009941584430634975
XGB,1,0,0,0.014301891438663006
XGB,1,0,0,0.0012461981968954206
XGB,1,0,0,0.01748986355960369
XGB,1,1,0,0.412651926279068
XGB,1,0,0,0.03211025893688202
XGB,1,0,0,0.11928427219390869
XGB,1,1,0,0.05481119081377983
XGB,1,0,0,0.03768223524093628
XGB,1,0,0,0.2312418818473816
XGB,1,0,0,0.10552681982517242
XGB,1,0,0,0.038005635142326355
XGB,1,1,1,0.6581451296806335
XGB,1,0,0,0.19609257578849792
XGB,1,0,0,0.03163640946149826
XGB,1,0,1,0.6372201442718506
XGB,1,0,0,0.008984367363154888
XGB,1,0,0,0.05957915633916855
XGB,1,0,1,0.637294352054596
XGB,1,0,0,0.05543225258588791
XGB,1,0,0,0.1508970558643341
XGB,1,0,0,0.005505578592419624
XGB,1,0,0,0.15511174499988556
XGB,1,0,0,0.01970965415239334
XGB,1,1,1,0.8873983025550842
XGB,1,1,1,0.772117555141449
XGB,1,1,0,0.2790539264678955
XGB,1,1,1,0.8546704053878784
XGB,1,1,1,0.7330812811851501
XGB,1,0,0,0.013720403425395489
XGB,1,0,1,0.5266395211219788
XGB,1,0,0,0.03308725357055664
XGB,1,0,1,0.6390588879585266
XGB,1,1,0,0.0019051162526011467
XGB,1,0,0,0.2148612141609192
XGB,1,0,0,0.015545004978775978
XGB,1,0,0,0.13795430958271027
XGB,1,0,0,0.05366949364542961
XGB,1,0,0,0.06921764463186264
XGB,1,0,0,0.023468906059861183
XGB,1,0,0,0.011516755446791649
XGB,1,0,1,0.7290887236595154
XGB,1,1,1,0.6855652332305908
XGB,1,0,0,0.0040474701672792435
XGB,1,0,0,0.02854204922914505
XGB,1,0,0,0.024259984493255615
XGB,1,0,0,0.48133155703544617
XGB,1,0,0,0.056770019233226776
XGB,1,0,0,0.23125077784061432
XGB,1,0,1,0.9556412100791931
XGB,1,0,0,0.1314418613910675
XGB,1,0,1,0.5919893980026245
XGB,1,0,0,0.05471225455403328
XGB,1,1,0,0.24318721890449524
XGB,1,0,0,0.46115800738334656
XGB,1,0,0,0.0527069978415966
XGB,1,0,0,0.19922195374965668
XGB,1,1,1,0.8102595210075378
XGB,1,0,0,0.04716034606099129
XGB,1,1,0,0.01956431195139885
XGB,1,0,0,0.03300860524177551
XGB,1,0,1,0.6745558381080627
XGB,1,0,0,0.26411426067352295
XGB,1,0,0,0.014328360557556152
XGB,1,0,0,0.08300771564245224
XGB,1,0,0,0.2255871295928955
XGB,1,1,0,0.032850656658411026
XGB,1,0,0,0.032236188650131226
XGB,1,1,1,0.6026337146759033
XGB,1,0,0,0.24131034314632416
XGB,1,0,0,0.27563631534576416
XGB,1,0,1,0.7846055030822754
XGB,1,0,1,0.5708671808242798
XGB,1,0,0,0.030003627762198448
XGB,1,0,0,0.012143520638346672
XGB,1,0,0,0.05466649681329727
XGB,1,0,0,0.003157117171213031
XGB,1,0,0,0.07835070043802261
XGB,1,1,0,0.0218566432595253
XGB,1,0,0,0.0042828284204006195
XGB,1,0,0,0.11133340746164322
XGB,1,0,0,0.3311239182949066
XGB,1,0,0,0.041392192244529724
XGB,1,1,0,0.008623492904007435
XGB,1,0,0,0.19410651922225952
XGB,1,0,0,0.09746423363685608
XGB,1,0,0,0.4623951315879822
XGB,1,0,0,0.06427419930696487
XGB,1,0,0,0.1184464618563652
XGB,1,1,0,0.25827571749687195
XGB,1,0,0,0.3667399287223816
XGB,1,0,0,0.3973313570022583
XGB,1,1,0,0.084368035197258
XGB,1,1,0,0.10308501124382019
XGB,1,1,1,0.5575441122055054
XGB,1,0,0,0.011914039961993694
XGB,1,1,0,0.2596140503883362
XGB,1,1,1,0.503637969493866
XGB,1,0,0,0.01414063572883606
XGB,1,0,0,0.06156524270772934
XGB,1,0,0,0.10543380677700043
XGB,1,0,0,0.10949160158634186
XGB,1,0,0,0.04164361581206322
XGB,1,0,0,0.002472158521413803
XGB,1,0,0,0.40381669998168945
XGB,1,0,1,0.8451309204101562
XGB,1,1,0,0.4283093512058258
XGB,1,0,1,0.6737470626831055
XGB,1,0,0,0.07243060320615768
XGB,1,0,0,0.005795164033770561
XGB,1,0,0,0.012512139044702053
XGB,1,1,0,0.17151163518428802
XGB,1,1,0,0.4448389708995819
XGB,1,0,0,0.18043719232082367
XGB,1,0,0,0.018700672313570976
XGB,1,0,0,0.011059599928557873
XGB,1,0,1,0.5798237919807434
XGB,1,0,0,0.13708001375198364
XGB,1,0,0,0.00795577559620142
XGB,1,0,0,0.0008426647400483489
XGB,1,1,0,0.47383880615234375
XGB,1,0,0,0.1299676150083542
XGB,1,1,0,0.011027310974895954
XGB,1,0,1,0.5332627892494202
XGB,1,0,0,0.13109223544597626
XGB,1,0,0,0.2064644992351532
XGB,1,0,0,0.29261332750320435
XGB,1,0,0,0.02564680576324463
XGB,1,0,0,0.21313802897930145
XGB,1,0,0,0.017800962552428246
XGB,1,0,0,0.06978387385606766
XGB,1,0,0,0.008469431661069393
XGB,1,0,0,0.1686374843120575
XGB,1,0,0,0.047154881060123444
XGB,1,1,0,0.2812616527080536
XGB,1,1,0,0.21771839261054993
XGB,1,0,0,0.02957630343735218
XGB,1,0,0,0.29355910420417786
XGB,1,1,1,0.9723179340362549
XGB,1,1,1,0.6943671107292175
XGB,1,0,0,0.1616697907447815
XGB,1,1,0,0.08084400743246078
XGB,1,1,0,0.00951344147324562
XGB,1,1,1,0.6513158082962036
XGB,1,0,0,0.01581321842968464
XGB,1,0,0,0.20473194122314453
XGB,1,1,0,0.1397332102060318
XGB,1,0,0,0.007820453494787216
XGB,1,0,0,0.3815973401069641
XGB,1,0,0,0.06537945568561554
XGB,1,0,0,0.15040288865566254
XGB,1,1,0,0.250948965549469
XGB,1,1,0,0.10597028583288193
XGB,1,0,0,0.10493653267621994
XGB,1,1,0,0.06748741865158081
XGB,1,0,0,0.052307140082120895
XGB,1,0,0,0.024472812190651894
XGB,1,0,0,0.029515821486711502
XGB,1,0,0,0.05810026451945305
XGB,1,0,0,0.07972075045108795
XGB,1,1,0,0.19008728861808777
XGB,1,1,1,0.8474233150482178
XGB,1,1,0,0.005402757786214352
XGB,1,0,0,0.07234293967485428
XGB,1,1,0,0.1840970665216446
XGB,1,0,0,0.03284492343664169
XGB,1,0,0,0.01632695086300373
XGB,1,0,0,0.08517653495073318
XGB,1,0,0,0.11551135033369064
XGB,1,0,0,0.04801173508167267
XGB,1,0,0,0.11973238736391068
XGB,1,1,1,0.8442209959030151
XGB,1,1,0,0.17230553925037384
XGB,1,1,0,0.35255637764930725
XGB,1,0,0,0.008413315750658512
XGB,1,1,0,0.08058934658765793
XGB,1,0,0,0.10396841913461685
XGB,1,0,1,0.5311272740364075
XGB,1,0,0,0.023464985191822052
XGB,1,1,0,0.18875300884246826
XGB,1,0,0,0.1580265909433365
XGB,1,0,0,0.013271838426589966
XGB,1,0,0,0.06706038862466812
XGB,1,0,0,0.032132480293512344
XGB,1,0,0,0.25444990396499634
XGB,1,1,0,0.09316854923963547
XGB,1,0,0,0.17600320279598236
XGB,1,0,0,0.14207282662391663
XGB,1,0,0,0.18256676197052002
XGB,1,0,0,0.030824942514300346
XGB,1,0,0,0.041815537959337234
XGB,1,0,0,0.1715492308139801
XGB,1,0,0,0.005964183248579502
XGB,1,1,0,0.03685998544096947
XGB,1,0,0,0.28627151250839233
XGB,1,0,0,0.06936246901750565
XGB,1,0,0,0.04941239207983017
XGB,1,1,0,0.32806843519210815
XGB,1,0,0,0.35143691301345825
XGB,1,0,0,0.19000495970249176
XGB,1,1,0,0.1432383507490158
XGB,1,1,0,0.04294925928115845
XGB,1,1,0,0.31254667043685913
XGB,1,0,0,0.035798508673906326
XGB,1,0,1,0.937720775604248
XGB,1,0,0,0.19594700634479523
XGB,1,1,0,0.19501927495002747
XGB,1,0,0,0.041008111089468
XGB,1,0,0,0.09949197620153427
XGB,1,1,0,0.3915378749370575
XGB,1,0,1,0.6927255392074585
XGB,1,0,0,0.08062905073165894
XGB,1,1,0,0.10351306945085526
XGB,1,1,0,0.08085647970438004
XGB,1,1,1,0.8257387280464172
XGB,1,0,0,0.1808997541666031
XGB,1,0,0,0.28730466961860657
XGB,1,0,0,0.06675942242145538
XGB,1,0,0,0.20660220086574554
XGB,1,0,1,0.6358065605163574
XGB,1,0,0,0.12967409193515778
XGB,1,0,0,0.1878603845834732
XGB,1,0,0,0.10496613383293152
XGB,1,0,0,0.3896239697933197
XGB,1,0,0,0.06436123698949814
XGB,1,0,0,0.03545987606048584
XGB,1,0,0,0.08759379386901855
XGB,1,0,0,0.08279819041490555
XGB,1,1,1,0.659224271774292
XGB,1,0,1,0.9278543591499329
XGB,1,1,0,0.025878548622131348
XGB,1,0,0,0.002158021554350853
XGB,1,0,0,0.1390545517206192
XGB,1,0,0,0.01604977436363697
XGB,1,0,0,0.09790744632482529
XGB,1,0,0,0.0022559037897735834
XGB,1,0,0,0.006147716660052538
XGB,1,0,0,0.30975520610809326
XGB,1,0,1,0.9499207735061646
XGB,1,0,1,0.5060086250305176
XGB,1,1,1,0.924196183681488
XGB,1,0,0,0.008020881563425064
XGB,1,0,0,0.27101489901542664
XGB,1,0,0,0.2353419065475464
XGB,1,0,0,0.16850124299526215
XGB,1,0,1,0.5400095582008362
XGB,1,0,0,0.013541050255298615
XGB,1,1,0,0.3839779496192932
XGB,1,0,0,0.0008376524783670902
XGB,1,0,0,0.20637276768684387
XGB,1,1,1,0.8597378730773926
XGB,1,0,0,0.04427477717399597
XGB,1,0,0,0.1719234138727188
XGB,1,1,0,0.04166797176003456
XGB,1,0,0,0.19347354769706726
XGB,1,0,0,0.11658251285552979
XGB,1,0,0,0.07196067273616791
XGB,1,0,0,0.0904417484998703
XGB,1,0,0,0.1930854767560959
XGB,1,0,0,0.09144214540719986
XGB,1,0,0,0.2357722818851471
XGB,1,1,0,0.26429882645606995
XGB,1,0,0,0.03398878499865532
XGB,1,0,0,0.06121230870485306
XGB,1,0,0,0.05382266268134117
XGB,1,0,0,0.016121476888656616
XGB,1,0,0,0.1869770735502243
XGB,1,0,0,0.14639583230018616
XGB,1,0,0,0.032112494111061096
XGB,1,0,0,0.10988364368677139
XGB,1,0,0,0.02153131552040577
XGB,1,1,1,0.7739923000335693
XGB,1,0,1,0.8811141848564148
XGB,1,0,0,0.12508878111839294
XGB,1,0,0,0.11800836026668549
XGB,1,1,1,0.6798760294914246
XGB,1,0,1,0.7159947752952576
XGB,1,1,0,0.1944556087255478
XGB,1,0,0,0.08085102587938309
XGB,1,0,0,0.11111094802618027
XGB,1,0,0,0.05063693970441818
XGB,1,1,0,0.016467178240418434
XGB,1,0,0,0.07085704803466797
XGB,1,0,0,0.030742304399609566
XGB,1,0,0,0.003306241473183036
XGB,1,0,0,0.21693429350852966
XGB,1,0,0,0.03438783437013626
XGB,1,0,0,0.47136321663856506
XGB,1,0,0,0.02195408008992672
XGB,1,0,0,0.06344405561685562
XGB,1,1,0,0.0647493451833725
XGB,1,0,0,0.08055862784385681
XGB,1,1,0,0.11698704212903976
XGB,1,0,0,0.0442352257668972
XGB,1,1,0,0.1608535349369049
XGB,1,0,1,0.6929554343223572
XGB,1,0,0,0.0021540524903684855
XGB,1,0,0,0.040939755737781525
XGB,1,0,0,0.23157088458538055
XGB,1,0,0,0.31600749492645264
XGB,1,0,0,0.0465545691549778
XGB,1,0,0,0.3753873407840729
XGB,1,0,0,0.014479628764092922
XGB,1,0,0,0.46913349628448486
XGB,1,1,0,0.2989305555820465
XGB,1,0,0,0.07688894867897034
XGB,1,0,0,0.052727606147527695
XGB,1,0,0,0.4606437385082245
XGB,1,1,0,0.015637466683983803
XGB,1,0,1,0.6013391017913818
XGB,1,1,1,0.7211127281188965
XGB,1,0,0,0.10319693386554718
XGB,1,0,0,0.2862918972969055
XGB,1,1,0,0.291086345911026
XGB,1,0,1,0.5184892416000366
XGB,1,0,0,0.046184200793504715
XGB,1,1,1,0.9149180054664612
XGB,1,1,1,0.755780816078186
XGB,1,0,1,0.7629894614219666
XGB,1,0,0,0.06473080068826675
XGB,1,1,0,0.06707066297531128
XGB,1,1,0,0.27927350997924805
XGB,1,0,0,0.007328829728066921
XGB,1,0,0,0.24972879886627197
XGB,1,0,0,0.2634415924549103
XGB,1,0,0,0.01811094954609871
XGB,1,0,0,0.10853788256645203
XGB,1,0,0,0.04257053881883621
XGB,1,1,0,0.16259917616844177
XGB,1,0,0,0.07378607988357544
XGB,1,0,1,0.7253145575523376
XGB,1,0,0,0.04263336956501007
XGB,1,0,0,0.44260090589523315
XGB,1,0,0,0.059577491134405136
XGB,1,0,0,0.21871106326580048
XGB,1,1,0,0.019170716404914856
XGB,1,0,0,0.22265061736106873
XGB,1,0,0,0.020161153748631477
XGB,2,0,0,0.008285554125905037
XGB,2,0,0,0.10964685678482056
XGB,2,0,0,0.31693723797798157
XGB,2,0,0,0.024377504363656044
XGB,2,0,1,0.5791425108909607
XGB,2,1,1,0.5286117196083069
XGB,2,1,0,0.001508450135588646
XGB,2,1,1,0.6898239254951477
XGB,2,0,0,0.01769150421023369
XGB,2,0,0,0.03441961854696274
XGB,2,0,0,0.003058955306187272
XGB,2,0,0,0.0019973372109234333
XGB,2,0,1,0.95018470287323
XGB,2,0,0,0.04396045580506325
XGB,2,0,0,0.008617975749075413
XGB,2,0,0,0.158273383975029
XGB,2,0,0,0.1211625263094902
XGB,2,0,0,0.09123872220516205
XGB,2,0,0,0.051577046513557434
XGB,2,0,0,0.017895381897687912
XGB,2,0,0,0.0008841436938382685
XGB,2,0,0,0.15616467595100403
XGB,2,1,1,0.6384313702583313
XGB,2,1,0,0.15209996700286865
XGB,2,0,0,0.056887075304985046
XGB,2,0,0,0.017635488882660866
XGB,2,0,0,0.07492759078741074
XGB,2,1,1,0.7858649492263794
XGB,2,0,1,0.6223552227020264
XGB,2,0,0,0.000587270304095
XGB,2,0,0,0.013438497669994831
XGB,2,0,0,0.07253657281398773
XGB,2,0,0,0.08042818307876587
XGB,2,0,0,0.006728410720825195
XGB,2,1,0,0.4808773398399353
XGB,2,0,0,0.33089005947113037
XGB,2,0,1,0.9321516752243042
XGB,2,0,1,0.8832079172134399
XGB,2,0,0,0.05821910500526428
XGB,2,0,0,0.05094986781477928
XGB,2,1,1,0.6262573599815369
XGB,2,0,0,0.20234963297843933
XGB,2,1,0,0.09122185409069061
XGB,2,0,0,0.10851865261793137
XGB,2,0,0,0.0042171175591647625
XGB,2,1,0,0.10019925981760025
XGB,2,0,0,0.0008231805986724794
XGB,2,0,0,0.02306514047086239
XGB,2,0,0,0.009962210431694984
XGB,2,0,1,0.8551624417304993
XGB,2,0,0,0.06584633141756058
XGB,2,0,0,0.04551314935088158
XGB,2,0,0,0.04893744736909866
XGB,2,1,1,0.5041378140449524
XGB,2,0,0,0.0015554212732240558
XGB,2,0,0,0.16713127493858337
XGB,2,0,0,0.025731774047017097
XGB,2,0,0,0.13300055265426636
XGB,2,0,0,0.3597279489040375
XGB,2,1,0,0.08363926410675049
XGB,2,0,0,0.05278078839182854
XGB,2,0,1,0.7432974576950073
XGB,2,0,0,0.03429434821009636
XGB,2,0,0,0.08170989900827408
XGB,2,0,0,0.05115296691656113
XGB,2,0,0,0.1283327043056488
XGB,2,0,0,0.024288462474942207
XGB,2,0,0,0.48025310039520264
XGB,2,0,0,0.023131316527724266
XGB,2,0,0,0.3153604567050934
XGB,2,0,0,0.23327335715293884
XGB,2,0,0,0.1761905997991562
XGB,2,1,1,0.9439729452133179
XGB,2,0,0,0.2573738396167755
XGB,2,0,0,0.12292420119047165
XGB,2,0,1,0.5227496027946472
XGB,2,0,0,0.2934102416038513
XGB,2,1,0,0.382259339094162
XGB,2,0,1,0.5667840838432312
XGB,2,0,0,0.0026742597110569477
XGB,2,0,0,0.05243990570306778
XGB,2,0,0,0.0030824202112853527
XGB,2,0,0,0.04884248971939087
XGB,2,0,0,0.08343171328306198
XGB,2,0,0,0.016538070514798164
XGB,2,1,1,0.8734372854232788
XGB,2,0,0,0.032310232520103455
XGB,2,0,0,0.1522071808576584
XGB,2,1,0,0.2805025279521942
XGB,2,1,0,0.1421128511428833
XGB,2,0,0,0.006328205112367868
XGB,2,0,0,0.007929658517241478
XGB,2,0,1,0.7438094615936279
XGB,2,0,0,0.25080767273902893
XGB,2,0,0,0.02541431412100792
XGB,2,0,0,0.23861876130104065
XGB,2,1,1,0.5313712954521179
XGB,2,0,0,0.09714426845312119
XGB,2,0,0,0.0687674805521965
XGB,2,0,0,0.003368774661794305
XGB,2,0,0,0.056328803300857544
XGB,2,1,1,0.7424260377883911
XGB,2,0,0,0.4481102526187897
XGB,2,0,0,0.2641446888446808
XGB,2,0,0,0.0774032473564148
XGB,2,0,0,0.03248968720436096
XGB,2,1,0,0.34344482421875
XGB,2,1,1,0.9858141541481018
XGB,2,0,0,0.3645690381526947
XGB,2,0,0,0.07721032947301865
XGB,2,1,0,0.058056943118572235
XGB,2,1,0,0.04217192530632019
XGB,2,1,0,0.0072699496522545815
XGB,2,0,1,0.5206198692321777
XGB,2,0,0,0.022343449294567108
XGB,2,0,0,0.0327870175242424
XGB,2,0,0,0.021036354824900627
XGB,2,1,0,0.18002350628376007
XGB,2,1,0,0.08943022042512894
XGB,2,1,1,0.9327009916305542
XGB,2,0,0,0.00738760270178318
XGB,2,0,0,0.02957323007285595
XGB,2,0,1,0.531032919883728
XGB,2,0,0,0.08230465650558472
XGB,2,0,1,0.5333930253982544
XGB,2,0,0,0.02238733321428299
XGB,2,1,1,0.9926264882087708
XGB,2,0,0,0.025570042431354523
XGB,2,1,0,0.09982430934906006
XGB,2,1,1,0.6982306241989136
XGB,2,0,0,0.2523394525051117
XGB,2,1,1,0.6729512214660645
XGB,2,0,0,0.013322991319000721
XGB,2,0,0,0.02091778814792633
XGB,2,1,0,0.3778134882450104
XGB,2,0,0,0.2305803745985031
XGB,2,1,0,0.10681898146867752
XGB,2,0,1,0.8497543931007385
XGB,2,1,0,0.03753240779042244
XGB,2,0,0,0.09787371009588242
XGB,2,0,0,0.361998587846756
XGB,2,0,1,0.6073949933052063
XGB,2,1,1,0.6429870128631592
XGB,2,0,0,0.013655793853104115
XGB,2,1,1,0.7604985237121582
XGB,2,0,0,0.148034930229187
XGB,2,0,0,0.05908090993762016
XGB,2,0,0,0.3232743740081787
XGB,2,0,0,0.35262537002563477
XGB,2,0,0,0.01763123646378517
XGB,2,0,0,0.3433697521686554
XGB,2,0,1,0.5707758665084839
XGB,2,0,0,0.04131358116865158
XGB,2,0,0,0.022816065698862076
XGB,2,1,1,0.550767719745636
XGB,2,1,0,0.032178521156311035
XGB,2,1,0,0.09786104410886765
XGB,2,0,0,0.019403092563152313
XGB,2,0,0,0.13742437958717346
XGB,2,0,0,0.16525718569755554
XGB,2,0,0,0.17178897559642792
XGB,2,0,0,0.010650158859789371
XGB,2,0,0,0.12578557431697845
XGB,2,0,0,0.05948760360479355
XGB,2,0,0,0.008908171206712723
XGB,2,0,0,0.008763682097196579
XGB,2,0,1,0.6864507794380188
XGB,2,0,1,0.5535470247268677
XGB,2,0,0,0.4456382989883423
XGB,2,0,0,0.4070154130458832
XGB,2,1,0,0.014113274402916431
XGB,2,0,0,0.07282460480928421
XGB,2,1,0,0.23839908838272095
XGB,2,0,0,0.029464684426784515
XGB,2,0,0,0.104073166847229
XGB,2,0,0,0.002490566112101078
XGB,2,0,0,0.009179353713989258
XGB,2,0,0,0.13116079568862915
XGB,2,1,0,0.10649056732654572
XGB,2,1,0,0.3028298616409302
XGB,2,0,0,0.09315979480743408
XGB,2,1,0,0.054452262818813324
XGB,2,0,0,0.08785419166088104
XGB,2,0,0,0.01177699863910675
XGB,2,0,0,0.00764976441860199
XGB,2,0,0,0.0018871829379349947
XGB,2,0,0,0.0131369698792696
XGB,2,0,0,0.3205142915248871
XGB,2,0,0,0.011719881556928158
XGB,2,1,1,0.5767611265182495
XGB,2,0,0,0.031121790409088135
XGB,2,0,0,0.37034091353416443
XGB,2,0,0,0.004452598746865988
XGB,2,1,1,0.5580058693885803
XGB,2,1,1,0.8798389434814453
XGB,2,0,0,0.10779549181461334
XGB,2,0,0,0.28982871770858765
XGB,2,0,0,0.24446895718574524
XGB,2,0,0,0.23972676694393158
XGB,2,0,0,0.07457952946424484
XGB,2,0,0,0.005816497839987278
XGB,2,0,0,0.021747952327132225
XGB,2,0,0,0.015410742722451687
XGB,2,1,1,0.9941766262054443
XGB,2,0,1,0.6587979197502136
XGB,2,0,0,0.15756694972515106
XGB,2,0,0,0.005379605572670698
XGB,2,0,0,0.004784697201102972
XGB,2,1,0,0.31198760867118835
XGB,2,0,0,0.017120249569416046
XGB,2,1,0,0.3039967119693756
XGB,2,1,0,0.08486703783273697
XGB,2,0,0,0.03714069724082947
XGB,2,1,0,0.08465778082609177
XGB,2,0,0,0.19826607406139374
XGB,2,1,1,0.9857749938964844
XGB,2,0,0,0.009809039533138275
XGB,2,1,1,0.6835159063339233
XGB,2,0,0,0.12907637655735016
XGB,2,0,0,0.03721984103322029
XGB,2,0,1,0.5592741370201111
XGB,2,0,0,0.24120450019836426
XGB,2,0,0,0.02737756073474884
XGB,2,0,0,0.07141156494617462
XGB,2,0,0,0.16255153715610504
XGB,2,0,1,0.5023905038833618
XGB,2,0,0,0.005676845088601112
XGB,2,1,0,0.22118417918682098
XGB,2,0,0,0.05505335330963135
XGB,2,0,0,0.004214455373585224
XGB,2,0,0,0.21555332839488983
XGB,2,0,0,0.0020405282266438007
XGB,2,0,0,0.1369229108095169
XGB,2,0,0,0.4652499854564667
XGB,2,0,0,0.03601451590657234
XGB,2,0,0,0.13147036731243134
XGB,2,0,0,0.30618998408317566
XGB,2,1,1,0.6614534854888916
XGB,2,0,0,0.36841249465942383
XGB,2,1,1,0.8400534391403198
XGB,2,0,0,0.25804710388183594
XGB,2,0,0,0.07930096983909607
XGB,2,1,0,0.050527963787317276
XGB,2,0,0,0.08987624198198318
XGB,2,0,0,0.03094460442662239
XGB,2,0,0,0.11919385194778442
XGB,2,0,0,0.21791596710681915
XGB,2,0,0,0.013369474560022354
XGB,2,0,0,0.050968293100595474
XGB,2,0,0,0.34265637397766113
XGB,2,0,0,0.0008640539017505944
XGB,2,0,0,0.0017733079148456454
XGB,2,0,0,0.007570614572614431
XGB,2,0,0,0.03198198974132538
XGB,2,0,0,0.2393776923418045
XGB,2,0,0,0.037431634962558746
XGB,2,1,0,0.14022506773471832
XGB,2,0,1,0.5272181034088135
XGB,2,0,0,0.08942128717899323
XGB,2,1,1,0.8498092889785767
XGB,2,0,0,0.02443247102200985
XGB,2,0,0,0.0033172904513776302
XGB,2,0,0,0.3249932825565338
XGB,2,0,1,0.9198455810546875
XGB,2,0,0,0.010243655182421207
XGB,2,0,0,0.028901780024170876
XGB,2,0,0,0.10159246623516083
XGB,2,0,0,0.22552478313446045
XGB,2,0,1,0.7532844543457031
XGB,2,0,0,0.05905313417315483
XGB,2,0,0,0.13342034816741943
XGB,2,1,0,0.18403451144695282
XGB,2,0,0,0.01586444489657879
XGB,2,1,0,0.09258224815130234
XGB,2,0,0,0.2557995319366455
XGB,2,0,1,0.7142636775970459
XGB,2,0,0,0.23381753265857697
XGB,2,1,0,0.19958224892616272
XGB,2,0,0,0.39295387268066406
XGB,2,0,0,0.07247338443994522
XGB,2,0,1,0.8750391006469727
XGB,2,0,0,0.28964298963546753
XGB,2,0,0,0.04083080217242241
XGB,2,0,0,0.12363558262586594
XGB,2,0,0,0.13560743629932404
XGB,2,1,0,0.30752626061439514
XGB,2,0,0,0.0002587935596238822
XGB,2,0,0,0.41439059376716614
XGB,2,0,0,0.0710538700222969
XGB,2,0,0,0.059997063130140305
XGB,2,0,0,0.004062990192323923
XGB,2,0,0,0.033097658306360245
XGB,2,0,0,0.39690372347831726
XGB,2,1,0,0.09339039027690887
XGB,2,0,0,0.01801924593746662
XGB,2,0,0,0.26674720644950867
XGB,2,0,1,0.5196869373321533
XGB,2,0,0,0.05564737319946289
XGB,2,0,0,0.39500585198402405
XGB,2,1,0,0.46895745396614075
XGB,2,0,0,0.0024498342536389828
XGB,2,0,0,0.10289136320352554
XGB,2,0,0,0.027007101103663445
XGB,2,0,0,0.33455973863601685
XGB,2,0,0,0.06316928565502167
XGB,2,0,0,0.06321791559457779
XGB,2,0,0,0.12803612649440765
XGB,2,0,0,0.2049126774072647
XGB,2,0,0,0.002647465793415904
XGB,2,0,0,0.041184861212968826
XGB,2,0,0,0.19899936020374298
XGB,2,0,0,0.07177127152681351
XGB,2,0,1,0.6628220081329346
XGB,2,1,0,0.06335769593715668
XGB,2,0,0,0.35901209712028503
XGB,2,0,0,0.023548701778054237
XGB,2,0,0,0.09029515087604523
XGB,2,0,0,0.15471963584423065
XGB,2,0,0,0.1606372743844986
XGB,2,0,0,0.08438459783792496
XGB,2,0,0,0.07757050544023514
XGB,2,1,0,0.07407466322183609
XGB,2,1,0,0.14959420263767242
XGB,2,0,0,0.004616703372448683
XGB,2,0,1,0.9681719541549683
XGB,2,1,0,0.056565236300230026
XGB,2,0,0,0.1364113986492157
XGB,2,1,0,0.22696445882320404
XGB,2,0,1,0.8907575607299805
XGB,2,0,0,0.12823808193206787
XGB,2,1,0,0.01644291542470455
XGB,2,0,0,0.3868941366672516
XGB,2,0,0,0.05607949197292328
XGB,2,1,0,0.01689056307077408
XGB,2,0,0,0.10065778344869614
XGB,2,1,0,0.4268178343772888
XGB,2,0,0,0.012371490709483624
XGB,2,1,0,0.001193240168504417
XGB,2,0,0,0.013939191587269306
XGB,2,1,1,0.5323769450187683
XGB,2,1,0,0.14762605726718903
XGB,2,0,0,0.008999778889119625
XGB,2,1,0,0.38588380813598633
XGB,2,0,0,0.3161514401435852
XGB,2,1,0,0.3603626787662506
XGB,2,0,0,0.13399004936218262
XGB,2,0,0,0.04814768582582474
XGB,2,0,0,0.0034707183949649334
XGB,2,0,0,0.004342039581388235
XGB,2,0,0,0.005568213760852814
XGB,2,1,1,0.7082564234733582
XGB,2,1,1,0.990538477897644
XGB,2,0,1,0.5382512211799622
XGB,2,0,0,0.415975958108902
XGB,2,0,0,0.08212747424840927
XGB,2,0,0,0.31503063440322876
XGB,2,0,0,0.058709993958473206
XGB,2,0,0,0.1471470147371292
XGB,2,1,0,0.10322516411542892
XGB,2,1,0,0.2833889126777649
XGB,2,1,1,0.5048035383224487
XGB,2,0,0,0.04808842018246651
XGB,2,0,0,0.05668751150369644
XGB,2,1,0,0.02004147134721279
XGB,2,0,0,0.0021992234978824854
XGB,2,0,0,0.020511994138360023
XGB,2,0,0,0.3036123514175415
XGB,2,0,0,0.02096194215118885
XGB,2,0,1,0.55977463722229
XGB,2,0,0,0.10172031819820404
XGB,2,1,1,0.689055323600769
XGB,2,0,0,0.0017229181248694658
XGB,2,1,0,0.019243454560637474
XGB,2,0,0,0.0018951675156131387
XGB,2,0,0,0.0013506576651707292
XGB,2,0,0,0.019898900762200356
XGB,2,0,0,0.18543915450572968
XGB,2,0,1,0.7873980402946472
XGB,2,0,0,0.03202864155173302
XGB,2,0,0,0.008770320564508438
XGB,2,0,0,0.009429379366338253
XGB,2,0,0,0.3273574709892273
XGB,2,0,0,0.0011732118437066674
XGB,2,0,1,0.6534099578857422
XGB,2,0,0,0.2062460333108902
XGB,2,1,0,0.004340609535574913
XGB,2,1,1,0.9606323838233948
XGB,2,0,0,0.014266072772443295
XGB,2,0,1,0.5667015910148621
XGB,2,1,0,0.04018854722380638
XGB,2,0,0,0.11944004893302917
XGB,2,1,0,0.4335992932319641
XGB,2,0,0,0.04385627061128616
XGB,2,1,1,0.7074301242828369
XGB,2,0,0,0.01785481534898281
XGB,2,0,1,0.7105951309204102
XGB,2,0,0,0.039128080010414124
XGB,2,1,0,0.1129189282655716
XGB,2,0,1,0.5923348069190979
XGB,2,0,0,0.16994301974773407
XGB,2,0,0,0.06585726886987686
XGB,2,0,1,0.8349748253822327
XGB,2,0,0,0.08721989393234253
XGB,2,0,0,0.024532442912459373
XGB,2,0,0,0.11274128407239914
XGB,2,0,0,0.02548680081963539
XGB,2,0,1,0.8061653971672058
XGB,2,1,0,0.039569854736328125
XGB,2,0,0,0.035142768174409866
XGB,2,1,0,0.21327991783618927
XGB,2,1,1,0.8591107130050659
XGB,2,1,1,0.925912618637085
XGB,2,0,0,0.005929643753916025
XGB,2,1,0,0.17582041025161743
XGB,2,0,0,0.15320639312267303
XGB,2,0,0,0.15859530866146088
XGB,2,1,0,0.39007869362831116
XGB,2,0,0,0.27409738302230835
XGB,2,0,1,0.5883419513702393
XGB,2,0,0,0.015255790203809738
XGB,2,0,0,0.3603011667728424
XGB,2,0,0,0.10505101084709167
XGB,2,0,1,0.6040292978286743
XGB,2,0,0,0.00535639189183712
XGB,2,0,0,0.0684434100985527
XGB,2,1,0,0.12890686094760895
XGB,2,0,1,0.8401763439178467
XGB,2,1,0,0.30797457695007324
XGB,2,0,0,0.02623099647462368
XGB,2,0,0,0.07220085710287094
XGB,2,0,0,0.016663657501339912
XGB,2,0,0,0.12927542626857758
XGB,2,0,0,0.2775405943393707
XGB,2,1,0,0.03372124582529068
XGB,2,0,0,0.28272080421447754
XGB,2,1,1,0.5112882852554321
XGB,2,0,0,0.022615594789385796
XGB,2,0,0,0.002549519995227456
XGB,2,0,1,0.5643993616104126
XGB,2,0,0,0.14145053923130035
XGB,2,0,0,0.38761404156684875
XGB,2,0,0,0.14504554867744446
XGB,2,0,0,0.0900653824210167
XGB,2,0,0,0.044963277876377106
XGB,2,0,0,0.03395305201411247
XGB,2,0,0,0.01380041241645813
XGB,2,0,0,0.11577106267213821
XGB,2,0,0,0.0067308079451322556
XGB,2,0,0,0.015797462314367294
XGB,2,0,0,0.2741038501262665
XGB,2,0,0,0.011416477151215076
XGB,2,0,0,0.22188471257686615
XGB,2,0,0,0.015231704339385033
XGB,2,0,0,0.07115312665700912
XGB,2,0,0,0.02961588464677334
XGB,2,0,0,0.0013173009501770139
XGB,2,0,0,0.06026024743914604
XGB,2,1,1,0.892316997051239
XGB,2,0,0,0.35149088501930237
XGB,2,0,0,0.060538068413734436
XGB,2,0,1,0.847743034362793
XGB,2,0,0,0.007024724967777729
XGB,2,0,0,0.17552092671394348
XGB,2,0,0,0.4077718257904053
XGB,2,0,0,0.03745444864034653
XGB,2,1,0,0.07066939026117325
XGB,2,0,1,0.6835159063339233
XGB,2,0,0,0.016473103314638138
XGB,2,0,0,0.025042321532964706
XGB,2,0,0,0.023181898519396782
XGB,2,1,0,0.07450071722269058
XGB,2,1,0,0.27501481771469116
XGB,2,0,0,0.05837468057870865
XGB,2,1,1,0.7719210386276245
XGB,2,0,0,0.18106430768966675
XGB,2,0,0,0.3200484812259674
XGB,2,1,0,0.3243541419506073
XGB,2,0,0,0.007192173507064581
XGB,2,0,0,0.05244545266032219
XGB,2,1,0,0.06092284619808197
XGB,2,0,0,0.019266091287136078
XGB,2,1,0,0.3031231760978699
XGB,2,0,0,0.45655152201652527
XGB,2,0,0,0.49824848771095276
XGB,2,0,0,0.3161502182483673
XGB,2,0,0,0.15065637230873108
XGB,2,0,0,0.04730302095413208
XGB,2,0,0,0.3555258512496948
XGB,2,1,0,0.41425183415412903
XGB,2,0,0,0.01941034384071827
XGB,2,1,0,0.23817551136016846
XGB,2,1,0,0.30442145466804504
XGB,2,0,0,0.03887460380792618
XGB,2,0,0,0.012884436175227165
XGB,2,0,0,0.13149979710578918
XGB,2,0,0,0.20766381919384003
XGB,2,0,0,0.03206789121031761
XGB,2,0,0,0.13610415160655975
XGB,2,0,1,0.9364825487136841
XGB,2,0,0,0.029909243807196617
XGB,2,0,0,0.3300763666629791
XGB,2,0,0,0.02108938992023468
XGB,2,0,0,0.42234721779823303
XGB,2,0,0,0.10936543345451355
XGB,2,0,0,0.2529873549938202
XGB,2,0,0,0.29836928844451904
XGB,2,0,0,0.4154047966003418
XGB,2,0,1,0.5313624739646912
XGB,2,0,0,0.00625254912301898
XGB,2,0,0,0.030212532728910446
XGB,2,0,0,0.2743013799190521
XGB,2,0,0,0.0200940053910017
XGB,2,1,1,0.5601868033409119
XGB,2,0,0,0.2776716947555542
XGB,2,1,0,0.05548669397830963
XGB,2,0,0,0.0096549391746521
XGB,2,0,1,0.601801872253418
XGB,2,0,0,0.00862956140190363
XGB,2,0,0,0.2699718475341797
XGB,2,0,0,0.1234772801399231
XGB,2,0,0,0.07454684376716614
XGB,2,0,0,0.21998977661132812
XGB,2,0,0,0.04420514404773712
XGB,2,1,0,0.05932573601603508
XGB,2,1,0,0.24291075766086578
XGB,2,1,0,0.09746184200048447
XGB,2,1,0,0.08288519829511642
XGB,2,0,0,0.11607743799686432
XGB,2,1,0,0.4981350302696228
XGB,2,0,0,0.07909910380840302
XGB,2,0,0,0.12541386485099792
XGB,2,0,1,0.9101903438568115
XGB,2,1,1,0.8510069847106934
XGB,2,0,0,0.17530778050422668
XGB,2,1,0,0.22525820136070251
XGB,2,0,1,0.5376933813095093
XGB,2,0,0,0.025931306183338165
XGB,2,0,0,0.05073940008878708
XGB,2,0,0,0.044199105352163315
XGB,2,1,1,0.8470130562782288
XGB,2,0,0,0.17611350119113922
XGB,2,1,0,0.3364925980567932
XGB,2,0,0,0.4925934970378876
XGB,2,0,0,0.002348290989175439
XGB,2,0,0,0.05479716137051582
XGB,2,0,0,0.12735605239868164
XGB,2,0,0,0.28682249784469604
XGB,2,0,1,0.9486044645309448
XGB,2,0,0,0.027899106964468956
XGB,2,0,1,0.6346266269683838
XGB,2,1,1,0.9032745957374573
XGB,2,1,0,0.04398913308978081
XGB,2,0,0,0.20556524395942688
XGB,2,0,0,0.002789984457194805
XGB,2,1,0,0.21008431911468506
XGB,2,0,0,0.31547272205352783
XGB,2,1,0,0.41390982270240784
XGB,2,0,0,0.2844478189945221
XGB,2,0,0,0.47467535734176636
XGB,2,0,0,0.023218434303998947
XGB,2,0,1,0.5671656727790833
XGB,2,1,1,0.6425166130065918
XGB,2,0,0,0.013278165832161903
XGB,2,0,0,0.04587346315383911
XGB,2,0,0,0.0014679960440844297
XGB,2,0,0,0.028391610831022263
XGB,2,0,0,0.07716313749551773
XGB,2,0,0,0.2507161498069763
XGB,2,0,0,0.008574116043746471
XGB,2,0,0,0.12946370244026184
XGB,2,0,0,0.032440926879644394
XGB,2,0,0,0.07450469583272934
XGB,2,0,0,0.45858484506607056
XGB,2,0,0,0.01011823583394289
XGB,2,0,0,0.010839645750820637
XGB,2,0,1,0.900023341178894
XGB,2,0,0,0.4678701162338257
XGB,2,1,0,0.0612194761633873
XGB,2,0,0,0.3057839274406433
XGB,2,0,0,0.00947759859263897
XGB,2,0,0,0.3353053331375122
XGB,2,0,0,0.2672938108444214
XGB,2,0,0,0.05325064808130264
XGB,2,0,0,0.1298435628414154
XGB,2,0,0,0.26889756321907043
XGB,2,0,0,0.07656986266374588
XGB,2,1,0,0.06529794633388519
XGB,2,0,0,0.29497164487838745
XGB,2,0,0,0.30133360624313354
XGB,2,0,0,0.15714286267757416
XGB,2,0,0,0.05895228311419487
XGB,2,0,0,0.06543976068496704
XGB,2,0,0,0.09281887114048004
XGB,2,0,0,0.3374899923801422
XGB,2,1,0,0.04686911776661873
XGB,2,0,0,0.01383084338158369
XGB,2,0,0,0.011840421706438065
XGB,2,1,0,0.18108130991458893
XGB,2,0,0,0.02469237707555294
XGB,2,0,0,0.062071774154901505
XGB,2,0,0,0.03205246478319168
XGB,2,0,0,0.21673718094825745
XGB,2,1,1,0.5400270223617554
XGB,2,0,0,0.08636514097452164
XGB,2,0,0,0.24997514486312866
XGB,2,0,0,0.2933684289455414
XGB,2,0,0,0.016439206898212433
XGB,2,0,0,0.31956738233566284
XGB,2,1,0,0.05908041447401047
XGB,2,0,0,0.0024399023968726397
XGB,2,0,0,0.0006206947145983577
XGB,2,0,0,0.02089809626340866
XGB,2,0,0,0.038702342659235
XGB,2,1,0,0.3694283664226532
XGB,2,0,0,0.050283223390579224
XGB,2,0,0,0.46979254484176636
XGB,2,0,0,0.015752369537949562
XGB,2,0,0,0.0021132936235517263
XGB,2,1,0,0.12561862170696259
XGB,2,0,0,0.3286620080471039
XGB,2,0,0,0.008409584872424603
XGB,2,0,0,0.023916741833090782
XGB,2,0,0,0.04476960375905037
XGB,2,0,0,0.28529760241508484
XGB,2,0,0,0.14190669357776642
XGB,2,0,0,0.0246050413697958
XGB,2,0,0,0.08171521127223969
XGB,2,0,0,0.011070458218455315
XGB,2,0,0,0.44968381524086
XGB,2,1,0,0.0939321294426918
XGB,2,0,0,0.04381050541996956
XGB,2,0,0,0.0214241910725832
XGB,2,0,0,0.031096994876861572
XGB,2,0,0,0.046280387789011
XGB,2,1,0,0.33935871720314026
XGB,2,0,0,0.4640790820121765
XGB,2,0,0,0.011056669056415558
XGB,2,0,0,0.10603225976228714
XGB,2,0,0,0.05388275533914566
XGB,2,0,0,0.10104142874479294
XGB,2,0,0,0.020951800048351288
XGB,2,0,0,0.03431863710284233
XGB,2,1,0,0.014276430942118168
XGB,2,0,1,0.510101318359375
XGB,2,1,0,0.1236758753657341
XGB,2,0,0,0.27925047278404236
XGB,2,0,1,0.9573872685432434
XGB,2,1,0,0.09609708189964294
XGB,2,0,0,0.060552023351192474
XGB,2,0,0,0.02948731556534767
XGB,2,1,0,0.10519729554653168
XGB,2,0,0,0.20273903012275696
XGB,2,0,0,0.08772354573011398
XGB,2,0,0,0.035614535212516785
XGB,2,0,0,0.21269521117210388
XGB,2,1,0,0.18562208116054535
XGB,2,0,0,0.2882007360458374
XGB,2,1,1,0.7730874419212341
XGB,2,0,0,0.05533204600214958
XGB,2,0,0,0.09362680464982986
XGB,2,0,1,0.8680946826934814
XGB,2,1,0,0.1184171736240387
XGB,2,1,0,0.12673865258693695
XGB,2,0,1,0.5324392914772034
XGB,2,0,1,0.5666241645812988
XGB,2,0,1,0.6744654774665833
XGB,2,0,0,0.01394176110625267
XGB,2,1,0,0.31740719079971313
XGB,2,0,0,0.006045220885425806
XGB,2,0,0,0.12348879873752594
XGB,2,1,0,0.1243940144777298
XGB,2,0,0,0.08831823617219925
XGB,2,0,0,0.07165591418743134
XGB,2,0,0,0.2566799819469452
XGB,2,1,0,0.051751963794231415
XGB,2,1,1,0.552489161491394
XGB,2,0,0,0.058456193655729294
XGB,2,0,1,0.9413452744483948
XGB,2,0,0,0.10061436891555786
XGB,2,1,1,0.834080696105957
XGB,2,0,0,0.1292281299829483
XGB,2,0,0,0.3225805163383484
XGB,2,0,0,0.1631450057029724
XGB,2,0,0,0.18191753327846527
XGB,2,1,0,0.03664318844676018
XGB,2,1,0,0.3014034032821655
XGB,2,0,0,0.0671902447938919
XGB,2,0,0,0.007567243650555611
XGB,2,0,0,0.08987610787153244
XGB,2,0,0,0.016221733763813972
XGB,2,0,0,0.04176744073629379
XGB,2,1,1,0.539323091506958
XGB,2,0,0,0.1312049925327301
XGB,2,1,0,0.26567938923835754
XGB,2,1,0,0.03151217848062515
XGB,2,1,0,0.020587729290127754
XGB,2,0,1,0.6618145704269409
XGB,2,0,0,0.05908722057938576
XGB,2,0,0,0.0038992464542388916
XGB,2,0,0,0.0553145669400692
XGB,2,1,0,0.010120484977960587
XGB,2,1,0,0.08349630981683731
XGB,2,1,0,0.019153093919157982
XGB,2,0,0,0.056281041353940964
XGB,2,0,0,0.09267304092645645
XGB,2,0,0,0.0368548221886158
XGB,2,1,1,0.9199088215827942
XGB,2,0,0,0.11603866517543793
XGB,2,0,0,0.06106255576014519
XGB,2,0,0,0.004660990554839373
XGB,2,1,0,0.03318266198039055
XGB,2,0,0,0.1779683381319046
XGB,2,0,0,0.022747546434402466
XGB,2,1,1,0.9056589603424072
XGB,2,0,0,0.1424289494752884
XGB,2,0,0,0.11165359616279602
XGB,2,0,0,0.0009327618172392249
XGB,2,0,0,0.2725803554058075
XGB,2,0,1,0.6782848834991455
XGB,2,0,0,0.00840368214994669
XGB,2,0,0,0.11624769121408463
XGB,2,0,0,0.3324970602989197
XGB,2,0,0,0.05776325240731239
XGB,2,0,0,0.0022470687981694937
XGB,2,0,0,0.2733445465564728
XGB,2,0,0,0.45056188106536865
XGB,2,0,0,0.040535952895879745
XGB,2,0,0,0.012024871073663235
XGB,2,0,0,0.0880279466509819
XGB,2,0,0,0.26058638095855713
XGB,2,0,0,0.06297626346349716
XGB,2,0,1,0.7636358737945557
XGB,2,1,1,0.9637494087219238
XGB,2,0,0,0.021174388006329536
XGB,2,0,0,0.20725281536579132
XGB,2,0,0,0.008200915530323982
XGB,2,0,0,0.1184166744351387
XGB,2,0,0,0.09350026398897171
XGB,2,0,0,0.004565290175378323
XGB,2,0,0,0.17850695550441742
XGB,2,0,0,0.07614293694496155
XGB,2,1,0,0.02258037030696869
XGB,2,0,0,0.21392998099327087
XGB,2,0,0,0.04856216534972191
XGB,2,0,0,0.04953499138355255
XGB,2,0,0,0.1437133252620697
XGB,2,0,0,0.3680713474750519
XGB,2,0,0,0.1088283360004425
XGB,2,0,0,0.41165733337402344
XGB,2,0,0,0.0172639861702919
XGB,2,1,0,0.06802587956190109
XGB,2,1,0,0.2843017876148224
XGB,2,0,0,0.4939723014831543
XGB,2,0,0,0.031921833753585815
XGB,2,0,0,0.1461191475391388
XGB,2,0,0,0.003556101117283106
XGB,2,0,0,0.004489170853048563
XGB,2,0,0,0.02326691709458828
XGB,2,0,0,0.0444171205163002
XGB,2,0,0,0.1012878343462944
XGB,2,0,0,0.010730474255979061
XGB,2,0,0,0.016113968566060066
XGB,2,0,0,0.06768245995044708
XGB,2,1,0,0.20534852147102356
XGB,2,1,0,0.1175694689154625
XGB,2,0,0,0.018385211005806923
XGB,2,0,1,0.573215663433075
XGB,2,1,0,0.38154903054237366
XGB,2,1,0,0.3828193247318268
XGB,2,1,1,0.9700993299484253
XGB,2,1,0,0.010837851092219353
XGB,2,0,0,0.007840892300009727
XGB,2,1,0,0.04302108287811279
XGB,2,1,0,0.2747844159603119
XGB,2,0,0,0.2455592304468155
XGB,2,0,0,0.028153615072369576
XGB,2,0,0,0.02216462977230549
XGB,2,0,0,0.33449581265449524
XGB,2,0,0,0.4193773567676544
XGB,2,0,0,0.05883529409766197
XGB,2,1,0,0.2112465649843216
XGB,2,0,0,0.0015812214696779847
XGB,2,0,0,0.00397990457713604
XGB,2,0,0,0.15527977049350739
XGB,2,1,0,0.054626189172267914
XGB,2,0,0,0.012296268716454506
XGB,2,0,0,0.019540846347808838
XGB,2,1,0,0.31352412700653076
XGB,2,0,0,0.42103978991508484
XGB,2,1,0,0.3361318111419678
XGB,2,0,0,0.10879798233509064
XGB,2,1,1,0.6510957479476929
XGB,2,0,0,0.14682279527187347
XGB,2,0,0,0.05720283463597298
XGB,2,0,0,0.025265051051974297
XGB,2,0,0,0.2469300776720047
XGB,2,1,1,0.8922717571258545
XGB,2,0,0,0.2420484721660614
XGB,2,0,0,0.10056649148464203
XGB,2,0,0,0.12967327237129211
XGB,2,0,0,0.08253788948059082
XGB,2,1,0,0.443049818277359
XGB,2,0,0,0.002008023438975215
XGB,2,0,0,0.06076329946517944
XGB,2,0,1,0.8120080828666687
XGB,2,0,0,0.0026874830946326256
XGB,2,0,0,0.13032887876033783
XGB,2,0,0,0.23107579350471497
XGB,2,0,0,0.11317425221204758
XGB,2,1,0,0.09667955338954926
XGB,2,0,0,0.08630947023630142
XGB,2,0,0,0.04049549624323845
XGB,2,0,0,0.10073559731245041
XGB,2,0,0,0.08344365656375885
XGB,2,0,0,0.10383056849241257
XGB,2,0,0,0.04317308962345123
XGB,2,0,0,0.21697703003883362
XGB,2,0,0,0.07545246183872223
XGB,2,0,1,0.5229412913322449
XGB,2,1,0,0.11322546005249023
XGB,2,0,0,0.04404425993561745
XGB,2,0,1,0.9906935095787048
XGB,2,0,0,0.08471748977899551
XGB,2,1,0,0.044459834694862366
XGB,2,1,0,0.3580922484397888
XGB,2,0,0,0.4609905481338501
XGB,2,0,1,0.558163583278656
XGB,2,0,0,0.11809030175209045
XGB,2,0,0,0.013623071834445
XGB,2,0,0,0.045140646398067474
XGB,2,0,0,0.18268364667892456
XGB,2,1,1,0.8192223906517029
XGB,2,0,0,0.040541257709264755
XGB,2,1,0,0.11798921972513199
XGB,2,0,0,0.06907185912132263
XGB,2,0,0,0.006033113691955805
XGB,2,0,0,0.11085902899503708
XGB,2,1,1,0.9890106320381165
XGB,2,0,1,0.981904923915863
XGB,2,0,0,0.16809600591659546
XGB,2,0,0,0.3076312839984894
XGB,2,0,0,0.35920754075050354
XGB,2,0,0,0.01801150292158127
XGB,2,0,0,0.020687652751803398
XGB,2,0,0,0.30277952551841736
XGB,2,0,0,0.3138265609741211
XGB,2,0,1,0.746696949005127
XGB,2,0,0,0.04674695432186127
XGB,2,1,0,0.03671228140592575
XGB,2,1,0,0.0032579326070845127
XGB,2,0,0,0.18416626751422882
XGB,2,0,0,0.015332350507378578
XGB,2,1,0,0.17368783056735992
XGB,2,1,0,0.11898868530988693
XGB,2,0,0,0.04210502281785011
XGB,2,1,0,0.224961519241333
XGB,2,0,0,0.10354602336883545
XGB,2,0,0,0.1393401026725769
XGB,2,0,0,0.03643007576465607
XGB,2,0,0,0.07991626858711243
XGB,2,1,0,0.015053068287670612
XGB,2,0,1,0.9584954977035522
XGB,2,0,0,0.09014642238616943
XGB,2,0,0,0.14667613804340363
XGB,2,0,0,0.08383017778396606
XGB,2,0,0,0.0434136763215065
XGB,2,1,1,0.8968110084533691
XGB,2,0,0,0.021799109876155853
XGB,2,0,0,0.1245744600892067
XGB,2,0,0,0.4844645857810974
XGB,2,0,0,0.09595411270856857
XGB,2,0,0,0.01656525209546089
XGB,2,0,1,0.6053945422172546
XGB,2,1,0,0.39951443672180176
XGB,2,0,0,0.45172297954559326
XGB,2,0,0,0.287125825881958
XGB,2,0,1,0.6772025227546692
XGB,2,1,1,0.9819329380989075
XGB,2,1,0,0.20932288467884064
XGB,2,0,0,0.05377226695418358
XGB,2,0,0,0.027631083503365517
XGB,2,1,0,0.12970364093780518
XGB,2,0,0,0.03828331455588341
XGB,2,0,0,0.2706030309200287
XGB,2,0,0,0.18281759321689606
XGB,2,0,0,0.012177837081253529
XGB,2,0,0,0.22534629702568054
XGB,2,0,0,0.006744331680238247
XGB,2,0,1,0.560658872127533
XGB,2,0,0,0.16615812480449677
XGB,2,0,0,0.31511548161506653
XGB,2,0,0,0.20263372361660004
XGB,2,0,0,0.10938853025436401
XGB,2,0,0,0.42962339520454407
XGB,2,1,0,0.1567775011062622
XGB,2,0,0,0.4934145510196686
XGB,2,0,1,0.504953920841217
XGB,2,1,0,0.06288983672857285
XGB,2,0,0,0.1140366643667221
XGB,2,0,0,0.439359575510025
XGB,2,0,0,0.06284444034099579
XGB,2,0,1,0.6151794791221619
XGB,2,1,0,0.2510104775428772
XGB,2,1,1,0.9760745167732239
XGB,2,0,0,0.07757458835840225
XGB,2,0,0,0.20478294789791107
XGB,2,0,0,0.0076163033954799175
XGB,2,0,0,0.2663714587688446
XGB,2,1,0,0.0296461321413517
XGB,2,1,0,0.20867890119552612
XGB,2,0,0,0.2781045138835907
XGB,2,1,0,0.2757900655269623
XGB,2,0,0,0.017263684421777725
XGB,2,0,1,0.7596378922462463
XGB,2,0,0,0.007563835009932518
XGB,2,0,0,0.007307269610464573
XGB,2,0,1,0.9046230912208557
XGB,2,0,0,0.15421688556671143
XGB,2,1,0,0.13877971470355988
XGB,2,0,0,0.3447054922580719
XGB,2,0,0,0.04499693214893341
XGB,2,0,0,0.05086313933134079
XGB,2,0,0,0.009333603084087372
XGB,2,0,1,0.9497628808021545
XGB,2,0,0,0.011785581707954407
XGB,2,0,0,0.0567186176776886
XGB,2,1,1,0.9567925930023193
XGB,2,0,0,0.10839901864528656
XGB,2,0,0,0.0529821440577507
XGB,2,0,0,0.10557758808135986
XGB,2,1,0,0.17997679114341736
XGB,2,0,0,0.050774093717336655
XGB,2,0,0,0.0630471408367157
XGB,2,0,0,0.006224347744137049
XGB,2,0,0,0.09135932475328445
XGB,2,0,0,0.2682293653488159
XGB,2,0,0,0.07257088273763657
XGB,2,0,0,0.0016731913201510906
XGB,2,0,0,0.09584573656320572
XGB,2,0,0,0.012552264146506786
XGB,2,0,0,0.05945310741662979
XGB,2,0,0,0.35324475169181824
XGB,2,0,0,0.3265147805213928
XGB,2,1,0,0.07165965437889099
XGB,2,1,0,0.14163464307785034
XGB,2,0,0,0.012534776702523232
XGB,2,0,0,0.030604762956500053
XGB,2,0,0,0.014070960693061352
XGB,2,0,0,0.1415204107761383
XGB,2,0,0,0.013513078913092613
XGB,2,1,0,0.24501116573810577
XGB,2,0,0,0.2654932737350464
XGB,2,0,0,0.3963611423969269
XGB,2,0,1,0.7609430551528931
XGB,2,0,1,0.9919008016586304
XGB,2,0,0,0.017202164977788925
XGB,2,0,0,0.01929548569023609
XGB,2,0,0,0.009810812771320343
XGB,2,0,0,0.014492623507976532
XGB,2,0,0,0.34016382694244385
XGB,2,0,0,0.002443456556648016
XGB,2,0,0,0.03303920850157738
XGB,2,0,0,0.27957507967948914
XGB,2,0,0,0.04323701560497284
XGB,2,0,0,0.01049430388957262
XGB,2,0,0,0.4347647726535797
XGB,2,0,0,0.08348293602466583
XGB,2,0,1,0.5438059568405151
XGB,2,0,0,0.1540207862854004
XGB,2,0,0,0.18588735163211823
XGB,2,0,0,0.0439685620367527
XGB,2,1,1,0.8054829835891724
XGB,2,0,0,0.024512140080332756
XGB,2,0,0,0.02239047922194004
XGB,2,1,0,0.1727146953344345
XGB,2,0,0,0.09742714464664459
XGB,2,0,0,0.02889443375170231
XGB,2,0,0,0.0055116936564445496
XGB,2,0,0,0.013822156935930252
XGB,2,0,0,0.3161514401435852
XGB,2,0,1,0.7352671027183533
XGB,2,0,0,0.02915840782225132
XGB,2,0,0,0.04046415910124779
XGB,2,0,0,0.2604673206806183
XGB,2,0,0,0.012860376387834549
XGB,2,0,0,0.024074319750070572
XGB,2,0,0,0.0014171069487929344
XGB,2,0,1,0.5548267960548401
XGB,2,0,0,0.11215551197528839
XGB,2,0,0,0.21443596482276917
XGB,2,0,0,0.24113865196704865
XGB,2,1,0,0.1695460081100464
XGB,2,1,0,0.2053535282611847
XGB,2,0,0,0.18267366290092468
XGB,2,1,1,0.7685862183570862
XGB,2,0,0,0.04847566783428192
XGB,2,0,0,0.09157980233430862
XGB,2,0,0,0.058711737394332886
XGB,2,1,0,0.25676223635673523
XGB,2,0,0,0.11872221529483795
XGB,2,0,0,0.26592162251472473
XGB,2,0,0,0.037307094782590866
XGB,2,0,0,0.003737514838576317
XGB,2,0,0,0.33870387077331543
XGB,2,0,0,0.03661564365029335
XGB,2,0,0,0.07969269901514053
XGB,2,0,0,0.20940245687961578
XGB,2,0,0,0.0008067225571721792
XGB,2,1,0,0.007584311533719301
XGB,2,0,0,0.007811977528035641
XGB,2,0,0,0.4566560983657837
XGB,2,0,0,0.010815600864589214
XGB,2,0,0,0.15675042569637299
XGB,2,0,1,0.5162165760993958
XGB,2,1,0,0.07826577872037888
XGB,2,1,1,0.7544294595718384
XGB,2,0,0,0.002534066094085574
XGB,2,1,1,0.9996449947357178
XGB,2,0,1,0.756191074848175
XGB,2,1,0,0.030848033726215363
XGB,2,0,0,0.022943412885069847
XGB,2,1,1,0.8676404356956482
XGB,2,0,0,0.36881735920906067
XGB,2,0,0,0.04902438446879387
XGB,2,0,0,0.24125397205352783
XGB,2,1,0,0.4957606792449951
XGB,2,0,0,0.3734492063522339
XGB,2,0,0,0.13867096602916718
XGB,2,1,0,0.02637767605483532
XGB,2,0,0,0.02610577642917633
XGB,2,0,0,0.03163183853030205
XGB,2,0,0,0.020143888890743256
XGB,2,0,0,0.3587435483932495
XGB,2,0,0,0.08645591884851456
XGB,2,0,1,0.5392745137214661
XGB,2,0,0,0.07283425331115723
XGB,2,0,0,0.4345443844795227
XGB,2,0,0,0.007589701097458601
XGB,2,0,0,0.3586823046207428
XGB,2,0,0,0.14004752039909363
XGB,2,1,0,0.4952446222305298
XGB,2,0,0,0.23457588255405426
XGB,2,0,0,0.22718815505504608
XGB,2,0,0,0.20572742819786072
XGB,2,0,0,0.10087332874536514
XGB,2,1,1,0.8684772849082947
XGB,2,0,0,0.000928692810703069
XGB,2,1,0,0.0035570203326642513
XGB,2,0,0,0.42608240246772766
XGB,2,1,0,0.13417069613933563
XGB,2,0,0,0.003697097534313798
XGB,2,1,0,0.062417928129434586
XGB,2,0,0,0.17048440873622894
XGB,2,0,0,0.05226840451359749
XGB,2,0,0,0.18868501484394073
XGB,2,0,0,0.0962638184428215
XGB,2,0,0,0.037989627569913864
XGB,2,1,0,0.03000449202954769
XGB,2,0,0,0.1596326380968094
XGB,2,0,0,0.11085059493780136
XGB,2,0,1,0.5439297556877136
XGB,2,0,0,0.2715752124786377
XGB,2,0,0,0.10848412662744522
XGB,2,0,0,0.04476301744580269
XGB,2,0,0,0.010079984553158283
XGB,2,0,0,0.005089350510388613
XGB,2,0,0,0.0027925223112106323
XGB,2,0,0,0.03670954331755638
XGB,2,0,0,0.058452729135751724
XGB,2,0,0,0.16707324981689453
XGB,2,1,1,0.7016205787658691
XGB,2,0,0,0.19964852929115295
XGB,2,0,0,0.023378891870379448
XGB,2,0,0,0.03655488044023514
XGB,2,0,1,0.5499702095985413
XGB,2,0,0,0.007791678886860609
XGB,2,0,0,0.1083502247929573
XGB,2,0,0,0.07044798880815506
XGB,2,0,0,0.0019487919053062797
XGB,2,0,0,0.017036594450473785
XGB,2,1,0,0.2863134443759918
XGB,2,0,0,0.05958674103021622
XGB,2,0,0,0.00392474140971899
XGB,2,0,0,0.0034381968434900045
XGB,2,0,1,0.8607420921325684
XGB,2,1,1,0.9802713990211487
XGB,2,1,0,0.21490317583084106
XGB,2,0,0,0.20413339138031006
XGB,2,0,1,0.7482431530952454
XGB,2,0,0,0.1322091817855835
XGB,2,1,0,0.10304298251867294
XGB,2,0,0,0.031413398683071136
XGB,2,1,0,0.2647615969181061
XGB,2,0,0,0.38288962841033936
XGB,2,1,0,0.09635981172323227
XGB,2,0,0,0.018190162256360054
XGB,2,0,0,0.002603060333058238
XGB,2,0,0,0.016441527754068375
XGB,2,0,0,0.22198903560638428
XGB,2,0,0,0.006049084477126598
XGB,2,0,0,0.37723803520202637
XGB,2,0,0,0.037653129547834396
XGB,2,1,1,0.8657429814338684
XGB,2,0,0,0.01531133521348238
XGB,2,0,0,0.10296735912561417
XGB,2,0,0,0.12540075182914734
XGB,2,0,0,0.04508069157600403
XGB,2,0,0,0.02423008717596531
XGB,2,0,0,0.3873489201068878
XGB,2,1,0,0.006163871847093105
XGB,2,0,0,0.028170261532068253
XGB,2,0,0,0.009863286279141903
XGB,2,0,0,0.4915163815021515
XGB,2,0,0,0.05509556829929352
XGB,2,0,0,0.31707563996315
XGB,2,0,0,0.010475139133632183
XGB,2,0,0,0.09711915254592896
XGB,2,0,1,0.526960551738739
XGB,2,1,0,0.4774903655052185
XGB,2,0,0,0.0039464207366108894
XGB,2,0,0,0.08136571198701859
XGB,2,1,0,0.03696177527308464
XGB,2,0,0,0.028950873762369156
XGB,2,0,0,0.09003110229969025
XGB,2,0,0,0.08852599561214447
XGB,2,0,0,0.24113143980503082
XGB,2,0,0,0.05093678459525108
XGB,2,0,0,0.3296130299568176
XGB,2,0,0,0.13541299104690552
XGB,2,1,0,0.027822114527225494
XGB,2,0,0,0.01148473471403122
XGB,2,1,0,0.05727413296699524
XGB,2,1,0,0.023153798654675484
XGB,2,0,0,0.04343961551785469
XGB,2,0,0,0.051377348601818085
XGB,2,0,1,0.6772435307502747
XGB,2,0,0,0.11101505160331726
XGB,2,0,0,0.001726740039885044
XGB,2,1,0,0.3151550889015198
XGB,2,0,0,0.012459629215300083
XGB,2,1,0,0.13820938766002655
XGB,2,0,0,0.07742266356945038
XGB,2,1,0,0.034560058265924454
XGB,2,1,0,0.15788674354553223
XGB,2,0,0,0.029748139902949333
XGB,2,1,1,0.9762036800384521
XGB,2,0,0,0.09994614869356155
XGB,2,0,0,0.20518340170383453
XGB,2,0,0,0.11078572273254395
XGB,2,1,0,0.3803533613681793
XGB,2,0,1,0.9541171193122864
XGB,2,0,0,0.01862245984375477
XGB,2,0,0,0.44366827607154846
XGB,2,1,1,0.6708883047103882
XGB,2,1,1,0.6939513683319092
XGB,2,0,0,0.008377719670534134
XGB,2,0,0,0.06848064064979553
XGB,2,1,0,0.19461070001125336
XGB,2,0,0,0.027827907353639603
XGB,2,1,0,0.004903532564640045
XGB,2,0,0,0.0034718599636107683
XGB,2,1,1,0.9980370402336121
XGB,2,0,0,0.059251558035612106
XGB,2,1,0,0.04325421154499054
XGB,2,0,0,0.027701379731297493
XGB,2,1,1,0.7954131960868835
XGB,2,0,0,0.26605090498924255
XGB,2,1,0,0.04998375475406647
XGB,2,0,0,0.1569666713476181
XGB,2,0,0,0.1390213519334793
XGB,2,1,0,0.013572794385254383
XGB,2,0,0,0.4749942719936371
XGB,2,0,0,0.09307649731636047
XGB,2,0,0,0.4444412291049957
XGB,2,0,0,0.1501864790916443
XGB,2,1,1,0.6346266269683838
XGB,2,0,0,0.19189532101154327
XGB,2,1,0,0.1073940247297287
XGB,2,0,0,0.0017690276727080345
XGB,2,0,0,0.4795650243759155
XGB,2,0,0,0.09171333909034729
XGB,2,0,0,0.014526408165693283
XGB,2,0,0,0.06092525273561478
XGB,2,0,0,0.18289145827293396
XGB,2,0,0,0.0013071264838799834
XGB,2,0,0,0.2665553092956543
XGB,2,0,0,0.27650371193885803
XGB,2,1,0,0.012129005044698715
XGB,2,1,1,0.9702094197273254
XGB,2,0,0,0.036021891981363297
XGB,2,0,0,0.2139895111322403
XGB,2,0,0,0.03739515319466591
XGB,2,0,0,0.15471655130386353
XGB,2,0,0,0.0048672049306333065
XGB,2,1,0,0.012236352078616619
XGB,2,1,0,0.014877339825034142
XGB,2,0,0,0.013507568277418613
XGB,2,0,0,0.024249635636806488
XGB,2,0,0,0.004332962445914745
XGB,2,1,0,0.03190765529870987
XGB,2,0,1,0.9633688926696777
XGB,2,0,0,0.02306171879172325
XGB,2,1,0,0.05789944529533386
XGB,2,0,0,0.021342284977436066
XGB,2,0,0,0.19116446375846863
XGB,2,0,0,0.04604507237672806
XGB,2,0,0,0.020943082869052887
XGB,2,0,0,0.19294661283493042
XGB,2,0,0,0.3883194923400879
XGB,2,1,0,0.015915269032120705
XGB,2,0,0,0.01871507242321968
XGB,2,0,0,0.18743950128555298
XGB,2,0,0,0.03930166736245155
XGB,2,0,0,0.009954490698873997
XGB,2,0,0,0.07874377816915512
XGB,2,0,0,0.017057009041309357
XGB,2,0,0,0.05956980213522911
XGB,2,0,0,0.017093729227781296
XGB,2,0,0,0.006485835183411837
XGB,2,0,0,0.015094977803528309
XGB,2,0,0,0.4428909122943878
XGB,2,0,0,0.018030909821391106
XGB,2,0,0,0.1300349235534668
XGB,2,0,0,0.01588865928351879
XGB,2,0,0,0.10106322914361954
XGB,2,0,0,0.02256903238594532
XGB,2,0,0,0.00355998775921762
XGB,2,0,0,0.16091692447662354
XGB,2,0,0,0.009407669305801392
XGB,2,0,0,0.035412032157182693
XGB,2,0,0,0.19604234397411346
XGB,2,0,0,0.26565784215927124
XGB,2,0,0,0.28023356199264526
XGB,2,0,0,0.04368595778942108
XGB,2,0,1,0.6275542974472046
XGB,2,1,0,0.3843778371810913
XGB,2,1,1,0.9927701354026794
XGB,2,1,0,0.03786840662360191
XGB,2,0,0,0.0010003914358094335
XGB,2,0,0,0.0639694333076477
XGB,2,1,0,0.02094055525958538
XGB,2,0,0,0.013284633867442608
XGB,2,0,0,0.0191880501806736
XGB,2,1,0,0.015178831294178963
XGB,2,0,0,0.14365673065185547
XGB,2,0,0,0.003236123127862811
XGB,2,0,0,0.007182194385677576
XGB,2,0,0,0.02144656702876091
XGB,2,1,1,0.6490618586540222
XGB,2,0,0,0.021737445145845413
XGB,2,0,0,0.22828906774520874
XGB,2,0,0,0.005828797817230225
XGB,2,1,0,0.12222706526517868
XGB,2,0,0,0.00948444101959467
XGB,2,0,1,0.501917839050293
XGB,2,0,0,0.10882005095481873
XGB,2,0,0,0.22109779715538025
XGB,2,1,0,0.09407622367143631
XGB,2,0,1,0.6578881144523621
XGB,2,0,0,0.10877270996570587
XGB,2,0,0,0.002437202027067542
XGB,2,0,0,0.25011327862739563
XGB,2,0,0,0.11532137542963028
XGB,2,0,0,0.05487288162112236
XGB,2,0,0,0.03861498460173607
XGB,2,0,0,0.08958734571933746
XGB,2,0,0,0.004472900182008743
XGB,2,0,0,0.06324780732393265
XGB,2,0,0,0.012624853290617466
XGB,2,1,0,0.16952835023403168
XGB,2,1,0,0.11479966342449188
XGB,2,0,0,0.09212354570627213
XGB,2,1,0,0.351496160030365
XGB,2,0,0,0.019430534914135933
XGB,2,0,0,0.07360119372606277
XGB,2,1,0,0.24265383183956146
XGB,2,0,0,0.039959002286195755
XGB,2,0,0,0.48530155420303345
XGB,2,0,0,0.0030387379229068756
XGB,2,1,0,0.11099065840244293
XGB,2,0,0,0.005417670588940382
XGB,2,0,0,0.14562030136585236
XGB,2,0,0,0.027408134192228317
XGB,2,0,1,0.5515812039375305
XGB,2,0,1,0.6332139372825623
XGB,2,0,0,0.047947950661182404
XGB,2,1,0,0.1325087994337082
XGB,2,0,0,0.013816352933645248
XGB,2,1,0,0.21113431453704834
XGB,2,0,0,0.22822561860084534
XGB,2,0,1,0.9992400407791138
XGB,2,0,0,0.06610509753227234
XGB,2,0,0,0.4284406006336212
XGB,2,0,0,0.03292964771389961
XGB,2,0,1,0.5780909061431885
XGB,2,0,0,0.05743362382054329
XGB,2,0,0,0.08786027133464813
XGB,2,0,0,0.36860933899879456
XGB,2,0,0,0.38334473967552185
XGB,2,0,0,0.1486298143863678
XGB,2,1,0,0.14743657410144806
XGB,2,0,0,0.028342753648757935
XGB,2,0,1,0.9642475843429565
XGB,2,1,1,0.8448570966720581
XGB,2,0,0,0.024399196729063988
XGB,2,0,1,0.7771485447883606
XGB,2,1,0,0.17270903289318085
XGB,2,0,0,0.027122261002659798
XGB,2,0,0,0.04189661145210266
XGB,2,1,0,0.27559658885002136
XGB,2,0,0,0.18057769536972046
XGB,2,1,0,0.13394618034362793
XGB,2,0,0,0.03116251900792122
XGB,2,1,0,0.005115143954753876
XGB,2,0,0,0.06829310208559036
XGB,2,1,1,0.9860041737556458
XGB,2,0,0,0.3901565670967102
XGB,2,0,0,0.0502697117626667
XGB,2,1,1,0.9207524061203003
XGB,2,0,0,0.020274149253964424
XGB,2,0,0,0.07550594955682755
XGB,2,0,0,0.009580935351550579
XGB,2,0,0,0.4614492356777191
XGB,2,0,0,0.02903682552278042
XGB,2,0,0,0.1706962287425995
XGB,2,1,0,0.20857790112495422
XGB,2,0,0,0.07087317109107971
XGB,2,0,0,0.007755822967737913
XGB,2,1,0,0.15884928405284882
XGB,2,1,1,0.9608593583106995
XGB,2,1,1,0.6621227860450745
XGB,2,0,0,0.0164521262049675
XGB,2,0,0,0.005053774919360876
XGB,2,0,0,0.21596002578735352
XGB,2,1,1,0.8527817726135254
XGB,2,0,0,0.36708787083625793
XGB,2,0,0,0.2562769055366516
XGB,2,1,0,0.4441467225551605
XGB,2,0,0,0.06727812439203262
XGB,2,1,1,0.7109841704368591
XGB,2,0,0,0.06880258023738861
XGB,2,0,0,0.197120800614357
XGB,2,1,0,0.1694967895746231
XGB,2,1,0,0.4164319336414337
XGB,2,0,0,0.19888825714588165
XGB,2,0,0,0.020057162269949913
XGB,2,1,1,0.961654543876648
XGB,2,0,0,0.04837586358189583
XGB,2,0,0,0.3192169666290283
XGB,2,0,1,0.8509671688079834
XGB,2,0,0,0.14481602609157562
XGB,2,0,0,0.25644609332084656
XGB,2,0,0,0.023506032302975655
XGB,2,0,0,0.044395603239536285
XGB,2,0,1,0.5912525057792664
XGB,2,0,0,0.33829376101493835
XGB,2,0,0,0.2475663125514984
XGB,2,0,0,0.0105318333953619
XGB,2,0,0,0.028817150741815567
XGB,2,0,0,0.08034807443618774
XGB,2,1,1,0.8327525854110718
XGB,2,0,0,0.0017204463947564363
XGB,2,0,1,0.9021617770195007
XGB,2,1,0,0.011953773908317089
XGB,2,0,0,0.023553289473056793
XGB,2,1,0,0.025431526824831963
XGB,2,0,0,0.032751280814409256
XGB,2,0,0,0.002005562651902437
XGB,2,1,0,0.20806536078453064
XGB,2,0,0,0.09568876028060913
XGB,2,0,0,0.22935520112514496
XGB,2,0,0,0.05486265942454338
XGB,2,1,0,0.0014670820673927665
XGB,2,0,1,0.6758730411529541
XGB,2,0,0,0.0632176324725151
XGB,2,0,1,0.6485180854797363
XGB,2,0,1,0.9891424775123596
XGB,2,0,0,0.38948094844818115
XGB,2,1,1,0.9919009804725647
XGB,2,0,1,0.5594584345817566
XGB,2,0,0,0.010951795615255833
XGB,2,0,0,0.10519994050264359
XGB,2,0,0,0.0027074571698904037
XGB,2,0,0,0.29035842418670654
XGB,2,0,0,0.11032324284315109
XGB,2,0,0,0.31091517210006714
XGB,2,0,0,0.02231292985379696
XGB,2,1,1,0.5956195592880249
XGB,2,0,0,0.03226004168391228
XGB,2,0,0,0.018163537606596947
XGB,2,0,1,0.9389551281929016
XGB,2,0,0,0.01632215827703476
XGB,2,0,0,0.0269826278090477
XGB,2,0,0,0.24722827970981598
XGB,2,0,0,0.005418749526143074
XGB,2,0,0,0.23129282891750336
XGB,2,0,0,0.11452597379684448
XGB,2,0,0,0.030406642705202103
XGB,2,0,0,0.2004258632659912
XGB,2,1,0,0.005235455930233002
XGB,2,0,0,0.04217932000756264
XGB,2,0,0,0.007780042942613363
XGB,2,0,0,0.020819561555981636
XGB,2,0,1,0.9075364470481873
XGB,2,0,0,0.17614367604255676
XGB,2,0,0,0.04858703166246414
XGB,2,0,0,0.047711290419101715
XGB,2,0,0,0.09741802513599396
XGB,2,0,1,0.9646347761154175
XGB,2,1,0,0.08740200102329254
XGB,2,0,0,0.01867559179663658
XGB,2,0,0,0.1198858991265297
XGB,2,0,0,0.31808042526245117
XGB,2,1,1,0.9755147099494934
XGB,2,0,1,0.887018620967865
XGB,2,0,0,0.2551017701625824
XGB,2,0,0,0.17980392277240753
XGB,2,1,0,0.0568169541656971
XGB,2,0,1,0.8383322358131409
XGB,2,1,0,0.043781720101833344
XGB,2,0,0,0.006285546813160181
XGB,2,0,0,0.009029136970639229
XGB,2,1,0,0.12674197554588318
XGB,2,0,0,0.13756191730499268
XGB,2,1,1,0.6880332231521606
XGB,3,1,0,0.2782261371612549
XGB,3,0,0,0.0154392309486866
XGB,3,0,0,0.04842331260442734
XGB,3,0,0,0.02272723987698555
XGB,3,0,0,0.3766966164112091
XGB,3,0,0,0.06009516492486
XGB,3,0,0,0.02771648019552231
XGB,3,1,1,0.9187989830970764
XGB,3,1,1,0.9947633743286133
XGB,3,0,0,0.016752973198890686
XGB,3,1,0,0.1298891007900238
XGB,3,0,0,0.23001231253147125
XGB,3,0,1,0.5619359016418457
XGB,3,0,0,0.010311822406947613
XGB,3,0,1,0.5368466377258301
XGB,3,0,0,0.24147862195968628
XGB,3,0,0,0.2787857949733734
XGB,3,0,1,0.5558603405952454
XGB,3,1,0,0.1964615434408188
XGB,3,0,0,0.16958017647266388
XGB,3,1,1,0.970473051071167
XGB,3,1,0,0.14217136800289154
XGB,3,1,1,0.5213636755943298
XGB,3,1,1,0.8974140286445618
XGB,3,0,0,0.02952255681157112
XGB,3,0,0,0.36925819516181946
XGB,3,1,1,0.9850767254829407
XGB,3,1,0,0.4233361482620239
XGB,3,1,0,0.15420371294021606
XGB,3,0,0,0.025768769904971123
XGB,3,0,1,0.8915240168571472
XGB,3,1,0,0.040087826550006866
XGB,3,1,1,0.7857432961463928
XGB,3,0,0,0.04476490616798401
XGB,3,1,0,0.15095333755016327
XGB,3,1,0,0.1033102497458458
XGB,3,1,1,0.9078837633132935
XGB,3,1,1,0.8118224143981934
XGB,3,0,0,0.40101292729377747
XGB,3,0,0,0.011811072006821632
XGB,3,1,0,0.2702418863773346
XGB,3,0,0,0.39563843607902527
XGB,3,0,0,0.02924639731645584
XGB,3,0,0,0.02043418399989605
XGB,3,0,0,0.0770578384399414
XGB,3,1,0,0.002186839235946536
XGB,3,0,0,0.20021355152130127
XGB,3,0,0,0.28873375058174133
XGB,3,0,1,0.6717873215675354
XGB,3,0,0,0.06846243143081665
XGB,3,0,1,0.7688502669334412
XGB,3,0,0,0.02172832004725933
XGB,3,1,0,0.12021466344594955
XGB,3,0,0,0.005881971679627895
XGB,3,0,1,0.934683084487915
XGB,3,1,1,0.9760317206382751
XGB,3,1,1,0.9728534817695618
XGB,3,0,0,0.07300424575805664
XGB,3,0,0,0.02322000451385975
XGB,3,1,0,0.16311396658420563
XGB,3,1,0,0.08138032257556915
XGB,3,0,1,0.8835943341255188
XGB,3,1,0,0.029073521494865417
XGB,3,0,0,0.1022949144244194
XGB,3,0,0,0.05264583230018616
XGB,3,0,0,0.2958322763442993
XGB,3,0,1,0.5383168458938599
XGB,3,0,0,0.00025242031551897526
XGB,3,0,0,0.004790420178323984
XGB,3,0,1,0.5214778780937195
XGB,3,1,0,0.032631926238536835
XGB,3,0,0,0.4635173976421356
XGB,3,1,1,0.9791374206542969
XGB,3,1,0,0.01701803132891655
XGB,3,0,0,0.030941946431994438
XGB,3,0,0,0.1018015444278717
XGB,3,0,0,0.19805899262428284
XGB,3,0,0,0.016079366207122803
XGB,3,0,0,0.030696608126163483
XGB,3,0,0,0.3530538082122803
XGB,3,0,0,0.11231240630149841
XGB,3,0,0,0.14069999754428864
XGB,3,0,1,0.6517058610916138
XGB,3,1,1,0.8933221101760864
XGB,3,0,0,0.1674795150756836
XGB,3,0,0,0.10916715860366821
XGB,3,0,0,0.07703320682048798
XGB,3,1,0,0.14833463728427887
XGB,3,0,0,0.02350054308772087
XGB,3,0,0,0.03725818544626236
XGB,3,0,0,0.05940307676792145
XGB,3,0,0,0.013871368020772934
XGB,3,0,0,0.009893270209431648
XGB,3,0,0,0.16609176993370056
XGB,3,0,0,0.02040732465684414
XGB,3,0,0,0.04061330109834671
XGB,3,0,0,0.10562626272439957
XGB,3,0,0,0.05023397132754326
XGB,3,1,0,0.1173640713095665
XGB,3,0,0,0.14494995772838593
XGB,3,1,0,0.20589692890644073
XGB,3,0,0,0.014085503295063972
XGB,3,1,1,0.9956680536270142
XGB,3,0,1,0.9401389360427856
XGB,3,0,1,0.7740106582641602
XGB,3,0,0,0.17262119054794312
XGB,3,0,0,0.08272749930620193
XGB,3,0,0,0.125126913189888
XGB,3,1,1,0.6456499695777893
XGB,3,0,0,0.022583138197660446
XGB,3,1,0,0.18745054304599762
XGB,3,0,0,0.005864523816853762
XGB,3,0,0,0.009259400889277458
XGB,3,0,0,0.0895402580499649
XGB,3,0,0,0.03285279870033264
XGB,3,1,1,0.8303907513618469
XGB,3,0,0,0.34460508823394775
XGB,3,0,0,0.1409464031457901
XGB,3,0,0,0.12243694812059402
XGB,3,0,1,0.6827981472015381
XGB,3,1,1,0.6432338356971741
XGB,3,0,0,0.02088043838739395
XGB,3,0,0,0.005477136466652155
XGB,3,1,0,0.2076549381017685
XGB,3,0,0,0.10684702545404434
XGB,3,0,0,0.050716519355773926
XGB,3,0,1,0.8129324913024902
XGB,3,0,0,0.0021238664630800486
XGB,3,0,0,0.008531022816896439
XGB,3,1,0,0.009633970446884632
XGB,3,0,0,0.007378918118774891
XGB,3,0,0,0.14241410791873932
XGB,3,1,0,0.20432032644748688
XGB,3,0,0,0.49061545729637146
XGB,3,0,0,0.03904743492603302
XGB,3,1,1,0.9804303050041199
XGB,3,1,0,0.05772221088409424
XGB,3,0,0,0.03013063594698906
XGB,3,0,0,0.029693622142076492
XGB,3,0,0,0.005394649226218462
XGB,3,0,0,0.13236242532730103
XGB,3,1,0,0.08993270248174667
XGB,3,1,1,0.6556396484375
XGB,3,1,1,0.9983708262443542
XGB,3,0,0,0.05860254913568497
XGB,3,1,0,0.36564692854881287
XGB,3,1,0,0.2647689878940582
XGB,3,0,0,0.11874435096979141
XGB,3,0,0,0.00432604132220149
XGB,3,0,0,0.013262176886200905
XGB,3,1,0,0.39478880167007446
XGB,3,0,1,0.7295129895210266
XGB,3,0,1,0.8736174702644348
XGB,3,0,0,0.09701104462146759
XGB,3,0,0,0.03782565891742706
XGB,3,1,0,0.024112490937113762
XGB,3,0,0,0.14141951501369476
XGB,3,0,0,0.020325886085629463
XGB,3,0,0,0.15747496485710144
XGB,3,0,0,0.13564471900463104
XGB,3,0,0,0.22817456722259521
XGB,3,0,0,0.09262245148420334
XGB,3,0,0,0.03737448900938034
XGB,3,0,0,0.014125468209385872
XGB,3,0,0,0.0139883141964674
XGB,3,0,1,0.8199886083602905
XGB,3,0,0,0.13980381190776825
XGB,3,0,0,0.04913359507918358
XGB,3,0,0,0.003973939921706915
XGB,3,1,0,0.0070101423189044
XGB,3,0,0,0.057911764830350876
XGB,3,0,0,0.15571077167987823
XGB,3,0,0,0.0027458169497549534
XGB,3,0,0,0.1292339265346527
XGB,3,1,0,0.11364418268203735
XGB,3,0,0,0.010006789118051529
XGB,3,0,0,0.018638836219906807
XGB,3,0,0,0.00112378119956702
XGB,3,0,0,0.4637933373451233
XGB,3,0,0,0.01901872642338276
XGB,3,1,0,0.07448858767747879
XGB,3,0,0,0.001530857291072607
XGB,3,0,0,0.06516913324594498
XGB,3,0,1,0.765465497970581
XGB,3,0,0,0.019560113549232483
XGB,3,0,0,0.0378752276301384
XGB,3,0,0,0.10544315725564957
XGB,3,1,0,0.25947698950767517
XGB,3,0,0,0.19861233234405518
XGB,3,0,0,0.49935925006866455
XGB,3,0,0,0.07644180953502655
XGB,3,1,0,0.051715973764657974
XGB,3,1,1,0.96705561876297
XGB,3,0,1,0.603761613368988
XGB,3,0,0,0.09159697592258453
XGB,3,0,0,0.01321971695870161
XGB,3,1,0,0.1197553277015686
XGB,3,0,0,0.19546572864055634
XGB,3,0,0,0.03329857438802719
XGB,3,0,1,0.6145353317260742
XGB,3,0,0,0.004634709097445011
XGB,3,0,0,0.01720103621482849
XGB,3,0,0,0.0010110880248248577
XGB,3,0,0,0.09009778499603271
XGB,3,0,0,0.1799771636724472
XGB,3,0,0,0.014054188504815102
XGB,3,0,0,0.01704590953886509
XGB,3,0,0,0.04009198397397995
XGB,3,0,0,0.006939232815057039
XGB,3,0,0,0.3185824453830719
XGB,3,0,0,0.08569213002920151
XGB,3,0,0,0.2493990808725357
XGB,3,0,0,0.006785473320633173
XGB,3,0,0,0.16675803065299988
XGB,3,0,1,0.9091500043869019
XGB,3,0,0,0.09256986528635025
XGB,3,0,0,0.07104167342185974
XGB,3,1,0,0.10311205685138702
XGB,3,0,0,0.10565157979726791
XGB,3,1,0,0.009098982438445091
XGB,3,0,1,0.5405899286270142
XGB,3,0,1,0.5002179741859436
XGB,3,0,0,0.05332207307219505
XGB,3,0,0,0.3199688792228699
XGB,3,0,1,0.7060295343399048
XGB,3,0,1,0.7399006485939026
XGB,3,0,0,0.04681749641895294
XGB,3,0,0,0.40215274691581726
XGB,3,1,1,0.9949894547462463
XGB,3,0,0,0.009021541103720665
XGB,3,0,0,0.018613306805491447
XGB,3,0,1,0.7717960476875305
XGB,3,0,0,0.3321639895439148
XGB,3,0,1,0.7421416640281677
XGB,3,0,0,0.08657920360565186
XGB,3,0,0,0.05797870084643364
XGB,3,1,0,0.1990911066532135
XGB,3,1,0,0.07189341634511948
XGB,3,0,0,0.07023654878139496
XGB,3,0,0,0.01864204742014408
XGB,3,0,0,0.2018347680568695
XGB,3,1,1,0.8621623516082764
XGB,3,1,1,0.9630133509635925
XGB,3,0,0,0.001693599158897996
XGB,3,0,0,0.1784638613462448
XGB,3,0,1,0.5009709000587463
XGB,3,0,0,0.03629019856452942
XGB,3,0,0,0.006474921479821205
XGB,3,0,1,0.8772339224815369
XGB,3,0,0,0.16249819099903107
XGB,3,0,0,0.3957200050354004
XGB,3,0,0,0.04425972327589989
XGB,3,0,0,0.08613869547843933
XGB,3,0,0,0.003000253811478615
XGB,3,0,0,0.4082223176956177
XGB,3,0,0,0.003031279891729355
XGB,3,1,0,0.21912820637226105
XGB,3,0,0,0.39741623401641846
XGB,3,1,0,0.4928584098815918
XGB,3,0,0,0.057472456246614456
XGB,3,0,0,0.05250493809580803
XGB,3,0,0,0.11286509782075882
XGB,3,0,0,0.06254542618989944
XGB,3,0,0,0.09726940840482712
XGB,3,0,0,0.04512561485171318
XGB,3,0,0,0.05711561441421509
XGB,3,0,0,0.08226906508207321
XGB,3,0,0,0.03242409974336624
XGB,3,1,0,0.4941002130508423
XGB,3,0,0,0.30189642310142517
XGB,3,0,0,0.08052121102809906
XGB,3,1,0,0.45107677578926086
XGB,3,0,0,0.020687347277998924
XGB,3,0,0,0.00667492626234889
XGB,3,0,0,0.15871433913707733
XGB,3,1,1,0.9526935815811157
XGB,3,0,0,0.010943973436951637
XGB,3,0,0,0.0014888521982356906
XGB,3,1,1,0.9955031275749207
XGB,3,0,0,0.08249509334564209
XGB,3,0,0,0.03229428455233574
XGB,3,1,1,0.6812905669212341
XGB,3,0,0,0.028762564063072205
XGB,3,0,0,0.09206089377403259
XGB,3,0,0,0.2547449767589569
XGB,3,0,1,0.709337055683136
XGB,3,0,0,0.20870064198970795
XGB,3,0,0,0.003970958758145571
XGB,3,0,0,0.19500666856765747
XGB,3,0,0,0.0047861323691904545
XGB,3,1,0,0.21304096281528473
XGB,3,0,0,0.4214221239089966
XGB,3,1,0,0.13890112936496735
XGB,3,0,0,0.1064947247505188
XGB,3,0,0,0.12702059745788574
XGB,3,0,0,0.010807370766997337
XGB,3,0,0,0.4976355731487274
XGB,3,0,0,0.03752541542053223
XGB,3,0,0,0.17138010263442993
XGB,3,1,1,0.9180485606193542
XGB,3,0,1,0.7246631383895874
XGB,3,0,0,0.008086918853223324
XGB,3,0,0,0.06728336960077286
XGB,3,0,0,0.33161216974258423
XGB,3,1,0,0.3277106285095215
XGB,3,1,0,0.26764222979545593
XGB,3,0,1,0.5823192596435547
XGB,3,0,0,0.22793926298618317
XGB,3,1,0,0.415677011013031
XGB,3,0,0,0.11937040090560913
XGB,3,1,1,0.9512072205543518
XGB,3,0,0,0.041352637112140656
XGB,3,0,1,0.6094232201576233
XGB,3,0,0,0.1366203874349594
XGB,3,0,0,0.00670609250664711
XGB,3,0,0,0.011370684020221233
XGB,3,0,0,0.041045475751161575
XGB,3,1,0,0.03416638821363449
XGB,3,1,0,0.015610558912158012
XGB,3,0,0,0.006139512173831463
XGB,3,0,1,0.5430073738098145
XGB,3,0,0,0.2673182487487793
XGB,3,1,0,0.15607228875160217
XGB,3,0,0,0.087010458111763
XGB,3,0,0,0.019303957000374794
XGB,3,0,0,0.1546785533428192
XGB,3,0,0,0.05463452264666557
XGB,3,0,0,0.04576367512345314
XGB,3,0,0,0.025688255205750465
XGB,3,0,0,0.028530193492770195
XGB,3,0,0,0.01664336957037449
XGB,3,0,0,0.18945707380771637
XGB,3,0,0,0.44881144165992737
XGB,3,0,0,0.0028532734140753746
XGB,3,0,0,0.13253891468048096
XGB,3,0,0,0.003205227665603161
XGB,3,0,0,0.015143296681344509
XGB,3,0,0,0.047963570803403854
XGB,3,0,0,0.429279625415802
XGB,3,0,0,0.05123734846711159
XGB,3,0,1,0.837363600730896
XGB,3,0,0,0.32524532079696655
XGB,3,0,0,0.02512124553322792
XGB,3,0,0,0.007619536481797695
XGB,3,0,0,0.0625910833477974
XGB,3,1,0,0.24680767953395844
XGB,3,0,1,0.621376097202301
XGB,3,0,0,0.16302119195461273
XGB,3,0,0,0.19475415349006653
XGB,3,0,0,0.005243751686066389
XGB,3,0,0,0.2973088324069977
XGB,3,0,0,0.45485571026802063
XGB,3,1,0,0.3674924671649933
XGB,3,0,1,0.5287878513336182
XGB,3,0,0,0.07518905401229858
XGB,3,0,1,0.6466306447982788
XGB,3,0,0,0.032383717596530914
XGB,3,0,0,0.4958227574825287
XGB,3,1,0,0.13564471900463104
XGB,3,0,0,0.03781973943114281
XGB,3,0,0,0.3471391499042511
XGB,3,0,1,0.6196264624595642
XGB,3,0,0,0.0015460978029295802
XGB,3,0,0,0.45175281167030334
XGB,3,0,0,0.016666071489453316
XGB,3,0,0,0.23378172516822815
XGB,3,0,0,0.014475131407380104
XGB,3,0,0,0.020843250676989555
XGB,3,1,0,0.0430527999997139
XGB,3,0,0,0.01865830458700657
XGB,3,1,0,0.027596278116106987
XGB,3,1,0,0.17805887758731842
XGB,3,0,0,0.01314557809382677
XGB,3,0,0,0.11681332439184189
XGB,3,0,1,0.801908016204834
XGB,3,0,1,0.5686140060424805
XGB,3,0,0,0.05244212970137596
XGB,3,0,1,0.5224159955978394
XGB,3,0,0,0.16404862701892853
XGB,3,0,0,0.0036754379980266094
XGB,3,0,0,0.31028398871421814
XGB,3,0,1,0.7212219834327698
XGB,3,1,0,0.004492724779993296
XGB,3,1,0,0.04762132838368416
XGB,3,0,0,0.014005179516971111
XGB,3,0,0,0.1365348994731903
XGB,3,0,1,0.9917200803756714
XGB,3,0,0,0.0017566418973729014
XGB,3,0,0,0.02132524363696575
XGB,3,0,0,0.03288201615214348
XGB,3,0,0,0.009389356710016727
XGB,3,0,1,0.5233073234558105
XGB,3,1,1,0.8851236701011658
XGB,3,0,0,0.03829125687479973
XGB,3,0,0,0.09926877170801163
XGB,3,0,0,0.17439879477024078
XGB,3,0,1,0.9181272387504578
XGB,3,0,0,0.07906226068735123
XGB,3,1,0,0.09293941408395767
XGB,3,1,1,0.6892909407615662
XGB,3,1,1,0.9552097320556641
XGB,3,1,0,0.03858890011906624
XGB,3,0,0,0.25659283995628357
XGB,3,0,1,0.6105948090553284
XGB,3,0,0,0.04895572364330292
XGB,3,1,1,0.5154356956481934
XGB,3,0,0,0.3251771032810211
XGB,3,0,0,0.011735494248569012
XGB,3,0,0,0.30315089225769043
XGB,3,0,0,0.0009606955572962761
XGB,3,1,1,0.5816993713378906
XGB,3,1,0,0.2515125274658203
XGB,3,0,0,0.10831478238105774
XGB,3,0,0,0.3709620237350464
XGB,3,0,0,0.020913146436214447
XGB,3,0,0,0.022104846313595772
XGB,3,0,0,0.14864452183246613
XGB,3,1,0,0.12093858420848846
XGB,3,0,0,0.05165683105587959
XGB,3,0,0,0.1241118535399437
XGB,3,0,0,0.005146745592355728
XGB,3,0,0,0.1252671480178833
XGB,3,0,1,0.6958281993865967
XGB,3,1,0,0.2673666775226593
XGB,3,0,0,0.050025079399347305
XGB,3,1,0,0.10358083248138428
XGB,3,0,1,0.9270774126052856
XGB,3,0,0,0.03726176172494888
XGB,3,0,0,0.03135446086525917
XGB,3,1,0,0.08142010867595673
XGB,3,1,0,0.1393146961927414
XGB,3,1,0,0.0039051922503858805
XGB,3,0,0,0.08467612415552139
XGB,3,1,0,0.25845858454704285
XGB,3,1,1,0.57066410779953
XGB,3,0,0,0.00228759553283453
XGB,3,0,0,0.05529709905385971
XGB,3,0,0,0.09413377940654755
XGB,3,1,1,0.9037193655967712
XGB,3,0,0,0.11685574054718018
XGB,3,0,0,0.046760134398937225
XGB,3,0,0,0.061032120138406754
XGB,3,1,0,0.08085831999778748
XGB,3,0,1,0.5031652450561523
XGB,3,0,0,0.19338755309581757
XGB,3,1,0,0.21198828518390656
XGB,3,0,0,0.01816169172525406
XGB,3,0,0,0.003118982305750251
XGB,3,0,0,0.03077424131333828
XGB,3,0,0,0.03652632236480713
XGB,3,0,0,0.24921353161334991
XGB,3,0,0,0.355991929769516
XGB,3,0,0,0.20087282359600067
XGB,3,1,0,0.14342406392097473
XGB,3,1,1,0.9375349283218384
XGB,3,1,1,0.5860579013824463
XGB,3,0,0,0.40081357955932617
XGB,3,0,0,0.02187172695994377
XGB,3,0,0,0.4549076557159424
XGB,3,0,0,0.24338486790657043
XGB,3,1,0,0.03902148827910423
XGB,3,0,1,0.9815734028816223
XGB,3,1,0,0.3056410253047943
XGB,3,0,0,0.3273736536502838
XGB,3,0,0,0.008127852343022823
XGB,3,1,0,0.2574820816516876
XGB,3,0,0,0.09929834306240082
XGB,3,0,0,0.07241016626358032
XGB,3,0,0,0.006561463698744774
XGB,3,0,0,0.32744812965393066
XGB,3,1,1,0.8941218256950378
XGB,3,0,0,0.008675042539834976
XGB,3,1,1,0.7695592045783997
XGB,3,0,0,0.018982645124197006
XGB,3,0,0,0.003411334240809083
XGB,3,0,0,0.0033780857920646667
XGB,3,0,0,0.28171664476394653
XGB,3,0,0,0.18759147822856903
XGB,3,0,1,0.973249077796936
XGB,3,0,0,0.13287122547626495
XGB,3,0,0,0.2155715525150299
XGB,3,0,0,0.09508851915597916
XGB,3,0,1,0.6217744946479797
XGB,3,1,0,0.012402104213833809
XGB,3,0,0,0.09931446611881256
XGB,3,0,0,0.007998800836503506
XGB,3,0,0,0.02579747885465622
XGB,3,1,0,0.004546336364001036
XGB,3,0,0,0.1775420755147934
XGB,3,1,0,0.04124881699681282
XGB,3,1,0,0.12393507361412048
XGB,3,0,0,0.09145846962928772
XGB,3,0,0,0.08067271113395691
XGB,3,0,0,0.02705458365380764
XGB,3,0,0,0.21198828518390656
XGB,3,0,0,0.01559903658926487
XGB,3,0,1,0.5350222587585449
XGB,3,0,1,0.7236078381538391
XGB,3,1,0,0.1893451064825058
XGB,3,0,0,0.0036612586118280888
XGB,3,0,0,0.14457134902477264
XGB,3,1,1,0.9455806612968445
XGB,3,0,0,0.022083565592765808
XGB,3,1,1,0.9726578593254089
XGB,3,1,0,0.013444922864437103
XGB,3,1,0,0.1575988233089447
XGB,3,0,0,0.034946735948324203
XGB,3,1,1,0.6440572142601013
XGB,3,0,0,0.018449950963258743
XGB,3,0,0,0.3677217662334442
XGB,3,0,0,0.05163079872727394
XGB,3,0,0,0.09176962077617645
XGB,3,1,0,0.14559565484523773
XGB,3,0,0,0.00869457982480526
XGB,3,0,0,0.012680396437644958
XGB,3,0,0,0.1505882889032364
XGB,3,1,0,0.010319193825125694
XGB,3,0,0,0.1340363770723343
XGB,3,0,0,0.4415743052959442
XGB,3,0,0,0.34625244140625
XGB,3,0,0,0.21166397631168365
XGB,3,0,0,0.09456703811883926
XGB,3,0,0,0.3662415146827698
XGB,3,1,1,0.5330125093460083
XGB,3,0,0,0.01919683814048767
XGB,3,0,0,0.07237524539232254
XGB,3,1,0,0.08639147877693176
XGB,3,0,0,0.03907586634159088
XGB,3,1,0,0.1325989067554474
XGB,3,0,0,0.07746350765228271
XGB,3,0,0,0.002390798181295395
XGB,3,0,0,0.010377609170973301
XGB,3,0,0,0.01291967649012804
XGB,3,0,0,0.008312872610986233
XGB,3,0,0,0.1087024062871933
XGB,3,1,1,0.8974140286445618
XGB,3,0,1,0.7931021451950073
XGB,3,1,1,0.7080527544021606
XGB,3,0,0,0.018832901492714882
XGB,3,0,0,0.11265891790390015
XGB,3,0,0,0.007077544461935759
XGB,3,0,0,0.3561733067035675
XGB,3,0,0,0.12188871949911118
XGB,3,1,1,0.717366099357605
XGB,3,0,0,0.3822809159755707
XGB,3,1,1,0.6113070845603943
XGB,3,0,0,0.0036242175847291946
XGB,3,0,0,0.02373543195426464
XGB,3,0,0,0.026661137118935585
XGB,3,0,0,0.008301951922476292
XGB,3,0,0,0.22331860661506653
XGB,3,0,0,0.09237197041511536
XGB,3,0,1,0.8396640419960022
XGB,3,0,0,0.21194784343242645
XGB,3,0,1,0.5197320580482483
XGB,3,0,1,0.6496610641479492
XGB,3,0,0,0.02459567040205002
XGB,3,0,0,0.005232898518443108
XGB,3,0,0,0.00929281022399664
XGB,3,1,0,0.011326284147799015
XGB,3,0,0,0.011550040915608406
XGB,3,0,0,0.4744052290916443
XGB,3,0,0,0.3400716483592987
XGB,3,0,0,0.10453252494335175
XGB,3,0,0,0.17583990097045898
XGB,3,0,0,0.45620808005332947
XGB,3,0,0,0.021827081218361855
XGB,3,0,1,0.7640275955200195
XGB,3,0,0,0.032565318048000336
XGB,3,1,1,0.5741270184516907
XGB,3,1,0,0.10973627865314484
XGB,3,0,0,0.14843982458114624
XGB,3,1,1,0.5350870490074158
XGB,3,1,1,0.6386319398880005
XGB,3,1,0,0.010966852307319641
XGB,3,0,0,0.049049656838178635
XGB,3,0,0,0.1285669207572937
XGB,3,0,0,0.047247521579265594
XGB,3,0,0,0.08583710342645645
XGB,3,1,1,0.7451424598693848
XGB,3,0,0,0.29365381598472595
XGB,3,0,0,0.0018269863212481141
XGB,3,0,1,0.5222629904747009
XGB,3,0,0,0.07168205827474594
XGB,3,0,0,0.2977958917617798
XGB,3,1,0,0.05600670352578163
XGB,3,0,0,0.0056334189139306545
XGB,3,1,0,0.12782758474349976
XGB,3,0,0,0.06365992873907089
XGB,3,0,0,0.011723687872290611
XGB,3,0,0,0.07869351655244827
XGB,3,0,1,0.8972581028938293
XGB,3,0,1,0.8077207207679749
XGB,3,1,1,0.5636616945266724
XGB,3,0,0,0.01299997791647911
XGB,3,0,0,0.058437690138816833
XGB,3,0,0,0.011201520450413227
XGB,3,0,0,0.060257792472839355
XGB,3,1,0,0.029304319992661476
XGB,3,0,0,0.020512966439127922
XGB,3,0,0,0.021245870739221573
XGB,3,0,0,0.27122241258621216
XGB,3,0,0,0.03951443359255791
XGB,3,0,0,0.004042352549731731
XGB,3,0,0,0.10328363627195358
XGB,3,0,0,0.026752043515443802
XGB,3,0,0,0.1407863050699234
XGB,3,1,0,0.4181225597858429
XGB,3,0,0,0.40052294731140137
XGB,3,0,0,0.1410849541425705
XGB,3,1,0,0.2189478576183319
XGB,3,1,0,0.25441664457321167
XGB,3,0,0,0.0039475904777646065
XGB,3,1,0,0.07070059329271317
XGB,3,0,0,0.0011485809227451682
XGB,3,0,0,0.32819291949272156
XGB,3,0,0,0.05222569778561592
XGB,3,0,1,0.5474661588668823
XGB,3,1,0,0.013879531063139439
XGB,3,0,0,0.06479489803314209
XGB,3,0,0,0.020909421145915985
XGB,3,0,0,0.02511678636074066
XGB,3,0,0,0.007805157918483019
XGB,3,0,0,0.08714548498392105
XGB,3,1,0,0.0168477650731802
XGB,3,0,0,0.07880471646785736
XGB,3,0,0,0.028673743829131126
XGB,3,0,0,0.0008129896596074104
XGB,3,0,1,0.7418248057365417
XGB,3,1,0,0.3707011640071869
XGB,3,0,0,0.047923218458890915
XGB,3,0,1,0.7957985401153564
XGB,3,0,0,0.007467991206794977
XGB,3,0,0,0.01016423013061285
XGB,3,0,0,0.29791998863220215
XGB,3,0,0,0.08473669737577438
XGB,3,1,1,0.9443623423576355
XGB,3,0,0,0.013734212145209312
XGB,3,1,1,0.5824018716812134
XGB,3,0,0,0.1274736225605011
XGB,3,0,0,0.1757299304008484
XGB,3,0,0,0.02780267782509327
XGB,3,0,0,0.04832889884710312
XGB,3,0,0,0.10595784336328506
XGB,3,0,0,0.03402474895119667
XGB,3,0,0,0.13475655019283295
XGB,3,0,0,0.006100132130086422
XGB,3,0,0,0.011425602249801159
XGB,3,0,0,0.011228016577661037
XGB,3,0,0,0.05145594850182533
XGB,3,0,0,0.4063113331794739
XGB,3,0,0,0.1608867198228836
XGB,3,0,1,0.6773257255554199
XGB,3,0,1,0.5166047215461731
XGB,3,0,1,0.5718075633049011
XGB,3,0,1,0.510526180267334
XGB,3,0,0,0.0022694687359035015
XGB,3,0,0,0.02164430357515812
XGB,3,0,0,0.00641248282045126
XGB,3,0,0,0.431813508272171
XGB,3,1,0,0.008739231154322624
XGB,3,0,0,0.08752790093421936
XGB,3,1,0,0.05195586010813713
XGB,3,0,0,0.21166646480560303
XGB,3,0,0,0.005383191164582968
XGB,3,0,0,0.11032513529062271
XGB,3,0,0,0.3121165931224823
XGB,3,1,0,0.09026917070150375
XGB,3,1,0,0.3984619081020355
XGB,3,0,0,0.0036500997375696898
XGB,3,0,0,0.02367938868701458
XGB,3,0,0,0.1423017531633377
XGB,3,0,0,0.12348782271146774
XGB,3,1,0,0.07068351656198502
XGB,3,1,1,0.9952284097671509
XGB,3,0,0,0.001600680174306035
XGB,3,0,0,0.19616767764091492
XGB,3,0,1,0.7858644723892212
XGB,3,1,0,0.11633247137069702
XGB,3,0,0,0.17644552886486053
XGB,3,0,0,0.16645440459251404
XGB,3,0,0,0.30913206934928894
XGB,3,1,0,0.43692460656166077
XGB,3,0,0,0.05873647332191467
XGB,3,0,0,0.010524214245378971
XGB,3,0,0,0.01743398793041706
XGB,3,0,0,0.45596447587013245
XGB,3,0,0,0.028061337769031525
XGB,3,0,0,0.05853205919265747
XGB,3,1,0,0.17757244408130646
XGB,3,0,0,0.25473734736442566
XGB,3,1,0,0.0690295621752739
XGB,3,0,0,0.25029319524765015
XGB,3,0,0,0.30770671367645264
XGB,3,0,0,0.045790720731019974
XGB,3,0,0,0.09003002196550369
XGB,3,0,0,0.2974534034729004
XGB,3,0,0,0.04439162462949753
XGB,3,0,0,0.07051779329776764
XGB,3,0,0,0.03566669300198555
XGB,3,0,1,0.7401672601699829
XGB,3,0,0,0.05422879010438919
XGB,3,0,0,0.05329987034201622
XGB,3,1,0,0.09838012605905533
XGB,3,0,0,0.00868623610585928
XGB,3,0,0,0.23072761297225952
XGB,3,0,0,0.02272910252213478
XGB,3,0,0,0.31901299953460693
XGB,3,1,0,0.08532259613275528
XGB,3,1,0,0.0024978264700621367
XGB,3,0,0,0.0427238754928112
XGB,3,1,0,0.10095489770174026
XGB,3,1,0,0.02769017592072487
XGB,3,0,0,0.10162947326898575
XGB,3,1,0,0.29821088910102844
XGB,3,0,0,0.18909978866577148
XGB,3,0,0,0.07192763686180115
XGB,3,0,0,0.03697673976421356
XGB,3,0,0,0.00343691767193377
XGB,3,0,1,0.6040058135986328
XGB,3,0,0,0.06856605410575867
XGB,3,0,0,0.08924311399459839
XGB,3,0,0,0.05319502577185631
XGB,3,0,1,0.6159451007843018
XGB,3,0,1,0.6340017914772034
XGB,3,0,0,0.28330233693122864
XGB,3,0,0,0.019164379686117172
XGB,3,0,0,0.07541044056415558
XGB,3,1,0,0.022970516234636307
XGB,3,0,0,0.026958990842103958
XGB,3,1,0,0.040055565536022186
XGB,3,1,1,0.7365548014640808
XGB,3,0,1,0.6815093159675598
XGB,3,0,1,0.6560389995574951
XGB,3,0,0,0.40976956486701965
XGB,3,1,1,0.8690251111984253
XGB,3,1,0,0.03339171037077904
XGB,3,0,0,0.2521733045578003
XGB,3,0,1,0.7441192269325256
XGB,3,0,0,0.03680067136883736
XGB,3,0,0,0.01496962457895279
XGB,3,0,0,0.3874133229255676
XGB,3,0,0,0.1292840540409088
XGB,3,0,0,0.06442371755838394
XGB,3,1,1,0.9237295389175415
XGB,3,1,0,0.469220370054245
XGB,3,0,0,0.01267042476683855
XGB,3,0,0,0.06605476886034012
XGB,3,0,0,0.030883224681019783
XGB,3,0,0,0.0194386076182127
XGB,3,0,0,0.003462783293798566
XGB,3,0,0,0.3150986433029175
XGB,3,0,0,0.0011180557776242495
XGB,3,0,0,0.015476466156542301
XGB,3,0,0,0.07151186466217041
XGB,3,1,0,0.18671396374702454
XGB,3,0,0,0.09917805343866348
XGB,3,0,0,0.4878549873828888
XGB,3,0,0,0.05827271565794945
XGB,3,0,0,0.29231518507003784
XGB,3,0,0,0.011076751165091991
XGB,3,0,0,0.344342976808548
XGB,3,0,0,0.00532506313174963
XGB,3,0,0,0.003635437460616231
XGB,3,0,1,0.6451950073242188
XGB,3,0,0,0.10160115361213684
XGB,3,0,0,0.17626503109931946
XGB,3,0,0,0.03446571156382561
XGB,3,1,0,0.016142865642905235
XGB,3,0,0,0.02836720645427704
XGB,3,0,0,0.17389549314975739
XGB,3,0,1,0.7404471039772034
XGB,3,0,0,0.2681195139884949
XGB,3,0,0,0.0062339529395103455
XGB,3,1,0,0.025845980271697044
XGB,3,0,0,0.20353500545024872
XGB,3,0,0,0.04442065954208374
XGB,3,1,0,0.030970798805356026
XGB,3,0,0,0.08714974671602249
XGB,3,0,0,0.01584463194012642
XGB,3,0,0,0.016682997345924377
XGB,3,0,0,0.17731747031211853
XGB,3,0,1,0.8427301049232483
XGB,3,1,0,0.03767724707722664
XGB,3,0,1,0.5573145151138306
XGB,3,0,0,0.035130709409713745
XGB,3,0,0,0.00888167042285204
XGB,3,1,0,0.24728064239025116
XGB,3,0,0,0.21923361718654633
XGB,3,0,0,0.07035480439662933
XGB,3,0,0,0.0038281988818198442
XGB,3,1,0,0.09454245865345001
XGB,3,0,0,0.009978716261684895
XGB,3,0,0,0.020448759198188782
XGB,3,0,0,0.07192923128604889
XGB,3,0,1,0.5894295573234558
XGB,3,0,1,0.5364583134651184
XGB,3,0,0,0.4403783679008484
XGB,3,0,0,0.014775818213820457
XGB,3,0,0,0.2644248604774475
XGB,3,0,0,0.027176018804311752
XGB,3,1,0,0.277163565158844
XGB,3,0,0,0.0504482164978981
XGB,3,0,0,0.012892704457044601
XGB,3,0,0,0.032182078808546066
XGB,3,0,0,0.02211444452404976
XGB,3,1,0,0.0008385644759982824
XGB,3,0,0,0.1462397426366806
XGB,3,0,0,0.38421544432640076
XGB,3,0,0,0.23502594232559204
XGB,3,0,1,0.5983820557594299
XGB,3,1,0,0.1312236785888672
XGB,3,0,0,0.4683999717235565
XGB,3,0,1,0.9726982712745667
XGB,3,0,0,0.10973753780126572
XGB,3,1,0,0.010103517211973667
XGB,3,0,0,0.013061223551630974
XGB,3,0,0,0.020389923825860023
XGB,3,1,0,0.02211444452404976
XGB,3,1,1,0.7460193037986755
XGB,3,0,0,0.1012917160987854
XGB,3,0,0,0.32472172379493713
XGB,3,1,0,0.08105707168579102
XGB,3,0,0,0.06284958869218826
XGB,3,0,0,0.009003977291285992
XGB,3,1,0,0.25320515036582947
XGB,3,1,1,0.7001338601112366
XGB,3,0,1,0.6846204996109009
XGB,3,0,0,0.05842773988842964
XGB,3,0,0,0.050861906260252
XGB,3,1,0,0.38937661051750183
XGB,3,0,0,0.3041326403617859
XGB,3,0,0,0.003769875504076481
XGB,3,0,0,0.005166350863873959
XGB,3,0,0,0.01875230297446251
XGB,3,0,0,0.033925049006938934
XGB,3,0,0,0.0954551175236702
XGB,3,1,0,0.137460857629776
XGB,3,0,0,0.27817511558532715
XGB,3,1,0,0.029066529124975204
XGB,3,0,0,0.11626163125038147
XGB,3,0,0,0.00987590104341507
XGB,3,0,0,0.04511650279164314
XGB,3,0,0,0.005926182027906179
XGB,3,0,0,0.0646555945277214
XGB,3,0,0,0.056077372282743454
XGB,3,0,0,0.011331507004797459
XGB,3,1,0,0.07520611584186554
XGB,3,0,0,0.42060911655426025
XGB,3,0,1,0.5039099454879761
XGB,3,0,0,0.008004197850823402
XGB,3,0,0,0.006225792691111565
XGB,3,0,0,0.010803268291056156
XGB,3,0,0,0.22573040425777435
XGB,3,0,0,0.011120161972939968
XGB,3,0,0,0.15441814064979553
XGB,3,0,0,0.0330374576151371
XGB,3,0,0,0.021661991253495216
XGB,3,0,0,0.05034347623586655
XGB,3,0,0,0.04810715094208717
XGB,3,0,0,0.48114442825317383
XGB,3,0,0,0.020771978422999382
XGB,3,0,0,0.009971771389245987
XGB,3,1,0,0.13710899651050568
XGB,3,1,0,0.18468977510929108
XGB,3,0,0,0.15957233309745789
XGB,3,0,0,0.04844855144619942
XGB,3,0,1,0.9744582176208496
XGB,3,0,0,0.04038365185260773
XGB,3,0,0,0.046849362552165985
XGB,3,0,0,0.01003358606249094
XGB,3,0,1,0.7477518916130066
XGB,3,0,0,0.11777171492576599
XGB,3,0,0,0.16061340272426605
XGB,3,0,0,0.013713990338146687
XGB,3,0,0,0.10507597029209137
XGB,3,0,0,0.09479167312383652
XGB,3,0,0,0.03825005143880844
XGB,3,0,0,0.22179511189460754
XGB,3,1,0,0.14432848989963531
XGB,3,0,0,0.05402708798646927
XGB,3,0,0,0.0032663033343851566
XGB,3,0,0,0.13052774965763092
XGB,3,0,0,0.11490347236394882
XGB,3,0,0,0.03520534560084343
XGB,3,0,0,0.006377364508807659
XGB,3,0,0,0.023890826851129532
XGB,3,1,0,0.1669410765171051
XGB,3,1,0,0.23837876319885254
XGB,3,0,0,0.2759997248649597
XGB,3,0,0,0.0067964340560138226
XGB,3,0,0,0.018339009955525398
XGB,3,0,0,0.043419163674116135
XGB,3,0,0,0.12316206842660904
XGB,3,0,0,0.007810129784047604
XGB,3,0,1,0.6802746653556824
XGB,3,1,1,0.561220645904541
XGB,3,1,0,0.03128558397293091
XGB,3,0,1,0.6071383953094482
XGB,3,0,0,0.01666911132633686
XGB,3,1,0,0.04086614027619362
XGB,3,0,0,0.006798417307436466
XGB,3,0,0,0.07112886011600494
XGB,3,0,0,0.06112287566065788
XGB,3,0,0,0.4259888529777527
XGB,3,0,0,0.002135100308805704
XGB,3,0,0,0.08431532233953476
XGB,3,1,0,0.12171373516321182
XGB,3,0,0,0.09864377230405807
XGB,3,0,0,0.03069348819553852
XGB,3,0,0,0.09523072838783264
XGB,3,0,0,0.06925548613071442
XGB,3,1,0,0.2954760193824768
XGB,3,0,0,0.0063123032450675964
XGB,3,0,0,0.461345374584198
XGB,3,0,0,0.0022769621573388577
XGB,3,0,0,0.043698202818632126
XGB,3,1,0,0.09345834702253342
XGB,3,0,0,0.005318916868418455
XGB,3,0,0,0.022958463057875633
XGB,3,0,0,0.1765478104352951
XGB,3,1,0,0.026530209928750992
XGB,3,1,0,0.2976393401622772
XGB,3,1,0,0.15997730195522308
XGB,3,0,0,0.006663008127361536
XGB,3,0,0,0.017222024500370026
XGB,3,0,0,0.19738274812698364
XGB,3,0,1,0.8244877457618713
XGB,3,0,0,0.032970353960990906
XGB,3,0,0,0.052876610308885574
XGB,3,0,0,0.258869469165802
XGB,3,0,1,0.5480005145072937
XGB,3,0,0,0.2660958468914032
XGB,3,0,1,0.5946139693260193
XGB,3,0,0,0.1003432348370552
XGB,3,0,0,0.006837084889411926
XGB,3,0,0,0.2725556492805481
XGB,3,0,0,0.03270735964179039
XGB,3,0,0,0.4264019727706909
XGB,3,0,0,0.005602922290563583
XGB,3,0,0,0.28337275981903076
XGB,3,1,0,0.003087023040279746
XGB,3,0,1,0.5123034119606018
XGB,3,1,0,0.1427745819091797
XGB,3,1,1,0.5592802166938782
XGB,3,0,0,0.20629693567752838
XGB,3,0,0,0.027539929375052452
XGB,3,0,0,0.2218634933233261
XGB,3,1,1,0.6507492661476135
XGB,3,0,0,0.03414575010538101
XGB,3,0,1,0.9571283459663391
XGB,3,0,0,0.027927901595830917
XGB,3,0,0,0.3846128284931183
XGB,3,0,0,0.012282771058380604
XGB,3,1,0,0.050331100821495056
XGB,3,0,1,0.8980838656425476
XGB,3,0,0,0.05035035312175751
XGB,3,0,0,0.01894538477063179
XGB,3,0,0,0.009515108540654182
XGB,3,1,0,0.029240943491458893
XGB,3,0,0,0.38829898834228516
XGB,3,0,0,0.006203440483659506
XGB,3,0,0,0.012671628966927528
XGB,3,0,0,0.09159854799509048
XGB,3,0,1,0.5187742710113525
XGB,3,0,0,0.40669116377830505
XGB,3,0,1,0.8572824001312256
XGB,3,1,1,0.9952991008758545
XGB,3,0,0,0.005092299543321133
XGB,3,1,1,0.9933599829673767
XGB,3,0,1,0.7352971434593201
XGB,3,0,0,0.16319940984249115
XGB,3,0,0,0.10485056787729263
XGB,3,0,0,0.2167794406414032
XGB,3,0,0,0.057761356234550476
XGB,3,0,1,0.8286575675010681
XGB,3,0,0,0.33697545528411865
XGB,3,0,0,0.06687532365322113
XGB,3,0,0,0.060119688510894775
XGB,3,0,0,0.03026464208960533
XGB,3,1,0,0.4763229787349701
XGB,3,1,0,0.33829423785209656
XGB,3,1,1,0.8479041457176208
XGB,3,0,0,0.013600452803075314
XGB,3,1,0,0.08185427635908127
XGB,3,0,0,0.01003654208034277
XGB,3,1,1,0.7103695869445801
XGB,3,0,0,0.04457806423306465
XGB,3,0,0,0.396797239780426
XGB,3,0,0,0.013379196636378765
XGB,3,0,0,0.023110710084438324
XGB,3,1,0,0.266189306974411
XGB,3,0,0,0.025181246921420097
XGB,3,0,0,0.38833558559417725
XGB,3,1,0,0.09402304887771606
XGB,3,0,0,0.011783549562096596
XGB,3,0,0,0.3968809247016907
XGB,3,0,0,0.4074955880641937
XGB,3,0,0,0.051969170570373535
XGB,3,0,0,0.01372153963893652
XGB,3,0,0,0.01085149310529232
XGB,3,1,0,0.049273353070020676
XGB,3,0,0,0.4206121563911438
XGB,3,0,0,0.09307485073804855
XGB,3,0,0,0.3375106155872345
XGB,3,1,1,0.8428858518600464
XGB,3,1,1,0.9740585684776306
XGB,3,0,1,0.9896280765533447
XGB,3,0,0,0.35459962487220764
XGB,3,1,0,0.0017292792908847332
XGB,3,0,0,0.12546196579933167
XGB,3,0,0,0.06452815234661102
XGB,3,1,1,0.9316792488098145
XGB,3,0,0,0.2313387393951416
XGB,3,0,0,0.02220051921904087
XGB,3,1,1,0.9975088834762573
XGB,3,0,0,0.2476663887500763
XGB,3,1,0,0.4401722550392151
XGB,3,0,0,0.24956320226192474
XGB,3,0,0,0.12347695976495743
XGB,3,0,0,0.026321155950427055
XGB,3,0,0,0.00259086349979043
XGB,3,1,0,0.3190707862377167
XGB,3,0,0,0.0846056342124939
XGB,3,1,0,0.08733443915843964
XGB,3,0,0,0.03399599343538284
XGB,3,0,0,0.4485633373260498
XGB,3,0,0,0.06415627151727676
XGB,3,0,0,0.017787236720323563
XGB,3,0,0,0.013947123661637306
XGB,3,0,0,0.25831297039985657
XGB,3,0,0,0.04748690500855446
XGB,3,0,0,0.12375697493553162
XGB,3,0,0,0.0053858449682593346
XGB,3,1,0,0.034116268157958984
XGB,3,0,0,0.0013426508521661162
XGB,3,0,0,0.06353231519460678
XGB,3,0,0,0.08902718871831894
XGB,3,0,0,0.038590207695961
XGB,3,0,0,0.0026800562627613544
XGB,3,0,1,0.8754909634590149
XGB,3,0,0,0.014622518792748451
XGB,3,0,0,0.04858827963471413
XGB,3,1,0,0.36844924092292786
XGB,3,1,1,0.8865492343902588
XGB,3,0,0,0.16684994101524353
XGB,3,0,1,0.6500833034515381
XGB,3,0,0,0.13080519437789917
XGB,3,1,0,0.11851176619529724
XGB,3,0,0,0.4940727949142456
XGB,3,1,0,0.0729968249797821
XGB,3,0,0,0.19965825974941254
XGB,3,0,0,0.020548906177282333
XGB,3,0,0,0.4532337486743927
XGB,3,0,1,0.9147259593009949
XGB,3,0,1,0.6163230538368225
XGB,3,0,0,0.00478034233674407
XGB,3,0,0,0.003325394354760647
XGB,3,0,0,0.028233563527464867
XGB,3,0,0,0.004211850464344025
XGB,3,0,0,0.011117121204733849
XGB,3,0,0,0.007841185666620731
XGB,3,1,0,0.0145321786403656
XGB,3,0,0,0.21108029782772064
XGB,3,1,0,0.4727364480495453
XGB,3,0,0,0.04434336721897125
XGB,3,0,0,0.005654377397149801
XGB,3,0,1,0.5644556283950806
XGB,3,0,0,0.011267358437180519
XGB,3,1,0,0.0020496060606092215
XGB,3,0,1,0.553882360458374
XGB,3,0,1,0.5963587164878845
XGB,3,0,0,0.48226088285446167
XGB,3,0,0,0.04927995428442955
XGB,3,0,0,0.3212752938270569
XGB,3,1,0,0.3267859220504761
XGB,3,0,1,0.6722439527511597
XGB,3,0,0,0.005871820263564587
XGB,3,1,1,0.9601079225540161
XGB,3,1,0,0.20911318063735962
XGB,3,0,0,0.19792504608631134
XGB,3,0,0,0.011939579620957375
XGB,3,0,0,0.41038939356803894
XGB,3,0,0,0.029642723500728607
XGB,3,0,0,0.23389065265655518
XGB,3,0,1,0.7927636504173279
XGB,3,0,0,0.2700172960758209
XGB,3,0,0,0.1182098239660263
XGB,3,0,0,0.008789796382188797
XGB,3,1,1,0.860309362411499
XGB,3,0,0,0.086668461561203
XGB,3,0,0,0.0040968540124595165
XGB,3,0,0,0.14237141609191895
XGB,3,0,0,0.002525100251659751
XGB,3,0,0,0.03030364029109478
XGB,3,0,1,0.6931286454200745
XGB,3,0,0,0.01791229471564293
XGB,3,0,1,0.7984387278556824
XGB,3,0,0,0.0467330701649189
XGB,3,0,0,0.02908259443938732
XGB,3,0,0,0.11827988177537918
XGB,3,0,0,0.05329083651304245
XGB,3,0,0,0.12515553832054138
XGB,3,0,0,0.21389387547969818
XGB,3,0,0,0.3210775554180145
XGB,3,1,0,0.10914114862680435
XGB,3,0,1,0.7302366495132446
XGB,3,1,0,0.05070141702890396
XGB,3,0,0,0.01260573510080576
XGB,3,0,0,0.2042829841375351
XGB,3,0,0,0.09685958176851273
XGB,3,0,0,0.019900811836123466
XGB,3,1,1,0.9283345341682434
XGB,3,0,0,0.042870327830314636
XGB,3,1,0,0.4140995442867279
XGB,3,1,0,0.1207975372672081
XGB,3,1,0,0.30511054396629333
XGB,3,0,0,0.14268960058689117
XGB,3,1,0,0.07700113952159882
XGB,3,0,0,0.32813435792922974
XGB,3,0,0,0.022871611639857292
XGB,3,1,0,0.05962729826569557
XGB,3,0,0,0.026213744655251503
XGB,3,1,0,0.13452237844467163
XGB,3,0,0,0.03991057351231575
XGB,3,0,0,0.1957569718360901
XGB,3,0,0,0.051533665508031845
XGB,3,0,0,0.01997286081314087
XGB,3,1,0,0.046629853546619415
XGB,3,0,0,0.03638110309839249
XGB,3,0,0,0.06620528548955917
XGB,3,0,0,0.21276451647281647
XGB,3,0,0,0.00452705193310976
XGB,3,0,0,0.006563736591488123
XGB,3,0,0,0.010048098862171173
XGB,3,0,0,0.09089178591966629
XGB,3,0,0,0.2713543176651001
XGB,3,0,0,0.31395021080970764
XGB,3,0,0,0.05800924450159073
XGB,3,0,0,0.15913672745227814
XGB,3,0,0,0.0445554293692112
XGB,3,0,0,0.05184479057788849
XGB,3,0,0,0.13784199953079224
XGB,3,0,0,0.09974266588687897
XGB,3,1,0,0.2040530890226364
XGB,3,0,0,0.03991271182894707
XGB,3,1,1,0.9679375886917114
XGB,3,1,0,0.2541812062263489
XGB,3,0,0,0.008568896912038326
XGB,3,1,0,0.08473669737577438
XGB,3,1,0,0.023381050676107407
XGB,3,0,0,0.29771894216537476
XGB,3,0,0,0.082276351749897
XGB,3,0,1,0.9182923436164856
XGB,3,0,0,0.05528382211923599
XGB,3,0,0,0.055360931903123856
XGB,3,0,0,0.1544908583164215
XGB,3,0,0,0.0021857074461877346
XGB,3,0,0,0.38789814710617065
XGB,3,0,0,0.4997003674507141
XGB,3,0,0,0.06023642048239708
XGB,3,0,0,0.08470643311738968
XGB,3,0,0,0.23625585436820984
XGB,3,0,0,0.0034352929797023535
XGB,3,0,0,0.23645073175430298
XGB,3,0,0,0.3496331572532654
XGB,3,0,0,0.007568245753645897
XGB,3,1,0,0.05663042515516281
XGB,3,0,0,0.020702172070741653
XGB,3,0,0,0.2623092532157898
XGB,3,0,0,0.04076080024242401
XGB,3,0,0,0.1812090128660202
XGB,3,1,1,0.9508115649223328
XGB,3,0,0,0.08621535450220108
XGB,3,0,0,0.012433887459337711
XGB,3,0,0,0.052981723099946976
XGB,3,0,0,0.0003710987512022257
XGB,3,0,1,0.6584515571594238
XGB,3,0,0,0.02785632200539112
XGB,3,0,0,0.03541392832994461
XGB,3,1,0,0.0025786724872887135
XGB,3,1,0,0.009854922071099281
XGB,3,1,0,0.43696027994155884
XGB,3,0,0,0.02855823189020157
XGB,3,0,0,0.0072365207597613335
XGB,3,0,0,0.40095722675323486
XGB,3,0,0,0.2364203929901123
XGB,3,1,0,0.10663493722677231
XGB,3,0,1,0.774940013885498
XGB,3,1,0,0.032381609082221985
XGB,3,0,0,0.00116825383156538
XGB,3,0,0,0.0019660128746181726
XGB,3,1,0,0.04847162961959839
XGB,3,1,1,0.8103883862495422
XGB,3,0,0,0.4827723503112793
XGB,3,1,0,0.25878816843032837
XGB,3,0,0,0.0020926313009113073
XGB,3,0,0,0.1734078824520111
XGB,3,0,0,0.036486782133579254
XGB,3,0,0,0.16113872826099396
XGB,3,1,0,0.08274897933006287
XGB,3,0,0,0.20118162035942078
XGB,3,0,0,0.14481182396411896
XGB,3,0,0,0.07113561779260635
XGB,3,0,1,0.5082381367683411
XGB,3,0,0,0.006970287766307592
XGB,3,0,0,0.09425634145736694
XGB,3,0,0,0.0003308761806692928
XGB,3,0,0,0.012698192149400711
XGB,3,0,0,0.2833617329597473
XGB,3,1,1,0.5550094842910767
XGB,3,0,0,0.04462972655892372
XGB,3,1,1,0.5805417895317078
XGB,3,1,0,0.02156889997422695
XGB,3,0,0,0.46694493293762207
XGB,3,0,0,0.060808293521404266
XGB,3,0,0,0.09281228482723236
XGB,3,1,0,0.05814113840460777
XGB,3,0,0,0.003067978424951434
XGB,3,1,0,0.2421117126941681
XGB,3,0,0,0.14636927843093872
XGB,3,0,0,0.2744310200214386
XGB,3,0,0,0.09236393868923187
XGB,3,0,0,0.004598573315888643
XGB,3,0,0,0.17424048483371735
XGB,3,0,0,0.26266130805015564
XGB,3,0,0,0.012331406585872173
XGB,3,1,1,0.9871140718460083
XGB,3,0,0,0.08592502027750015
XGB,3,1,0,0.08309613168239594
XGB,3,0,0,0.07456661760807037
XGB,3,0,0,0.01601705141365528
XGB,3,0,0,0.35977867245674133
XGB,3,0,0,0.03502234071493149
XGB,3,0,0,0.004938545636832714
XGB,3,1,0,0.010296334512531757
XGB,3,0,0,0.10318709164857864
XGB,3,1,0,0.33772003650665283
XGB,3,0,0,0.21245113015174866
XGB,3,0,0,0.00547176506370306
XGB,3,1,0,0.03624313324689865
XGB,3,0,0,0.0868975892663002
XGB,3,1,0,0.1328526735305786
XGB,3,1,0,0.06683837622404099
XGB,3,1,0,0.10358714312314987
XGB,3,0,0,0.017110448330640793
XGB,3,0,0,0.0228964164853096
XGB,3,1,0,0.12701426446437836
XGB,3,0,0,0.11255450546741486
XGB,3,0,0,0.34745553135871887
XGB,3,1,0,0.2465406358242035
XGB,3,1,0,0.006965816952288151
XGB,3,0,1,0.8420358896255493
XGB,3,0,0,0.062012556940317154
XGB,3,0,1,0.5221046209335327
XGB,3,0,0,0.15615272521972656
XGB,3,1,0,0.048089928925037384
XGB,3,0,0,0.09885241836309433
XGB,3,0,0,0.033061131834983826
XGB,3,0,0,0.36215025186538696
XGB,3,0,0,0.21039186418056488
XGB,3,0,0,0.2534850239753723
XGB,3,0,0,0.020654089748859406
XGB,3,1,0,0.08263984322547913
XGB,3,0,0,0.1783176213502884
XGB,3,1,0,0.0798390582203865
XGB,3,1,1,0.9211432933807373
XGB,3,1,1,0.9286155700683594
XGB,3,0,0,0.013423719443380833
XGB,3,1,0,0.1559377759695053
XGB,3,0,0,0.12254109978675842
XGB,3,0,0,0.009802478365600109
XGB,3,1,0,0.3109686076641083
XGB,3,0,0,0.3002249598503113
XGB,3,0,0,0.48503217101097107
XGB,3,1,1,0.634497880935669
XGB,3,0,1,0.812518835067749
XGB,3,0,0,0.027684707194566727
XGB,3,0,0,0.01633417420089245
XGB,3,1,0,0.3223623037338257
XGB,3,0,0,0.06367960572242737
XGB,3,0,0,0.06797364354133606
XGB,3,0,0,0.3619157671928406
XGB,3,0,0,0.017238786444067955
XGB,3,1,0,0.10539157688617706
XGB,3,0,0,0.0021264792885631323
XGB,3,0,0,0.002365219173952937
XGB,3,0,0,0.06602092832326889
XGB,3,0,0,0.08258766680955887
XGB,3,0,0,0.15660060942173004
XGB,3,0,0,0.0016672202618792653
XGB,3,0,1,0.5489775538444519
XGB,3,1,1,0.8067413568496704
XGB,3,1,0,0.3933714032173157
XGB,3,1,1,0.6355311274528503
XGB,3,0,0,0.0011253614211454988
XGB,3,1,1,0.5871642827987671
XGB,3,0,0,0.027572033926844597
XGB,3,0,0,0.44777825474739075
XGB,3,0,0,0.032798536121845245
XGB,3,0,0,0.024346161633729935
XGB,3,0,0,0.47231557965278625
XGB,3,0,0,0.011142347939312458
XGB,3,0,0,0.1203015074133873
XGB,3,0,0,0.2705971598625183
XGB,3,0,0,0.14995162189006805
XGB,3,0,0,0.08952312171459198
XGB,3,0,0,0.03154679387807846
XGB,3,0,1,0.903829038143158
XGB,3,0,0,0.0012198967160657048
XGB,3,0,0,0.3941352069377899
XGB,3,0,0,0.033396586775779724
XGB,3,0,0,0.30329540371894836
XGB,3,1,0,0.19965070486068726
XGB,3,0,0,0.07192637771368027
XGB,3,0,0,0.14782392978668213
XGB,3,0,0,0.014340264722704887
XGB,3,0,0,0.07040859758853912
XGB,3,0,0,0.009643111377954483
XGB,3,0,0,0.13497301936149597
XGB,3,0,0,0.01095439400523901
XGB,3,0,0,0.06865005940198898
XGB,3,1,0,0.014860143885016441
XGB,3,0,1,0.9334975481033325
XGB,3,0,0,0.3924279510974884
XGB,3,0,0,0.01642853207886219
XGB,3,0,0,0.1264493316411972
XGB,3,0,0,0.1545262634754181
XGB,3,0,0,0.11600948870182037
XGB,3,0,0,0.015285403467714787
XGB,3,1,0,0.11703554540872574
XGB,3,0,0,0.14115217328071594
XGB,3,0,1,0.6648449301719666
XGB,3,0,0,0.014298644848167896
XGB,3,0,0,0.04819122329354286
XGB,3,0,0,0.09829925745725632
XGB,3,0,0,0.007192007265985012
XGB,3,0,0,0.058434609323740005
XGB,3,0,0,0.07399352639913559
XGB,3,1,0,0.2997104227542877
XGB,3,0,0,0.014227373525500298
XGB,3,1,0,0.06222781538963318
XGB,3,0,0,0.19640062749385834
XGB,3,1,0,0.025058094412088394
XGB,3,0,0,0.019323360174894333
XGB,3,0,0,0.011352944187819958
XGB,3,0,0,0.008086425252258778
XGB,3,1,0,0.05919695273041725
XGB,3,0,0,0.0027856207452714443
XGB,3,0,0,0.018853694200515747
XGB,3,0,0,0.4551902413368225
XGB,3,1,0,0.06104534491896629
XGB,3,0,0,0.3209470808506012
XGB,3,0,1,0.7925599813461304
XGB,3,0,0,0.068266361951828
XGB,3,1,1,0.7473610639572144
XGB,3,0,0,0.0048288460820913315
XGB,3,1,0,0.4943104088306427
XGB,3,0,0,0.05380386486649513
XGB,3,0,0,0.0034509545657783747
XGB,3,0,0,0.12924724817276
XGB,3,0,0,0.0764472484588623
XGB,3,0,0,0.39065346121788025
XGB,3,1,0,0.06836669892072678
XGB,3,0,0,0.21879495680332184
XGB,3,0,0,0.4903344213962555
XGB,3,0,1,0.7588818073272705
XGB,3,1,0,0.11195912212133408
XGB,3,0,0,0.03211516886949539
XGB,3,0,0,0.05315770208835602
XGB,3,0,0,0.04002527520060539
XGB,3,0,0,0.01693446934223175
XGB,3,0,0,0.021269213408231735
XGB,3,0,0,0.09694258123636246
XGB,3,0,1,0.8985042572021484
XGB,3,0,0,0.07237257808446884
XGB,3,0,0,0.0015043762978166342
XGB,3,0,0,0.029745060950517654
XGB,3,0,0,0.014249084517359734
XGB,3,1,0,0.38112834095954895
XGB,3,0,0,0.024787040427327156
XGB,3,0,0,0.3590315878391266
XGB,3,0,0,0.007602537050843239
XGB,3,0,0,0.21404695510864258
XGB,3,0,0,0.01337499264627695
XGB,3,1,0,0.4383715093135834
XGB,3,0,0,0.09876461327075958
XGB,3,0,0,0.0017974661896005273
XGB,3,0,0,0.09455395489931107
XGB,3,0,0,0.15789800882339478
XGB,3,0,0,0.13391362130641937
XGB,3,1,0,0.4577811062335968
XGB,3,0,0,0.11627161502838135
XGB,3,0,0,0.03875308483839035
XGB,3,1,0,0.0055320472456514835
XGB,3,0,0,0.15173669159412384
XGB,3,0,0,0.08023926615715027
XGB,3,0,0,0.022815432399511337
XGB,3,0,0,0.0146137410774827
XGB,3,0,0,0.3080194890499115
XGB,3,0,1,0.6960837244987488
XGB,3,0,0,0.22627685964107513
XGB,3,0,1,0.7347466945648193
XGB,3,0,1,0.9658416509628296
XGB,3,0,1,0.9339470863342285
XGB,3,0,0,0.12706534564495087
XGB,3,0,0,0.06820325553417206
XGB,3,0,0,0.16618302464485168
XGB,3,0,1,0.578620195388794
XGB,3,0,0,0.2296435534954071
XGB,3,0,0,0.04870123043656349
XGB,3,0,0,0.29129716753959656
XGB,3,0,0,0.022932184860110283
XGB,3,0,0,0.09908629208803177
XGB,3,0,0,0.0044791195541620255
XGB,3,0,0,0.0017200714210048318
XGB,3,0,0,0.027879241853952408
XGB,3,0,0,0.08211613446474075
XGB,3,0,1,0.9999141693115234
XGB,3,0,0,0.27671581506729126
XGB,3,0,0,0.22165125608444214
XGB,3,0,1,0.56954425573349
XGB,3,0,0,0.08074622601270676
XGB,3,0,0,0.18830861151218414
XGB,3,0,0,0.005943838506937027
XGB,4,0,0,0.35135704278945923
XGB,4,0,0,0.016939297318458557
XGB,4,0,0,0.01589149236679077
XGB,4,0,0,0.264255553483963
XGB,4,1,1,0.751157820224762
XGB,4,0,0,0.011048496700823307
XGB,4,0,0,0.2380271553993225
XGB,4,0,0,0.004524214193224907
XGB,4,0,1,0.9906766414642334
XGB,4,0,0,0.06714175641536713
XGB,4,0,0,0.11578404903411865
XGB,4,0,0,0.09964808821678162
XGB,4,0,1,0.5018235445022583
XGB,4,0,0,0.019095011055469513
XGB,4,0,1,0.5830054879188538
XGB,4,1,0,0.3093082904815674
XGB,4,1,0,0.055986035615205765
XGB,4,0,0,0.011950294487178326
XGB,4,0,0,0.06809420138597488
XGB,4,0,0,0.08029047399759293
XGB,4,0,0,0.06341173499822617
XGB,4,0,0,0.01255419198423624
XGB,4,0,0,0.014034843072295189
XGB,4,0,0,0.4584132134914398
XGB,4,0,0,0.13703086972236633
XGB,4,0,1,0.6761538982391357
XGB,4,1,1,0.7806370854377747
XGB,4,0,0,0.16969919204711914
XGB,4,0,1,0.6502928137779236
XGB,4,0,0,0.052737779915332794
XGB,4,0,0,0.06164875254034996
XGB,4,0,0,0.07593981921672821
XGB,4,1,0,0.006340754218399525
XGB,4,0,1,0.8456695675849915
XGB,4,1,1,0.992557168006897
XGB,4,0,0,0.00804983638226986
XGB,4,0,0,0.08622114360332489
XGB,4,0,0,0.011515648104250431
XGB,4,1,0,0.07632511109113693
XGB,4,0,0,0.4162816107273102
XGB,4,0,0,0.23166269063949585
XGB,4,0,0,0.4453091025352478
XGB,4,0,0,0.4888623356819153
XGB,4,0,0,0.034869249910116196
XGB,4,0,0,0.4687277674674988
XGB,4,0,0,0.044795334339141846
XGB,4,0,0,0.06667820364236832
XGB,4,1,1,0.9627403616905212
XGB,4,0,0,0.09176747500896454
XGB,4,0,0,0.03713240474462509
XGB,4,1,0,0.04319784790277481
XGB,4,1,1,0.7825004458427429
XGB,4,0,0,0.1606685072183609
XGB,4,0,1,0.6138861179351807
XGB,4,0,0,0.09947158396244049
XGB,4,0,0,0.2136891931295395
XGB,4,0,0,0.43654486536979675
XGB,4,0,0,0.028398217633366585
XGB,4,1,1,0.7428827881813049
XGB,4,0,0,0.3034430146217346
XGB,4,0,1,0.8635348677635193
XGB,4,0,0,0.06965302675962448
XGB,4,1,0,0.07749602198600769
XGB,4,1,0,0.02879754640161991
XGB,4,0,0,0.04023133963346481
XGB,4,0,0,0.0021573437843471766
XGB,4,0,0,0.12678326666355133
XGB,4,1,1,0.7741386890411377
XGB,4,0,0,0.15822911262512207
XGB,4,0,0,0.0794881135225296
XGB,4,0,0,0.0062327031046152115
XGB,4,1,0,0.32363176345825195
XGB,4,1,0,0.04716119170188904
XGB,4,1,0,0.266731321811676
XGB,4,1,1,0.9080626368522644
XGB,4,0,0,0.09166491031646729
XGB,4,0,1,0.6823820471763611
XGB,4,0,0,0.27286621928215027
XGB,4,0,0,0.0701311007142067
XGB,4,0,0,0.04900653660297394
XGB,4,0,0,0.3022262454032898
XGB,4,0,0,0.059031836688518524
XGB,4,0,0,0.2067939043045044
XGB,4,0,0,0.052892327308654785
XGB,4,0,0,0.09681575745344162
XGB,4,1,1,0.625260055065155
XGB,4,1,0,0.05828529968857765
XGB,4,1,1,0.9604818224906921
XGB,4,0,0,0.019615039229393005
XGB,4,0,0,0.21430492401123047
XGB,4,0,0,0.3221302926540375
XGB,4,1,0,0.0553024522960186
XGB,4,0,0,0.066078320145607
XGB,4,1,1,0.5113011002540588
XGB,4,1,1,0.9760953187942505
XGB,4,0,0,0.027576668187975883
XGB,4,0,0,0.03830602020025253
XGB,4,1,0,0.09900475293397903
XGB,4,0,0,0.016436493024230003
XGB,4,0,0,0.09657472372055054
XGB,4,0,0,0.043629806488752365
XGB,4,0,0,0.021668914705514908
XGB,4,0,0,0.03492162749171257
XGB,4,0,0,0.028259804472327232
XGB,4,0,0,0.050154734402894974
XGB,4,0,0,0.37753617763519287
XGB,4,0,0,0.05505271255970001
XGB,4,0,0,0.05285096913576126
XGB,4,0,0,0.3939298987388611
XGB,4,0,0,0.016164161264896393
XGB,4,0,0,0.03774057701230049
XGB,4,0,0,0.19310837984085083
XGB,4,0,0,0.09918944537639618
XGB,4,0,0,0.07538609206676483
XGB,4,0,0,0.28974074125289917
XGB,4,0,0,0.064384825527668
XGB,4,0,0,0.15006403625011444
XGB,4,0,0,0.08180426061153412
XGB,4,0,0,0.15783369541168213
XGB,4,0,0,0.22391781210899353
XGB,4,0,0,0.08696120977401733
XGB,4,0,0,0.39686354994773865
XGB,4,0,1,0.696612536907196
XGB,4,0,0,0.03148742392659187
XGB,4,0,0,0.23856967687606812
XGB,4,0,0,0.07733648270368576
XGB,4,0,0,0.16621604561805725
XGB,4,1,0,0.15766984224319458
XGB,4,1,1,0.995301365852356
XGB,4,0,0,0.04091396555304527
XGB,4,0,0,0.41196873784065247
XGB,4,0,0,0.06001441180706024
XGB,4,1,0,0.24724076688289642
XGB,4,0,1,0.57025146484375
XGB,4,0,0,0.00098750542383641
XGB,4,0,0,0.18658433854579926
XGB,4,0,0,0.01075371727347374
XGB,4,0,0,0.1299961656332016
XGB,4,0,1,0.5105984807014465
XGB,4,0,0,0.36193498969078064
XGB,4,0,0,0.010604755021631718
XGB,4,0,0,0.015619611367583275
XGB,4,1,0,0.08559823781251907
XGB,4,0,0,0.004931569565087557
XGB,4,0,1,0.8745843172073364
XGB,4,0,0,0.4400567412376404
XGB,4,0,0,0.3571242094039917
XGB,4,0,1,0.7554916143417358
XGB,4,0,0,0.16045746207237244
XGB,4,0,0,0.41988787055015564
XGB,4,1,0,0.026307808235287666
XGB,4,0,0,0.016956044360995293
XGB,4,0,0,0.20446912944316864
XGB,4,0,0,0.03696804493665695
XGB,4,1,0,0.02253071218729019
XGB,4,0,0,0.23054783046245575
XGB,4,0,1,0.5195497870445251
XGB,4,1,0,0.41631659865379333
XGB,4,0,0,0.04360317438840866
XGB,4,0,0,0.471445232629776
XGB,4,1,0,0.03468656912446022
XGB,4,0,0,0.015679853036999702
XGB,4,0,0,0.13857166469097137
XGB,4,1,0,0.18227951228618622
XGB,4,0,0,0.36360445618629456
XGB,4,0,0,0.02132805623114109
XGB,4,0,0,0.4963127672672272
XGB,4,0,0,0.45403406023979187
XGB,4,0,0,0.03264644742012024
XGB,4,0,0,0.03244296833872795
XGB,4,0,0,0.014819585718214512
XGB,4,0,0,0.09656636416912079
XGB,4,0,0,0.023128366097807884
XGB,4,0,0,0.16651099920272827
XGB,4,1,0,0.07468318194150925
XGB,4,0,0,0.16742846369743347
XGB,4,0,0,0.006262271665036678
XGB,4,0,0,0.032666463404893875
XGB,4,1,0,0.19943459331989288
XGB,4,0,0,0.1026245728135109
XGB,4,0,0,0.03935060650110245
XGB,4,0,0,0.04416918754577637
XGB,4,1,0,0.02838115021586418
XGB,4,0,1,0.5140584111213684
XGB,4,1,0,0.15101808309555054
XGB,4,1,1,0.9946267008781433
XGB,4,0,0,0.05647812783718109
XGB,4,0,0,0.17829300463199615
XGB,4,0,1,0.8972758650779724
XGB,4,0,0,0.012033303268253803
XGB,4,1,1,0.9909238219261169
XGB,4,0,0,0.09968671947717667
XGB,4,0,0,0.08130800724029541
XGB,4,0,0,0.015939991921186447
XGB,4,1,0,0.00979078933596611
XGB,4,0,1,0.6446225047111511
XGB,4,0,1,0.5854716897010803
XGB,4,0,0,0.07240914553403854
XGB,4,0,0,0.019260935485363007
XGB,4,0,0,0.23503005504608154
XGB,4,0,0,0.15083718299865723
XGB,4,0,0,0.03512571379542351
XGB,4,0,0,0.031271837651729584
XGB,4,1,0,0.030781066045165062
XGB,4,0,0,0.0010400965111330152
XGB,4,0,0,0.00858376920223236
XGB,4,0,0,0.4698829650878906
XGB,4,1,0,0.43478336930274963
XGB,4,0,0,0.0595550499856472
XGB,4,0,0,0.030861852690577507
XGB,4,1,1,0.556900680065155
XGB,4,0,0,0.030697787180542946
XGB,4,0,0,0.02114979736506939
XGB,4,0,0,0.035702578723430634
XGB,4,1,1,0.5967903137207031
XGB,4,0,0,0.01409669779241085
XGB,4,0,0,0.12656284868717194
XGB,4,1,1,0.962407648563385
XGB,4,0,0,0.16500823199748993
XGB,4,0,0,0.19225208461284637
XGB,4,0,0,0.04667604714632034
XGB,4,0,0,0.3331314027309418
XGB,4,0,0,0.3366389572620392
XGB,4,1,0,0.08650972694158554
XGB,4,0,0,0.1665932983160019
XGB,4,0,0,0.015962738543748856
XGB,4,0,0,0.2209732085466385
XGB,4,1,0,0.15253998339176178
XGB,4,0,0,0.15923018753528595
XGB,4,1,0,0.05147466063499451
XGB,4,1,0,0.09196508675813675
XGB,4,0,0,0.25539952516555786
XGB,4,0,0,0.02411043271422386
XGB,4,0,0,0.1356271654367447
XGB,4,0,0,0.0015138232847675681
XGB,4,0,0,0.014362826943397522
XGB,4,0,0,0.07784314453601837
XGB,4,0,0,0.1144229993224144
XGB,4,0,0,0.2848179340362549
XGB,4,0,0,0.06709597259759903
XGB,4,1,0,0.022633876651525497
XGB,4,0,0,0.012656908482313156
XGB,4,0,0,0.005163814872503281
XGB,4,0,0,0.003774120705202222
XGB,4,0,0,0.012759457342326641
XGB,4,0,0,0.038876019418239594
XGB,4,0,0,0.12977240979671478
XGB,4,0,1,0.7475924491882324
XGB,4,1,0,0.03424796834588051
XGB,4,1,0,0.0595727264881134
XGB,4,0,0,0.054098356515169144
XGB,4,1,0,0.39471739530563354
XGB,4,1,1,0.5685542225837708
XGB,4,1,0,0.20984426140785217
XGB,4,1,1,0.994490385055542
XGB,4,0,1,0.7119802236557007
XGB,4,0,0,0.07651367783546448
XGB,4,0,0,0.22017471492290497
XGB,4,0,1,0.7208872437477112
XGB,4,0,0,0.18570592999458313
XGB,4,0,0,0.15496239066123962
XGB,4,0,0,0.08765465021133423
XGB,4,1,0,0.032754674553871155
XGB,4,0,0,0.07068823277950287
XGB,4,0,0,0.03733016178011894
XGB,4,0,0,0.008441817946732044
XGB,4,0,0,0.19572177529335022
XGB,4,0,0,0.15629898011684418
XGB,4,0,0,0.357422411441803
XGB,4,0,0,0.2515265941619873
XGB,4,0,1,0.9954307079315186
XGB,4,0,1,0.8733113408088684
XGB,4,0,0,0.3744646906852722
XGB,4,0,0,0.19249270856380463
XGB,4,0,0,0.08357613533735275
XGB,4,0,0,0.11608870327472687
XGB,4,0,0,0.22300538420677185
XGB,4,0,1,0.971083402633667
XGB,4,0,0,0.003867656458169222
XGB,4,0,0,0.01942945271730423
XGB,4,0,0,0.02441798336803913
XGB,4,0,0,0.33679720759391785
XGB,4,0,0,0.005469938274472952
XGB,4,1,0,0.030828161165118217
XGB,4,0,0,0.006311875768005848
XGB,4,1,0,0.45851725339889526
XGB,4,0,0,0.03685456141829491
XGB,4,1,0,0.2669617533683777
XGB,4,0,0,0.07222982496023178
XGB,4,0,1,0.7814381718635559
XGB,4,0,1,0.5884464383125305
XGB,4,0,0,0.13842758536338806
XGB,4,0,0,0.15075881779193878
XGB,4,0,1,0.9705312252044678
XGB,4,0,0,0.32107436656951904
XGB,4,1,1,0.9960998296737671
XGB,4,0,0,0.05319936200976372
XGB,4,0,0,0.1847373992204666
XGB,4,1,1,0.8451718688011169
XGB,4,0,0,0.40202659368515015
XGB,4,1,0,0.20284609496593475
XGB,4,0,0,0.1244143694639206
XGB,4,0,0,0.19123630225658417
XGB,4,0,0,0.37862786650657654
XGB,4,1,0,0.014956279657781124
XGB,4,1,0,0.31964999437332153
XGB,4,1,0,0.09139764308929443
XGB,4,0,1,0.5115572214126587
XGB,4,1,0,0.32158803939819336
XGB,4,0,0,0.08867668360471725
XGB,4,0,0,0.0340815968811512
XGB,4,0,0,0.1502828598022461
XGB,4,1,0,0.22758059203624725
XGB,4,0,0,0.0841631069779396
XGB,4,0,0,0.17146605253219604
XGB,4,0,0,0.03231487795710564
XGB,4,0,0,0.12079660594463348
XGB,4,0,0,0.4477890729904175
XGB,4,0,0,0.016425427049398422
XGB,4,0,0,0.030477168038487434
XGB,4,0,0,0.005855068098753691
XGB,4,0,0,0.05358034372329712
XGB,4,1,0,0.05688995122909546
XGB,4,0,0,0.04319531470537186
XGB,4,0,0,0.037638626992702484
XGB,4,1,0,0.0037399569991976023
XGB,4,0,0,0.0724853128194809
XGB,4,0,0,0.206410750746727
XGB,4,1,0,0.03939356282353401
XGB,4,0,0,0.0025733294896781445
XGB,4,0,0,0.0020799587946385145
XGB,4,0,1,0.701388955116272
XGB,4,1,0,0.11911233514547348
XGB,4,0,0,0.3411688208580017
XGB,4,0,0,0.05740939825773239
XGB,4,0,0,0.1251450777053833
XGB,4,1,1,0.9990798234939575
XGB,4,0,0,0.31133079528808594
XGB,4,0,0,0.3698699474334717
XGB,4,0,1,0.5117037296295166
XGB,4,0,1,0.6063719987869263
XGB,4,0,0,0.2121461033821106
XGB,4,0,0,0.2527291178703308
XGB,4,1,1,0.771266520023346
XGB,4,0,0,0.012258936651051044
XGB,4,0,0,0.3454248607158661
XGB,4,0,1,0.5180760622024536
XGB,4,0,1,0.9216061234474182
XGB,4,0,0,0.0033996643032878637
XGB,4,0,0,0.14926865696907043
XGB,4,1,0,0.012861519120633602
XGB,4,0,0,0.032100919634103775
XGB,4,0,0,0.06086476519703865
XGB,4,0,0,0.07528679072856903
XGB,4,0,0,0.012446963228285313
XGB,4,0,0,0.24084161221981049
XGB,4,0,0,0.06048448756337166
XGB,4,0,0,0.12930625677108765
XGB,4,0,0,0.00672181136906147
XGB,4,1,0,0.24621020257472992
XGB,4,0,0,0.048673756420612335
XGB,4,1,0,0.061317022889852524
XGB,4,0,0,0.23795686662197113
XGB,4,0,0,0.19741329550743103
XGB,4,0,1,0.7287988662719727
XGB,4,0,0,0.1469656080007553
XGB,4,0,1,0.565730094909668
XGB,4,0,0,0.4552028477191925
XGB,4,0,0,0.12560836970806122
XGB,4,0,0,0.10857934504747391
XGB,4,1,0,0.2672848701477051
XGB,4,0,0,0.020693955942988396
XGB,4,0,0,0.09335406124591827
XGB,4,0,0,0.10380160808563232
XGB,4,0,0,0.013339824974536896
XGB,4,0,0,0.054650768637657166
XGB,4,1,0,0.014469956047832966
XGB,4,1,0,0.07879846543073654
XGB,4,0,0,0.059355657547712326
XGB,4,1,0,0.128170907497406
XGB,4,1,0,0.13428623974323273
XGB,4,0,0,0.24046014249324799
XGB,4,0,0,0.17785324156284332
XGB,4,0,0,0.009974303655326366
XGB,4,0,0,0.12098086625337601
XGB,4,1,0,0.3681013882160187
XGB,4,0,0,0.09237650781869888
XGB,4,1,1,0.7443357706069946
XGB,4,1,0,0.1525331288576126
XGB,4,1,0,0.3514760136604309
XGB,4,1,0,0.25658610463142395
XGB,4,0,0,0.02927537076175213
XGB,4,0,0,0.4714193642139435
XGB,4,0,0,0.20332302153110504
XGB,4,0,1,0.949195921421051
XGB,4,0,0,0.33415135741233826
XGB,4,1,0,0.4666989743709564
XGB,4,0,0,0.015333415940403938
XGB,4,0,0,0.48754122853279114
XGB,4,0,0,0.01918942481279373
XGB,4,0,0,0.2642280161380768
XGB,4,1,0,0.2621706426143646
XGB,4,0,0,0.004705245140939951
XGB,4,0,0,0.26873430609703064
XGB,4,0,0,0.014468901790678501
XGB,4,1,0,0.12529771029949188
XGB,4,0,0,0.06069950759410858
XGB,4,1,0,0.018147438764572144
XGB,4,1,0,0.46980711817741394
XGB,4,0,0,0.19726695120334625
XGB,4,0,0,0.3063723146915436
XGB,4,0,0,0.0070665143430233
XGB,4,0,0,0.11866984516382217
XGB,4,0,0,0.08965510129928589
XGB,4,0,0,0.025487162172794342
XGB,4,0,0,0.26990780234336853
XGB,4,0,0,0.10925926268100739
XGB,4,0,0,0.17022119462490082
XGB,4,0,0,0.20579476654529572
XGB,4,0,0,0.0069418190978467464
XGB,4,0,0,0.14848490059375763
XGB,4,0,0,0.029363272711634636
XGB,4,0,0,0.08339252322912216
XGB,4,0,1,0.516383171081543
XGB,4,0,0,0.08697997033596039
XGB,4,0,0,0.021519137546420097
XGB,4,0,0,0.09001726657152176
XGB,4,0,0,0.25112998485565186
XGB,4,0,0,0.19277270138263702
XGB,4,0,1,0.7095416188240051
XGB,4,0,0,0.041277818381786346
XGB,4,0,0,0.1848442107439041
XGB,4,1,0,0.43947190046310425
XGB,4,0,0,0.014598133973777294
XGB,4,0,0,0.009523691609501839
XGB,4,0,0,0.17791961133480072
XGB,4,1,0,0.22799114882946014
XGB,4,0,0,0.05739691108465195
XGB,4,0,0,0.24040457606315613
XGB,4,1,0,0.2847609519958496
XGB,4,0,0,0.08313319087028503
XGB,4,0,0,0.12679028511047363
XGB,4,0,0,0.008447328582406044
XGB,4,0,0,0.006435025483369827
XGB,4,1,0,0.051595743745565414
XGB,4,0,0,0.2463061809539795
XGB,4,0,0,0.03258784860372543
XGB,4,0,0,0.20044027268886566
XGB,4,0,0,0.08382972329854965
XGB,4,0,0,0.13623017072677612
XGB,4,1,1,0.7702019810676575
XGB,4,0,0,0.016580071300268173
XGB,4,0,0,0.06139582023024559
XGB,4,0,1,0.8317825198173523
XGB,4,0,1,0.6408358812332153
XGB,4,0,0,0.010817749425768852
XGB,4,0,0,0.0024527758359909058
XGB,4,0,0,0.08539990335702896
XGB,4,0,0,0.14987558126449585
XGB,4,0,0,0.013526897877454758
XGB,4,1,0,0.07726884633302689
XGB,4,0,0,0.018362674862146378
XGB,4,1,0,0.25282782316207886
XGB,4,0,1,0.5997484922409058
XGB,4,0,0,0.0023438078351318836
XGB,4,0,1,0.5327674746513367
XGB,4,0,0,0.04715544730424881
XGB,4,0,0,0.010483436286449432
XGB,4,1,1,0.9541001915931702
XGB,4,0,0,0.008640962652862072
XGB,4,0,0,0.007732530124485493
XGB,4,1,0,0.2871657609939575
XGB,4,0,0,0.003115186234936118
XGB,4,1,0,0.12175501883029938
XGB,4,0,0,0.1715356856584549
XGB,4,0,0,0.025775976479053497
XGB,4,0,1,0.819105863571167
XGB,4,0,0,0.21461883187294006
XGB,4,0,0,0.0485801137983799
XGB,4,0,0,0.1627536565065384
XGB,4,1,1,0.8844841718673706
XGB,4,0,1,0.6194881796836853
XGB,4,0,0,0.017897017300128937
XGB,4,0,0,0.07683417946100235
XGB,4,0,0,0.010981892235577106
XGB,4,0,0,0.0797683447599411
XGB,4,0,1,0.6646722555160522
XGB,4,1,1,0.9984166622161865
XGB,4,0,0,0.35500219464302063
XGB,4,0,0,0.18717361986637115
XGB,4,0,0,0.016649091616272926
XGB,4,0,0,0.05488114058971405
XGB,4,0,0,0.036434173583984375
XGB,4,0,0,0.03944507613778114
XGB,4,0,0,0.005007023923099041
XGB,4,0,0,0.11325833201408386
XGB,4,0,0,0.009821333922445774
XGB,4,0,0,0.012251364067196846
XGB,4,0,0,0.0054845078848302364
XGB,4,1,0,0.12379889190196991
XGB,4,0,0,0.02458019182085991
XGB,4,0,0,0.005247777793556452
XGB,4,0,0,0.005918246228247881
XGB,4,0,0,0.19569236040115356
XGB,4,0,0,0.05060505494475365
XGB,4,1,0,0.04616332799196243
XGB,4,0,0,0.03243798762559891
XGB,4,1,1,0.9595454335212708
XGB,4,1,0,0.19635015726089478
XGB,4,0,0,0.03672467917203903
XGB,4,0,0,0.04001382738351822
XGB,4,0,0,0.023503318428993225
XGB,4,1,0,0.08978930115699768
XGB,4,0,0,0.017558719962835312
XGB,4,0,0,0.00023380543279927224
XGB,4,0,0,0.31742680072784424
XGB,4,0,0,0.399676114320755
XGB,4,1,1,0.8684307932853699
XGB,4,0,0,0.019525231793522835
XGB,4,0,0,0.007765131536871195
XGB,4,0,0,0.18782328069210052
XGB,4,0,0,0.014523263089358807
XGB,4,0,0,0.4681054651737213
XGB,4,0,0,0.028022432699799538
XGB,4,0,0,0.03310878947377205
XGB,4,0,0,0.0975198894739151
XGB,4,0,0,0.04727887362241745
XGB,4,1,0,0.08136831969022751
XGB,4,0,0,0.09767355024814606
XGB,4,1,0,0.01630363240838051
XGB,4,0,0,0.03183889016509056
XGB,4,0,0,0.026352979242801666
XGB,4,0,0,0.022157052531838417
XGB,4,0,0,0.05410459265112877
XGB,4,0,0,0.09463571012020111
XGB,4,0,0,0.01593342050909996
XGB,4,0,0,0.003106048097833991
XGB,4,0,0,0.013618765398859978
XGB,4,0,0,0.10857593268156052
XGB,4,0,1,0.5153728723526001
XGB,4,0,0,0.0649728998541832
XGB,4,1,1,0.658931314945221
XGB,4,1,0,0.164875790476799
XGB,4,0,0,0.4221242368221283
XGB,4,0,0,0.02293509803712368
XGB,4,0,0,0.1107342317700386
XGB,4,1,1,0.6673795580863953
XGB,4,0,1,0.7271912693977356
XGB,4,0,1,0.7464150786399841
XGB,4,1,1,0.8222538232803345
XGB,4,0,0,0.029727110639214516
XGB,4,0,0,0.4583497941493988
XGB,4,0,0,0.0007770694210194051
XGB,4,1,0,0.19909213483333588
XGB,4,0,0,0.012097302824258804
XGB,4,0,0,0.04406124725937843
XGB,4,0,0,0.07358355820178986
XGB,4,1,1,0.9350364804267883
XGB,4,0,0,0.040738295763731
XGB,4,0,0,0.15789629518985748
XGB,4,0,1,0.9879980087280273
XGB,4,0,0,0.3314829468727112
XGB,4,0,0,0.013289916329085827
XGB,4,0,0,0.1390840709209442
XGB,4,0,0,0.011872762814164162
XGB,4,1,1,0.809402585029602
XGB,4,0,0,0.4016469120979309
XGB,4,1,0,0.09352685511112213
XGB,4,0,1,0.6822574138641357
XGB,4,0,1,0.9365224838256836
XGB,4,0,0,0.0298712607473135
XGB,4,0,0,0.38685518503189087
XGB,4,0,0,0.2479703277349472
XGB,4,0,0,0.2431197613477707
XGB,4,0,0,0.20110751688480377
XGB,4,0,0,0.07883864641189575
XGB,4,1,1,0.9858630299568176
XGB,4,0,0,0.11405344307422638
XGB,4,1,0,0.1058955267071724
XGB,4,0,0,0.07729256898164749
XGB,4,1,1,0.9902550578117371
XGB,4,1,0,0.3748510479927063
XGB,4,0,0,0.19835010170936584
XGB,4,0,0,0.03120785765349865
XGB,4,1,0,0.0032618434634059668
XGB,4,0,0,0.28133755922317505
XGB,4,1,0,0.01796329766511917
XGB,4,0,0,0.017005711793899536
XGB,4,0,0,0.02861456759274006
XGB,4,0,0,0.14668963849544525
XGB,4,0,0,0.11563114076852798
XGB,4,0,0,0.04338553547859192
XGB,4,0,0,0.4871808886528015
XGB,4,0,0,0.07036250084638596
XGB,4,0,0,0.3332698345184326
XGB,4,0,0,0.007533702068030834
XGB,4,0,0,0.010977102443575859
XGB,4,1,0,0.1358700841665268
XGB,4,1,0,0.3817077875137329
XGB,4,0,0,0.13071322441101074
XGB,4,0,1,0.7004153728485107
XGB,4,0,0,0.026329081505537033
XGB,4,0,0,0.02001189813017845
XGB,4,0,1,0.7428827881813049
XGB,4,0,0,0.08849919587373734
XGB,4,0,0,0.04458998888731003
XGB,4,1,0,0.46416792273521423
XGB,4,0,0,0.011213970370590687
XGB,4,0,0,0.17634908854961395
XGB,4,0,0,0.3030339479446411
XGB,4,0,0,0.006263390649110079
XGB,4,0,0,0.015009191818535328
XGB,4,1,1,0.8020588159561157
XGB,4,1,1,0.8692172765731812
XGB,4,1,1,0.5799606442451477
XGB,4,0,0,0.19837062060832977
XGB,4,0,0,0.19448049366474152
XGB,4,0,0,0.05271058902144432
XGB,4,0,1,0.9747092723846436
XGB,4,0,0,0.010609788820147514
XGB,4,1,0,0.014819544740021229
XGB,4,0,0,0.029410293325781822
XGB,4,0,0,0.23273822665214539
XGB,4,1,0,0.021469028666615486
XGB,4,1,0,0.09218081086874008
XGB,4,0,0,0.43458274006843567
XGB,4,0,0,0.12883278727531433
XGB,4,0,0,0.3036365509033203
XGB,4,0,0,0.03411689028143883
XGB,4,1,0,0.3086630403995514
XGB,4,1,0,0.40517333149909973
XGB,4,0,0,0.2781398296356201
XGB,4,0,0,0.05133604630827904
XGB,4,0,0,0.03663751110434532
XGB,4,0,0,0.10150976479053497
XGB,4,0,0,0.12320846319198608
XGB,4,0,0,0.3314175307750702
XGB,4,0,0,0.24117092788219452
XGB,4,0,1,0.9477104544639587
XGB,4,0,0,0.10625376552343369
XGB,4,0,0,0.4104137420654297
XGB,4,0,0,0.014443861320614815
XGB,4,1,0,0.4445308446884155
XGB,4,0,0,0.03063247911632061
XGB,4,0,1,0.9315366744995117
XGB,4,1,0,0.25734904408454895
XGB,4,0,1,0.9541783332824707
XGB,4,1,0,0.0660080537199974
XGB,4,0,0,0.0611828975379467
XGB,4,0,0,0.03914741426706314
XGB,4,1,1,0.6119306087493896
XGB,4,0,0,0.035830672830343246
XGB,4,0,0,0.06963033229112625
XGB,4,0,0,0.017873866483569145
XGB,4,0,0,0.023997139185667038
XGB,4,0,0,0.03923377767205238
XGB,4,1,0,0.21886982023715973
XGB,4,1,0,0.25185295939445496
XGB,4,1,0,0.23478156328201294
XGB,4,0,0,0.25379377603530884
XGB,4,0,0,0.046983737498521805
XGB,4,0,0,0.03161461278796196
XGB,4,0,0,0.3228939473628998
XGB,4,0,0,0.06496673077344894
XGB,4,0,0,0.009799039922654629
XGB,4,0,0,0.28734105825424194
XGB,4,0,0,0.20981335639953613
XGB,4,0,0,0.002488568425178528
XGB,4,0,0,0.08945442736148834
XGB,4,0,0,0.021555423736572266
XGB,4,0,0,0.45374712347984314
XGB,4,0,0,0.111149862408638
XGB,4,0,0,0.004622307606041431
XGB,4,1,1,0.9945970773696899
XGB,4,0,0,0.00788264162838459
XGB,4,0,0,0.0198004562407732
XGB,4,1,0,0.07876715064048767
XGB,4,1,0,0.07442618161439896
XGB,4,0,0,0.09579683840274811
XGB,4,0,0,0.009302486665546894
XGB,4,1,0,0.06163102760910988
XGB,4,0,0,0.1615273803472519
XGB,4,1,1,0.9502255320549011
XGB,4,0,0,0.025587139651179314
XGB,4,0,0,0.3257421851158142
XGB,4,0,0,0.1447662115097046
XGB,4,1,0,0.022819170728325844
XGB,4,1,0,0.06627915799617767
XGB,4,0,0,0.19595886766910553
XGB,4,0,0,0.44287195801734924
XGB,4,0,0,0.06939978152513504
XGB,4,0,1,0.5857313871383667
XGB,4,0,0,0.10229708254337311
XGB,4,0,0,0.014134249649941921
XGB,4,0,1,0.5299463272094727
XGB,4,0,0,0.066032774746418
XGB,4,0,0,0.3929590880870819
XGB,4,1,1,0.630154013633728
XGB,4,0,0,0.2283899337053299
XGB,4,0,0,0.012873082421720028
XGB,4,1,0,0.2368653118610382
XGB,4,0,1,0.9306678175926208
XGB,4,0,0,0.01675019972026348
XGB,4,0,0,0.12647175788879395
XGB,4,1,0,0.17277434468269348
XGB,4,0,0,0.11730635911226273
XGB,4,0,0,0.007147880271077156
XGB,4,0,1,0.7071351408958435
XGB,4,0,0,0.17901982367038727
XGB,4,1,0,0.13372662663459778
XGB,4,0,0,0.09205292910337448
XGB,4,0,0,0.09354667365550995
XGB,4,1,0,0.015828967094421387
XGB,4,0,0,0.037164296954870224
XGB,4,0,0,0.09879523515701294
XGB,4,0,0,0.02827533334493637
XGB,4,1,0,0.21325919032096863
XGB,4,0,0,0.020236918702721596
XGB,4,1,0,0.47128376364707947
XGB,4,0,0,0.011305947788059711
XGB,4,0,0,0.08655788004398346
XGB,4,0,0,0.1165907084941864
XGB,4,1,0,0.06343413144350052
XGB,4,1,0,0.05367542803287506
XGB,4,0,0,0.06866608560085297
XGB,4,0,0,0.005835383199155331
XGB,4,1,0,0.20416127145290375
XGB,4,0,0,0.18603987991809845
XGB,4,0,0,0.48780331015586853
XGB,4,1,0,0.0019973258022218943
XGB,4,0,0,0.02564978413283825
XGB,4,0,1,0.7201088070869446
XGB,4,0,0,0.12787358462810516
XGB,4,0,0,0.4147054851055145
XGB,4,1,1,0.8654954433441162
XGB,4,0,0,0.34265536069869995
XGB,4,0,0,0.29013827443122864
XGB,4,1,1,0.9152475595474243
XGB,4,1,1,0.7977810502052307
XGB,4,0,0,0.2172318547964096
XGB,4,0,0,0.004552229307591915
XGB,4,1,0,0.2496614307165146
XGB,4,0,0,0.2966417968273163
XGB,4,1,0,0.005490032024681568
XGB,4,0,0,0.1011667549610138
XGB,4,0,0,0.21313174068927765
XGB,4,0,0,0.016354689374566078
XGB,4,0,0,0.052633434534072876
XGB,4,1,1,0.9163112640380859
XGB,4,0,1,0.7100845575332642
XGB,4,0,0,0.021510686725378036
XGB,4,0,0,0.201914981007576
XGB,4,0,0,0.3359425365924835
XGB,4,0,0,0.03202448785305023
XGB,4,0,0,0.06358177214860916
XGB,4,0,0,0.05752132833003998
XGB,4,0,0,0.053146570920944214
XGB,4,1,1,0.9947832226753235
XGB,4,0,0,0.10514999181032181
XGB,4,1,0,0.024257304146885872
XGB,4,0,0,0.1212092936038971
XGB,4,1,0,0.34916314482688904
XGB,4,1,0,0.028151599690318108
XGB,4,0,0,0.15061263740062714
XGB,4,0,0,0.059919148683547974
XGB,4,0,0,0.014557787217199802
XGB,4,0,0,0.2813614010810852
XGB,4,0,1,0.5952511429786682
XGB,4,0,0,0.07356542348861694
XGB,4,0,0,0.05085352063179016
XGB,4,0,0,0.05778259411454201
XGB,4,0,0,0.007285814266651869
XGB,4,1,0,0.34061098098754883
XGB,4,0,0,0.0029956973157823086
XGB,4,0,0,0.17206726968288422
XGB,4,1,0,0.02879517339169979
XGB,4,0,0,0.0773400217294693
XGB,4,0,0,0.022047001868486404
XGB,4,0,0,0.041592665016651154
XGB,4,1,0,0.3564114272594452
XGB,4,0,0,0.11257711052894592
XGB,4,0,0,0.08789075911045074
XGB,4,0,0,0.05474557727575302
XGB,4,0,0,0.45492061972618103
XGB,4,0,0,0.28629398345947266
XGB,4,0,0,0.023149259388446808
XGB,4,0,0,0.2649347484111786
XGB,4,1,0,0.027856359258294106
XGB,4,0,0,0.013232897967100143
XGB,4,0,0,0.059866152703762054
XGB,4,0,0,0.012005722150206566
XGB,4,0,0,0.029456887394189835
XGB,4,1,1,0.8368719816207886
XGB,4,0,0,0.05877208337187767
XGB,4,0,0,0.04271731525659561
XGB,4,1,0,0.17040739953517914
XGB,4,0,0,0.17287535965442657
XGB,4,1,0,0.1282190978527069
XGB,4,1,1,0.5643584132194519
XGB,4,0,0,0.26736369729042053
XGB,4,0,0,0.05349017307162285
XGB,4,0,0,0.002678519580513239
XGB,4,0,0,0.1572132408618927
XGB,4,0,0,0.2748737037181854
XGB,4,0,0,0.04012085869908333
XGB,4,0,0,0.0274640042334795
XGB,4,1,0,0.006240342278033495
XGB,4,0,0,0.46767574548721313
XGB,4,0,0,0.12922775745391846
XGB,4,0,0,0.28542080521583557
XGB,4,0,0,0.06354770809412003
XGB,4,0,0,0.06870929151773453
XGB,4,0,0,0.0041336617432534695
XGB,4,0,0,0.2859306037425995
XGB,4,0,0,0.2387825846672058
XGB,4,1,0,0.01979796588420868
XGB,4,0,0,0.16567467153072357
XGB,4,0,0,0.008360924199223518
XGB,4,0,0,0.05663643404841423
XGB,4,0,0,0.022429732605814934
XGB,4,0,0,0.00040170730790123343
XGB,4,0,0,0.03765721619129181
XGB,4,0,0,0.20112186670303345
XGB,4,0,1,0.5744144916534424
XGB,4,0,1,0.5236082673072815
XGB,4,0,0,0.008347970433533192
XGB,4,0,0,0.057646460831165314
XGB,4,0,0,0.004515565931797028
XGB,4,0,0,0.1323695033788681
XGB,4,0,0,0.1705000251531601
XGB,4,0,0,0.012471785768866539
XGB,4,1,0,0.011484523303806782
XGB,4,0,1,0.9867202639579773
XGB,4,0,0,0.06877300888299942
XGB,4,0,1,0.8858820199966431
XGB,4,0,0,0.37263959646224976
XGB,4,0,0,0.006589559372514486
XGB,4,1,0,0.1687319129705429
XGB,4,0,0,0.011774418875575066
XGB,4,1,1,0.8588287234306335
XGB,4,0,0,0.12630338966846466
XGB,4,1,0,0.04506750404834747
XGB,4,0,0,0.02607346698641777
XGB,4,1,0,0.07904326915740967
XGB,4,1,0,0.27621063590049744
XGB,4,1,0,0.2663748264312744
XGB,4,0,0,0.016365760937333107
XGB,4,0,0,0.11190582066774368
XGB,4,0,0,0.026109833270311356
XGB,4,0,0,0.10034330189228058
XGB,4,0,0,0.013680190779268742
XGB,4,1,0,0.009759011678397655
XGB,4,1,1,0.8728947639465332
XGB,4,0,0,0.011169137433171272
XGB,4,0,0,0.16675420105457306
XGB,4,0,0,0.15018270909786224
XGB,4,0,1,0.9215493202209473
XGB,4,0,0,0.2251916229724884
XGB,4,0,0,0.41640761494636536
XGB,4,0,1,0.6624767780303955
XGB,4,0,0,0.04296917840838432
XGB,4,0,1,0.7527573704719543
XGB,4,0,0,0.4034433662891388
XGB,4,0,0,0.001671915058977902
XGB,4,1,1,0.6496561765670776
XGB,4,0,0,0.21364690363407135
XGB,4,0,0,0.001255534589290619
XGB,4,1,0,0.4029155373573303
XGB,4,0,0,0.003048856742680073
XGB,4,0,0,0.1461763083934784
XGB,4,1,0,0.3907804787158966
XGB,4,1,0,0.4926341474056244
XGB,4,1,1,0.9304889440536499
XGB,4,0,1,0.8963842988014221
XGB,4,0,0,0.17581090331077576
XGB,4,0,0,0.4521830081939697
XGB,4,0,0,0.09052935242652893
XGB,4,0,0,0.006865426432341337
XGB,4,0,0,0.037703633308410645
XGB,4,1,0,0.4586680829524994
XGB,4,0,0,0.160522922873497
XGB,4,0,1,0.5820727348327637
XGB,4,0,0,0.09407562762498856
XGB,4,0,0,0.12947236001491547
XGB,4,0,0,0.07589683681726456
XGB,4,0,0,0.42831721901893616
XGB,4,0,0,0.49053284525871277
XGB,4,0,0,0.06622607260942459
XGB,4,0,0,0.0018418096005916595
XGB,4,0,0,0.14877118170261383
XGB,4,0,0,0.3720097541809082
XGB,4,0,0,0.1482030153274536
XGB,4,1,0,0.02042156644165516
XGB,4,0,0,0.027670957148075104
XGB,4,1,1,0.7448856830596924
XGB,4,1,0,0.09368112683296204
XGB,4,0,0,0.067754827439785
XGB,4,0,0,0.13240888714790344
XGB,4,1,0,0.2182157039642334
XGB,4,0,0,0.17915482819080353
XGB,4,1,1,0.9552218317985535
XGB,4,1,0,0.24601437151432037
XGB,4,1,0,0.04692557826638222
XGB,4,0,0,0.10153146833181381
XGB,4,0,0,0.023803988471627235
XGB,4,0,1,0.9148285388946533
XGB,4,1,0,0.15378552675247192
XGB,4,0,0,0.14743168652057648
XGB,4,0,0,0.10341092199087143
XGB,4,1,1,0.9130208492279053
XGB,4,1,0,0.04053826257586479
XGB,4,0,0,0.00979078933596611
XGB,4,0,0,0.045761995017528534
XGB,4,0,1,0.7249777317047119
XGB,4,0,0,0.0425555519759655
XGB,4,0,0,0.023072652518749237
XGB,4,0,0,0.1637537181377411
XGB,4,0,0,0.028171133249998093
XGB,4,0,1,0.6499737501144409
XGB,4,0,0,0.04087095335125923
XGB,4,1,0,0.2077535092830658
XGB,4,1,0,0.17137491703033447
XGB,4,1,1,0.55913245677948
XGB,4,1,0,0.44860997796058655
XGB,4,0,1,0.9375054836273193
XGB,4,0,0,0.1084340289235115
XGB,4,0,0,0.1272440254688263
XGB,4,0,0,0.037974197417497635
XGB,4,1,1,0.6486596465110779
XGB,4,1,0,0.036148134618997574
XGB,4,0,0,0.02656053937971592
XGB,4,0,0,0.09655845910310745
XGB,4,0,0,0.012077128514647484
XGB,4,1,1,0.8305173516273499
XGB,4,0,0,0.06822432577610016
XGB,4,0,1,0.9434741735458374
XGB,4,0,1,0.5205627679824829
XGB,4,0,0,0.026989540085196495
XGB,4,0,0,0.2877033054828644
XGB,4,0,0,0.03001493215560913
XGB,4,0,0,0.1485075056552887
XGB,4,0,0,0.24652518332004547
XGB,4,0,0,0.015259171836078167
XGB,4,0,0,0.062306128442287445
XGB,4,0,0,0.1552630066871643
XGB,4,0,0,0.27650582790374756
XGB,4,1,0,0.09549442678689957
XGB,4,0,0,0.09761543571949005
XGB,4,0,0,0.06298039853572845
XGB,4,0,0,0.1386519968509674
XGB,4,0,0,0.0484817698597908
XGB,4,0,0,0.032025907188653946
XGB,4,0,1,0.781429648399353
XGB,4,0,0,0.01473072450608015
XGB,4,0,0,0.012981776148080826
XGB,4,0,0,0.1319911628961563
XGB,4,1,1,0.6897535920143127
XGB,4,0,0,0.3394421339035034
XGB,4,0,0,0.07246001809835434
XGB,4,0,0,0.2885114550590515
XGB,4,1,0,0.09058170765638351
XGB,4,0,0,0.05952119082212448
XGB,4,0,0,0.002354720141738653
XGB,4,0,0,0.035501446574926376
XGB,4,0,0,0.09475335478782654
XGB,4,0,0,0.013196591287851334
XGB,4,1,1,0.680120587348938
XGB,4,0,0,0.1743411272764206
XGB,4,0,0,0.024091657251119614
XGB,4,1,1,0.9211100339889526
XGB,4,0,0,0.03536977246403694
XGB,4,0,0,0.002203184412792325
XGB,4,0,0,0.36586570739746094
XGB,4,1,1,0.8835179209709167
XGB,4,0,0,0.05489172041416168
XGB,4,1,0,0.021398847922682762
XGB,4,0,0,0.006163939367979765
XGB,4,1,0,0.10560489445924759
XGB,4,0,0,0.003948301076889038
XGB,4,0,0,0.0370238721370697
XGB,4,1,0,0.21489295363426208
XGB,4,0,0,0.01870647817850113
XGB,4,0,0,0.006038832478225231
XGB,4,1,0,0.025502100586891174
XGB,4,0,0,0.0775526836514473
XGB,4,1,1,0.5163430571556091
XGB,4,1,0,0.30836549401283264
XGB,4,0,0,0.171696275472641
XGB,4,0,0,0.302950918674469
XGB,4,0,1,0.8140585422515869
XGB,4,0,0,0.03165668249130249
XGB,4,1,0,0.024707792326807976
XGB,4,0,0,0.004763174802064896
XGB,4,0,1,0.8867997527122498
XGB,4,1,0,0.015425998717546463
XGB,4,0,1,0.92086261510849
XGB,4,0,0,0.1356043964624405
XGB,4,1,1,0.9820036292076111
XGB,4,0,0,0.1301051676273346
XGB,4,1,0,0.47723978757858276
XGB,4,1,0,0.0026278032455593348
XGB,4,0,1,0.6256842017173767
XGB,4,0,0,0.06353011727333069
XGB,4,0,0,0.09155815094709396
XGB,4,0,0,0.02091391570866108
XGB,4,0,0,0.4283158481121063
XGB,4,0,0,0.29765117168426514
XGB,4,1,0,0.002727545564994216
XGB,4,1,1,0.9785914421081543
XGB,4,1,0,0.05005654692649841
XGB,4,0,0,0.49527305364608765
XGB,4,0,0,0.02637057937681675
XGB,4,0,0,0.188722163438797
XGB,4,1,0,0.07651367783546448
XGB,4,1,1,0.6270543932914734
XGB,4,0,1,0.9629648327827454
XGB,4,0,1,0.8246291875839233
XGB,4,0,1,0.8302128314971924
XGB,4,0,0,0.025273483246564865
XGB,4,0,1,0.9195106029510498
XGB,4,0,0,0.018732260912656784
XGB,4,0,0,0.041100163012742996
XGB,4,0,0,0.01148616336286068
XGB,4,0,0,0.08970919251441956
XGB,4,0,0,0.07089421153068542
XGB,4,0,1,0.9093099236488342
XGB,4,1,0,0.181199848651886
XGB,4,0,0,0.13019788265228271
XGB,4,0,0,0.03316362574696541
XGB,4,0,0,0.2892414927482605
XGB,4,1,0,0.04686425253748894
XGB,4,0,0,0.3462618589401245
XGB,4,1,0,0.4840772747993469
XGB,4,0,0,0.3820553719997406
XGB,4,0,0,0.000977597665041685
XGB,4,0,0,0.030454415827989578
XGB,4,0,0,0.00850093923509121
XGB,4,0,0,0.06703053414821625
XGB,4,0,0,0.03164059296250343
XGB,4,1,0,0.01804707758128643
XGB,4,0,0,0.4771833121776581
XGB,4,0,0,0.012995786964893341
XGB,4,0,0,0.13124023377895355
XGB,4,0,0,0.005136793479323387
XGB,4,1,0,0.21326206624507904
XGB,4,0,0,0.08943046629428864
XGB,4,0,0,0.007690958213061094
XGB,4,0,0,0.011184673756361008
XGB,4,0,0,0.038615357130765915
XGB,4,0,0,0.07960280030965805
XGB,4,0,0,0.1081433966755867
XGB,4,1,1,0.8929280638694763
XGB,4,0,0,0.0673314779996872
XGB,4,0,0,0.10801822692155838
XGB,4,0,0,0.08354932814836502
XGB,4,0,0,0.07170768082141876
XGB,4,0,1,0.7596216201782227
XGB,4,0,0,0.14819571375846863
XGB,4,0,0,0.0035884296521544456
XGB,4,0,1,0.6818125247955322
XGB,4,0,0,0.0022295296657830477
XGB,4,0,1,0.9858157634735107
XGB,4,0,0,0.03487387299537659
XGB,4,0,0,0.02133747935295105
XGB,4,0,0,0.0014101308770477772
XGB,4,0,1,0.50149005651474
XGB,4,1,0,0.13360869884490967
XGB,4,1,1,0.9103870987892151
XGB,4,1,0,0.04165082797408104
XGB,4,1,0,0.20184235274791718
XGB,4,0,0,0.029439127072691917
XGB,4,0,0,0.3500320017337799
XGB,4,0,0,0.4042895436286926
XGB,4,0,0,0.06824798882007599
XGB,4,1,1,0.9930900931358337
XGB,4,0,0,0.02547244355082512
XGB,4,0,0,0.061506882309913635
XGB,4,0,0,0.0014969304902479053
XGB,4,0,0,0.016874322667717934
XGB,4,1,0,0.0173124298453331
XGB,4,1,0,0.43222498893737793
XGB,4,0,0,0.1591225415468216
XGB,4,0,0,0.306947261095047
XGB,4,0,0,0.0023650762159377337
XGB,4,0,0,0.04361799359321594
XGB,4,0,1,0.9666690230369568
XGB,4,1,1,0.9532419443130493
XGB,4,1,1,0.9201653003692627
XGB,4,0,0,0.16788510978221893
XGB,4,0,0,0.32302922010421753
XGB,4,0,1,0.9945465326309204
XGB,4,0,1,0.9755281805992126
XGB,4,0,1,0.5731554627418518
XGB,4,0,0,0.22792266309261322
XGB,4,0,0,0.0067645590752363205
XGB,4,0,0,0.15806861221790314
XGB,4,1,0,0.1489650458097458
XGB,4,0,0,0.44462481141090393
XGB,4,1,0,0.17540015280246735
XGB,4,0,0,0.054730020463466644
XGB,4,0,0,0.15405143797397614
XGB,4,0,0,0.011018957942724228
XGB,4,1,1,0.9376679062843323
XGB,4,0,0,0.2695426642894745
XGB,4,0,0,0.21266967058181763
XGB,4,0,0,0.20639988780021667
XGB,4,0,0,0.22993852198123932
XGB,4,0,0,0.2069099098443985
XGB,4,1,0,0.1566554754972458
XGB,4,0,0,0.012648830190300941
XGB,4,0,0,0.01607787236571312
XGB,4,0,0,0.04932281747460365
XGB,4,0,0,0.42154672741889954
XGB,4,0,0,0.1552944928407669
XGB,4,0,0,0.01917666755616665
XGB,4,0,0,0.4587136209011078
XGB,4,0,0,0.07346977293491364
XGB,4,1,0,0.015815814957022667
XGB,4,0,0,0.13792768120765686
XGB,4,0,0,0.28504547476768494
XGB,4,1,0,0.24597865343093872
XGB,4,0,0,0.012784956023097038
XGB,4,0,0,0.10910670459270477
XGB,4,0,0,0.0995107963681221
XGB,4,1,1,0.9904825687408447
XGB,4,0,0,0.48624831438064575
XGB,4,1,0,0.4502987265586853
XGB,4,0,0,0.0038931965827941895
XGB,4,0,0,0.35704416036605835
XGB,4,0,0,0.20274019241333008
XGB,4,0,0,0.002316841622814536
XGB,4,0,0,0.27336716651916504
XGB,4,0,0,0.044542811810970306
XGB,4,0,0,0.05237458273768425
XGB,4,0,0,0.044647399336099625
XGB,4,0,0,0.07026270031929016
XGB,4,0,0,0.21237227320671082
XGB,4,0,0,0.07845988869667053
XGB,4,0,1,0.542686402797699
XGB,4,0,0,0.14713846147060394
XGB,4,0,1,0.6802012920379639
XGB,4,0,0,0.0353802926838398
XGB,4,0,0,0.40424734354019165
XGB,4,1,0,0.02241908572614193
XGB,4,0,0,0.012218119576573372
XGB,4,0,0,0.08622410893440247
XGB,4,0,0,0.05526013672351837
XGB,4,0,0,0.0011201067827641964
XGB,4,1,0,0.0936863049864769
XGB,4,0,0,0.007104597054421902
XGB,4,0,0,0.17424792051315308
XGB,4,0,0,0.20186950266361237
XGB,4,1,0,0.052512090653181076
XGB,4,1,0,0.44692716002464294
XGB,4,0,0,0.03356432542204857
XGB,4,1,0,0.10596978664398193
XGB,4,0,1,0.6446916460990906
XGB,4,0,0,0.009130731225013733
XGB,4,0,0,0.1435931771993637
XGB,4,0,0,0.00270659732632339
XGB,4,0,0,0.1806391477584839
XGB,4,0,0,0.024945223703980446
XGB,4,0,0,0.08406273275613785
XGB,4,0,0,0.2752251625061035
XGB,4,0,0,0.026926476508378983
XGB,4,0,0,0.005709885153919458
XGB,4,1,0,0.10281699895858765
XGB,4,0,0,0.06964024901390076
XGB,4,0,0,0.07969219237565994
XGB,4,0,0,0.03134310618042946
XGB,4,1,0,0.11166329681873322
XGB,4,0,0,0.007178907282650471
XGB,4,1,0,0.37862786650657654
XGB,4,0,0,0.006520661059767008
XGB,4,0,0,0.16386133432388306
XGB,4,0,0,0.4687926173210144
XGB,4,0,0,0.002930414630100131
XGB,4,1,1,0.7688202261924744
XGB,4,1,0,0.30136269330978394
XGB,4,0,0,0.03211473301053047
XGB,4,0,0,0.05475126579403877
XGB,4,0,0,0.05471576750278473
XGB,4,0,1,0.8928778767585754
XGB,4,0,0,0.03465361148118973
XGB,4,0,0,0.02227257937192917
XGB,4,1,0,0.145059272646904
XGB,4,0,0,0.06277740001678467
XGB,4,0,0,0.04049702733755112
XGB,4,0,1,0.6499028205871582
XGB,4,0,0,0.37673109769821167
XGB,4,0,0,0.005805985536426306
XGB,4,0,0,0.008666652254760265
XGB,4,1,1,0.9258176684379578
XGB,4,0,0,0.09820638597011566
XGB,4,0,0,0.011451748199760914
XGB,4,0,0,0.029337545856833458
XGB,4,0,0,0.01988753117620945
XGB,4,0,0,0.15420001745224
XGB,4,0,0,0.056295279413461685
XGB,4,0,1,0.7615137696266174
XGB,4,0,0,0.016011415049433708
XGB,4,0,0,0.003948618192225695
XGB,4,0,0,0.49551212787628174
XGB,4,0,0,0.27293065190315247
XGB,4,0,0,0.14708787202835083
XGB,4,1,1,0.5859094262123108
XGB,4,1,1,0.9516808390617371
XGB,4,0,0,0.003580644493922591
XGB,4,0,0,0.03139422461390495
XGB,4,0,0,0.02115722745656967
XGB,4,0,0,0.13868027925491333
XGB,4,0,0,0.012095586396753788
XGB,4,1,0,0.019675182178616524
XGB,4,0,0,0.05811954662203789
XGB,4,0,1,0.5894355773925781
XGB,4,1,1,0.6860095262527466
XGB,4,0,0,0.08295601606369019
XGB,4,1,0,0.018915554508566856
XGB,4,1,0,0.03938443586230278
XGB,4,1,0,0.3128179907798767
XGB,4,0,0,0.1266339123249054
XGB,4,0,0,0.09316559880971909
XGB,4,0,0,0.1742069125175476
XGB,4,0,0,0.022129874676465988
XGB,4,0,0,0.004506001248955727
XGB,4,0,0,0.0227561816573143
XGB,4,0,0,0.05322878062725067
XGB,4,1,0,0.07615046948194504
XGB,4,0,0,0.16328439116477966
XGB,4,0,0,0.16895991563796997
XGB,4,0,0,0.029963532462716103
XGB,4,0,0,0.0379684753715992
XGB,4,0,0,0.043101802468299866
XGB,4,0,1,0.9444043040275574
XGB,4,0,0,0.12267989665269852
XGB,4,1,0,0.03421608358621597
XGB,4,0,0,0.12299229949712753
XGB,4,1,0,0.10810231417417526
XGB,4,0,0,0.018692361190915108
XGB,4,1,0,0.049735359847545624
XGB,4,1,0,0.46065130829811096
XGB,4,0,0,0.05167854577302933
XGB,4,1,0,0.008702161721885204
XGB,4,0,0,0.01839124597609043
XGB,4,0,0,0.01982518471777439
XGB,4,0,0,0.022087344899773598
XGB,4,1,0,0.054046403616666794
XGB,4,0,0,0.06068083643913269
XGB,4,0,1,0.8833048939704895
XGB,4,0,0,0.03815935179591179
XGB,4,0,0,0.165400892496109
XGB,4,1,1,0.7164866924285889
XGB,4,0,0,0.3221832513809204
XGB,4,0,0,0.15238747000694275
XGB,4,0,0,0.09993394464254379
XGB,4,0,0,0.04657083749771118
XGB,4,0,0,0.016005992889404297
XGB,4,0,1,0.8881111145019531
XGB,4,0,0,0.07830099761486053
XGB,4,0,0,0.049969740211963654
XGB,4,0,0,0.08155428618192673
XGB,4,0,0,0.015513766556978226
XGB,4,1,0,0.04234066605567932
XGB,4,0,0,0.015965105965733528
XGB,4,0,0,0.02282717265188694
XGB,4,0,0,0.17702104151248932
XGB,4,0,0,0.03295014798641205
XGB,4,0,0,0.14322727918624878
XGB,4,1,0,0.08307942003011703
XGB,4,1,0,0.4589429199695587
XGB,4,0,0,0.02727406471967697
XGB,4,1,1,0.8384573459625244
XGB,4,0,0,0.023136237636208534
XGB,4,0,0,0.31958839297294617
XGB,4,0,1,0.8529810309410095
XGB,4,0,0,0.20670320093631744
XGB,4,0,0,0.05446657910943031
XGB,4,0,1,0.5423543453216553
XGB,4,0,0,0.03214124217629433
XGB,4,0,0,0.23452666401863098
XGB,4,0,0,0.04740583524107933
XGB,4,0,1,0.7176609039306641
XGB,4,0,0,0.04302594065666199
XGB,4,0,0,0.002184150042012334
XGB,4,1,1,0.6561147570610046
XGB,4,1,1,0.606968104839325
XGB,4,0,0,0.09925521165132523
XGB,4,0,0,0.02286696434020996
XGB,4,1,0,0.2547605037689209
XGB,4,0,0,0.07710421085357666
XGB,4,0,0,0.2530149817466736
XGB,4,0,0,0.037783779203891754
XGB,4,0,0,0.2897278070449829
XGB,4,1,0,0.004912083502858877
XGB,4,0,1,0.9078406095504761
XGB,4,0,0,0.3590172827243805
XGB,4,0,0,0.11835908144712448
XGB,4,0,0,0.10766267776489258
XGB,4,0,1,0.7106630802154541
XGB,4,0,1,0.5649917125701904
XGB,4,0,0,0.007511380594223738
XGB,4,1,0,0.2166248857975006
XGB,4,0,1,0.6732058525085449
XGB,4,0,1,0.9893220663070679
XGB,4,1,0,0.009098049253225327
XGB,4,0,0,0.03155309706926346
XGB,4,1,0,0.2684260904788971
XGB,4,0,0,0.0217805877327919
XGB,4,0,0,0.032015420496463776
XGB,4,0,0,0.3308890163898468
XGB,4,0,0,0.11430921405553818
XGB,4,0,0,0.2249678671360016
XGB,4,0,0,0.33773109316825867
XGB,4,0,0,0.024623576551675797
XGB,4,1,1,0.6224938035011292
XGB,4,0,0,0.07683563232421875
XGB,4,0,0,0.18722431361675262
XGB,4,0,0,0.3764689564704895
XGB,4,0,0,0.029169589281082153
XGB,4,0,0,0.14220832288265228
XGB,4,0,0,0.059912726283073425
XGB,4,1,0,0.1590857356786728
XGB,4,0,1,0.9507240653038025
XGB,4,1,1,0.9834402799606323
XGB,4,0,0,0.03338450938463211
XGB,4,0,1,0.6431247591972351
XGB,4,0,0,0.05443010851740837
XGB,4,0,0,0.07223186641931534
XGB,4,0,0,0.015029889531433582
XGB,4,0,1,0.9451340436935425
XGB,4,0,0,0.039034828543663025
XGB,4,0,0,0.046459879726171494
XGB,4,0,0,0.052037741988897324
XGB,4,1,1,0.8458650708198547
XGB,4,0,0,0.3024017810821533
XGB,4,0,0,0.028966804966330528
XGB,4,0,0,0.15133090317249298
XGB,4,1,0,0.3271794319152832
XGB,4,0,0,0.009260844439268112
XGB,4,0,0,0.2761262059211731
XGB,4,1,0,0.020154789090156555
XGB,4,0,0,0.14220954477787018
XGB,4,0,0,0.027279557660222054
XGB,4,0,0,0.059762775897979736
XGB,4,0,0,0.4530736207962036
XGB,4,0,0,0.056090373545885086
XGB,4,0,0,0.020782755687832832
XGB,4,0,0,0.042094677686691284
XGB,4,0,0,0.025077736005187035
XGB,4,1,0,0.3024017810821533
XGB,4,1,0,0.2799568176269531
XGB,4,0,0,0.02042660117149353
XGB,4,0,0,0.346750408411026
XGB,4,1,0,0.16691604256629944
XGB,4,0,0,0.03111127018928528
XGB,4,0,0,0.020780961960554123
XGB,4,0,0,0.3989720642566681
XGB,4,1,0,0.35733142495155334
XGB,4,0,0,0.02170247584581375
XGB,4,0,0,0.062176067382097244
XGB,4,0,0,0.19482694566249847
XGB,4,0,0,0.047932595014572144
XGB,4,0,1,0.6773971915245056
XGB,4,1,0,0.23596113920211792
XGB,4,0,0,0.15991397202014923
XGB,4,0,0,0.0783848688006401
XGB,4,0,0,0.17311953008174896
XGB,4,0,0,0.1468757539987564
XGB,4,0,0,0.13010157644748688
XGB,4,0,0,0.14565248787403107
XGB,4,1,0,0.0344642736017704
XGB,4,0,0,0.010039858520030975
XGB,4,1,0,0.13643372058868408
XGB,4,0,0,0.4038919508457184
XGB,4,0,0,0.05659282207489014
XGB,4,0,0,0.3484386205673218
XGB,4,1,0,0.1880875676870346
XGB,4,0,0,0.040099527686834335
XGB,4,0,0,0.20064197480678558
XGB,4,1,0,0.0693027451634407
XGB,4,1,0,0.3174419105052948
XGB,4,0,1,0.7019975185394287
XGB,4,0,0,0.0015276604099199176
XGB,4,0,0,0.24836772680282593
XGB,4,0,0,0.021414685994386673
XGB,4,0,0,0.08326797187328339
XGB,4,0,0,0.0286728348582983
XGB,4,0,0,0.024437010288238525
XGB,4,0,0,0.13226103782653809
XGB,4,0,0,0.04568517208099365
XGB,4,0,0,0.007146279327571392
XGB,4,0,0,0.037064142525196075
XGB,4,0,0,0.05372059345245361
XGB,4,0,1,0.9896032214164734
XGB,4,0,0,0.024044498801231384
XGB,4,0,0,0.22919802367687225
XGB,4,0,0,0.12191992998123169
XGB,4,0,0,0.006250804290175438
XGB,4,0,0,0.01816360093653202
XGB,4,1,0,0.03201395645737648
XGB,4,1,0,0.01166339498013258
XGB,4,0,0,0.1402566283941269
XGB,4,0,0,0.005149402189999819
XGB,4,0,0,0.21092543005943298
XGB,4,0,0,0.160688117146492
XGB,4,0,0,0.11132367700338364
XGB,4,0,1,0.8510463237762451
XGB,4,0,0,0.085735984146595
XGB,4,0,1,0.6557198166847229
XGB,4,0,0,0.08844413608312607
XGB,4,0,0,0.06355853378772736
XGB,4,1,0,0.16903966665267944
XGB,4,0,0,0.39191198348999023
XGB,4,1,1,0.8480382561683655
XGB,4,0,0,0.00129925727378577
XGB,4,0,0,0.012791837565600872
XGB,4,1,0,0.019983550533652306
XGB,4,0,0,0.010999581776559353
XGB,4,0,0,0.2993292212486267
XGB,4,1,1,0.9933279752731323
XGB,4,0,0,0.05009618028998375
XGB,4,0,0,0.1834927201271057
XGB,4,1,1,0.9665783643722534
XGB,4,0,0,0.06958851963281631
XGB,4,0,0,0.012292343191802502
XGB,5,1,1,0.5994827151298523
XGB,5,0,0,0.11253827065229416
XGB,5,0,0,0.1582806408405304
XGB,5,1,0,0.005907444283366203
XGB,5,1,0,0.20309336483478546
XGB,5,0,0,0.16708406805992126
XGB,5,0,0,0.27096161246299744
XGB,5,1,0,0.007567383348941803
XGB,5,0,0,0.02303324081003666
XGB,5,0,0,0.047224219888448715
XGB,5,0,1,0.5791246891021729
XGB,5,0,0,0.09879260510206223
XGB,5,0,0,0.298993319272995
XGB,5,0,0,0.14140690863132477
XGB,5,0,0,0.01842665486037731
XGB,5,0,0,0.027412068098783493
XGB,5,1,0,0.1314782053232193
XGB,5,0,0,0.13829006254673004
XGB,5,0,0,0.3037152588367462
XGB,5,0,0,0.015092688612639904
XGB,5,1,0,0.2895928621292114
XGB,5,0,0,0.0881066843867302
XGB,5,0,1,0.9485774636268616
XGB,5,0,0,0.2911220192909241
XGB,5,0,0,0.15438850224018097
XGB,5,0,0,0.046280890703201294
XGB,5,0,0,0.28888416290283203
XGB,5,0,0,0.03441165015101433
XGB,5,0,0,0.08791718631982803
XGB,5,1,0,0.12270998954772949
XGB,5,1,0,0.1595529019832611
XGB,5,0,0,0.04885316640138626
XGB,5,0,0,0.018400466069579124
XGB,5,1,0,0.44018539786338806
XGB,5,0,0,0.2586599886417389
XGB,5,0,0,0.0006584498332813382
XGB,5,1,0,0.10631370544433594
XGB,5,0,0,0.0329696387052536
XGB,5,1,0,0.3940260708332062
XGB,5,0,0,0.0037554351147264242
XGB,5,1,0,0.3418579697608948
XGB,5,1,1,0.9084322452545166
XGB,5,1,0,0.4876255691051483
XGB,5,0,1,0.7053332924842834
XGB,5,0,0,0.07120681554079056
XGB,5,0,0,0.06670190393924713
XGB,5,0,0,0.043668292462825775
XGB,5,0,0,0.06335556507110596
XGB,5,1,1,0.995707631111145
XGB,5,0,0,0.006641616113483906
XGB,5,0,0,0.029130486771464348
XGB,5,0,0,0.2165144979953766
XGB,5,1,0,0.20692728459835052
XGB,5,1,0,0.47443699836730957
XGB,5,0,0,0.04579230397939682
XGB,5,0,0,0.2144150286912918
XGB,5,0,0,0.005884266924113035
XGB,5,0,0,0.11692482978105545
XGB,5,0,0,0.006011531688272953
XGB,5,0,0,0.47955596446990967
XGB,5,0,0,0.000617904297541827
XGB,5,0,0,0.06355679035186768
XGB,5,0,0,0.0048020873218774796
XGB,5,0,0,0.01166505552828312
XGB,5,0,0,0.09381657093763351
XGB,5,0,0,0.006933954544365406
XGB,5,0,0,0.14400982856750488
XGB,5,0,0,0.021591974422335625
XGB,5,0,0,0.04915732517838478
XGB,5,0,0,0.03101555071771145
XGB,5,0,0,0.005236543249338865
XGB,5,0,0,0.22047406435012817
XGB,5,0,0,0.03461354970932007
XGB,5,0,0,0.2692410945892334
XGB,5,0,0,0.07576096057891846
XGB,5,0,0,0.012424036860466003
XGB,5,0,0,0.2195264995098114
XGB,5,1,1,0.9222092628479004
XGB,5,0,0,0.01785537600517273
XGB,5,0,0,0.11426347494125366
XGB,5,0,0,0.013002278283238411
XGB,5,1,1,0.6348037719726562
XGB,5,0,0,0.0553121455013752
XGB,5,0,0,0.043546903878450394
XGB,5,0,0,0.006740100681781769
XGB,5,0,0,0.03912009671330452
XGB,5,1,1,0.9712411761283875
XGB,5,1,1,0.7103520631790161
XGB,5,0,0,0.35064536333084106
XGB,5,1,0,0.1953015774488449
XGB,5,0,0,0.03700392320752144
XGB,5,0,0,0.23434092104434967
XGB,5,0,0,0.00748033681884408
XGB,5,0,0,0.02655487135052681
XGB,5,0,0,0.1639702469110489
XGB,5,1,0,0.34850528836250305
XGB,5,0,0,0.057107459753751755
XGB,5,0,0,0.007415200117975473
XGB,5,0,0,0.011500568129122257
XGB,5,1,0,0.3223501741886139
XGB,5,0,0,0.1484396904706955
XGB,5,0,0,0.10071449726819992
XGB,5,0,0,0.2772267162799835
XGB,5,1,0,0.007353660650551319
XGB,5,0,0,0.18041779100894928
XGB,5,1,0,0.3485650420188904
XGB,5,1,0,0.021322110667824745
XGB,5,0,0,0.05568443611264229
XGB,5,0,0,0.08088010549545288
XGB,5,0,0,0.21830500662326813
XGB,5,0,0,0.2279433012008667
XGB,5,1,0,0.22570961713790894
XGB,5,0,0,0.39617252349853516
XGB,5,0,0,0.2081119865179062
XGB,5,0,0,0.0006900069420225918
XGB,5,0,0,0.05551154911518097
XGB,5,1,0,0.029118061065673828
XGB,5,0,0,0.4887906312942505
XGB,5,0,0,0.11644287407398224
XGB,5,0,0,0.08963560312986374
XGB,5,0,0,0.0185004360973835
XGB,5,0,0,0.011135021224617958
XGB,5,0,0,0.004251283593475819
XGB,5,0,0,0.04849669709801674
XGB,5,0,0,0.2998100221157074
XGB,5,0,0,0.00412251939997077
XGB,5,0,0,0.02804654836654663
XGB,5,1,0,0.008620142936706543
XGB,5,0,0,0.01606408879160881
XGB,5,1,0,0.348091185092926
XGB,5,0,0,0.00516899349167943
XGB,5,0,0,0.065898597240448
XGB,5,0,0,0.02369890734553337
XGB,5,0,1,0.7723206877708435
XGB,5,0,0,0.04464970901608467
XGB,5,0,0,0.05539325252175331
XGB,5,0,0,0.021701630204916
XGB,5,0,0,0.0454021655023098
XGB,5,0,0,0.0653403028845787
XGB,5,0,1,0.6850917935371399
XGB,5,0,0,0.03953327611088753
XGB,5,1,0,0.24086953699588776
XGB,5,0,1,0.737538754940033
XGB,5,0,0,0.040869250893592834
XGB,5,0,0,0.2159346342086792
XGB,5,1,0,0.05022037774324417
XGB,5,0,1,0.7651534676551819
XGB,5,0,0,0.12494024634361267
XGB,5,0,0,0.42872148752212524
XGB,5,0,0,0.02600223757326603
XGB,5,0,0,0.011050920002162457
XGB,5,0,0,0.4880082607269287
XGB,5,0,0,0.49993181228637695
XGB,5,0,0,0.11133886128664017
XGB,5,0,0,0.07062622904777527
XGB,5,0,0,0.08911270648241043
XGB,5,0,0,0.359466016292572
XGB,5,0,0,0.030804701149463654
XGB,5,1,1,0.9876266121864319
XGB,5,0,1,0.8151008486747742
XGB,5,0,0,0.3802444636821747
XGB,5,0,0,0.24812206625938416
XGB,5,0,0,0.057426679879426956
XGB,5,0,0,0.10173247754573822
XGB,5,0,1,0.9543642401695251
XGB,5,0,0,0.05933887138962746
XGB,5,0,0,0.019368985667824745
XGB,5,0,0,0.010973644442856312
XGB,5,0,0,0.019078101962804794
XGB,5,0,0,0.007568235509097576
XGB,5,1,0,0.2849632799625397
XGB,5,0,0,0.024585405364632607
XGB,5,0,0,0.0021921927109360695
XGB,5,1,0,0.028739895671606064
XGB,5,0,1,0.8607560396194458
XGB,5,1,1,0.9861990213394165
XGB,5,0,0,0.055993735790252686
XGB,5,1,1,0.8819192051887512
XGB,5,0,0,0.01684841327369213
XGB,5,0,0,0.011210105381906033
XGB,5,0,0,0.10107947885990143
XGB,5,0,0,0.010152306407690048
XGB,5,0,0,0.07438703626394272
XGB,5,0,0,0.13592129945755005
XGB,5,0,0,0.4260956346988678
XGB,5,1,0,0.038871150463819504
XGB,5,1,0,0.1783609688282013
XGB,5,0,0,0.25002917647361755
XGB,5,0,0,0.11397899687290192
XGB,5,1,0,0.26673659682273865
XGB,5,0,0,0.4243661165237427
XGB,5,0,0,0.07061901688575745
XGB,5,0,0,0.11472968757152557
XGB,5,0,0,0.04151589795947075
XGB,5,0,0,0.01533384807407856
XGB,5,0,0,0.011318347416818142
XGB,5,0,0,0.43115320801734924
XGB,5,0,0,0.062039587646722794
XGB,5,0,1,0.8421527743339539
XGB,5,0,0,0.01155243068933487
XGB,5,0,0,0.3521764576435089
XGB,5,0,0,0.12321367859840393
XGB,5,0,1,0.9200884103775024
XGB,5,0,0,0.07016707211732864
XGB,5,0,0,0.0010573252802714705
XGB,5,0,0,0.034664589911699295
XGB,5,0,0,0.0005741904024034739
XGB,5,0,0,0.034803975373506546
XGB,5,0,0,0.10699546337127686
XGB,5,1,0,0.21234969794750214
XGB,5,0,0,0.01951817236840725
XGB,5,0,0,0.040169570595026016
XGB,5,1,1,0.5315091609954834
XGB,5,0,0,0.3933379054069519
XGB,5,0,0,0.0172340776771307
XGB,5,0,0,0.1487787961959839
XGB,5,1,1,0.9994099140167236
XGB,5,1,0,0.43663445115089417
XGB,5,1,0,0.04784839600324631
XGB,5,0,0,0.2299850732088089
XGB,5,0,0,0.3288864493370056
XGB,5,0,0,0.09745685011148453
XGB,5,0,0,0.03334492817521095
XGB,5,1,0,0.0124460244551301
XGB,5,1,0,0.04350678622722626
XGB,5,1,1,0.8582616448402405
XGB,5,0,0,0.14189764857292175
XGB,5,0,0,0.0034097491297870874
XGB,5,1,0,0.007646221201866865
XGB,5,0,0,0.11145002394914627
XGB,5,0,0,0.05152061581611633
XGB,5,0,0,0.04836958646774292
XGB,5,0,0,0.11886236816644669
XGB,5,1,0,0.007152389269322157
XGB,5,0,0,0.19951984286308289
XGB,5,0,0,0.015339529141783714
XGB,5,1,0,0.3000950813293457
XGB,5,1,0,0.05470285937190056
XGB,5,0,0,0.060830093920230865
XGB,5,0,0,0.013062046840786934
XGB,5,0,0,0.011402584612369537
XGB,5,0,1,0.7449908256530762
XGB,5,1,0,0.0683206096291542
XGB,5,1,0,0.1893438696861267
XGB,5,0,0,0.2629626393318176
XGB,5,0,0,0.17026805877685547
XGB,5,0,0,0.1957922726869583
XGB,5,0,0,0.017286036163568497
XGB,5,0,0,0.0010397195583209395
XGB,5,1,1,0.5731403827667236
XGB,5,0,0,0.1254086047410965
XGB,5,1,1,0.6138952374458313
XGB,5,0,0,0.0012379969703033566
XGB,5,0,0,0.012624348513782024
XGB,5,0,0,0.0019122551893815398
XGB,5,0,0,0.02756846696138382
XGB,5,0,0,0.007447791751474142
XGB,5,0,0,0.006799959111958742
XGB,5,1,0,0.1359477937221527
XGB,5,0,0,0.020689362660050392
XGB,5,0,0,0.31202584505081177
XGB,5,0,0,0.18516308069229126
XGB,5,1,0,0.042914971709251404
XGB,5,0,0,0.072999969124794
XGB,5,0,0,0.21562612056732178
XGB,5,0,0,0.03032047115266323
XGB,5,0,0,0.25025641918182373
XGB,5,0,0,0.1084638237953186
XGB,5,0,0,0.25652381777763367
XGB,5,0,1,0.717478334903717
XGB,5,0,0,0.34285321831703186
XGB,5,0,0,0.022042253986001015
XGB,5,1,0,0.025588013231754303
XGB,5,0,0,0.0226554237306118
XGB,5,1,1,0.8550652861595154
XGB,5,0,0,0.005822719540446997
XGB,5,0,0,0.005569684784859419
XGB,5,1,0,0.09970380365848541
XGB,5,1,0,0.44069692492485046
XGB,5,0,0,0.11084577441215515
XGB,5,0,0,0.19279718399047852
XGB,5,0,0,0.07520770281553268
XGB,5,1,0,0.0278323944658041
XGB,5,0,0,0.004802160430699587
XGB,5,0,0,0.023374667391180992
XGB,5,0,0,0.14865054190158844
XGB,5,0,0,0.03682197630405426
XGB,5,0,0,0.1019543781876564
XGB,5,0,0,0.20583568513393402
XGB,5,0,0,0.0054847002029418945
XGB,5,0,0,0.03130154311656952
XGB,5,0,0,0.06864991039037704
XGB,5,0,0,0.04876650869846344
XGB,5,0,0,0.0523458831012249
XGB,5,0,0,0.018044276162981987
XGB,5,0,0,0.09919138997793198
XGB,5,0,0,0.03632170706987381
XGB,5,0,0,0.29869344830513
XGB,5,0,0,0.012221600860357285
XGB,5,0,0,0.1830148547887802
XGB,5,0,0,0.04386746138334274
XGB,5,1,1,0.7302722334861755
XGB,5,0,0,0.09901533275842667
XGB,5,0,0,0.08192198723554611
XGB,5,0,0,0.028289487585425377
XGB,5,0,0,0.3220973014831543
XGB,5,0,0,0.04759049043059349
XGB,5,1,0,0.16244041919708252
XGB,5,0,0,0.0013402674812823534
XGB,5,0,0,0.4495101869106293
XGB,5,0,0,0.2022506594657898
XGB,5,0,0,0.21364690363407135
XGB,5,0,0,0.057846661657094955
XGB,5,0,0,0.08434873819351196
XGB,5,0,0,0.025715302675962448
XGB,5,0,0,0.07198023051023483
XGB,5,0,0,0.11543694883584976
XGB,5,0,0,0.042024776339530945
XGB,5,0,0,0.1485547423362732
XGB,5,0,0,0.2368362694978714
XGB,5,0,0,0.08091399073600769
XGB,5,0,0,0.038017142564058304
XGB,5,0,0,0.02243766002357006
XGB,5,0,0,0.09067956358194351
XGB,5,0,1,0.5527270436286926
XGB,5,1,1,0.5832756757736206
XGB,5,1,0,0.2589821219444275
XGB,5,1,1,0.9992309808731079
XGB,5,1,1,0.5032472014427185
XGB,5,1,0,0.0005048599559813738
XGB,5,1,1,0.7371780276298523
XGB,5,1,1,0.705557644367218
XGB,5,1,1,0.7086526155471802
XGB,5,0,0,0.07468967884778976
XGB,5,0,0,0.06872096657752991
XGB,5,1,0,0.01169656403362751
XGB,5,1,0,0.027320146560668945
XGB,5,0,0,0.1566815823316574
XGB,5,0,0,0.039241280406713486
XGB,5,0,0,0.003984619863331318
XGB,5,0,1,0.5933321118354797
XGB,5,1,0,0.05440693348646164
XGB,5,1,0,0.16146425902843475
XGB,5,1,0,0.03818625211715698
XGB,5,0,0,0.10096243023872375
XGB,5,0,0,0.05400390550494194
XGB,5,0,0,0.21091251075267792
XGB,5,0,0,0.13488884270191193
XGB,5,0,0,0.014092762023210526
XGB,5,1,0,0.06747277081012726
XGB,5,0,1,0.5112990140914917
XGB,5,0,0,0.39426466822624207
XGB,5,0,0,0.30578503012657166
XGB,5,0,1,0.7081231474876404
XGB,5,0,0,0.013123012147843838
XGB,5,0,1,0.7365140914916992
XGB,5,1,1,0.7814845442771912
XGB,5,1,0,0.020894981920719147
XGB,5,0,0,0.057220708578825
XGB,5,0,0,0.007545530330389738
XGB,5,0,0,0.006048476789146662
XGB,5,0,0,0.006422005593776703
XGB,5,0,0,0.3023398518562317
XGB,5,0,1,0.5645124912261963
XGB,5,0,1,0.9499370455741882
XGB,5,0,0,0.01583722047507763
XGB,5,0,0,0.032595884054899216
XGB,5,0,1,0.9340634346008301
XGB,5,0,0,0.38723859190940857
XGB,5,0,0,0.1446201652288437
XGB,5,0,1,0.9553783535957336
XGB,5,0,0,0.006577842868864536
XGB,5,0,0,0.02165372669696808
XGB,5,0,0,0.050644516944885254
XGB,5,0,0,0.003281817538663745
XGB,5,0,0,0.37602701783180237
XGB,5,1,0,0.34481707215309143
XGB,5,0,0,0.12339566648006439
XGB,5,0,0,0.00405290350317955
XGB,5,0,0,0.022770065814256668
XGB,5,0,0,0.2999672591686249
XGB,5,0,1,0.8217251896858215
XGB,5,0,1,0.9040302634239197
XGB,5,0,0,0.048778507858514786
XGB,5,0,1,0.7656956911087036
XGB,5,0,0,0.02606208808720112
XGB,5,0,0,0.27523303031921387
XGB,5,1,0,0.05761243402957916
XGB,5,0,0,0.0015220425557345152
XGB,5,0,1,0.8411844968795776
XGB,5,0,0,0.027850890532135963
XGB,5,0,0,0.4619399607181549
XGB,5,1,1,0.792932391166687
XGB,5,0,0,0.0005915262154303491
XGB,5,0,0,0.00015794388309586793
XGB,5,1,0,0.0009380624396726489
XGB,5,1,1,0.6276574730873108
XGB,5,1,1,0.8728645443916321
XGB,5,0,0,0.09687063843011856
XGB,5,0,0,0.20233970880508423
XGB,5,0,0,0.3704034388065338
XGB,5,1,1,0.9506686329841614
XGB,5,1,0,0.017114795744419098
XGB,5,0,0,0.12313748151063919
XGB,5,1,0,0.05215146020054817
XGB,5,0,0,0.09939546883106232
XGB,5,0,0,0.1472148448228836
XGB,5,0,0,0.03803275525569916
XGB,5,0,0,0.013157133013010025
XGB,5,1,1,0.5421775579452515
XGB,5,0,0,0.12274095416069031
XGB,5,0,0,0.023870235309004784
XGB,5,0,1,0.6207624673843384
XGB,5,0,0,0.03656870126724243
XGB,5,0,0,0.012700214050710201
XGB,5,0,0,0.0018218073528259993
XGB,5,0,0,0.4029729962348938
XGB,5,0,0,0.000742226664442569
XGB,5,0,0,0.112526074051857
XGB,5,0,0,0.09867624938488007
XGB,5,1,0,0.15328295528888702
XGB,5,0,0,0.12912777066230774
XGB,5,1,0,0.011057326570153236
XGB,5,0,0,0.2518441379070282
XGB,5,0,0,0.3300374150276184
XGB,5,0,1,0.7230313420295715
XGB,5,0,0,0.039776843041181564
XGB,5,0,0,0.0070395758375525475
XGB,5,0,0,0.10721428692340851
XGB,5,0,0,0.05716222524642944
XGB,5,0,0,0.042315587401390076
XGB,5,1,0,0.1929406076669693
XGB,5,0,0,0.005491940770298243
XGB,5,0,0,0.003944142255932093
XGB,5,0,1,0.8053930401802063
XGB,5,0,0,0.4871303141117096
XGB,5,1,0,0.03837452456355095
XGB,5,0,0,0.04290517047047615
XGB,5,1,1,0.590313196182251
XGB,5,0,0,0.00314055266790092
XGB,5,0,0,0.06905753165483475
XGB,5,0,0,0.057780396193265915
XGB,5,0,0,0.05713243409991264
XGB,5,1,0,0.02711823396384716
XGB,5,0,0,0.09162817150354385
XGB,5,0,0,0.058365244418382645
XGB,5,0,0,0.06025472655892372
XGB,5,0,1,0.6359904408454895
XGB,5,0,0,0.08397674560546875
XGB,5,0,0,0.2975783944129944
XGB,5,0,1,0.7802144885063171
XGB,5,0,0,0.13687750697135925
XGB,5,0,0,0.005443303380161524
XGB,5,0,0,0.036538928747177124
XGB,5,0,0,0.1973818838596344
XGB,5,0,0,0.012812984175980091
XGB,5,0,0,0.14535878598690033
XGB,5,0,0,0.12706637382507324
XGB,5,0,0,0.013944749720394611
XGB,5,1,0,0.12640616297721863
XGB,5,1,1,0.9539637565612793
XGB,5,1,0,0.15835565328598022
XGB,5,0,0,0.4297621250152588
XGB,5,0,0,0.07279325276613235
XGB,5,0,0,0.00362947816029191
XGB,5,0,0,0.006212042178958654
XGB,5,0,0,0.4599979817867279
XGB,5,0,0,0.04866700991988182
XGB,5,1,0,0.052289530634880066
XGB,5,1,0,0.13248862326145172
XGB,5,1,0,0.36489906907081604
XGB,5,1,0,0.14377374947071075
XGB,5,0,1,0.6129663586616516
XGB,5,0,0,0.44284605979919434
XGB,5,0,0,0.23691315948963165
XGB,5,0,0,0.011821127496659756
XGB,5,0,0,0.11907783895730972
XGB,5,0,0,0.012476732023060322
XGB,5,0,0,0.11466575413942337
XGB,5,0,0,0.1030806228518486
XGB,5,0,0,0.04534933716058731
XGB,5,0,0,0.0045361896045506
XGB,5,1,0,0.1534772366285324
XGB,5,0,0,0.16450348496437073
XGB,5,0,0,0.44160711765289307
XGB,5,0,1,0.7715645432472229
XGB,5,1,0,0.1821366250514984
XGB,5,1,0,0.2626209259033203
XGB,5,0,0,0.041872087866067886
XGB,5,1,0,0.01649320311844349
XGB,5,1,0,0.030098959803581238
XGB,5,1,1,0.77334064245224
XGB,5,1,0,0.01663392223417759
XGB,5,1,0,0.009915266185998917
XGB,5,1,0,0.32695987820625305
XGB,5,1,0,0.08311216533184052
XGB,5,0,0,0.2062986195087433
XGB,5,0,0,0.2802693843841553
XGB,5,0,0,0.07425449043512344
XGB,5,1,0,0.27228114008903503
XGB,5,1,0,0.25832051038742065
XGB,5,1,0,0.017291147261857986
XGB,5,0,0,0.004860544111579657
XGB,5,0,0,0.1738644689321518
XGB,5,0,0,0.009376534260809422
XGB,5,0,0,0.01269065123051405
XGB,5,0,0,0.04575003683567047
XGB,5,0,0,0.22902953624725342
XGB,5,0,0,0.12621480226516724
XGB,5,0,0,0.2158677726984024
XGB,5,0,0,0.2165813446044922
XGB,5,0,0,0.024357162415981293
XGB,5,1,0,0.015296433120965958
XGB,5,0,1,0.8592596054077148
XGB,5,0,0,0.012077737599611282
XGB,5,0,0,0.027537720277905464
XGB,5,0,1,0.6391875743865967
XGB,5,0,0,0.049459367990493774
XGB,5,0,0,0.07522914558649063
XGB,5,0,0,0.0354439951479435
XGB,5,0,0,0.09232907742261887
XGB,5,0,0,0.12606248259544373
XGB,5,0,1,0.8239720463752747
XGB,5,0,0,0.010493907146155834
XGB,5,0,0,0.10389550775289536
XGB,5,1,0,0.04807794466614723
XGB,5,0,0,0.058510035276412964
XGB,5,0,1,0.6492122411727905
XGB,5,0,0,0.018006645143032074
XGB,5,1,0,0.04984826594591141
XGB,5,0,0,0.031415220350027084
XGB,5,0,0,0.010192516259849072
XGB,5,0,0,0.04168061539530754
XGB,5,0,0,0.13135261833667755
XGB,5,0,0,0.023581543937325478
XGB,5,1,1,0.8223240375518799
XGB,5,1,1,0.6624628305435181
XGB,5,0,0,0.0014997005928307772
XGB,5,0,0,0.3835824131965637
XGB,5,1,0,0.07270492613315582
XGB,5,1,1,0.9372912049293518
XGB,5,0,0,0.2113436907529831
XGB,5,0,0,0.15603798627853394
XGB,5,1,1,0.9998107552528381
XGB,5,1,0,0.46065571904182434
XGB,5,0,1,0.9095127582550049
XGB,5,1,1,0.6188020706176758
XGB,5,1,0,0.15337446331977844
XGB,5,0,0,0.09460361301898956
XGB,5,0,1,0.7263287305831909
XGB,5,0,0,0.09049998968839645
XGB,5,0,0,0.08162421733140945
XGB,5,1,1,0.9904882907867432
XGB,5,0,0,0.16378265619277954
XGB,5,0,0,0.36207315325737
XGB,5,1,1,0.9595932960510254
XGB,5,0,0,0.06460119783878326
XGB,5,0,0,0.22103355824947357
XGB,5,0,1,0.7058417797088623
XGB,5,0,1,0.8712145686149597
XGB,5,0,0,0.01374394353479147
XGB,5,0,0,0.10498670488595963
XGB,5,0,0,0.3125312328338623
XGB,5,1,1,0.9992832541465759
XGB,5,1,0,0.16448400914669037
XGB,5,0,0,0.17384296655654907
XGB,5,0,0,0.006119227968156338
XGB,5,0,0,0.02521657943725586
XGB,5,1,0,0.005184086039662361
XGB,5,0,0,0.07990920543670654
XGB,5,0,0,0.006799653638154268
XGB,5,0,0,0.16011619567871094
XGB,5,0,0,0.3261494040489197
XGB,5,0,1,0.5689959526062012
XGB,5,0,0,0.010930835269391537
XGB,5,0,0,0.128076434135437
XGB,5,0,0,0.08201339840888977
XGB,5,0,0,0.049027808010578156
XGB,5,0,0,0.20188620686531067
XGB,5,0,0,0.43227556347846985
XGB,5,0,0,0.007322549819946289
XGB,5,0,0,0.41676369309425354
XGB,5,0,0,0.41364070773124695
XGB,5,0,0,0.20569489896297455
XGB,5,0,0,0.10016460716724396
XGB,5,0,0,0.1083320677280426
XGB,5,0,0,0.0618634894490242
XGB,5,1,0,0.07098192721605301
XGB,5,0,0,0.002120924647897482
XGB,5,0,1,0.9038797616958618
XGB,5,0,0,0.1202392652630806
XGB,5,1,0,0.1162903755903244
XGB,5,0,0,0.01702044904232025
XGB,5,0,1,0.5063995718955994
XGB,5,1,0,0.002631688956171274
XGB,5,0,0,0.24894243478775024
XGB,5,0,0,0.11966477334499359
XGB,5,1,1,0.8398705124855042
XGB,5,0,0,0.02049783058464527
XGB,5,1,0,0.0973164439201355
XGB,5,0,0,0.003058274742215872
XGB,5,0,0,0.14052677154541016
XGB,5,0,0,0.45968103408813477
XGB,5,0,0,0.12001737952232361
XGB,5,0,0,0.1610410511493683
XGB,5,0,0,0.013958991505205631
XGB,5,0,0,0.02390460856258869
XGB,5,0,0,0.03484462574124336
XGB,5,0,0,0.047853101044893265
XGB,5,1,0,0.17079965770244598
XGB,5,0,0,0.07608665525913239
XGB,5,0,0,0.0731784850358963
XGB,5,1,1,0.8883269429206848
XGB,5,0,0,0.2090742141008377
XGB,5,0,0,0.3065408170223236
XGB,5,0,0,0.032269518822431564
XGB,5,0,0,0.15472610294818878
XGB,5,1,0,0.13016529381275177
XGB,5,0,0,0.010547666810452938
XGB,5,0,1,0.9476117491722107
XGB,5,0,1,0.5570399761199951
XGB,5,0,0,0.274912029504776
XGB,5,0,1,0.9811421036720276
XGB,5,0,0,0.11777105182409286
XGB,5,0,0,0.006736580282449722
XGB,5,0,0,0.00601865304633975
XGB,5,0,0,0.4850407540798187
XGB,5,1,0,0.07189376652240753
XGB,5,0,0,0.0005164992180652916
XGB,5,0,1,0.8554461002349854
XGB,5,0,0,0.026907164603471756
XGB,5,0,0,0.048117633908987045
XGB,5,0,0,0.003050444182008505
XGB,5,0,0,0.37563785910606384
XGB,5,0,0,0.14913399517536163
XGB,5,0,1,0.6435426473617554
XGB,5,0,0,0.20890755951404572
XGB,5,0,1,0.5322741866111755
XGB,5,0,0,0.16834232211112976
XGB,5,0,0,0.03224201127886772
XGB,5,0,0,0.03297559916973114
XGB,5,0,0,0.009764714166522026
XGB,5,0,0,0.23789019882678986
XGB,5,0,0,0.33998429775238037
XGB,5,0,0,0.016233615577220917
XGB,5,0,0,0.274923175573349
XGB,5,0,0,0.02924305386841297
XGB,5,0,0,0.11595405638217926
XGB,5,0,0,0.20143559575080872
XGB,5,0,0,0.274307519197464
XGB,5,0,0,0.06555613875389099
XGB,5,1,1,0.9201828837394714
XGB,5,0,0,0.016551725566387177
XGB,5,0,1,0.8990235328674316
XGB,5,0,0,0.010971631854772568
XGB,5,0,0,0.025250164791941643
XGB,5,0,0,0.008957668207585812
XGB,5,1,1,0.7617030143737793
XGB,5,1,0,0.13649648427963257
XGB,5,0,0,0.1550232470035553
XGB,5,1,0,0.4903836250305176
XGB,5,1,0,0.23758329451084137
XGB,5,0,0,0.002321925014257431
XGB,5,0,0,0.008651576936244965
XGB,5,0,0,0.09786699712276459
XGB,5,1,0,0.1184801384806633
XGB,5,0,0,0.19150274991989136
XGB,5,1,1,0.9908038377761841
XGB,5,1,1,0.8172614574432373
XGB,5,0,0,0.0420311875641346
XGB,5,0,1,0.8789942860603333
XGB,5,0,0,0.003992530517280102
XGB,5,1,1,0.5536385774612427
XGB,5,0,1,0.8251358866691589
XGB,5,0,0,0.1476501077413559
XGB,5,1,1,0.9568021893501282
XGB,5,0,0,0.003132415469735861
XGB,5,0,0,0.4325130879878998
XGB,5,0,0,0.020219365134835243
XGB,5,0,0,0.08105277270078659
XGB,5,0,0,0.00887746550142765
XGB,5,0,0,0.1420261710882187
XGB,5,0,0,0.05137495696544647
XGB,5,0,0,0.019383931532502174
XGB,5,1,0,0.09398319572210312
XGB,5,0,0,0.06545759737491608
XGB,5,1,0,0.1636655628681183
XGB,5,1,1,0.8008667826652527
XGB,5,0,0,0.37140557169914246
XGB,5,0,0,0.011045397259294987
XGB,5,0,0,0.002251863246783614
XGB,5,0,0,0.19606171548366547
XGB,5,0,0,0.12075693160295486
XGB,5,0,0,0.09258400648832321
XGB,5,0,0,0.007292366120964289
XGB,5,1,0,0.06186498701572418
XGB,5,0,0,0.006985856685787439
XGB,5,0,0,0.1041017398238182
XGB,5,0,0,0.019300661981105804
XGB,5,0,0,0.011156021617352962
XGB,5,0,0,0.008290805853903294
XGB,5,0,0,0.00198484119027853
XGB,5,0,1,0.5454323887825012
XGB,5,0,0,0.014214592054486275
XGB,5,0,0,0.15210802853107452
XGB,5,0,0,0.017857542261481285
XGB,5,0,0,0.0011097572278231382
XGB,5,1,0,0.4659790098667145
XGB,5,1,0,0.003595479531213641
XGB,5,0,0,0.22238175570964813
XGB,5,0,0,0.030965611338615417
XGB,5,0,0,0.04588465392589569
XGB,5,0,1,0.5930575132369995
XGB,5,1,0,0.33858075737953186
XGB,5,0,0,0.08838138729333878
XGB,5,0,0,0.2138170599937439
XGB,5,0,0,0.020196516066789627
XGB,5,0,0,0.13186433911323547
XGB,5,0,0,0.14216290414333344
XGB,5,0,0,0.07467247545719147
XGB,5,0,1,0.6750721335411072
XGB,5,0,0,0.3337991535663605
XGB,5,0,0,0.24459721148014069
XGB,5,0,0,0.38748061656951904
XGB,5,0,0,0.13344214856624603
XGB,5,0,1,0.8987686634063721
XGB,5,0,0,0.06847172230482101
XGB,5,0,0,0.28460949659347534
XGB,5,0,0,0.09821426123380661
XGB,5,0,0,0.2634614408016205
XGB,5,0,0,0.013668433763086796
XGB,5,0,0,0.2521343231201172
XGB,5,0,0,0.33831629157066345
XGB,5,0,0,0.39023613929748535
XGB,5,0,0,0.10668300092220306
XGB,5,0,0,0.030470848083496094
XGB,5,0,0,0.20918448269367218
XGB,5,1,1,0.7968447804450989
XGB,5,1,0,0.16685885190963745
XGB,5,1,0,0.007796181831508875
XGB,5,0,0,0.01085248589515686
XGB,5,0,1,0.5850639343261719
XGB,5,1,0,0.0527375265955925
XGB,5,0,1,0.671321451663971
XGB,5,0,0,0.02663552016019821
XGB,5,1,0,0.09455215930938721
XGB,5,0,0,0.2517520487308502
XGB,5,1,1,0.8143962025642395
XGB,5,0,0,0.024583948776125908
XGB,5,1,0,0.008940218947827816
XGB,5,1,0,0.2661678194999695
XGB,5,0,0,0.021662041544914246
XGB,5,1,1,0.8171271085739136
XGB,5,0,0,0.013287816196680069
XGB,5,0,0,0.04446517303586006
XGB,5,0,0,0.0785694420337677
XGB,5,0,0,0.021853366866707802
XGB,5,0,1,0.5884672999382019
XGB,5,0,0,0.17045491933822632
XGB,5,0,1,0.6260725259780884
XGB,5,1,0,0.27965909242630005
XGB,5,1,1,0.6180661916732788
XGB,5,0,0,0.24986810982227325
XGB,5,0,0,0.053533829748630524
XGB,5,0,0,0.04709148406982422
XGB,5,0,0,0.4161251187324524
XGB,5,0,0,0.01789337955415249
XGB,5,0,0,0.24251574277877808
XGB,5,0,0,0.25510016083717346
XGB,5,0,0,0.09892357140779495
XGB,5,0,0,0.12957285344600677
XGB,5,0,1,0.6672515869140625
XGB,5,0,0,0.19220800697803497
XGB,5,0,0,0.02068173512816429
XGB,5,0,0,0.1148390918970108
XGB,5,1,0,0.23992577195167542
XGB,5,0,0,0.06397612392902374
XGB,5,0,0,0.012094510719180107
XGB,5,0,0,0.2576148509979248
XGB,5,0,0,0.06710504740476608
XGB,5,0,0,0.08919204026460648
XGB,5,0,0,0.34561851620674133
XGB,5,0,0,0.05000298097729683
XGB,5,1,0,0.029701488092541695
XGB,5,0,0,0.016101816669106483
XGB,5,0,0,0.0535011924803257
XGB,5,0,0,0.005805754102766514
XGB,5,0,0,0.009941824711859226
XGB,5,0,0,0.016051815822720528
XGB,5,1,0,0.12501859664916992
XGB,5,1,0,0.12625449895858765
XGB,5,0,0,0.07824084162712097
XGB,5,0,0,0.016878651455044746
XGB,5,1,0,0.38140004873275757
XGB,5,0,1,0.6992297172546387
XGB,5,0,0,0.1200380027294159
XGB,5,0,0,0.034522894769907
XGB,5,0,0,0.06737302243709564
XGB,5,1,0,0.23609504103660583
XGB,5,0,0,0.15088769793510437
XGB,5,0,0,0.10917995870113373
XGB,5,0,0,0.298582524061203
XGB,5,1,1,0.692144513130188
XGB,5,0,0,0.42467814683914185
XGB,5,0,0,0.16300572454929352
XGB,5,0,0,0.08847828209400177
XGB,5,0,0,0.08223391324281693
XGB,5,1,0,0.4176998734474182
XGB,5,0,0,0.005563091021031141
XGB,5,1,0,0.09221022576093674
XGB,5,1,0,0.011765866540372372
XGB,5,0,0,0.2873304486274719
XGB,5,0,0,0.019659077748656273
XGB,5,1,0,0.251184344291687
XGB,5,0,0,0.09777139127254486
XGB,5,0,0,0.002350135240703821
XGB,5,0,0,0.008252219296991825
XGB,5,0,0,0.0004268093907739967
XGB,5,1,0,0.02573944628238678
XGB,5,0,0,0.06512250751256943
XGB,5,1,1,0.6723037362098694
XGB,5,1,1,0.9892069101333618
XGB,5,1,1,0.9940605759620667
XGB,5,0,1,0.6831976175308228
XGB,5,1,0,0.15314212441444397
XGB,5,0,0,0.18428269028663635
XGB,5,0,0,0.08800763636827469
XGB,5,0,0,0.027648942545056343
XGB,5,1,0,0.08776190131902695
XGB,5,0,0,0.09974849224090576
XGB,5,1,0,0.015196832828223705
XGB,5,1,0,0.007058392278850079
XGB,5,0,0,0.07087615132331848
XGB,5,0,0,0.07510653138160706
XGB,5,0,0,0.06876910477876663
XGB,5,0,0,0.12509635090827942
XGB,5,1,0,0.04698021337389946
XGB,5,1,1,0.9896224737167358
XGB,5,0,1,0.521895706653595
XGB,5,0,0,0.12600043416023254
XGB,5,1,0,0.06733650714159012
XGB,5,0,0,0.03945406526327133
XGB,5,0,0,0.05616668611764908
XGB,5,0,0,0.2913566827774048
XGB,5,1,1,0.7968988418579102
XGB,5,0,0,0.05115574225783348
XGB,5,0,0,0.07158440351486206
XGB,5,0,0,0.016789346933364868
XGB,5,1,0,0.40507060289382935
XGB,5,1,1,0.9302687048912048
XGB,5,0,0,0.0017923325067386031
XGB,5,1,1,0.9331390857696533
XGB,5,0,0,0.018747789785265923
XGB,5,0,0,0.16689859330654144
XGB,5,0,0,0.050485122948884964
XGB,5,0,0,0.2251548320055008
XGB,5,0,0,0.05683430656790733
XGB,5,0,0,0.03065001592040062
XGB,5,0,0,0.15113721787929535
XGB,5,0,0,0.4046367108821869
XGB,5,0,0,0.11053342372179031
XGB,5,0,0,0.06716790795326233
XGB,5,0,0,0.4955122470855713
XGB,5,1,0,0.03401010483503342
XGB,5,0,0,0.014079464599490166
XGB,5,0,0,0.02792440727353096
XGB,5,0,0,0.15413522720336914
XGB,5,0,0,0.03676656261086464
XGB,5,0,0,0.00025373848620802164
XGB,5,0,0,0.01688895747065544
XGB,5,0,1,0.6324623823165894
XGB,5,0,0,0.3825818598270416
XGB,5,0,1,0.6927027106285095
XGB,5,0,1,0.7612363696098328
XGB,5,1,0,0.09425930678844452
XGB,5,0,1,0.8033686280250549
XGB,5,1,1,0.8875047564506531
XGB,5,0,0,0.13616618514060974
XGB,5,0,0,0.1393827348947525
XGB,5,0,0,0.0316317044198513
XGB,5,0,0,0.0936286672949791
XGB,5,0,0,0.06316366791725159
XGB,5,0,0,0.2288525402545929
XGB,5,0,0,0.3745170533657074
XGB,5,0,0,0.4962799549102783
XGB,5,0,1,0.515007734298706
XGB,5,0,1,0.7430925369262695
XGB,5,0,0,0.022798119112849236
XGB,5,0,0,0.04632426053285599
XGB,5,0,0,0.031727325171232224
XGB,5,0,0,0.025579966604709625
XGB,5,0,1,0.970225989818573
XGB,5,1,1,0.8329989314079285
XGB,5,0,0,0.2687709629535675
XGB,5,1,0,0.021906651556491852
XGB,5,0,0,0.1550436168909073
XGB,5,0,0,0.023300061002373695
XGB,5,0,1,0.8300474286079407
XGB,5,0,0,0.03486835956573486
XGB,5,1,0,0.003286823397502303
XGB,5,0,0,0.04597224295139313
XGB,5,0,0,0.007187786512076855
XGB,5,0,0,0.3913043737411499
XGB,5,0,0,0.08166584372520447
XGB,5,0,0,0.02037024311721325
XGB,5,0,0,0.36790069937705994
XGB,5,0,0,0.44325247406959534
XGB,5,1,1,0.7582045793533325
XGB,5,0,0,0.10510433465242386
XGB,5,0,1,0.7229471802711487
XGB,5,0,0,0.023474061861634254
XGB,5,0,0,0.012194552458822727
XGB,5,1,0,0.07077343016862869
XGB,5,0,0,0.0033845019061118364
XGB,5,1,0,0.04858414828777313
XGB,5,0,0,0.021906651556491852
XGB,5,1,0,0.026627643033862114
XGB,5,0,1,0.8712313175201416
XGB,5,1,0,0.3220946192741394
XGB,5,0,0,0.20290760695934296
XGB,5,0,0,0.011939567513763905
XGB,5,0,0,0.0031463277991861105
XGB,5,1,0,0.05703021585941315
XGB,5,0,0,0.02249198593199253
XGB,5,1,0,0.06768694519996643
XGB,5,0,0,0.06251730769872665
XGB,5,1,0,0.17103175818920135
XGB,5,0,0,0.022418703883886337
XGB,5,0,0,0.01795864850282669
XGB,5,1,0,0.35390669107437134
XGB,5,0,1,0.6216804385185242
XGB,5,0,0,0.058234650641679764
XGB,5,1,1,0.5277695655822754
XGB,5,0,0,0.3869783878326416
XGB,5,1,0,0.023609157651662827
XGB,5,1,0,0.15753184258937836
XGB,5,0,1,0.9922361969947815
XGB,5,0,0,0.10017873346805573
XGB,5,0,0,0.01935863308608532
XGB,5,0,1,0.9746469855308533
XGB,5,0,0,0.022103268653154373
XGB,5,0,0,0.000511848134920001
XGB,5,0,1,0.6474829912185669
XGB,5,0,0,0.03198914974927902
XGB,5,0,0,0.013598603196442127
XGB,5,0,0,0.37229546904563904
XGB,5,1,0,0.2332107126712799
XGB,5,1,0,0.0869649201631546
XGB,5,0,0,0.23785708844661713
XGB,5,0,1,0.6194590330123901
XGB,5,0,0,0.4666195809841156
XGB,5,0,0,0.060363996773958206
XGB,5,0,0,0.244986429810524
XGB,5,1,1,0.7849226593971252
XGB,5,0,1,0.6414837837219238
XGB,5,0,0,0.08159299939870834
XGB,5,0,0,0.0334632508456707
XGB,5,1,1,0.8571116328239441
XGB,5,0,0,0.16674450039863586
XGB,5,0,1,0.6189433932304382
XGB,5,0,0,0.002789239166304469
XGB,5,0,0,0.08930126577615738
XGB,5,0,0,0.007878920063376427
XGB,5,1,0,0.1944078505039215
XGB,5,0,0,0.05608981475234032
XGB,5,0,0,0.10845274478197098
XGB,5,1,0,0.36125025153160095
XGB,5,0,0,0.11249634623527527
XGB,5,0,0,0.4029732942581177
XGB,5,1,1,0.7453781366348267
XGB,5,0,0,0.2633216381072998
XGB,5,0,0,0.03316476196050644
XGB,5,1,0,0.03462345525622368
XGB,5,0,0,0.005007900297641754
XGB,5,0,0,0.05803431570529938
XGB,5,0,0,0.02724560536444187
XGB,5,0,0,0.01847308687865734
XGB,5,1,1,0.9584469795227051
XGB,5,0,0,0.019667288288474083
XGB,5,0,0,0.1935047060251236
XGB,5,0,0,0.017901794984936714
XGB,5,0,0,0.4957776963710785
XGB,5,0,0,0.00865146704018116
XGB,5,0,0,0.028773697093129158
XGB,5,1,0,0.032138846814632416
XGB,5,0,0,0.05059009790420532
XGB,5,1,1,0.6011663675308228
XGB,5,1,0,0.015114621259272099
XGB,5,0,0,0.05800279229879379
XGB,5,1,0,0.09708230942487717
XGB,5,0,0,0.028528202325105667
XGB,5,0,1,0.5078468322753906
XGB,5,1,0,0.36052072048187256
XGB,5,0,0,0.4265194833278656
XGB,5,0,0,0.033768605440855026
XGB,5,0,1,0.6695764660835266
XGB,5,0,0,0.018605709075927734
XGB,5,0,0,0.011717749759554863
XGB,5,0,0,0.1505606323480606
XGB,5,1,1,0.6884400248527527
XGB,5,0,0,0.03628626465797424
XGB,5,0,0,0.4565221965312958
XGB,5,0,0,0.002906425390392542
XGB,5,0,0,0.08572746068239212
XGB,5,1,0,0.40505844354629517
XGB,5,1,0,0.010636290535330772
XGB,5,1,1,0.6722597479820251
XGB,5,1,0,0.00802706927061081
XGB,5,0,0,0.031658776104450226
XGB,5,1,1,0.9860650300979614
XGB,5,1,0,0.2182692587375641
XGB,5,0,0,0.15911154448986053
XGB,5,0,0,0.101443350315094
XGB,5,0,0,0.003547846572473645
XGB,5,0,0,0.25717246532440186
XGB,5,1,0,0.030504001304507256
XGB,5,0,0,0.02329387702047825
XGB,5,1,0,0.024252790957689285
XGB,5,0,0,0.004494382068514824
XGB,5,0,0,0.046164050698280334
XGB,5,0,1,0.5007323622703552
XGB,5,0,0,0.05994950607419014
XGB,5,1,0,0.010913881473243237
XGB,5,0,0,0.05253937840461731
XGB,5,0,0,0.016376450657844543
XGB,5,0,0,0.008960593491792679
XGB,5,0,0,0.4211137294769287
XGB,5,0,0,0.18772093951702118
XGB,5,0,0,0.0496259480714798
XGB,5,0,0,0.08433877676725388
XGB,5,1,1,0.9677911996841431
XGB,5,0,0,0.00814164150506258
XGB,5,0,0,0.1916447877883911
XGB,5,0,1,0.7802201509475708
XGB,5,0,0,0.1352228969335556
XGB,5,0,0,0.03744588792324066
XGB,5,0,0,0.11015558987855911
XGB,5,0,0,0.018827153369784355
XGB,5,1,0,0.09389270842075348
XGB,5,1,0,0.02645089477300644
XGB,5,0,0,0.03837396204471588
XGB,5,1,0,0.028789812698960304
XGB,5,1,0,0.23668676614761353
XGB,5,0,0,0.019947508350014687
XGB,5,0,0,0.018252218142151833
XGB,5,1,0,0.3197883367538452
XGB,5,0,0,0.07601463794708252
XGB,5,0,0,0.034492481499910355
XGB,5,0,0,0.004016384948045015
XGB,5,0,0,0.06532783806324005
XGB,5,0,0,0.07579576224088669
XGB,5,0,0,0.3473893404006958
XGB,5,1,0,0.046251192688941956
XGB,5,0,0,0.0019052033312618732
XGB,5,0,0,0.026358522474765778
XGB,5,0,1,0.677970290184021
XGB,5,0,0,0.0134696951135993
XGB,5,0,1,0.8269811272621155
XGB,5,1,0,0.11771302670240402
XGB,5,0,0,0.08025301247835159
XGB,5,0,0,0.11799991130828857
XGB,5,0,0,0.18604567646980286
XGB,5,0,0,0.07363573461771011
XGB,5,0,0,0.3552030026912689
XGB,5,0,0,0.003971675410866737
XGB,5,0,0,0.01484568789601326
XGB,5,1,1,0.6108805537223816
XGB,5,0,0,0.009256439283490181
XGB,5,1,0,0.03232480213046074
XGB,5,0,1,0.5047995448112488
XGB,5,1,0,0.30215173959732056
XGB,5,0,0,0.07489694654941559
XGB,5,0,0,0.04157067462801933
XGB,5,0,0,0.02697809599339962
XGB,5,0,0,0.01366441696882248
XGB,5,1,0,0.2554750144481659
XGB,5,0,0,0.24674385786056519
XGB,5,0,0,0.11063586920499802
XGB,5,0,0,0.018202146515250206
XGB,5,0,0,0.024278463795781136
XGB,5,0,0,0.1881357580423355
XGB,5,0,0,0.2227255403995514
XGB,5,0,0,0.03570014610886574
XGB,5,1,1,0.9927595853805542
XGB,5,0,0,0.010922085493803024
XGB,5,0,0,0.055190809071063995
XGB,5,0,0,0.33653366565704346
XGB,5,0,0,0.04013078659772873
XGB,5,0,0,0.00455564446747303
XGB,5,0,0,0.08822130411863327
XGB,5,0,0,0.016046928241848946
XGB,5,0,1,0.6267629861831665
XGB,5,0,1,0.5535848736763
XGB,5,1,0,0.30267956852912903
XGB,5,0,0,0.010365529917180538
XGB,5,0,1,0.5948877334594727
XGB,5,1,0,0.12317948788404465
XGB,5,0,0,0.007969444617629051
XGB,5,1,1,0.8312193155288696
XGB,5,1,1,0.5115519165992737
XGB,5,0,0,0.15004369616508484
XGB,5,0,1,0.5505956411361694
XGB,5,1,0,0.025334972888231277
XGB,5,1,1,0.9152969717979431
XGB,5,0,0,0.04581789672374725
XGB,5,0,0,0.05466293916106224
XGB,5,1,0,0.2248300015926361
XGB,5,0,0,0.33315035700798035
XGB,5,0,0,0.03864220902323723
XGB,5,0,1,0.5538824796676636
XGB,5,1,1,0.6209887862205505
XGB,5,0,0,0.37678855657577515
XGB,5,0,1,0.5380868315696716
XGB,5,0,0,0.03331322222948074
XGB,5,0,0,0.06490413099527359
XGB,5,0,0,0.007878774777054787
XGB,5,0,1,0.5756664276123047
XGB,5,1,0,0.21086417138576508
XGB,5,0,1,0.7345009446144104
XGB,5,0,0,0.06147202476859093
XGB,5,0,0,0.01659710705280304
XGB,5,0,1,0.8026614189147949
XGB,5,1,0,0.21322791278362274
XGB,5,0,0,0.23899585008621216
XGB,5,0,0,0.057374462485313416
XGB,5,0,0,0.09550921618938446
XGB,5,0,0,0.00478000845760107
XGB,5,1,1,0.5211944580078125
XGB,5,0,0,0.0009753243648447096
XGB,5,0,0,0.1998021900653839
XGB,5,0,0,0.01599423587322235
XGB,5,0,0,0.0971510261297226
XGB,5,1,0,0.03726324066519737
XGB,5,1,1,0.9343981742858887
XGB,5,0,0,0.007615009788423777
XGB,5,0,0,0.006781890522688627
XGB,5,0,0,0.1612657606601715
XGB,5,0,0,0.3227112293243408
XGB,5,1,1,0.5507001876831055
XGB,5,0,0,0.025576002895832062
XGB,5,1,1,0.6290562152862549
XGB,5,0,0,0.4248293340206146
XGB,5,0,0,0.06864435970783234
XGB,5,0,0,0.19466820359230042
XGB,5,1,0,0.12476489692926407
XGB,5,0,0,0.055866826325654984
XGB,5,0,0,0.04457080736756325
XGB,5,1,1,0.987683117389679
XGB,5,0,0,0.0564214289188385
XGB,5,1,1,0.8860060572624207
XGB,5,0,1,0.7110127210617065
XGB,5,0,0,0.12561751902103424
XGB,5,1,0,0.21503078937530518
XGB,5,0,0,0.0038198065012693405
XGB,5,0,0,0.10016070306301117
XGB,5,1,0,0.1373281329870224
XGB,5,0,0,0.11448652297258377
XGB,5,0,0,0.09619198739528656
XGB,5,0,0,0.08551709353923798
XGB,5,0,0,0.012524287216365337
XGB,5,0,0,0.07291863113641739
XGB,5,0,0,0.023987922817468643
XGB,5,1,0,0.07425172626972198
XGB,5,0,0,0.09403666108846664
XGB,5,0,0,0.16040286421775818
XGB,5,0,0,0.004069192800670862
XGB,5,0,0,0.06007299944758415
XGB,5,0,0,0.1568402200937271
XGB,5,0,0,0.05016734078526497
XGB,5,0,0,0.14234559237957
XGB,5,0,0,0.027868323028087616
XGB,5,0,0,0.172914519906044
XGB,5,0,0,0.2957051396369934
XGB,5,0,1,0.8860925436019897
XGB,5,0,0,0.4157673120498657
XGB,5,0,0,0.1895373910665512
XGB,5,0,0,0.05846652016043663
XGB,5,0,0,0.08307959884405136
XGB,5,0,0,0.08031567186117172
XGB,5,0,0,0.09797286987304688
XGB,5,1,0,0.2913553714752197
XGB,5,0,0,0.2294016033411026
XGB,5,0,0,0.21461538970470428
XGB,5,0,0,0.007795838639140129
XGB,5,0,0,0.005507701076567173
XGB,5,1,1,0.7344298958778381
XGB,5,0,0,0.013676228001713753
XGB,5,1,0,0.24793462455272675
XGB,5,0,0,0.021788213402032852
XGB,5,0,0,0.015021251514554024
XGB,5,1,0,0.027865566313266754
XGB,5,0,0,0.335475891828537
XGB,5,0,0,0.0997253954410553
XGB,5,0,0,0.009513786993920803
XGB,5,0,1,0.6964551210403442
XGB,5,0,0,0.4161375164985657
XGB,5,0,0,0.31848496198654175
XGB,5,0,1,0.8107991218566895
XGB,5,1,1,0.7230313420295715
XGB,5,1,1,0.6631655097007751
XGB,5,0,0,0.06815722584724426
XGB,5,0,0,0.045925796031951904
XGB,5,0,0,0.16977915167808533
XGB,5,0,1,0.9831966161727905
XGB,5,0,0,0.11729376763105392
XGB,5,0,0,0.12073534727096558
XGB,5,0,0,0.3745994567871094
XGB,5,0,0,0.000623193453066051
XGB,5,0,0,0.11241152137517929
XGB,5,0,0,0.019296269863843918
XGB,5,0,0,0.12458246946334839
XGB,5,1,0,0.09680704027414322
XGB,5,0,0,0.34982728958129883
XGB,5,0,0,0.15681594610214233
XGB,5,0,1,0.8671590685844421
XGB,5,0,0,0.08623848110437393
XGB,5,0,0,0.00207748101092875
XGB,5,1,0,0.004465612582862377
XGB,5,0,0,0.18393436074256897
XGB,5,0,1,0.5645453333854675
XGB,5,1,0,0.30898287892341614
XGB,5,0,0,0.3028084635734558
XGB,5,0,0,0.4591575264930725
XGB,5,0,0,0.053028251975774765
XGB,5,0,0,0.165266752243042
XGB,5,1,0,0.008356023579835892
XGB,5,0,1,0.6412116885185242
XGB,5,0,0,5.235032585915178e-05
XGB,5,0,0,0.08795109391212463
XGB,5,1,0,0.01767382025718689
XGB,5,0,0,0.2150658667087555
XGB,5,1,0,0.31339067220687866
XGB,5,0,0,0.02102062478661537
XGB,5,0,1,0.5771195292472839
XGB,5,0,0,0.024158639833331108
XGB,5,0,0,0.05917087197303772
XGB,5,0,0,0.04935524985194206
XGB,5,0,0,0.0762491449713707
XGB,5,0,0,0.016960574313998222
XGB,5,0,0,0.12838199734687805
XGB,5,0,0,0.019883394241333008
XGB,5,0,0,0.14587338268756866
XGB,5,0,0,0.4420420825481415
XGB,5,1,1,0.7010834813117981
XGB,5,0,0,0.008121739141643047
XGB,5,0,0,0.11412053555250168
XGB,5,0,0,0.013320716097950935
XGB,5,0,0,0.018812483176589012
XGB,5,1,0,0.3976789116859436
XGB,5,0,0,0.04020429402589798
XGB,5,0,1,0.9287174940109253
XGB,5,0,0,0.18924663960933685
XGB,5,0,0,0.22694191336631775
XGB,5,0,0,0.008631336502730846
XGB,5,1,0,0.3053041100502014
XGB,5,0,0,0.007419328670948744
XGB,5,0,0,0.3245258629322052
XGB,5,0,0,0.08063647150993347
XGB,5,0,0,0.20256873965263367
XGB,5,0,0,0.06959258019924164
XGB,5,0,0,0.03797849267721176
XGB,5,0,0,0.05764913186430931
XGB,5,0,0,0.33144015073776245
XGB,5,0,0,0.006590020842850208
XGB,5,0,1,0.6379708051681519
XGB,5,0,0,0.2269848883152008
XGB,5,0,0,0.16940218210220337
XGB,5,0,0,0.3121844530105591
XGB,5,0,0,0.09914357215166092
XGB,5,1,0,0.05321035534143448
XGB,5,1,0,0.2998150885105133
XGB,5,1,0,0.0012433206429705024
XGB,5,0,0,0.1051657497882843
XGB,5,0,0,0.03482577204704285
XGB,5,0,0,0.0011222166940569878
XGB,5,0,0,0.006573725026100874
XGB,5,0,0,0.047558918595314026
XGB,5,1,1,0.9681842923164368
XGB,5,1,0,0.3846118152141571
XGB,5,0,0,0.0288574006408453
XGB,5,1,0,0.033566664904356
XGB,5,0,0,0.2040015608072281
XGB,5,0,0,0.0420808345079422
XGB,5,1,0,0.4579187035560608
XGB,5,0,0,0.020304778590798378
XGB,5,0,0,0.015543589368462563
XGB,5,0,1,0.6247386336326599
XGB,5,1,0,0.11618672311306
XGB,5,0,0,0.02541528269648552
XGB,5,0,0,0.05506954342126846
XGB,5,0,0,0.07695037126541138
XGB,5,0,0,0.013209247030317783
XGB,5,0,0,0.1984919160604477
XGB,5,1,1,0.9483885765075684
XGB,5,0,1,0.8830147981643677
XGB,5,0,0,0.06474252045154572
XGB,5,1,0,0.05052829533815384
XGB,5,0,0,0.018575388938188553
XGB,5,1,0,0.3602032959461212
XGB,5,0,0,0.1480991542339325
XGB,5,0,0,0.2654106616973877
XGB,5,0,0,0.04690045118331909
XGB,5,0,0,0.32850486040115356
XGB,5,0,0,0.024125365540385246
XGB,5,0,0,0.06335612386465073
XGB,5,0,1,0.9964975714683533
XGB,5,1,0,0.4873189926147461
XGB,5,0,0,0.056938402354717255
XGB,5,0,1,0.7125275731086731
XGB,5,1,0,0.33348965644836426
XGB,5,0,0,0.00047595862997695804
XGB,5,1,0,0.03991565480828285
XGB,5,0,0,0.32254913449287415
XGB,5,0,0,0.0048810518346726894
XGB,5,0,0,0.0071659088134765625
XGB,5,0,0,0.007484151050448418
XGB,5,0,0,0.006893654819577932
XGB,5,0,0,0.009063906967639923
XGB,5,1,0,0.2404440939426422
XGB,5,0,0,0.02577592246234417
XGB,5,1,0,0.3098885118961334
XGB,5,0,0,0.02239600196480751
XGB,5,0,1,0.784275472164154
XGB,5,1,0,0.021556660532951355
XGB,5,1,0,0.005541645921766758
XGB,5,0,1,0.9887422323226929
XGB,5,0,0,0.0081185819581151
XGB,5,0,0,0.05587899684906006
XGB,5,1,0,0.3751284182071686
XGB,5,0,0,0.02140432596206665
XGB,5,0,0,0.006677072960883379
XGB,5,0,0,0.0065405722707509995
XGB,5,0,1,0.8377881646156311
XGB,5,0,0,0.02071627788245678
XGB,5,1,0,0.23938189446926117
XGB,5,1,1,0.9308203458786011
XGB,5,0,1,0.7971541881561279
XGB,5,0,0,0.01331039797514677
XGB,5,0,0,0.09565581381320953
XGB,5,1,1,0.911385178565979
XGB,5,0,0,0.07829715311527252
XGB,5,0,0,0.31561005115509033
XGB,5,0,0,0.1482076644897461
XGB,5,0,0,0.08286193013191223
XGB,5,1,0,0.47118353843688965
XGB,5,0,0,0.2838771939277649
XGB,5,0,0,0.04280941188335419
XGB,5,0,0,0.1657070815563202
XGB,5,0,0,0.0051247840747237206
XGB,5,0,0,0.05158797279000282
XGB,5,0,0,0.1414346992969513
XGB,5,0,1,0.9908509850502014
XGB,5,0,0,0.17062529921531677
XGB,5,0,0,0.1276346892118454
XGB,5,0,0,0.008612978272140026
XGB,5,0,0,0.007513624150305986
XGB,5,0,0,0.3802911341190338
XGB,5,0,0,0.002192335668951273
XGB,5,1,0,0.010599062778055668
XGB,5,0,0,0.14434655010700226
XGB,5,0,0,0.012816072441637516
XGB,5,1,1,0.9909594058990479
XGB,5,0,0,0.07181977480649948
XGB,5,1,1,0.5881435871124268
XGB,5,0,0,0.04230035841464996
XGB,5,0,0,0.0746372640132904
XGB,5,0,0,0.06791812181472778
XGB,5,0,1,0.6980404257774353
XGB,5,1,0,0.36320528388023376
XGB,5,0,1,0.6319707632064819
XGB,5,1,1,0.6735241413116455
XGB,5,0,0,0.0008256055298261344
XGB,5,1,0,0.0857091099023819
XGB,5,0,0,0.05616670101881027
XGB,5,0,0,0.47839048504829407
XGB,5,0,0,0.4343361258506775
XGB,5,0,0,0.08574478328227997
XGB,5,0,0,0.020751062780618668
XGB,5,0,1,0.9992832541465759
XGB,5,1,0,0.28593000769615173
XGB,5,0,0,0.013605110347270966
XGB,5,1,1,0.6837581992149353
XGB,5,0,0,0.19638320803642273
XGB,5,0,0,0.01910005882382393
XGB,5,0,0,0.10190419852733612
XGB,5,0,0,0.06007857993245125
XGB,5,0,0,0.11421886086463928
XGB,5,0,0,0.04599641263484955
XGB,5,0,0,0.3320557475090027
XGB,5,0,0,0.3253844082355499
XGB,5,0,0,0.006824691779911518
XGB,5,0,0,0.19206324219703674
XGB,5,0,0,0.30593371391296387
XGB,5,0,0,0.2788258492946625
XGB,5,0,0,0.15284134447574615
XGB,5,0,0,0.17435014247894287
XGB,5,0,0,0.047410644590854645
XGB,5,0,0,0.06169187277555466
XGB,5,0,0,0.03821578249335289
XGB,5,0,0,0.04712080582976341
XGB,5,0,0,0.01564665324985981
XGB,5,0,0,0.2982688248157501
XGB,5,0,0,0.018190717324614525
XGB,5,0,0,0.026067189872264862
XGB,5,0,0,0.11017613112926483
XGB,5,0,0,0.2598463296890259
XGB,5,1,1,0.9478597640991211
XGB,5,0,0,0.42086148262023926
XGB,5,0,0,0.0010158210061490536
XGB,5,0,0,0.07279325276613235
XGB,5,0,0,0.014485032297670841
XGB,5,0,0,0.14213013648986816
XGB,5,0,0,0.07276942580938339
XGB,5,1,0,0.0637335255742073
XGB,5,0,0,0.032481975853443146
XGB,5,0,0,0.011032632552087307
XGB,5,0,0,0.16014254093170166
XGB,5,0,0,0.021760566160082817
XGB,5,0,0,0.026711024343967438
XGB,5,0,0,0.20771722495555878
XGB,5,0,0,0.0953306257724762
XGB,5,0,0,0.16552801430225372
XGB,5,0,0,0.11174559593200684
XGB,5,0,0,0.1230761706829071
XGB,5,0,0,0.0055124517530202866
LGBM,1,0,0,0.06999800434722123
LGBM,1,1,0,0.1619851393169541
LGBM,1,0,0,0.015200610714946012
LGBM,1,1,0,0.031812426681574475
LGBM,1,0,0,0.040608552075981644
LGBM,1,0,0,0.2368230813692061
LGBM,1,0,0,0.10973548251944368
LGBM,1,0,0,0.19164935095269275
LGBM,1,0,0,0.04314634305636753
LGBM,1,0,0,0.09685243562840967
LGBM,1,0,0,0.09001308126066104
LGBM,1,0,0,0.0061627207405197506
LGBM,1,0,0,0.016288284004380236
LGBM,1,0,0,0.06308503955764394
LGBM,1,0,0,0.02072406612311489
LGBM,1,0,0,0.08668318798257538
LGBM,1,0,0,0.21354880579245858
LGBM,1,0,0,0.025471944756441864
LGBM,1,0,0,0.13087727552620465
LGBM,1,0,0,0.10183560837663651
LGBM,1,0,0,0.08516213939011451
LGBM,1,0,1,0.6502341143384818
LGBM,1,1,0,0.3147758597806495
LGBM,1,1,0,0.030492364683285603
LGBM,1,0,0,0.0499727883598018
LGBM,1,0,0,0.3005831345817099
LGBM,1,0,0,0.056997129802675205
LGBM,1,0,0,0.16556968810328065
LGBM,1,0,0,0.11565765137973477
LGBM,1,1,0,0.10749430957264786
LGBM,1,0,0,0.2835272309141918
LGBM,1,0,0,0.3697662692228975
LGBM,1,1,0,0.4926036767704819
LGBM,1,0,1,0.5146738025163441
LGBM,1,0,0,0.11138320425242539
LGBM,1,0,0,0.02350369864153799
LGBM,1,0,0,0.0656961247375472
LGBM,1,1,1,0.7095902395097519
LGBM,1,0,0,0.2890584783254013
LGBM,1,0,0,0.1374591453165828
LGBM,1,0,0,0.18212806396709097
LGBM,1,1,0,0.3105901188508474
LGBM,1,0,0,0.07770266675980846
LGBM,1,0,1,0.6417198284349563
LGBM,1,0,0,0.3695414160303423
LGBM,1,0,0,0.06375111668387805
LGBM,1,1,0,0.23644054235453832
LGBM,1,0,0,0.016523908720799153
LGBM,1,0,0,0.34847579656155153
LGBM,1,1,0,0.05771571647597666
LGBM,1,1,0,0.10590027642936578
LGBM,1,0,0,0.22974806927620267
LGBM,1,0,0,0.10473396013069898
LGBM,1,0,0,0.06587832780414614
LGBM,1,0,0,0.03367569519825836
LGBM,1,0,0,0.06491667985975803
LGBM,1,1,0,0.3916372045497119
LGBM,1,0,0,0.19670153597276122
LGBM,1,0,0,0.045349271361060366
LGBM,1,1,1,0.6085840914081617
LGBM,1,0,1,0.6872636685181378
LGBM,1,1,1,0.9467819914887933
LGBM,1,0,0,0.3033953076184043
LGBM,1,0,0,0.10733775726920196
LGBM,1,0,0,0.30068962806268135
LGBM,1,0,0,0.05677002084302807
LGBM,1,0,0,0.023986407332861014
LGBM,1,1,0,0.07355015962820959
LGBM,1,1,0,0.2569187141826478
LGBM,1,0,0,0.11566056981972686
LGBM,1,0,0,0.11521877901192482
LGBM,1,0,1,0.5765806396822153
LGBM,1,0,0,0.2969782760646213
LGBM,1,0,0,0.027346172241241494
LGBM,1,0,0,0.08568913269097492
LGBM,1,1,1,0.5228284447115371
LGBM,1,0,0,0.2594081098583027
LGBM,1,0,0,0.10093743398831265
LGBM,1,1,0,0.2545380240198174
LGBM,1,0,0,0.4072517496552837
LGBM,1,0,0,0.05933797372946174
LGBM,1,0,0,0.0954927090252832
LGBM,1,0,0,0.34535138703153534
LGBM,1,0,0,0.25427180980327785
LGBM,1,0,0,0.04274212889594662
LGBM,1,0,0,0.02657326856044725
LGBM,1,0,0,0.17310018360128562
LGBM,1,0,1,0.8524627624828724
LGBM,1,0,0,0.3574919621005805
LGBM,1,1,1,0.6968702559444008
LGBM,1,0,0,0.21394884647203574
LGBM,1,0,0,0.04683312313980138
LGBM,1,0,0,0.20754349442918107
LGBM,1,0,0,0.08549584992626695
LGBM,1,0,0,0.1583955257175538
LGBM,1,0,0,0.10901654597776701
LGBM,1,1,0,0.23844832885500677
LGBM,1,0,0,0.3362741907023024
LGBM,1,0,1,0.9025881970652523
LGBM,1,1,1,0.5640443824707735
LGBM,1,0,0,0.11018545430423353
LGBM,1,0,0,0.06293669521168209
LGBM,1,1,0,0.057044892191031725
LGBM,1,1,1,0.9760679847743844
LGBM,1,0,0,0.0765783685313992
LGBM,1,0,0,0.012970196676152453
LGBM,1,0,0,0.44734374456749837
LGBM,1,0,0,0.22497237614130555
LGBM,1,0,0,0.027797610322433823
LGBM,1,1,1,0.9455890742634827
LGBM,1,0,0,0.12250000965884908
LGBM,1,0,0,0.24876207416739465
LGBM,1,0,0,0.21736001945682426
LGBM,1,0,1,0.5099661841330055
LGBM,1,1,1,0.9198013482937843
LGBM,1,1,1,0.9931792027633309
LGBM,1,0,0,0.10940036877693238
LGBM,1,1,0,0.15781554528863065
LGBM,1,1,0,0.4113346483142723
LGBM,1,1,0,0.41556030798490506
LGBM,1,0,0,0.10728126640212508
LGBM,1,0,0,0.23030119911855312
LGBM,1,1,0,0.3987295741488673
LGBM,1,0,0,0.4078638719316935
LGBM,1,0,0,0.07509369194501755
LGBM,1,0,0,0.011193932752912398
LGBM,1,1,1,0.8030913833025943
LGBM,1,0,0,0.2688300766459558
LGBM,1,0,0,0.3665246651111462
LGBM,1,0,0,0.16570113972762976
LGBM,1,0,0,0.09160131494809227
LGBM,1,0,0,0.18369323001486199
LGBM,1,0,0,0.046208671993464644
LGBM,1,0,0,0.18999418132728704
LGBM,1,0,0,0.008419445465028846
LGBM,1,1,0,0.28385588159201397
LGBM,1,0,0,0.0943373505782927
LGBM,1,0,0,0.24922381011781125
LGBM,1,1,0,0.03766471908096764
LGBM,1,0,0,0.07988840653029398
LGBM,1,0,0,0.1442044257132628
LGBM,1,1,0,0.09848404418580245
LGBM,1,0,0,0.0843696900189514
LGBM,1,0,0,0.02782472124125158
LGBM,1,0,0,0.4533269745966934
LGBM,1,0,0,0.17210891477283521
LGBM,1,1,0,0.4155013653022651
LGBM,1,0,1,0.9949908244892178
LGBM,1,0,0,0.024845613217369375
LGBM,1,0,0,0.2739940083011777
LGBM,1,1,0,0.10081716977058333
LGBM,1,0,0,0.02584495257198914
LGBM,1,0,0,0.451098210274697
LGBM,1,0,0,0.46881042170817105
LGBM,1,0,0,0.109220371444486
LGBM,1,0,1,0.7988291696458788
LGBM,1,0,0,0.16709657200804506
LGBM,1,0,0,0.06191017638063854
LGBM,1,0,0,0.23427953173020416
LGBM,1,0,0,0.18295531250924016
LGBM,1,0,0,0.05499796684770582
LGBM,1,0,0,0.034289725826008324
LGBM,1,0,0,0.4710007846681284
LGBM,1,0,0,0.11607440565610114
LGBM,1,0,0,0.21882479606973257
LGBM,1,0,0,0.23239451976809772
LGBM,1,0,0,0.49888753775347294
LGBM,1,1,1,0.5432925649558309
LGBM,1,1,0,0.40841496934900584
LGBM,1,0,0,0.28387280430669914
LGBM,1,0,0,0.2091854353408623
LGBM,1,1,0,0.06036957857237342
LGBM,1,0,0,0.13828970194166115
LGBM,1,0,0,0.4287373151754055
LGBM,1,0,0,0.054996994429017745
LGBM,1,0,0,0.05431885197505547
LGBM,1,0,0,0.036039246099698705
LGBM,1,0,0,0.16543714704510826
LGBM,1,0,0,0.21596609960070884
LGBM,1,0,0,0.027330053680398602
LGBM,1,0,0,0.09412819198980794
LGBM,1,0,0,0.2042278618225937
LGBM,1,0,0,0.03492932314362596
LGBM,1,0,0,0.1515469669999271
LGBM,1,0,0,0.2778546588557468
LGBM,1,0,0,0.16103855508245335
LGBM,1,0,0,0.3534403753734599
LGBM,1,0,0,0.05463861382249166
LGBM,1,1,0,0.19777318966875912
LGBM,1,0,0,0.12554038612310156
LGBM,1,1,0,0.49901855570729176
LGBM,1,0,1,0.596299173567599
LGBM,1,1,1,0.6060413190364535
LGBM,1,1,0,0.08445637663169532
LGBM,1,0,0,0.02790967371207701
LGBM,1,0,0,0.026635723909678072
LGBM,1,0,0,0.016742936943522402
LGBM,1,1,0,0.15926385658315892
LGBM,1,1,0,0.3077076981440632
LGBM,1,1,0,0.1595991555483152
LGBM,1,0,0,0.00879236067436409
LGBM,1,0,0,0.021727260799874953
LGBM,1,1,0,0.24183272517089588
LGBM,1,1,0,0.32671244879687567
LGBM,1,0,0,0.0969743937021518
LGBM,1,0,0,0.07512081690634846
LGBM,1,0,0,0.10366041021548957
LGBM,1,0,0,0.3240712124579857
LGBM,1,0,0,0.13539758672053248
LGBM,1,0,1,0.6076140443874447
LGBM,1,0,0,0.24292976497356206
LGBM,1,0,0,0.17335490899613976
LGBM,1,0,0,0.10683273662635953
LGBM,1,0,0,0.07917490531918382
LGBM,1,0,0,0.09327722832936373
LGBM,1,0,0,0.015603608694671058
LGBM,1,1,0,0.12155046676829331
LGBM,1,1,0,0.437041812122912
LGBM,1,0,0,0.041084125190793894
LGBM,1,1,0,0.26122320497063983
LGBM,1,0,0,0.07458379060973738
LGBM,1,0,0,0.13800489359119675
LGBM,1,1,0,0.07820432010993703
LGBM,1,0,0,0.025171065072020878
LGBM,1,0,0,0.06871148624916797
LGBM,1,0,0,0.017584293116447245
LGBM,1,0,0,0.005199078974306541
LGBM,1,0,1,0.6565783611461863
LGBM,1,1,0,0.1078951984271321
LGBM,1,1,1,0.7379440429156082
LGBM,1,0,0,0.06222581489130239
LGBM,1,0,0,0.022308419706487184
LGBM,1,0,1,0.5012802702604432
LGBM,1,0,0,0.23374492590657953
LGBM,1,0,0,0.27628760062956353
LGBM,1,0,0,0.31945253735291773
LGBM,1,0,0,0.4420021661410207
LGBM,1,0,0,0.32461690474483335
LGBM,1,0,0,0.07436182784863674
LGBM,1,0,0,0.06623069211891161
LGBM,1,0,0,0.07461600527511028
LGBM,1,0,0,0.17532379198090478
LGBM,1,0,0,0.046706071580585234
LGBM,1,0,0,0.013790493213138669
LGBM,1,0,0,0.12466954088519147
LGBM,1,0,0,0.22448454075773425
LGBM,1,1,0,0.3839634267280441
LGBM,1,0,0,0.095185270444712
LGBM,1,0,0,0.03772678314348
LGBM,1,1,1,0.8090166224101673
LGBM,1,0,0,0.32394895490707026
LGBM,1,0,0,0.044732779280311205
LGBM,1,0,1,0.5531337264449047
LGBM,1,0,0,0.05893164203114223
LGBM,1,0,0,0.264758421076572
LGBM,1,1,0,0.2475690406615282
LGBM,1,0,0,0.061817441582335896
LGBM,1,0,0,0.1887129120780592
LGBM,1,0,0,0.08987061701549458
LGBM,1,0,0,0.11230605429001332
LGBM,1,0,0,0.04462961409438511
LGBM,1,0,0,0.03262537830889475
LGBM,1,0,0,0.28510512179407715
LGBM,1,0,0,0.021921956336270827
LGBM,1,0,0,0.02444756419745531
LGBM,1,0,0,0.17746889934172677
LGBM,1,0,0,0.04841410407476294
LGBM,1,1,0,0.0736724405561186
LGBM,1,0,0,0.07959706268566355
LGBM,1,1,0,0.03568408183463701
LGBM,1,0,0,0.040225350916218566
LGBM,1,0,0,0.12479083788026828
LGBM,1,0,0,0.13699452376744045
LGBM,1,1,0,0.2537669213022541
LGBM,1,0,0,0.0585020407386372
LGBM,1,0,0,0.030768919641436607
LGBM,1,0,0,0.05011203281701355
LGBM,1,0,0,0.20255572711267603
LGBM,1,0,0,0.1012188110743449
LGBM,1,0,0,0.10496760183293483
LGBM,1,0,0,0.13462722253933668
LGBM,1,0,0,0.13914031425026568
LGBM,1,0,0,0.05048253694458573
LGBM,1,0,0,0.07911581593592186
LGBM,1,0,0,0.05036258519337154
LGBM,1,0,0,0.01978228679385929
LGBM,1,1,0,0.3926723138892235
LGBM,1,0,0,0.15571771684966268
LGBM,1,0,0,0.10921582562504897
LGBM,1,0,0,0.058198036360003154
LGBM,1,0,0,0.3131449483716332
LGBM,1,1,0,0.21950291828907773
LGBM,1,0,0,0.15756297936870003
LGBM,1,1,0,0.02800250941453467
LGBM,1,0,0,0.21577962774988482
LGBM,1,0,0,0.09731516272240187
LGBM,1,0,0,0.06939775320237802
LGBM,1,0,0,0.120564789474892
LGBM,1,0,0,0.17899850603609455
LGBM,1,0,0,0.30807013122159177
LGBM,1,0,0,0.14006126071264485
LGBM,1,0,0,0.14208182728257002
LGBM,1,0,0,0.33528880923692517
LGBM,1,1,1,0.969510991515144
LGBM,1,1,1,0.7436348643628173
LGBM,1,0,0,0.14228156657397031
LGBM,1,0,0,0.08251753334684007
LGBM,1,0,0,0.0249505586193839
LGBM,1,0,0,0.21120958467447679
LGBM,1,0,0,0.10471994504590598
LGBM,1,0,0,0.444811999716551
LGBM,1,0,0,0.044033848486137256
LGBM,1,0,0,0.1319166477443688
LGBM,1,0,0,0.06740983602640782
LGBM,1,0,0,0.031064383732133733
LGBM,1,1,0,0.15666963454303787
LGBM,1,0,0,0.027334991766944775
LGBM,1,0,0,0.03805204045963759
LGBM,1,0,0,0.16895432595265394
LGBM,1,1,1,0.8981974976170838
LGBM,1,0,0,0.0792988848649271
LGBM,1,0,0,0.3394966393362362
LGBM,1,1,0,0.12913339771187213
LGBM,1,1,0,0.11640233794488039
LGBM,1,0,0,0.25678355776253425
LGBM,1,0,0,0.09230411962075137
LGBM,1,0,0,0.2900342268708561
LGBM,1,0,0,0.04686998323206222
LGBM,1,1,1,0.9970043742695563
LGBM,1,0,0,0.021829368561432753
LGBM,1,0,0,0.05393056514588598
LGBM,1,0,0,0.42693904988612963
LGBM,1,0,0,0.0626787702554397
LGBM,1,0,0,0.05365910123729899
LGBM,1,0,0,0.26704931186505626
LGBM,1,0,0,0.027830148332286857
LGBM,1,1,1,0.80016314158419
LGBM,1,0,0,0.1001875467345077
LGBM,1,0,0,0.031094230143435854
LGBM,1,0,0,0.17470510238105347
LGBM,1,0,0,0.09576303908803488
LGBM,1,0,0,0.05118279895048523
LGBM,1,1,1,0.836674278304473
LGBM,1,1,0,0.049659131663963775
LGBM,1,0,0,0.37987790528101406
LGBM,1,0,0,0.3243837645347088
LGBM,1,0,0,0.23649424434857758
LGBM,1,0,0,0.3012953405829135
LGBM,1,0,0,0.13275475183445404
LGBM,1,0,0,0.48066333755472546
LGBM,1,0,0,0.36026098669397755
LGBM,1,1,0,0.4773564001669002
LGBM,1,0,0,0.11252060651877864
LGBM,1,1,0,0.06994384938974245
LGBM,1,0,0,0.031686365739006406
LGBM,1,0,0,0.1766148281942667
LGBM,1,0,0,0.03808556587104872
LGBM,1,0,0,0.3602473489969543
LGBM,1,1,0,0.11686605986266403
LGBM,1,0,0,0.29849055147536807
LGBM,1,0,0,0.059350382201443674
LGBM,1,0,0,0.018144854877725408
LGBM,1,0,0,0.10717813675651283
LGBM,1,0,0,0.02907418665324104
LGBM,1,0,0,0.10074975146728479
LGBM,1,0,0,0.23760444808951686
LGBM,1,0,0,0.10048432304182725
LGBM,1,0,0,0.2877659725818444
LGBM,1,0,0,0.026520199309332675
LGBM,1,0,0,0.2987840007188891
LGBM,1,0,0,0.02579883372508953
LGBM,1,0,0,0.0366921360997047
LGBM,1,0,0,0.10020981993078226
LGBM,1,0,0,0.08143843721820213
LGBM,1,1,1,0.9803011650966165
LGBM,1,0,0,0.21829065908992526
LGBM,1,0,0,0.11227241490989573
LGBM,1,0,0,0.17459676113488132
LGBM,1,0,0,0.08618757730560284
LGBM,1,0,0,0.37648208544130024
LGBM,1,0,0,0.01565290016427641
LGBM,1,0,0,0.1945223297626538
LGBM,1,0,0,0.21534852544175132
LGBM,1,1,1,0.7088648534934222
LGBM,1,1,0,0.2825126680718219
LGBM,1,0,0,0.012638917847800924
LGBM,1,0,0,0.3205905569436328
LGBM,1,0,0,0.43333255676797794
LGBM,1,1,0,0.31298980065803195
LGBM,1,0,0,0.101095926382552
LGBM,1,1,1,0.9498817713850971
LGBM,1,1,0,0.036485815794470265
LGBM,1,0,0,0.42273068972142497
LGBM,1,0,0,0.13819526684284014
LGBM,1,0,1,0.5822448392195665
LGBM,1,1,0,0.08095392521929536
LGBM,1,1,0,0.3417962371789709
LGBM,1,0,0,0.005964049542723913
LGBM,1,1,0,0.3080607643126401
LGBM,1,0,0,0.16626781998330917
LGBM,1,0,0,0.24795855556503144
LGBM,1,0,0,0.09402077996542449
LGBM,1,1,1,0.5746730730463256
LGBM,1,0,0,0.216105936804211
LGBM,1,1,1,0.6739530193148803
LGBM,1,0,0,0.03392532906997459
LGBM,1,0,0,0.19707720381650148
LGBM,1,1,1,0.5873844844150709
LGBM,1,1,0,0.22618349863752926
LGBM,1,0,1,0.6674342491654338
LGBM,1,0,0,0.2715774927691112
LGBM,1,0,0,0.15820384213829766
LGBM,1,0,0,0.2441527396262727
LGBM,1,0,0,0.007181107385687112
LGBM,1,0,0,0.22517005807610424
LGBM,1,0,0,0.1385139326203429
LGBM,1,0,0,0.02690413547210213
LGBM,1,1,1,0.5878827787782549
LGBM,1,0,0,0.06424234159907079
LGBM,1,0,0,0.06502051837841578
LGBM,1,0,0,0.3289724727066665
LGBM,1,0,0,0.17461066405469255
LGBM,1,0,0,0.11299501043233974
LGBM,1,0,1,0.681465567388757
LGBM,1,1,0,0.13812624933690107
LGBM,1,0,0,0.05926146128877221
LGBM,1,0,1,0.5283625261902829
LGBM,1,0,0,0.46363461350242835
LGBM,1,0,0,0.1198107117933816
LGBM,1,0,1,0.585283085051423
LGBM,1,0,1,0.721107244589517
LGBM,1,0,1,0.8427380768201128
LGBM,1,0,0,0.010948014406117642
LGBM,1,0,0,0.322806636877007
LGBM,1,0,0,0.37840796346578087
LGBM,1,0,0,0.04420213080767263
LGBM,1,0,0,0.006448266983762525
LGBM,1,1,0,0.14555678176401848
LGBM,1,0,1,0.754757066137015
LGBM,1,0,0,0.13924697504217723
LGBM,1,0,0,0.4258427589537832
LGBM,1,0,0,0.15125257267595402
LGBM,1,0,0,0.057335086800049104
LGBM,1,0,0,0.19854773461678277
LGBM,1,0,0,0.2921113797650854
LGBM,1,0,0,0.14435846144310033
LGBM,1,0,0,0.3733109810648235
LGBM,1,0,0,0.16673075206005183
LGBM,1,0,0,0.027595015590900177
LGBM,1,0,0,0.25981753011353526
LGBM,1,0,0,0.055111394484569365
LGBM,1,0,0,0.05800193243466261
LGBM,1,0,0,0.07126502802192516
LGBM,1,1,0,0.1834113061054478
LGBM,1,0,0,0.03330147486901605
LGBM,1,0,0,0.0176517796074362
LGBM,1,0,0,0.2516596745754191
LGBM,1,1,0,0.1695446132550063
LGBM,1,0,0,0.4439617179888408
LGBM,1,0,0,0.03626978927381495
LGBM,1,0,0,0.1109702097540341
LGBM,1,1,1,0.9275411498509284
LGBM,1,0,0,0.4045580955111181
LGBM,1,0,0,0.05241046381151344
LGBM,1,1,1,0.7051865576100896
LGBM,1,0,0,0.31073169601480066
LGBM,1,0,0,0.39642047710395606
LGBM,1,0,0,0.41552365579706596
LGBM,1,0,0,0.18298325847197314
LGBM,1,0,0,0.07475123895277497
LGBM,1,0,0,0.40197710793542485
LGBM,1,0,0,0.1577535240174151
LGBM,1,1,0,0.03127178645726418
LGBM,1,0,0,0.37744048434937827
LGBM,1,0,0,0.11069788161386378
LGBM,1,0,0,0.062253691864894385
LGBM,1,1,0,0.03761689410079429
LGBM,1,0,0,0.1894527383772076
LGBM,1,0,0,0.39543018299730487
LGBM,1,1,0,0.09430343119747603
LGBM,1,0,0,0.13503616559783882
LGBM,1,1,0,0.21128344194608775
LGBM,1,1,0,0.1567635486016296
LGBM,1,0,0,0.3769061193814406
LGBM,1,0,0,0.19711162283633413
LGBM,1,1,0,0.34820895460921314
LGBM,1,1,0,0.49752042221295384
LGBM,1,0,0,0.44665701412510744
LGBM,1,0,0,0.13164156082444506
LGBM,1,0,0,0.14608196802049397
LGBM,1,0,0,0.027683697515568415
LGBM,1,0,0,0.19931922230667296
LGBM,1,0,0,0.04251013671261568
LGBM,1,1,0,0.04103213339998808
LGBM,1,1,0,0.09412175531903957
LGBM,1,0,0,0.06739720824513351
LGBM,1,0,0,0.05897238164696025
LGBM,1,0,0,0.10629046309373866
LGBM,1,1,0,0.1085880152362748
LGBM,1,0,0,0.0736606261544441
LGBM,1,0,0,0.06372657880679841
LGBM,1,0,0,0.38025564106574533
LGBM,1,1,1,0.9674826281986731
LGBM,1,0,0,0.08707406087386685
LGBM,1,0,0,0.3517630548126008
LGBM,1,1,1,0.6471018267454636
LGBM,1,0,0,0.048197312740882854
LGBM,1,0,0,0.08901328820952972
LGBM,1,0,0,0.16811795395335397
LGBM,1,0,0,0.023063452923115516
LGBM,1,0,0,0.40826538926427935
LGBM,1,0,0,0.18137776410606657
LGBM,1,0,0,0.2665988750465621
LGBM,1,0,0,0.026798332228978424
LGBM,1,0,1,0.6097618210360203
LGBM,1,0,1,0.653028444061732
LGBM,1,0,0,0.4762312631179064
LGBM,1,1,0,0.009155229688409136
LGBM,1,0,0,0.06881094392090475
LGBM,1,1,0,0.20660547366079207
LGBM,1,0,0,0.0077835270541253545
LGBM,1,0,0,0.27447458366757793
LGBM,1,0,0,0.2072740220443923
LGBM,1,0,0,0.005306234233356413
LGBM,1,0,0,0.053353833293830394
LGBM,1,0,0,0.09645743869071532
LGBM,1,0,0,0.023947285752615174
LGBM,1,0,0,0.257071210780413
LGBM,1,0,0,0.05028387009210146
LGBM,1,1,0,0.22666851572078414
LGBM,1,1,0,0.36759913715630543
LGBM,1,1,1,0.9568461854150787
LGBM,1,0,0,0.12092427229874146
LGBM,1,0,0,0.20101321233191788
LGBM,1,1,0,0.04700317615089532
LGBM,1,1,0,0.40102920180956425
LGBM,1,0,0,0.11526622564966109
LGBM,1,0,1,0.5649717655158861
LGBM,1,0,0,0.2540551886756443
LGBM,1,0,0,0.3028900185858234
LGBM,1,0,0,0.2072740220443923
LGBM,1,0,0,0.1240216731062307
LGBM,1,0,0,0.05824917273526639
LGBM,1,1,0,0.12578656053678353
LGBM,1,0,0,0.05132803972708891
LGBM,1,0,0,0.06839486622797479
LGBM,1,0,0,0.1196177641150162
LGBM,1,0,0,0.151295511232835
LGBM,1,0,0,0.057541727098799185
LGBM,1,1,1,0.5909844639088818
LGBM,1,1,0,0.10582003624452278
LGBM,1,0,0,0.11723241600075543
LGBM,1,0,0,0.07336601067827281
LGBM,1,0,0,0.33854113437771743
LGBM,1,0,0,0.09627129427862452
LGBM,1,0,0,0.09705530856963002
LGBM,1,1,1,0.5486752125796591
LGBM,1,0,0,0.05705122412160251
LGBM,1,0,1,0.5220472038198531
LGBM,1,0,0,0.04514554695551085
LGBM,1,0,0,0.0668378747411618
LGBM,1,0,0,0.11577600225993354
LGBM,1,1,0,0.14254992294601265
LGBM,1,0,0,0.11761078704149412
LGBM,1,1,0,0.22341717734079572
LGBM,1,0,0,0.18503859108087317
LGBM,1,0,0,0.040467944875825904
LGBM,1,1,0,0.10861621669939084
LGBM,1,0,0,0.07354043516752896
LGBM,1,0,0,0.10133753480642131
LGBM,1,0,1,0.9748606613065977
LGBM,1,0,0,0.4498165003183893
LGBM,1,0,0,0.12308447626095267
LGBM,1,0,0,0.15047911908106584
LGBM,1,0,0,0.127289807237749
LGBM,1,0,0,0.017623103044127016
LGBM,1,0,0,0.0355004254281532
LGBM,1,0,0,0.08892196104636448
LGBM,1,1,0,0.1846387582324485
LGBM,1,0,1,0.5089262704107026
LGBM,1,0,0,0.4294316108625394
LGBM,1,0,0,0.4094267311322067
LGBM,1,1,0,0.38666771767296426
LGBM,1,0,1,0.5816372993537838
LGBM,1,0,0,0.1652715030167979
LGBM,1,0,0,0.40272951228161424
LGBM,1,0,0,0.1307705899439943
LGBM,1,1,0,0.3085594982692567
LGBM,1,1,1,0.5251060255208285
LGBM,1,0,0,0.07435154847845603
LGBM,1,0,0,0.10728657319403942
LGBM,1,0,0,0.0061858959366136515
LGBM,1,1,0,0.04588803255497869
LGBM,1,0,0,0.3807280788807355
LGBM,1,0,0,0.2994054215446675
LGBM,1,0,0,0.1448884314166305
LGBM,1,0,0,0.4211734140168252
LGBM,1,1,1,0.5447343024091269
LGBM,1,0,0,0.10197294251023623
LGBM,1,0,0,0.24165087100603125
LGBM,1,0,0,0.11219310712739328
LGBM,1,0,0,0.45270919114093044
LGBM,1,0,0,0.03359883931698605
LGBM,1,0,0,0.015904631279515778
LGBM,1,0,1,0.6325795947828627
LGBM,1,1,0,0.04495011084655159
LGBM,1,1,0,0.15254733140063761
LGBM,1,0,0,0.13771667495625045
LGBM,1,1,0,0.21937226826861211
LGBM,1,0,0,0.02700894376073273
LGBM,1,0,0,0.3749263402266925
LGBM,1,0,0,0.2758009419303088
LGBM,1,0,0,0.014432885434774776
LGBM,1,0,0,0.006899461641250546
LGBM,1,0,0,0.14125953509427164
LGBM,1,1,0,0.06557011930801841
LGBM,1,0,0,0.055856276713188074
LGBM,1,0,0,0.04126366803781891
LGBM,1,0,0,0.3374843342781391
LGBM,1,0,0,0.3985800930689273
LGBM,1,0,0,0.3546497580611212
LGBM,1,1,1,0.661159216736852
LGBM,1,0,0,0.10837091914473189
LGBM,1,1,0,0.06812241587209841
LGBM,1,0,0,0.042078503205053124
LGBM,1,0,1,0.6020587447859099
LGBM,1,0,0,0.019863648647280206
LGBM,1,0,0,0.04452589635021199
LGBM,1,0,0,0.13407624674116603
LGBM,1,0,0,0.1486328839790864
LGBM,1,0,0,0.2417454218170059
LGBM,1,0,0,0.06300183664728952
LGBM,1,0,0,0.2220841596510703
LGBM,1,1,1,0.6085840914081617
LGBM,1,0,0,0.129904366521338
LGBM,1,0,0,0.1211453988123385
LGBM,1,0,0,0.19611933231509626
LGBM,1,0,1,0.5681615670511033
LGBM,1,0,0,0.22691789029373025
LGBM,1,1,0,0.41027509991459854
LGBM,1,0,0,0.22703502949510132
LGBM,1,0,0,0.013136753466277531
LGBM,1,0,0,0.16268077178604334
LGBM,1,0,0,0.08562071494840125
LGBM,1,0,0,0.03891824656179882
LGBM,1,0,1,0.5209178039633863
LGBM,1,0,0,0.1545058908949071
LGBM,1,1,0,0.03170281908261435
LGBM,1,0,0,0.1287220797280488
LGBM,1,1,0,0.20723824062676463
LGBM,1,0,0,0.05518011844077514
LGBM,1,0,0,0.17903334231714665
LGBM,1,0,1,0.5929296414436735
LGBM,1,0,1,0.5261118235161113
LGBM,1,0,0,0.31722914308573763
LGBM,1,0,0,0.04684926120369508
LGBM,1,0,1,0.8019779771294657
LGBM,1,0,0,0.21363191879510557
LGBM,1,0,0,0.13967182209650905
LGBM,1,1,0,0.31059881260100985
LGBM,1,0,0,0.3203870243966222
LGBM,1,0,0,0.23104932721069127
LGBM,1,0,0,0.32292341868072366
LGBM,1,1,0,0.08406786217628362
LGBM,1,1,0,0.20713598879487344
LGBM,1,0,0,0.16369600847835875
LGBM,1,0,0,0.175157652968896
LGBM,1,0,0,0.02822279890948456
LGBM,1,0,0,0.25679280363002244
LGBM,1,0,0,0.1748919062257195
LGBM,1,0,0,0.22603532077396538
LGBM,1,0,0,0.20945680158182398
LGBM,1,1,0,0.14631011241858177
LGBM,1,0,0,0.46692441342235336
LGBM,1,0,0,0.008093290323617436
LGBM,1,0,0,0.03598520951074926
LGBM,1,0,0,0.08671636758281545
LGBM,1,0,0,0.17829608104709482
LGBM,1,0,0,0.09665786602841211
LGBM,1,1,1,0.9192013894845166
LGBM,1,0,0,0.08432791696940917
LGBM,1,0,0,0.01875908520162971
LGBM,1,0,0,0.05137459755174798
LGBM,1,0,1,0.7119050583345535
LGBM,1,0,0,0.07506116368216903
LGBM,1,1,1,0.9001637841961087
LGBM,1,0,0,0.019043297181491923
LGBM,1,1,0,0.07815669284652407
LGBM,1,0,0,0.08018573405893507
LGBM,1,0,0,0.06929574100570365
LGBM,1,0,0,0.2631261433356462
LGBM,1,0,0,0.13875552997622284
LGBM,1,0,0,0.20110517988444354
LGBM,1,0,0,0.4741567129727963
LGBM,1,0,0,0.11869191739278831
LGBM,1,0,0,0.04962800862881423
LGBM,1,0,0,0.1750554119980455
LGBM,1,0,0,0.415026806374359
LGBM,1,1,0,0.23386313072805245
LGBM,1,0,0,0.38214516078804994
LGBM,1,0,0,0.2712688661134441
LGBM,1,0,0,0.04024817175548471
LGBM,1,0,0,0.11160712959044164
LGBM,1,0,0,0.07364212600452408
LGBM,1,1,0,0.10664253450449734
LGBM,1,0,0,0.17035039456411424
LGBM,1,0,0,0.01882422980075409
LGBM,1,0,0,0.2153199547117959
LGBM,1,0,0,0.05417512958385869
LGBM,1,0,0,0.27934132327821176
LGBM,1,1,0,0.39560888644381903
LGBM,1,0,0,0.05424549899055537
LGBM,1,1,1,0.8773707932190163
LGBM,1,0,0,0.1513231114369705
LGBM,1,0,0,0.10010314696653154
LGBM,1,1,0,0.1002915264865172
LGBM,1,1,0,0.3906589138366517
LGBM,1,0,0,0.031982655847296884
LGBM,1,0,0,0.08497330910624025
LGBM,1,0,0,0.22354780637762328
LGBM,1,0,0,0.10379183301416035
LGBM,1,0,0,0.29080400012327967
LGBM,1,0,0,0.005228022069101614
LGBM,1,1,0,0.20242785236283428
LGBM,1,0,0,0.14123746108954802
LGBM,1,1,0,0.023207391495768427
LGBM,1,0,0,0.07011943116265308
LGBM,1,0,0,0.3758818767804671
LGBM,1,0,0,0.2701229842283273
LGBM,1,1,0,0.22501569746671202
LGBM,1,0,0,0.2592262560053675
LGBM,1,0,0,0.010278719528116539
LGBM,1,0,0,0.3265818230218081
LGBM,1,0,0,0.26203432943457106
LGBM,1,0,0,0.09386383340454045
LGBM,1,0,0,0.1641507813833688
LGBM,1,0,0,0.08034167618842764
LGBM,1,1,0,0.37781521496981413
LGBM,1,0,0,0.16511760256839758
LGBM,1,1,0,0.21174056195522836
LGBM,1,1,0,0.07390248207386997
LGBM,1,0,0,0.16939366122337368
LGBM,1,1,0,0.08604205273289371
LGBM,1,0,0,0.38723220146396864
LGBM,1,1,0,0.05568809861557418
LGBM,1,0,0,0.047537802765532204
LGBM,1,0,1,0.5454741985119599
LGBM,1,0,0,0.2606504733304936
LGBM,1,0,0,0.14499119647283076
LGBM,1,0,0,0.16472667505648514
LGBM,1,1,0,0.24296275298365563
LGBM,1,0,0,0.12949668685373408
LGBM,1,0,0,0.18146664517169597
LGBM,1,1,0,0.18548910431568386
LGBM,1,0,0,0.008497506912998283
LGBM,1,1,0,0.12042605554402656
LGBM,1,0,0,0.14281914249291297
LGBM,1,0,0,0.06613077629786031
LGBM,1,1,0,0.23442534778281238
LGBM,1,0,1,0.8147044256793063
LGBM,1,1,0,0.37091588529745173
LGBM,1,0,0,0.23801450781796007
LGBM,1,0,1,0.7176168648024771
LGBM,1,0,0,0.04284618564962427
LGBM,1,1,0,0.0037176645915245627
LGBM,1,0,0,0.1545886364496943
LGBM,1,0,0,0.09786676511088863
LGBM,1,0,0,0.0651389841579881
LGBM,1,0,1,0.6552467073725584
LGBM,1,0,0,0.03577330419150819
LGBM,1,0,0,0.027943093637088596
LGBM,1,0,1,0.5058728853805001
LGBM,1,0,0,0.11031580403812033
LGBM,1,0,0,0.126142054278249
LGBM,1,0,0,0.031293989883805384
LGBM,1,0,0,0.1326842659711749
LGBM,1,0,0,0.20760125592922402
LGBM,1,0,0,0.21606307682742731
LGBM,1,0,0,0.0572339737847142
LGBM,1,0,0,0.1737281222562955
LGBM,1,1,0,0.21228419747632948
LGBM,1,0,0,0.18247212521051034
LGBM,1,1,1,0.9768751462375546
LGBM,1,0,0,0.2007459090713961
LGBM,1,0,1,0.6883796899244868
LGBM,1,0,0,0.46758593381152885
LGBM,1,0,0,0.0761757185405264
LGBM,1,1,1,0.6711467481051107
LGBM,1,0,0,0.07837968422680908
LGBM,1,0,0,0.06729309284255913
LGBM,1,0,0,0.2810572651776151
LGBM,1,0,0,0.310263057306833
LGBM,1,0,1,0.5187391764916609
LGBM,1,0,0,0.03402599266910901
LGBM,1,0,0,0.1818970498541904
LGBM,1,1,0,0.1592202002079136
LGBM,1,0,1,0.6832691008817078
LGBM,1,0,0,0.37271821965866275
LGBM,1,0,0,0.055396584949595824
LGBM,1,0,0,0.2643187515936253
LGBM,1,1,0,0.13570349209360966
LGBM,1,0,1,0.6693547608187312
LGBM,1,0,1,0.9371797396248438
LGBM,1,0,0,0.044085898965726115
LGBM,1,0,0,0.036753664379324355
LGBM,1,0,0,0.03960081605077117
LGBM,1,0,0,0.054823039422707595
LGBM,1,1,1,0.8650645973765869
LGBM,1,0,0,0.21378225010310672
LGBM,1,1,0,0.17840597493608093
LGBM,1,0,0,0.19862389429361438
LGBM,1,0,0,0.09767260206031854
LGBM,1,0,0,0.37587930440430084
LGBM,1,1,0,0.27762504365334073
LGBM,1,0,0,0.1983894343527026
LGBM,1,0,0,0.07332882701359372
LGBM,1,1,1,0.908969205998624
LGBM,1,0,1,0.6321604832889532
LGBM,1,0,0,0.3568673944436514
LGBM,1,0,0,0.21267877538581148
LGBM,1,1,0,0.018317911095421947
LGBM,1,0,0,0.10088171485834783
LGBM,1,0,1,0.6942190029516779
LGBM,1,0,1,0.9559452836589307
LGBM,1,0,0,0.07526513531614708
LGBM,1,0,0,0.0704076928903297
LGBM,1,0,0,0.19827771433592192
LGBM,1,0,0,0.27068162913637656
LGBM,1,1,0,0.18423870705919598
LGBM,1,1,1,0.6375441769371358
LGBM,1,0,0,0.2718898949786408
LGBM,1,1,1,0.787609009201554
LGBM,1,0,0,0.12165372679791078
LGBM,1,0,0,0.12562638899775705
LGBM,1,1,0,0.02212721835110152
LGBM,1,0,0,0.2935516337512699
LGBM,1,0,0,0.08306969212434197
LGBM,1,0,0,0.1791595552789478
LGBM,1,0,1,0.9285794692691962
LGBM,1,0,0,0.05338455842460324
LGBM,1,0,0,0.030158701808885434
LGBM,1,0,0,0.02867439150706256
LGBM,1,0,1,0.7800971828378289
LGBM,1,1,1,0.620650213322374
LGBM,1,0,0,0.16360152132716982
LGBM,1,0,0,0.22405166595571122
LGBM,1,0,0,0.16691267664471784
LGBM,1,0,0,0.04426451301766047
LGBM,1,1,1,0.5363463566095146
LGBM,1,0,0,0.12341971097637955
LGBM,1,0,1,0.6631506352025279
LGBM,1,1,1,0.7368351750288076
LGBM,1,0,0,0.14806147947309325
LGBM,1,0,0,0.08479644048427959
LGBM,1,0,1,0.966177001771253
LGBM,1,0,0,0.09243574057137001
LGBM,1,0,0,0.02617989425532441
LGBM,1,0,0,0.46061615303590603
LGBM,1,0,0,0.1517037072923403
LGBM,1,0,0,0.14677721909957767
LGBM,1,1,1,0.604641367237177
LGBM,1,0,0,0.012075279195278784
LGBM,1,1,1,0.9873214783899293
LGBM,1,1,0,0.2383894610974682
LGBM,1,1,1,0.840463344427439
LGBM,1,1,0,0.06422429610040224
LGBM,1,0,0,0.2028091709351617
LGBM,1,1,0,0.067533646939524
LGBM,1,0,0,0.006124930731906043
LGBM,1,1,0,0.2873502500271938
LGBM,1,0,0,0.27004499080710315
LGBM,1,0,0,0.03040775368656818
LGBM,1,1,0,0.2252739138423353
LGBM,1,0,0,0.07913499691305009
LGBM,1,1,0,0.14624901604691465
LGBM,1,0,0,0.18153848110965057
LGBM,1,0,1,0.6637737913021164
LGBM,1,0,0,0.17404143982873635
LGBM,1,1,0,0.325582061690186
LGBM,1,0,0,0.16379771719305233
LGBM,1,0,0,0.21692355371372107
LGBM,1,1,1,0.5698086516766393
LGBM,1,0,0,0.2844293142251774
LGBM,1,0,0,0.3821835760787173
LGBM,1,0,0,0.05391189118404695
LGBM,1,1,1,0.6089458910296114
LGBM,1,0,0,0.021020622684030408
LGBM,1,1,1,0.5044752749908815
LGBM,1,0,0,0.4837405180215304
LGBM,1,0,0,0.3482895964692067
LGBM,1,0,0,0.3291614900678517
LGBM,1,0,0,0.055619274695385336
LGBM,1,1,1,0.6076779264943661
LGBM,1,0,0,0.15422205806835657
LGBM,1,0,0,0.1836600053714296
LGBM,1,1,1,0.8736376389165232
LGBM,1,0,0,0.08721989487849147
LGBM,1,0,0,0.08417042039820714
LGBM,1,0,0,0.3307604717669348
LGBM,1,0,0,0.15104751488995669
LGBM,1,1,1,0.5473971423546171
LGBM,1,1,0,0.3769464685415722
LGBM,1,0,0,0.25978744944520793
LGBM,1,0,0,0.05034553274830259
LGBM,1,1,0,0.4828813712255998
LGBM,1,0,0,0.0658948749730979
LGBM,1,0,0,0.01600593303921374
LGBM,1,0,0,0.2765236199974775
LGBM,1,0,0,0.200888366819945
LGBM,1,0,0,0.08221614304417552
LGBM,1,1,1,0.5849561921169452
LGBM,1,0,0,0.12179934479556734
LGBM,1,0,0,0.2641140718924146
LGBM,1,0,0,0.028823833480417064
LGBM,1,0,0,0.21272260221077274
LGBM,1,1,1,0.6792735360652804
LGBM,1,0,0,0.14818062889749495
LGBM,1,0,0,0.20860521630381346
LGBM,1,1,0,0.0825793004974804
LGBM,1,0,0,0.18723748711049773
LGBM,1,1,0,0.05669711981647335
LGBM,1,0,0,0.1860529717136209
LGBM,1,0,0,0.07234072113671218
LGBM,1,0,0,0.23004748302699046
LGBM,1,1,0,0.1864013566410437
LGBM,1,1,0,0.25827945393352153
LGBM,1,0,0,0.05999920238948537
LGBM,1,1,0,0.2442082413824639
LGBM,1,1,1,0.7658296834347099
LGBM,1,0,0,0.1676543719148803
LGBM,1,0,0,0.3258585943844019
LGBM,1,0,0,0.07137153873760509
LGBM,1,0,0,0.11473243453962499
LGBM,1,0,0,0.14640266981920388
LGBM,1,0,0,0.08519798175864142
LGBM,1,0,0,0.325257787628968
LGBM,1,0,1,0.908222150743855
LGBM,1,0,0,0.016466540006253087
LGBM,1,0,0,0.49744861142053814
LGBM,1,0,0,0.08680323190034764
LGBM,1,0,0,0.23468073731327943
LGBM,1,0,0,0.164524939951306
LGBM,1,0,0,0.06382598857615907
LGBM,1,0,0,0.08245274870815629
LGBM,1,0,0,0.42358751639587616
LGBM,1,0,0,0.2283020085886806
LGBM,1,1,1,0.9351109602316259
LGBM,1,0,1,0.847790406981337
LGBM,1,0,0,0.3051348776965069
LGBM,1,0,0,0.06476915893385829
LGBM,1,0,0,0.3619533072121529
LGBM,1,1,0,0.3994235601923823
LGBM,1,0,0,0.29224749676805123
LGBM,1,1,0,0.15781901743951987
LGBM,1,0,0,0.354336758232108
LGBM,1,1,0,0.08696510362954613
LGBM,1,0,0,0.48869697540792084
LGBM,1,1,1,0.5052143647569942
LGBM,1,0,0,0.13520106225804696
LGBM,1,0,0,0.3091165641831976
LGBM,1,0,0,0.049874349518704696
LGBM,1,0,0,0.17263333377196224
LGBM,1,0,1,0.5882860750419099
LGBM,1,0,0,0.12941594553259428
LGBM,1,0,0,0.019731947211680832
LGBM,1,0,0,0.21547482779953378
LGBM,1,1,0,0.24738675206596708
LGBM,1,0,0,0.1954925828293677
LGBM,1,1,1,0.603024198329446
LGBM,1,0,0,0.0562068549469072
LGBM,1,0,0,0.38884610983278844
LGBM,1,0,0,0.155691206256647
LGBM,1,0,0,0.2209765083965863
LGBM,1,0,0,0.0690201184126875
LGBM,1,0,0,0.1849792267933896
LGBM,1,1,1,0.5056822712302113
LGBM,1,0,0,0.05497165899199645
LGBM,1,0,0,0.3920552235375186
LGBM,1,0,1,0.6897343200238414
LGBM,1,0,0,0.02673014591668065
LGBM,1,0,0,0.10141478632313247
LGBM,1,1,0,0.05516527916505239
LGBM,1,0,0,0.0382788887001252
LGBM,1,0,1,0.606894104649943
LGBM,1,0,0,0.05061260924937644
LGBM,1,0,0,0.08980762158675841
LGBM,1,0,0,0.059770933818192075
LGBM,1,0,0,0.10245063869792699
LGBM,1,0,0,0.03193825293197549
LGBM,1,0,0,0.10216907756459251
LGBM,1,0,0,0.09180308926042886
LGBM,1,0,0,0.10229115155342025
LGBM,1,0,0,0.07798720758864322
LGBM,1,0,0,0.14650930973851495
LGBM,1,0,0,0.05530235128219812
LGBM,1,0,1,0.5812605680691159
LGBM,1,0,0,0.0928176894476805
LGBM,1,0,0,0.03181344474613502
LGBM,1,0,0,0.16254855174160363
LGBM,1,0,1,0.6860075183767451
LGBM,1,0,0,0.4599466783801279
LGBM,1,0,0,0.34081956199171204
LGBM,1,1,0,0.3252840323720983
LGBM,1,0,0,0.020414364035704746
LGBM,1,0,1,0.6486391598435298
LGBM,1,0,0,0.10262212211917306
LGBM,1,0,1,0.5407687699347389
LGBM,1,0,0,0.08320942727151538
LGBM,1,0,0,0.034921489524828805
LGBM,1,0,0,0.07312640299015412
LGBM,1,0,0,0.24676563421453795
LGBM,1,0,0,0.052543507233069955
LGBM,1,0,0,0.0817090411405202
LGBM,1,0,0,0.11458528638237082
LGBM,1,0,0,0.2643808387575299
LGBM,1,0,0,0.37849727038247327
LGBM,1,0,0,0.05397442787695145
LGBM,1,0,0,0.1454222768705042
LGBM,1,1,0,0.29908295822777814
LGBM,1,0,0,0.019421933222937955
LGBM,1,1,0,0.004334103104355112
LGBM,1,1,1,0.8838714320984922
LGBM,1,0,0,0.3439676270575848
LGBM,1,1,0,0.3752681607116566
LGBM,1,0,0,0.20093673930515224
LGBM,1,1,0,0.29017565285918784
LGBM,1,0,0,0.05418161526124273
LGBM,1,1,1,0.7360767212407517
LGBM,1,0,1,0.9779906806725661
LGBM,1,0,0,0.023590611317683176
LGBM,1,1,1,0.9500047731794897
LGBM,1,1,0,0.07635056291502537
LGBM,1,0,0,0.035221846242289266
LGBM,1,0,0,0.1777662864883715
LGBM,1,0,0,0.040429021296621105
LGBM,1,0,0,0.21630695699535002
LGBM,1,0,0,0.05762578970886136
LGBM,1,0,0,0.3304324939452952
LGBM,1,1,1,0.9421413787732036
LGBM,1,0,0,0.16847593240462247
LGBM,1,0,0,0.1525494450408485
LGBM,1,0,0,0.2844933946158259
LGBM,1,0,0,0.26440019334730314
LGBM,1,0,0,0.04714899274534727
LGBM,1,0,0,0.3464938556726601
LGBM,1,0,0,0.22234394934879345
LGBM,1,0,1,0.5924924732670622
LGBM,1,0,0,0.10528290893436797
LGBM,1,0,0,0.28134183793749584
LGBM,1,0,0,0.32327164021376686
LGBM,1,0,0,0.18694567603957565
LGBM,1,0,0,0.38327597835782806
LGBM,1,1,0,0.10001539818686782
LGBM,1,0,0,0.2755349831387641
LGBM,1,0,0,0.14838210208794803
LGBM,1,0,0,0.007867056836816632
LGBM,1,1,1,0.9178129251835785
LGBM,1,0,0,0.035517971942460196
LGBM,1,1,1,0.6113918598752487
LGBM,1,0,0,0.20034252106583889
LGBM,1,0,0,0.2771855113133615
LGBM,1,0,0,0.19309687430537972
LGBM,1,1,0,0.4358783231353838
LGBM,1,1,0,0.07492932138359001
LGBM,1,0,0,0.09561231181003597
LGBM,1,1,0,0.102428397357524
LGBM,1,0,0,0.037561906915293854
LGBM,1,0,0,0.3031710314473005
LGBM,1,1,1,0.5969441301985852
LGBM,1,0,0,0.2731308810253016
LGBM,1,0,0,0.16439456142723596
LGBM,1,0,0,0.07783814936492647
LGBM,1,0,0,0.223095338318583
LGBM,1,0,0,0.05352890592452608
LGBM,1,0,0,0.0821734172549497
LGBM,1,0,0,0.049822695379644774
LGBM,1,0,0,0.14422001902473502
LGBM,1,0,0,0.452011689147533
LGBM,1,0,0,0.1437485045714671
LGBM,1,0,0,0.20919300942206015
LGBM,1,0,0,0.07174481588447822
LGBM,1,0,0,0.2073466145836241
LGBM,1,0,0,0.4442882574123609
LGBM,1,1,0,0.2514958895332169
LGBM,1,1,0,0.014838053326269508
LGBM,1,1,1,0.6705596016962887
LGBM,1,1,0,0.24007839257697194
LGBM,1,0,0,0.05542681073144256
LGBM,1,0,0,0.0463929548706985
LGBM,1,0,0,0.147131592758384
LGBM,1,0,0,0.012199636294588997
LGBM,1,0,0,0.03326276096547683
LGBM,1,1,0,0.3191021322441941
LGBM,1,0,0,0.0357914393702402
LGBM,1,0,0,0.15708099870301764
LGBM,1,1,0,0.14523481166364952
LGBM,1,0,0,0.07994021427026174
LGBM,1,0,0,0.27762504365334073
LGBM,1,0,0,0.1951647052736099
LGBM,1,0,0,0.14880892960129422
LGBM,1,1,1,0.6324799432247736
LGBM,1,0,0,0.17250417265652518
LGBM,1,0,0,0.08427454204747345
LGBM,1,0,0,0.4318384109690034
LGBM,1,0,0,0.04199101385593601
LGBM,1,0,0,0.2311348676972482
LGBM,1,0,0,0.36812362657773945
LGBM,1,0,0,0.10648036530719153
LGBM,1,0,0,0.17057824071213518
LGBM,1,0,0,0.046933691892732304
LGBM,1,0,0,0.23782607160246969
LGBM,1,0,0,0.11690215406118984
LGBM,1,1,1,0.835494245618005
LGBM,1,1,0,0.4952542079283844
LGBM,1,1,0,0.095185270444712
LGBM,1,1,1,0.5480713701369289
LGBM,1,1,0,0.32688600475914986
LGBM,1,0,0,0.05031227486731789
LGBM,1,0,1,0.578569236920365
LGBM,1,0,0,0.06832510892490505
LGBM,1,0,1,0.6470767635166991
LGBM,1,1,0,0.02307026384155058
LGBM,1,0,0,0.2728119597264086
LGBM,1,0,0,0.06546644493724049
LGBM,1,0,0,0.3982193461120707
LGBM,1,0,0,0.2478332520470725
LGBM,1,0,0,0.14156233103264906
LGBM,1,0,0,0.060564959689439105
LGBM,1,0,0,0.040731016922050965
LGBM,1,0,1,0.5949562998151531
LGBM,1,1,1,0.6640661137784348
LGBM,1,0,0,0.022916525404548554
LGBM,1,0,0,0.028436331818878648
LGBM,1,0,0,0.04815252390898282
LGBM,1,0,0,0.2048658471482333
LGBM,1,0,0,0.19441546964684667
LGBM,1,0,0,0.39245552880973494
LGBM,1,0,1,0.8836297091601221
LGBM,1,0,0,0.12973471848645707
LGBM,1,0,0,0.36411770826020506
LGBM,1,0,0,0.16244737528970257
LGBM,1,1,0,0.27063733222285674
LGBM,1,0,0,0.43232129492242666
LGBM,1,0,0,0.16080745292071508
LGBM,1,0,0,0.2115756907845145
LGBM,1,1,1,0.6082878619515779
LGBM,1,0,0,0.157529690072371
LGBM,1,1,0,0.20248079467962568
LGBM,1,0,0,0.037011350848435876
LGBM,1,0,0,0.4351040899525596
LGBM,1,0,0,0.3669822226213988
LGBM,1,0,0,0.020501635003270555
LGBM,1,0,0,0.10925457259311049
LGBM,1,0,0,0.3501979323555896
LGBM,1,1,0,0.18271436097462784
LGBM,1,0,0,0.06727731864231927
LGBM,1,1,1,0.63175290076238
LGBM,1,0,0,0.202784717193645
LGBM,1,0,0,0.26303805370627903
LGBM,1,0,1,0.9160325877728432
LGBM,1,0,0,0.30229549884283125
LGBM,1,0,0,0.15526791060148198
LGBM,1,0,0,0.0385792806040768
LGBM,1,0,0,0.14240650251708634
LGBM,1,0,0,0.08057940546194363
LGBM,1,0,0,0.13409619568009293
LGBM,1,1,0,0.03009960564600891
LGBM,1,0,0,0.025928102748667747
LGBM,1,0,0,0.27755552477905493
LGBM,1,0,0,0.43171985227963317
LGBM,1,0,0,0.17584640458649142
LGBM,1,1,0,0.05401959995913947
LGBM,1,0,0,0.36030723896531347
LGBM,1,0,0,0.17872303605497292
LGBM,1,0,0,0.2272451700490627
LGBM,1,0,0,0.1003178356021916
LGBM,1,0,0,0.11484846014884735
LGBM,1,1,0,0.34122615926319155
LGBM,1,0,0,0.4274820809024913
LGBM,1,0,0,0.22160847513624898
LGBM,1,1,0,0.05624674699360155
LGBM,1,1,0,0.21798065488367527
LGBM,1,1,1,0.5688010546472564
LGBM,1,0,0,0.006307796602401264
LGBM,1,1,0,0.3045855859991843
LGBM,1,1,0,0.3772141053830437
LGBM,1,0,0,0.17409004967200253
LGBM,1,0,0,0.19633374452616023
LGBM,1,0,0,0.13888881912946952
LGBM,1,0,0,0.0932742541832424
LGBM,1,0,0,0.07826489866582922
LGBM,1,0,0,0.028156750643062986
LGBM,1,0,0,0.24327589101608108
LGBM,1,0,1,0.8488528170985564
LGBM,1,1,0,0.14963892431285208
LGBM,1,0,1,0.5806620778147975
LGBM,1,0,0,0.02255665234997248
LGBM,1,0,0,0.04936752243837292
LGBM,1,0,0,0.053639149490913265
LGBM,1,1,0,0.16883393593365545
LGBM,1,1,0,0.1927775948720335
LGBM,1,0,0,0.19043282119997296
LGBM,1,0,0,0.030822483867127024
LGBM,1,0,0,0.03189139749517423
LGBM,1,0,0,0.24621977777258125
LGBM,1,0,0,0.2028227972359508
LGBM,1,0,0,0.09331156454871363
LGBM,1,0,0,0.0026907542924692654
LGBM,1,1,0,0.4662848155196481
LGBM,1,0,0,0.265035061936721
LGBM,1,1,0,0.06503696667394031
LGBM,1,0,1,0.5627208602571143
LGBM,1,0,0,0.18106173028464176
LGBM,1,0,0,0.34264313329382
LGBM,1,0,0,0.2854745540987651
LGBM,1,0,0,0.08767735530788263
LGBM,1,0,0,0.3838998780392556
LGBM,1,0,0,0.13360195944341374
LGBM,1,0,0,0.09857091754762612
LGBM,1,0,0,0.0908114105552972
LGBM,1,0,1,0.6654633969787541
LGBM,1,0,0,0.03421351702664393
LGBM,1,1,0,0.21314908557974543
LGBM,1,1,0,0.23073628623591094
LGBM,1,0,0,0.10235195939415977
LGBM,1,0,0,0.3381063470029916
LGBM,1,1,1,0.8441951928003788
LGBM,1,1,1,0.7954174847212244
LGBM,1,0,0,0.42362453770163755
LGBM,1,1,0,0.1481150527455655
LGBM,1,1,0,0.01049331982412357
LGBM,1,1,1,0.6993183294763773
LGBM,1,0,0,0.06988730040998072
LGBM,1,0,0,0.31513457311241505
LGBM,1,1,0,0.057241065435396456
LGBM,1,0,0,0.16929067939201628
LGBM,1,0,0,0.08915138684584153
LGBM,1,0,0,0.13704194748794216
LGBM,1,0,0,0.09498702134012635
LGBM,1,1,0,0.4645736176294739
LGBM,1,1,1,0.6281958392514548
LGBM,1,0,0,0.15951839442957713
LGBM,1,1,0,0.21759442287204162
LGBM,1,0,0,0.10077907877806769
LGBM,1,0,0,0.036349257091431865
LGBM,1,0,0,0.1008929245243946
LGBM,1,0,0,0.13847175478316337
LGBM,1,0,0,0.17388313457475743
LGBM,1,1,0,0.38541044061607893
LGBM,1,1,1,0.8826320411713935
LGBM,1,1,0,0.06555285877089319
LGBM,1,0,0,0.16509404285987372
LGBM,1,1,0,0.33472749117079326
LGBM,1,0,0,0.06609601810623157
LGBM,1,0,0,0.051278061962505526
LGBM,1,0,0,0.14776772123897988
LGBM,1,0,0,0.04397503923345373
LGBM,1,0,0,0.08658786086422256
LGBM,1,0,0,0.1499047485779694
LGBM,1,1,0,0.36493417487718366
LGBM,1,1,0,0.22810746439811924
LGBM,1,1,0,0.3324205839409605
LGBM,1,0,0,0.06774630530668989
LGBM,1,1,0,0.36436029045998874
LGBM,1,0,0,0.15309996224340863
LGBM,1,0,0,0.16734585411526295
LGBM,1,0,0,0.03299243832390789
LGBM,1,1,0,0.27934132327821176
LGBM,1,0,0,0.19426683858317068
LGBM,1,0,0,0.0941370440442007
LGBM,1,0,0,0.17424449683798712
LGBM,1,0,0,0.09352523916098661
LGBM,1,0,0,0.46280115696117363
LGBM,1,1,0,0.07738440872139885
LGBM,1,0,0,0.23894873841602454
LGBM,1,0,0,0.12280359585669201
LGBM,1,0,0,0.1617775313781428
LGBM,1,0,0,0.08354484388331983
LGBM,1,0,0,0.14054011932335242
LGBM,1,0,0,0.12499536495753297
LGBM,1,0,0,0.028457166044145263
LGBM,1,1,0,0.018633407174514796
LGBM,1,0,0,0.26567528123405915
LGBM,1,0,0,0.1757483573318902
LGBM,1,0,0,0.05272913512803397
LGBM,1,1,0,0.3302210120603513
LGBM,1,0,0,0.4762712638157629
LGBM,1,0,0,0.3299832188648262
LGBM,1,1,0,0.05514691539306158
LGBM,1,1,0,0.0678649130236464
LGBM,1,1,0,0.46871545519566277
LGBM,1,0,0,0.11147743255857064
LGBM,1,0,1,0.8279194589280635
LGBM,1,0,1,0.6643818680585556
LGBM,1,1,0,0.29633356225785723
LGBM,1,0,0,0.0309989109515268
LGBM,1,0,0,0.2927413460315861
LGBM,1,1,0,0.3837141610581231
LGBM,1,0,1,0.5900459408692131
LGBM,1,0,0,0.06562005823099858
LGBM,1,1,0,0.18694793832022208
LGBM,1,1,0,0.07942201711804628
LGBM,1,1,1,0.8388451551654814
LGBM,1,0,0,0.2769820271394454
LGBM,1,0,0,0.2578938700203155
LGBM,1,0,0,0.1773266321166246
LGBM,1,0,0,0.24033616635054716
LGBM,1,0,0,0.07114989431926239
LGBM,1,0,0,0.20904977866020963
LGBM,1,0,0,0.15358774552355847
LGBM,1,0,0,0.06514794420704031
LGBM,1,0,0,0.19535206055372786
LGBM,1,0,0,0.11168338557505977
LGBM,1,0,0,0.03455473504313858
LGBM,1,0,0,0.1566821144330444
LGBM,1,0,0,0.060670044601622175
LGBM,1,1,1,0.531038354452718
LGBM,1,0,0,0.3877178138450723
LGBM,1,1,0,0.20183529573355555
LGBM,1,0,0,0.030663692125623077
LGBM,1,0,0,0.37335189030883936
LGBM,1,0,0,0.06476490425307312
LGBM,1,0,0,0.08954176433885964
LGBM,1,0,0,0.008505306225970816
LGBM,1,0,0,0.07433383960674982
LGBM,1,0,0,0.40272280870838084
LGBM,1,0,1,0.713900284983608
LGBM,1,0,0,0.3365329424560199
LGBM,1,1,1,0.8464711660612732
LGBM,1,0,0,0.026146907515772894
LGBM,1,0,0,0.15912609045754164
LGBM,1,0,0,0.4120389720088123
LGBM,1,0,0,0.184393190967894
LGBM,1,0,1,0.5325108789989615
LGBM,1,0,0,0.058733610763790106
LGBM,1,1,0,0.21318167443891217
LGBM,1,0,0,0.03224037429187179
LGBM,1,0,0,0.1327367866279976
LGBM,1,1,1,0.5332485379282627
LGBM,1,0,0,0.24571232355362688
LGBM,1,0,0,0.10867790619804894
LGBM,1,1,0,0.0906928925277727
LGBM,1,0,0,0.20701584347093832
LGBM,1,0,0,0.19283036641593487
LGBM,1,0,0,0.3627556458881796
LGBM,1,0,0,0.060641044706394163
LGBM,1,0,0,0.12726660553532199
LGBM,1,0,0,0.13724855343069253
LGBM,1,0,0,0.43347904551099287
LGBM,1,1,0,0.31096758793460966
LGBM,1,0,0,0.06863893466032635
LGBM,1,0,0,0.10275084992921386
LGBM,1,0,0,0.1473080567552074
LGBM,1,0,0,0.02696667282794793
LGBM,1,0,0,0.1320225072466629
LGBM,1,0,0,0.2226185638417773
LGBM,1,0,0,0.050257996201705464
LGBM,1,0,0,0.34587253969356313
LGBM,1,0,0,0.016757799293220334
LGBM,1,1,1,0.5803255590237167
LGBM,1,0,1,0.8494198504438305
LGBM,1,0,0,0.32538057892412175
LGBM,1,0,0,0.10638438528053287
LGBM,1,1,0,0.46745088919714384
LGBM,1,0,1,0.50752847722492
LGBM,1,1,0,0.3270564271937569
LGBM,1,0,0,0.20600700614384385
LGBM,1,0,0,0.25201924526175434
LGBM,1,0,0,0.06863302524983891
LGBM,1,1,0,0.06378767714344731
LGBM,1,0,0,0.04075643707023382
LGBM,1,0,0,0.062261566127785974
LGBM,1,0,0,0.020565757074290588
LGBM,1,0,0,0.35316186998338184
LGBM,1,0,0,0.05768735900489904
LGBM,1,0,1,0.6205875749611987
LGBM,1,0,0,0.09172303031627849
LGBM,1,0,0,0.14578569308079142
LGBM,1,1,0,0.2299131638143564
LGBM,1,0,0,0.17380774748830247
LGBM,1,1,0,0.18962038950230833
LGBM,1,0,0,0.09882028121494894
LGBM,1,1,0,0.3266889531268487
LGBM,1,0,1,0.8875805638178133
LGBM,1,0,0,0.028209821390101877
LGBM,1,0,0,0.12125703119966363
LGBM,1,0,0,0.10686496880098136
LGBM,1,0,1,0.5190065394167372
LGBM,1,0,0,0.10780398351142842
LGBM,1,0,0,0.3277223762398344
LGBM,1,0,0,0.04808816161757199
LGBM,1,0,0,0.27885073789901915
LGBM,1,1,0,0.44903560021711586
LGBM,1,0,0,0.07969130589883447
LGBM,1,0,0,0.03925167597554413
LGBM,1,0,0,0.2727461818227594
LGBM,1,1,0,0.03801956089908184
LGBM,1,0,1,0.5997131872339342
LGBM,1,1,1,0.8485006389827392
LGBM,1,0,0,0.16574659900628314
LGBM,1,0,0,0.32073107865069367
LGBM,1,1,0,0.475994825567469
LGBM,1,0,0,0.19926436804002173
LGBM,1,0,0,0.1843277086014121
LGBM,1,1,1,0.8974899127207274
LGBM,1,1,1,0.7985033921260771
LGBM,1,0,1,0.8148825848144193
LGBM,1,0,0,0.18660353669610916
LGBM,1,1,0,0.18698554997180883
LGBM,1,1,0,0.33103560201113297
LGBM,1,0,0,0.015250924383907974
LGBM,1,0,0,0.051294350343015334
LGBM,1,0,0,0.16601135693049263
LGBM,1,0,0,0.08325594104599728
LGBM,1,0,0,0.3840735692316571
LGBM,1,0,0,0.08049042280330014
LGBM,1,1,0,0.2959023547895543
LGBM,1,0,0,0.2621960382041985
LGBM,1,0,0,0.4365560244962784
LGBM,1,0,0,0.10858526633745096
LGBM,1,0,0,0.3854169307450245
LGBM,1,0,0,0.04829665225227046
LGBM,1,0,0,0.34308189202694167
LGBM,1,1,0,0.15971318680643096
LGBM,1,0,0,0.18178881121726706
LGBM,1,0,0,0.07458947773004496
LGBM,2,0,0,0.06887648100882769
LGBM,2,0,0,0.09514332850076476
LGBM,2,0,0,0.3579869089236482
LGBM,2,0,0,0.07006144629233425
LGBM,2,0,1,0.5427855696484843
LGBM,2,1,0,0.37364627054048305
LGBM,2,1,0,0.012892498625374768
LGBM,2,1,1,0.9213805794458605
LGBM,2,0,0,0.0550148708414374
LGBM,2,0,0,0.12352560362219138
LGBM,2,0,0,0.030446641201720342
LGBM,2,0,0,0.006765831115785514
LGBM,2,0,1,0.7152845939035088
LGBM,2,0,0,0.02302203148661578
LGBM,2,0,0,0.02409015117970086
LGBM,2,0,0,0.1769916718905058
LGBM,2,0,0,0.20169292829167698
LGBM,2,0,0,0.10791487582186925
LGBM,2,0,0,0.07624082865832948
LGBM,2,0,0,0.039846979908501404
LGBM,2,0,0,0.02814015533199519
LGBM,2,0,0,0.35184486846196583
LGBM,2,1,0,0.30785942356088736
LGBM,2,1,0,0.11132654609857057
LGBM,2,0,0,0.08713125739000972
LGBM,2,0,0,0.17818464100263742
LGBM,2,0,0,0.031660355974765596
LGBM,2,1,0,0.3365049603707815
LGBM,2,0,0,0.3455102266428395
LGBM,2,0,0,0.03449947945117453
LGBM,2,0,0,0.01609586053016733
LGBM,2,0,0,0.20877904982966797
LGBM,2,0,0,0.17904815483890027
LGBM,2,0,0,0.08761940405007794
LGBM,2,1,1,0.7889588798063883
LGBM,2,0,0,0.3281540504976652
LGBM,2,0,1,0.7436015527548675
LGBM,2,0,1,0.6306544697862403
LGBM,2,0,0,0.07550358811512194
LGBM,2,0,0,0.2418040771752506
LGBM,2,1,1,0.5771959577115482
LGBM,2,0,0,0.2818715048808364
LGBM,2,1,0,0.3156968821128676
LGBM,2,0,0,0.07349502161074134
LGBM,2,0,0,0.03553147048531944
LGBM,2,1,0,0.3168747309738169
LGBM,2,0,0,0.02325905838251732
LGBM,2,0,0,0.05128452946423795
LGBM,2,0,0,0.08937940859293114
LGBM,2,0,1,0.7499450167246158
LGBM,2,0,1,0.5061123871842494
LGBM,2,0,0,0.11804387217115883
LGBM,2,0,0,0.04587311107344775
LGBM,2,1,0,0.2335944188004479
LGBM,2,0,0,0.008634458708490436
LGBM,2,0,0,0.23204506428343383
LGBM,2,0,0,0.08012940128128562
LGBM,2,0,0,0.09374496406197914
LGBM,2,0,0,0.2792481483177896
LGBM,2,1,0,0.196354684630374
LGBM,2,0,0,0.11816474525042103
LGBM,2,0,1,0.6238936507278379
LGBM,2,0,0,0.04825479346309134
LGBM,2,0,0,0.12761468817645866
LGBM,2,0,0,0.21874548945564423
LGBM,2,0,0,0.20441325977015612
LGBM,2,0,0,0.2737290329003959
LGBM,2,0,0,0.34592365897898997
LGBM,2,0,0,0.028208283907047743
LGBM,2,0,0,0.2986971372874214
LGBM,2,0,0,0.1840840166289907
LGBM,2,0,0,0.30748179388033026
LGBM,2,1,1,0.8574196952893967
LGBM,2,0,0,0.28907098119166474
LGBM,2,0,0,0.12214460108620909
LGBM,2,0,0,0.1594501989672153
LGBM,2,0,0,0.36283845495977074
LGBM,2,1,0,0.2169390551464253
LGBM,2,0,0,0.42765890616157654
LGBM,2,0,0,0.039268042552513614
LGBM,2,0,0,0.06774112792828695
LGBM,2,0,0,0.019044584668879108
LGBM,2,0,0,0.1458548219559672
LGBM,2,0,0,0.18214377244536914
LGBM,2,0,0,0.12368439271403489
LGBM,2,1,1,0.8991357100797871
LGBM,2,0,0,0.019449071137474707
LGBM,2,0,0,0.2824615879373295
LGBM,2,1,0,0.41584372778983864
LGBM,2,1,0,0.3163182723642788
LGBM,2,0,0,0.06100140427429436
LGBM,2,0,0,0.043584891094113364
LGBM,2,0,1,0.6219638594952644
LGBM,2,0,0,0.23262882633964485
LGBM,2,0,0,0.02555292990935361
LGBM,2,0,0,0.410059388561269
LGBM,2,1,1,0.5337898064184671
LGBM,2,0,0,0.0889853014789346
LGBM,2,0,0,0.14166184994317962
LGBM,2,0,0,0.019246140864750433
LGBM,2,0,0,0.05444665125904688
LGBM,2,1,1,0.758987840104108
LGBM,2,0,0,0.46353338159896024
LGBM,2,0,0,0.07141752786237159
LGBM,2,0,0,0.16121283153520974
LGBM,2,0,0,0.08101250983447968
LGBM,2,1,0,0.15077783780112125
LGBM,2,1,1,0.9741896913115532
LGBM,2,0,0,0.36861944772761357
LGBM,2,0,0,0.21422379283549564
LGBM,2,1,0,0.07052296310683136
LGBM,2,1,0,0.21409161490226247
LGBM,2,1,0,0.013577369194204209
LGBM,2,0,1,0.5149961361057052
LGBM,2,0,0,0.033953131449757784
LGBM,2,0,0,0.0832685380865912
LGBM,2,0,0,0.05082388995529468
LGBM,2,1,0,0.09769769745450188
LGBM,2,1,0,0.10584939996432347
LGBM,2,1,1,0.9136619232791658
LGBM,2,0,0,0.08476071858740279
LGBM,2,0,0,0.28670749279606916
LGBM,2,0,1,0.5599744200501017
LGBM,2,0,0,0.27251339604882535
LGBM,2,0,0,0.3941305969348164
LGBM,2,0,0,0.2222493317115177
LGBM,2,1,1,0.9733374929161162
LGBM,2,0,0,0.09791194195508973
LGBM,2,1,0,0.09863488659245233
LGBM,2,1,1,0.6987885980737127
LGBM,2,0,0,0.15082479092838239
LGBM,2,1,1,0.7941507388152445
LGBM,2,0,0,0.04630290133209063
LGBM,2,0,0,0.03153511735935843
LGBM,2,1,0,0.35676245114028016
LGBM,2,0,0,0.4895613153877858
LGBM,2,1,0,0.19000189367899606
LGBM,2,0,1,0.5059180030364837
LGBM,2,1,0,0.2023854068393668
LGBM,2,0,0,0.23119690936234613
LGBM,2,0,1,0.5273935771934684
LGBM,2,0,0,0.47899634220126397
LGBM,2,1,0,0.339978159781363
LGBM,2,0,0,0.03188100444131983
LGBM,2,1,1,0.7943147172984355
LGBM,2,0,0,0.14223721087253352
LGBM,2,0,0,0.23459420757064126
LGBM,2,0,0,0.2684783582593838
LGBM,2,0,0,0.2825817189338619
LGBM,2,0,0,0.025199824350749925
LGBM,2,0,0,0.2616898233662848
LGBM,2,0,0,0.15793859876302357
LGBM,2,0,0,0.06583264702173276
LGBM,2,0,0,0.12119637458167269
LGBM,2,1,0,0.09852816950343879
LGBM,2,1,0,0.16150662318869918
LGBM,2,1,0,0.2185982557066313
LGBM,2,0,0,0.03126342793035779
LGBM,2,0,0,0.276048268381918
LGBM,2,0,0,0.1983692391785047
LGBM,2,0,1,0.5769600347832535
LGBM,2,0,0,0.0334025247565815
LGBM,2,0,0,0.20323554169770855
LGBM,2,0,0,0.08100636773264769
LGBM,2,0,0,0.02729857654258638
LGBM,2,0,0,0.1349192651310849
LGBM,2,0,1,0.9030546952045798
LGBM,2,0,0,0.09571875539769262
LGBM,2,0,0,0.37068015014009076
LGBM,2,0,0,0.38710923118108026
LGBM,2,1,0,0.10657975333040717
LGBM,2,0,0,0.057170794196153014
LGBM,2,1,0,0.33733672420213656
LGBM,2,0,0,0.15581331337959967
LGBM,2,0,0,0.2954252436329121
LGBM,2,0,0,0.02355992291795757
LGBM,2,0,0,0.04338228691376588
LGBM,2,0,0,0.07539593034536674
LGBM,2,1,0,0.32221135175598054
LGBM,2,1,0,0.08802771588380229
LGBM,2,0,0,0.07121812612596923
LGBM,2,1,0,0.11412462014343841
LGBM,2,0,0,0.1569549603434399
LGBM,2,0,0,0.14442413229694473
LGBM,2,0,0,0.012478405234325212
LGBM,2,0,0,0.045412518290685704
LGBM,2,0,0,0.18448208732292343
LGBM,2,0,0,0.3203596197508689
LGBM,2,0,0,0.029940649430818346
LGBM,2,1,0,0.4492530268573113
LGBM,2,0,0,0.3791467535319667
LGBM,2,0,0,0.4563146692139888
LGBM,2,0,0,0.01395119021651043
LGBM,2,1,1,0.5597169406576972
LGBM,2,1,1,0.7673700861419832
LGBM,2,0,0,0.10459859244148285
LGBM,2,0,1,0.6203536592677563
LGBM,2,0,0,0.4964552017280758
LGBM,2,0,0,0.13448669137027824
LGBM,2,0,0,0.1344457069730357
LGBM,2,0,0,0.03215070860781832
LGBM,2,0,0,0.05764476446924724
LGBM,2,0,0,0.03500714373425342
LGBM,2,1,1,0.9788811707858369
LGBM,2,0,1,0.5235478428008045
LGBM,2,0,0,0.18136340132592063
LGBM,2,0,0,0.0166857170036568
LGBM,2,0,0,0.0071403072899238
LGBM,2,1,0,0.3089052406361958
LGBM,2,0,0,0.029957240438010548
LGBM,2,1,1,0.5574255000143516
LGBM,2,1,0,0.08923907909962273
LGBM,2,0,0,0.06474361942248759
LGBM,2,1,0,0.3475730836197643
LGBM,2,0,0,0.258106771747512
LGBM,2,1,1,0.9607120440210187
LGBM,2,0,0,0.03484129193410766
LGBM,2,1,0,0.451267181964274
LGBM,2,0,0,0.20964173413233067
LGBM,2,0,0,0.06813858847635713
LGBM,2,0,0,0.2972212007651164
LGBM,2,0,0,0.14089494447550083
LGBM,2,0,0,0.20455748130438509
LGBM,2,0,0,0.2466625138134366
LGBM,2,0,0,0.17077064958539542
LGBM,2,0,1,0.6279909656414274
LGBM,2,0,0,0.0494854736461223
LGBM,2,1,0,0.22776121119115117
LGBM,2,0,0,0.2550560916801333
LGBM,2,0,0,0.01700410475663507
LGBM,2,0,0,0.15654499249158307
LGBM,2,0,0,0.03015482655756185
LGBM,2,0,0,0.21800047804595982
LGBM,2,0,0,0.4561611682585766
LGBM,2,0,0,0.05696959996409675
LGBM,2,0,0,0.04827302108040997
LGBM,2,0,0,0.28961951066180236
LGBM,2,1,1,0.6426113299900802
LGBM,2,0,1,0.6351119467769827
LGBM,2,1,1,0.5968167120459636
LGBM,2,0,0,0.10627571838283141
LGBM,2,0,0,0.18752444490168674
LGBM,2,1,0,0.07443432832146318
LGBM,2,0,0,0.07587308952089138
LGBM,2,0,0,0.13242963633470786
LGBM,2,0,0,0.19462092393499847
LGBM,2,0,0,0.25492866606509706
LGBM,2,0,0,0.07754422780398319
LGBM,2,0,0,0.10226160185853794
LGBM,2,0,0,0.39399324038082323
LGBM,2,0,0,0.011148688716494463
LGBM,2,0,0,0.023199893224545326
LGBM,2,0,0,0.21326330076648692
LGBM,2,0,0,0.03931794506830628
LGBM,2,0,0,0.20855223537477668
LGBM,2,0,0,0.11106186908914238
LGBM,2,1,1,0.5301764847189594
LGBM,2,0,0,0.4753483678644998
LGBM,2,0,0,0.22153540926820972
LGBM,2,1,1,0.865013183527935
LGBM,2,0,0,0.05054495130121392
LGBM,2,0,0,0.046768256942023065
LGBM,2,0,0,0.30146706146129615
LGBM,2,0,1,0.8606296444857066
LGBM,2,0,0,0.03374322438203949
LGBM,2,0,0,0.05019166681141463
LGBM,2,0,0,0.09897216805353752
LGBM,2,0,0,0.32902486412511694
LGBM,2,0,1,0.7907761137436459
LGBM,2,0,0,0.07553406674331446
LGBM,2,0,0,0.09475255323263745
LGBM,2,1,0,0.2046160641771397
LGBM,2,0,0,0.01435767691455408
LGBM,2,1,0,0.15412158250300229
LGBM,2,0,0,0.18395351551992858
LGBM,2,0,1,0.7232460493477473
LGBM,2,0,0,0.13767455931167738
LGBM,2,1,0,0.27564933012121484
LGBM,2,0,0,0.15246790861514373
LGBM,2,0,0,0.23850628427275467
LGBM,2,0,1,0.6516573031471024
LGBM,2,0,0,0.1821477024635102
LGBM,2,0,0,0.05938754710309689
LGBM,2,0,0,0.26185891642466375
LGBM,2,0,0,0.1746348894045528
LGBM,2,1,0,0.3100559310163233
LGBM,2,0,0,0.002672437331434094
LGBM,2,0,0,0.38459768379492654
LGBM,2,0,0,0.09145606934634165
LGBM,2,0,0,0.06575431399045142
LGBM,2,0,0,0.05164643658376933
LGBM,2,0,0,0.0598708118551359
LGBM,2,0,0,0.20169625523464108
LGBM,2,1,0,0.08609576037875531
LGBM,2,0,0,0.058780627214570655
LGBM,2,0,0,0.22551327520077838
LGBM,2,0,1,0.798039303817535
LGBM,2,0,0,0.09067856956812533
LGBM,2,0,1,0.6106204013823013
LGBM,2,1,0,0.3674984219416714
LGBM,2,0,0,0.01600190648874367
LGBM,2,0,0,0.11107559898943677
LGBM,2,0,0,0.10353730897445503
LGBM,2,0,0,0.23014683134495942
LGBM,2,0,0,0.11844697486931242
LGBM,2,0,0,0.12278236911282502
LGBM,2,0,0,0.1838390057141055
LGBM,2,0,0,0.3510602732078134
LGBM,2,0,0,0.025133751068750213
LGBM,2,0,0,0.05806796261247619
LGBM,2,0,0,0.15909597578894494
LGBM,2,0,0,0.12194764903948827
LGBM,2,0,1,0.6675295942056862
LGBM,2,1,0,0.10381906971384065
LGBM,2,0,0,0.29870444140686103
LGBM,2,0,0,0.03164959525379989
LGBM,2,0,0,0.10233985208950179
LGBM,2,0,0,0.29165326995660185
LGBM,2,0,0,0.13807959513463863
LGBM,2,0,0,0.0826872232429376
LGBM,2,0,0,0.11646249248032463
LGBM,2,1,0,0.2422821997413153
LGBM,2,1,0,0.0884192402577347
LGBM,2,0,0,0.05323188674198315
LGBM,2,0,1,0.9258977461911301
LGBM,2,1,0,0.10608955399881738
LGBM,2,0,0,0.11294331469604729
LGBM,2,1,0,0.31979578695367566
LGBM,2,0,1,0.7558499525035518
LGBM,2,0,0,0.07819980563538755
LGBM,2,1,0,0.10959265783246723
LGBM,2,0,0,0.18800656565523566
LGBM,2,0,0,0.06071352235016494
LGBM,2,1,0,0.134268972003483
LGBM,2,0,0,0.13344064924906648
LGBM,2,1,0,0.4575149547072261
LGBM,2,0,0,0.16359122682433408
LGBM,2,1,0,0.009483714788777969
LGBM,2,0,0,0.10120072195553656
LGBM,2,1,1,0.5436136678805513
LGBM,2,1,0,0.38950834792981665
LGBM,2,0,0,0.10886819763274337
LGBM,2,1,0,0.32209923172417493
LGBM,2,0,0,0.28171177892258736
LGBM,2,1,0,0.38891120201175294
LGBM,2,0,0,0.28529989049275883
LGBM,2,0,0,0.03272350150772845
LGBM,2,0,0,0.011510155789091668
LGBM,2,0,0,0.021774539815789327
LGBM,2,0,0,0.04072051682674548
LGBM,2,1,1,0.6820426768761163
LGBM,2,1,1,0.9353630219839658
LGBM,2,0,0,0.3198567704904325
LGBM,2,0,0,0.17165075138986613
LGBM,2,0,0,0.09208698801648625
LGBM,2,0,0,0.35230015895147554
LGBM,2,0,0,0.09180039266995615
LGBM,2,0,0,0.17868685550462562
LGBM,2,1,0,0.22275838065258802
LGBM,2,1,0,0.422703292450795
LGBM,2,1,0,0.40852499572131235
LGBM,2,0,0,0.1974358091696982
LGBM,2,0,0,0.12509674280588082
LGBM,2,1,0,0.048586608752542615
LGBM,2,0,0,0.01756184512488746
LGBM,2,0,0,0.16939613383496194
LGBM,2,0,0,0.3489956355309441
LGBM,2,0,0,0.06349809116512611
LGBM,2,0,0,0.3652412280006463
LGBM,2,0,0,0.2458186408020701
LGBM,2,1,1,0.5546732679973267
LGBM,2,0,0,0.011617031209260524
LGBM,2,1,0,0.07913727730233959
LGBM,2,0,0,0.008072843354438959
LGBM,2,0,0,0.00833600458250584
LGBM,2,0,0,0.058672191383736874
LGBM,2,0,0,0.27309454781839
LGBM,2,0,1,0.7856896535580598
LGBM,2,0,0,0.18913791626011148
LGBM,2,0,0,0.052668464060308826
LGBM,2,0,0,0.03127218270261169
LGBM,2,0,0,0.05184851664892977
LGBM,2,0,0,0.014351294041303492
LGBM,2,0,1,0.6788107388699024
LGBM,2,0,0,0.2684825313936079
LGBM,2,1,0,0.06564924793859345
LGBM,2,1,1,0.9697640925330838
LGBM,2,0,0,0.05965239447815326
LGBM,2,0,0,0.36998415492891795
LGBM,2,1,0,0.11210067200807157
LGBM,2,0,0,0.15260042705076954
LGBM,2,1,0,0.44357424859033734
LGBM,2,0,0,0.11442041580223493
LGBM,2,1,1,0.7894923496529161
LGBM,2,0,0,0.04101003937689792
LGBM,2,0,1,0.6678150416697752
LGBM,2,0,0,0.08255944448655254
LGBM,2,1,1,0.6160964446075179
LGBM,2,0,0,0.2858932262904545
LGBM,2,0,0,0.2511738492228772
LGBM,2,0,0,0.3054691346515371
LGBM,2,0,1,0.9452707956627677
LGBM,2,0,0,0.23668622308454437
LGBM,2,0,0,0.072257627922479
LGBM,2,0,0,0.16491237499514386
LGBM,2,0,0,0.024786269496333665
LGBM,2,0,0,0.36492979483840865
LGBM,2,1,0,0.02591223450253191
LGBM,2,0,0,0.030409772641733508
LGBM,2,1,0,0.4204810183250439
LGBM,2,1,1,0.6802777545841878
LGBM,2,1,1,0.7153097907136873
LGBM,2,0,0,0.038341409465418336
LGBM,2,1,0,0.1693306114363188
LGBM,2,0,0,0.19086610116558644
LGBM,2,0,0,0.18966000596668653
LGBM,2,1,0,0.2062811502423763
LGBM,2,0,0,0.27407329148232407
LGBM,2,0,0,0.35317573522416695
LGBM,2,0,0,0.13856877202795104
LGBM,2,0,0,0.3012341595333602
LGBM,2,0,0,0.1093041059748326
LGBM,2,0,1,0.5268559486545025
LGBM,2,0,0,0.02915395449225633
LGBM,2,0,0,0.1484803059354739
LGBM,2,1,0,0.24669170663409531
LGBM,2,0,1,0.7009356067238066
LGBM,2,1,1,0.529481826648059
LGBM,2,0,0,0.12872693593292758
LGBM,2,0,0,0.10381924081095839
LGBM,2,0,0,0.1711225640595835
LGBM,2,0,0,0.27025786723942624
LGBM,2,0,0,0.48032429370556096
LGBM,2,1,0,0.16565585733415714
LGBM,2,0,0,0.2059173150250366
LGBM,2,1,0,0.47227216027777813
LGBM,2,0,0,0.10219182688818304
LGBM,2,0,0,0.0166084816728942
LGBM,2,0,0,0.3911013308096887
LGBM,2,0,0,0.15116839063485285
LGBM,2,0,0,0.34710867790967503
LGBM,2,0,0,0.3010397360014421
LGBM,2,0,0,0.1141337886673207
LGBM,2,0,0,0.12269518760593542
LGBM,2,0,0,0.10459973392366183
LGBM,2,0,0,0.09557378805672738
LGBM,2,0,0,0.1782494878668894
LGBM,2,0,0,0.025609877276136846
LGBM,2,0,0,0.023053899540904785
LGBM,2,0,0,0.3934559836800662
LGBM,2,0,0,0.13574574855845847
LGBM,2,0,0,0.37875569476038756
LGBM,2,0,0,0.0654335947668267
LGBM,2,0,0,0.12789663336009524
LGBM,2,0,0,0.10049289168192939
LGBM,2,0,0,0.016832460374812633
LGBM,2,0,0,0.23888677052657156
LGBM,2,1,1,0.7646643853178041
LGBM,2,0,0,0.4227166424203956
LGBM,2,0,0,0.3955609229136603
LGBM,2,0,1,0.6554024154657585
LGBM,2,0,0,0.055193146820833344
LGBM,2,0,0,0.17126006703217414
LGBM,2,0,0,0.4221367758501407
LGBM,2,0,0,0.019571392267281575
LGBM,2,1,0,0.2968327449237337
LGBM,2,0,0,0.451267181964274
LGBM,2,0,0,0.015243685337923422
LGBM,2,0,0,0.03402093691192881
LGBM,2,0,0,0.14380319810956782
LGBM,2,1,0,0.13077029900961806
LGBM,2,1,0,0.07378582520334984
LGBM,2,0,0,0.11839080033713702
LGBM,2,1,1,0.6475008660560362
LGBM,2,0,0,0.2141784070888032
LGBM,2,0,0,0.36791439232802226
LGBM,2,1,0,0.31626538414758915
LGBM,2,0,0,0.03101192118130369
LGBM,2,0,0,0.05083076868435799
LGBM,2,1,0,0.1525572349718698
LGBM,2,0,0,0.024508625083280826
LGBM,2,1,0,0.32523116310197686
LGBM,2,0,0,0.2520392738374248
LGBM,2,0,1,0.5159761831821168
LGBM,2,0,0,0.48234030280543
LGBM,2,0,0,0.12608760937277802
LGBM,2,0,0,0.14002811474527016
LGBM,2,0,0,0.2749322205083225
LGBM,2,1,1,0.6956943441503923
LGBM,2,0,0,0.2210462241208953
LGBM,2,1,0,0.39600145600246134
LGBM,2,1,0,0.35209711603681654
LGBM,2,0,0,0.12827100111141562
LGBM,2,0,0,0.04950381401137556
LGBM,2,0,0,0.24767902890218194
LGBM,2,0,0,0.17513265359432115
LGBM,2,0,0,0.20620112456181824
LGBM,2,0,0,0.12814726623378184
LGBM,2,0,1,0.8572468793193707
LGBM,2,0,0,0.1438451382242353
LGBM,2,0,0,0.2945365389446556
LGBM,2,0,0,0.07468525366919836
LGBM,2,0,1,0.5849200524305936
LGBM,2,0,0,0.12401600162770281
LGBM,2,0,0,0.2189085184352445
LGBM,2,0,0,0.15413596097473672
LGBM,2,0,0,0.28716334713477004
LGBM,2,0,1,0.6570041886483652
LGBM,2,0,0,0.01661087184124576
LGBM,2,0,0,0.10271386154771711
LGBM,2,0,0,0.27567232738713815
LGBM,2,0,0,0.058705737495004136
LGBM,2,1,0,0.2732954702830467
LGBM,2,0,0,0.4117023634339863
LGBM,2,1,0,0.1620431506723436
LGBM,2,0,0,0.05688312017865882
LGBM,2,0,1,0.6134611075350113
LGBM,2,0,0,0.02130586145388071
LGBM,2,0,1,0.5253304663343964
LGBM,2,0,0,0.1876029135471955
LGBM,2,0,0,0.05191020860211977
LGBM,2,0,0,0.3091933592724331
LGBM,2,0,0,0.038992150033304473
LGBM,2,1,0,0.22802379170150702
LGBM,2,1,0,0.2178426359606532
LGBM,2,1,0,0.1585095185864028
LGBM,2,1,0,0.11642909518716493
LGBM,2,0,0,0.08097113519513692
LGBM,2,1,0,0.4512457708387451
LGBM,2,0,0,0.1378663096802086
LGBM,2,0,0,0.16240583348248375
LGBM,2,0,0,0.37683625578135943
LGBM,2,1,1,0.7106922116113279
LGBM,2,0,0,0.24650553869819705
LGBM,2,1,0,0.3571020083737289
LGBM,2,0,1,0.7347216529018715
LGBM,2,0,0,0.08810673699626663
LGBM,2,0,0,0.19840003755473057
LGBM,2,0,0,0.10775495139009264
LGBM,2,1,1,0.8025550989430514
LGBM,2,0,0,0.1212983401888033
LGBM,2,1,0,0.3757347535655876
LGBM,2,0,0,0.43873514587499246
LGBM,2,0,0,0.019652166574659017
LGBM,2,0,0,0.13083274719435692
LGBM,2,0,0,0.0481055622142917
LGBM,2,0,0,0.24153440777839877
LGBM,2,0,1,0.770308573016363
LGBM,2,0,0,0.04633847332791259
LGBM,2,0,0,0.4790596309591145
LGBM,2,1,1,0.861495811194727
LGBM,2,1,0,0.19216022950792452
LGBM,2,0,0,0.14912123664756258
LGBM,2,0,0,0.08415987282866721
LGBM,2,1,0,0.20985840396576433
LGBM,2,0,0,0.39846270660816957
LGBM,2,1,0,0.14917362505514598
LGBM,2,0,0,0.3644146858519402
LGBM,2,0,0,0.20615898682113182
LGBM,2,0,0,0.079226314936665
LGBM,2,0,0,0.3727002134290199
LGBM,2,1,1,0.6317387119394826
LGBM,2,0,0,0.09020829633304484
LGBM,2,0,0,0.06156695643615084
LGBM,2,0,0,0.06622471356807391
LGBM,2,0,0,0.0733381656725579
LGBM,2,0,0,0.15200452833506856
LGBM,2,0,0,0.4056874490278018
LGBM,2,0,0,0.04371790135160032
LGBM,2,0,0,0.1542281973541312
LGBM,2,0,0,0.07839728607880443
LGBM,2,0,0,0.14738494550482964
LGBM,2,0,0,0.219003234653607
LGBM,2,0,0,0.051186782920794954
LGBM,2,0,0,0.07127707108374438
LGBM,2,0,1,0.521308136116732
LGBM,2,0,0,0.4301603370474422
LGBM,2,1,0,0.14435417921318086
LGBM,2,0,0,0.2424593218929683
LGBM,2,0,0,0.01996857062322956
LGBM,2,0,0,0.429137309080315
LGBM,2,0,0,0.29757901349838084
LGBM,2,0,0,0.050479322487201356
LGBM,2,0,0,0.1588182479899959
LGBM,2,0,0,0.25638427079943227
LGBM,2,0,0,0.09728610118826672
LGBM,2,1,0,0.2492012363114628
LGBM,2,0,0,0.16667848060218066
LGBM,2,0,1,0.8380039562684519
LGBM,2,0,0,0.14593817401556108
LGBM,2,0,0,0.2982749679203275
LGBM,2,0,0,0.14637006216697526
LGBM,2,0,0,0.20937025341125917
LGBM,2,0,0,0.2754743139752968
LGBM,2,1,0,0.14560114480492742
LGBM,2,0,0,0.03493651400786869
LGBM,2,0,0,0.04041882650878893
LGBM,2,1,0,0.4831529893213612
LGBM,2,0,0,0.16079305229086177
LGBM,2,0,0,0.11030649443485915
LGBM,2,0,0,0.08434147013594227
LGBM,2,0,0,0.35954494463102926
LGBM,2,1,1,0.646867300629042
LGBM,2,0,0,0.06624729136360855
LGBM,2,0,0,0.4607176716605814
LGBM,2,0,0,0.1426384570901933
LGBM,2,0,0,0.08864828886971643
LGBM,2,0,0,0.29481475708282573
LGBM,2,1,0,0.14932537134234783
LGBM,2,0,0,0.003495860105834018
LGBM,2,0,0,0.021316427390485032
LGBM,2,0,0,0.10761551760815187
LGBM,2,0,0,0.11563672394735114
LGBM,2,1,0,0.4858647146919195
LGBM,2,0,0,0.07243982068885053
LGBM,2,0,0,0.2477912488499132
LGBM,2,0,0,0.029291022332696277
LGBM,2,0,0,0.03451133132551108
LGBM,2,1,0,0.2180535159614456
LGBM,2,0,0,0.3442774237002257
LGBM,2,0,0,0.04207063775132398
LGBM,2,0,0,0.10526490971698509
LGBM,2,0,0,0.18474595742594074
LGBM,2,0,0,0.2570116274351547
LGBM,2,0,0,0.2808646053723199
LGBM,2,0,0,0.12893268602452548
LGBM,2,0,0,0.1112181902774768
LGBM,2,0,0,0.010786202096744996
LGBM,2,0,0,0.4400716771024497
LGBM,2,1,0,0.22304071240511703
LGBM,2,0,1,0.6088504095649495
LGBM,2,0,0,0.06348171293886856
LGBM,2,0,0,0.1144777464805226
LGBM,2,0,0,0.08448527889290677
LGBM,2,1,1,0.8122943059183317
LGBM,2,0,0,0.290477280179801
LGBM,2,0,0,0.0484276476598585
LGBM,2,0,0,0.080586518351715
LGBM,2,0,0,0.09044806052703162
LGBM,2,0,0,0.1207535175751605
LGBM,2,0,0,0.04657480582653868
LGBM,2,0,0,0.04401694425744972
LGBM,2,1,0,0.032134045246827676
LGBM,2,0,0,0.4362565579795826
LGBM,2,1,0,0.18118498555405088
LGBM,2,0,0,0.2065896410270714
LGBM,2,0,1,0.9481546895721484
LGBM,2,1,0,0.36096811521533434
LGBM,2,0,0,0.1403783085874102
LGBM,2,0,0,0.02509596256276139
LGBM,2,1,0,0.16880107468280317
LGBM,2,0,0,0.19270306635368756
LGBM,2,0,0,0.1454623407134126
LGBM,2,0,0,0.16173980671271856
LGBM,2,0,0,0.32950251739922615
LGBM,2,1,1,0.6019404092695056
LGBM,2,0,0,0.2288001036678891
LGBM,2,1,1,0.814158945523826
LGBM,2,0,0,0.07233009193454425
LGBM,2,0,0,0.08149945520986791
LGBM,2,0,0,0.34161292168826796
LGBM,2,1,0,0.17918108202184538
LGBM,2,1,0,0.19994750194891941
LGBM,2,0,0,0.4310171851892737
LGBM,2,0,1,0.5848689701135503
LGBM,2,0,1,0.6103060870355296
LGBM,2,0,0,0.021223541498530625
LGBM,2,1,0,0.2146376327564641
LGBM,2,0,0,0.01987496771350446
LGBM,2,0,0,0.20234276686231006
LGBM,2,1,0,0.17369528875170928
LGBM,2,0,0,0.13174039452705666
LGBM,2,0,0,0.23223047549899284
LGBM,2,0,0,0.3977366840146608
LGBM,2,1,0,0.07014438376971753
LGBM,2,1,0,0.47865951077234464
LGBM,2,0,0,0.18243413787866514
LGBM,2,0,1,0.8912859792557539
LGBM,2,0,0,0.30275073963462534
LGBM,2,1,1,0.6851009838451273
LGBM,2,0,0,0.16310331261984115
LGBM,2,0,0,0.45475313983270205
LGBM,2,0,0,0.3759119114387151
LGBM,2,0,0,0.1944759945349677
LGBM,2,1,0,0.07844829078274064
LGBM,2,1,0,0.2414376920022496
LGBM,2,0,0,0.17574039933227148
LGBM,2,0,0,0.02032461505896281
LGBM,2,0,0,0.10331982222612544
LGBM,2,0,0,0.07126498359619023
LGBM,2,0,0,0.06066879879171904
LGBM,2,1,0,0.47114261099132976
LGBM,2,0,0,0.18714676169959685
LGBM,2,1,0,0.24800469667260897
LGBM,2,1,0,0.0742690117520662
LGBM,2,1,0,0.051574373955008905
LGBM,2,0,1,0.8344566675091347
LGBM,2,0,0,0.14791051324099808
LGBM,2,0,0,0.08954278351749101
LGBM,2,0,0,0.11654046224127887
LGBM,2,1,0,0.056100966018544154
LGBM,2,1,0,0.14372044495908395
LGBM,2,1,0,0.3286199221146182
LGBM,2,0,0,0.059500362383231704
LGBM,2,0,0,0.09249337475341193
LGBM,2,0,0,0.23937846294331513
LGBM,2,1,1,0.8354067732742876
LGBM,2,0,0,0.2536720680765097
LGBM,2,0,0,0.06292225243281097
LGBM,2,0,0,0.03860855580058952
LGBM,2,1,0,0.10152523508689557
LGBM,2,0,0,0.14784891144900192
LGBM,2,0,0,0.032882496462647286
LGBM,2,1,1,0.8444430720969988
LGBM,2,0,0,0.04659105804902122
LGBM,2,0,0,0.12294488185052033
LGBM,2,0,0,0.02545300601020202
LGBM,2,0,0,0.2232795265902093
LGBM,2,0,0,0.29839024361764144
LGBM,2,0,0,0.02911660533700905
LGBM,2,0,0,0.11795917853332902
LGBM,2,0,0,0.21774632550369447
LGBM,2,0,0,0.012890871965851083
LGBM,2,0,0,0.01936902082692411
LGBM,2,0,0,0.175049058618765
LGBM,2,0,0,0.1061349562006131
LGBM,2,0,0,0.12558208595435205
LGBM,2,0,0,0.009705479659692701
LGBM,2,0,0,0.20357784139820426
LGBM,2,0,0,0.2261249776503576
LGBM,2,0,0,0.07800204798844054
LGBM,2,0,1,0.8991685826653428
LGBM,2,1,1,0.9043589556388241
LGBM,2,0,0,0.06737851954116447
LGBM,2,0,0,0.31671209931228517
LGBM,2,0,0,0.16477233539849395
LGBM,2,0,0,0.20184742359727054
LGBM,2,0,0,0.0545346790970137
LGBM,2,0,0,0.03629226874010441
LGBM,2,0,0,0.09991331226459878
LGBM,2,0,0,0.10113207597156038
LGBM,2,1,0,0.06517159479575961
LGBM,2,0,0,0.21034140538660417
LGBM,2,0,0,0.09884078257462137
LGBM,2,0,0,0.15562398735335756
LGBM,2,0,0,0.09274657129653015
LGBM,2,0,0,0.2296760236042293
LGBM,2,0,0,0.1328572091374171
LGBM,2,0,0,0.4858647146919195
LGBM,2,0,0,0.06563388965588957
LGBM,2,1,0,0.140993661754347
LGBM,2,1,0,0.42374902780674517
LGBM,2,0,1,0.5436136678805513
LGBM,2,0,0,0.05587537712465119
LGBM,2,0,0,0.13058915064198356
LGBM,2,0,0,0.022945669262777333
LGBM,2,0,0,0.01482129118706886
LGBM,2,0,0,0.012704551939189509
LGBM,2,0,0,0.1317372902298565
LGBM,2,0,0,0.18782487828577918
LGBM,2,0,0,0.03917850069908698
LGBM,2,0,0,0.02318416458208474
LGBM,2,0,0,0.19144983473650695
LGBM,2,1,1,0.5043328336102587
LGBM,2,1,0,0.1198848655081859
LGBM,2,0,0,0.12208615723376398
LGBM,2,0,0,0.4166426374877998
LGBM,2,1,1,0.6944311108992519
LGBM,2,1,0,0.14670016385795887
LGBM,2,1,1,0.9776717825428578
LGBM,2,1,0,0.05363981349113909
LGBM,2,0,0,0.04098735954616921
LGBM,2,1,0,0.11702611597563266
LGBM,2,1,0,0.20446402205841843
LGBM,2,0,0,0.12934486244694632
LGBM,2,0,0,0.1841527613109698
LGBM,2,0,0,0.07954228173794582
LGBM,2,0,0,0.49766451852707344
LGBM,2,0,0,0.4891993641561793
LGBM,2,0,0,0.04519868256343991
LGBM,2,1,0,0.18949196696306309
LGBM,2,0,0,0.015761275820916593
LGBM,2,0,0,0.04495341048637255
LGBM,2,0,0,0.2706142017263203
LGBM,2,1,0,0.239380000359765
LGBM,2,0,0,0.061620942029516325
LGBM,2,0,0,0.06256377361032055
LGBM,2,1,0,0.20925403451059701
LGBM,2,0,0,0.28827773372642645
LGBM,2,1,0,0.28770897155120856
LGBM,2,0,0,0.11781697858897056
LGBM,2,1,1,0.5510970681726282
LGBM,2,0,0,0.18670042179026425
LGBM,2,0,0,0.16944850083779792
LGBM,2,0,0,0.050505522626134204
LGBM,2,0,0,0.2023956924865203
LGBM,2,1,1,0.9549477010803693
LGBM,2,0,0,0.20651884693982517
LGBM,2,0,0,0.23308927446102576
LGBM,2,0,0,0.19012966509087514
LGBM,2,0,0,0.08930077644024255
LGBM,2,1,0,0.38681559685098776
LGBM,2,0,0,0.022869207510007653
LGBM,2,0,0,0.03664895583618748
LGBM,2,0,1,0.8849454966722478
LGBM,2,0,0,0.030400767525285654
LGBM,2,0,0,0.0901549518783459
LGBM,2,0,0,0.2408861871521296
LGBM,2,0,0,0.3058278291814625
LGBM,2,1,0,0.09908536594983051
LGBM,2,0,0,0.061880474729571346
LGBM,2,0,0,0.10789359508781916
LGBM,2,0,0,0.2253491273197815
LGBM,2,0,0,0.18636144294726797
LGBM,2,0,0,0.15202574741683916
LGBM,2,0,0,0.23796288621069095
LGBM,2,0,0,0.19098759149059064
LGBM,2,0,0,0.23650788299201145
LGBM,2,0,0,0.3403102382783947
LGBM,2,1,0,0.2944512285137876
LGBM,2,0,0,0.11833312376274127
LGBM,2,0,1,0.994621850192184
LGBM,2,0,0,0.1320354223484547
LGBM,2,1,0,0.08370211249255506
LGBM,2,1,1,0.8443522456161693
LGBM,2,0,0,0.24942734160916605
LGBM,2,0,1,0.6242757998484427
LGBM,2,0,0,0.24550487509758379
LGBM,2,0,0,0.04910077771809937
LGBM,2,0,0,0.07615894010228058
LGBM,2,0,0,0.23088743809948256
LGBM,2,1,1,0.7129088236151055
LGBM,2,0,0,0.04144553679820545
LGBM,2,1,0,0.22287389332739443
LGBM,2,0,0,0.024743430221522197
LGBM,2,0,0,0.01352397799226518
LGBM,2,0,0,0.12345950948598515
LGBM,2,1,1,0.9928754717565709
LGBM,2,0,1,0.9784166950173822
LGBM,2,0,0,0.09639111232651043
LGBM,2,0,0,0.32587990032791014
LGBM,2,0,0,0.22115996154940148
LGBM,2,0,0,0.03658298437041567
LGBM,2,0,0,0.04115161874128068
LGBM,2,0,0,0.32061653498655546
LGBM,2,0,0,0.13553614799976388
LGBM,2,0,1,0.5516263628720021
LGBM,2,0,0,0.18125335017996547
LGBM,2,1,0,0.04643973857288369
LGBM,2,1,0,0.018213177753212587
LGBM,2,0,0,0.24306169813590048
LGBM,2,0,0,0.07385914813214088
LGBM,2,1,0,0.27393119791597553
LGBM,2,1,0,0.3115773115404469
LGBM,2,0,0,0.04670914674674715
LGBM,2,1,0,0.2953456992253843
LGBM,2,0,0,0.22952556036573687
LGBM,2,0,0,0.30345108259548764
LGBM,2,0,0,0.11860551819976552
LGBM,2,0,0,0.1082517055829078
LGBM,2,1,0,0.0926749366992769
LGBM,2,0,1,0.8142547157075479
LGBM,2,0,0,0.18779906024431403
LGBM,2,0,0,0.1940116452335719
LGBM,2,0,0,0.08853352096867254
LGBM,2,0,0,0.2461057236865966
LGBM,2,1,1,0.6228660334526428
LGBM,2,0,0,0.03832488837996928
LGBM,2,0,0,0.23002056330853232
LGBM,2,0,1,0.6660712597609989
LGBM,2,0,0,0.08007145367205097
LGBM,2,0,0,0.02235381707083587
LGBM,2,0,0,0.43830871301327273
LGBM,2,1,0,0.3167577278696999
LGBM,2,0,0,0.3696416840285611
LGBM,2,0,0,0.35771149199329494
LGBM,2,0,0,0.21266660655386002
LGBM,2,1,1,0.9629817552632478
LGBM,2,1,0,0.1989006617446279
LGBM,2,0,0,0.16406960492872164
LGBM,2,0,0,0.07190303504567677
LGBM,2,1,0,0.22720230935846625
LGBM,2,0,0,0.146947079314471
LGBM,2,0,0,0.23223814760795244
LGBM,2,0,0,0.3037127784621181
LGBM,2,0,0,0.18564331598685213
LGBM,2,0,0,0.280129446028028
LGBM,2,0,0,0.03200541915720989
LGBM,2,0,0,0.25654659650967593
LGBM,2,0,0,0.17294358570471363
LGBM,2,0,0,0.18844356308327728
LGBM,2,0,0,0.2681909719553289
LGBM,2,0,0,0.06681246848199189
LGBM,2,0,0,0.3734453037267537
LGBM,2,1,0,0.26914937974645864
LGBM,2,0,0,0.1566801695874208
LGBM,2,0,0,0.3305661036123081
LGBM,2,1,0,0.19602254911052303
LGBM,2,0,0,0.1905075737192854
LGBM,2,0,0,0.2529946526503125
LGBM,2,0,0,0.1812268689305054
LGBM,2,0,0,0.44026680317326466
LGBM,2,1,0,0.36894806030637306
LGBM,2,1,1,0.8653884641326384
LGBM,2,0,0,0.21265241560820744
LGBM,2,0,0,0.07871733068683577
LGBM,2,0,0,0.13509841897868374
LGBM,2,0,0,0.11618953038568804
LGBM,2,1,0,0.08040342462907533
LGBM,2,1,1,0.6088226839192857
LGBM,2,0,0,0.4214914624746487
LGBM,2,1,0,0.24988933151377907
LGBM,2,0,0,0.028624281582951383
LGBM,2,0,1,0.6754811319323797
LGBM,2,0,0,0.02538228704811213
LGBM,2,0,0,0.03765685518190381
LGBM,2,0,1,0.6965210787321319
LGBM,2,0,0,0.2996496170795417
LGBM,2,1,0,0.2794329155173983
LGBM,2,0,0,0.21336001959136067
LGBM,2,0,0,0.11072986256969287
LGBM,2,0,1,0.5971184038465479
LGBM,2,0,0,0.09713264503910095
LGBM,2,0,1,0.7342262034442605
LGBM,2,0,0,0.08226985884537755
LGBM,2,0,0,0.16303406933813921
LGBM,2,1,1,0.9591255966130933
LGBM,2,0,0,0.23791492210955123
LGBM,2,0,0,0.1475026896808346
LGBM,2,0,0,0.3163516966589067
LGBM,2,1,0,0.213517779674237
LGBM,2,0,0,0.12886971019424742
LGBM,2,0,0,0.13971570337085046
LGBM,2,0,0,0.016554301935346297
LGBM,2,0,0,0.11358678418786443
LGBM,2,0,0,0.3162909043260422
LGBM,2,0,0,0.10484299322851265
LGBM,2,0,0,0.008099259546739535
LGBM,2,0,0,0.03123961001586846
LGBM,2,0,0,0.0225571906301521
LGBM,2,0,0,0.06285462279214392
LGBM,2,0,0,0.44033117466165544
LGBM,2,0,0,0.3472021524291181
LGBM,2,1,0,0.09065191755322324
LGBM,2,1,0,0.4052073010019679
LGBM,2,0,0,0.04996182156970662
LGBM,2,0,0,0.09034573826845262
LGBM,2,0,0,0.06484288330141799
LGBM,2,0,0,0.3154929623498216
LGBM,2,0,0,0.04072698200429259
LGBM,2,1,0,0.33498792519499226
LGBM,2,0,0,0.3152643942417056
LGBM,2,0,0,0.10333133393949845
LGBM,2,0,0,0.3821355450231543
LGBM,2,0,1,0.9979116078370365
LGBM,2,0,0,0.16482238030839508
LGBM,2,0,0,0.20642554552090842
LGBM,2,0,0,0.020345361630738187
LGBM,2,0,0,0.16853763943430197
LGBM,2,0,0,0.32647880054861544
LGBM,2,0,0,0.038956724009140596
LGBM,2,0,0,0.0650982755998228
LGBM,2,0,1,0.5767562399366085
LGBM,2,0,0,0.06315178350689087
LGBM,2,0,0,0.11709339799799083
LGBM,2,0,0,0.4127248469231358
LGBM,2,0,0,0.12251392842667991
LGBM,2,0,0,0.4960964850122359
LGBM,2,0,0,0.3870907771802015
LGBM,2,0,0,0.3267598278335827
LGBM,2,0,0,0.11940657438825075
LGBM,2,1,1,0.6869996210262329
LGBM,2,0,0,0.042064924483246856
LGBM,2,0,0,0.16666650515436648
LGBM,2,1,0,0.182114326480919
LGBM,2,0,0,0.19987726598724712
LGBM,2,0,0,0.05273111842054307
LGBM,2,0,0,0.059119257633306686
LGBM,2,0,0,0.04316098147933308
LGBM,2,0,0,0.1998645134769172
LGBM,2,0,1,0.505821168433367
LGBM,2,0,0,0.08751546958572055
LGBM,2,0,0,0.09436211828747601
LGBM,2,0,0,0.12757541424140684
LGBM,2,0,0,0.05748872329706544
LGBM,2,0,0,0.07467480976255836
LGBM,2,0,0,0.014023293700497416
LGBM,2,0,1,0.809651419398228
LGBM,2,0,0,0.10511510772109871
LGBM,2,0,0,0.1015694804100326
LGBM,2,0,0,0.25115287863993396
LGBM,2,1,0,0.4263313955218356
LGBM,2,1,0,0.06329066410109531
LGBM,2,0,0,0.1649486976884682
LGBM,2,1,1,0.6865769318122089
LGBM,2,0,0,0.2835221161810872
LGBM,2,0,0,0.13357628100377547
LGBM,2,0,0,0.15129759735502993
LGBM,2,1,0,0.3808382239164871
LGBM,2,0,0,0.02344927827059113
LGBM,2,0,0,0.16585390461143582
LGBM,2,0,0,0.048621130534194645
LGBM,2,0,0,0.02165657624935372
LGBM,2,0,1,0.6982314183122146
LGBM,2,0,0,0.19621619727266323
LGBM,2,0,0,0.04232171406790441
LGBM,2,0,1,0.6686798724488796
LGBM,2,0,0,0.021493016026071805
LGBM,2,1,0,0.05836231691668308
LGBM,2,0,0,0.04692636826783056
LGBM,2,0,1,0.7432383340135251
LGBM,2,0,0,0.021629766208070667
LGBM,2,0,0,0.1848054676974642
LGBM,2,0,1,0.645795385974112
LGBM,2,1,0,0.35670760800771567
LGBM,2,1,1,0.6519168233709263
LGBM,2,0,0,0.01791415277755208
LGBM,2,1,1,0.9993812678832126
LGBM,2,0,1,0.6775625836881196
LGBM,2,1,0,0.03755498715798178
LGBM,2,0,0,0.13270006992002795
LGBM,2,1,1,0.7561505289297707
LGBM,2,0,0,0.26401670921175985
LGBM,2,0,0,0.07006819989697066
LGBM,2,0,0,0.28270253356687475
LGBM,2,1,0,0.3641232966331698
LGBM,2,0,0,0.21792572823350828
LGBM,2,0,0,0.2885356881959668
LGBM,2,1,0,0.10312260977022636
LGBM,2,0,0,0.08241285737055118
LGBM,2,0,0,0.11039514685488236
LGBM,2,0,0,0.0390518727650614
LGBM,2,0,0,0.29327475853623286
LGBM,2,0,0,0.19364866557611568
LGBM,2,0,0,0.21632011570482412
LGBM,2,0,0,0.20747652724675836
LGBM,2,0,1,0.6884676652767205
LGBM,2,0,0,0.03215043917221843
LGBM,2,0,0,0.27483918066645896
LGBM,2,0,0,0.18860715683228313
LGBM,2,1,0,0.33332494724954403
LGBM,2,0,0,0.4333891969280141
LGBM,2,0,0,0.28824332112033363
LGBM,2,0,0,0.0668569287520958
LGBM,2,0,0,0.3231294412749536
LGBM,2,1,1,0.8417273196729445
LGBM,2,0,0,0.06851821362737294
LGBM,2,1,0,0.03042324034381863
LGBM,2,0,0,0.38038641455641337
LGBM,2,1,1,0.5450984815386355
LGBM,2,0,0,0.020541216654731163
LGBM,2,1,0,0.09753129780373829
LGBM,2,0,0,0.16401368496845858
LGBM,2,0,0,0.0957076997738506
LGBM,2,0,0,0.1771405259377023
LGBM,2,0,0,0.057015261864351234
LGBM,2,0,0,0.08257642312112312
LGBM,2,1,0,0.11604744314687522
LGBM,2,0,0,0.17613981241771703
LGBM,2,0,0,0.2400561272806147
LGBM,2,0,0,0.40378341242912796
LGBM,2,0,0,0.21989025967576306
LGBM,2,0,0,0.10904805444274555
LGBM,2,0,0,0.1647357502499227
LGBM,2,0,0,0.01522485678856544
LGBM,2,0,0,0.01763184372661714
LGBM,2,0,0,0.08463139112623284
LGBM,2,0,0,0.062285185732455284
LGBM,2,0,0,0.1277681545940897
LGBM,2,0,0,0.44686001161790423
LGBM,2,1,0,0.2814772432788929
LGBM,2,0,0,0.1774045484498628
LGBM,2,0,0,0.06750481029251885
LGBM,2,0,0,0.05335977946975519
LGBM,2,0,0,0.4297650436498053
LGBM,2,0,0,0.04585241966081679
LGBM,2,0,0,0.2119130631962612
LGBM,2,0,0,0.07962143360759795
LGBM,2,0,0,0.005925309269700726
LGBM,2,0,0,0.041138628206386106
LGBM,2,1,0,0.23724110872698967
LGBM,2,0,0,0.12493831061170585
LGBM,2,0,0,0.04328701572960983
LGBM,2,0,0,0.02448734794290875
LGBM,2,0,0,0.4273272357431578
LGBM,2,1,1,0.953045649417599
LGBM,2,1,0,0.199291490085062
LGBM,2,0,0,0.29009883668296343
LGBM,2,0,0,0.4733085635394264
LGBM,2,0,0,0.16810995571242976
LGBM,2,1,0,0.28919930145937345
LGBM,2,0,0,0.05065234039733687
LGBM,2,1,0,0.28901933095118326
LGBM,2,0,0,0.2227816635686675
LGBM,2,1,0,0.12687307559928535
LGBM,2,0,0,0.0579417002004086
LGBM,2,0,0,0.03419693603756005
LGBM,2,0,0,0.07131907324552601
LGBM,2,0,0,0.15256729789029808
LGBM,2,0,0,0.07392900001311735
LGBM,2,0,1,0.6235177633947715
LGBM,2,0,0,0.08572465996294841
LGBM,2,1,1,0.8133135069941984
LGBM,2,0,0,0.05156282917139586
LGBM,2,0,0,0.03611101472344742
LGBM,2,0,0,0.17300317511848903
LGBM,2,0,0,0.13169185386037374
LGBM,2,0,0,0.15481018728035023
LGBM,2,0,0,0.36914806012977924
LGBM,2,1,0,0.09673174122896926
LGBM,2,0,0,0.24823562939852825
LGBM,2,0,0,0.0241231929102811
LGBM,2,0,1,0.7699092962124104
LGBM,2,0,0,0.0890963005011378
LGBM,2,0,0,0.23571109054213835
LGBM,2,0,0,0.01636011906746796
LGBM,2,0,0,0.20738299180325404
LGBM,2,0,0,0.17793437588777766
LGBM,2,1,0,0.39244219316180007
LGBM,2,0,0,0.017840561077232673
LGBM,2,0,0,0.18810191075571653
LGBM,2,1,0,0.08147661101783943
LGBM,2,0,0,0.02008629782509439
LGBM,2,0,0,0.06714917577938624
LGBM,2,0,0,0.3655285134134726
LGBM,2,0,0,0.1346584809581701
LGBM,2,0,0,0.04962900584367189
LGBM,2,0,0,0.2212823730658714
LGBM,2,0,0,0.06887299378113017
LGBM,2,1,0,0.057726112608391875
LGBM,2,0,0,0.07914005162114705
LGBM,2,1,0,0.16375977829891203
LGBM,2,1,0,0.06946256535054629
LGBM,2,0,0,0.08045151193297033
LGBM,2,0,0,0.15187765695714214
LGBM,2,0,0,0.4975412029164152
LGBM,2,0,0,0.21753210523853855
LGBM,2,0,0,0.023146221943753178
LGBM,2,1,0,0.24962238726120559
LGBM,2,0,0,0.03758024501372155
LGBM,2,1,0,0.09101775535560024
LGBM,2,0,0,0.2703412490394618
LGBM,2,1,0,0.06739817348083486
LGBM,2,1,0,0.4197719763202475
LGBM,2,0,0,0.06415773113907132
LGBM,2,1,1,0.7663207898377158
LGBM,2,0,0,0.1378895027018808
LGBM,2,0,0,0.2517837918202823
LGBM,2,0,0,0.22316508457351655
LGBM,2,1,0,0.31516224176790375
LGBM,2,0,1,0.8243953461968754
LGBM,2,0,0,0.10603424799150704
LGBM,2,0,0,0.32634527604062374
LGBM,2,1,0,0.4670291634288876
LGBM,2,1,1,0.8471281379849979
LGBM,2,0,0,0.01143480413801915
LGBM,2,0,0,0.3432586966263423
LGBM,2,1,0,0.24947205736236164
LGBM,2,0,0,0.023543726386170267
LGBM,2,1,0,0.018225847078434984
LGBM,2,0,0,0.023586397044105922
LGBM,2,1,1,0.985539864036853
LGBM,2,0,0,0.07983603593136027
LGBM,2,1,0,0.07559200064577376
LGBM,2,0,0,0.04514470631043835
LGBM,2,1,1,0.6878499833494173
LGBM,2,0,0,0.3917118944071965
LGBM,2,1,0,0.04987155938585003
LGBM,2,0,0,0.3668357958696244
LGBM,2,0,0,0.11517066125401546
LGBM,2,1,0,0.02330478206714776
LGBM,2,0,0,0.23375127357502182
LGBM,2,0,0,0.07679139286762045
LGBM,2,0,0,0.12182530133711324
LGBM,2,0,0,0.12062246833935394
LGBM,2,1,0,0.4790596309591145
LGBM,2,0,0,0.40615478099770846
LGBM,2,1,0,0.022468386831290144
LGBM,2,0,0,0.006910500789462671
LGBM,2,0,0,0.1521475045111573
LGBM,2,0,0,0.05057512172140203
LGBM,2,0,0,0.10939495471220576
LGBM,2,0,0,0.1478746899358321
LGBM,2,0,0,0.11408904734299971
LGBM,2,0,0,0.040836064043152605
LGBM,2,0,0,0.4221756973777843
LGBM,2,0,0,0.25142783893528314
LGBM,2,1,0,0.014742425088750878
LGBM,2,1,1,0.9269490372879544
LGBM,2,0,0,0.019251551926112116
LGBM,2,0,0,0.3347467771327857
LGBM,2,0,0,0.05004788936566234
LGBM,2,0,0,0.16484626406956673
LGBM,2,0,0,0.0796935064842356
LGBM,2,1,0,0.11909067538365262
LGBM,2,1,0,0.21707071160463864
LGBM,2,0,0,0.046876801069458185
LGBM,2,0,0,0.04607750560192035
LGBM,2,0,0,0.035337489546169984
LGBM,2,1,0,0.058577368034755065
LGBM,2,0,1,0.9097609838597523
LGBM,2,0,0,0.10009607212891605
LGBM,2,1,0,0.04134731832435243
LGBM,2,0,0,0.09756748448914258
LGBM,2,0,0,0.36915903379651277
LGBM,2,0,0,0.12737743640973367
LGBM,2,0,0,0.1589162311570018
LGBM,2,0,0,0.15496441969792873
LGBM,2,0,0,0.3021529547874331
LGBM,2,1,0,0.03187668875254875
LGBM,2,0,0,0.15167145840317928
LGBM,2,0,0,0.33443008546961933
LGBM,2,0,0,0.13289395878792745
LGBM,2,0,0,0.14705077166747177
LGBM,2,0,0,0.11525052267512724
LGBM,2,0,0,0.05199244266825885
LGBM,2,0,0,0.078229279056294
LGBM,2,0,0,0.0692900504312127
LGBM,2,0,0,0.039281872236470824
LGBM,2,0,0,0.025269038382792156
LGBM,2,0,0,0.49851846104234826
LGBM,2,0,0,0.0797784008113318
LGBM,2,0,0,0.13770796521096765
LGBM,2,0,0,0.21684509884015024
LGBM,2,0,0,0.10799411598821156
LGBM,2,0,0,0.021845328938796676
LGBM,2,0,0,0.01532581484886602
LGBM,2,0,0,0.3146361872047727
LGBM,2,0,0,0.04144451764495713
LGBM,2,0,0,0.16187779806960906
LGBM,2,0,0,0.2944722012077907
LGBM,2,0,0,0.2348498429876818
LGBM,2,0,0,0.2554765941887947
LGBM,2,0,0,0.07657232832481978
LGBM,2,0,1,0.617548689438447
LGBM,2,1,0,0.4375089750114507
LGBM,2,1,1,0.9304350175366235
LGBM,2,1,0,0.23825360183480176
LGBM,2,0,0,0.014184990391625671
LGBM,2,0,0,0.021891887194398118
LGBM,2,1,0,0.016849588994653563
LGBM,2,0,0,0.04002735334381971
LGBM,2,0,0,0.08440531378209151
LGBM,2,1,0,0.10283514933932343
LGBM,2,0,0,0.1872883935767952
LGBM,2,0,0,0.01664283223774038
LGBM,2,0,0,0.01543844925835749
LGBM,2,0,0,0.19556728277811078
LGBM,2,1,1,0.7290325372457594
LGBM,2,0,0,0.03467986673554424
LGBM,2,0,0,0.15190194858772965
LGBM,2,0,0,0.01929491356100073
LGBM,2,1,0,0.2574329454635149
LGBM,2,0,0,0.1008514603031987
LGBM,2,0,0,0.29133428078361484
LGBM,2,0,0,0.14915572737275304
LGBM,2,0,0,0.17209751709854174
LGBM,2,1,0,0.39471208282134873
LGBM,2,0,0,0.49376167132087445
LGBM,2,0,0,0.14589659760047113
LGBM,2,0,0,0.015909640592762703
LGBM,2,0,0,0.2052539484174631
LGBM,2,0,0,0.1621844867864353
LGBM,2,0,0,0.13442910402449004
LGBM,2,0,0,0.07998308472788349
LGBM,2,0,0,0.2575541571299095
LGBM,2,0,0,0.05280677273867884
LGBM,2,0,0,0.0849436600442656
LGBM,2,0,0,0.0760937506935384
LGBM,2,1,0,0.14228800779003273
LGBM,2,1,0,0.10601712877797592
LGBM,2,0,0,0.09749980900684892
LGBM,2,1,1,0.5672318839995193
LGBM,2,0,0,0.03566726276138325
LGBM,2,0,0,0.0717524166044556
LGBM,2,1,0,0.3411802850798305
LGBM,2,0,0,0.14666392286638177
LGBM,2,0,1,0.7349555086961461
LGBM,2,0,0,0.028174430476365097
LGBM,2,1,0,0.31417780840536297
LGBM,2,0,0,0.01465788607611461
LGBM,2,0,0,0.28432536769506883
LGBM,2,0,0,0.0340729735286647
LGBM,2,0,1,0.584528418365077
LGBM,2,0,0,0.4471642626208469
LGBM,2,0,0,0.10282851913616088
LGBM,2,1,0,0.2206147741459425
LGBM,2,0,0,0.06338978138282705
LGBM,2,1,0,0.15819605017485747
LGBM,2,0,0,0.2586616192442231
LGBM,2,0,1,0.9969304002072175
LGBM,2,0,0,0.17541557128860405
LGBM,2,0,0,0.32483210525733025
LGBM,2,0,0,0.17787461164144075
LGBM,2,0,0,0.2598831376087108
LGBM,2,0,0,0.23070194410515907
LGBM,2,0,0,0.2855357180513377
LGBM,2,0,0,0.22811844107997817
LGBM,2,0,0,0.3295026657939318
LGBM,2,0,0,0.19045543375270763
LGBM,2,1,0,0.40818699249645995
LGBM,2,0,0,0.12732315884280487
LGBM,2,0,0,0.4631308814363971
LGBM,2,1,1,0.7710913175844173
LGBM,2,0,0,0.10901383671046207
LGBM,2,0,1,0.7837182456166566
LGBM,2,1,0,0.22117635640208713
LGBM,2,0,0,0.07817142430036338
LGBM,2,0,0,0.07766533324530227
LGBM,2,1,0,0.0807295057485413
LGBM,2,0,0,0.13451834317175218
LGBM,2,1,0,0.16682385745319694
LGBM,2,0,0,0.1458862541884017
LGBM,2,1,0,0.04263905903655375
LGBM,2,0,0,0.11038170529774761
LGBM,2,1,1,0.9155525430540895
LGBM,2,0,0,0.12631844866720868
LGBM,2,0,0,0.3216554865010763
LGBM,2,1,1,0.8359990452696432
LGBM,2,0,0,0.06573964277251416
LGBM,2,0,0,0.06642000953712406
LGBM,2,0,0,0.10253396772046709
LGBM,2,0,0,0.47092561468885236
LGBM,2,0,0,0.07128181354877958
LGBM,2,0,0,0.27920950058089206
LGBM,2,1,0,0.24129380814217166
LGBM,2,0,0,0.20801406584207158
LGBM,2,0,0,0.05942149408510518
LGBM,2,1,0,0.1974356517802737
LGBM,2,1,1,0.9668077849609895
LGBM,2,1,0,0.4411470912895988
LGBM,2,0,0,0.03693471894492663
LGBM,2,0,0,0.02083746617403518
LGBM,2,0,0,0.2379556036981886
LGBM,2,1,1,0.9492552191162843
LGBM,2,0,0,0.28827789393362185
LGBM,2,0,0,0.2438868662751412
LGBM,2,1,1,0.5095574865849348
LGBM,2,0,0,0.09493433117350854
LGBM,2,1,0,0.38160977761781795
LGBM,2,0,0,0.2223783219301449
LGBM,2,0,0,0.35255244487190013
LGBM,2,1,0,0.31144113239189397
LGBM,2,1,0,0.3498795776560245
LGBM,2,0,0,0.15386794439183826
LGBM,2,0,0,0.07309061544877302
LGBM,2,1,1,0.9034528504160692
LGBM,2,0,0,0.10176263659380173
LGBM,2,0,0,0.22722899446991224
LGBM,2,0,1,0.519107976729936
LGBM,2,0,0,0.10316116272735823
LGBM,2,0,0,0.1584278170907151
LGBM,2,0,0,0.07444814952250593
LGBM,2,0,0,0.1347104129710399
LGBM,2,0,0,0.4492378566513584
LGBM,2,0,0,0.2214394816488879
LGBM,2,0,0,0.36449716843556695
LGBM,2,0,0,0.012373181823036266
LGBM,2,0,0,0.1722739268159397
LGBM,2,0,0,0.16855251247028288
LGBM,2,1,1,0.7281859697303715
LGBM,2,0,0,0.009154216889008852
LGBM,2,0,1,0.5532452071590097
LGBM,2,1,0,0.04616894697533428
LGBM,2,0,0,0.04981524159240789
LGBM,2,1,0,0.09133813324071027
LGBM,2,0,0,0.11373883933398661
LGBM,2,0,0,0.020836496276740512
LGBM,2,1,0,0.1477064938049346
LGBM,2,0,0,0.09115498918223292
LGBM,2,0,0,0.21330561116919336
LGBM,2,0,0,0.12157158876247515
LGBM,2,1,0,0.027122162428898824
LGBM,2,0,0,0.19128634921230828
LGBM,2,0,0,0.0852591617542988
LGBM,2,0,1,0.5712262653013224
LGBM,2,0,1,0.9649868157206156
LGBM,2,0,0,0.4546988657728628
LGBM,2,1,1,0.9798148003844676
LGBM,2,0,0,0.2964496855616
LGBM,2,0,0,0.06481299882148506
LGBM,2,0,0,0.11040808210018235
LGBM,2,0,0,0.03774859789272468
LGBM,2,0,0,0.2950711562610319
LGBM,2,0,0,0.4606941133231192
LGBM,2,0,0,0.41101999171563525
LGBM,2,0,0,0.24617565174657982
LGBM,2,1,1,0.5011782956167153
LGBM,2,0,0,0.05132764945479957
LGBM,2,0,0,0.04328023920916419
LGBM,2,0,1,0.8623793505433918
LGBM,2,0,0,0.05186207118160347
LGBM,2,0,0,0.1916016148119321
LGBM,2,0,0,0.3514590423886898
LGBM,2,0,0,0.032539161834299356
LGBM,2,0,0,0.14356704689357297
LGBM,2,0,0,0.20551212165865954
LGBM,2,0,0,0.16751792482304834
LGBM,2,0,0,0.1586687143232309
LGBM,2,1,0,0.04004286313190437
LGBM,2,0,0,0.10068300305961862
LGBM,2,0,0,0.010181461948882276
LGBM,2,0,0,0.11071909493540735
LGBM,2,0,1,0.7663100587216813
LGBM,2,0,0,0.23475118724320543
LGBM,2,0,0,0.20924864859800363
LGBM,2,0,0,0.13071731073575416
LGBM,2,0,0,0.28166980101221656
LGBM,2,0,1,0.9227384201791229
LGBM,2,1,0,0.18743528587023242
LGBM,2,0,0,0.08504984134202921
LGBM,2,0,0,0.28036343595859037
LGBM,2,0,0,0.3008291472628488
LGBM,2,1,1,0.9047203301391087
LGBM,2,0,1,0.9627457948724217
LGBM,2,0,0,0.3397311887148164
LGBM,2,0,0,0.3405653985349095
LGBM,2,1,0,0.28695760884590565
LGBM,2,0,1,0.704918798003129
LGBM,2,1,0,0.049921116780814546
LGBM,2,0,0,0.03416162569010557
LGBM,2,0,0,0.02457771299709283
LGBM,2,1,0,0.10008663670158635
LGBM,2,0,0,0.11643137178268
LGBM,2,1,1,0.5877019223808926
LGBM,3,1,0,0.3635838691816081
LGBM,3,0,0,0.019881388587771057
LGBM,3,0,0,0.21020525885576144
LGBM,3,0,0,0.028215907994764512
LGBM,3,0,0,0.3962402363584364
LGBM,3,0,0,0.16499878198212764
LGBM,3,0,0,0.017236547122881914
LGBM,3,1,1,0.8686168987471592
LGBM,3,1,1,0.9732658588058449
LGBM,3,0,0,0.13834497974056018
LGBM,3,1,0,0.1562446834466277
LGBM,3,0,0,0.22844051055295478
LGBM,3,0,0,0.3776331869049622
LGBM,3,0,0,0.05429724271908095
LGBM,3,0,1,0.6027340107252929
LGBM,3,0,0,0.23633998705237524
LGBM,3,0,0,0.38284371348896384
LGBM,3,0,1,0.6072603228639547
LGBM,3,1,0,0.25084607029958744
LGBM,3,0,0,0.0940783762221693
LGBM,3,1,1,0.9034564350963439
LGBM,3,1,1,0.6083602640840559
LGBM,3,1,1,0.5180806361428892
LGBM,3,1,1,0.8517436996445955
LGBM,3,0,0,0.045569268830605233
LGBM,3,0,0,0.2956390568324725
LGBM,3,1,1,0.9599679934527239
LGBM,3,1,0,0.2443811292960027
LGBM,3,1,0,0.45395735438805235
LGBM,3,0,0,0.15002750592168426
LGBM,3,0,1,0.8295243596398231
LGBM,3,1,0,0.1881578905562866
LGBM,3,1,1,0.6219667391849999
LGBM,3,0,0,0.19093620550426837
LGBM,3,1,0,0.0740443856121887
LGBM,3,1,0,0.302095031618415
LGBM,3,1,1,0.9242197006432902
LGBM,3,1,1,0.8670040530845196
LGBM,3,0,1,0.7913524575352147
LGBM,3,0,0,0.060680477765971075
LGBM,3,1,0,0.09460936989041738
LGBM,3,0,1,0.5912427210927492
LGBM,3,0,0,0.22448425761070184
LGBM,3,0,0,0.14089109007873993
LGBM,3,0,0,0.09670040330177708
LGBM,3,1,0,0.022962907605336775
LGBM,3,0,0,0.2231070436035547
LGBM,3,0,0,0.11036883776380445
LGBM,3,0,1,0.6693735889965035
LGBM,3,0,0,0.4017036511168759
LGBM,3,0,1,0.8244015244670592
LGBM,3,0,0,0.05655928363519416
LGBM,3,1,0,0.32480782883318426
LGBM,3,0,0,0.029506732594240834
LGBM,3,0,1,0.6901412024216416
LGBM,3,1,1,0.9461868509110167
LGBM,3,1,1,0.8948776757449882
LGBM,3,0,0,0.18574213300620113
LGBM,3,0,0,0.0769681046092613
LGBM,3,1,1,0.5540712993237547
LGBM,3,1,0,0.24587014559136508
LGBM,3,0,1,0.6154656723588336
LGBM,3,1,0,0.1294821243223527
LGBM,3,0,0,0.24533523296558482
LGBM,3,0,0,0.13500239704885877
LGBM,3,0,0,0.32979392360142984
LGBM,3,0,1,0.5135193422840997
LGBM,3,0,0,0.01873168071530407
LGBM,3,0,0,0.02486675564366184
LGBM,3,0,1,0.8336301924910533
LGBM,3,1,0,0.12152396522061144
LGBM,3,0,1,0.5372064944687882
LGBM,3,1,1,0.8884719049234405
LGBM,3,1,0,0.029198545658030615
LGBM,3,0,0,0.0356480191735673
LGBM,3,0,0,0.18060262361144933
LGBM,3,0,0,0.2896080007652313
LGBM,3,0,0,0.03769514244879058
LGBM,3,0,0,0.07092249991733332
LGBM,3,0,0,0.2899340433693817
LGBM,3,0,0,0.21765295100610493
LGBM,3,0,0,0.14388294212753977
LGBM,3,0,0,0.24598798763753718
LGBM,3,1,1,0.8310494681513115
LGBM,3,0,0,0.17311046943023228
LGBM,3,0,0,0.1542466284829492
LGBM,3,0,0,0.10504662342368727
LGBM,3,1,0,0.19377950757633505
LGBM,3,0,0,0.11746674469078038
LGBM,3,0,0,0.15954774148241116
LGBM,3,0,0,0.15524776447099417
LGBM,3,0,0,0.08110623130722563
LGBM,3,0,0,0.03601555937456293
LGBM,3,0,0,0.18451714119702597
LGBM,3,0,0,0.09064355050933783
LGBM,3,0,0,0.06170705389709346
LGBM,3,0,0,0.21934474600397982
LGBM,3,0,0,0.0880127585478626
LGBM,3,1,0,0.28914667657224224
LGBM,3,0,0,0.19667712549861976
LGBM,3,1,0,0.2346174267548931
LGBM,3,0,0,0.062239298438574474
LGBM,3,1,1,0.9808622407184595
LGBM,3,0,1,0.6096246080188711
LGBM,3,0,1,0.675379509478684
LGBM,3,0,0,0.18112994474475305
LGBM,3,0,0,0.1029580773020422
LGBM,3,0,0,0.330542524350512
LGBM,3,1,1,0.7108100277273114
LGBM,3,0,0,0.14467827151515983
LGBM,3,1,0,0.1439169299378461
LGBM,3,0,0,0.01678830107141285
LGBM,3,0,0,0.0511947794915421
LGBM,3,0,0,0.08486495473891587
LGBM,3,0,0,0.07137473260231149
LGBM,3,1,1,0.6250350452927219
LGBM,3,0,0,0.30646928500765264
LGBM,3,0,1,0.5949415433942995
LGBM,3,0,0,0.1800663484996115
LGBM,3,0,0,0.365436445749873
LGBM,3,1,0,0.382562846778846
LGBM,3,0,0,0.09287636783864305
LGBM,3,0,0,0.08237571536045676
LGBM,3,1,0,0.18218163418368252
LGBM,3,0,0,0.2838965838430387
LGBM,3,0,0,0.08746384129430688
LGBM,3,0,1,0.6971146762711199
LGBM,3,0,0,0.030965231232521852
LGBM,3,0,0,0.08131528083309221
LGBM,3,1,0,0.09653027642516261
LGBM,3,0,0,0.03423446601964454
LGBM,3,0,0,0.33301254887375975
LGBM,3,1,0,0.3214391643459543
LGBM,3,0,0,0.2939330917111955
LGBM,3,0,0,0.13271436725554148
LGBM,3,1,1,0.9591390515425721
LGBM,3,1,0,0.11850682193049272
LGBM,3,0,0,0.11154230993353723
LGBM,3,0,0,0.45828048123668114
LGBM,3,0,0,0.03350275248603914
LGBM,3,0,0,0.3534733711028592
LGBM,3,1,0,0.3399102089899613
LGBM,3,1,1,0.7149708778080422
LGBM,3,1,1,0.9987659090307337
LGBM,3,0,0,0.048326671752677526
LGBM,3,1,0,0.2634101167332314
LGBM,3,1,0,0.20746610302650625
LGBM,3,0,0,0.34473823366534806
LGBM,3,0,0,0.02492349967158335
LGBM,3,0,0,0.02653325198780509
LGBM,3,1,0,0.10276143864444924
LGBM,3,0,1,0.802854572653607
LGBM,3,0,1,0.548231494311038
LGBM,3,0,0,0.208060804997655
LGBM,3,0,0,0.07362105655428398
LGBM,3,1,0,0.25004109283990417
LGBM,3,0,0,0.12422667020710756
LGBM,3,0,0,0.05520797693094213
LGBM,3,0,0,0.24611884076043938
LGBM,3,0,0,0.33875244734499027
LGBM,3,0,0,0.425068001527482
LGBM,3,0,0,0.13106490175925467
LGBM,3,0,0,0.11022477537281343
LGBM,3,0,0,0.048973224007879936
LGBM,3,0,0,0.10322373807105872
LGBM,3,0,1,0.6718205638796753
LGBM,3,0,0,0.1813478092142908
LGBM,3,0,0,0.16920412729618498
LGBM,3,0,0,0.0158645692356006
LGBM,3,1,0,0.020991604400218952
LGBM,3,0,0,0.11432281392315662
LGBM,3,0,0,0.16419483119065953
LGBM,3,0,0,0.00945061674593977
LGBM,3,0,0,0.15873819280605686
LGBM,3,1,0,0.3693983588312586
LGBM,3,0,0,0.04540533248865531
LGBM,3,0,0,0.051609195905501185
LGBM,3,0,0,0.014526267254479823
LGBM,3,0,1,0.5865695373378337
LGBM,3,0,0,0.056913032424112484
LGBM,3,1,0,0.07120047333357661
LGBM,3,0,0,0.007506379694315552
LGBM,3,0,0,0.06502096877092056
LGBM,3,0,1,0.6506024504023575
LGBM,3,0,0,0.09381327273087237
LGBM,3,0,0,0.20009355299858114
LGBM,3,0,0,0.2091932548121782
LGBM,3,1,0,0.3230323437952528
LGBM,3,0,0,0.31766363056972985
LGBM,3,0,0,0.4019313554883845
LGBM,3,0,0,0.14922177793426983
LGBM,3,1,0,0.1973520047433208
LGBM,3,1,1,0.8613197526287665
LGBM,3,0,0,0.37741752659855043
LGBM,3,0,0,0.10940345886954052
LGBM,3,0,0,0.13245966652357824
LGBM,3,1,1,0.870970031688868
LGBM,3,0,0,0.14548642613315774
LGBM,3,0,0,0.07738876167438045
LGBM,3,0,0,0.41491340102524843
LGBM,3,0,0,0.013255950194602536
LGBM,3,0,0,0.07172372074777078
LGBM,3,0,0,0.01317445191153471
LGBM,3,0,0,0.2373269810337379
LGBM,3,0,0,0.23957782194741437
LGBM,3,0,0,0.17574594126213647
LGBM,3,0,0,0.11264505589656343
LGBM,3,0,0,0.14084958851629265
LGBM,3,0,0,0.06928603396359323
LGBM,3,0,0,0.30754428909386944
LGBM,3,0,0,0.20959793708441884
LGBM,3,0,0,0.19737132845188637
LGBM,3,0,0,0.010406812548649365
LGBM,3,0,0,0.36822921580101586
LGBM,3,0,1,0.7915647517851482
LGBM,3,0,0,0.23243825083532849
LGBM,3,0,0,0.08672338864159913
LGBM,3,1,0,0.3398780413643796
LGBM,3,0,0,0.11325526399120338
LGBM,3,1,0,0.05242359793014088
LGBM,3,0,0,0.2710345270627033
LGBM,3,0,0,0.1625764502468218
LGBM,3,0,0,0.15641325615604815
LGBM,3,0,1,0.6867387870076854
LGBM,3,0,1,0.7246255711595694
LGBM,3,0,1,0.5229445687714724
LGBM,3,0,0,0.22437775936449605
LGBM,3,0,0,0.26011768807150265
LGBM,3,1,1,0.9525967222234236
LGBM,3,0,0,0.01635297235254289
LGBM,3,0,0,0.044848128006383506
LGBM,3,0,1,0.8922327910164576
LGBM,3,0,0,0.3119442790419535
LGBM,3,0,0,0.3346858785287496
LGBM,3,0,0,0.10166613920840063
LGBM,3,0,0,0.06645358403335423
LGBM,3,1,0,0.4808855035655796
LGBM,3,1,0,0.06795229318765963
LGBM,3,0,0,0.10710377864666938
LGBM,3,0,0,0.12348626986490438
LGBM,3,0,0,0.3474708466982931
LGBM,3,1,1,0.7080893035231374
LGBM,3,1,1,0.9835044275487558
LGBM,3,0,0,0.014425107033115161
LGBM,3,0,0,0.23465826674357187
LGBM,3,0,1,0.5270326766393252
LGBM,3,0,0,0.021244727822958286
LGBM,3,0,0,0.030780142668450444
LGBM,3,0,1,0.513280625270196
LGBM,3,0,0,0.3169837457480262
LGBM,3,0,0,0.2572672222627264
LGBM,3,0,0,0.07754778052343467
LGBM,3,0,0,0.28102430704523107
LGBM,3,0,0,0.03727463536679526
LGBM,3,0,0,0.24468627121025893
LGBM,3,0,0,0.03389557968714425
LGBM,3,1,0,0.3038869172932541
LGBM,3,0,0,0.38204038301510623
LGBM,3,1,1,0.5189529904767781
LGBM,3,0,0,0.441200402278043
LGBM,3,0,0,0.1474364478928344
LGBM,3,0,0,0.11590081616400705
LGBM,3,0,0,0.0907850917587374
LGBM,3,0,0,0.0984256459548964
LGBM,3,0,0,0.13153281616997556
LGBM,3,0,0,0.1012411098318118
LGBM,3,0,0,0.12719623685910278
LGBM,3,0,0,0.14687487568615173
LGBM,3,1,0,0.4160679072025563
LGBM,3,0,0,0.195538952461599
LGBM,3,0,0,0.21462401266816478
LGBM,3,1,1,0.8601504291482368
LGBM,3,0,0,0.07243332346118043
LGBM,3,0,0,0.05349607131560615
LGBM,3,0,0,0.2748683300352801
LGBM,3,1,1,0.7733598381371272
LGBM,3,0,0,0.22457980280110112
LGBM,3,0,0,0.039170914074274754
LGBM,3,1,1,0.9755565231503284
LGBM,3,0,0,0.17050810289847448
LGBM,3,0,0,0.06896477741091162
LGBM,3,1,1,0.54677129660183
LGBM,3,0,0,0.04367426140840165
LGBM,3,0,0,0.15231374572439088
LGBM,3,0,0,0.2510416840758041
LGBM,3,0,0,0.4101866671261507
LGBM,3,0,0,0.19616183940469178
LGBM,3,0,0,0.027639930734177948
LGBM,3,0,0,0.2660713835550463
LGBM,3,0,0,0.01639891031967721
LGBM,3,1,0,0.22687174594180323
LGBM,3,0,0,0.36574263979301536
LGBM,3,1,0,0.48663486662835054
LGBM,3,0,0,0.18045935600731555
LGBM,3,0,0,0.18711822922048482
LGBM,3,0,0,0.02935569198307515
LGBM,3,0,0,0.24869269759796847
LGBM,3,0,0,0.11319539382423084
LGBM,3,0,0,0.16760137843751266
LGBM,3,1,1,0.9510658335936569
LGBM,3,0,1,0.7321621963515949
LGBM,3,0,0,0.014077062593393508
LGBM,3,0,0,0.14641967785813537
LGBM,3,0,0,0.3125479077046768
LGBM,3,1,0,0.3423996088145082
LGBM,3,1,1,0.6657909030425577
LGBM,3,0,0,0.3705230032749242
LGBM,3,0,0,0.0960896173320819
LGBM,3,1,0,0.32590421976448236
LGBM,3,0,0,0.15213609846360412
LGBM,3,1,1,0.8050594870524875
LGBM,3,0,0,0.17999721134362714
LGBM,3,0,0,0.05304055083244169
LGBM,3,0,0,0.3705230032749242
LGBM,3,0,0,0.037999126767735286
LGBM,3,0,0,0.016888135041051914
LGBM,3,0,0,0.050385771018371814
LGBM,3,1,0,0.12580310917237902
LGBM,3,1,0,0.20601966439606267
LGBM,3,0,0,0.03726983682499222
LGBM,3,0,0,0.38619698558695675
LGBM,3,0,0,0.2586770225917445
LGBM,3,1,0,0.34187838771968004
LGBM,3,0,0,0.14393257098662984
LGBM,3,0,0,0.05698958494655284
LGBM,3,0,0,0.4728420564644806
LGBM,3,0,0,0.10067972943969909
LGBM,3,0,0,0.09604489932711213
LGBM,3,0,0,0.09501227174778196
LGBM,3,0,0,0.125751926525243
LGBM,3,0,0,0.051586149884024705
LGBM,3,0,0,0.16186774346450006
LGBM,3,0,0,0.31870106170968243
LGBM,3,0,0,0.02989461958670216
LGBM,3,0,0,0.16448483282246257
LGBM,3,0,0,0.022324248616845545
LGBM,3,0,0,0.06293103898268304
LGBM,3,0,0,0.09607012892477208
LGBM,3,0,0,0.45915146896621917
LGBM,3,0,0,0.03811569752314006
LGBM,3,0,1,0.7520046827000344
LGBM,3,0,0,0.44586034866464
LGBM,3,0,0,0.06261860949297265
LGBM,3,0,0,0.013370437108366174
LGBM,3,0,0,0.025828504576755677
LGBM,3,1,0,0.4190848173604364
LGBM,3,0,1,0.5233562195782286
LGBM,3,0,0,0.11007954526319855
LGBM,3,0,0,0.18527627657697865
LGBM,3,0,0,0.03915243105513921
LGBM,3,0,0,0.3922889133042598
LGBM,3,0,0,0.37548784050498624
LGBM,3,1,0,0.18487317102945
LGBM,3,0,1,0.7834115326465252
LGBM,3,0,0,0.123530161696666
LGBM,3,0,0,0.2153587925266258
LGBM,3,0,0,0.08996023055603904
LGBM,3,0,0,0.13641396570016714
LGBM,3,1,0,0.326631675262942
LGBM,3,0,0,0.06516546407950172
LGBM,3,0,0,0.20249220113258345
LGBM,3,0,0,0.42160018946107647
LGBM,3,0,0,0.01542580205574566
LGBM,3,0,0,0.3335182872123548
LGBM,3,0,0,0.08045766269305951
LGBM,3,0,1,0.6639461925313556
LGBM,3,0,0,0.08283662899501348
LGBM,3,0,0,0.13202569934531144
LGBM,3,1,0,0.2442844985474476
LGBM,3,0,0,0.1196782520453271
LGBM,3,1,0,0.12960449868103507
LGBM,3,1,0,0.0845972694886935
LGBM,3,0,0,0.08333998440366942
LGBM,3,0,0,0.48524923437565587
LGBM,3,0,1,0.8890789450618058
LGBM,3,0,0,0.2796405247810312
LGBM,3,0,0,0.17479584713625682
LGBM,3,0,0,0.42263781858674593
LGBM,3,0,0,0.18030945358805842
LGBM,3,0,0,0.044243476379368485
LGBM,3,0,1,0.5710414475603539
LGBM,3,0,1,0.6542594007371011
LGBM,3,1,0,0.10538667167235435
LGBM,3,1,0,0.17984261747314378
LGBM,3,0,0,0.03342015163066745
LGBM,3,0,0,0.055332169368386704
LGBM,3,0,1,0.9603928412745428
LGBM,3,0,0,0.02151674453337571
LGBM,3,0,0,0.029099591357500027
LGBM,3,0,0,0.08950790437239439
LGBM,3,0,0,0.049471543417607476
LGBM,3,0,1,0.5285284636227953
LGBM,3,1,1,0.9105478253892298
LGBM,3,0,0,0.2599176166727474
LGBM,3,0,0,0.17173507850217717
LGBM,3,0,0,0.2289123437429102
LGBM,3,0,1,0.9291274822065002
LGBM,3,0,0,0.10362986581089581
LGBM,3,1,0,0.2635888692293591
LGBM,3,1,1,0.758468378879101
LGBM,3,1,1,0.9048415594785727
LGBM,3,1,0,0.1367766996995538
LGBM,3,0,0,0.16607036814875548
LGBM,3,0,1,0.6280350342913297
LGBM,3,0,0,0.057916533081663876
LGBM,3,1,0,0.4158573317153069
LGBM,3,0,0,0.23837331571682835
LGBM,3,0,0,0.01498703406420067
LGBM,3,0,0,0.3554967596893939
LGBM,3,0,0,0.01268772674952591
LGBM,3,1,0,0.45909273566668907
LGBM,3,1,0,0.2945979425309304
LGBM,3,0,0,0.10260543253335089
LGBM,3,0,0,0.3176349712073308
LGBM,3,0,0,0.07713420124690523
LGBM,3,0,0,0.05296729669384803
LGBM,3,0,0,0.1902827159294456
LGBM,3,1,0,0.13262303158476216
LGBM,3,0,0,0.08898103477327662
LGBM,3,0,0,0.08988220495045914
LGBM,3,0,0,0.03266350428635955
LGBM,3,0,0,0.16514938724446598
LGBM,3,0,1,0.6828065782175942
LGBM,3,1,0,0.06958825623922242
LGBM,3,0,0,0.07384772972603398
LGBM,3,1,0,0.3970157924357678
LGBM,3,0,0,0.3809309357684388
LGBM,3,0,0,0.247168082952561
LGBM,3,0,0,0.05384470474922612
LGBM,3,1,0,0.0856983741256265
LGBM,3,1,0,0.23143105932004615
LGBM,3,1,0,0.073669065919316
LGBM,3,0,0,0.17286151452262466
LGBM,3,1,0,0.22190937003185643
LGBM,3,1,0,0.45219088472660907
LGBM,3,0,0,0.0814624537237671
LGBM,3,0,0,0.12676782081022972
LGBM,3,0,0,0.04271408191333171
LGBM,3,1,1,0.7623238177347302
LGBM,3,0,0,0.2796178561606652
LGBM,3,0,0,0.22994426248533537
LGBM,3,0,0,0.06989159870946501
LGBM,3,1,0,0.23266800916610245
LGBM,3,0,1,0.6031148186678279
LGBM,3,0,0,0.23855806150437794
LGBM,3,1,0,0.31149388550203966
LGBM,3,0,0,0.08458578545331828
LGBM,3,0,0,0.05453899704778154
LGBM,3,0,0,0.1794654875935416
LGBM,3,0,0,0.05919970850306372
LGBM,3,0,0,0.3699276129876302
LGBM,3,0,0,0.15902503104620777
LGBM,3,0,0,0.09312060218526444
LGBM,3,1,0,0.3553819821538373
LGBM,3,1,1,0.9350337890185578
LGBM,3,1,1,0.5107790428283039
LGBM,3,0,0,0.4742061627421909
LGBM,3,0,0,0.05573349446192703
LGBM,3,0,1,0.6336906915318253
LGBM,3,0,0,0.430984168852957
LGBM,3,1,0,0.13392789512411454
LGBM,3,0,1,0.9634471810770402
LGBM,3,1,0,0.45685864269440746
LGBM,3,0,0,0.3266141142682334
LGBM,3,0,0,0.04340109419151349
LGBM,3,1,1,0.5177740879740175
LGBM,3,0,0,0.3534537301115561
LGBM,3,0,0,0.18886643156345514
LGBM,3,0,0,0.02689981630707067
LGBM,3,0,0,0.19915434862773268
LGBM,3,1,1,0.5205988666818998
LGBM,3,0,0,0.05788862507236368
LGBM,3,1,1,0.613859978891472
LGBM,3,0,0,0.08148604406432712
LGBM,3,0,0,0.1576226484027602
LGBM,3,0,0,0.05986204011851378
LGBM,3,0,0,0.16101308032437842
LGBM,3,0,1,0.6675414619325417
LGBM,3,0,1,0.9748249121550815
LGBM,3,0,0,0.20266163212033264
LGBM,3,0,0,0.294827695902359
LGBM,3,0,0,0.39139654729660883
LGBM,3,0,1,0.7544137777612581
LGBM,3,1,0,0.08306700499658368
LGBM,3,0,0,0.19031026051138406
LGBM,3,0,0,0.058660647233439105
LGBM,3,0,0,0.06809049068817445
LGBM,3,1,0,0.0577808312645522
LGBM,3,0,0,0.17114523216993613
LGBM,3,1,0,0.12177593138358478
LGBM,3,1,0,0.16636340327714733
LGBM,3,0,0,0.11515947119313504
LGBM,3,0,0,0.13959956579013524
LGBM,3,0,0,0.1036660626032097
LGBM,3,0,0,0.31149388550203966
LGBM,3,0,0,0.07107747329553712
LGBM,3,0,0,0.36360328830526917
LGBM,3,0,0,0.4459463168054565
LGBM,3,1,0,0.18496667032460076
LGBM,3,0,0,0.03364229540526605
LGBM,3,0,0,0.19092673740222266
LGBM,3,1,1,0.9609308200567557
LGBM,3,0,0,0.03215437939489762
LGBM,3,1,1,0.9500281624591718
LGBM,3,1,0,0.06642963024926281
LGBM,3,1,0,0.315343639408201
LGBM,3,0,0,0.04851104516310714
LGBM,3,1,0,0.4364389646762256
LGBM,3,0,0,0.05617016374711279
LGBM,3,0,0,0.21686858040716772
LGBM,3,0,0,0.0672836525123767
LGBM,3,0,0,0.21152696765566387
LGBM,3,1,0,0.15115275395639277
LGBM,3,0,0,0.039458614318967994
LGBM,3,0,0,0.021405279055938954
LGBM,3,0,0,0.07583591662115571
LGBM,3,1,0,0.046353758407232874
LGBM,3,0,0,0.1902827159294456
LGBM,3,0,0,0.4922954781215837
LGBM,3,0,0,0.1999395322200545
LGBM,3,0,0,0.35096122273478864
LGBM,3,0,0,0.2035361189129772
LGBM,3,0,0,0.3588292025109225
LGBM,3,1,1,0.5753526623459494
LGBM,3,0,0,0.1276053323750639
LGBM,3,0,0,0.1035221521246468
LGBM,3,1,0,0.05086787641183861
LGBM,3,0,0,0.048653873464179424
LGBM,3,1,0,0.19154658948609438
LGBM,3,0,0,0.17678326198002114
LGBM,3,0,0,0.038387719239146426
LGBM,3,0,0,0.050956727059866126
LGBM,3,0,0,0.0900623006269708
LGBM,3,0,0,0.02059381765746187
LGBM,3,0,0,0.17719805125965166
LGBM,3,1,1,0.8517436996445955
LGBM,3,0,0,0.2956239947301374
LGBM,3,1,1,0.7270667992420924
LGBM,3,0,0,0.19106579771071164
LGBM,3,0,0,0.15777260138942575
LGBM,3,0,0,0.020235028421601662
LGBM,3,0,0,0.2470963061335803
LGBM,3,0,0,0.1848455522845989
LGBM,3,1,0,0.4721380275789897
LGBM,3,0,0,0.36612059130368424
LGBM,3,1,0,0.35303614007765916
LGBM,3,0,0,0.04859404417129309
LGBM,3,0,0,0.11353608095310823
LGBM,3,0,0,0.04584323055958116
LGBM,3,0,0,0.07814051534223879
LGBM,3,0,0,0.1483045449075337
LGBM,3,0,0,0.08681920965670474
LGBM,3,0,1,0.6755380124636945
LGBM,3,0,0,0.36434955304809946
LGBM,3,0,1,0.6645991471216143
LGBM,3,0,1,0.5965231622748182
LGBM,3,0,0,0.04916027329505472
LGBM,3,0,0,0.06277655772965196
LGBM,3,0,0,0.02432199168142875
LGBM,3,1,0,0.0965126240714477
LGBM,3,0,0,0.045907705366012436
LGBM,3,0,0,0.27531048057715984
LGBM,3,0,0,0.19815149511187213
LGBM,3,0,0,0.15309112054999352
LGBM,3,0,0,0.12186246969337902
LGBM,3,0,1,0.5235081161213891
LGBM,3,0,0,0.11155455683925304
LGBM,3,0,1,0.6151291160135601
LGBM,3,0,0,0.16450948069842383
LGBM,3,1,0,0.3600923990919425
LGBM,3,1,0,0.17556641979538656
LGBM,3,0,0,0.17621251732964155
LGBM,3,1,0,0.29295038367072984
LGBM,3,1,0,0.3273642963228602
LGBM,3,1,0,0.053233714452296264
LGBM,3,0,0,0.016908652414955726
LGBM,3,0,0,0.19986547416279618
LGBM,3,0,0,0.2512798132742725
LGBM,3,0,0,0.35403640938034264
LGBM,3,1,1,0.6898965695952192
LGBM,3,0,0,0.07716942510960169
LGBM,3,0,0,0.11194517676604529
LGBM,3,0,1,0.5108916419012939
LGBM,3,0,0,0.09772545111053488
LGBM,3,0,1,0.5360497468864369
LGBM,3,1,0,0.20253708447046725
LGBM,3,0,0,0.058372887240132426
LGBM,3,1,0,0.1967836859938239
LGBM,3,0,0,0.03341997978005726
LGBM,3,0,0,0.05427646019260346
LGBM,3,0,0,0.09640935953841903
LGBM,3,0,1,0.8534204048049931
LGBM,3,0,1,0.8023630390176798
LGBM,3,1,1,0.549255646831549
LGBM,3,0,0,0.042784382202460884
LGBM,3,0,0,0.10252719831547243
LGBM,3,0,0,0.04618351423850681
LGBM,3,0,0,0.44066919630782614
LGBM,3,1,0,0.04506604410128923
LGBM,3,0,0,0.08411555910221431
LGBM,3,0,0,0.0973413031292487
LGBM,3,0,0,0.4114108775066725
LGBM,3,0,0,0.0879384009872037
LGBM,3,0,0,0.03405527375103458
LGBM,3,0,0,0.07696934115118675
LGBM,3,0,0,0.05184351884301437
LGBM,3,0,0,0.206351028379082
LGBM,3,1,0,0.4433151803819795
LGBM,3,0,0,0.43400828972316685
LGBM,3,0,0,0.2901098870698487
LGBM,3,1,0,0.46380584987473567
LGBM,3,1,0,0.16554981021941625
LGBM,3,0,0,0.020218801248817243
LGBM,3,1,0,0.25641800831455214
LGBM,3,0,0,0.015138665506881003
LGBM,3,0,0,0.3994434524184624
LGBM,3,0,0,0.08726960901544835
LGBM,3,0,1,0.5126756632410459
LGBM,3,1,0,0.046377352410152776
LGBM,3,0,0,0.09576390482516128
LGBM,3,0,0,0.06066158463688571
LGBM,3,0,0,0.09721544343624698
LGBM,3,0,0,0.017218986220201737
LGBM,3,0,0,0.17800380635218627
LGBM,3,1,0,0.06832471782094617
LGBM,3,0,0,0.06318554956183023
LGBM,3,0,0,0.13550537124775333
LGBM,3,0,0,0.01123815134329997
LGBM,3,0,1,0.5548739288004759
LGBM,3,1,0,0.09873639482872519
LGBM,3,0,0,0.33151152667211914
LGBM,3,0,1,0.8324109198261727
LGBM,3,0,0,0.08978796090725717
LGBM,3,0,0,0.0267249006762003
LGBM,3,0,0,0.43403750067567204
LGBM,3,0,0,0.274145842431379
LGBM,3,1,1,0.797780973755209
LGBM,3,0,0,0.0547413324959251
LGBM,3,1,1,0.5023097496975732
LGBM,3,0,0,0.22664330028636376
LGBM,3,0,0,0.3649428941933775
LGBM,3,0,0,0.0835816242520258
LGBM,3,0,0,0.10677028050095842
LGBM,3,0,1,0.5205760308252907
LGBM,3,0,0,0.08122788488451456
LGBM,3,0,0,0.19765170067425247
LGBM,3,0,0,0.01623045148002843
LGBM,3,0,0,0.031818494154907145
LGBM,3,0,0,0.02196804562552707
LGBM,3,0,0,0.07188533415284457
LGBM,3,0,0,0.44519885590506175
LGBM,3,0,0,0.08041393080775781
LGBM,3,0,0,0.48506176630836484
LGBM,3,0,0,0.4093169700600399
LGBM,3,0,0,0.2684853310835623
LGBM,3,0,0,0.32640220537504505
LGBM,3,0,0,0.028149242823521103
LGBM,3,0,0,0.1358022068366289
LGBM,3,0,0,0.01644886746857238
LGBM,3,0,0,0.33058984282590237
LGBM,3,1,0,0.0413657987507137
LGBM,3,0,0,0.12452114095170194
LGBM,3,1,0,0.1336505864462579
LGBM,3,0,0,0.26988430323292667
LGBM,3,0,0,0.011993125583563632
LGBM,3,0,0,0.3915135915896902
LGBM,3,0,0,0.3489742555160682
LGBM,3,1,0,0.16291174407167777
LGBM,3,1,0,0.3439207971449642
LGBM,3,0,0,0.022504445104293357
LGBM,3,0,0,0.13579611187458904
LGBM,3,0,0,0.21614130987862648
LGBM,3,0,0,0.14214231659359208
LGBM,3,1,0,0.10802742919572553
LGBM,3,1,1,0.9511679967750715
LGBM,3,0,0,0.021261886192220122
LGBM,3,0,0,0.3387488870807745
LGBM,3,0,1,0.6037910327084212
LGBM,3,1,0,0.26610069625049715
LGBM,3,0,0,0.13996205435310535
LGBM,3,0,0,0.16448483282246257
LGBM,3,0,0,0.15409016562261454
LGBM,3,1,0,0.24201008720344547
LGBM,3,0,0,0.2364973514645393
LGBM,3,0,0,0.05483934146315746
LGBM,3,0,0,0.04479783763051689
LGBM,3,0,0,0.25724271960298223
LGBM,3,0,0,0.11285334321741809
LGBM,3,0,0,0.14818797203828796
LGBM,3,1,0,0.1831744410410177
LGBM,3,0,0,0.3381462616730857
LGBM,3,1,0,0.08139075238078015
LGBM,3,0,0,0.19658860467012937
LGBM,3,0,0,0.17161967113346394
LGBM,3,0,0,0.12176168997163728
LGBM,3,0,0,0.23402048309999637
LGBM,3,0,0,0.43662022354273766
LGBM,3,0,0,0.10025088418864296
LGBM,3,0,0,0.11030201453429274
LGBM,3,0,0,0.13314905608294886
LGBM,3,0,1,0.5858608263136044
LGBM,3,0,0,0.06168288564078248
LGBM,3,0,0,0.02785398591803263
LGBM,3,1,0,0.2001649518900972
LGBM,3,0,0,0.052928081284116094
LGBM,3,0,0,0.1883044593301495
LGBM,3,0,0,0.12481924893705651
LGBM,3,0,0,0.35198795264930793
LGBM,3,1,0,0.1371052479374477
LGBM,3,1,0,0.029582559183166993
LGBM,3,0,0,0.19500578800410395
LGBM,3,1,0,0.1497994141003828
LGBM,3,1,0,0.07432273265832799
LGBM,3,0,0,0.1618945500873618
LGBM,3,1,0,0.4040192977013171
LGBM,3,0,0,0.06677002272219168
LGBM,3,0,0,0.13812348178117062
LGBM,3,0,0,0.0870246472445148
LGBM,3,0,0,0.056700883946282525
LGBM,3,0,0,0.24721618956639133
LGBM,3,0,0,0.15200570330787216
LGBM,3,0,0,0.12748709118577436
LGBM,3,0,0,0.12710510117144816
LGBM,3,0,0,0.19756212773763468
LGBM,3,0,1,0.7235518633784155
LGBM,3,0,0,0.347486095288066
LGBM,3,0,0,0.07188163000468886
LGBM,3,0,0,0.051050829611183325
LGBM,3,1,0,0.2623519058222118
LGBM,3,0,0,0.07454647025418659
LGBM,3,1,0,0.41981318844352983
LGBM,3,1,1,0.8856033892557358
LGBM,3,0,1,0.6232542547011164
LGBM,3,0,1,0.579830636179056
LGBM,3,0,0,0.3858552378553979
LGBM,3,1,1,0.571238796096756
LGBM,3,1,0,0.05546226108499354
LGBM,3,0,0,0.22627557880149995
LGBM,3,0,1,0.5237789075335172
LGBM,3,0,0,0.1032553404338436
LGBM,3,0,0,0.07104860753207062
LGBM,3,0,0,0.2811716153054583
LGBM,3,0,0,0.1315668034944649
LGBM,3,0,0,0.07074993176660387
LGBM,3,1,1,0.9846185537034722
LGBM,3,1,1,0.7430284519157118
LGBM,3,0,0,0.027645116387247794
LGBM,3,0,0,0.09706605778333001
LGBM,3,0,0,0.05789317132448895
LGBM,3,0,0,0.03843096730591891
LGBM,3,0,0,0.026133988853750227
LGBM,3,0,0,0.19795828613262817
LGBM,3,0,0,0.015834476980239497
LGBM,3,0,0,0.11003686510522294
LGBM,3,0,0,0.21803030122604955
LGBM,3,1,1,0.5026041218283211
LGBM,3,0,0,0.1085463860713943
LGBM,3,0,0,0.2053333522456213
LGBM,3,0,0,0.2748681017618721
LGBM,3,0,0,0.4022362419241392
LGBM,3,0,0,0.169278530024865
LGBM,3,0,0,0.1745504733088869
LGBM,3,0,0,0.009316275954132584
LGBM,3,0,0,0.014812154455448125
LGBM,3,0,0,0.33119078829672927
LGBM,3,0,0,0.17670541262164655
LGBM,3,0,0,0.18264947184303534
LGBM,3,0,0,0.03762518771350734
LGBM,3,1,0,0.1287918088944043
LGBM,3,0,0,0.07979664432676187
LGBM,3,0,0,0.1772670449116908
LGBM,3,0,1,0.5835249407265242
LGBM,3,0,0,0.24995408935185778
LGBM,3,0,0,0.02848059094448389
LGBM,3,1,0,0.022711242574134476
LGBM,3,0,0,0.32501126256585894
LGBM,3,0,0,0.07890037738759322
LGBM,3,1,0,0.10400321645687118
LGBM,3,0,0,0.05687038601764773
LGBM,3,0,0,0.07996877382950979
LGBM,3,0,0,0.022470307763596393
LGBM,3,0,0,0.21530490847276124
LGBM,3,0,0,0.20621139502352376
LGBM,3,1,0,0.15560421565290036
LGBM,3,0,1,0.7178514284142979
LGBM,3,0,0,0.2509378054282287
LGBM,3,0,0,0.07957205976755335
LGBM,3,1,0,0.17464540829078049
LGBM,3,0,0,0.43030215049994147
LGBM,3,0,0,0.11570325421795657
LGBM,3,0,0,0.01612148573898026
LGBM,3,1,0,0.26230909643645756
LGBM,3,0,0,0.04540947405177287
LGBM,3,0,0,0.038712519264741695
LGBM,3,0,0,0.21356826419234656
LGBM,3,0,0,0.1581390956680633
LGBM,3,0,0,0.4611545193997976
LGBM,3,0,0,0.30580539788383104
LGBM,3,0,0,0.0769180544956534
LGBM,3,0,0,0.18930459692525783
LGBM,3,0,0,0.04244845572331022
LGBM,3,1,0,0.2611071095030561
LGBM,3,0,0,0.084751007494087
LGBM,3,0,0,0.058365350517383466
LGBM,3,0,0,0.17408588732243668
LGBM,3,0,0,0.06857306291591604
LGBM,3,1,0,0.013484490757079347
LGBM,3,0,0,0.43741996171357883
LGBM,3,0,0,0.16473738763059925
LGBM,3,0,0,0.13246753064590816
LGBM,3,0,1,0.5571444523793893
LGBM,3,1,0,0.2759731841321506
LGBM,3,0,0,0.48574924390725766
LGBM,3,0,1,0.9130223812110906
LGBM,3,0,0,0.35182975647215303
LGBM,3,1,0,0.04982056237834222
LGBM,3,0,0,0.04919285092333386
LGBM,3,0,0,0.03155794072031201
LGBM,3,1,0,0.06857306291591604
LGBM,3,1,1,0.5296266174437257
LGBM,3,0,0,0.12160441266723271
LGBM,3,0,0,0.1475393794719764
LGBM,3,1,0,0.11919191557886306
LGBM,3,0,0,0.1424626780099351
LGBM,3,0,0,0.045055795412463795
LGBM,3,1,0,0.23840141927045333
LGBM,3,1,1,0.7028303551157391
LGBM,3,0,0,0.43589181450190334
LGBM,3,0,0,0.07984462468267149
LGBM,3,0,0,0.24261684502156106
LGBM,3,1,0,0.16259931999191907
LGBM,3,0,0,0.19675503377116396
LGBM,3,0,0,0.0638763747273092
LGBM,3,0,0,0.01735040113218577
LGBM,3,0,0,0.07998745063766116
LGBM,3,0,0,0.1287660753821239
LGBM,3,0,0,0.2992869792043264
LGBM,3,1,0,0.11061661052403987
LGBM,3,0,0,0.37135813388826727
LGBM,3,1,0,0.1619056449981367
LGBM,3,0,0,0.2063127882238382
LGBM,3,0,0,0.067643959734311
LGBM,3,0,0,0.19422583355464418
LGBM,3,0,0,0.039227021586259146
LGBM,3,0,0,0.141312467908446
LGBM,3,0,0,0.08843053323132645
LGBM,3,0,0,0.02914312515773222
LGBM,3,1,0,0.04021694514069545
LGBM,3,0,0,0.21390454220692826
LGBM,3,0,0,0.2733558962141613
LGBM,3,0,0,0.14903943774417433
LGBM,3,0,0,0.011062814988289838
LGBM,3,0,0,0.0459880287251228
LGBM,3,0,0,0.2287930664945719
LGBM,3,0,0,0.026629560107761057
LGBM,3,0,0,0.22741691662361121
LGBM,3,0,0,0.06037820234543792
LGBM,3,0,0,0.027113679611283737
LGBM,3,0,0,0.09854687713068824
LGBM,3,0,0,0.13456100978071336
LGBM,3,0,0,0.13949657561708087
LGBM,3,0,0,0.200550098903182
LGBM,3,0,0,0.02063235123603869
LGBM,3,1,0,0.4602791086030761
LGBM,3,1,0,0.20026955207508884
LGBM,3,0,0,0.11898194736823546
LGBM,3,0,0,0.28525477239524694
LGBM,3,0,1,0.731303582736295
LGBM,3,0,0,0.10800574262341217
LGBM,3,0,0,0.05301546235339537
LGBM,3,0,0,0.07617191151460782
LGBM,3,0,1,0.6016461247740388
LGBM,3,0,0,0.3241485520407105
LGBM,3,0,0,0.18032730325495536
LGBM,3,0,0,0.08290857532155664
LGBM,3,0,0,0.08803098950008041
LGBM,3,0,0,0.18787783399601932
LGBM,3,0,0,0.18176892040821235
LGBM,3,0,0,0.18923409288761486
LGBM,3,1,0,0.391568884009341
LGBM,3,0,0,0.1861967680757165
LGBM,3,0,0,0.0207724494133968
LGBM,3,0,0,0.2747253980529913
LGBM,3,0,0,0.16134149976080023
LGBM,3,0,0,0.08487171539333853
LGBM,3,0,0,0.06873326960664057
LGBM,3,0,0,0.11232930193677776
LGBM,3,1,0,0.3357482960154992
LGBM,3,1,0,0.28365316302139054
LGBM,3,0,0,0.24958586266891739
LGBM,3,0,0,0.0428725540216807
LGBM,3,0,0,0.029703599057993045
LGBM,3,0,0,0.03480264234979207
LGBM,3,0,1,0.5641596129655458
LGBM,3,0,0,0.03010991979466542
LGBM,3,0,1,0.5559056817865131
LGBM,3,1,0,0.45993028796245905
LGBM,3,1,0,0.042415441028546066
LGBM,3,0,1,0.5378783156864144
LGBM,3,0,0,0.03105387413149229
LGBM,3,1,0,0.09099063742540034
LGBM,3,0,0,0.038705164207561225
LGBM,3,0,0,0.03446676898286513
LGBM,3,0,0,0.14530816838157912
LGBM,3,0,0,0.357456910509434
LGBM,3,0,0,0.028129534996447162
LGBM,3,0,0,0.20977854667346268
LGBM,3,1,0,0.27744126835971755
LGBM,3,0,0,0.21557719891014454
LGBM,3,0,0,0.14043088299858847
LGBM,3,0,0,0.062188642555635235
LGBM,3,0,0,0.12045474660015423
LGBM,3,1,1,0.6327285684344158
LGBM,3,0,0,0.024355603766026496
LGBM,3,0,0,0.23200209201484975
LGBM,3,0,0,0.054679821916005546
LGBM,3,0,0,0.12862400323905618
LGBM,3,1,0,0.12126748766716124
LGBM,3,0,0,0.017753004888657813
LGBM,3,0,0,0.1754962250216108
LGBM,3,0,0,0.2099902287267925
LGBM,3,1,0,0.05653073108482517
LGBM,3,1,0,0.4872382589443236
LGBM,3,1,0,0.26727345723099777
LGBM,3,0,0,0.020383847676638037
LGBM,3,0,0,0.05065928362044349
LGBM,3,0,0,0.11419123005947414
LGBM,3,0,1,0.5867981080766203
LGBM,3,0,0,0.06886233343798995
LGBM,3,0,0,0.1771060726146721
LGBM,3,0,0,0.4873329450825752
LGBM,3,0,0,0.2407670579356684
LGBM,3,0,0,0.3597102852685607
LGBM,3,0,0,0.204196892680286
LGBM,3,0,0,0.16234520770760014
LGBM,3,0,0,0.03336175913798111
LGBM,3,0,0,0.3916278375681128
LGBM,3,0,0,0.051938823640273656
LGBM,3,0,0,0.23549836410886704
LGBM,3,0,0,0.0715592977536504
LGBM,3,0,0,0.4169033301636801
LGBM,3,1,0,0.023050213934899578
LGBM,3,0,0,0.3810490376567934
LGBM,3,1,0,0.08027107388707933
LGBM,3,1,1,0.5155769223231076
LGBM,3,0,0,0.20051774835145966
LGBM,3,0,0,0.17494882665670913
LGBM,3,0,0,0.1861960131808625
LGBM,3,1,0,0.42220124553266397
LGBM,3,0,0,0.13391635549761632
LGBM,3,0,1,0.8678809339189778
LGBM,3,0,0,0.06307862271335037
LGBM,3,0,0,0.4854967088736421
LGBM,3,0,0,0.08137574705603787
LGBM,3,1,0,0.09190494962139062
LGBM,3,0,1,0.9430495690115356
LGBM,3,0,0,0.08299538001957936
LGBM,3,0,0,0.030677633436976097
LGBM,3,0,0,0.024273782158576944
LGBM,3,1,0,0.1268698264913102
LGBM,3,0,0,0.42329994120188247
LGBM,3,0,0,0.061096744959716516
LGBM,3,0,0,0.10130361890614051
LGBM,3,0,0,0.2780889765648479
LGBM,3,0,1,0.5276178658688419
LGBM,3,0,0,0.23132571514261369
LGBM,3,0,1,0.6906894080310028
LGBM,3,1,1,0.9787256967410968
LGBM,3,0,0,0.05243362094019267
LGBM,3,1,1,0.971071293208635
LGBM,3,0,1,0.5941564243963561
LGBM,3,0,0,0.2130058472954036
LGBM,3,0,0,0.20537446206688076
LGBM,3,0,0,0.17599181070253633
LGBM,3,0,0,0.09127695755912432
LGBM,3,0,0,0.4982760049174714
LGBM,3,0,0,0.31820299250195255
LGBM,3,0,0,0.4418639022451551
LGBM,3,0,0,0.17692490535652552
LGBM,3,0,0,0.030255291505284103
LGBM,3,1,0,0.2975111455489825
LGBM,3,1,0,0.37173478801440274
LGBM,3,1,1,0.8758214297783302
LGBM,3,0,0,0.06812952300490632
LGBM,3,1,0,0.11816546494600792
LGBM,3,0,0,0.05004763261834906
LGBM,3,1,1,0.6214793933913941
LGBM,3,0,0,0.25207302315826063
LGBM,3,0,0,0.19850042305085777
LGBM,3,0,0,0.0885896540585261
LGBM,3,0,0,0.15222770724668816
LGBM,3,1,1,0.5763027896393992
LGBM,3,0,0,0.15339427987125315
LGBM,3,0,0,0.19848845017850036
LGBM,3,1,0,0.3311094289590786
LGBM,3,0,0,0.13044458635034079
LGBM,3,0,0,0.41364504096671934
LGBM,3,0,1,0.6287585172986955
LGBM,3,0,0,0.07183180650916958
LGBM,3,0,0,0.05129892501912105
LGBM,3,0,0,0.02281878441769625
LGBM,3,1,0,0.13329154823246026
LGBM,3,0,1,0.7318563999173281
LGBM,3,0,0,0.2787693664380052
LGBM,3,0,0,0.4927483071242363
LGBM,3,1,1,0.8913795393107455
LGBM,3,1,1,0.8542880953856028
LGBM,3,0,1,0.955176192849718
LGBM,3,0,0,0.23057492441867158
LGBM,3,1,0,0.017867617253903064
LGBM,3,0,0,0.07962809317494046
LGBM,3,0,0,0.19639930440715397
LGBM,3,1,1,0.8260941179036947
LGBM,3,0,0,0.18846783834808445
LGBM,3,0,0,0.0629831703544619
LGBM,3,1,1,0.9681758191951129
LGBM,3,0,0,0.3448136865871934
LGBM,3,1,0,0.3341027686902287
LGBM,3,0,0,0.21229932942646892
LGBM,3,0,0,0.10261479970350708
LGBM,3,0,0,0.18902207012933114
LGBM,3,0,0,0.019426292502487553
LGBM,3,1,0,0.257814174361816
LGBM,3,0,0,0.23630056556893214
LGBM,3,1,0,0.12165807815617619
LGBM,3,0,0,0.0639586571238664
LGBM,3,0,0,0.4578188559211718
LGBM,3,0,0,0.16069236324276848
LGBM,3,0,0,0.019006944564909943
LGBM,3,0,0,0.04290613714971304
LGBM,3,0,0,0.4136393908150602
LGBM,3,0,0,0.1277777558148845
LGBM,3,0,0,0.11672596272197243
LGBM,3,0,0,0.019692436437753202
LGBM,3,1,0,0.05144871062496495
LGBM,3,0,0,0.04419875787883219
LGBM,3,0,0,0.23222249302142225
LGBM,3,0,0,0.27837361579789416
LGBM,3,0,0,0.1073360490622198
LGBM,3,0,0,0.03631751187656512
LGBM,3,0,0,0.45393152306952156
LGBM,3,0,0,0.020664467087606643
LGBM,3,0,0,0.16754194408841785
LGBM,3,1,0,0.17852860027336817
LGBM,3,1,1,0.8338226450706154
LGBM,3,0,0,0.18703973150656567
LGBM,3,0,0,0.3963272952165347
LGBM,3,0,0,0.11572543627468054
LGBM,3,1,0,0.11740868128688149
LGBM,3,0,0,0.26084746951359555
LGBM,3,1,0,0.15223646609159378
LGBM,3,0,0,0.3158637230136538
LGBM,3,0,0,0.046466516038048855
LGBM,3,0,0,0.30271283767767027
LGBM,3,0,1,0.7637626068503702
LGBM,3,0,1,0.796335939566094
LGBM,3,0,0,0.021667820798405044
LGBM,3,0,0,0.0288325594423208
LGBM,3,0,0,0.10105120856068936
LGBM,3,0,0,0.02932185549676895
LGBM,3,0,0,0.022286335056066198
LGBM,3,0,0,0.03495690340455418
LGBM,3,1,0,0.4365038828282544
LGBM,3,0,0,0.16261010347974483
LGBM,3,1,0,0.3255406415958109
LGBM,3,0,0,0.2934367726618104
LGBM,3,0,0,0.03531838730148818
LGBM,3,0,1,0.5442721614807307
LGBM,3,0,0,0.04465034960310972
LGBM,3,1,0,0.03247548574064609
LGBM,3,0,0,0.30694084767894186
LGBM,3,0,0,0.25848304423601415
LGBM,3,0,0,0.34445258179011345
LGBM,3,0,0,0.1742052813405337
LGBM,3,0,0,0.22763374872326764
LGBM,3,1,0,0.16993958075458665
LGBM,3,0,1,0.5651014576527574
LGBM,3,0,0,0.03354864890432685
LGBM,3,1,1,0.9100016779494056
LGBM,3,1,0,0.3839227298873329
LGBM,3,0,0,0.11656727571122052
LGBM,3,0,0,0.016365236201562456
LGBM,3,0,0,0.2841704433786966
LGBM,3,0,0,0.10799563357583108
LGBM,3,0,0,0.36163688838782304
LGBM,3,0,0,0.4138286498570842
LGBM,3,0,0,0.23435069112175452
LGBM,3,0,0,0.17084409743837384
LGBM,3,0,0,0.04587275677345529
LGBM,3,1,1,0.6294890630721935
LGBM,3,0,0,0.06430149531506447
LGBM,3,0,0,0.0312583475550997
LGBM,3,0,0,0.09206675734909817
LGBM,3,0,0,0.034926958712747515
LGBM,3,0,0,0.17411850602116336
LGBM,3,0,1,0.5294954389371639
LGBM,3,0,0,0.31799489632852
LGBM,3,0,1,0.7792031471158123
LGBM,3,0,0,0.17600076385042834
LGBM,3,0,0,0.1280872205427685
LGBM,3,0,0,0.2593980772421236
LGBM,3,0,0,0.25707961137247337
LGBM,3,0,0,0.23082422200782735
LGBM,3,0,0,0.3749419090683917
LGBM,3,0,0,0.17396328537249214
LGBM,3,1,0,0.20378771229685486
LGBM,3,0,1,0.5037430385805884
LGBM,3,1,0,0.15442024364209322
LGBM,3,0,0,0.04024233627105577
LGBM,3,0,0,0.24582303998246877
LGBM,3,0,0,0.08154657586304304
LGBM,3,0,0,0.05716858651965389
LGBM,3,1,1,0.606995046057129
LGBM,3,0,0,0.18502908717144628
LGBM,3,1,0,0.2332182433329322
LGBM,3,1,0,0.09373176621088497
LGBM,3,1,1,0.5327923364180596
LGBM,3,0,0,0.18480933196671467
LGBM,3,1,0,0.15018396319522898
LGBM,3,0,0,0.1298306166675324
LGBM,3,0,0,0.06200255775032712
LGBM,3,1,0,0.18476379829145845
LGBM,3,0,0,0.0525254836489936
LGBM,3,1,0,0.17660976493777447
LGBM,3,0,0,0.09411238311498253
LGBM,3,0,0,0.4221096943550924
LGBM,3,0,0,0.2323181813424543
LGBM,3,0,0,0.13003206849393723
LGBM,3,1,0,0.09767464147294277
LGBM,3,0,0,0.13256512478495333
LGBM,3,0,0,0.12630622277597242
LGBM,3,0,1,0.5734442506905971
LGBM,3,0,0,0.027174460291878075
LGBM,3,0,0,0.07104776313584635
LGBM,3,0,0,0.06767989506495492
LGBM,3,0,0,0.23945114618643884
LGBM,3,0,0,0.4656642143167226
LGBM,3,0,0,0.2580198210723077
LGBM,3,0,0,0.21729700464471335
LGBM,3,0,0,0.48715020021016264
LGBM,3,0,0,0.13426884353141194
LGBM,3,0,0,0.05882235785220572
LGBM,3,0,0,0.04558826429411855
LGBM,3,0,0,0.16587339598921672
LGBM,3,1,1,0.5245416016375029
LGBM,3,0,0,0.056242901583253735
LGBM,3,1,1,0.9588659154915137
LGBM,3,1,0,0.4557458446852909
LGBM,3,0,0,0.03935829101751243
LGBM,3,1,0,0.27813648074105185
LGBM,3,1,0,0.11358708222421098
LGBM,3,0,0,0.27906210210845045
LGBM,3,0,0,0.1257835295944054
LGBM,3,0,1,0.8426635813752124
LGBM,3,0,0,0.10603439403679826
LGBM,3,0,0,0.0461569879537324
LGBM,3,0,0,0.14520673410624652
LGBM,3,0,0,0.0294356530887783
LGBM,3,0,1,0.7011124729739378
LGBM,3,0,0,0.259207898443382
LGBM,3,0,0,0.044147511795622256
LGBM,3,0,0,0.10565728437659594
LGBM,3,0,0,0.32245969096285926
LGBM,3,0,0,0.07364591363650681
LGBM,3,0,0,0.38207037847313335
LGBM,3,0,0,0.26863595182788624
LGBM,3,0,0,0.0375728858431278
LGBM,3,1,0,0.06962698260751697
LGBM,3,0,0,0.04112010249583869
LGBM,3,0,0,0.28709153830922374
LGBM,3,0,0,0.11208770142310152
LGBM,3,0,0,0.29983769328517185
LGBM,3,1,1,0.8895660454922484
LGBM,3,0,0,0.0735470453558234
LGBM,3,0,0,0.04307376745480234
LGBM,3,0,0,0.32369973616514247
LGBM,3,0,0,0.0078070538913758885
LGBM,3,0,1,0.765549155013232
LGBM,3,0,0,0.058397560090909094
LGBM,3,0,0,0.14524970161947126
LGBM,3,1,0,0.04179263671789177
LGBM,3,1,0,0.05014076197411441
LGBM,3,1,1,0.5389543748706973
LGBM,3,0,0,0.1398018248493036
LGBM,3,0,0,0.04381937993098134
LGBM,3,0,0,0.2850340800994347
LGBM,3,0,0,0.2380602381926733
LGBM,3,1,0,0.14773837712710483
LGBM,3,0,0,0.3247719490996439
LGBM,3,1,0,0.13108180553687948
LGBM,3,0,0,0.033968405167597665
LGBM,3,0,0,0.04036315885961277
LGBM,3,1,0,0.1535433554145577
LGBM,3,1,1,0.5982339533356478
LGBM,3,0,1,0.8042570237995468
LGBM,3,1,0,0.2739467776658252
LGBM,3,0,0,0.023963301436059813
LGBM,3,0,0,0.15695177414927075
LGBM,3,0,0,0.23785923600754147
LGBM,3,0,0,0.16472538380003512
LGBM,3,1,0,0.3409030465162553
LGBM,3,0,0,0.18925514960246795
LGBM,3,0,0,0.3994440058318567
LGBM,3,0,0,0.08418727066306068
LGBM,3,0,0,0.3989363864659671
LGBM,3,0,0,0.019995337160307037
LGBM,3,0,0,0.04733625395597813
LGBM,3,0,0,0.009802706056816712
LGBM,3,0,0,0.018263854218195014
LGBM,3,0,0,0.34702349781125896
LGBM,3,1,1,0.8163566695227815
LGBM,3,0,0,0.10061657674276323
LGBM,3,1,1,0.633193047886751
LGBM,3,1,0,0.06444569450677907
LGBM,3,0,0,0.23439381145967061
LGBM,3,0,0,0.01697778116072245
LGBM,3,0,0,0.0975750515669589
LGBM,3,1,0,0.06325960105924525
LGBM,3,0,0,0.007736209594942227
LGBM,3,1,0,0.35691674800121204
LGBM,3,0,0,0.3015923727744365
LGBM,3,0,0,0.3023958323284044
LGBM,3,0,0,0.10233811634882611
LGBM,3,0,0,0.0498354313815381
LGBM,3,0,0,0.2795674411338887
LGBM,3,0,0,0.21629560403713238
LGBM,3,0,0,0.04645761385777278
LGBM,3,1,1,0.9382334089699238
LGBM,3,0,0,0.09543195762746194
LGBM,3,1,0,0.2348056581926412
LGBM,3,0,0,0.23905456511616777
LGBM,3,0,0,0.09276582662640995
LGBM,3,0,0,0.38798489266608704
LGBM,3,0,0,0.057095525171653935
LGBM,3,0,0,0.05822550911283239
LGBM,3,1,0,0.05435316043211051
LGBM,3,0,0,0.1469788284320827
LGBM,3,1,0,0.4009537439697409
LGBM,3,0,0,0.28513078718844775
LGBM,3,0,0,0.007231504450302303
LGBM,3,1,0,0.05447774271110027
LGBM,3,0,0,0.046247832427966956
LGBM,3,1,0,0.30267787136502344
LGBM,3,1,0,0.15599896377427713
LGBM,3,1,0,0.13258796100723197
LGBM,3,0,0,0.04140112144443685
LGBM,3,0,0,0.03610014971328374
LGBM,3,1,1,0.5487870474909131
LGBM,3,0,0,0.04043145014851318
LGBM,3,0,0,0.42078514393573196
LGBM,3,1,0,0.1935309838640507
LGBM,3,1,0,0.10456308885074467
LGBM,3,0,0,0.42028936234260317
LGBM,3,0,0,0.03981150151285684
LGBM,3,0,1,0.5003745671288478
LGBM,3,0,0,0.1631626900995224
LGBM,3,1,0,0.13088764765167887
LGBM,3,0,0,0.18250027580837866
LGBM,3,0,0,0.17658446428221092
LGBM,3,0,0,0.20844257432360624
LGBM,3,0,0,0.21186451960745148
LGBM,3,0,0,0.2902708584531083
LGBM,3,0,0,0.05631426914323049
LGBM,3,1,0,0.1643034355338604
LGBM,3,0,0,0.16614055302046546
LGBM,3,1,0,0.16410652001642523
LGBM,3,1,1,0.7640714693357371
LGBM,3,1,1,0.8456129050908752
LGBM,3,0,0,0.029791362905042904
LGBM,3,1,0,0.268439808465449
LGBM,3,0,0,0.05772811258662642
LGBM,3,0,0,0.03268255477957129
LGBM,3,1,0,0.4488215499957509
LGBM,3,0,0,0.09983178836834716
LGBM,3,0,0,0.36366352165098037
LGBM,3,1,1,0.5058319451197278
LGBM,3,0,1,0.6394055765648953
LGBM,3,0,0,0.13318888823125064
LGBM,3,0,0,0.062291566269991515
LGBM,3,1,1,0.54685077652274
LGBM,3,0,0,0.28275862658997514
LGBM,3,0,0,0.028691572303091536
LGBM,3,0,0,0.20176307751553085
LGBM,3,0,0,0.05910554673478754
LGBM,3,1,0,0.1447753571742424
LGBM,3,0,0,0.08669090759614707
LGBM,3,0,0,0.009279455235880979
LGBM,3,0,0,0.15544749254850268
LGBM,3,0,0,0.07852117478800719
LGBM,3,0,0,0.20358263640409915
LGBM,3,0,0,0.012132731492550666
LGBM,3,0,0,0.20497791428091838
LGBM,3,1,1,0.793740557930228
LGBM,3,1,1,0.5492481953667023
LGBM,3,1,1,0.5927025638747893
LGBM,3,0,0,0.018648876788493446
LGBM,3,1,0,0.19647404832861273
LGBM,3,0,0,0.017438981029717925
LGBM,3,0,0,0.4754656298872285
LGBM,3,0,0,0.09888531367027117
LGBM,3,0,0,0.08754538958191932
LGBM,3,0,0,0.49558935382064423
LGBM,3,0,0,0.04988232747944435
LGBM,3,0,0,0.23906042681923
LGBM,3,0,0,0.40770745550906395
LGBM,3,0,0,0.3392058392368197
LGBM,3,0,0,0.4235022597737443
LGBM,3,0,0,0.04874022953635341
LGBM,3,0,1,0.8097100053641719
LGBM,3,0,0,0.007979984239261275
LGBM,3,0,0,0.41448656777007525
LGBM,3,0,0,0.02322804949277811
LGBM,3,0,0,0.28331387427691174
LGBM,3,1,0,0.19830918108772497
LGBM,3,0,0,0.06625087907595688
LGBM,3,0,0,0.28420274843607973
LGBM,3,0,0,0.0754039706458408
LGBM,3,0,0,0.18853440883270867
LGBM,3,0,0,0.011186930855713734
LGBM,3,0,0,0.220727859869901
LGBM,3,0,0,0.041413374837789924
LGBM,3,0,0,0.16023632881731206
LGBM,3,1,0,0.1867223296574505
LGBM,3,0,1,0.7641447828060522
LGBM,3,0,0,0.16241770231409453
LGBM,3,0,0,0.04565488197481256
LGBM,3,0,0,0.08301016796297887
LGBM,3,0,0,0.10422489163453094
LGBM,3,0,0,0.1104051930432292
LGBM,3,0,0,0.07410982599370823
LGBM,3,1,0,0.08153450209513613
LGBM,3,0,0,0.2571936540965956
LGBM,3,0,0,0.42420748492104804
LGBM,3,0,0,0.033083433489838956
LGBM,3,0,0,0.1722881885534471
LGBM,3,0,0,0.31920805234827737
LGBM,3,0,0,0.0138611755324092
LGBM,3,0,0,0.3451418471475655
LGBM,3,0,0,0.12065639886273892
LGBM,3,1,0,0.164517241755894
LGBM,3,0,0,0.06484273887265812
LGBM,3,1,0,0.10793625440627289
LGBM,3,0,0,0.21017373578011253
LGBM,3,1,0,0.11294998414872533
LGBM,3,0,0,0.06708562367726321
LGBM,3,0,0,0.021246242965559353
LGBM,3,0,0,0.04193025506203134
LGBM,3,1,1,0.5520551172026349
LGBM,3,0,0,0.03527721453896565
LGBM,3,0,0,0.04569571379869321
LGBM,3,0,0,0.4711048789606593
LGBM,3,1,0,0.09308749809328251
LGBM,3,0,0,0.16001182952762646
LGBM,3,0,1,0.7744554578830753
LGBM,3,0,0,0.11012902286834787
LGBM,3,1,1,0.5059252294392396
LGBM,3,0,0,0.022397061099360835
LGBM,3,1,0,0.3599221736389082
LGBM,3,0,0,0.10955379973507992
LGBM,3,0,0,0.03730817764121317
LGBM,3,0,0,0.15731236084689768
LGBM,3,0,0,0.13055289509257254
LGBM,3,0,0,0.49413265267166734
LGBM,3,1,0,0.17262306127321125
LGBM,3,0,0,0.22236783897066142
LGBM,3,0,0,0.27136836976127976
LGBM,3,0,1,0.8023836305040024
LGBM,3,1,0,0.23457214983296026
LGBM,3,0,0,0.029240236976887962
LGBM,3,0,0,0.07550850448829488
LGBM,3,0,0,0.24919353060396365
LGBM,3,0,0,0.05411355757555873
LGBM,3,0,0,0.05265588137992118
LGBM,3,0,0,0.11868035611909572
LGBM,3,0,1,0.8990111736121297
LGBM,3,0,0,0.127820552634157
LGBM,3,0,0,0.04076142038139129
LGBM,3,0,0,0.12376707939758458
LGBM,3,0,0,0.14679853086450026
LGBM,3,1,0,0.2338466403521562
LGBM,3,0,0,0.0480745395896045
LGBM,3,0,1,0.5180563563462975
LGBM,3,0,0,0.04773236769233317
LGBM,3,0,0,0.18694859694880955
LGBM,3,0,0,0.03990551193822832
LGBM,3,1,0,0.2092914861424019
LGBM,3,0,0,0.1527511919571286
LGBM,3,0,0,0.12151243234092354
LGBM,3,0,0,0.09452281073187725
LGBM,3,0,0,0.3353270681740426
LGBM,3,0,0,0.1351738941370483
LGBM,3,1,0,0.46902005312508427
LGBM,3,0,0,0.26771019928324596
LGBM,3,0,0,0.3166815289924806
LGBM,3,1,0,0.052293576230450514
LGBM,3,0,0,0.17943993511416273
LGBM,3,0,0,0.13259666029558578
LGBM,3,0,0,0.07414062596313224
LGBM,3,0,0,0.0755119983834853
LGBM,3,0,1,0.7085265628694418
LGBM,3,0,1,0.7187932218962496
LGBM,3,0,0,0.04330356619997539
LGBM,3,0,1,0.8227197098701018
LGBM,3,0,1,0.8986647034245334
LGBM,3,0,1,0.8038605478035323
LGBM,3,0,0,0.1288544279552061
LGBM,3,0,0,0.04958367509787855
LGBM,3,0,0,0.2732272439002572
LGBM,3,0,0,0.2541459739183619
LGBM,3,0,0,0.4045916171265766
LGBM,3,0,0,0.1009898736399885
LGBM,3,0,0,0.32860632809058854
LGBM,3,0,0,0.08206563695071352
LGBM,3,0,0,0.14218051536091753
LGBM,3,0,0,0.07614913145530576
LGBM,3,0,0,0.054526261341636136
LGBM,3,0,0,0.061960854894294155
LGBM,3,0,0,0.3018995505095153
LGBM,3,0,1,0.9996340513214151
LGBM,3,0,0,0.34925361465911287
LGBM,3,0,0,0.3717346863552222
LGBM,3,0,0,0.4446920088535705
LGBM,3,0,0,0.11580668993359022
LGBM,3,0,0,0.4277729073371065
LGBM,3,0,0,0.04388949944545828
LGBM,4,0,0,0.34145031354615857
LGBM,4,0,0,0.15960332932713892
LGBM,4,0,0,0.0639371609394025
LGBM,4,0,0,0.18715071551650597
LGBM,4,1,1,0.635175095509921
LGBM,4,0,0,0.03799500337075343
LGBM,4,0,0,0.12404399044895173
LGBM,4,0,0,0.0200511154443368
LGBM,4,0,1,0.9733281586175087
LGBM,4,0,0,0.0706510059913218
LGBM,4,0,0,0.2487233283473195
LGBM,4,0,0,0.27608462754684476
LGBM,4,0,0,0.43720870268226353
LGBM,4,0,0,0.04158640498155765
LGBM,4,0,1,0.528206471067585
LGBM,4,1,0,0.19035291977275431
LGBM,4,1,0,0.1421564265237548
LGBM,4,0,0,0.06340221318256192
LGBM,4,0,0,0.06361396388822183
LGBM,4,0,0,0.1035109823483428
LGBM,4,0,0,0.06551390289792418
LGBM,4,0,0,0.0489640317882604
LGBM,4,0,0,0.0183718630930194
LGBM,4,0,0,0.25631928460177766
LGBM,4,0,0,0.16675872595001523
LGBM,4,0,0,0.44744401879780304
LGBM,4,1,0,0.45588168918715294
LGBM,4,0,0,0.29364028620027155
LGBM,4,0,1,0.668929635322789
LGBM,4,0,0,0.09022442805993953
LGBM,4,0,0,0.10048771243167832
LGBM,4,0,0,0.07508245068016468
LGBM,4,1,0,0.09031113446096269
LGBM,4,0,1,0.9414083496906409
LGBM,4,1,1,0.9563172859243485
LGBM,4,0,0,0.08863548732442673
LGBM,4,0,0,0.16995649390790388
LGBM,4,0,0,0.037762493358083515
LGBM,4,1,0,0.22032794521618448
LGBM,4,0,0,0.31641453923639207
LGBM,4,0,0,0.28411291918368703
LGBM,4,0,0,0.3423817098487018
LGBM,4,0,0,0.15268655012957388
LGBM,4,0,0,0.09808817690721426
LGBM,4,0,1,0.5334856872084518
LGBM,4,0,0,0.1854304855918183
LGBM,4,0,0,0.16619647651758745
LGBM,4,1,1,0.9878501945983413
LGBM,4,0,1,0.5234211851814927
LGBM,4,0,0,0.024838996140200402
LGBM,4,1,0,0.1000351973515273
LGBM,4,1,1,0.8881981170206217
LGBM,4,0,0,0.14637160258076712
LGBM,4,0,0,0.4095861533867501
LGBM,4,0,0,0.20939041774815395
LGBM,4,0,0,0.22307077351934554
LGBM,4,0,1,0.5831192427305921
LGBM,4,0,0,0.0700259324810757
LGBM,4,1,1,0.7993761354516946
LGBM,4,0,0,0.21106671422303688
LGBM,4,0,0,0.471408930451337
LGBM,4,0,0,0.1544865023430767
LGBM,4,1,0,0.26283269378503843
LGBM,4,1,0,0.09075651465203582
LGBM,4,0,0,0.17399973521645162
LGBM,4,0,0,0.10961161456455101
LGBM,4,0,0,0.15033936749244575
LGBM,4,1,1,0.5724380870493453
LGBM,4,0,0,0.24062417447960757
LGBM,4,0,0,0.037146382780597224
LGBM,4,0,0,0.05502693601046944
LGBM,4,1,0,0.4888719145210505
LGBM,4,1,0,0.19364851332359617
LGBM,4,1,0,0.22146567805046752
LGBM,4,1,1,0.6399198782133846
LGBM,4,0,0,0.07979324736994868
LGBM,4,0,0,0.2553992620974715
LGBM,4,0,0,0.19041068853122248
LGBM,4,0,0,0.2355051372968992
LGBM,4,0,0,0.0782385527230457
LGBM,4,0,0,0.1702730012379801
LGBM,4,0,0,0.028935006248123007
LGBM,4,0,0,0.2691672596168172
LGBM,4,0,0,0.13554024603364614
LGBM,4,0,0,0.12321842916974272
LGBM,4,1,0,0.20945909019669517
LGBM,4,1,0,0.2643352656560678
LGBM,4,1,1,0.7625298931429962
LGBM,4,0,0,0.044997928664164334
LGBM,4,0,0,0.17460415345602612
LGBM,4,0,0,0.17668955975828968
LGBM,4,1,0,0.09881793818737741
LGBM,4,0,0,0.19340866339819113
LGBM,4,1,1,0.538455358287074
LGBM,4,1,1,0.9776559991646661
LGBM,4,0,0,0.08596060610238113
LGBM,4,0,0,0.08176057320597406
LGBM,4,1,0,0.19681961265085685
LGBM,4,0,0,0.07058419050707916
LGBM,4,0,0,0.25610884154937585
LGBM,4,0,0,0.04465225939403785
LGBM,4,0,0,0.0664463800731398
LGBM,4,0,0,0.2557116378749327
LGBM,4,0,0,0.042419017410450024
LGBM,4,0,0,0.2045078287253379
LGBM,4,0,0,0.3573272342060998
LGBM,4,0,0,0.18065014523689607
LGBM,4,0,0,0.10317181383427156
LGBM,4,0,0,0.2658945556537472
LGBM,4,0,0,0.1500514832568379
LGBM,4,0,0,0.03833751627608381
LGBM,4,0,0,0.24371372098460023
LGBM,4,0,0,0.14639078810778694
LGBM,4,0,0,0.21668489021857376
LGBM,4,0,0,0.34128860930976584
LGBM,4,0,0,0.22147818365297905
LGBM,4,0,0,0.3579235912368492
LGBM,4,0,0,0.15272461397372128
LGBM,4,0,0,0.03609213895650736
LGBM,4,0,0,0.33042660350350994
LGBM,4,0,0,0.0914152908748749
LGBM,4,0,0,0.3786996248452454
LGBM,4,0,0,0.4815421364824405
LGBM,4,0,0,0.2520476549471292
LGBM,4,0,0,0.04263447576834284
LGBM,4,0,0,0.13155538540849096
LGBM,4,0,0,0.234839615669366
LGBM,4,1,0,0.4125248108791464
LGBM,4,1,1,0.9074647969021494
LGBM,4,0,0,0.015740545388574362
LGBM,4,0,0,0.18338862402626582
LGBM,4,0,0,0.23161978158251337
LGBM,4,1,0,0.3373169214129185
LGBM,4,0,0,0.2513701444599338
LGBM,4,0,0,0.007686340881044703
LGBM,4,0,0,0.11371284309169742
LGBM,4,0,0,0.04720085601271549
LGBM,4,0,0,0.07003535966261767
LGBM,4,0,0,0.4474969938809169
LGBM,4,0,0,0.25340940300999837
LGBM,4,0,0,0.0475788795500602
LGBM,4,0,0,0.1286787453814939
LGBM,4,1,0,0.13603659515375371
LGBM,4,0,0,0.07899363840192515
LGBM,4,0,1,0.6175107888864596
LGBM,4,0,0,0.3305605250380393
LGBM,4,0,1,0.5088935927041524
LGBM,4,0,1,0.5463123822863631
LGBM,4,0,0,0.3196778289920188
LGBM,4,0,0,0.3555511972017925
LGBM,4,1,0,0.26069857435848054
LGBM,4,0,0,0.06516486347731228
LGBM,4,0,0,0.15442530640080446
LGBM,4,0,0,0.10049093595613982
LGBM,4,1,0,0.04216396686121105
LGBM,4,0,0,0.13622549494020478
LGBM,4,0,0,0.17807639695394217
LGBM,4,1,0,0.4845109125162413
LGBM,4,0,0,0.12387034422862114
LGBM,4,0,0,0.41066542520793303
LGBM,4,1,0,0.12242834961940978
LGBM,4,0,0,0.0679630484616565
LGBM,4,0,0,0.12970745144700097
LGBM,4,1,0,0.1865338964230251
LGBM,4,0,0,0.37413429915187124
LGBM,4,0,0,0.13714923890450847
LGBM,4,0,1,0.638676880850968
LGBM,4,0,0,0.25728448232169965
LGBM,4,0,0,0.03729838011214939
LGBM,4,0,0,0.057973071759315035
LGBM,4,0,0,0.028771859342470764
LGBM,4,0,0,0.1356921643009484
LGBM,4,0,0,0.07488538214285094
LGBM,4,0,0,0.24555349664169826
LGBM,4,1,0,0.053089689717854105
LGBM,4,0,0,0.42251759284246565
LGBM,4,0,0,0.02573678167256581
LGBM,4,0,0,0.04693994249147899
LGBM,4,1,0,0.49107725938872804
LGBM,4,0,0,0.18388129075713733
LGBM,4,0,0,0.1183662805454274
LGBM,4,0,0,0.06399185541950352
LGBM,4,1,0,0.181544024883588
LGBM,4,0,0,0.36378029558964303
LGBM,4,1,0,0.22388517252827148
LGBM,4,1,1,0.9184012156905983
LGBM,4,0,0,0.17718135477549668
LGBM,4,0,0,0.16188431713045248
LGBM,4,0,1,0.8960364160743984
LGBM,4,0,0,0.10827341965809617
LGBM,4,1,1,0.9674924009202689
LGBM,4,0,0,0.06216128695506572
LGBM,4,0,0,0.07876479894664624
LGBM,4,0,0,0.11049541290459781
LGBM,4,1,0,0.053797238458102435
LGBM,4,0,0,0.4287574303113836
LGBM,4,0,0,0.427484011783876
LGBM,4,0,0,0.07802114066498042
LGBM,4,0,0,0.025907378649052883
LGBM,4,0,0,0.41463900938895865
LGBM,4,0,0,0.1481849801301056
LGBM,4,0,0,0.0557002040461006
LGBM,4,0,0,0.09893020690324104
LGBM,4,1,0,0.088165139578664
LGBM,4,0,0,0.00660797707874649
LGBM,4,0,0,0.05196900331289455
LGBM,4,0,0,0.4437205662119091
LGBM,4,1,1,0.5365578213441282
LGBM,4,0,0,0.23340770482327994
LGBM,4,0,0,0.053449252526723404
LGBM,4,1,1,0.6092283522286672
LGBM,4,0,0,0.028653694225203696
LGBM,4,0,0,0.021700963448287272
LGBM,4,0,0,0.043830697743195424
LGBM,4,1,1,0.5241283172936283
LGBM,4,0,0,0.12171761243757624
LGBM,4,0,0,0.18151562714548106
LGBM,4,1,1,0.8215367162398585
LGBM,4,0,0,0.1710144636353456
LGBM,4,0,0,0.1784350327556064
LGBM,4,0,0,0.3285772592788919
LGBM,4,0,0,0.2061961009238528
LGBM,4,0,0,0.3189771588967626
LGBM,4,1,0,0.07600835389415547
LGBM,4,0,0,0.20526114355160388
LGBM,4,0,0,0.08000847176236489
LGBM,4,0,0,0.21012669030343317
LGBM,4,1,0,0.2770158985626143
LGBM,4,0,0,0.2540764822771703
LGBM,4,1,0,0.0764855811723554
LGBM,4,1,0,0.28850201415373417
LGBM,4,0,0,0.33157415406909657
LGBM,4,0,0,0.09832264119863438
LGBM,4,0,0,0.21041139040566856
LGBM,4,0,0,0.04507870819629493
LGBM,4,0,0,0.10634954394336212
LGBM,4,0,0,0.07217029062896489
LGBM,4,0,0,0.36441033016994656
LGBM,4,0,0,0.14265164403765973
LGBM,4,0,0,0.24381791306074588
LGBM,4,1,0,0.051942072684003554
LGBM,4,0,0,0.05423970894392953
LGBM,4,0,0,0.027478532003338066
LGBM,4,0,0,0.022448361436343316
LGBM,4,0,0,0.07905986080268221
LGBM,4,0,0,0.14706186633675672
LGBM,4,0,0,0.4479634517758326
LGBM,4,0,1,0.7761299150325206
LGBM,4,1,0,0.10800052022550652
LGBM,4,1,0,0.13542656968241157
LGBM,4,0,0,0.19778730658304458
LGBM,4,1,0,0.4430091017821569
LGBM,4,1,1,0.8336389983272394
LGBM,4,1,0,0.23390611772770412
LGBM,4,1,1,0.9969880770418814
LGBM,4,0,0,0.471927676412794
LGBM,4,0,0,0.15781426564506468
LGBM,4,0,0,0.147435759407843
LGBM,4,0,1,0.7865876031822219
LGBM,4,0,0,0.15338670586426797
LGBM,4,0,0,0.16569869888126265
LGBM,4,0,0,0.1039734102087307
LGBM,4,1,0,0.12007110694282323
LGBM,4,0,0,0.07269880258329435
LGBM,4,0,0,0.18815777971246994
LGBM,4,0,0,0.016136279028835895
LGBM,4,0,0,0.21725362101253234
LGBM,4,0,0,0.38177857103167034
LGBM,4,0,0,0.2752468113265961
LGBM,4,0,0,0.4038443243325393
LGBM,4,0,1,0.9765676306604343
LGBM,4,0,1,0.8427506675875658
LGBM,4,0,0,0.15057769647158678
LGBM,4,0,0,0.17819982231253542
LGBM,4,0,0,0.11672862017055781
LGBM,4,0,0,0.18782088926533352
LGBM,4,0,0,0.20694653348411618
LGBM,4,0,1,0.9447488723694233
LGBM,4,0,0,0.028815791551435734
LGBM,4,0,0,0.12029349509547067
LGBM,4,0,0,0.15124471847406157
LGBM,4,0,0,0.4507362120933641
LGBM,4,0,0,0.017695568321260548
LGBM,4,1,0,0.1387469413665537
LGBM,4,0,0,0.01094533380410404
LGBM,4,1,1,0.5409024831708158
LGBM,4,0,0,0.08321947794368466
LGBM,4,1,0,0.24366782914437538
LGBM,4,0,0,0.02488096106642472
LGBM,4,0,1,0.6175640515237096
LGBM,4,0,1,0.5759165049476013
LGBM,4,0,0,0.1479127578224974
LGBM,4,0,0,0.13782446768411377
LGBM,4,0,1,0.985971438147493
LGBM,4,0,0,0.260496799135783
LGBM,4,1,1,0.9725949737474864
LGBM,4,0,0,0.21295776156925833
LGBM,4,0,0,0.3104204060596
LGBM,4,1,1,0.6799298960645843
LGBM,4,0,0,0.2637390189354843
LGBM,4,1,0,0.09695557168822967
LGBM,4,0,0,0.26329947512026186
LGBM,4,0,0,0.3343526736525331
LGBM,4,0,0,0.4058295071256706
LGBM,4,1,0,0.027085422041798073
LGBM,4,1,0,0.48634982277295813
LGBM,4,1,0,0.058687884542788726
LGBM,4,0,0,0.4455685059272011
LGBM,4,1,0,0.43807360515433963
LGBM,4,0,0,0.2431998050579418
LGBM,4,0,0,0.11713554518867739
LGBM,4,0,0,0.2371368859258075
LGBM,4,1,1,0.6702774477492411
LGBM,4,0,0,0.08833473549926855
LGBM,4,0,0,0.12434439141040102
LGBM,4,0,0,0.030724124756450637
LGBM,4,0,0,0.15047556205419776
LGBM,4,0,0,0.35274132201795166
LGBM,4,0,0,0.07945825670352574
LGBM,4,0,0,0.043674960738991575
LGBM,4,0,0,0.018752460818430072
LGBM,4,0,0,0.10210331389353944
LGBM,4,1,0,0.1085311909137296
LGBM,4,0,0,0.1377551306725539
LGBM,4,0,0,0.09889764029329541
LGBM,4,1,0,0.028576449361807806
LGBM,4,0,0,0.16007606913557884
LGBM,4,0,0,0.43568136342268654
LGBM,4,1,0,0.1750655004648086
LGBM,4,0,0,0.037757030518973306
LGBM,4,0,0,0.011825647012880103
LGBM,4,0,0,0.3851411589033175
LGBM,4,1,0,0.1489582533215196
LGBM,4,0,0,0.27687059308684203
LGBM,4,0,0,0.08806611875992604
LGBM,4,0,0,0.2609845588540746
LGBM,4,1,1,0.9978815108978561
LGBM,4,0,0,0.15825350970582897
LGBM,4,0,0,0.12242635909482168
LGBM,4,0,0,0.42681817249240017
LGBM,4,0,1,0.5757870993134528
LGBM,4,0,0,0.19659203532696523
LGBM,4,0,0,0.20311573378552095
LGBM,4,1,1,0.6174183940966987
LGBM,4,0,0,0.08894540294129383
LGBM,4,0,0,0.19708198683701114
LGBM,4,0,0,0.1457814263066666
LGBM,4,0,1,0.8898847040576054
LGBM,4,0,0,0.02282574985673807
LGBM,4,0,0,0.1648500176366024
LGBM,4,1,0,0.0684012743781393
LGBM,4,0,0,0.16218643225788695
LGBM,4,0,0,0.06240352019500165
LGBM,4,0,0,0.19912185008897912
LGBM,4,0,0,0.0700105793306969
LGBM,4,0,0,0.1763066312457358
LGBM,4,0,0,0.04937871588029215
LGBM,4,0,0,0.48837875426565486
LGBM,4,0,0,0.06959564768108586
LGBM,4,1,0,0.3719935809725889
LGBM,4,0,0,0.0783557492051195
LGBM,4,1,0,0.09459374339420566
LGBM,4,0,0,0.2649340340397452
LGBM,4,0,0,0.3659149250784735
LGBM,4,0,1,0.7038080181932235
LGBM,4,0,0,0.14566994443824302
LGBM,4,0,0,0.377450694417746
LGBM,4,0,1,0.6356595674571361
LGBM,4,0,0,0.12783714157534462
LGBM,4,0,0,0.04569720320171652
LGBM,4,1,1,0.5201928235689095
LGBM,4,0,0,0.08966224979774867
LGBM,4,0,0,0.221839780623048
LGBM,4,0,0,0.2156087285016558
LGBM,4,0,0,0.0679311381920363
LGBM,4,0,0,0.056771990589593514
LGBM,4,1,0,0.033934997622160436
LGBM,4,1,0,0.06011748711122277
LGBM,4,0,0,0.172222548217728
LGBM,4,1,0,0.4336233702675127
LGBM,4,1,1,0.538194675957687
LGBM,4,0,0,0.246899738351937
LGBM,4,0,0,0.3288393008129637
LGBM,4,0,0,0.19207656795212494
LGBM,4,0,0,0.07633753102263334
LGBM,4,1,1,0.6603226359000748
LGBM,4,0,0,0.26794361459837057
LGBM,4,1,1,0.8430854831732784
LGBM,4,1,0,0.3135742509526285
LGBM,4,1,0,0.27495994734225054
LGBM,4,1,0,0.2060164611070154
LGBM,4,0,0,0.10613716461073382
LGBM,4,0,0,0.4403718946164488
LGBM,4,0,0,0.3183153959775797
LGBM,4,0,1,0.8375500636610923
LGBM,4,0,0,0.16881911923658335
LGBM,4,1,1,0.5254927247891901
LGBM,4,0,0,0.04159425576216549
LGBM,4,0,0,0.20396984826792458
LGBM,4,0,0,0.16248131701105345
LGBM,4,0,0,0.2393860388613438
LGBM,4,1,0,0.47713233389791915
LGBM,4,0,0,0.010255323950215339
LGBM,4,0,0,0.25785828330246097
LGBM,4,0,0,0.048381845403284496
LGBM,4,1,0,0.4830669183631243
LGBM,4,0,0,0.051685680617655744
LGBM,4,1,0,0.17870223415765107
LGBM,4,1,0,0.3275626583003203
LGBM,4,0,0,0.09612126630005499
LGBM,4,0,0,0.26425776631191317
LGBM,4,0,0,0.06701938111617936
LGBM,4,0,0,0.16532755072002797
LGBM,4,0,0,0.12338725748721961
LGBM,4,0,0,0.042545287438587896
LGBM,4,0,0,0.17421713930092214
LGBM,4,0,0,0.1755762031508287
LGBM,4,0,0,0.2735102796706007
LGBM,4,0,0,0.06738202837399059
LGBM,4,0,0,0.02872092723497608
LGBM,4,0,0,0.20343819020848888
LGBM,4,0,0,0.053118847334308675
LGBM,4,0,0,0.33201053569402483
LGBM,4,0,0,0.3255684691458946
LGBM,4,0,0,0.2719193205537344
LGBM,4,0,0,0.09505084992746499
LGBM,4,0,0,0.2512958152016303
LGBM,4,0,0,0.4025744181238072
LGBM,4,0,0,0.16627189563858075
LGBM,4,0,0,0.4093231558173163
LGBM,4,0,0,0.046129256117259286
LGBM,4,0,0,0.20546338065605035
LGBM,4,1,0,0.34016200199571683
LGBM,4,0,0,0.03998336112497563
LGBM,4,0,0,0.032415464016166885
LGBM,4,0,0,0.27077069244205487
LGBM,4,1,0,0.2927675716036088
LGBM,4,0,0,0.03254280586502273
LGBM,4,0,0,0.3140787293452625
LGBM,4,1,0,0.3315920056767828
LGBM,4,0,0,0.20222100556731695
LGBM,4,0,0,0.15036970157345572
LGBM,4,0,0,0.07663806569512081
LGBM,4,0,0,0.04530662286470884
LGBM,4,1,0,0.21597629797918125
LGBM,4,0,0,0.3017395010816976
LGBM,4,0,0,0.3247499828036122
LGBM,4,0,1,0.5622317631413196
LGBM,4,0,0,0.06201129159317124
LGBM,4,0,0,0.2657877319038878
LGBM,4,1,0,0.35671743552377044
LGBM,4,0,0,0.04431180534334158
LGBM,4,0,0,0.08250433640198862
LGBM,4,0,1,0.7748510006921505
LGBM,4,0,1,0.6757761687434793
LGBM,4,0,0,0.036295663701038205
LGBM,4,0,0,0.04116245537172249
LGBM,4,0,0,0.11547093528550789
LGBM,4,0,0,0.09979193010785506
LGBM,4,0,0,0.043960697432477415
LGBM,4,1,0,0.14323306011271092
LGBM,4,0,0,0.1357192987455671
LGBM,4,1,0,0.33831270210558756
LGBM,4,0,0,0.4722198000508956
LGBM,4,0,0,0.0849807258983842
LGBM,4,0,1,0.6145712311284517
LGBM,4,0,0,0.12871423026998363
LGBM,4,0,0,0.08154573150629012
LGBM,4,1,1,0.9534137283094801
LGBM,4,0,0,0.10110079198592209
LGBM,4,0,0,0.033237857183772694
LGBM,4,1,1,0.6002373305706373
LGBM,4,0,0,0.029033430463556976
LGBM,4,1,0,0.26834066411183655
LGBM,4,0,0,0.3849540101411069
LGBM,4,0,0,0.18299810156629873
LGBM,4,0,1,0.7826736940255429
LGBM,4,0,0,0.27593728867002215
LGBM,4,0,0,0.04434141470072028
LGBM,4,0,0,0.09878357190853804
LGBM,4,1,1,0.9373016422397511
LGBM,4,0,0,0.47717325622298207
LGBM,4,0,0,0.0807144235888737
LGBM,4,0,0,0.1670091426156153
LGBM,4,0,0,0.050444171110346915
LGBM,4,0,0,0.1210204724442132
LGBM,4,0,1,0.6277738016939873
LGBM,4,1,1,0.9993578453569959
LGBM,4,0,0,0.3068507240171317
LGBM,4,0,0,0.19174092819996208
LGBM,4,0,0,0.08567223762657371
LGBM,4,0,0,0.19386414593410722
LGBM,4,0,0,0.11346888311707426
LGBM,4,0,0,0.10871981560194748
LGBM,4,0,0,0.0356729617153724
LGBM,4,0,0,0.15540309211176603
LGBM,4,0,0,0.10158995718568756
LGBM,4,0,0,0.06090064865642124
LGBM,4,0,0,0.01886461457245145
LGBM,4,1,0,0.45761578904242034
LGBM,4,0,0,0.15793310989718273
LGBM,4,0,0,0.20508481596414385
LGBM,4,0,0,0.020226234819498652
LGBM,4,0,1,0.5083424525460065
LGBM,4,0,0,0.09135225608396855
LGBM,4,1,0,0.16119157123100983
LGBM,4,0,0,0.0819694001573329
LGBM,4,1,1,0.6567768832419031
LGBM,4,1,1,0.6639596361009442
LGBM,4,0,0,0.08272354602262966
LGBM,4,0,0,0.05019922305155861
LGBM,4,0,0,0.31418565436789203
LGBM,4,1,0,0.12261491082854493
LGBM,4,0,0,0.12835310446660106
LGBM,4,0,0,0.005025254736260964
LGBM,4,0,0,0.3401598900056839
LGBM,4,0,0,0.33587521793038044
LGBM,4,1,1,0.9607189007183349
LGBM,4,0,0,0.0812581446050855
LGBM,4,0,0,0.0577411954599342
LGBM,4,0,0,0.3255050607153352
LGBM,4,0,0,0.10030923302270407
LGBM,4,0,1,0.5144226517770628
LGBM,4,0,0,0.06598467481603992
LGBM,4,0,0,0.04556968669935591
LGBM,4,0,0,0.12043253938430462
LGBM,4,0,0,0.4298680129874909
LGBM,4,1,0,0.11197370097079005
LGBM,4,0,0,0.19449066947435328
LGBM,4,1,0,0.12013405774267046
LGBM,4,0,0,0.07838283394421186
LGBM,4,0,0,0.03831081717680069
LGBM,4,0,0,0.054270303404626734
LGBM,4,0,0,0.0902537492073341
LGBM,4,0,0,0.15514263837943437
LGBM,4,0,0,0.03076842836062274
LGBM,4,0,0,0.09300574160341539
LGBM,4,0,0,0.06300351351780463
LGBM,4,0,0,0.10826273231722938
LGBM,4,0,0,0.33729995887441644
LGBM,4,0,0,0.020455170720420038
LGBM,4,1,1,0.5736553955523991
LGBM,4,1,0,0.31100132823221754
LGBM,4,0,0,0.402609811386959
LGBM,4,0,0,0.04299423596941228
LGBM,4,0,0,0.18155283219070933
LGBM,4,1,1,0.5231472041721171
LGBM,4,0,1,0.6406183298229247
LGBM,4,0,1,0.9163596006976522
LGBM,4,1,1,0.7368046637434962
LGBM,4,0,0,0.2768118033317164
LGBM,4,0,0,0.3009667904704621
LGBM,4,0,0,0.00662599486926577
LGBM,4,1,0,0.15923322497381137
LGBM,4,0,0,0.062379954659841946
LGBM,4,0,0,0.18537163903212303
LGBM,4,0,0,0.20361487782224919
LGBM,4,1,1,0.662121499673656
LGBM,4,0,0,0.15653559472904013
LGBM,4,0,0,0.2266478935817453
LGBM,4,0,1,0.9757276164238924
LGBM,4,0,0,0.2575417788263234
LGBM,4,0,0,0.030040487513986126
LGBM,4,0,0,0.15382875937775567
LGBM,4,0,0,0.14144680124054224
LGBM,4,1,1,0.6793848398081689
LGBM,4,0,0,0.4636601076952216
LGBM,4,1,0,0.12993843140833009
LGBM,4,0,0,0.3110730297035238
LGBM,4,0,1,0.9478149575877649
LGBM,4,0,0,0.046567870565714514
LGBM,4,0,0,0.3326426939842913
LGBM,4,0,0,0.1772602583177753
LGBM,4,0,0,0.4698867260479618
LGBM,4,0,0,0.13732719945417093
LGBM,4,0,0,0.06364553760951805
LGBM,4,1,1,0.8738516239662599
LGBM,4,0,0,0.22261147111134208
LGBM,4,1,0,0.2900631258284117
LGBM,4,0,0,0.24697793911620278
LGBM,4,1,1,0.9917416319282132
LGBM,4,1,0,0.39758954892958714
LGBM,4,0,0,0.15039388332602893
LGBM,4,0,0,0.034683869655390234
LGBM,4,1,0,0.13141825527406706
LGBM,4,0,1,0.5399641009710519
LGBM,4,1,0,0.0358254001525188
LGBM,4,0,0,0.06478045918402749
LGBM,4,0,0,0.06183816952019266
LGBM,4,0,0,0.15439450577950897
LGBM,4,0,0,0.32099987008736475
LGBM,4,0,0,0.029159433884168372
LGBM,4,0,0,0.43032998073990103
LGBM,4,0,0,0.1562138742917086
LGBM,4,0,0,0.23919917470684643
LGBM,4,0,0,0.14199776136163025
LGBM,4,0,0,0.07283821483934576
LGBM,4,1,0,0.1225674710831998
LGBM,4,1,0,0.19114288311529307
LGBM,4,0,0,0.11659326416094169
LGBM,4,0,1,0.6187407265547978
LGBM,4,0,0,0.12078727511632925
LGBM,4,0,0,0.06498533554001412
LGBM,4,0,1,0.7993761354516946
LGBM,4,0,0,0.2036832580793185
LGBM,4,0,0,0.1643198115782269
LGBM,4,1,1,0.5470136623769075
LGBM,4,0,0,0.01146773863401829
LGBM,4,0,0,0.19855217330474656
LGBM,4,0,0,0.1753544211009591
LGBM,4,0,0,0.024984928591530637
LGBM,4,0,0,0.040076138844104
LGBM,4,1,1,0.8246090978399925
LGBM,4,1,1,0.6515606450940366
LGBM,4,1,1,0.5965708166745606
LGBM,4,0,0,0.08588413448729534
LGBM,4,0,0,0.19978714453951818
LGBM,4,0,0,0.14689517775982638
LGBM,4,0,1,0.9426898662689495
LGBM,4,0,0,0.045787155144247006
LGBM,4,1,0,0.16382422421433257
LGBM,4,0,0,0.11120031848768742
LGBM,4,0,0,0.25179008040497486
LGBM,4,1,0,0.08851034850158758
LGBM,4,1,0,0.05188672303185022
LGBM,4,0,0,0.27872793989696093
LGBM,4,0,0,0.0693272705671298
LGBM,4,0,0,0.23652200683885657
LGBM,4,0,0,0.01932689147077243
LGBM,4,1,0,0.3605899061577406
LGBM,4,1,0,0.25610362400634173
LGBM,4,0,0,0.36851310487965927
LGBM,4,0,0,0.09633256353786329
LGBM,4,0,0,0.07876565415031674
LGBM,4,0,0,0.09520285507917813
LGBM,4,0,0,0.12729037316802388
LGBM,4,0,0,0.07328043041060568
LGBM,4,0,0,0.11504328768246688
LGBM,4,0,1,0.8662143360193523
LGBM,4,0,0,0.0653415433831091
LGBM,4,0,0,0.16818230540218673
LGBM,4,0,0,0.06407744097917523
LGBM,4,1,0,0.4505366131347484
LGBM,4,0,0,0.08484917139287139
LGBM,4,0,1,0.7945074843752004
LGBM,4,1,0,0.16256082465221877
LGBM,4,0,1,0.7592564267404981
LGBM,4,1,0,0.32032787025243825
LGBM,4,0,0,0.3710400424319334
LGBM,4,0,0,0.12775401134063258
LGBM,4,1,1,0.5897536876541931
LGBM,4,0,0,0.07204522937911022
LGBM,4,0,0,0.1040173082285579
LGBM,4,0,0,0.13159560244906635
LGBM,4,0,0,0.046739803956462364
LGBM,4,0,0,0.0934213753439476
LGBM,4,1,0,0.3103689084044283
LGBM,4,1,0,0.11379469663120607
LGBM,4,1,1,0.56590765340404
LGBM,4,0,0,0.246916760403173
LGBM,4,0,0,0.16459056896236984
LGBM,4,0,0,0.02845564484377497
LGBM,4,0,0,0.30045144883270375
LGBM,4,0,0,0.20248832664944655
LGBM,4,0,0,0.025084961583215232
LGBM,4,0,0,0.36378029558964303
LGBM,4,0,0,0.45117090187593706
LGBM,4,0,0,0.031518788870126935
LGBM,4,0,0,0.07680985397740916
LGBM,4,0,0,0.08291180745716181
LGBM,4,0,1,0.6370470264636454
LGBM,4,0,0,0.0844714798327235
LGBM,4,0,0,0.021598464841262502
LGBM,4,1,1,0.980896576018936
LGBM,4,0,0,0.05084670959208975
LGBM,4,0,0,0.10897134374083887
LGBM,4,1,0,0.19484328992082642
LGBM,4,1,0,0.12433584607629346
LGBM,4,0,0,0.06811463236603017
LGBM,4,0,0,0.10683405749466378
LGBM,4,1,0,0.1185993040962548
LGBM,4,0,1,0.66099232550409
LGBM,4,1,1,0.6507199267754239
LGBM,4,0,0,0.22491752580255714
LGBM,4,0,0,0.23234499921081408
LGBM,4,0,0,0.193393075996104
LGBM,4,1,0,0.05807051149385743
LGBM,4,1,0,0.08430156212205539
LGBM,4,0,0,0.08908348570533879
LGBM,4,0,0,0.2696115723701928
LGBM,4,0,0,0.09775197735994576
LGBM,4,0,0,0.37356842035554105
LGBM,4,0,0,0.09379528890435687
LGBM,4,0,0,0.04251072128558188
LGBM,4,0,0,0.3495797729491695
LGBM,4,0,0,0.2924416440198832
LGBM,4,0,0,0.3525201644778721
LGBM,4,1,1,0.6547087182782124
LGBM,4,0,0,0.2065095325372338
LGBM,4,0,0,0.036932894767190735
LGBM,4,1,0,0.27530335258371313
LGBM,4,0,1,0.9493383342250438
LGBM,4,0,0,0.04357096901541281
LGBM,4,0,0,0.1271623462844211
LGBM,4,1,0,0.30880138366647236
LGBM,4,0,0,0.2930739823526109
LGBM,4,0,0,0.0978090697188522
LGBM,4,0,1,0.5626285582356938
LGBM,4,0,0,0.23369390396812809
LGBM,4,1,0,0.24933530757657202
LGBM,4,0,0,0.10493869281573509
LGBM,4,0,0,0.1707258380693479
LGBM,4,1,0,0.024687463695267003
LGBM,4,0,0,0.17507708775186687
LGBM,4,0,0,0.08924631901712832
LGBM,4,0,0,0.0461413766837635
LGBM,4,1,0,0.22656563190651807
LGBM,4,0,0,0.12863314715173327
LGBM,4,1,0,0.2970646319837055
LGBM,4,0,0,0.016050636998494582
LGBM,4,0,0,0.17611121701587995
LGBM,4,0,0,0.20113479390523065
LGBM,4,1,0,0.07354925739640494
LGBM,4,1,0,0.12604684770762778
LGBM,4,0,0,0.11451177202969459
LGBM,4,0,0,0.028437935720490914
LGBM,4,1,1,0.6527454722017447
LGBM,4,0,0,0.25116254598847526
LGBM,4,0,0,0.44788903533796554
LGBM,4,1,0,0.098397267262598
LGBM,4,0,0,0.0657706392184713
LGBM,4,0,0,0.3844176493661085
LGBM,4,0,0,0.18835387660646186
LGBM,4,0,0,0.4509868615108359
LGBM,4,1,1,0.6679431529854891
LGBM,4,0,0,0.25642459067407575
LGBM,4,0,0,0.108473765406899
LGBM,4,1,1,0.5640222915816582
LGBM,4,1,1,0.8078453650715168
LGBM,4,0,0,0.16222717556744198
LGBM,4,0,0,0.04837730021434915
LGBM,4,1,0,0.28209028300659444
LGBM,4,0,0,0.17714040163654543
LGBM,4,1,0,0.03541430069912538
LGBM,4,0,0,0.11585194325004171
LGBM,4,0,0,0.14258455691946026
LGBM,4,0,0,0.03157194986565244
LGBM,4,0,0,0.10244859574404036
LGBM,4,1,1,0.8891189664213961
LGBM,4,0,1,0.5939686235926979
LGBM,4,0,0,0.03633141437708099
LGBM,4,0,0,0.3153019777822033
LGBM,4,0,0,0.44498845496616407
LGBM,4,0,0,0.0678702366482082
LGBM,4,0,0,0.03505362198798724
LGBM,4,0,0,0.13460513421326245
LGBM,4,0,0,0.0938479172590323
LGBM,4,1,1,0.9748248145950272
LGBM,4,0,0,0.1617474819011743
LGBM,4,1,0,0.15963413263139573
LGBM,4,0,0,0.1599822458809449
LGBM,4,1,0,0.3531779385182148
LGBM,4,1,0,0.04836423389393344
LGBM,4,0,0,0.14234971556181578
LGBM,4,0,0,0.10563213030942309
LGBM,4,0,0,0.0723081438169045
LGBM,4,0,0,0.39902749157274153
LGBM,4,0,0,0.41049751822306046
LGBM,4,0,0,0.06755705943381657
LGBM,4,0,0,0.10550225243345321
LGBM,4,0,0,0.11516797245119094
LGBM,4,0,0,0.1074199484099474
LGBM,4,1,0,0.24781511053598426
LGBM,4,0,0,0.046184233233296214
LGBM,4,0,0,0.2942725334275379
LGBM,4,1,0,0.12010107705437909
LGBM,4,0,0,0.10783462792988188
LGBM,4,0,0,0.09275919220590384
LGBM,4,0,0,0.11371187131033542
LGBM,4,1,0,0.33372980519079737
LGBM,4,0,0,0.0436246574060936
LGBM,4,0,0,0.1659534317991378
LGBM,4,0,0,0.1781811561070042
LGBM,4,0,0,0.39288692778280726
LGBM,4,0,1,0.6879042402615175
LGBM,4,0,0,0.08898111935516209
LGBM,4,0,0,0.2188669511727846
LGBM,4,1,0,0.15373306889969843
LGBM,4,0,0,0.03054653174300944
LGBM,4,0,0,0.2216756595707667
LGBM,4,0,0,0.029966281808125075
LGBM,4,0,0,0.14187999178841024
LGBM,4,1,1,0.5444511401541137
LGBM,4,0,0,0.026807260055237113
LGBM,4,0,0,0.17394521389419695
LGBM,4,1,0,0.2271319059539743
LGBM,4,0,0,0.27455699845835013
LGBM,4,1,0,0.11456947769511522
LGBM,4,1,1,0.6451813998557108
LGBM,4,0,0,0.31569675463604335
LGBM,4,0,0,0.0676656195128694
LGBM,4,0,0,0.010462612208687072
LGBM,4,0,0,0.2836139446230712
LGBM,4,0,0,0.24648499176865196
LGBM,4,0,0,0.025082139296420915
LGBM,4,0,0,0.05232759150519452
LGBM,4,1,0,0.1220968358744333
LGBM,4,0,0,0.23799938029465267
LGBM,4,0,0,0.23024252683240035
LGBM,4,0,0,0.21543996556834927
LGBM,4,0,0,0.161554929878655
LGBM,4,0,0,0.2743220010620102
LGBM,4,0,0,0.036117120109539595
LGBM,4,0,0,0.3738089995989067
LGBM,4,0,0,0.2645982826517546
LGBM,4,1,0,0.058491462422483924
LGBM,4,0,0,0.2935199411654653
LGBM,4,0,0,0.030281859512514785
LGBM,4,0,0,0.08279394320360484
LGBM,4,0,0,0.10381459803625773
LGBM,4,0,0,0.007244367757590506
LGBM,4,0,0,0.27826159094297503
LGBM,4,0,0,0.1205706819558725
LGBM,4,0,0,0.2238139322810642
LGBM,4,0,0,0.23667809834084086
LGBM,4,0,0,0.028036679106269342
LGBM,4,0,0,0.12598832682092187
LGBM,4,0,0,0.05956009927243941
LGBM,4,0,0,0.2570489628622927
LGBM,4,0,0,0.19078269594651906
LGBM,4,0,0,0.0687238188409819
LGBM,4,1,0,0.10919652048640724
LGBM,4,0,1,0.9366020978777121
LGBM,4,0,0,0.10518073646926449
LGBM,4,0,1,0.7440506179272368
LGBM,4,0,0,0.25804956147771435
LGBM,4,0,0,0.154347846718832
LGBM,4,1,0,0.2636012579024902
LGBM,4,0,0,0.0917876135782214
LGBM,4,1,1,0.6783414174830479
LGBM,4,0,0,0.0764111050966766
LGBM,4,1,0,0.06540158234658107
LGBM,4,0,0,0.08470517640085441
LGBM,4,1,0,0.2231260094407929
LGBM,4,1,0,0.31737875655132763
LGBM,4,1,0,0.21733587809448743
LGBM,4,0,0,0.013308298776674606
LGBM,4,0,0,0.27475093223499114
LGBM,4,0,0,0.07214262678826404
LGBM,4,0,0,0.08809029915648425
LGBM,4,0,0,0.08495254292673986
LGBM,4,1,0,0.017581493479263174
LGBM,4,1,1,0.7856823570358696
LGBM,4,0,0,0.039128997760320125
LGBM,4,0,0,0.22218230396842617
LGBM,4,0,0,0.1557925864094148
LGBM,4,0,1,0.684940467455378
LGBM,4,0,0,0.1152242529259514
LGBM,4,0,0,0.4307117323046535
LGBM,4,0,1,0.8089552448611422
LGBM,4,0,0,0.31313225031288716
LGBM,4,0,0,0.45146837115465016
LGBM,4,0,0,0.2352441668088128
LGBM,4,0,0,0.1312481581379344
LGBM,4,1,0,0.27337784357628
LGBM,4,0,0,0.07442009451567276
LGBM,4,0,0,0.010403096647361817
LGBM,4,1,0,0.20544915610125902
LGBM,4,0,0,0.03463669880884628
LGBM,4,0,0,0.2847814010192328
LGBM,4,1,0,0.4871079507202432
LGBM,4,1,0,0.37864952664021034
LGBM,4,1,1,0.8173352398303032
LGBM,4,0,1,0.6691123228081395
LGBM,4,0,0,0.28789712391673805
LGBM,4,0,0,0.3851687301667443
LGBM,4,0,1,0.5723982616399554
LGBM,4,0,0,0.026636531072750963
LGBM,4,0,0,0.016449365109863164
LGBM,4,1,0,0.3345257970131059
LGBM,4,0,0,0.04838903605960339
LGBM,4,0,0,0.3236776433349272
LGBM,4,0,0,0.1612565103363599
LGBM,4,0,0,0.38373032156066395
LGBM,4,0,0,0.060821061916421025
LGBM,4,0,0,0.21108835924031458
LGBM,4,0,0,0.41947723085066496
LGBM,4,0,0,0.24685728392422907
LGBM,4,0,0,0.0347160877644207
LGBM,4,0,0,0.09364522363863836
LGBM,4,0,1,0.6202602126753082
LGBM,4,0,0,0.2265774925317888
LGBM,4,1,0,0.06402384463234607
LGBM,4,0,0,0.24544712580445638
LGBM,4,1,1,0.5445493966737716
LGBM,4,1,0,0.3398027925932224
LGBM,4,0,0,0.24307733283407076
LGBM,4,0,0,0.27296416146384006
LGBM,4,1,0,0.2818337088621198
LGBM,4,0,0,0.14289512411590402
LGBM,4,1,1,0.9407184405482834
LGBM,4,1,0,0.27338638475381616
LGBM,4,1,0,0.42263813442633125
LGBM,4,0,0,0.10893663247395328
LGBM,4,0,0,0.0749979446661847
LGBM,4,0,1,0.871966684335618
LGBM,4,1,0,0.30753876325894414
LGBM,4,0,0,0.15632509840443162
LGBM,4,0,0,0.03039572296880454
LGBM,4,1,1,0.8001099623063342
LGBM,4,1,0,0.1435620020457612
LGBM,4,0,0,0.053797238458102435
LGBM,4,0,0,0.15425781260622423
LGBM,4,0,1,0.5173274115630332
LGBM,4,0,0,0.07128224469453345
LGBM,4,0,0,0.08572130596052607
LGBM,4,0,0,0.22247413347721906
LGBM,4,0,0,0.0601315548170098
LGBM,4,0,1,0.8246085906492842
LGBM,4,0,0,0.11541666737546505
LGBM,4,1,0,0.141869733534534
LGBM,4,1,0,0.19886084056248887
LGBM,4,1,0,0.45502766671255684
LGBM,4,1,1,0.5411236045475576
LGBM,4,0,1,0.7877093527148621
LGBM,4,0,0,0.18234321593720457
LGBM,4,0,0,0.2616787765371659
LGBM,4,0,0,0.1231039670821834
LGBM,4,1,1,0.9423035781628605
LGBM,4,1,0,0.09227891389316614
LGBM,4,0,0,0.06488996746464007
LGBM,4,0,0,0.2544917335921023
LGBM,4,0,0,0.030108574843816474
LGBM,4,1,1,0.8996930627940839
LGBM,4,0,0,0.14762857947887853
LGBM,4,0,1,0.7148986953951351
LGBM,4,0,1,0.6877453425182003
LGBM,4,0,0,0.09403451088609191
LGBM,4,0,0,0.2722972596980205
LGBM,4,0,0,0.12488686394324452
LGBM,4,0,0,0.10520565148392902
LGBM,4,0,0,0.24474879973026467
LGBM,4,0,0,0.0466968725526197
LGBM,4,0,0,0.12036200561840688
LGBM,4,0,0,0.062217969265557206
LGBM,4,0,0,0.4621576240305058
LGBM,4,1,0,0.10090988297090621
LGBM,4,0,0,0.20795494537216314
LGBM,4,0,0,0.20397301035656865
LGBM,4,0,0,0.1563332475253093
LGBM,4,0,0,0.17616511007904614
LGBM,4,0,0,0.06788249176002634
LGBM,4,0,1,0.5146769710234106
LGBM,4,0,0,0.022899593920118193
LGBM,4,0,0,0.04374241070120394
LGBM,4,0,0,0.20602965975719922
LGBM,4,1,1,0.7621277464587966
LGBM,4,0,0,0.24574687216814217
LGBM,4,0,0,0.1623866010734896
LGBM,4,0,0,0.46377969875107694
LGBM,4,1,0,0.1347536058473477
LGBM,4,0,0,0.040135609046555755
LGBM,4,0,0,0.1294363428285095
LGBM,4,0,0,0.03442252693201008
LGBM,4,0,0,0.10165015063117158
LGBM,4,0,0,0.06219165057232033
LGBM,4,1,0,0.31831021472540116
LGBM,4,0,0,0.18976339529183311
LGBM,4,0,0,0.07652290719606666
LGBM,4,1,1,0.6823174104753569
LGBM,4,0,0,0.15923522371612667
LGBM,4,0,0,0.015906160616156323
LGBM,4,0,0,0.23719012425499308
LGBM,4,1,1,0.8322990437215937
LGBM,4,0,0,0.1555583941718337
LGBM,4,1,0,0.1080551149124189
LGBM,4,0,0,0.042112736663592366
LGBM,4,1,0,0.14888187686063278
LGBM,4,0,0,0.021561256612687152
LGBM,4,0,0,0.06821568142267964
LGBM,4,1,1,0.5558548488112968
LGBM,4,0,0,0.10965598378081101
LGBM,4,0,0,0.04368247022699034
LGBM,4,1,0,0.07549443951855664
LGBM,4,0,0,0.09274608856650184
LGBM,4,1,0,0.45781140078690447
LGBM,4,1,0,0.4409041382982728
LGBM,4,0,0,0.22536783051732814
LGBM,4,0,0,0.3698595829206134
LGBM,4,0,1,0.5433989582299787
LGBM,4,0,0,0.17778453033664393
LGBM,4,1,1,0.639521210902708
LGBM,4,0,0,0.047348506594918724
LGBM,4,0,1,0.9556666170085228
LGBM,4,1,0,0.027004386355070138
LGBM,4,0,1,0.623953280357092
LGBM,4,0,0,0.38365707619904316
LGBM,4,1,1,0.8902485116577981
LGBM,4,0,0,0.213702851106426
LGBM,4,1,0,0.27421193805746963
LGBM,4,1,0,0.041933167555819176
LGBM,4,0,0,0.3529945090103593
LGBM,4,0,0,0.13146540448201496
LGBM,4,0,0,0.1941511034162165
LGBM,4,0,0,0.030221618933696598
LGBM,4,0,1,0.5550687826567766
LGBM,4,0,0,0.10121512152291401
LGBM,4,1,0,0.062238370176032363
LGBM,4,1,1,0.9222659531278953
LGBM,4,1,0,0.048360944458819735
LGBM,4,0,1,0.6303627273982553
LGBM,4,0,0,0.04548863290361636
LGBM,4,0,0,0.06471670559778779
LGBM,4,1,0,0.15781426564506468
LGBM,4,1,0,0.25282046740941505
LGBM,4,0,1,0.9850045980728233
LGBM,4,0,1,0.5606816549572398
LGBM,4,0,1,0.6112354359772539
LGBM,4,0,0,0.03185468755560987
LGBM,4,0,1,0.6777812027114656
LGBM,4,0,0,0.022919277644730396
LGBM,4,0,0,0.16429854517486628
LGBM,4,0,0,0.053762676855065326
LGBM,4,0,0,0.0767742977575711
LGBM,4,0,0,0.10005212315355747
LGBM,4,0,1,0.6143660008143281
LGBM,4,1,0,0.17313151626622295
LGBM,4,0,0,0.3525243832089773
LGBM,4,0,0,0.20978888367629256
LGBM,4,0,0,0.3439361421142843
LGBM,4,1,0,0.22089417796960728
LGBM,4,0,0,0.46212304776885954
LGBM,4,1,0,0.33747619060178546
LGBM,4,0,0,0.29157360756007017
LGBM,4,0,0,0.007391292513013342
LGBM,4,0,0,0.1660110832117853
LGBM,4,0,0,0.02626679330828427
LGBM,4,0,0,0.19141166532307455
LGBM,4,0,0,0.08446823168302059
LGBM,4,1,0,0.04270808937426497
LGBM,4,0,1,0.5177736410032813
LGBM,4,0,0,0.03796271123780818
LGBM,4,0,0,0.18384497547359666
LGBM,4,0,0,0.04149579080319818
LGBM,4,1,0,0.18166204162662936
LGBM,4,0,0,0.234700497320896
LGBM,4,0,0,0.05651612821179446
LGBM,4,0,0,0.024989293791287046
LGBM,4,0,0,0.03209532658690814
LGBM,4,0,0,0.08394432517260005
LGBM,4,0,0,0.24023697597873972
LGBM,4,1,1,0.8535350230769926
LGBM,4,0,0,0.10751960219190329
LGBM,4,0,0,0.08440927549699327
LGBM,4,0,0,0.12257611668824739
LGBM,4,0,0,0.06694851791000388
LGBM,4,0,1,0.6373819958722826
LGBM,4,0,0,0.09752753318950416
LGBM,4,0,0,0.06023225450361944
LGBM,4,0,0,0.25841963411881674
LGBM,4,0,0,0.026441943698559567
LGBM,4,0,1,0.973015978535921
LGBM,4,0,0,0.09728296985823813
LGBM,4,0,0,0.0962361955698517
LGBM,4,0,0,0.004896100364446788
LGBM,4,0,0,0.17812056282404898
LGBM,4,1,0,0.28730650504491356
LGBM,4,1,1,0.748283283111565
LGBM,4,1,0,0.10354125908196332
LGBM,4,1,0,0.36503227212931777
LGBM,4,0,0,0.11526359602219202
LGBM,4,0,0,0.2582664110695684
LGBM,4,0,0,0.35643668200833883
LGBM,4,0,0,0.2692233677739762
LGBM,4,1,1,0.9985740353723424
LGBM,4,0,0,0.06162140604542482
LGBM,4,0,0,0.17528140954155827
LGBM,4,0,0,0.004630576297362474
LGBM,4,0,0,0.018651597413426802
LGBM,4,1,0,0.1955307677328461
LGBM,4,1,0,0.19325451837321747
LGBM,4,0,0,0.2161031324034108
LGBM,4,0,0,0.3317830113012862
LGBM,4,0,0,0.033184749797067994
LGBM,4,0,0,0.10099366307561829
LGBM,4,0,1,0.852898382786586
LGBM,4,1,1,0.6921954320387997
LGBM,4,1,1,0.8199708935129245
LGBM,4,0,0,0.46878860776113174
LGBM,4,0,0,0.39605640867601966
LGBM,4,0,1,0.9969171898145388
LGBM,4,0,1,0.9509799384840416
LGBM,4,0,0,0.2520017064701505
LGBM,4,0,0,0.07536770614625732
LGBM,4,0,0,0.02547735255891701
LGBM,4,0,0,0.15228862087232675
LGBM,4,1,0,0.08029559886965024
LGBM,4,0,0,0.2968987549875101
LGBM,4,1,0,0.25305489939247167
LGBM,4,0,0,0.05694484388051273
LGBM,4,0,0,0.16461755448980875
LGBM,4,0,0,0.03586736233704328
LGBM,4,1,1,0.982822644073342
LGBM,4,0,0,0.15854624280950066
LGBM,4,0,0,0.10194558522525585
LGBM,4,0,0,0.1391212222933219
LGBM,4,0,0,0.3670258438549344
LGBM,4,0,0,0.18950192616261477
LGBM,4,1,0,0.044477139823020186
LGBM,4,0,0,0.16486378400705023
LGBM,4,0,0,0.11508195389975409
LGBM,4,0,0,0.12500950502068164
LGBM,4,0,0,0.3791279908026035
LGBM,4,0,0,0.21402230704809838
LGBM,4,0,0,0.2716409825184103
LGBM,4,0,1,0.8332609170272977
LGBM,4,0,0,0.1008126302240323
LGBM,4,1,0,0.06616710263748135
LGBM,4,0,0,0.3012005750841212
LGBM,4,0,0,0.4182690007809524
LGBM,4,1,0,0.337915070927559
LGBM,4,0,0,0.016577610983615956
LGBM,4,0,0,0.06824546051808461
LGBM,4,0,0,0.09908340105501434
LGBM,4,1,1,0.85250158216463
LGBM,4,0,0,0.2166096718142198
LGBM,4,1,0,0.24075863540310913
LGBM,4,0,0,0.0192386196962621
LGBM,4,0,0,0.20683818664356454
LGBM,4,0,0,0.1417392626727549
LGBM,4,0,0,0.01233612781320325
LGBM,4,0,0,0.24314919615183045
LGBM,4,0,0,0.08288222677036368
LGBM,4,0,0,0.08932621095212469
LGBM,4,0,0,0.0985157340224688
LGBM,4,0,0,0.04229750959970084
LGBM,4,0,0,0.15538053461058401
LGBM,4,0,0,0.2112673335577029
LGBM,4,0,0,0.37025158932071667
LGBM,4,0,0,0.12027866231476923
LGBM,4,0,0,0.12331974999188326
LGBM,4,0,0,0.051486042347756694
LGBM,4,0,0,0.24901000659657724
LGBM,4,1,0,0.10538942307139201
LGBM,4,0,0,0.08457837570285655
LGBM,4,0,0,0.20838438729743458
LGBM,4,0,0,0.10906850962776685
LGBM,4,0,0,0.005207459276748285
LGBM,4,1,0,0.32226622646532416
LGBM,4,0,0,0.15032153835173354
LGBM,4,0,0,0.1482418194977999
LGBM,4,0,0,0.06328100728322018
LGBM,4,1,0,0.06539970312663676
LGBM,4,1,1,0.6164735537490378
LGBM,4,0,0,0.08625386944039085
LGBM,4,1,1,0.5595209822986489
LGBM,4,0,0,0.45602342795531453
LGBM,4,0,0,0.07248845011607682
LGBM,4,0,0,0.12028021917738453
LGBM,4,0,0,0.08331372983210072
LGBM,4,0,0,0.09380987528032454
LGBM,4,0,0,0.10384231413216716
LGBM,4,0,0,0.08307080020115443
LGBM,4,0,0,0.24716110772868882
LGBM,4,0,0,0.09771969368934715
LGBM,4,0,0,0.22898200247691694
LGBM,4,1,0,0.17220237782589218
LGBM,4,0,0,0.22773070542993304
LGBM,4,0,0,0.05131234982418631
LGBM,4,0,0,0.17396899553131764
LGBM,4,1,0,0.14185081427797816
LGBM,4,0,0,0.10329460471512361
LGBM,4,1,0,0.4058295071256706
LGBM,4,0,0,0.01764149650989047
LGBM,4,0,0,0.17506485511769682
LGBM,4,0,0,0.48319589236388344
LGBM,4,0,0,0.06770281997438733
LGBM,4,1,1,0.8122410990285337
LGBM,4,1,0,0.17185786985852464
LGBM,4,0,0,0.167410494583911
LGBM,4,0,0,0.2263548115885479
LGBM,4,0,0,0.1304229619508846
LGBM,4,0,0,0.36802447762681634
LGBM,4,0,0,0.21912790855359923
LGBM,4,0,0,0.044261050756816654
LGBM,4,1,1,0.6983175133415614
LGBM,4,0,0,0.039030484717435004
LGBM,4,0,0,0.10699381744599161
LGBM,4,0,0,0.3071104890532586
LGBM,4,0,0,0.20216043121670038
LGBM,4,0,0,0.015884360498553927
LGBM,4,0,0,0.04197745717331329
LGBM,4,1,1,0.89702885816616
LGBM,4,0,0,0.2427041616356201
LGBM,4,0,0,0.2589136564862279
LGBM,4,0,0,0.20681490218852316
LGBM,4,0,0,0.0289796623539366
LGBM,4,0,0,0.28920451351248094
LGBM,4,0,0,0.20093444815675934
LGBM,4,0,0,0.4232823869399768
LGBM,4,0,0,0.07090669950536124
LGBM,4,0,0,0.049120210488731136
LGBM,4,0,0,0.48898731773696047
LGBM,4,0,0,0.33216257507579944
LGBM,4,0,0,0.12921458324875504
LGBM,4,1,0,0.25904479529647223
LGBM,4,1,1,0.7218082115204334
LGBM,4,0,0,0.06471055491475057
LGBM,4,0,0,0.07952957700421039
LGBM,4,0,0,0.09606235483917772
LGBM,4,0,0,0.20200787419726515
LGBM,4,0,0,0.11760896521127992
LGBM,4,1,0,0.06972300161020617
LGBM,4,0,0,0.08834955069307521
LGBM,4,0,0,0.325844867366
LGBM,4,1,1,0.6224160077826262
LGBM,4,0,0,0.15979294551296877
LGBM,4,1,0,0.13822465624108615
LGBM,4,1,0,0.0785439884184685
LGBM,4,1,0,0.33656217561495183
LGBM,4,0,0,0.18701671730651023
LGBM,4,0,0,0.1763343799935705
LGBM,4,0,0,0.1354914320394495
LGBM,4,0,0,0.10324621415722042
LGBM,4,0,0,0.037468344675617216
LGBM,4,0,0,0.06457778140660099
LGBM,4,0,0,0.07334605521277653
LGBM,4,1,0,0.19202788897976264
LGBM,4,0,0,0.2924654387724588
LGBM,4,0,0,0.26718788645030855
LGBM,4,0,0,0.22456488417680842
LGBM,4,0,0,0.12252296613198814
LGBM,4,0,0,0.04388173739879455
LGBM,4,0,1,0.7494368618777281
LGBM,4,0,0,0.13769146177377284
LGBM,4,1,0,0.05805958492479261
LGBM,4,0,0,0.23466455040804896
LGBM,4,1,0,0.094965083564078
LGBM,4,0,0,0.026268012584471926
LGBM,4,1,0,0.15136480374764288
LGBM,4,1,1,0.6497674963303601
LGBM,4,0,0,0.1085460162722998
LGBM,4,1,0,0.027212610873268483
LGBM,4,0,0,0.03958042614429329
LGBM,4,0,0,0.04632576240092146
LGBM,4,0,0,0.06251071258709016
LGBM,4,1,0,0.18065349667392167
LGBM,4,0,0,0.06390681397902027
LGBM,4,0,1,0.8575399193920575
LGBM,4,0,0,0.1711939976341921
LGBM,4,0,0,0.14163935955525386
LGBM,4,1,1,0.5035204379250635
LGBM,4,0,0,0.2609465975740386
LGBM,4,0,0,0.11723782631993163
LGBM,4,0,0,0.16743556384726724
LGBM,4,0,0,0.04887487970166321
LGBM,4,0,0,0.08290088456670838
LGBM,4,0,1,0.8083051921328415
LGBM,4,0,0,0.07066240360079486
LGBM,4,0,0,0.11106630203208326
LGBM,4,0,0,0.22922528598268854
LGBM,4,0,0,0.04576710913381501
LGBM,4,1,0,0.1687019688603389
LGBM,4,0,0,0.10235388007773696
LGBM,4,0,0,0.07606005255673016
LGBM,4,0,0,0.18080659987216574
LGBM,4,0,0,0.07096226442262844
LGBM,4,0,0,0.09611657319485432
LGBM,4,1,0,0.06245810213392251
LGBM,4,1,0,0.19100595775102047
LGBM,4,0,0,0.08685704724088167
LGBM,4,1,1,0.6941610736959706
LGBM,4,0,0,0.07660228250353159
LGBM,4,0,0,0.2899016790782357
LGBM,4,0,0,0.3943036262444701
LGBM,4,0,0,0.11708394760985584
LGBM,4,0,0,0.16196966694235104
LGBM,4,0,0,0.2763635258639131
LGBM,4,0,0,0.11123086357590066
LGBM,4,0,0,0.14434530568675102
LGBM,4,0,0,0.10423839914919682
LGBM,4,0,0,0.23465822677903422
LGBM,4,0,0,0.18482415283076617
LGBM,4,0,0,0.010895197986060638
LGBM,4,1,0,0.4973065942283755
LGBM,4,1,0,0.41920400216197184
LGBM,4,0,0,0.05068882782022507
LGBM,4,0,0,0.07985594089516025
LGBM,4,1,0,0.3581930952496845
LGBM,4,0,0,0.17910196581246896
LGBM,4,0,0,0.3856104963954071
LGBM,4,0,0,0.19184951431622146
LGBM,4,0,0,0.22195273831661527
LGBM,4,1,0,0.01380874051267832
LGBM,4,0,1,0.7252529877412546
LGBM,4,0,0,0.21560906045883937
LGBM,4,0,0,0.06090668256814662
LGBM,4,0,0,0.12244375664624974
LGBM,4,0,0,0.310616684664488
LGBM,4,0,1,0.5265861518387257
LGBM,4,0,0,0.030395862320520776
LGBM,4,1,0,0.26132626545686766
LGBM,4,0,0,0.3526028658515738
LGBM,4,0,1,0.9209733689959942
LGBM,4,1,0,0.050362018725888594
LGBM,4,0,0,0.09412394556719528
LGBM,4,1,1,0.5868058343631808
LGBM,4,0,0,0.08473857359415132
LGBM,4,0,0,0.043688961213305524
LGBM,4,0,0,0.10642596985313074
LGBM,4,0,0,0.22395544934577707
LGBM,4,0,0,0.061419583060503186
LGBM,4,0,0,0.2839910693324958
LGBM,4,0,0,0.09779609874250136
LGBM,4,1,1,0.5269313394806661
LGBM,4,0,0,0.08041454135602284
LGBM,4,0,0,0.4684231685372751
LGBM,4,0,1,0.7604876855460811
LGBM,4,0,0,0.12356235904963744
LGBM,4,0,0,0.3431501282680919
LGBM,4,0,0,0.1285866961468543
LGBM,4,1,1,0.6553067945035493
LGBM,4,0,1,0.8475604462250401
LGBM,4,1,1,0.952073865482689
LGBM,4,0,0,0.05935378199454235
LGBM,4,0,1,0.6862736355486757
LGBM,4,0,0,0.22811543012136462
LGBM,4,0,0,0.04351709659704512
LGBM,4,0,0,0.057841584270065395
LGBM,4,0,1,0.6127850730501934
LGBM,4,0,0,0.05732268128995799
LGBM,4,0,0,0.12921570618589645
LGBM,4,0,0,0.13434355546802731
LGBM,4,1,0,0.4655413725403365
LGBM,4,0,0,0.238421774403359
LGBM,4,0,0,0.10369154863145753
LGBM,4,0,0,0.21259110930785305
LGBM,4,1,0,0.33155665631036263
LGBM,4,0,0,0.11824838290070483
LGBM,4,0,0,0.20847695671173969
LGBM,4,1,0,0.1006440206201541
LGBM,4,0,0,0.12262303128491292
LGBM,4,0,0,0.05328363031091603
LGBM,4,0,0,0.21486026483710738
LGBM,4,0,1,0.5399697347377195
LGBM,4,0,0,0.15668477011637194
LGBM,4,0,0,0.04771659630436266
LGBM,4,0,0,0.23972753448120174
LGBM,4,0,0,0.1886590264097984
LGBM,4,1,0,0.238421774403359
LGBM,4,1,1,0.5069560183778958
LGBM,4,0,0,0.023503275354508267
LGBM,4,0,0,0.13976247088665814
LGBM,4,1,0,0.29884213871454196
LGBM,4,0,0,0.08007573425044327
LGBM,4,0,0,0.08459337296407425
LGBM,4,0,0,0.3378842566432003
LGBM,4,1,0,0.2841530708745655
LGBM,4,0,0,0.14364992677577745
LGBM,4,0,0,0.06851604870133159
LGBM,4,0,0,0.26535826935639684
LGBM,4,0,0,0.03699547127106125
LGBM,4,0,1,0.8032678739982908
LGBM,4,1,1,0.5299536736202775
LGBM,4,0,0,0.3453233663490972
LGBM,4,0,0,0.028279315562402662
LGBM,4,0,0,0.3706366945367058
LGBM,4,0,0,0.07259730226890676
LGBM,4,0,0,0.109357569160503
LGBM,4,0,0,0.1552122175941847
LGBM,4,1,0,0.21159160052158113
LGBM,4,0,0,0.0397872478824459
LGBM,4,1,0,0.44022550214882367
LGBM,4,0,0,0.4192947688584486
LGBM,4,0,0,0.04633139174008672
LGBM,4,0,0,0.3734434174352358
LGBM,4,1,0,0.11909946793193268
LGBM,4,0,0,0.17712296708119465
LGBM,4,0,0,0.2930634668193322
LGBM,4,1,0,0.17946110582760652
LGBM,4,1,0,0.25065546693484325
LGBM,4,0,0,0.4076176604404769
LGBM,4,0,0,0.017931988817749028
LGBM,4,0,1,0.5980233615886109
LGBM,4,0,0,0.058560345042492794
LGBM,4,0,0,0.16445427143852645
LGBM,4,0,0,0.2559894804786136
LGBM,4,0,0,0.20523271609744143
LGBM,4,0,0,0.1587588318483064
LGBM,4,0,0,0.0525958603448648
LGBM,4,0,0,0.06506979591222893
LGBM,4,0,0,0.14420127682428044
LGBM,4,0,0,0.16802872242693193
LGBM,4,0,1,0.942112702956299
LGBM,4,0,0,0.18617437179440086
LGBM,4,0,0,0.3980660205472807
LGBM,4,0,0,0.09370687896370627
LGBM,4,0,0,0.042682988508595296
LGBM,4,0,0,0.02040554701501155
LGBM,4,1,0,0.07521790814984469
LGBM,4,1,0,0.10896776047657175
LGBM,4,0,0,0.2823415353965189
LGBM,4,0,0,0.007180018515400944
LGBM,4,0,0,0.27480889222629556
LGBM,4,0,0,0.200318388453172
LGBM,4,0,0,0.2189165017188271
LGBM,4,0,1,0.8400476789077537
LGBM,4,0,0,0.1874483606535379
LGBM,4,0,1,0.5438642798238508
LGBM,4,0,0,0.1542767652470851
LGBM,4,0,0,0.2871719257423817
LGBM,4,1,0,0.34991617154345056
LGBM,4,0,0,0.21713080275030522
LGBM,4,1,1,0.7120072612283893
LGBM,4,0,0,0.011969862239959007
LGBM,4,0,0,0.070693343751971
LGBM,4,1,0,0.024403731200887287
LGBM,4,0,0,0.08454984850816091
LGBM,4,0,0,0.30674161830653457
LGBM,4,1,1,0.9988589836376173
LGBM,4,0,0,0.0580490720168637
LGBM,4,0,0,0.40705178036821615
LGBM,4,1,1,0.9750159727579429
LGBM,4,0,0,0.217570915268674
LGBM,4,0,0,0.05119076802527795
LGBM,5,1,1,0.5237951373877463
LGBM,5,0,0,0.24005846502419523
LGBM,5,0,0,0.11263423662290895
LGBM,5,1,0,0.032533608766857666
LGBM,5,1,0,0.4872216548196318
LGBM,5,0,0,0.21944721048568971
LGBM,5,0,0,0.1264692221266344
LGBM,5,1,0,0.08029387191320342
LGBM,5,0,0,0.11052102582940836
LGBM,5,0,0,0.12176575479816654
LGBM,5,0,0,0.43917692729546254
LGBM,5,0,0,0.15836527279538665
LGBM,5,0,0,0.20693378596471973
LGBM,5,0,0,0.20151623806942773
LGBM,5,0,0,0.03553208533957382
LGBM,5,0,0,0.07027930840633599
LGBM,5,1,0,0.125555248286485
LGBM,5,0,0,0.1535036953176616
LGBM,5,0,0,0.4119179658466949
LGBM,5,0,0,0.062368811552064446
LGBM,5,1,0,0.48943544252127186
LGBM,5,0,0,0.20153336212335865
LGBM,5,0,1,0.8160113113960915
LGBM,5,0,0,0.2729376339007184
LGBM,5,0,0,0.1491041475327886
LGBM,5,0,0,0.18545201853217486
LGBM,5,0,0,0.1792566433594406
LGBM,5,0,0,0.05365012580429341
LGBM,5,0,0,0.2286076494583372
LGBM,5,1,0,0.38836065846799844
LGBM,5,1,0,0.10016772931661684
LGBM,5,0,0,0.21181904681412583
LGBM,5,0,0,0.0928000830533809
LGBM,5,1,1,0.5430752862895328
LGBM,5,0,0,0.2723496259354928
LGBM,5,0,0,0.028136866287802625
LGBM,5,1,0,0.17344323481882634
LGBM,5,0,0,0.04465724988608322
LGBM,5,1,0,0.19610690301707578
LGBM,5,0,0,0.02563317936717997
LGBM,5,1,0,0.2767468990363797
LGBM,5,1,1,0.8265330238603182
LGBM,5,1,0,0.48775620046876844
LGBM,5,0,1,0.5662986755295359
LGBM,5,0,0,0.13311943574545626
LGBM,5,0,0,0.0819911939640556
LGBM,5,0,0,0.22447828502154948
LGBM,5,0,0,0.13674765047906584
LGBM,5,1,1,0.9570763120125156
LGBM,5,0,0,0.08391125191444501
LGBM,5,0,0,0.14209173566162575
LGBM,5,0,0,0.23595008520061256
LGBM,5,1,0,0.24365497909519265
LGBM,5,1,0,0.39984935741429783
LGBM,5,0,0,0.11695026635579654
LGBM,5,0,0,0.2585908898748166
LGBM,5,0,0,0.1481698437347298
LGBM,5,0,0,0.0560059686798013
LGBM,5,0,0,0.08574752881261713
LGBM,5,0,0,0.4018618963677463
LGBM,5,0,0,0.01332332984475373
LGBM,5,0,0,0.15977637256307964
LGBM,5,0,0,0.008563571236130241
LGBM,5,0,0,0.01822611021127879
LGBM,5,0,0,0.09128606123390799
LGBM,5,0,0,0.02789196657720902
LGBM,5,0,0,0.10613667667496747
LGBM,5,0,0,0.12300097291551938
LGBM,5,0,0,0.060028000661190274
LGBM,5,0,0,0.050659389775425966
LGBM,5,0,0,0.017770468404350273
LGBM,5,0,0,0.21909186165311814
LGBM,5,0,0,0.19030110728433952
LGBM,5,0,0,0.2843128850576763
LGBM,5,0,0,0.21600797489757229
LGBM,5,0,0,0.15429225166643412
LGBM,5,0,0,0.20620410019315769
LGBM,5,1,1,0.8836195212952069
LGBM,5,0,0,0.09461958749739975
LGBM,5,0,0,0.07579745044292414
LGBM,5,0,0,0.026567669836030292
LGBM,5,1,1,0.6947340752098129
LGBM,5,0,0,0.3175766558997273
LGBM,5,0,0,0.11577314802299475
LGBM,5,0,0,0.05608487148227726
LGBM,5,0,0,0.06370565292727748
LGBM,5,1,1,0.9570082043909172
LGBM,5,1,0,0.45746351367566035
LGBM,5,0,1,0.6276813143143773
LGBM,5,1,0,0.37696761691865277
LGBM,5,0,0,0.07639890723300549
LGBM,5,0,0,0.061922939570327275
LGBM,5,0,0,0.0500500434394285
LGBM,5,0,0,0.13487071053022112
LGBM,5,0,0,0.22738753895675295
LGBM,5,1,0,0.24539507796074314
LGBM,5,0,0,0.18803036837485887
LGBM,5,0,0,0.021682363685020203
LGBM,5,0,0,0.127328375222981
LGBM,5,1,1,0.6043869818094726
LGBM,5,0,0,0.18409706923524993
LGBM,5,0,0,0.10611498923321734
LGBM,5,0,1,0.5000239316916263
LGBM,5,1,0,0.055441237747992436
LGBM,5,0,0,0.2432245805321168
LGBM,5,1,0,0.20155655010474374
LGBM,5,1,0,0.12820162370643465
LGBM,5,0,0,0.08947017104075082
LGBM,5,0,0,0.2477020187394216
LGBM,5,0,0,0.3942489167985113
LGBM,5,0,0,0.12270447486066194
LGBM,5,1,0,0.1433249305138125
LGBM,5,0,0,0.40009718704077
LGBM,5,0,0,0.24724291701018178
LGBM,5,0,0,0.04398215387545537
LGBM,5,0,0,0.08595610998936683
LGBM,5,1,0,0.06482289470133307
LGBM,5,0,0,0.26727170889877494
LGBM,5,0,0,0.20879490485136382
LGBM,5,0,0,0.23876383007580054
LGBM,5,0,0,0.15978328902613004
LGBM,5,0,0,0.13094137777250234
LGBM,5,0,0,0.018651286279508385
LGBM,5,0,0,0.06696346150289698
LGBM,5,0,0,0.29545705624643237
LGBM,5,0,0,0.030601909133624403
LGBM,5,0,0,0.1283436483485761
LGBM,5,1,0,0.03466994590547817
LGBM,5,0,0,0.01692802142560129
LGBM,5,1,0,0.3746849885668884
LGBM,5,0,0,0.046700789566364295
LGBM,5,0,0,0.1105699586075533
LGBM,5,0,0,0.15147956776311008
LGBM,5,0,1,0.5833839910968975
LGBM,5,0,0,0.0678577293360439
LGBM,5,0,0,0.0703216375848518
LGBM,5,0,0,0.09421948818745932
LGBM,5,0,0,0.1348980460340901
LGBM,5,0,0,0.18156800249670194
LGBM,5,0,0,0.3228984448600517
LGBM,5,0,0,0.3519814982929772
LGBM,5,1,1,0.6888396005743321
LGBM,5,0,1,0.5686825199128303
LGBM,5,0,0,0.06901700727644472
LGBM,5,0,0,0.20938273223499612
LGBM,5,1,0,0.12523781619116842
LGBM,5,0,0,0.37288418047485244
LGBM,5,0,0,0.09405846163082178
LGBM,5,0,0,0.4203612970166165
LGBM,5,0,0,0.11708409821059489
LGBM,5,0,0,0.07687484026375284
LGBM,5,0,1,0.5067483241793755
LGBM,5,0,0,0.14688642003445013
LGBM,5,0,0,0.2104168628764755
LGBM,5,0,0,0.07215491317355748
LGBM,5,0,0,0.28011411755893567
LGBM,5,0,0,0.39233262058592483
LGBM,5,0,0,0.07736039118529196
LGBM,5,1,1,0.9621387283903358
LGBM,5,0,0,0.490147901182814
LGBM,5,0,0,0.25822750969270836
LGBM,5,0,0,0.14895751630778323
LGBM,5,0,0,0.08358463982125262
LGBM,5,0,0,0.16316841537745233
LGBM,5,0,1,0.7160972625422456
LGBM,5,0,0,0.08480670749751718
LGBM,5,0,0,0.09602670374892429
LGBM,5,0,0,0.053905279335513014
LGBM,5,0,0,0.15718202595133796
LGBM,5,0,0,0.1507982908825029
LGBM,5,1,0,0.4527358021640841
LGBM,5,0,0,0.05129481700297018
LGBM,5,0,0,0.01644745545208164
LGBM,5,1,0,0.12070127277530597
LGBM,5,0,1,0.8591987726027273
LGBM,5,1,1,0.9564772822616494
LGBM,5,0,0,0.08763931476472456
LGBM,5,1,0,0.4849415149957819
LGBM,5,0,0,0.01756036123836253
LGBM,5,0,0,0.04176081246901889
LGBM,5,0,0,0.11414791807110863
LGBM,5,0,0,0.03371750284121711
LGBM,5,0,0,0.0765237250572678
LGBM,5,0,0,0.1754263203502303
LGBM,5,0,1,0.644004762926187
LGBM,5,1,0,0.10941613949490764
LGBM,5,1,0,0.2603500144672266
LGBM,5,0,0,0.3229759725526224
LGBM,5,0,0,0.2083599002448795
LGBM,5,1,0,0.1560545559386415
LGBM,5,0,1,0.668695767243137
LGBM,5,0,0,0.047062279892285765
LGBM,5,0,0,0.07721447684136322
LGBM,5,0,0,0.096140237704775
LGBM,5,0,0,0.1625049690107155
LGBM,5,0,0,0.0742208107897888
LGBM,5,0,1,0.7034487492611499
LGBM,5,0,0,0.1564285586336227
LGBM,5,0,0,0.38184350212103324
LGBM,5,0,0,0.05327060724815678
LGBM,5,0,0,0.2729992204403581
LGBM,5,0,0,0.20639707326062348
LGBM,5,0,1,0.8211228271175376
LGBM,5,0,0,0.032855132111479654
LGBM,5,0,0,0.01679714360174243
LGBM,5,0,0,0.08788633746202702
LGBM,5,0,0,0.010007894220882092
LGBM,5,0,0,0.057877727555085474
LGBM,5,0,0,0.10945519333629267
LGBM,5,1,0,0.258475677535227
LGBM,5,0,0,0.02093463767754567
LGBM,5,0,0,0.06252292725010287
LGBM,5,1,0,0.3310579516198418
LGBM,5,0,0,0.4135265113415658
LGBM,5,0,0,0.059922306851698824
LGBM,5,0,0,0.1740179585411505
LGBM,5,1,1,0.9989734816507528
LGBM,5,1,0,0.11470028847669322
LGBM,5,1,0,0.15752841874142037
LGBM,5,0,0,0.05897492983264444
LGBM,5,0,0,0.2904821058680538
LGBM,5,0,0,0.14769145381369045
LGBM,5,0,0,0.04378625166955742
LGBM,5,1,0,0.11932154462514925
LGBM,5,1,0,0.10137982521933296
LGBM,5,1,1,0.7090115977982394
LGBM,5,0,0,0.09910947938767722
LGBM,5,0,0,0.04445222383194481
LGBM,5,1,0,0.15113541203108583
LGBM,5,0,0,0.15247937247581314
LGBM,5,0,0,0.09465914057046246
LGBM,5,0,0,0.16502625207113752
LGBM,5,0,0,0.1796556722097373
LGBM,5,1,0,0.030701893909315537
LGBM,5,0,0,0.26855837511145647
LGBM,5,0,0,0.024270570800792226
LGBM,5,1,0,0.4230439594821946
LGBM,5,1,0,0.2137072094223667
LGBM,5,0,0,0.0752595530816999
LGBM,5,0,0,0.038254557265618515
LGBM,5,0,0,0.2686164564147971
LGBM,5,0,1,0.6213494969593033
LGBM,5,1,0,0.08010163795614851
LGBM,5,1,0,0.15219922186925403
LGBM,5,0,0,0.10910524514504329
LGBM,5,0,0,0.1296439860020507
LGBM,5,0,0,0.18104418229762706
LGBM,5,0,0,0.027953239864656983
LGBM,5,0,0,0.005980758039489679
LGBM,5,1,0,0.33459229878352525
LGBM,5,0,0,0.1676567487207535
LGBM,5,1,1,0.8261840726105942
LGBM,5,0,0,0.015404646280721435
LGBM,5,0,0,0.19299725022552672
LGBM,5,0,0,0.0036760715192214514
LGBM,5,0,0,0.01725327097357181
LGBM,5,0,0,0.04412560285629691
LGBM,5,0,0,0.027025957614923803
LGBM,5,1,0,0.22412935197401015
LGBM,5,0,0,0.0887055409026258
LGBM,5,0,0,0.3044997891338282
LGBM,5,0,0,0.09390253986485886
LGBM,5,1,0,0.16313506980675038
LGBM,5,0,0,0.2873984373039529
LGBM,5,0,0,0.3469986018421083
LGBM,5,0,0,0.046006995164996456
LGBM,5,0,0,0.23169589614935257
LGBM,5,0,0,0.2197928156488001
LGBM,5,0,0,0.47516280100978253
LGBM,5,0,1,0.5734761908950727
LGBM,5,0,0,0.30616790396877136
LGBM,5,0,0,0.04940146046502708
LGBM,5,1,0,0.047992063891796874
LGBM,5,0,0,0.04625482951059928
LGBM,5,1,1,0.7270020953929025
LGBM,5,0,0,0.03145868948525984
LGBM,5,0,0,0.04038165815939583
LGBM,5,1,0,0.14504975253874178
LGBM,5,1,1,0.6849745554847965
LGBM,5,0,0,0.13309830294620914
LGBM,5,0,0,0.13567654737682186
LGBM,5,0,0,0.039358290426097564
LGBM,5,1,0,0.11250598290333338
LGBM,5,0,0,0.011654537879823009
LGBM,5,0,0,0.04697194850943086
LGBM,5,0,0,0.1487771050504529
LGBM,5,0,0,0.14233962142762047
LGBM,5,0,0,0.1433579288219493
LGBM,5,0,0,0.24492134391252818
LGBM,5,0,0,0.022577664448567344
LGBM,5,0,0,0.1234407441123121
LGBM,5,0,0,0.06067092847615072
LGBM,5,0,0,0.09936929751567036
LGBM,5,0,0,0.28497539474299416
LGBM,5,0,0,0.07609916444278907
LGBM,5,0,0,0.12436538103798032
LGBM,5,0,0,0.07802611573404547
LGBM,5,0,0,0.365492488427563
LGBM,5,0,0,0.14479124030848162
LGBM,5,0,0,0.2447664264855937
LGBM,5,0,0,0.08528910180935191
LGBM,5,1,0,0.38987722524076723
LGBM,5,0,0,0.1462980863471371
LGBM,5,0,0,0.13392928307218396
LGBM,5,0,0,0.03647623005637421
LGBM,5,0,0,0.25785171163951104
LGBM,5,0,0,0.12512823896356257
LGBM,5,1,0,0.2109994460520276
LGBM,5,0,0,0.011349837214191048
LGBM,5,0,0,0.295539231539171
LGBM,5,0,0,0.08453855068807405
LGBM,5,0,0,0.4289862745319301
LGBM,5,0,0,0.017719189463324805
LGBM,5,0,0,0.17664791708938118
LGBM,5,0,0,0.25209865570493145
LGBM,5,0,0,0.08317565766934965
LGBM,5,0,0,0.359337598597223
LGBM,5,0,0,0.11903259463277407
LGBM,5,0,0,0.1218012366957303
LGBM,5,0,0,0.2785288380084332
LGBM,5,0,0,0.09659316789282255
LGBM,5,0,0,0.11316436927384015
LGBM,5,0,0,0.12440668383517649
LGBM,5,0,0,0.0753007890086763
LGBM,5,0,0,0.349536171934355
LGBM,5,1,1,0.5153132360834571
LGBM,5,1,0,0.3399690074379097
LGBM,5,1,1,0.9995728862349375
LGBM,5,1,0,0.3390117306928834
LGBM,5,1,0,0.0209291185593405
LGBM,5,1,0,0.30560455537249065
LGBM,5,1,1,0.6016914172519963
LGBM,5,1,0,0.35613900448886227
LGBM,5,0,0,0.10660739869890813
LGBM,5,0,0,0.12630821535766665
LGBM,5,1,0,0.10228507199282057
LGBM,5,1,0,0.06369173418457073
LGBM,5,0,0,0.14763031766824455
LGBM,5,0,0,0.03757590513815454
LGBM,5,0,0,0.018037517563378604
LGBM,5,0,0,0.36248902185383525
LGBM,5,1,0,0.03960777389706092
LGBM,5,1,0,0.32300471059436364
LGBM,5,1,0,0.0859617138291249
LGBM,5,0,0,0.26385434615001657
LGBM,5,0,0,0.02493723607666195
LGBM,5,0,0,0.18902484543413042
LGBM,5,0,0,0.2870169899930395
LGBM,5,0,0,0.25257787093812
LGBM,5,1,0,0.12837488500654426
LGBM,5,0,0,0.3339712306800789
LGBM,5,0,0,0.45888385518584174
LGBM,5,0,0,0.3489283364065486
LGBM,5,0,1,0.756174909221693
LGBM,5,0,0,0.15109699383482
LGBM,5,0,1,0.5447921715440273
LGBM,5,1,0,0.3023211456087575
LGBM,5,1,0,0.02263142902130705
LGBM,5,0,0,0.07512022142761968
LGBM,5,0,0,0.06003480019236068
LGBM,5,0,0,0.023873407416615443
LGBM,5,0,0,0.02080387448189071
LGBM,5,0,0,0.07944643051055264
LGBM,5,0,0,0.41972899084255577
LGBM,5,0,1,0.8336419679736523
LGBM,5,0,0,0.04469888365385999
LGBM,5,0,0,0.10301437587930931
LGBM,5,0,1,0.8733811666835256
LGBM,5,0,0,0.2398048205574469
LGBM,5,0,0,0.19713021998887703
LGBM,5,0,1,0.7602088943506514
LGBM,5,0,0,0.032497131612616116
LGBM,5,0,0,0.033481705258901484
LGBM,5,0,0,0.04727187605057987
LGBM,5,0,0,0.02633076738931698
LGBM,5,0,0,0.36999132244039534
LGBM,5,1,0,0.3374434945539805
LGBM,5,0,0,0.3177330313476722
LGBM,5,0,0,0.01848561347240261
LGBM,5,0,0,0.06395833186216802
LGBM,5,0,0,0.3125240201240979
LGBM,5,0,0,0.2722630202786423
LGBM,5,0,1,0.673611122901219
LGBM,5,0,0,0.12421175828906182
LGBM,5,0,1,0.589762824666355
LGBM,5,0,0,0.0740824527198167
LGBM,5,0,0,0.44499749809544253
LGBM,5,1,0,0.18028305992386084
LGBM,5,0,0,0.00911268288777762
LGBM,5,0,0,0.4501725446629568
LGBM,5,0,0,0.05830937733813554
LGBM,5,0,1,0.520056767316054
LGBM,5,1,1,0.7915714421919862
LGBM,5,0,0,0.0255600846198066
LGBM,5,0,0,0.012227462061296062
LGBM,5,1,0,0.014018882911801372
LGBM,5,1,1,0.7405495052151378
LGBM,5,1,1,0.7287277461868066
LGBM,5,0,0,0.0817409817417105
LGBM,5,0,0,0.18689645812977485
LGBM,5,0,0,0.45240056314300575
LGBM,5,1,1,0.8450664069048539
LGBM,5,1,0,0.10369106884744735
LGBM,5,0,0,0.3103947329697912
LGBM,5,1,0,0.18332694412167574
LGBM,5,0,0,0.14144173770066978
LGBM,5,0,0,0.11864640005838037
LGBM,5,0,0,0.10188233521062169
LGBM,5,0,0,0.03586809061159635
LGBM,5,1,1,0.5704589100290752
LGBM,5,0,0,0.1690255370399923
LGBM,5,0,0,0.11058006245735268
LGBM,5,0,1,0.6392651026810521
LGBM,5,0,0,0.06324952167828174
LGBM,5,0,0,0.05772640532060791
LGBM,5,0,0,0.016920860739213426
LGBM,5,0,0,0.3669506357864591
LGBM,5,0,0,0.030774460782126346
LGBM,5,0,0,0.20974367609077826
LGBM,5,0,0,0.15152229087173025
LGBM,5,1,0,0.16709583989273932
LGBM,5,0,0,0.09728926188624043
LGBM,5,1,0,0.07792331911941143
LGBM,5,0,0,0.4050919864202729
LGBM,5,0,0,0.16291831622519895
LGBM,5,0,1,0.5399857147064312
LGBM,5,0,0,0.1267853566886225
LGBM,5,0,0,0.02969559801204317
LGBM,5,0,0,0.08833673089906738
LGBM,5,0,0,0.2285225249058218
LGBM,5,0,0,0.05960484815760579
LGBM,5,1,0,0.3089498090947776
LGBM,5,0,0,0.03846016676146529
LGBM,5,0,0,0.016313611364221436
LGBM,5,0,1,0.7661451605045806
LGBM,5,0,0,0.4798780007256682
LGBM,5,1,0,0.08979944507147844
LGBM,5,0,0,0.19948690506848396
LGBM,5,1,0,0.3870442115378561
LGBM,5,0,0,0.016243812367848446
LGBM,5,0,0,0.23720842929606284
LGBM,5,0,0,0.21193505731839715
LGBM,5,0,0,0.051817513438147306
LGBM,5,1,0,0.2522851723019922
LGBM,5,0,0,0.10598479913276779
LGBM,5,0,0,0.07535232063483474
LGBM,5,0,0,0.046473432594220015
LGBM,5,0,1,0.6014183625546425
LGBM,5,0,0,0.3755013000945057
LGBM,5,0,0,0.1427835085258936
LGBM,5,0,1,0.535170053028307
LGBM,5,0,0,0.16542001964970318
LGBM,5,0,0,0.052152207400608754
LGBM,5,0,0,0.13910113274681976
LGBM,5,0,0,0.2197843584028224
LGBM,5,0,0,0.04888031719556403
LGBM,5,0,0,0.16729142945837464
LGBM,5,0,0,0.13633621202454618
LGBM,5,0,0,0.05336366150959437
LGBM,5,1,0,0.10002945099751945
LGBM,5,1,1,0.9590198812021997
LGBM,5,1,1,0.6321488117959702
LGBM,5,0,0,0.4257743246110318
LGBM,5,0,0,0.09073669725879312
LGBM,5,0,0,0.029081767790045572
LGBM,5,0,0,0.11501009783596265
LGBM,5,0,0,0.20142662389163438
LGBM,5,0,0,0.15384254740262193
LGBM,5,1,0,0.1977343894048737
LGBM,5,1,0,0.09180388035816811
LGBM,5,1,0,0.39508512192152295
LGBM,5,1,0,0.1869203184204999
LGBM,5,0,1,0.5605580240297736
LGBM,5,0,0,0.2667545888982694
LGBM,5,0,0,0.35470363609716377
LGBM,5,0,0,0.049931297211618604
LGBM,5,0,0,0.06985697144092877
LGBM,5,0,0,0.02434643182972084
LGBM,5,0,0,0.2339267673256439
LGBM,5,0,0,0.15839792670120395
LGBM,5,0,0,0.22692379305898877
LGBM,5,0,0,0.1177686172476044
LGBM,5,1,0,0.36047443415273905
LGBM,5,0,0,0.09294093303265888
LGBM,5,0,1,0.5376122936208646
LGBM,5,0,1,0.9239320992237274
LGBM,5,1,0,0.28618565545551505
LGBM,5,1,0,0.2690761148304434
LGBM,5,0,0,0.10944126413320315
LGBM,5,1,0,0.046984641796994776
LGBM,5,1,0,0.05730473776026092
LGBM,5,1,1,0.7582137740925052
LGBM,5,1,0,0.26811665859141554
LGBM,5,1,0,0.012779055016388867
LGBM,5,1,1,0.5931481470533901
LGBM,5,1,0,0.29478916235571573
LGBM,5,0,0,0.1563575433123473
LGBM,5,0,0,0.18928130263775916
LGBM,5,0,0,0.07671997820236545
LGBM,5,1,0,0.21495856950339545
LGBM,5,1,0,0.13970432603189217
LGBM,5,1,0,0.08713514707920286
LGBM,5,0,0,0.06453407173106981
LGBM,5,0,0,0.2987823087456787
LGBM,5,0,0,0.03859637610841134
LGBM,5,0,0,0.08392364519163406
LGBM,5,0,0,0.17277794458260334
LGBM,5,0,0,0.19947164579163756
LGBM,5,0,0,0.08582729877876608
LGBM,5,0,0,0.19340742777909428
LGBM,5,0,0,0.11671460328765038
LGBM,5,0,0,0.02685326015147904
LGBM,5,1,0,0.14149806416785313
LGBM,5,0,1,0.7577994023029825
LGBM,5,0,0,0.06864144291161045
LGBM,5,0,0,0.05519172235030024
LGBM,5,0,1,0.5864536979456259
LGBM,5,0,0,0.06346913145178634
LGBM,5,0,0,0.09732197859687242
LGBM,5,0,0,0.10341760858731766
LGBM,5,0,0,0.1507614888220879
LGBM,5,0,0,0.21866655395959936
LGBM,5,0,1,0.5707292196543515
LGBM,5,0,0,0.06769137868985325
LGBM,5,0,0,0.16400146472739116
LGBM,5,1,0,0.07104867810943186
LGBM,5,0,0,0.1556785180489885
LGBM,5,0,0,0.451830643822301
LGBM,5,0,0,0.08374178704695849
LGBM,5,1,0,0.16922882277002013
LGBM,5,0,0,0.022432845925047015
LGBM,5,0,0,0.039177641134702935
LGBM,5,0,0,0.010458156639591416
LGBM,5,0,0,0.2168514495542194
LGBM,5,0,0,0.19320354324212435
LGBM,5,1,1,0.7960510472044134
LGBM,5,1,0,0.3662105389698182
LGBM,5,0,0,0.03183560362510943
LGBM,5,0,0,0.32568563979738524
LGBM,5,1,0,0.16698865048036643
LGBM,5,1,1,0.937313529378433
LGBM,5,0,0,0.26347512783500354
LGBM,5,0,0,0.1912640587832839
LGBM,5,1,1,0.9987862069682186
LGBM,5,1,0,0.42335019679726715
LGBM,5,0,1,0.6343694665696243
LGBM,5,1,1,0.6666303718555444
LGBM,5,1,0,0.4173471582346738
LGBM,5,0,0,0.18622269046658954
LGBM,5,0,0,0.46050383883923124
LGBM,5,0,0,0.19039595609135093
LGBM,5,0,0,0.13743978395986958
LGBM,5,1,1,0.9807325497171507
LGBM,5,0,0,0.3151417848596437
LGBM,5,0,0,0.4346625131236076
LGBM,5,1,1,0.9255156432887145
LGBM,5,0,0,0.1516606054593829
LGBM,5,0,0,0.1443987079083768
LGBM,5,0,1,0.6327981882376101
LGBM,5,0,0,0.4003547044508754
LGBM,5,0,0,0.0694081970875793
LGBM,5,0,0,0.15720758311917857
LGBM,5,0,0,0.3016788135565981
LGBM,5,1,1,0.9989763692343051
LGBM,5,1,0,0.20715088381144595
LGBM,5,0,0,0.22879479420064514
LGBM,5,0,0,0.06076994602717244
LGBM,5,0,0,0.14611119535093278
LGBM,5,1,0,0.008357189869628419
LGBM,5,0,0,0.08861975066386615
LGBM,5,0,0,0.05071808790529811
LGBM,5,0,0,0.23566744068971837
LGBM,5,0,0,0.16758013675756878
LGBM,5,0,1,0.6840128505901425
LGBM,5,0,0,0.08667787636909992
LGBM,5,0,0,0.25538522113640666
LGBM,5,0,0,0.19156509813164735
LGBM,5,0,0,0.13616578139247215
LGBM,5,0,1,0.5370824869431007
LGBM,5,0,0,0.2633100547703882
LGBM,5,0,0,0.023970972414020197
LGBM,5,0,0,0.463584224528367
LGBM,5,0,0,0.4508747303681613
LGBM,5,0,0,0.3165917585120156
LGBM,5,0,0,0.227317590420125
LGBM,5,0,0,0.15143818915424376
LGBM,5,0,0,0.0501582488989133
LGBM,5,1,0,0.10747544250786674
LGBM,5,0,0,0.007167675351147256
LGBM,5,0,1,0.9333197932593915
LGBM,5,0,0,0.2808323154305744
LGBM,5,1,0,0.1337893989754249
LGBM,5,0,0,0.02756594838099327
LGBM,5,0,1,0.5407910780874983
LGBM,5,1,0,0.01277048468879614
LGBM,5,0,0,0.32919365687100954
LGBM,5,0,0,0.21586413376512778
LGBM,5,1,1,0.7887249336509302
LGBM,5,0,0,0.07576672874983713
LGBM,5,1,0,0.11588896290478569
LGBM,5,0,0,0.017613020949451715
LGBM,5,0,0,0.1655514767331129
LGBM,5,0,0,0.33508065327682574
LGBM,5,0,0,0.1839351061092948
LGBM,5,0,0,0.08665029098790511
LGBM,5,0,0,0.01713609048981015
LGBM,5,0,0,0.0280442836107862
LGBM,5,0,0,0.03709932115080981
LGBM,5,0,0,0.15669560369673316
LGBM,5,1,1,0.5326739879847527
LGBM,5,0,0,0.1346470422080564
LGBM,5,0,0,0.14075269628595413
LGBM,5,1,1,0.7797814153233797
LGBM,5,0,0,0.17773862771725196
LGBM,5,0,0,0.3575907111885237
LGBM,5,0,0,0.011193737950565804
LGBM,5,0,0,0.19100003245353667
LGBM,5,1,0,0.17180283205028535
LGBM,5,0,0,0.13555540222722398
LGBM,5,0,1,0.7837692739303042
LGBM,5,0,1,0.5097227260099635
LGBM,5,0,0,0.22412366585734447
LGBM,5,0,1,0.6832108405496335
LGBM,5,0,0,0.2587341173173858
LGBM,5,0,0,0.06274192685874468
LGBM,5,0,0,0.038027161688519065
LGBM,5,0,0,0.28579308735183084
LGBM,5,1,0,0.1940081563431569
LGBM,5,0,0,0.011100830462347742
LGBM,5,0,1,0.5337343098206367
LGBM,5,0,0,0.0641857714692989
LGBM,5,0,0,0.06260748964338327
LGBM,5,0,0,0.01679758261803061
LGBM,5,0,0,0.3587880409196116
LGBM,5,0,0,0.21999596963894497
LGBM,5,0,0,0.17594233515113514
LGBM,5,0,0,0.19839811815166147
LGBM,5,0,0,0.45696611312713953
LGBM,5,0,0,0.20744562545753625
LGBM,5,0,0,0.050104735860505824
LGBM,5,0,0,0.08884807892250213
LGBM,5,0,0,0.03985209149566237
LGBM,5,0,1,0.619907129058498
LGBM,5,0,0,0.17475643137634833
LGBM,5,0,0,0.048213130658673574
LGBM,5,0,0,0.23888317789878888
LGBM,5,0,0,0.07718490322824652
LGBM,5,0,0,0.40000361233618886
LGBM,5,0,0,0.11645422490356294
LGBM,5,0,0,0.318771222762998
LGBM,5,0,0,0.23474560862181262
LGBM,5,1,1,0.798059631064727
LGBM,5,0,0,0.08129034340598308
LGBM,5,0,1,0.8737842308049975
LGBM,5,0,0,0.06306838865577764
LGBM,5,0,0,0.02022157421689981
LGBM,5,0,0,0.039119424827854056
LGBM,5,1,1,0.6883813994534621
LGBM,5,1,0,0.21984393961114831
LGBM,5,0,0,0.08178731019640163
LGBM,5,1,0,0.3672510224023741
LGBM,5,1,0,0.20419737228896087
LGBM,5,0,0,0.1143700078084498
LGBM,5,0,0,0.02414004359482282
LGBM,5,0,0,0.15280397854302818
LGBM,5,1,0,0.4054794112468313
LGBM,5,0,0,0.24814427111708576
LGBM,5,1,1,0.9666760918561976
LGBM,5,1,1,0.7109559527100391
LGBM,5,0,0,0.07361651273290061
LGBM,5,0,0,0.43124997710384533
LGBM,5,0,0,0.01446326682322226
LGBM,5,1,1,0.748989075728465
LGBM,5,0,1,0.5057612943664596
LGBM,5,0,0,0.11361735445420026
LGBM,5,1,1,0.903636370504137
LGBM,5,0,0,0.04889629909925086
LGBM,5,0,1,0.5526941651022813
LGBM,5,0,0,0.012754796269390172
LGBM,5,0,0,0.09647088397247494
LGBM,5,0,0,0.051193662299109696
LGBM,5,0,0,0.185246193557313
LGBM,5,0,0,0.06545569027221049
LGBM,5,0,0,0.1358725840008547
LGBM,5,1,0,0.05171080482563076
LGBM,5,0,0,0.03430412858683304
LGBM,5,1,0,0.22652090616635073
LGBM,5,1,1,0.7811235321611644
LGBM,5,0,0,0.29355464572723416
LGBM,5,0,0,0.027353151725628615
LGBM,5,0,0,0.01613780028470562
LGBM,5,0,0,0.11134239675515048
LGBM,5,0,0,0.2023127617411371
LGBM,5,0,0,0.2253812848165912
LGBM,5,0,0,0.07294368921000167
LGBM,5,1,0,0.07167383820237327
LGBM,5,0,0,0.020496374840460956
LGBM,5,0,0,0.1829919089799794
LGBM,5,0,0,0.12291061764906805
LGBM,5,0,0,0.1044519045282362
LGBM,5,0,0,0.01771641446397047
LGBM,5,0,0,0.031981980791440504
LGBM,5,0,1,0.5646086517209218
LGBM,5,0,0,0.05388540657633729
LGBM,5,0,0,0.12099777868171033
LGBM,5,0,0,0.136885639438256
LGBM,5,0,0,0.015900370327177803
LGBM,5,1,0,0.39158128967397615
LGBM,5,1,0,0.04153904386204636
LGBM,5,0,0,0.13173013470561462
LGBM,5,0,0,0.20478542301248706
LGBM,5,0,0,0.060630764703661855
LGBM,5,0,1,0.7742357847755901
LGBM,5,1,0,0.34684667625696985
LGBM,5,0,0,0.13744529897686641
LGBM,5,0,0,0.2373017338645392
LGBM,5,0,0,0.058472820293514916
LGBM,5,0,1,0.5599074280538372
LGBM,5,0,0,0.40443945355713673
LGBM,5,0,0,0.08007782144666482
LGBM,5,0,0,0.23125889817537829
LGBM,5,0,0,0.15560930117482083
LGBM,5,0,0,0.12774128455385697
LGBM,5,0,0,0.09736095190986424
LGBM,5,0,0,0.14860146123269113
LGBM,5,0,1,0.6554878244324904
LGBM,5,0,0,0.163178111129125
LGBM,5,0,0,0.13440598422051733
LGBM,5,0,0,0.16662635259865657
LGBM,5,0,0,0.23070289099354996
LGBM,5,0,0,0.014519406371124153
LGBM,5,0,0,0.1249050707643287
LGBM,5,0,0,0.15734379306665208
LGBM,5,0,1,0.619432081425568
LGBM,5,0,0,0.15626419087583127
LGBM,5,0,0,0.18122432274793546
LGBM,5,0,0,0.13242289424983864
LGBM,5,1,1,0.823726693565906
LGBM,5,1,0,0.19812726094530628
LGBM,5,1,0,0.08227066523328878
LGBM,5,0,0,0.17208208682733694
LGBM,5,0,0,0.3128653566594998
LGBM,5,1,0,0.2668613225250109
LGBM,5,0,0,0.2238219783098095
LGBM,5,0,0,0.05705877717509712
LGBM,5,1,0,0.38119058959134017
LGBM,5,0,0,0.19970389949113743
LGBM,5,1,1,0.8530472137438021
LGBM,5,0,0,0.14066969803683202
LGBM,5,1,0,0.27886539809354083
LGBM,5,1,0,0.19395684747478728
LGBM,5,0,0,0.09943125537962506
LGBM,5,1,0,0.3463454240505079
LGBM,5,0,0,0.017951356656796986
LGBM,5,0,0,0.022049203192248675
LGBM,5,0,0,0.05990737716749975
LGBM,5,0,0,0.0749868411614784
LGBM,5,0,0,0.47395431570733176
LGBM,5,0,0,0.3997843530943325
LGBM,5,0,0,0.1641047983857555
LGBM,5,1,0,0.2948994726734591
LGBM,5,1,0,0.492181123292162
LGBM,5,0,0,0.12333191705782172
LGBM,5,0,0,0.23046380940754535
LGBM,5,0,0,0.16973271821630603
LGBM,5,0,0,0.4427700654824267
LGBM,5,0,0,0.1475826083305303
LGBM,5,0,0,0.3110972637842265
LGBM,5,0,0,0.2216250833669755
LGBM,5,0,0,0.3325283879369916
LGBM,5,0,0,0.2966779295173625
LGBM,5,0,0,0.4707248397667511
LGBM,5,0,0,0.09899186656737259
LGBM,5,0,0,0.12461299508627278
LGBM,5,0,0,0.34915353699611906
LGBM,5,1,0,0.49791401485565245
LGBM,5,0,0,0.09383267451301253
LGBM,5,0,0,0.07918208816018303
LGBM,5,0,0,0.2806292713819882
LGBM,5,0,0,0.0861141367849475
LGBM,5,0,0,0.3461443733532031
LGBM,5,0,0,0.3183910424933023
LGBM,5,0,0,0.25381303829851704
LGBM,5,1,0,0.06983685552592837
LGBM,5,0,0,0.10508860625270806
LGBM,5,0,0,0.1509130687094669
LGBM,5,0,0,0.017542670722556275
LGBM,5,0,0,0.03222925197608768
LGBM,5,0,0,0.07404703074469948
LGBM,5,1,0,0.24556134956721307
LGBM,5,1,0,0.15838141482837234
LGBM,5,0,0,0.04689565059420347
LGBM,5,0,0,0.06837099424994364
LGBM,5,1,0,0.35552987929106056
LGBM,5,0,0,0.3710567483546659
LGBM,5,0,0,0.11185196392013409
LGBM,5,0,0,0.15897357469879608
LGBM,5,0,0,0.04365993198458423
LGBM,5,1,0,0.3338793060741139
LGBM,5,0,0,0.11219831592429913
LGBM,5,0,0,0.12040555037846053
LGBM,5,0,0,0.31122804357777323
LGBM,5,1,0,0.44884959814722336
LGBM,5,0,0,0.3575834871723493
LGBM,5,0,0,0.14851973041233915
LGBM,5,0,0,0.11897416643940292
LGBM,5,0,0,0.08411002947715276
LGBM,5,1,0,0.2540785049022704
LGBM,5,0,0,0.018345076732340978
LGBM,5,1,0,0.30235041922694655
LGBM,5,1,0,0.10089546461940488
LGBM,5,0,0,0.4078225189079487
LGBM,5,0,0,0.023324711427829745
LGBM,5,1,0,0.3576541802106868
LGBM,5,0,0,0.17660573769022553
LGBM,5,0,0,0.04067139063301728
LGBM,5,0,0,0.024632197622156217
LGBM,5,0,0,0.006213904319017267
LGBM,5,1,0,0.14724095175617335
LGBM,5,0,0,0.09978893240659442
LGBM,5,1,1,0.5825502195377158
LGBM,5,1,1,0.9884060966962293
LGBM,5,1,1,0.9502714011604307
LGBM,5,0,1,0.6331563482794265
LGBM,5,1,0,0.25809232081878897
LGBM,5,0,0,0.1732420499247587
LGBM,5,0,1,0.515354595073531
LGBM,5,0,0,0.06657914482849454
LGBM,5,1,0,0.49792376981217407
LGBM,5,0,0,0.18464784640866977
LGBM,5,1,0,0.04042709903435291
LGBM,5,1,0,0.038227149882987234
LGBM,5,0,0,0.1829950178121358
LGBM,5,0,0,0.07666997043706222
LGBM,5,0,0,0.2710613684877171
LGBM,5,0,0,0.04354071114732222
LGBM,5,1,0,0.16749355937783897
LGBM,5,1,1,0.9821852897009471
LGBM,5,0,0,0.14504197925384496
LGBM,5,0,0,0.18453572002598395
LGBM,5,1,0,0.1408637714152282
LGBM,5,0,0,0.10095721515652127
LGBM,5,0,0,0.0784779535463651
LGBM,5,0,0,0.29334511612323055
LGBM,5,1,1,0.6678286561996247
LGBM,5,0,0,0.10341230981594596
LGBM,5,0,0,0.11223165125706415
LGBM,5,0,0,0.0928507871963436
LGBM,5,1,0,0.23966388068664615
LGBM,5,1,1,0.9899448565281038
LGBM,5,0,0,0.025595660528623842
LGBM,5,1,1,0.8896969204323072
LGBM,5,0,0,0.09541220087978682
LGBM,5,0,0,0.057487089427019036
LGBM,5,0,0,0.17305785636826398
LGBM,5,0,0,0.12192322794709576
LGBM,5,0,0,0.14330903173387635
LGBM,5,0,0,0.14939598682354557
LGBM,5,0,0,0.10155433369370112
LGBM,5,0,1,0.7375274485534419
LGBM,5,0,0,0.09143478625131359
LGBM,5,0,0,0.06706440696270352
LGBM,5,0,1,0.5329079855487489
LGBM,5,1,0,0.2621289647042894
LGBM,5,0,0,0.05258078505397521
LGBM,5,0,0,0.14492407504990049
LGBM,5,0,0,0.2146821636261816
LGBM,5,0,0,0.042081800101597476
LGBM,5,0,0,0.014441196903615297
LGBM,5,0,0,0.11151432281518316
LGBM,5,0,0,0.3140589522593581
LGBM,5,0,0,0.45502574790047234
LGBM,5,0,0,0.3121554023781295
LGBM,5,0,1,0.7779989495711669
LGBM,5,1,0,0.07335808492963175
LGBM,5,0,1,0.5095181765737586
LGBM,5,1,1,0.6275578648513891
LGBM,5,0,0,0.18043156307291833
LGBM,5,0,0,0.3600284714867848
LGBM,5,0,0,0.056572096106564954
LGBM,5,0,0,0.21973117064193826
LGBM,5,0,0,0.07430969700923072
LGBM,5,0,0,0.07328067935755855
LGBM,5,0,0,0.47633668719270245
LGBM,5,0,1,0.8326819812040167
LGBM,5,0,1,0.8319309358405597
LGBM,5,0,0,0.4954709940683424
LGBM,5,0,0,0.19464637197315807
LGBM,5,0,0,0.12650258427404035
LGBM,5,0,0,0.01825958535646535
LGBM,5,0,0,0.033034986310812975
LGBM,5,0,1,0.9027286540050086
LGBM,5,1,0,0.44419827526399847
LGBM,5,0,0,0.12963364993393633
LGBM,5,1,0,0.0632749700392313
LGBM,5,0,0,0.1202138167002549
LGBM,5,0,0,0.04959131582513577
LGBM,5,0,0,0.17114620427579014
LGBM,5,0,0,0.0809550171349219
LGBM,5,1,0,0.04868466220459584
LGBM,5,0,0,0.11241349789870397
LGBM,5,0,0,0.05837203746998398
LGBM,5,0,0,0.15733697251059336
LGBM,5,0,0,0.0871069613041144
LGBM,5,0,0,0.023169563352955235
LGBM,5,0,1,0.7223550344177745
LGBM,5,0,0,0.3361643014018872
LGBM,5,1,1,0.6879918032360065
LGBM,5,0,0,0.15468349855559096
LGBM,5,0,1,0.5592819568864401
LGBM,5,0,0,0.06739589584329846
LGBM,5,0,0,0.012032418059533057
LGBM,5,1,0,0.12889199769668994
LGBM,5,0,0,0.02221759448657721
LGBM,5,1,0,0.11073426992461811
LGBM,5,0,0,0.0632749700392313
LGBM,5,1,0,0.12443345679048678
LGBM,5,0,1,0.6290367039630533
LGBM,5,1,0,0.44795627581591013
LGBM,5,0,1,0.6710718150551194
LGBM,5,0,0,0.05927022699446134
LGBM,5,0,0,0.04104836392189822
LGBM,5,1,0,0.0931857742732555
LGBM,5,0,0,0.10221717657689436
LGBM,5,1,0,0.17808659032535865
LGBM,5,0,0,0.14452853786751085
LGBM,5,1,0,0.28350637737819656
LGBM,5,0,0,0.06000354815863911
LGBM,5,0,0,0.11559026147843172
LGBM,5,1,0,0.2071575532983927
LGBM,5,0,0,0.4248134401442336
LGBM,5,0,0,0.17882434919787285
LGBM,5,1,0,0.28994384641919374
LGBM,5,0,0,0.4085252648297753
LGBM,5,1,0,0.11701133887434048
LGBM,5,1,0,0.0600932778633935
LGBM,5,0,1,0.948614057755501
LGBM,5,0,0,0.2998898809932371
LGBM,5,0,0,0.08479637343723892
LGBM,5,0,1,0.8783311006274572
LGBM,5,0,0,0.1202099605583565
LGBM,5,0,0,0.002012122374727661
LGBM,5,0,1,0.5675379794459382
LGBM,5,0,0,0.19355859949038826
LGBM,5,0,0,0.0756046356128016
LGBM,5,0,0,0.2374380044302874
LGBM,5,1,0,0.15963227152650603
LGBM,5,1,0,0.07298546971098327
LGBM,5,0,0,0.27752425487048743
LGBM,5,0,0,0.4068172284595015
LGBM,5,0,0,0.17259543651634884
LGBM,5,0,0,0.1433741986536678
LGBM,5,0,0,0.1883498117369592
LGBM,5,1,1,0.7436046977944114
LGBM,5,0,1,0.6275505355318631
LGBM,5,0,0,0.20858353503644847
LGBM,5,0,0,0.07708541841960181
LGBM,5,1,1,0.601654099107412
LGBM,5,0,0,0.17137511806782618
LGBM,5,0,0,0.39144852132829827
LGBM,5,0,0,0.011692932374827929
LGBM,5,0,0,0.08273397218235308
LGBM,5,0,0,0.03984844540323111
LGBM,5,1,0,0.42634375517771333
LGBM,5,0,0,0.2265205859105591
LGBM,5,0,0,0.11361006087182578
LGBM,5,1,0,0.39700751407682366
LGBM,5,0,0,0.34070006127436453
LGBM,5,0,0,0.4245630165343749
LGBM,5,1,1,0.6571615199513713
LGBM,5,0,1,0.5154658655483054
LGBM,5,0,0,0.09321347441985839
LGBM,5,1,0,0.10279659646899758
LGBM,5,0,0,0.01870089755281336
LGBM,5,0,0,0.05314444557031777
LGBM,5,0,0,0.17856313769587862
LGBM,5,0,0,0.05648307900766378
LGBM,5,1,1,0.8245791347297609
LGBM,5,0,0,0.04227034695119693
LGBM,5,0,0,0.28017252934611714
LGBM,5,0,0,0.08783183461439026
LGBM,5,0,0,0.4108172243423681
LGBM,5,0,0,0.04055306174703078
LGBM,5,0,0,0.054915924483456044
LGBM,5,1,0,0.0806456945330385
LGBM,5,0,0,0.0567274252446106
LGBM,5,1,0,0.3829411927556126
LGBM,5,1,0,0.056191407055325514
LGBM,5,0,0,0.2637511722364982
LGBM,5,1,0,0.2405973889704168
LGBM,5,0,0,0.2014035294303687
LGBM,5,0,1,0.5632213534414708
LGBM,5,1,0,0.4005699454979669
LGBM,5,0,0,0.28193993198972883
LGBM,5,0,0,0.13779039786315855
LGBM,5,0,1,0.5785270341485542
LGBM,5,0,0,0.15098002210102346
LGBM,5,0,0,0.05457566120003491
LGBM,5,0,0,0.22667067454856604
LGBM,5,1,0,0.41785214072714305
LGBM,5,0,0,0.03752142728420275
LGBM,5,0,0,0.26172685123335154
LGBM,5,0,0,0.029731117307372
LGBM,5,0,0,0.1321559812035906
LGBM,5,1,0,0.3622422366611523
LGBM,5,1,0,0.07042700785298124
LGBM,5,1,1,0.7720571196113911
LGBM,5,1,0,0.06055522992351961
LGBM,5,0,0,0.019412370575505104
LGBM,5,1,1,0.934218597765669
LGBM,5,1,0,0.23290497625212486
LGBM,5,0,0,0.2663575718512294
LGBM,5,0,0,0.16448374840978103
LGBM,5,0,0,0.0223411290888378
LGBM,5,0,0,0.34150991705940714
LGBM,5,1,0,0.04185608793233047
LGBM,5,0,0,0.11966651595705038
LGBM,5,1,0,0.11296956714870553
LGBM,5,0,0,0.06298064490573638
LGBM,5,0,0,0.08385651684085517
LGBM,5,0,0,0.25544525033724186
LGBM,5,0,0,0.2456107603543817
LGBM,5,1,0,0.08348961825735736
LGBM,5,0,0,0.09462209349629
LGBM,5,0,0,0.09488453852172751
LGBM,5,0,0,0.09246783120614147
LGBM,5,0,1,0.6300465566265467
LGBM,5,0,0,0.38243214721933366
LGBM,5,0,0,0.11751757232671439
LGBM,5,0,0,0.22266184083479695
LGBM,5,1,1,0.8935376799442589
LGBM,5,0,0,0.04112472452839411
LGBM,5,0,0,0.19977770136217018
LGBM,5,0,1,0.7787301696952954
LGBM,5,0,0,0.2690173610685855
LGBM,5,0,0,0.3418095002334307
LGBM,5,0,0,0.2575070013841058
LGBM,5,0,0,0.17536819192583272
LGBM,5,1,0,0.21534803077481124
LGBM,5,1,0,0.10515313887984885
LGBM,5,0,0,0.06888491958304134
LGBM,5,1,0,0.1425423854870299
LGBM,5,1,0,0.3612365055386353
LGBM,5,0,0,0.05321216151159373
LGBM,5,0,0,0.13239779393577625
LGBM,5,1,0,0.2987861496551193
LGBM,5,0,0,0.169797397261187
LGBM,5,0,0,0.025329406340393004
LGBM,5,0,0,0.03621692692315931
LGBM,5,0,0,0.09885587621048265
LGBM,5,0,0,0.17420535512656868
LGBM,5,0,0,0.20754241662357295
LGBM,5,1,0,0.049364898518280007
LGBM,5,0,0,0.01690430165803528
LGBM,5,0,0,0.04993084635873567
LGBM,5,0,0,0.2230577185008916
LGBM,5,0,0,0.09333087419354438
LGBM,5,0,1,0.5110716163644106
LGBM,5,1,0,0.09311627584789477
LGBM,5,0,0,0.09917918790851031
LGBM,5,0,0,0.24704021775469562
LGBM,5,0,1,0.5650522776144203
LGBM,5,0,0,0.11388331372049425
LGBM,5,0,0,0.1533966975064782
LGBM,5,0,0,0.01148541436737324
LGBM,5,0,0,0.030847246744750874
LGBM,5,1,0,0.49262680715286905
LGBM,5,0,0,0.07967247582122701
LGBM,5,1,0,0.10565196891254271
LGBM,5,0,0,0.4746810530731936
LGBM,5,1,0,0.04543463217692831
LGBM,5,0,0,0.28833538118083174
LGBM,5,0,0,0.07635216634675031
LGBM,5,0,0,0.04593036261597254
LGBM,5,0,0,0.0204936534171439
LGBM,5,1,0,0.42405300235285215
LGBM,5,0,0,0.24936326022677976
LGBM,5,0,0,0.12925351496031864
LGBM,5,0,0,0.04510280783718123
LGBM,5,0,0,0.20883890777492084
LGBM,5,0,1,0.5132528817751156
LGBM,5,0,0,0.3231394374213532
LGBM,5,0,0,0.20372343083154665
LGBM,5,1,1,0.9378949361995166
LGBM,5,0,0,0.012517583306520393
LGBM,5,0,0,0.30379778627704496
LGBM,5,0,0,0.320038780271042
LGBM,5,0,0,0.0781339308812336
LGBM,5,0,0,0.01608530725678312
LGBM,5,0,0,0.17994865660273116
LGBM,5,0,0,0.14990587782873308
LGBM,5,0,0,0.4070588572898523
LGBM,5,0,1,0.5516821464465972
LGBM,5,1,0,0.34829134990866056
LGBM,5,0,0,0.07699320904446234
LGBM,5,0,1,0.7010571652156442
LGBM,5,1,0,0.21798766758824137
LGBM,5,0,0,0.039229517517516646
LGBM,5,1,1,0.8804078686622305
LGBM,5,1,0,0.20248654714481037
LGBM,5,0,0,0.19032824781197458
LGBM,5,0,1,0.9650076661808814
LGBM,5,1,0,0.11675588683943307
LGBM,5,1,1,0.8647607021559439
LGBM,5,0,0,0.07130579346023028
LGBM,5,0,0,0.14822478313014995
LGBM,5,1,0,0.21288004965636878
LGBM,5,0,0,0.17206748992089796
LGBM,5,0,0,0.03442306494129136
LGBM,5,0,0,0.31703978044563413
LGBM,5,1,1,0.5146083494836275
LGBM,5,0,0,0.29251624142191623
LGBM,5,0,0,0.42112696271064926
LGBM,5,0,0,0.23349260502465624
LGBM,5,0,0,0.3782534782024101
LGBM,5,0,0,0.05851293458580732
LGBM,5,0,0,0.22082230652773338
LGBM,5,1,0,0.3398120051725288
LGBM,5,0,0,0.2779086708984235
LGBM,5,0,0,0.12985704478186164
LGBM,5,0,0,0.12328841914909268
LGBM,5,0,1,0.6908136922772177
LGBM,5,1,0,0.45806661252611797
LGBM,5,0,0,0.1845946127110959
LGBM,5,0,0,0.13725816334660354
LGBM,5,0,0,0.17313379575690133
LGBM,5,0,0,0.08921312363392422
LGBM,5,1,0,0.39208697574077583
LGBM,5,0,0,0.026951302442731414
LGBM,5,0,0,0.20223177273310664
LGBM,5,0,0,0.05371360255349897
LGBM,5,0,0,0.08844085558946199
LGBM,5,1,0,0.15518995932474786
LGBM,5,1,1,0.8695167787098571
LGBM,5,0,0,0.018050027449326773
LGBM,5,0,0,0.03892456144801663
LGBM,5,0,0,0.13682719577398578
LGBM,5,0,0,0.3075264679658758
LGBM,5,1,0,0.3187174007153449
LGBM,5,0,0,0.12495298752039684
LGBM,5,1,1,0.8920057052709662
LGBM,5,0,0,0.3741892189728462
LGBM,5,0,0,0.04364070227704494
LGBM,5,0,0,0.2105413955682541
LGBM,5,1,0,0.0993085624177871
LGBM,5,0,0,0.03626324244862207
LGBM,5,0,0,0.0521875316074415
LGBM,5,1,1,0.8539633102820305
LGBM,5,0,0,0.08814645021577115
LGBM,5,1,1,0.803530919479173
LGBM,5,0,1,0.5472072818922921
LGBM,5,0,0,0.31189341778686347
LGBM,5,1,0,0.35280208343894337
LGBM,5,0,0,0.02145494356989049
LGBM,5,0,0,0.10233670979701312
LGBM,5,1,0,0.2028956014182027
LGBM,5,0,0,0.2226038995467179
LGBM,5,0,0,0.2767452498708311
LGBM,5,0,0,0.10752277520417561
LGBM,5,0,0,0.07342297453334101
LGBM,5,0,0,0.17073490455077328
LGBM,5,0,0,0.14153968034840775
LGBM,5,1,0,0.1226514034313592
LGBM,5,0,0,0.25566100377319906
LGBM,5,0,0,0.07852191678073664
LGBM,5,0,0,0.029177207748938356
LGBM,5,0,0,0.1283175840784143
LGBM,5,0,0,0.20617291062196608
LGBM,5,0,0,0.19163749165360694
LGBM,5,0,0,0.13150633969452213
LGBM,5,0,0,0.0292031016491936
LGBM,5,0,0,0.1547709924283575
LGBM,5,0,0,0.20312524340990848
LGBM,5,0,1,0.750927923709934
LGBM,5,0,1,0.5087612308782363
LGBM,5,0,0,0.33768264109240725
LGBM,5,0,0,0.1828904954719694
LGBM,5,0,0,0.11398029496509865
LGBM,5,0,0,0.20916721709434805
LGBM,5,0,0,0.20346936395215562
LGBM,5,1,1,0.572854982860269
LGBM,5,0,0,0.16140478390186125
LGBM,5,0,0,0.28764419899471044
LGBM,5,0,0,0.12747451834836593
LGBM,5,0,0,0.02570972372800592
LGBM,5,1,1,0.6190596304781825
LGBM,5,0,0,0.04185067595788594
LGBM,5,1,1,0.5152002840987943
LGBM,5,0,0,0.08606013971240443
LGBM,5,0,0,0.13412966379540261
LGBM,5,1,0,0.06749302877236084
LGBM,5,0,0,0.22581894187991552
LGBM,5,0,0,0.2960585234050192
LGBM,5,0,0,0.059429245297033646
LGBM,5,0,1,0.7236206904318089
LGBM,5,0,0,0.48624165040839074
LGBM,5,0,0,0.176764778721031
LGBM,5,0,1,0.7245012469327826
LGBM,5,1,1,0.5399857147064312
LGBM,5,1,0,0.32476856322698827
LGBM,5,0,0,0.15933387183040487
LGBM,5,0,0,0.07519956312169623
LGBM,5,0,0,0.0995652712596493
LGBM,5,0,1,0.9417492172877531
LGBM,5,0,0,0.15730972258351195
LGBM,5,0,0,0.1399756482323518
LGBM,5,0,0,0.4240613231388805
LGBM,5,0,0,0.003445560243823534
LGBM,5,0,0,0.10411411622171898
LGBM,5,0,0,0.050963638702216145
LGBM,5,0,0,0.3157600854202284
LGBM,5,1,0,0.3124146975038677
LGBM,5,0,0,0.19538853172160667
LGBM,5,0,0,0.09999329496442533
LGBM,5,0,1,0.9223321096744806
LGBM,5,0,0,0.14488593904576602
LGBM,5,0,0,0.032665940558883104
LGBM,5,1,0,0.036473512791474115
LGBM,5,0,0,0.25724569115034296
LGBM,5,0,0,0.39013264730511854
LGBM,5,1,0,0.4171530888863658
LGBM,5,0,0,0.04483347801982312
LGBM,5,0,1,0.6051833329530139
LGBM,5,0,0,0.07070490120349135
LGBM,5,0,0,0.23407532895297006
LGBM,5,1,0,0.05810756194937472
LGBM,5,0,0,0.49939648230943895
LGBM,5,0,0,0.007097992590120223
LGBM,5,0,0,0.06859853481309898
LGBM,5,1,0,0.09569033339329619
LGBM,5,0,0,0.23014588413339687
LGBM,5,1,0,0.3317814727345285
LGBM,5,0,0,0.07835255544811927
LGBM,5,0,1,0.5167978715485079
LGBM,5,0,0,0.014366640311995384
LGBM,5,0,0,0.14147559663256923
LGBM,5,0,0,0.09004199031914108
LGBM,5,0,0,0.0898472951769862
LGBM,5,0,0,0.09401468730451208
LGBM,5,0,0,0.231073532042394
LGBM,5,0,0,0.05556567442030955
LGBM,5,0,0,0.21485349556846764
LGBM,5,0,0,0.48828558598320065
LGBM,5,1,0,0.4510674641925115
LGBM,5,0,0,0.08013810070974065
LGBM,5,0,0,0.14163796376902996
LGBM,5,0,0,0.06004634859608061
LGBM,5,0,0,0.06225116001306311
LGBM,5,1,0,0.43720960919885254
LGBM,5,0,0,0.1621377993739123
LGBM,5,0,1,0.9036332084537658
LGBM,5,0,0,0.24269364499715806
LGBM,5,0,0,0.34189518699400095
LGBM,5,0,0,0.04130281658885244
LGBM,5,1,0,0.3020574592493071
LGBM,5,0,0,0.007082443103838344
LGBM,5,0,0,0.42341190858333283
LGBM,5,0,0,0.14227909752981616
LGBM,5,0,0,0.09650969674296705
LGBM,5,0,0,0.20200371499607075
LGBM,5,0,0,0.09500026303389157
LGBM,5,0,0,0.18603660216453316
LGBM,5,0,1,0.6506127973443677
LGBM,5,0,0,0.03803221830745652
LGBM,5,0,0,0.2848567016246419
LGBM,5,0,0,0.14674622105923532
LGBM,5,0,0,0.11127131878779388
LGBM,5,0,0,0.3382736855701654
LGBM,5,0,0,0.2462752350823749
LGBM,5,1,0,0.17715235373834728
LGBM,5,1,0,0.37122977279920255
LGBM,5,1,0,0.009758486587690966
LGBM,5,0,0,0.18958827503677284
LGBM,5,0,0,0.07767282704856751
LGBM,5,0,0,0.024613438928935097
LGBM,5,0,0,0.039201609013176875
LGBM,5,0,0,0.12552855873383212
LGBM,5,1,1,0.8624367243101204
LGBM,5,1,0,0.23455214489514836
LGBM,5,0,0,0.09039957054385796
LGBM,5,1,0,0.13353197057028235
LGBM,5,0,0,0.21294825347228347
LGBM,5,0,0,0.07813627358742743
LGBM,5,1,1,0.5339724027455678
LGBM,5,0,0,0.13680778467991989
LGBM,5,0,0,0.015278195970681455
LGBM,5,0,1,0.7089591413211427
LGBM,5,1,0,0.21788011107806893
LGBM,5,0,0,0.0986938992242917
LGBM,5,0,0,0.1116704829367006
LGBM,5,0,0,0.15554732854515446
LGBM,5,0,0,0.07136007852269051
LGBM,5,0,0,0.20961420605541803
LGBM,5,1,1,0.8374497990279947
LGBM,5,0,1,0.6144718308126457
LGBM,5,0,0,0.1378016779838171
LGBM,5,1,0,0.11603899731255271
LGBM,5,0,0,0.019035608391535404
LGBM,5,1,0,0.23974137904675938
LGBM,5,0,0,0.23209087657861646
LGBM,5,0,0,0.18336426614919132
LGBM,5,0,0,0.15652370637926186
LGBM,5,0,0,0.3926724392184361
LGBM,5,0,0,0.03316868897133908
LGBM,5,0,0,0.05224089431917768
LGBM,5,0,1,0.9965186059447974
LGBM,5,1,0,0.2928159677003949
LGBM,5,0,0,0.10764352420525704
LGBM,5,0,1,0.5173226831371434
LGBM,5,1,0,0.33329748196268627
LGBM,5,0,0,0.009380521525009467
LGBM,5,1,0,0.20782810940095045
LGBM,5,0,0,0.284279100299454
LGBM,5,0,0,0.02242061809532041
LGBM,5,0,0,0.04002000925084524
LGBM,5,0,0,0.036616227140861116
LGBM,5,0,0,0.05363525615370051
LGBM,5,0,0,0.053892155640221644
LGBM,5,1,0,0.3281002796299221
LGBM,5,0,0,0.3759127876256036
LGBM,5,1,0,0.21713306707767713
LGBM,5,0,0,0.13605843743276663
LGBM,5,0,1,0.5221396896258476
LGBM,5,1,0,0.038427591158288046
LGBM,5,1,0,0.03148775558561259
LGBM,5,0,1,0.8676857550577957
LGBM,5,0,0,0.039660418821793046
LGBM,5,0,0,0.23782718416895055
LGBM,5,1,1,0.6297157184696456
LGBM,5,0,0,0.10388187668269876
LGBM,5,0,0,0.07393421582390058
LGBM,5,0,0,0.02141493811003657
LGBM,5,0,1,0.7166908684248328
LGBM,5,0,0,0.025055074066948912
LGBM,5,1,0,0.12374566707210942
LGBM,5,1,1,0.6560405242650759
LGBM,5,0,1,0.681344805149317
LGBM,5,0,0,0.07651231482357926
LGBM,5,0,0,0.14220896824594784
LGBM,5,1,1,0.5952884162511666
LGBM,5,0,0,0.26149997206031084
LGBM,5,0,0,0.34455898864188866
LGBM,5,0,0,0.13163529248544997
LGBM,5,0,0,0.1234829432555036
LGBM,5,1,0,0.4104396182684573
LGBM,5,0,0,0.24825852826552652
LGBM,5,0,0,0.09249417040785396
LGBM,5,0,0,0.4771986686088618
LGBM,5,0,0,0.02683468213584662
LGBM,5,0,0,0.18418529947389728
LGBM,5,0,0,0.17709045434095577
LGBM,5,0,1,0.9515346403862005
LGBM,5,0,0,0.1919564931403696
LGBM,5,0,0,0.24252822530802243
LGBM,5,0,0,0.024859654246365815
LGBM,5,0,0,0.030954399294323146
LGBM,5,0,0,0.3369086276280236
LGBM,5,0,0,0.01660323777868916
LGBM,5,1,0,0.035449626492554426
LGBM,5,0,0,0.1500854576809601
LGBM,5,0,0,0.10912768067920701
LGBM,5,1,1,0.8323327109875094
LGBM,5,0,0,0.08655427667614854
LGBM,5,1,0,0.37926123496861186
LGBM,5,0,0,0.23403426744145597
LGBM,5,0,0,0.10075801357179989
LGBM,5,0,0,0.18453769988323182
LGBM,5,0,0,0.21749130255015875
LGBM,5,1,0,0.4348889104425618
LGBM,5,0,1,0.6788713492650795
LGBM,5,1,0,0.26592331989863566
LGBM,5,0,0,0.012494557640921935
LGBM,5,1,0,0.1706313410105354
LGBM,5,0,0,0.23586929866183146
LGBM,5,0,1,0.7444515532454548
LGBM,5,0,0,0.3064957615404711
LGBM,5,0,0,0.17949605101992058
LGBM,5,0,0,0.0371279822417135
LGBM,5,0,1,0.9935858810644221
LGBM,5,1,0,0.4141171467575313
LGBM,5,0,0,0.13694221700651232
LGBM,5,1,0,0.2880293639436707
LGBM,5,0,0,0.3177300567047423
LGBM,5,0,0,0.07821131282879906
LGBM,5,0,0,0.261937501717437
LGBM,5,0,0,0.02223513248283799
LGBM,5,0,0,0.18111688582616564
LGBM,5,0,0,0.09262019950640167
LGBM,5,0,0,0.12663541386865482
LGBM,5,0,0,0.23020620680065818
LGBM,5,0,0,0.020415856180477143
LGBM,5,0,0,0.25862810570502603
LGBM,5,0,0,0.22955019152856626
LGBM,5,0,0,0.21128856937548948
LGBM,5,0,0,0.2976928645059641
LGBM,5,0,0,0.05057751588005577
LGBM,5,0,0,0.15297000283254725
LGBM,5,0,0,0.15930600555929475
LGBM,5,0,0,0.09950873596795842
LGBM,5,0,0,0.07540310846011229
LGBM,5,0,0,0.03317938105181763
LGBM,5,0,0,0.18310008253182544
LGBM,5,0,0,0.0350753575980543
LGBM,5,0,0,0.058781318641711905
LGBM,5,0,0,0.021338059895219082
LGBM,5,0,0,0.2628474277549119
LGBM,5,1,1,0.9663672072387401
LGBM,5,0,0,0.1901555084965318
LGBM,5,0,0,0.04205629063620909
LGBM,5,0,0,0.09073669725879312
LGBM,5,0,0,0.07082866422931511
LGBM,5,0,0,0.19106392284819604
LGBM,5,0,0,0.23203290479045555
LGBM,5,1,0,0.10872124607884101
LGBM,5,0,0,0.06156350872062098
LGBM,5,0,0,0.06825031884912294
LGBM,5,0,0,0.37035445054728905
LGBM,5,0,0,0.06668967370822014
LGBM,5,0,0,0.10591612129602962
LGBM,5,0,0,0.15371488258595026
LGBM,5,0,0,0.2368840596612683
LGBM,5,0,0,0.3023778901156038
LGBM,5,0,0,0.24338830287414176
LGBM,5,0,0,0.200916184792035
LGBM,5,0,0,0.11406660887157907
MLP,1,0,0,0.16550456374540903
MLP,1,1,0,0.35780061436400235
MLP,1,0,0,0.2875940380335977
MLP,1,1,0,0.14437285010743728
MLP,1,0,0,0.3018921187640937
MLP,1,0,0,0.17847511871078162
MLP,1,0,0,0.2705356670144106
MLP,1,0,0,0.3174551862342641
MLP,1,0,0,0.27960262783503625
MLP,1,0,0,0.4203138779702366
MLP,1,0,0,0.17541238362295478
MLP,1,0,0,0.08498323032629813
MLP,1,0,0,0.15227516124888305
MLP,1,0,0,0.2067990568489506
MLP,1,0,0,0.1784319725311506
MLP,1,0,0,0.25547543415876034
MLP,1,0,0,0.09681414896704896
MLP,1,0,0,0.32997842154971313
MLP,1,0,1,0.531760482708236
MLP,1,0,0,0.2290540176876638
MLP,1,0,1,0.5008184013369549
MLP,1,0,1,0.9339207305324634
MLP,1,1,0,0.48925131971402264
MLP,1,1,0,0.38096844916009925
MLP,1,0,0,0.22534067199798855
MLP,1,0,0,0.19088607614054245
MLP,1,0,0,0.3580540187061875
MLP,1,0,0,0.36926803606478065
MLP,1,0,1,0.5078110981312906
MLP,1,1,0,0.26751191957516207
MLP,1,0,0,0.4117195691109312
MLP,1,0,0,0.33512083694633943
MLP,1,1,1,0.6049759798490255
MLP,1,0,1,0.7823720397410869
MLP,1,0,0,0.4331541023246268
MLP,1,0,0,0.10154222768032327
MLP,1,0,0,0.1320834689658563
MLP,1,1,1,0.6932416131601864
MLP,1,0,0,0.2810436380013429
MLP,1,0,0,0.22193027353479164
MLP,1,0,0,0.33758377110548543
MLP,1,1,0,0.37693901725140777
MLP,1,0,0,0.236509943673037
MLP,1,0,1,0.814996922490437
MLP,1,0,0,0.48838041708983154
MLP,1,0,0,0.43876736210733924
MLP,1,1,1,0.5607256239809365
MLP,1,0,0,0.17367673535218625
MLP,1,0,0,0.3438160786611018
MLP,1,1,0,0.2819241260468037
MLP,1,1,0,0.23522322415927382
MLP,1,0,0,0.3001242872427288
MLP,1,0,0,0.47091811338530154
MLP,1,0,0,0.31840783608620776
MLP,1,0,0,0.3452335878595856
MLP,1,0,0,0.4720098136508053
MLP,1,1,1,0.7180425119161784
MLP,1,0,0,0.428284734357619
MLP,1,0,0,0.4883669844042827
MLP,1,1,1,0.9999999552691299
MLP,1,0,1,0.7775511365737399
MLP,1,1,1,0.7630908779385633
MLP,1,0,1,0.6007975000837683
MLP,1,0,0,0.41654762713210747
MLP,1,0,1,0.5829484361978333
MLP,1,0,0,0.21369716643389686
MLP,1,0,0,0.10394428950779636
MLP,1,1,0,0.40734985363169357
MLP,1,1,1,0.5479048927073046
MLP,1,0,0,0.47555566307410985
MLP,1,0,0,0.17182319140884783
MLP,1,0,1,0.6837025752424242
MLP,1,0,0,0.29052376616730236
MLP,1,0,0,0.1474337166967762
MLP,1,0,0,0.28466237980565917
MLP,1,1,1,0.7792699096642499
MLP,1,0,1,0.6568732037644608
MLP,1,0,0,0.21671441303987138
MLP,1,1,0,0.19323654457615447
MLP,1,0,1,0.6169953270296427
MLP,1,0,0,0.14430565074022136
MLP,1,0,0,0.4528362533832582
MLP,1,0,0,0.2658592114960699
MLP,1,0,1,0.651535950718226
MLP,1,0,1,0.5221758790463453
MLP,1,0,1,0.5063498025683917
MLP,1,0,0,0.48000380977629575
MLP,1,0,1,0.6875588318633521
MLP,1,0,1,0.7917697802541641
MLP,1,1,1,0.9307048471777217
MLP,1,0,0,0.15514842116063235
MLP,1,0,0,0.04916855560529104
MLP,1,0,0,0.3083837334852034
MLP,1,0,0,0.1346709972569985
MLP,1,0,0,0.32647107066152536
MLP,1,0,1,0.7029744640868729
MLP,1,1,1,0.5650913169775772
MLP,1,0,0,0.4522500871655356
MLP,1,0,1,0.9520410460937211
MLP,1,1,1,0.6448091073148554
MLP,1,0,0,0.19383398016051392
MLP,1,0,1,0.633133384627533
MLP,1,1,1,0.6056675195476198
MLP,1,1,1,0.7703242287927324
MLP,1,0,0,0.12339047034390697
MLP,1,0,0,0.33714071262086287
MLP,1,0,0,0.3378526257361092
MLP,1,0,0,0.38644783355889106
MLP,1,0,0,0.16052696604645791
MLP,1,1,1,0.977634111095721
MLP,1,0,0,0.28808008936237345
MLP,1,0,0,0.49167413742364446
MLP,1,0,0,0.356457562641376
MLP,1,0,0,0.3689784401321207
MLP,1,1,0,0.11729975229511642
MLP,1,1,1,0.9806032742999848
MLP,1,0,0,0.06698068057938295
MLP,1,1,0,0.12750170303825117
MLP,1,1,1,0.9256761846360738
MLP,1,1,0,0.2879245649408991
MLP,1,0,0,0.32625980152483636
MLP,1,0,1,0.6784111753039047
MLP,1,1,0,0.1284336125039625
MLP,1,0,0,0.13698051914476897
MLP,1,0,0,0.45819185736165224
MLP,1,0,0,0.11554636611179404
MLP,1,1,0,0.08929234260483722
MLP,1,0,1,0.6301177193504458
MLP,1,0,0,0.32302626785343364
MLP,1,0,0,0.3327716388711813
MLP,1,0,0,0.07781086425064734
MLP,1,0,1,0.664692073390963
MLP,1,0,0,0.11565610092000446
MLP,1,0,0,0.4187174572942054
MLP,1,0,0,0.0039336064969911575
MLP,1,1,1,0.7490832878413877
MLP,1,0,0,0.37776813618000055
MLP,1,0,0,0.3908423579844282
MLP,1,1,0,0.35445384218303744
MLP,1,0,0,0.14552181349629006
MLP,1,0,0,0.19354465762611953
MLP,1,1,0,0.27714073206824447
MLP,1,0,0,0.4793133347831161
MLP,1,0,0,0.4457200398643925
MLP,1,0,0,0.3883561400884988
MLP,1,0,0,0.30491776175783497
MLP,1,1,1,0.7097285292893228
MLP,1,0,1,0.9999797885782639
MLP,1,0,0,0.40302923542054303
MLP,1,0,0,0.41681650738505766
MLP,1,1,0,0.3442220720531479
MLP,1,0,0,0.31896876519077705
MLP,1,0,1,0.6096229757586887
MLP,1,0,1,0.7196468043796164
MLP,1,0,1,0.5450215561013104
MLP,1,0,1,0.5429007249229627
MLP,1,0,0,0.2850788477847103
MLP,1,0,0,0.4634966049305531
MLP,1,0,0,0.47740668844852296
MLP,1,0,0,0.2478287685094709
MLP,1,0,0,0.326954991273063
MLP,1,0,0,0.05349232691957817
MLP,1,0,0,0.4674963232857765
MLP,1,0,0,0.13400361724940008
MLP,1,0,1,0.7530647910880561
MLP,1,0,0,0.30800529572681007
MLP,1,0,0,0.4480548736244636
MLP,1,1,0,0.3086397268866049
MLP,1,1,1,0.7576367998044033
MLP,1,0,0,0.18729981008401464
MLP,1,0,0,0.37166296320478365
MLP,1,1,0,0.08705159805864443
MLP,1,0,0,0.32060788902582543
MLP,1,0,1,0.5885227143358854
MLP,1,0,1,0.5761681198099267
MLP,1,0,0,0.14414121936871824
MLP,1,0,0,0.12297654947577512
MLP,1,0,1,0.508317061117649
MLP,1,0,0,0.3500815301655861
MLP,1,0,0,0.03733386450687418
MLP,1,0,0,0.2920054435509207
MLP,1,0,0,0.021165423363065258
MLP,1,0,0,0.16987396201883886
MLP,1,0,0,0.31438806925664325
MLP,1,0,0,0.48687121519524634
MLP,1,0,0,0.2072249107073775
MLP,1,0,0,0.38039292653984547
MLP,1,0,0,0.4239450449877767
MLP,1,1,1,0.5458744651386065
MLP,1,0,0,0.27032163064654724
MLP,1,1,0,0.14994143420059167
MLP,1,0,0,0.1643050971129485
MLP,1,1,1,0.5814102121230392
MLP,1,1,1,0.8360356740072058
MLP,1,0,0,0.1904325083737417
MLP,1,0,0,0.12259808654683911
MLP,1,0,0,0.24141771771323242
MLP,1,1,0,0.4132147198956847
MLP,1,1,0,0.4555176187509853
MLP,1,1,1,0.6944626631365804
MLP,1,0,0,0.1934775903212539
MLP,1,0,0,0.10541187752326264
MLP,1,1,0,0.21280491474036525
MLP,1,1,1,0.7580974618832845
MLP,1,0,0,0.13213936883785335
MLP,1,0,0,0.2930625789516679
MLP,1,0,0,0.10111842534726442
MLP,1,0,0,0.3264032831651766
MLP,1,0,0,0.2627983579130087
MLP,1,0,1,0.5731908210698899
MLP,1,0,1,0.5258210110454857
MLP,1,0,0,0.4491587417024945
MLP,1,0,0,0.21254358929116302
MLP,1,0,0,0.10170080487882541
MLP,1,0,0,0.26221936862070605
MLP,1,0,0,0.1976587272082595
MLP,1,1,0,0.007822085963956215
MLP,1,1,1,0.682304558979793
MLP,1,0,0,0.43524486058494655
MLP,1,1,1,0.5466322131646362
MLP,1,0,0,0.3964916049047389
MLP,1,0,0,0.08542562319846371
MLP,1,1,0,0.423751240955287
MLP,1,0,0,0.052377129346151144
MLP,1,0,0,0.15588153833848364
MLP,1,0,1,0.5690551197381042
MLP,1,0,0,0.31416631518207505
MLP,1,0,1,0.8983227148423728
MLP,1,1,0,0.36233966628538894
MLP,1,1,1,0.8894018921045652
MLP,1,0,0,0.05286088046318791
MLP,1,0,0,0.13165192278838578
MLP,1,0,0,0.07423848175087172
MLP,1,0,1,0.5905935973287948
MLP,1,0,0,0.45771575771571643
MLP,1,0,0,0.21990026757127545
MLP,1,0,0,0.36185241986138533
MLP,1,0,1,0.5337298221779483
MLP,1,0,0,0.3188029665624901
MLP,1,0,0,0.17470389780697682
MLP,1,0,0,0.26166238586607415
MLP,1,0,0,0.29347667895044216
MLP,1,0,0,0.1974523821747854
MLP,1,0,0,0.12163328314021842
MLP,1,0,0,0.2265068850882891
MLP,1,0,1,0.6928455260496725
MLP,1,1,1,0.5083188659264549
MLP,1,0,1,0.596836471108176
MLP,1,0,0,0.04126252309259478
MLP,1,1,0,0.06803604048708871
MLP,1,0,0,0.4537366497773962
MLP,1,0,0,0.1129004431308269
MLP,1,0,1,0.6530304083510577
MLP,1,0,0,0.1447638753184961
MLP,1,0,1,0.6075423927140309
MLP,1,1,0,0.46340611361919465
MLP,1,0,0,0.2737892876823259
MLP,1,0,1,0.6364496750410673
MLP,1,0,0,0.48765230161165174
MLP,1,0,0,0.440832687229716
MLP,1,0,0,0.2917928255635672
MLP,1,0,0,0.11684349089496901
MLP,1,0,1,0.5486626244736942
MLP,1,0,0,0.05397288932303632
MLP,1,0,0,0.16004226280485492
MLP,1,0,1,0.7735583822601327
MLP,1,0,0,0.3557663712108716
MLP,1,1,1,0.9999077012351651
MLP,1,0,0,0.09546503088980318
MLP,1,1,0,0.19695764079886371
MLP,1,0,0,0.2249878890692048
MLP,1,0,0,0.2650246279929816
MLP,1,0,0,0.3553904999935095
MLP,1,1,0,0.42640328315813225
MLP,1,0,1,0.9024223928613213
MLP,1,0,0,0.15040429649021103
MLP,1,0,0,0.061598175938686
MLP,1,0,1,0.5928123700690494
MLP,1,0,0,0.3277385615237265
MLP,1,0,1,0.594006932791925
MLP,1,0,0,0.05589714619775316
MLP,1,0,0,0.34724725333930656
MLP,1,0,0,0.06229501459528681
MLP,1,0,0,0.30490042010722357
MLP,1,0,0,0.17750713519548492
MLP,1,0,0,0.2324268644852104
MLP,1,1,1,0.6095165952941743
MLP,1,0,1,0.6833420573882831
MLP,1,0,1,0.6790215182039506
MLP,1,0,0,0.1900511472241987
MLP,1,0,0,0.18779312016981212
MLP,1,1,1,0.7532901326408418
MLP,1,0,0,0.3600949611579303
MLP,1,1,0,0.15573596957423266
MLP,1,0,1,0.5459488020020714
MLP,1,0,0,0.18478628532047017
MLP,1,0,0,0.3459163445653005
MLP,1,0,0,0.32231776562866365
MLP,1,0,0,0.4951615979623329
MLP,1,0,0,0.31966484005901846
MLP,1,0,0,0.017569796638191977
MLP,1,0,0,0.12064565336626473
MLP,1,0,0,0.4743711184919651
MLP,1,1,0,0.32391682007813005
MLP,1,1,1,0.5590526413901081
MLP,1,0,0,0.2983536754841629
MLP,1,0,0,0.4353679169203385
MLP,1,0,0,0.2456283918083459
MLP,1,0,1,0.6071946923882175
MLP,1,0,0,0.07851689067152354
MLP,1,0,0,0.4759959806000091
MLP,1,0,0,0.2851619087409942
MLP,1,0,0,0.2626883534541629
MLP,1,0,0,0.2297753536960832
MLP,1,0,1,0.620392057655701
MLP,1,1,0,0.18733073207332895
MLP,1,0,0,0.10378712496428366
MLP,1,0,0,0.11686596180916602
MLP,1,0,1,0.6134226395095692
MLP,1,1,0,0.48923041012688395
MLP,1,0,0,0.4324124149330981
MLP,1,0,1,0.5918428666685019
MLP,1,1,0,0.19507912960517684
MLP,1,1,0,0.09423350056895631
MLP,1,0,0,0.43527512530497003
MLP,1,0,1,0.5089837879834249
MLP,1,0,0,0.23056449868235296
MLP,1,0,0,0.18344912655044515
MLP,1,1,1,1.0
MLP,1,0,0,0.11163951253787878
MLP,1,0,0,0.05413327283191072
MLP,1,0,0,0.3620577372812187
MLP,1,0,0,0.4227303674804069
MLP,1,0,0,0.25409303724724347
MLP,1,0,0,0.3256977574192253
MLP,1,0,0,0.17409584021670108
MLP,1,1,1,0.8163605337391617
MLP,1,0,0,0.33187175079029513
MLP,1,0,0,0.0815332828068427
MLP,1,0,0,0.3470702531286478
MLP,1,0,0,0.2661183426982919
MLP,1,0,0,0.2426101038958293
MLP,1,1,1,0.866413705105893
MLP,1,1,0,0.14381262894611802
MLP,1,0,1,0.8431786411691213
MLP,1,0,1,0.6256301084207107
MLP,1,0,0,0.34803763171456464
MLP,1,0,0,0.2790247458390172
MLP,1,0,0,0.2282033420678041
MLP,1,0,1,0.8328644074692855
MLP,1,0,1,0.6329214035475083
MLP,1,1,0,6.145685850683366e-05
MLP,1,0,0,0.42830179374580435
MLP,1,1,0,0.24559879594789688
MLP,1,0,0,0.014115835193484508
MLP,1,0,0,0.003044519830548319
MLP,1,0,0,0.23248288980128398
MLP,1,0,1,0.5812486757949503
MLP,1,1,0,0.02588014747501466
MLP,1,0,1,0.5282180903846221
MLP,1,0,0,0.41723385348955544
MLP,1,0,0,0.3049186286619702
MLP,1,0,0,0.26020092382417487
MLP,1,0,0,0.17051884720367266
MLP,1,0,0,0.3370385055761949
MLP,1,0,1,0.643838156623445
MLP,1,0,0,0.16923254490576994
MLP,1,0,0,0.2377572759846397
MLP,1,0,0,0.13930919006307874
MLP,1,0,1,0.8428617001891661
MLP,1,0,0,0.07882181188844196
MLP,1,0,0,0.23727318427815125
MLP,1,0,0,0.25677524621780623
MLP,1,0,0,0.3054073224214083
MLP,1,1,1,0.9999998532002874
MLP,1,0,0,0.28966467000104834
MLP,1,0,0,0.11281013781780852
MLP,1,0,0,0.3789487206125823
MLP,1,0,1,0.5167230250336743
MLP,1,0,0,0.30153606825666873
MLP,1,0,0,0.22644837133217666
MLP,1,0,0,0.3576001613529364
MLP,1,0,0,0.310246565330198
MLP,1,1,0,0.2762693646087142
MLP,1,1,1,0.5044751382475012
MLP,1,0,0,0.14757889700916696
MLP,1,0,0,0.4460950522364803
MLP,1,0,1,0.7540931241731195
MLP,1,1,1,0.7175186990606204
MLP,1,0,0,0.3667939452136851
MLP,1,1,1,0.6243751337247614
MLP,1,1,0,0.07819083760621498
MLP,1,0,1,0.5345784019670718
MLP,1,0,1,0.5008542512150788
MLP,1,0,1,0.9907916728980845
MLP,1,1,0,0.2675875951066414
MLP,1,1,0,0.006085942840221369
MLP,1,0,0,0.08690498128898423
MLP,1,1,0,0.4873488506656691
MLP,1,0,0,0.23270067349607051
MLP,1,0,1,0.6223777344218863
MLP,1,0,0,0.16920031014444897
MLP,1,1,0,0.260650151845468
MLP,1,0,0,0.44726140032841866
MLP,1,1,0,0.3923414278868606
MLP,1,0,0,0.17253685033708174
MLP,1,0,1,0.5917654327923634
MLP,1,1,1,0.912780895073582
MLP,1,1,0,0.34348465540816137
MLP,1,0,0,0.11333070074852415
MLP,1,0,0,0.23170417134430007
MLP,1,0,0,0.14783274062188984
MLP,1,0,1,0.5748170689230081
MLP,1,0,0,0.17456703746460633
MLP,1,0,0,0.16042377562619722
MLP,1,0,0,0.48808217945483795
MLP,1,0,0,0.20094677562409896
MLP,1,1,1,0.5983560109568515
MLP,1,0,0,0.3986362679140131
MLP,1,0,0,0.17696727210743404
MLP,1,0,0,0.082433238712137
MLP,1,0,1,0.5507906592629469
MLP,1,0,0,0.05577151022087606
MLP,1,0,1,0.6701648213434377
MLP,1,1,0,0.08850974747994896
MLP,1,0,0,0.28342802481272444
MLP,1,0,0,0.38338602324329246
MLP,1,0,0,0.14015743988677834
MLP,1,0,0,0.48183258445354643
MLP,1,0,1,0.6251620470882927
MLP,1,0,0,0.20589634644821844
MLP,1,0,1,0.7703527485847274
MLP,1,0,0,0.046220269401777384
MLP,1,0,0,0.34212111579611176
MLP,1,0,1,0.6002886241793206
MLP,1,0,0,0.2211832182215531
MLP,1,0,0,0.1952594222588212
MLP,1,1,1,0.8127030287923385
MLP,1,0,1,0.5231690960305657
MLP,1,0,0,0.4186443348056974
MLP,1,0,1,0.7234894507490581
MLP,1,0,0,0.3618697991240955
MLP,1,0,0,0.3057067778460942
MLP,1,0,0,0.27377023601832684
MLP,1,0,1,0.5519105840486467
MLP,1,0,1,0.5438775199072303
MLP,1,0,0,0.24304479620805272
MLP,1,0,0,0.48875435367010883
MLP,1,0,0,0.27522558136070363
MLP,1,0,1,0.7541737315047278
MLP,1,0,0,0.14453998422188774
MLP,1,0,0,0.2082327450412078
MLP,1,0,0,0.10272630946741862
MLP,1,1,0,0.10950667148459874
MLP,1,0,0,0.15144646477369
MLP,1,0,0,0.134614799631493
MLP,1,0,0,0.14051402729596496
MLP,1,1,0,0.40796493094260977
MLP,1,0,1,0.6408481618477591
MLP,1,0,0,0.08468353962565615
MLP,1,0,0,0.13271218499825516
MLP,1,1,1,0.9772847659465517
MLP,1,0,1,0.5957857297855301
MLP,1,0,0,0.18006084901834768
MLP,1,1,1,0.9039540138873036
MLP,1,0,1,0.5130680851092752
MLP,1,0,1,0.6970339648795992
MLP,1,0,1,0.5227474881290716
MLP,1,0,0,0.28797293993603523
MLP,1,0,0,0.35697044144413137
MLP,1,0,1,0.5837902288911443
MLP,1,0,0,0.24832454700754988
MLP,1,1,0,0.20545295858920787
MLP,1,0,1,0.6985484734704295
MLP,1,0,0,0.39512801098711686
MLP,1,0,0,0.12249867456414708
MLP,1,1,0,0.20702231055559925
MLP,1,0,0,0.32928416426541146
MLP,1,0,1,0.6337222835680425
MLP,1,1,0,0.20772320005536166
MLP,1,0,0,0.21190738938051276
MLP,1,1,0,0.058153270920355916
MLP,1,1,0,0.35676911841496006
MLP,1,0,0,0.43095277442839264
MLP,1,0,0,0.1939475040241017
MLP,1,1,0,0.4481063321344807
MLP,1,1,0,0.3374028154592651
MLP,1,0,0,0.14587412295775545
MLP,1,0,0,0.3902745481869124
MLP,1,0,1,0.5231873493196563
MLP,1,0,0,0.24966201859533763
MLP,1,0,0,0.3010666448069568
MLP,1,0,0,0.43338254604967547
MLP,1,1,0,0.23198152361099256
MLP,1,1,0,0.09366045994946057
MLP,1,0,0,0.04144307332762266
MLP,1,0,0,0.3953003256043177
MLP,1,0,0,0.39510338759487473
MLP,1,1,0,0.3269106782703393
MLP,1,0,0,0.11796492389659562
MLP,1,0,0,0.3926350681429942
MLP,1,0,0,0.4941885399272817
MLP,1,1,1,0.9579950666665087
MLP,1,0,0,0.10846163365983943
MLP,1,0,0,0.3916534929128608
MLP,1,1,0,0.09799694138843851
MLP,1,0,0,0.3883106245356929
MLP,1,0,1,0.6248289757464259
MLP,1,0,1,0.6987317612373702
MLP,1,0,0,0.1008272957492996
MLP,1,0,1,0.8748113927524224
MLP,1,0,0,0.22878799633169614
MLP,1,0,0,0.3517942404835918
MLP,1,0,0,0.1868746994608477
MLP,1,0,0,0.4479327526724276
MLP,1,0,1,0.7125504201502516
MLP,1,0,1,0.6818591717396701
MLP,1,1,0,0.1105011441731742
MLP,1,0,1,0.5043059691841717
MLP,1,1,1,0.6881367483744835
MLP,1,0,0,0.16591324924163373
MLP,1,0,0,0.24195021332358696
MLP,1,0,1,0.542654246270982
MLP,1,0,0,0.08747426705546514
MLP,1,0,0,0.2896547115110734
MLP,1,0,0,0.3076751434655228
MLP,1,0,0,0.13426182741287884
MLP,1,0,1,0.6528345577405192
MLP,1,0,0,0.05640534121670733
MLP,1,1,1,0.7631370331932129
MLP,1,1,1,0.617639791428527
MLP,1,1,0,0.012775735508471586
MLP,1,0,0,0.3629823797298748
MLP,1,0,1,0.5667012646365666
MLP,1,1,0,0.12574323990976907
MLP,1,1,1,0.5095781319888848
MLP,1,0,0,0.4448953772959305
MLP,1,0,1,0.6846986729571607
MLP,1,0,0,0.41332905610725795
MLP,1,0,1,0.5425363887934471
MLP,1,0,1,0.52408283836243
MLP,1,0,0,0.12376118294871441
MLP,1,0,0,0.1977829322248504
MLP,1,1,0,0.44548252753867584
MLP,1,0,0,0.19521774848877316
MLP,1,0,0,0.12005499293659917
MLP,1,0,0,0.12056717312850847
MLP,1,0,0,0.422117690723691
MLP,1,0,0,0.2893725470020697
MLP,1,1,1,0.5002263694779067
MLP,1,1,0,0.0006052467605488161
MLP,1,0,0,0.4552244827907391
MLP,1,0,0,0.3171076363721743
MLP,1,0,0,0.41737894924213087
MLP,1,0,0,0.19028016024442468
MLP,1,0,0,0.1726256559499397
MLP,1,1,1,0.919847307246848
MLP,1,0,0,0.2124774423326241
MLP,1,0,1,0.7023747746981438
MLP,1,0,1,0.5311512102329331
MLP,1,0,0,0.19565175031190174
MLP,1,0,0,0.20817682692436348
MLP,1,1,0,0.3906334762376247
MLP,1,0,0,0.06649992508250689
MLP,1,1,1,0.5191120119727213
MLP,1,0,0,0.20796163618251715
MLP,1,0,0,0.12332632993122783
MLP,1,1,0,0.48628900484399096
MLP,1,0,0,0.21166705508395095
MLP,1,0,0,0.17254528405561076
MLP,1,0,1,0.9836760997858778
MLP,1,0,0,0.26916215075453365
MLP,1,0,0,0.3794033414255188
MLP,1,0,1,0.6985573820941003
MLP,1,0,0,0.43961313724320733
MLP,1,0,0,0.11108769737437973
MLP,1,0,0,0.17829289918174185
MLP,1,0,0,0.14448645940684154
MLP,1,1,0,0.4945157201211115
MLP,1,0,0,0.4229957356562405
MLP,1,0,1,0.5253798753180395
MLP,1,0,1,0.8355369715114207
MLP,1,1,0,0.4190312870775043
MLP,1,0,0,0.3014675299180957
MLP,1,0,1,0.5128529946629209
MLP,1,0,1,0.7003182866840298
MLP,1,0,0,0.4770836197623757
MLP,1,1,0,0.0005312221701539975
MLP,1,1,1,0.7692223946327459
MLP,1,0,0,0.02238030270991573
MLP,1,0,0,0.38922889798355037
MLP,1,0,0,0.14760579998904869
MLP,1,1,0,0.06968949708136206
MLP,1,0,1,0.670750511350023
MLP,1,0,0,0.18967265225317237
MLP,1,0,1,0.5596665743610749
MLP,1,0,1,0.5998275256289041
MLP,1,1,1,0.7361919252738732
MLP,1,0,1,0.5322474035887333
MLP,1,0,0,0.42955908814596583
MLP,1,0,0,0.4401859488349555
MLP,1,0,1,0.5333714456441696
MLP,1,0,0,0.4345045789019547
MLP,1,0,0,0.01705995582681243
MLP,1,0,1,0.941526475930417
MLP,1,1,0,0.08479355267584576
MLP,1,1,0,0.3294368046323292
MLP,1,0,0,0.3840389941113243
MLP,1,1,0,0.02871860546138028
MLP,1,0,0,0.17268461947483923
MLP,1,0,1,0.5331605531378627
MLP,1,0,0,0.4807697386537902
MLP,1,0,0,0.48542339965801984
MLP,1,0,0,0.11459276639872143
MLP,1,0,0,0.3359561080805339
MLP,1,1,0,0.20073148841892513
MLP,1,0,0,0.05340721877495802
MLP,1,0,0,0.311493089322253
MLP,1,0,1,0.5594097411653907
MLP,1,0,1,0.6807853146063723
MLP,1,0,0,0.452924441955375
MLP,1,1,0,0.3050293863728819
MLP,1,0,0,0.16608558685185945
MLP,1,1,0,0.08518576869079285
MLP,1,0,0,0.3103760708364709
MLP,1,0,0,0.47140961643142304
MLP,1,0,0,0.3076495237702083
MLP,1,0,0,0.12063597741947217
MLP,1,0,0,0.27150096260706114
MLP,1,0,0,0.12723142613493618
MLP,1,0,0,0.0414252070177571
MLP,1,0,1,0.5310373620747683
MLP,1,0,0,0.19917050052748833
MLP,1,1,1,0.9999966402420245
MLP,1,0,0,0.15981560713620693
MLP,1,0,0,0.25625720760078335
MLP,1,0,0,0.34744367374746427
MLP,1,0,1,0.6465420057113487
MLP,1,0,0,0.20902293218511966
MLP,1,1,0,0.013423046123231645
MLP,1,0,0,0.4548839948331797
MLP,1,0,0,0.17477565601460013
MLP,1,0,1,0.6137489249011263
MLP,1,0,0,0.006463592036836281
MLP,1,0,0,0.34362083125204596
MLP,1,0,0,0.18278645265808294
MLP,1,0,0,0.22398503288256738
MLP,1,1,0,0.16372372429691798
MLP,1,0,0,0.25730545158460794
MLP,1,1,0,0.20063402000051458
MLP,1,0,0,0.4182771862818951
MLP,1,0,0,0.26399767333925755
MLP,1,0,1,0.6190788725277419
MLP,1,0,0,0.2968615584231317
MLP,1,0,1,0.729268122565779
MLP,1,0,0,0.20927738700227588
MLP,1,0,0,0.22822448347299074
MLP,1,0,0,0.04731966912782739
MLP,1,0,0,0.39086541836077604
MLP,1,1,1,0.6928521526944427
MLP,1,0,1,0.6311713225512595
MLP,1,0,1,0.602944017409167
MLP,1,0,0,0.39454186686862514
MLP,1,1,1,0.6139926253342625
MLP,1,1,1,0.5769335433798585
MLP,1,0,1,0.5077581065779888
MLP,1,0,0,0.35756462935085415
MLP,1,0,0,0.11551490212111315
MLP,1,0,0,0.40498742800512294
MLP,1,0,0,0.35962300370018124
MLP,1,0,1,0.697531370086222
MLP,1,0,0,0.04046312853265926
MLP,1,1,0,0.06046782150641567
MLP,1,0,1,0.6762614699047554
MLP,1,0,0,0.15931498967741559
MLP,1,0,1,0.5141158564643399
MLP,1,0,1,0.5685734406618691
MLP,1,0,0,0.13026926364910077
MLP,1,0,1,0.679758660190756
MLP,1,1,1,0.9395885450498188
MLP,1,0,1,0.6258319031902875
MLP,1,0,0,0.25620350414238247
MLP,1,0,0,0.25801440126784886
MLP,1,0,1,0.7606291122265274
MLP,1,0,0,0.13522526412085048
MLP,1,1,1,0.8799998387388966
MLP,1,0,0,0.11536513199889636
MLP,1,1,0,0.032148809541216676
MLP,1,0,0,0.27442384377199086
MLP,1,0,0,0.27185138462417124
MLP,1,0,0,0.060058902614452445
MLP,1,0,0,0.11593652645825495
MLP,1,0,0,0.2998929172536361
MLP,1,0,1,0.9237347391272823
MLP,1,0,0,0.2846632291886739
MLP,1,0,0,0.20572533963917022
MLP,1,0,0,0.49690428896178046
MLP,1,0,0,0.47076730811362455
MLP,1,1,0,0.3366664560733826
MLP,1,0,0,0.43535927818739756
MLP,1,0,0,0.34091456638904816
MLP,1,0,0,0.447184842301617
MLP,1,0,0,0.3166642988789416
MLP,1,0,0,0.152069938807351
MLP,1,1,0,0.24767293196218942
MLP,1,0,0,0.3369012400485281
MLP,1,0,0,0.10656309798071596
MLP,1,0,0,0.30928813062315275
MLP,1,0,0,0.18178737490350583
MLP,1,0,1,0.6992083014234013
MLP,1,1,1,0.5661386057651067
MLP,1,0,0,0.16386773048923284
MLP,1,1,1,0.9014841087866513
MLP,1,0,1,0.9904097431393402
MLP,1,0,0,0.3622251578149821
MLP,1,1,0,0.17471464857198896
MLP,1,1,1,0.5232373892162642
MLP,1,0,0,0.15946762525606842
MLP,1,0,0,0.12660056474391412
MLP,1,0,0,0.26406413513006555
MLP,1,0,1,0.5530861196853889
MLP,1,0,1,0.530590286715024
MLP,1,0,0,0.14943770882292498
MLP,1,1,0,0.457130460189245
MLP,1,0,0,0.4880527052937938
MLP,1,1,0,0.09476972279252986
MLP,1,0,0,0.3610466580404817
MLP,1,0,0,0.3599957170213697
MLP,1,0,0,0.23866894135653582
MLP,1,1,1,0.6296576826990571
MLP,1,0,1,0.6277104006231855
MLP,1,0,0,0.2779801715821841
MLP,1,0,1,0.5315023940924026
MLP,1,0,1,0.6709321582049679
MLP,1,0,1,0.5016676233324391
MLP,1,0,0,0.3951890843102857
MLP,1,0,0,0.4318686411989368
MLP,1,1,0,0.3523701171478484
MLP,1,0,1,0.5806675066314319
MLP,1,1,1,0.687071423078542
MLP,1,1,0,0.4282052250414127
MLP,1,0,0,0.37611814618234923
MLP,1,1,0,0.26441304809630056
MLP,1,0,0,0.02282117098925637
MLP,1,1,0,0.38651574450872905
MLP,1,0,0,0.10742363220656136
MLP,1,0,0,0.4282007356189809
MLP,1,0,1,0.5590572176702022
MLP,1,0,0,0.215656114508051
MLP,1,0,0,0.2717731702523104
MLP,1,1,1,0.5608730974348665
MLP,1,0,0,0.26703394369272904
MLP,1,0,0,0.20070240432826608
MLP,1,1,0,0.12059805972353196
MLP,1,0,0,0.09288514798125865
MLP,1,1,0,0.3155750107584219
MLP,1,0,0,0.27399207114130714
MLP,1,0,0,0.0892209218027833
MLP,1,1,0,0.41082664756641135
MLP,1,0,1,0.8985453200906455
MLP,1,1,1,0.7534352747493482
MLP,1,0,0,0.41474624668335686
MLP,1,0,1,0.8753718085764824
MLP,1,0,0,0.21447165066601412
MLP,1,1,0,0.11129383943712856
MLP,1,0,0,0.426389442048489
MLP,1,0,0,0.470432899829912
MLP,1,0,0,0.19811056523088932
MLP,1,0,0,0.33327424796805916
MLP,1,0,0,0.1415624118092327
MLP,1,0,0,0.12369614128143257
MLP,1,0,1,0.5444462505578231
MLP,1,0,0,0.21665956623006613
MLP,1,0,0,0.23018814742688382
MLP,1,0,0,0.13645683412990597
MLP,1,0,1,0.6742759635669986
MLP,1,0,0,0.3485236539645429
MLP,1,0,0,0.38523280519321595
MLP,1,0,0,0.1442260057831552
MLP,1,0,0,0.4378987182538687
MLP,1,1,1,0.6675210132783518
MLP,1,0,0,0.46681059735768404
MLP,1,1,1,0.9599598956908698
MLP,1,0,0,0.1592413312225807
MLP,1,0,0,0.3972277807598103
MLP,1,0,0,0.23943043807825282
MLP,1,0,0,0.2846021108444434
MLP,1,1,1,0.8242140779739349
MLP,1,0,0,0.39815091687287185
MLP,1,0,0,0.0821368006817121
MLP,1,0,1,0.5197326451737498
MLP,1,0,0,0.4585939559628655
MLP,1,0,1,0.8076270921874718
MLP,1,0,0,0.3024744629778555
MLP,1,0,1,0.6376005747518803
MLP,1,1,0,0.03949038103132381
MLP,1,0,1,0.8434024043236849
MLP,1,0,0,0.15666174020206172
MLP,1,0,0,0.1467668565687525
MLP,1,0,0,0.43229442607887303
MLP,1,1,0,0.2873886961635305
MLP,1,0,1,0.8208300653892829
MLP,1,0,1,0.7612751911211285
MLP,1,0,0,0.2682324199932583
MLP,1,0,0,0.2608116750929708
MLP,1,0,0,0.48414877770261266
MLP,1,0,0,0.320665469708511
MLP,1,1,1,0.7208949303536152
MLP,1,0,1,0.6209798165611947
MLP,1,1,0,0.42371494255360515
MLP,1,0,0,0.30406694405348267
MLP,1,0,0,0.2759087834008936
MLP,1,0,0,0.26067954054871467
MLP,1,1,1,0.6067099809843987
MLP,1,0,1,0.6013130942912844
MLP,1,0,0,0.2909984819866857
MLP,1,1,1,0.9833667336577965
MLP,1,0,0,0.435657187229134
MLP,1,0,1,0.5948993388266388
MLP,1,0,0,0.20392870423054635
MLP,1,1,0,0.4068668292286635
MLP,1,0,0,0.07596570391756297
MLP,1,0,1,0.6765634643141636
MLP,1,0,1,0.9996123988685572
MLP,1,0,0,0.20375205180354367
MLP,1,0,0,0.3879676689083182
MLP,1,0,0,0.2902085403230427
MLP,1,0,0,0.4430069496204674
MLP,1,1,1,0.5093318839998899
MLP,1,1,1,0.9742863539778753
MLP,1,0,0,0.4598394570759093
MLP,1,1,0,0.3323281092495516
MLP,1,0,0,0.3270556964264919
MLP,1,0,0,0.43696548022765097
MLP,1,1,0,0.08785303955564124
MLP,1,0,1,0.760964204756537
MLP,1,0,0,0.14717088780102222
MLP,1,0,0,0.2508534397886777
MLP,1,0,1,0.8372775847368416
MLP,1,0,0,0.4395854572194139
MLP,1,0,0,0.4050565158556238
MLP,1,0,0,0.0717527749699812
MLP,1,0,0,0.3680600628685527
MLP,1,1,1,0.8282868935590216
MLP,1,0,0,0.3354134392865048
MLP,1,0,1,0.6195803142932461
MLP,1,0,1,0.5610809518633216
MLP,1,0,0,0.22829629903906606
MLP,1,1,1,0.9221583342385286
MLP,1,0,0,0.4813110684135124
MLP,1,0,0,0.16213368322996208
MLP,1,1,0,0.1591691533380057
MLP,1,0,0,0.395628863151964
MLP,1,0,1,0.5932201036957345
MLP,1,0,1,0.9925049287739769
MLP,1,0,1,0.596430370412682
MLP,1,0,0,0.13341014719069008
MLP,1,0,1,0.6411106394571301
MLP,1,0,0,0.26918195080841406
MLP,1,0,0,0.2864250378031326
MLP,1,1,0,0.017155185297346387
MLP,1,0,0,0.08903864050973356
MLP,1,1,1,0.9994116808729734
MLP,1,1,1,0.5736829070678817
MLP,1,1,1,0.9853820108274084
MLP,1,1,0,0.32587124713363796
MLP,1,0,0,0.14453178300327524
MLP,1,1,1,0.9620248422447394
MLP,1,0,0,0.12136664839082886
MLP,1,1,0,0.14155965742231028
MLP,1,0,1,0.6797967613905743
MLP,1,0,0,0.1758038794089743
MLP,1,1,1,0.7163686686477362
MLP,1,0,0,0.20114417452949707
MLP,1,1,1,0.5785017552210268
MLP,1,0,0,0.24549335619059864
MLP,1,0,0,0.24014916296623265
MLP,1,0,0,0.3344877514574482
MLP,1,1,1,0.5403011339536795
MLP,1,0,0,0.24189400507169792
MLP,1,0,0,0.14949867929772193
MLP,1,1,0,0.30699733116254935
MLP,1,0,1,0.5264294752891225
MLP,1,0,1,0.5948521208684217
MLP,1,0,0,0.2856734508451241
MLP,1,1,1,0.8360760355297221
MLP,1,0,0,0.23589183993837182
MLP,1,1,1,0.7281348004066355
MLP,1,0,0,0.38758787023692853
MLP,1,0,1,0.5270863503240927
MLP,1,0,1,0.5803708432762217
MLP,1,0,0,0.12248067469537428
MLP,1,1,1,0.8165440769640159
MLP,1,0,0,0.2466545224272563
MLP,1,0,0,0.4655490057588431
MLP,1,1,1,0.563155337085535
MLP,1,0,0,0.4044969225873626
MLP,1,0,0,0.2367929465692727
MLP,1,0,0,0.30172133643008614
MLP,1,0,0,0.3392854440789345
MLP,1,1,0,0.23240133551377434
MLP,1,1,1,0.9022676657350774
MLP,1,0,0,0.3541923605976053
MLP,1,0,0,0.35459106252578043
MLP,1,1,1,0.5889072972033983
MLP,1,0,0,0.04979974754616482
MLP,1,0,0,0.07689061555988064
MLP,1,0,0,0.49374707432758186
MLP,1,0,0,0.38220661432625164
MLP,1,0,0,0.04536724954675039
MLP,1,1,1,0.5757532531455869
MLP,1,0,0,0.3524169211756454
MLP,1,0,0,0.06793657350322437
MLP,1,0,0,0.32945778961892397
MLP,1,0,0,0.4198317257753169
MLP,1,1,0,0.4403716894127238
MLP,1,0,0,0.3039000348354904
MLP,1,0,1,0.5243928495693567
MLP,1,1,0,0.11674750542947522
MLP,1,0,1,0.6265360633932091
MLP,1,1,0,0.15009934529868824
MLP,1,0,0,0.1808351316901887
MLP,1,0,0,0.2894932981348797
MLP,1,0,0,0.31764883694985924
MLP,1,1,0,0.4590362205158902
MLP,1,1,1,0.768346250047801
MLP,1,0,0,0.40729914238509507
MLP,1,1,1,0.5667730246858428
MLP,1,1,1,0.9992293366016597
MLP,1,0,0,0.3190567184627389
MLP,1,0,0,0.46798175447333007
MLP,1,0,1,0.5779567673352646
MLP,1,0,0,0.30848273195433307
MLP,1,0,0,0.18093050581348114
MLP,1,0,0,0.28643634054696715
MLP,1,0,0,0.06061869344824981
MLP,1,0,1,0.8678225842891043
MLP,1,0,0,0.13125650682864126
MLP,1,0,1,0.5449586574566437
MLP,1,0,0,0.2240802155736958
MLP,1,0,1,0.585487492941771
MLP,1,0,0,0.30440809768799454
MLP,1,0,0,0.18938662961583164
MLP,1,0,0,0.31749432747453377
MLP,1,0,1,0.7906768754373585
MLP,1,0,0,0.39298645466440363
MLP,1,1,0,0.04237918822472665
MLP,1,0,1,0.9877877030218017
MLP,1,0,0,0.3062718550214977
MLP,1,0,0,0.301739636415584
MLP,1,0,1,0.8982630619226128
MLP,1,1,0,0.3951185833674777
MLP,1,0,0,0.2752062548696198
MLP,1,1,0,0.24789101648984666
MLP,1,0,0,0.4284570426179718
MLP,1,1,0,0.03218003460105048
MLP,1,0,0,0.074921045883824
MLP,1,1,0,0.31874720747463126
MLP,1,0,1,0.5067064254310476
MLP,1,0,0,0.1213612526913648
MLP,1,0,1,0.619586597813097
MLP,1,0,1,0.6248964749551785
MLP,1,0,1,0.5925239105508716
MLP,1,0,0,0.3311240226875253
MLP,1,0,0,0.2236245948624447
MLP,1,0,1,0.7032884235189341
MLP,1,1,1,0.5100056788639793
MLP,1,0,1,0.6021869672290037
MLP,1,1,0,0.13418120828012925
MLP,1,0,0,0.19735221557634278
MLP,1,0,0,0.4358610297790941
MLP,1,0,0,0.20795421694087066
MLP,1,0,1,0.5342454660269987
MLP,1,0,0,0.06309708272684868
MLP,1,0,0,0.4555360329614928
MLP,1,1,1,0.9800742067514755
MLP,1,0,0,0.37655208612177093
MLP,1,0,0,0.3884450406366155
MLP,1,0,0,0.4277094990429573
MLP,1,0,0,0.3507902765114127
MLP,1,0,0,0.08523624237716196
MLP,1,1,0,0.1659272111838513
MLP,1,0,0,0.2721145680894337
MLP,1,0,1,0.9113153909135829
MLP,1,0,0,0.4213428836558874
MLP,1,0,0,0.2779311549835099
MLP,1,0,0,0.3643610450979155
MLP,1,0,0,0.31953619675993533
MLP,1,0,0,0.2326121163062265
MLP,1,0,0,0.40565344994453395
MLP,1,0,0,0.05737865407337325
MLP,1,0,0,0.2104111284322425
MLP,1,0,0,0.4968449089015769
MLP,1,0,0,0.1522830268369687
MLP,1,0,0,0.1369283098782713
MLP,1,0,1,0.8049528014380661
MLP,1,0,0,0.40239196835281577
MLP,1,0,0,0.09260002457180294
MLP,1,0,1,0.837804323352512
MLP,1,0,1,0.9570403952568901
MLP,1,0,0,0.1877763082165035
MLP,1,0,0,0.35338718650524065
MLP,1,1,0,0.4290033067968725
MLP,1,0,0,0.20175477209016895
MLP,1,0,1,0.7934980345549628
MLP,1,0,0,0.26562637792312793
MLP,1,0,0,0.34357086504970813
MLP,1,0,0,0.45911158588272716
MLP,1,0,0,0.4272617054769321
MLP,1,0,0,0.368156745415168
MLP,1,0,0,0.4578512684101926
MLP,1,0,1,0.6832093744074348
MLP,1,0,0,0.46498235434024937
MLP,1,0,0,0.15071585805607263
MLP,1,0,0,0.4405630423193144
MLP,1,0,1,0.760599192419366
MLP,1,0,0,0.4478923594649639
MLP,1,0,0,0.2909349517452953
MLP,1,1,1,0.9673815403528959
MLP,1,0,0,0.15139901075898562
MLP,1,1,0,0.011536645738782788
MLP,1,1,1,0.8957165907218751
MLP,1,0,0,0.450321927975142
MLP,1,1,1,0.8318863041692232
MLP,1,0,0,0.20499437789735228
MLP,1,1,1,0.6609486874062738
MLP,1,0,0,0.21270399479372687
MLP,1,1,1,0.8572704054329006
MLP,1,0,1,0.8414493049488259
MLP,1,0,0,0.0442406619400647
MLP,1,1,1,0.7811657047162316
MLP,1,1,0,0.23266017633376787
MLP,1,0,0,0.1601141890013089
MLP,1,0,0,0.3432314324213515
MLP,1,0,0,0.4485487409579455
MLP,1,0,0,0.43344064008263533
MLP,1,0,0,0.2313134550860768
MLP,1,0,1,0.519271054635369
MLP,1,1,1,0.9999999999863673
MLP,1,0,0,0.3232208823616716
MLP,1,0,0,0.16654495498241118
MLP,1,0,0,0.465023818807596
MLP,1,0,0,0.36768198618188125
MLP,1,0,0,0.205392275553292
MLP,1,0,1,0.5064432846755675
MLP,1,0,1,0.5900257950828734
MLP,1,0,0,0.20368614583774777
MLP,1,0,0,0.3255584264838902
MLP,1,0,1,0.5403341764636139
MLP,1,0,1,0.7401890414857265
MLP,1,0,0,0.3169159255891066
MLP,1,0,0,0.4034801252323385
MLP,1,1,0,0.3876033561953384
MLP,1,0,1,0.6239086950573285
MLP,1,0,0,0.4205693179304871
MLP,1,0,0,0.26979420894692285
MLP,1,1,1,0.8051708038628222
MLP,1,0,0,0.19668567017860933
MLP,1,1,1,0.611864945829539
MLP,1,0,1,0.614686282481244
MLP,1,0,1,0.7606494656619694
MLP,1,0,0,0.45456137480869885
MLP,1,1,1,0.658751559058143
MLP,1,1,0,0.3503828158295045
MLP,1,0,0,0.1653608795063561
MLP,1,1,0,0.2817484685535752
MLP,1,0,0,0.34957964581332474
MLP,1,0,1,0.6389156147965095
MLP,1,1,0,0.44682061358150804
MLP,1,0,0,0.33406202221309994
MLP,1,0,0,0.3867195632083652
MLP,1,0,0,0.19712650049597444
MLP,1,0,0,0.17520134596519132
MLP,1,0,0,0.40913235333236225
MLP,1,0,0,0.4325242730291172
MLP,1,0,1,0.5310908840199035
MLP,1,0,0,0.344115231896179
MLP,1,0,0,0.4719027012128879
MLP,1,0,0,0.4259351393386296
MLP,1,0,0,0.45219222974012413
MLP,1,0,0,0.3088691284744789
MLP,1,0,0,0.09289234852129157
MLP,1,0,1,0.8742200438542148
MLP,1,1,0,0.4790008996378116
MLP,1,1,0,0.28441544369792476
MLP,1,1,1,0.832782763346384
MLP,1,1,0,0.4268475980584358
MLP,1,0,0,0.20886653918333
MLP,1,0,0,0.2850468281405085
MLP,1,0,0,0.20479679590900512
MLP,1,0,0,0.13435983248786215
MLP,1,0,0,0.12999041290889657
MLP,1,1,0,0.4565726893454052
MLP,1,0,0,0.25005899603321674
MLP,1,0,0,0.3715414774159894
MLP,1,1,1,0.6085890643242754
MLP,1,0,0,0.18580529076776675
MLP,1,0,1,0.6278948933801481
MLP,1,0,1,0.5328258493500767
MLP,1,0,0,0.15567575657749227
MLP,1,1,0,0.4599963491356255
MLP,1,0,0,0.3856102846595719
MLP,1,0,0,0.14539664869507968
MLP,1,0,1,0.584074802778043
MLP,1,0,0,0.38463582777906596
MLP,1,0,1,0.8900776618676787
MLP,1,0,1,0.5696050178973439
MLP,1,0,0,0.480136313198952
MLP,1,0,0,0.16331959072436586
MLP,1,0,0,0.3115693431785622
MLP,1,0,0,0.42885756012179754
MLP,1,0,0,0.24325155468255866
MLP,1,1,1,0.9074538716976972
MLP,1,1,1,0.6479408887425129
MLP,1,1,1,0.596836471108176
MLP,1,1,0,0.008413639297216011
MLP,1,1,0,0.10189252029812317
MLP,1,0,0,0.31012072113015826
MLP,1,0,1,0.7191052131176464
MLP,1,0,0,0.2013949860390843
MLP,1,0,0,0.39254888184450526
MLP,1,1,0,0.3185339250002515
MLP,1,0,1,0.8250124468298137
MLP,1,0,0,0.14196701896171973
MLP,1,0,0,0.47141321350634924
MLP,1,0,0,0.4270490271974034
MLP,1,0,1,0.5159731846278125
MLP,1,0,0,0.21779825792848387
MLP,1,0,0,0.08575982336987897
MLP,1,0,1,0.559598138924081
MLP,1,1,1,0.5999179217376295
MLP,1,0,0,0.09512811396145615
MLP,1,0,0,0.060979762884288385
MLP,1,0,0,0.4300512559789671
MLP,1,0,0,0.41240771238737994
MLP,1,0,0,0.41117313133806543
MLP,1,0,1,0.8678056033154602
MLP,1,0,0,0.29014732098446827
MLP,1,0,0,0.41281496245717597
MLP,1,0,0,0.3670016415279848
MLP,1,0,1,0.8012749701730607
MLP,1,1,0,0.384081299730384
MLP,1,0,1,0.5706333710621406
MLP,1,0,1,0.6194467828370234
MLP,1,0,1,0.5680312754722605
MLP,1,1,0,0.13939626080260717
MLP,1,0,0,0.287721963400245
MLP,1,1,0,0.27456518740899744
MLP,1,0,0,0.14022780987146924
MLP,1,0,1,0.9192083682701548
MLP,1,0,0,0.43559804874387925
MLP,1,0,0,0.21941346125319908
MLP,1,0,0,0.04571009971969092
MLP,1,0,1,0.5029071331028218
MLP,1,1,0,0.37116081989949595
MLP,1,0,0,0.26973988306116586
MLP,1,1,1,0.860068627726815
MLP,1,0,1,0.6228815619471185
MLP,1,0,0,0.1036160819663389
MLP,1,0,0,0.4016999368234591
MLP,1,0,0,0.2850174037747304
MLP,1,0,1,0.8009159520469409
MLP,1,0,0,0.12852461090382145
MLP,1,0,1,0.533257890085077
MLP,1,0,0,0.11946838623136659
MLP,1,0,0,0.29625030313104994
MLP,1,1,0,0.10092218800872581
MLP,1,0,0,0.32777794478502187
MLP,1,0,1,0.5565242975943956
MLP,1,0,1,0.5406151910137845
MLP,1,0,0,0.12778269429324093
MLP,1,1,1,0.6521359312602115
MLP,1,0,1,0.6162046511660447
MLP,1,0,0,0.23655309007462183
MLP,1,0,1,0.5139051261033095
MLP,1,0,0,0.39432308536512284
MLP,1,0,1,0.5361971676614253
MLP,1,1,0,0.3963150267776871
MLP,1,0,0,0.49102290678101906
MLP,1,0,0,0.23899264104670342
MLP,1,1,0,0.46515166002489106
MLP,1,1,0,0.26887228513599953
MLP,1,1,1,0.9253703340687698
MLP,1,0,0,0.09139633869168756
MLP,1,1,0,0.46261001353990455
MLP,1,1,0,0.07487049724283268
MLP,1,0,0,0.03768533377692678
MLP,1,0,0,0.3796416994419254
MLP,1,0,0,0.33885950238100104
MLP,1,0,0,0.49310918292806144
MLP,1,0,0,0.1060461903090365
MLP,1,0,0,0.245283277783714
MLP,1,0,0,0.047110247907570665
MLP,1,0,1,0.683944680901102
MLP,1,1,0,0.2833971271387487
MLP,1,0,1,0.8568368991257289
MLP,1,0,0,0.20864661103081025
MLP,1,0,0,0.27342577973041987
MLP,1,0,0,0.0899784289785003
MLP,1,1,1,0.6246722490739359
MLP,1,1,1,0.6115710147863497
MLP,1,0,1,0.5906911350136532
MLP,1,0,0,0.1391502644755053
MLP,1,0,0,0.20753982793437886
MLP,1,0,1,0.8539898370166845
MLP,1,0,0,0.23852515108683928
MLP,1,0,0,0.2349566875335341
MLP,1,0,0,0.10472062341005535
MLP,1,1,1,0.6425863106380083
MLP,1,0,0,0.27544216347221245
MLP,1,1,0,0.28112860783364385
MLP,1,0,0,0.18942202799874422
MLP,1,0,0,0.15285200141466676
MLP,1,0,0,0.4999833817061359
MLP,1,0,0,0.25327871749072817
MLP,1,0,0,0.1563494733798312
MLP,1,0,1,0.8190342702226677
MLP,1,0,0,0.25365953812823155
MLP,1,0,0,0.38231834961181516
MLP,1,0,0,0.39510650944479414
MLP,1,0,1,0.6138298405644109
MLP,1,0,0,0.12410710730489544
MLP,1,1,1,0.5377279865994578
MLP,1,1,0,0.3454085432913161
MLP,1,0,0,0.1495139165142269
MLP,1,0,0,0.4062564920251786
MLP,1,1,1,0.9996477467450737
MLP,1,1,1,0.803994844939284
MLP,1,0,0,0.4114202063232146
MLP,1,1,0,0.18375305190998464
MLP,1,1,0,0.22027589051323201
MLP,1,1,1,0.756486805502622
MLP,1,0,0,0.1357190221704777
MLP,1,0,1,0.6580689417672352
MLP,1,1,0,0.4633442346953721
MLP,1,0,0,0.28907523819059
MLP,1,0,0,0.3377933503684522
MLP,1,0,0,0.10536572561727305
MLP,1,0,0,0.08456333493279128
MLP,1,1,0,0.33046865723844937
MLP,1,1,0,0.14665522989811858
MLP,1,0,0,0.25010706091901036
MLP,1,1,0,0.08013203060705994
MLP,1,0,0,0.21895753870123627
MLP,1,0,0,0.09103980354157656
MLP,1,0,0,0.10022392975965866
MLP,1,0,0,0.18146165172122897
MLP,1,0,0,0.22279235633613317
MLP,1,1,0,0.14674585133104848
MLP,1,1,1,0.8683446664924614
MLP,1,1,0,0.24569912454797005
MLP,1,0,0,0.2974677143509398
MLP,1,1,1,0.8408349381866276
MLP,1,0,0,0.4365079787466711
MLP,1,0,0,0.18805739357766593
MLP,1,0,0,0.16675843487959416
MLP,1,0,0,0.3653123392599837
MLP,1,0,0,0.2825151826951172
MLP,1,0,1,0.7108825270609267
MLP,1,1,1,0.6546227601264079
MLP,1,1,1,0.988545032936899
MLP,1,1,1,0.6121168017164949
MLP,1,0,0,0.19174055608234636
MLP,1,1,1,0.8395125877900006
MLP,1,0,0,0.16373310240729738
MLP,1,0,1,0.7011362964724983
MLP,1,0,0,0.32224812783901247
MLP,1,1,1,0.6900484181100087
MLP,1,0,0,0.19714062568286767
MLP,1,0,0,0.13417405012397474
MLP,1,0,0,0.452488482626039
MLP,1,0,0,0.18346959156403464
MLP,1,0,1,0.6397700799665873
MLP,1,1,0,0.24779108881272072
MLP,1,0,1,0.7862058861650516
MLP,1,0,0,0.44333532877353454
MLP,1,0,0,0.2831615747368959
MLP,1,0,1,0.645602303706606
MLP,1,0,0,0.1474137823327085
MLP,1,0,0,0.31440930018781676
MLP,1,0,0,0.2633152461247736
MLP,1,1,0,0.098888558150528
MLP,1,0,1,0.8633501798390214
MLP,1,0,1,0.5424068262950441
MLP,1,0,0,0.24125563847414627
MLP,1,1,0,0.18847398143660796
MLP,1,0,1,0.7332357500479711
MLP,1,0,0,0.2017579834693911
MLP,1,1,0,0.059240935060857425
MLP,1,1,0,0.16723427806756322
MLP,1,1,1,0.6830929171920952
MLP,1,0,0,0.15625575201900177
MLP,1,0,0,0.11796683937051025
MLP,1,0,0,0.4365384491393097
MLP,1,1,1,0.50649446685549
MLP,1,0,0,0.35838880143933455
MLP,1,0,0,0.2334707873663107
MLP,1,1,1,0.566542361591206
MLP,1,0,1,0.7676513192360359
MLP,1,0,0,0.23214987910106047
MLP,1,1,1,0.8530892291595393
MLP,1,1,0,0.34008406634008476
MLP,1,1,1,0.6421230572389911
MLP,1,0,1,0.5320807702669957
MLP,1,0,0,0.4487436455212503
MLP,1,0,1,0.6250038161257135
MLP,1,0,0,0.17037302592762596
MLP,1,0,0,0.39668584924686967
MLP,1,0,0,0.25579387116726177
MLP,1,0,0,0.36282592388602725
MLP,1,0,0,0.09038679076102611
MLP,1,0,0,0.4379927328969147
MLP,1,0,0,0.4527773673177836
MLP,1,0,0,0.33855147123283574
MLP,1,0,0,0.10764830273565905
MLP,1,0,0,0.45853993746927746
MLP,1,1,1,0.5292334665069701
MLP,1,0,0,0.20116642343636817
MLP,1,1,0,0.3232147047495545
MLP,1,0,0,0.023302612359077258
MLP,1,0,1,0.5706933409402826
MLP,1,0,0,0.22720950606238446
MLP,1,0,0,0.40646387609060625
MLP,1,0,1,0.6114564938324921
MLP,1,0,0,0.17819887053662914
MLP,1,0,1,0.7020774291215185
MLP,1,0,0,0.47750147189923475
MLP,1,0,1,0.5199807171182881
MLP,1,1,1,0.8066762308539094
MLP,1,0,0,0.3298738618135533
MLP,1,0,1,0.607730149510096
MLP,1,0,1,0.7398209814841258
MLP,1,0,0,0.150129738894866
MLP,1,0,0,0.41869554338410814
MLP,1,0,0,0.276738489967803
MLP,1,1,0,0.2924012879105775
MLP,1,0,0,0.00400659321844805
MLP,1,0,0,0.2719694237901547
MLP,1,1,1,0.9993729640168348
MLP,1,0,1,0.5675221537434645
MLP,1,0,0,0.46294947769715733
MLP,1,1,0,0.35431307893565817
MLP,1,0,1,0.5513687091013363
MLP,1,0,0,0.1694143231157706
MLP,1,0,0,0.2811790857624303
MLP,1,0,0,0.3171797277733598
MLP,1,0,0,0.20834595256711777
MLP,1,0,0,0.4614971438209083
MLP,1,0,0,0.46038487067181644
MLP,1,1,1,0.5358191520946447
MLP,1,0,0,0.3122261570620838
MLP,1,0,0,0.20903802994730736
MLP,1,0,0,0.46242789028427966
MLP,1,0,0,0.08608389838250993
MLP,1,0,0,0.2872568084511609
MLP,1,0,0,0.25651076373438325
MLP,1,0,0,0.3066002497605108
MLP,1,0,0,0.06978741123749588
MLP,1,0,0,0.11873301159123775
MLP,1,1,1,0.8806893986141555
MLP,1,0,1,0.5551961885974779
MLP,1,0,0,0.25622873429655185
MLP,1,0,0,0.40575007971116345
MLP,1,1,1,0.6147882459322977
MLP,1,0,1,0.7546358643428402
MLP,1,1,0,0.41517218454497096
MLP,1,0,0,0.265802783246595
MLP,1,0,0,0.25759818080027047
MLP,1,0,0,0.2555029392919752
MLP,1,1,0,0.14247579140559352
MLP,1,0,0,0.265624086496323
MLP,1,0,0,0.3440215470341746
MLP,1,0,0,0.18909474763203582
MLP,1,0,1,0.5744908756146474
MLP,1,0,0,0.421577668847734
MLP,1,0,1,0.7958742052386094
MLP,1,0,0,0.40634484462074616
MLP,1,0,0,0.43922370214527046
MLP,1,1,0,0.06293448242844102
MLP,1,0,0,0.3625078278310675
MLP,1,1,1,0.6108668270464043
MLP,1,0,0,0.23152968655757925
MLP,1,1,0,0.4103627828428169
MLP,1,0,1,0.9127810324189195
MLP,1,0,0,0.0456651282840764
MLP,1,0,0,0.2983676935898126
MLP,1,0,0,0.2551077879047555
MLP,1,0,1,0.664414976946844
MLP,1,0,0,0.13171460913968952
MLP,1,0,1,0.6825062455642633
MLP,1,0,0,0.08223376597622485
MLP,1,0,0,0.44652212513695794
MLP,1,1,0,0.352320288970608
MLP,1,0,0,0.3931445769531602
MLP,1,0,0,0.46519415962196004
MLP,1,0,1,0.6870298796098528
MLP,1,1,0,0.10167909459594196
MLP,1,0,1,0.6429199061681183
MLP,1,1,1,0.8898723006227608
MLP,1,0,0,0.2690606381134635
MLP,1,0,0,0.3589477464474145
MLP,1,1,1,0.6032446079543526
MLP,1,0,0,0.2977526276440524
MLP,1,0,0,0.2831814248095941
MLP,1,1,1,0.9581667963036048
MLP,1,1,1,0.9510035030436227
MLP,1,0,1,0.6754714608859971
MLP,1,0,0,0.2909895022415878
MLP,1,1,0,0.39421864404305074
MLP,1,1,1,0.750205797313277
MLP,1,0,0,0.1689172542799282
MLP,1,0,0,0.2479319443439043
MLP,1,0,0,0.20064351124771665
MLP,1,0,0,0.17283335898742622
MLP,1,0,0,0.1922481818776761
MLP,1,0,0,0.31728034554657786
MLP,1,1,1,0.6007824595992892
MLP,1,0,0,0.3020736131975455
MLP,1,0,0,0.3893789059543357
MLP,1,0,1,0.556676098800644
MLP,1,0,0,0.46423325714944214
MLP,1,0,0,0.15915163542726815
MLP,1,0,0,0.4836144002224876
MLP,1,1,0,0.08188912417776549
MLP,1,0,0,0.13530248526228303
MLP,1,0,0,0.08975367459213565
MLP,2,0,0,0.17642039278313046
MLP,2,0,0,0.2851080897188918
MLP,2,0,0,0.3625886891454254
MLP,2,0,0,0.3090669067560558
MLP,2,0,1,0.53116204521558
MLP,2,1,1,0.647065857579194
MLP,2,1,0,0.17195089708869
MLP,2,1,0,0.2909961184565118
MLP,2,0,0,0.3540143642293219
MLP,2,0,1,0.5170895454263496
MLP,2,0,0,0.1746418882750341
MLP,2,0,0,0.15104943574612797
MLP,2,0,0,0.4104576590646895
MLP,2,0,0,0.1724685719254133
MLP,2,0,0,0.1642089479605778
MLP,2,0,0,0.26837937648601184
MLP,2,0,0,0.0975488814640446
MLP,2,0,0,0.3517283647147583
MLP,2,0,1,0.6433023187151147
MLP,2,0,0,0.29189764286034847
MLP,2,0,0,0.1286746637576462
MLP,2,0,0,0.48238486321387986
MLP,2,1,0,0.37508794740357426
MLP,2,1,0,0.23695487830742898
MLP,2,0,0,0.3774971606764207
MLP,2,0,1,0.5493438308921282
MLP,2,0,0,0.19991914129311192
MLP,2,1,1,0.7870683929703124
MLP,2,0,0,0.35959539204748153
MLP,2,0,0,0.0011096456877246912
MLP,2,0,0,0.15910538963261087
MLP,2,0,0,0.3253328891114835
MLP,2,0,0,0.14484481934979207
MLP,2,0,1,0.5820943096484249
MLP,2,1,1,0.9943802834565346
MLP,2,0,0,0.4147983373435981
MLP,2,0,1,0.9819602755467199
MLP,2,0,1,0.8993301983711716
MLP,2,0,1,0.5081505324519333
MLP,2,0,0,0.42975515643306145
MLP,2,1,1,0.7464920062352476
MLP,2,0,1,0.6021241440633672
MLP,2,1,0,0.443002440504379
MLP,2,0,0,0.15125810252103258
MLP,2,0,0,0.36419039543491033
MLP,2,1,1,0.6091602988355577
MLP,2,0,0,0.30675216087583507
MLP,2,0,0,0.37776079851791033
MLP,2,0,0,0.21427029779187493
MLP,2,0,1,0.872621173199622
MLP,2,0,0,0.36318593342012295
MLP,2,0,0,0.3257197774338606
MLP,2,0,0,0.3697439524261407
MLP,2,1,1,0.8928814710928967
MLP,2,0,0,0.06286872299476987
MLP,2,0,0,0.3460397027773198
MLP,2,0,0,0.15646332845980362
MLP,2,0,0,0.08235222386425455
MLP,2,0,0,0.39538257265815824
MLP,2,1,0,0.20713686289171623
MLP,2,0,0,0.06400336613177061
MLP,2,0,1,0.5208680639215122
MLP,2,0,0,0.36512532542322246
MLP,2,0,0,0.30795365312140477
MLP,2,0,1,0.6669687510204717
MLP,2,0,0,0.06499057283455634
MLP,2,0,0,0.2952178869602657
MLP,2,0,0,0.4265811375411171
MLP,2,0,0,0.07724191735911258
MLP,2,0,1,0.7181406615609939
MLP,2,0,0,0.39931972208581074
MLP,2,0,1,0.6864301732690853
MLP,2,1,1,0.8109252888444309
MLP,2,0,1,0.7830203438221408
MLP,2,0,0,0.33482503364129645
MLP,2,0,0,0.38942114040938414
MLP,2,0,1,0.767172462536637
MLP,2,1,0,0.4570643075887056
MLP,2,0,1,0.649796563750771
MLP,2,0,0,0.08499388549376291
MLP,2,0,0,0.042050901522791284
MLP,2,0,1,0.8141096396329959
MLP,2,0,0,0.1691757626797987
MLP,2,0,0,0.36773367802239537
MLP,2,0,0,0.34267787740463823
MLP,2,1,1,0.944263020629348
MLP,2,0,0,0.15812853131582807
MLP,2,0,0,0.1878279886628734
MLP,2,1,1,0.8317815457517249
MLP,2,1,0,0.36336372646137094
MLP,2,0,0,0.133551588223026
MLP,2,0,1,0.5988579074302425
MLP,2,0,0,0.28845819531878764
MLP,2,0,0,0.41968855205042316
MLP,2,0,0,0.2664381633396665
MLP,2,0,0,0.22587475810843735
MLP,2,1,0,0.14426648856432045
MLP,2,0,0,0.1625099468547069
MLP,2,0,0,0.40945068640150356
MLP,2,0,0,0.21162127796390354
MLP,2,0,0,0.13398899696223052
MLP,2,1,0,0.20459491472623814
MLP,2,0,0,0.2308204580406912
MLP,2,0,0,0.2240702543101727
MLP,2,0,1,0.5155341443077033
MLP,2,0,1,0.5072400772050597
MLP,2,1,1,0.8236138916485694
MLP,2,1,1,0.9582184652242575
MLP,2,0,1,0.6545007717743253
MLP,2,0,0,0.45626775832555055
MLP,2,1,0,0.30916345260469985
MLP,2,1,0,0.037351406209632905
MLP,2,1,0,0.0013656033471612942
MLP,2,0,0,0.3177576270876979
MLP,2,0,0,0.3076805575116462
MLP,2,0,1,0.5654540059366361
MLP,2,0,0,0.30876318492567856
MLP,2,1,1,0.9539155173442686
MLP,2,1,0,0.2847065299688425
MLP,2,1,1,0.5217852977230526
MLP,2,0,1,0.7776308869760011
MLP,2,0,0,0.31312775031888085
MLP,2,0,1,0.7366054041356777
MLP,2,0,0,0.3435149551785813
MLP,2,0,0,0.32994586594964476
MLP,2,0,0,0.11125789172001455
MLP,2,1,1,0.9671582611512667
MLP,2,0,0,0.2645642624494506
MLP,2,1,0,0.2935741837109415
MLP,2,1,0,0.48547221273611935
MLP,2,0,0,0.37803723503792297
MLP,2,1,0,0.11589083639767259
MLP,2,0,0,0.14088300919513042
MLP,2,0,0,0.24828549190997348
MLP,2,1,0,0.2901053206174759
MLP,2,0,1,0.9997878837534255
MLP,2,1,1,0.5004943767583755
MLP,2,0,0,0.3660917893238851
MLP,2,1,0,0.2964856574950917
MLP,2,0,1,0.5618621186549123
MLP,2,0,1,0.7033957709106592
MLP,2,0,0,0.43883776399794555
MLP,2,1,0,0.48819812251016254
MLP,2,0,0,0.1529567962343046
MLP,2,1,1,0.7826199036377202
MLP,2,0,0,0.022465531378943263
MLP,2,0,1,0.5446193641649508
MLP,2,0,0,0.30499979045473646
MLP,2,0,0,0.32587397596860207
MLP,2,0,0,0.4041281471917574
MLP,2,0,0,0.2942505278366927
MLP,2,0,0,0.17269190651962907
MLP,2,0,0,0.02913486742435518
MLP,2,0,0,0.019532799302846245
MLP,2,1,1,0.8825951823013868
MLP,2,1,1,0.5799901830279378
MLP,2,1,1,0.5334769363197839
MLP,2,0,0,0.19490537029721935
MLP,2,0,1,0.6429598994268876
MLP,2,0,0,0.173573396592765
MLP,2,0,0,0.15750876146317924
MLP,2,0,0,0.2619449923922092
MLP,2,0,1,0.597138297654523
MLP,2,0,0,0.07343844203688216
MLP,2,0,0,0.11153119613221582
MLP,2,0,0,0.34851790271623156
MLP,2,0,1,0.6433781480422737
MLP,2,0,0,0.08333122822037495
MLP,2,0,0,0.42221962741701896
MLP,2,0,1,0.6924698944966635
MLP,2,1,0,0.17974629634102218
MLP,2,0,0,0.21195500623586094
MLP,2,1,0,0.41482540512465416
MLP,2,0,1,0.5167258649481333
MLP,2,0,1,0.7722131795982308
MLP,2,0,0,0.13233299898294826
MLP,2,0,0,0.43437729619629495
MLP,2,0,0,0.31290219601383296
MLP,2,1,0,0.49683961030731766
MLP,2,1,1,0.5881094262007611
MLP,2,0,0,0.23491172613884415
MLP,2,1,0,0.16400045380559194
MLP,2,0,1,0.6705476679751602
MLP,2,0,1,0.6539019822932338
MLP,2,0,0,0.2062035487324872
MLP,2,0,0,0.18233032018801362
MLP,2,0,0,0.005101433185272617
MLP,2,0,0,0.46924522943377955
MLP,2,0,0,0.09113929859990297
MLP,2,1,1,0.5242592805954872
MLP,2,0,0,0.0730835946361783
MLP,2,0,0,0.4929758976426843
MLP,2,0,0,0.18431294923284341
MLP,2,1,1,0.5792531601499892
MLP,2,1,1,0.8136684028948676
MLP,2,0,0,0.36983930955753896
MLP,2,0,0,0.16268409369647277
MLP,2,0,1,0.5897730861439071
MLP,2,0,0,0.13518529781124122
MLP,2,0,0,0.09818825622007922
MLP,2,0,0,0.1452339435849294
MLP,2,0,0,0.2866298162150403
MLP,2,0,0,0.12435677363430638
MLP,2,1,1,0.9940315521933664
MLP,2,0,1,0.739712614987806
MLP,2,0,0,0.43021615454602175
MLP,2,0,0,0.2032045297280171
MLP,2,0,0,0.07668068567328984
MLP,2,1,1,0.6713383859468222
MLP,2,0,0,0.28743868213221285
MLP,2,1,0,0.29838063687123145
MLP,2,1,0,0.37140474829642556
MLP,2,0,0,0.27107517264783176
MLP,2,1,0,0.36908177294083444
MLP,2,0,1,0.5080393648606916
MLP,2,1,0,0.17968058134467135
MLP,2,0,0,0.2894643310107435
MLP,2,1,0,0.4414771221548462
MLP,2,0,1,0.6931047281189961
MLP,2,0,0,0.3724360908308775
MLP,2,0,0,0.3099096890494733
MLP,2,0,1,0.6024015207478409
MLP,2,0,0,0.06282423455072243
MLP,2,0,0,0.4126916696612628
MLP,2,0,0,0.2170290168434943
MLP,2,0,1,0.8775497191076418
MLP,2,0,0,0.12159612257158524
MLP,2,1,0,0.49455980673107586
MLP,2,0,1,0.6425370209291876
MLP,2,0,0,0.182771564992746
MLP,2,0,1,0.5404259896873478
MLP,2,0,1,0.6298983103441679
MLP,2,0,0,0.387691248527677
MLP,2,0,0,0.4823485858105818
MLP,2,0,0,0.0878696237728112
MLP,2,0,0,0.18445750851057113
MLP,2,0,1,0.6714316486562265
MLP,2,1,0,0.3038355506958482
MLP,2,0,1,0.8932802235166744
MLP,2,1,1,0.6981548598110942
MLP,2,0,0,0.3271065761506146
MLP,2,0,0,0.0057937627346883736
MLP,2,1,0,0.1496426546296258
MLP,2,0,0,0.29535453599253775
MLP,2,0,1,0.5571372303239145
MLP,2,0,0,0.24024075744255347
MLP,2,0,0,0.49116775393110124
MLP,2,0,0,0.28366155099646223
MLP,2,0,0,0.4582244964124471
MLP,2,0,0,0.45302557805218735
MLP,2,0,0,0.05968473290999463
MLP,2,0,0,0.05104699777232297
MLP,2,0,0,0.002523881699958874
MLP,2,0,0,0.49805720824438543
MLP,2,0,0,0.11521035420157279
MLP,2,0,0,0.3082996227908367
MLP,2,1,1,0.8580310753314396
MLP,2,0,0,0.3998051250980874
MLP,2,0,0,0.3231652349071589
MLP,2,1,1,0.507448877001614
MLP,2,0,0,0.2037270673266877
MLP,2,0,0,0.2173565717178416
MLP,2,0,0,0.3883608628288618
MLP,2,0,1,0.8920690765779254
MLP,2,0,0,0.13372558420577518
MLP,2,0,0,0.2690554981472399
MLP,2,0,0,0.24538592728605482
MLP,2,0,0,0.28765037649302316
MLP,2,0,1,0.757631192370134
MLP,2,0,0,0.34324272723936017
MLP,2,0,0,0.29715512797762905
MLP,2,1,0,0.16867093694123605
MLP,2,0,0,0.10526425624655673
MLP,2,1,0,0.385879248581633
MLP,2,0,0,0.26533167234759847
MLP,2,0,1,0.6060559886465338
MLP,2,0,0,0.14150607881171048
MLP,2,1,1,0.5770167551430653
MLP,2,0,0,0.4179026560931129
MLP,2,0,0,0.15097743017527085
MLP,2,0,1,0.9242113527714702
MLP,2,0,0,0.3259867603137895
MLP,2,0,0,0.1542941786694145
MLP,2,0,0,0.3874072141889242
MLP,2,0,0,0.2089764965461888
MLP,2,1,0,0.3811214032583662
MLP,2,0,0,0.2085755222719335
MLP,2,0,0,0.025612747312704093
MLP,2,0,0,0.2522938695461179
MLP,2,0,0,0.2771732603551129
MLP,2,0,0,0.3403650437941244
MLP,2,0,0,0.22427044286504827
MLP,2,0,0,0.3633010105665034
MLP,2,1,0,0.36661106528684173
MLP,2,0,0,0.26493978099745386
MLP,2,0,0,0.2892709075476929
MLP,2,0,0,0.20082739194092483
MLP,2,0,0,0.2840539868706825
MLP,2,0,0,0.48779566418341225
MLP,2,1,1,0.6934255453946772
MLP,2,0,0,0.08321657347903005
MLP,2,0,0,0.14334936803194745
MLP,2,0,1,0.5443640531529961
MLP,2,0,0,0.4365647704542052
MLP,2,0,0,0.3932879821570539
MLP,2,0,0,0.07232948930201355
MLP,2,0,1,0.697763028207465
MLP,2,0,1,0.5219037120317231
MLP,2,0,0,0.09449086711420228
MLP,2,0,0,0.29910338455830754
MLP,2,0,0,0.2456505829917138
MLP,2,0,1,0.7483339314952743
MLP,2,0,1,0.6291626097811219
MLP,2,1,0,0.28208606942291103
MLP,2,0,1,0.5999105394949968
MLP,2,0,0,0.1325630484579973
MLP,2,0,0,0.25482956207514434
MLP,2,0,0,0.32901463825962407
MLP,2,0,0,0.21471611810296495
MLP,2,0,0,0.46483443801054886
MLP,2,0,0,0.22613129574132518
MLP,2,1,0,0.4893492183134335
MLP,2,1,1,0.5045088281349217
MLP,2,0,0,0.2972528278673749
MLP,2,0,1,0.9144210613337584
MLP,2,1,0,0.03530108380439957
MLP,2,0,0,0.23351082759147213
MLP,2,1,0,0.1256804314967385
MLP,2,0,1,0.5933886794190067
MLP,2,0,0,0.18363998370419307
MLP,2,1,0,0.44415163637226845
MLP,2,0,0,0.46165565390589586
MLP,2,0,0,0.30439909592009684
MLP,2,1,0,0.30785301907330725
MLP,2,0,0,0.24500132934498428
MLP,2,1,1,0.8398826133511823
MLP,2,0,0,0.26047995496424786
MLP,2,1,0,0.11419137464988831
MLP,2,0,0,0.4167487395438599
MLP,2,1,1,0.6052013473276059
MLP,2,1,1,0.6247543500136479
MLP,2,0,0,0.3012506154454075
MLP,2,1,1,0.6019373481194429
MLP,2,0,0,0.2531935277710767
MLP,2,1,1,0.7962953503624026
MLP,2,0,0,0.3601951021482244
MLP,2,0,0,0.19290135920300103
MLP,2,0,0,0.32379768890627614
MLP,2,0,0,0.21102582387265162
MLP,2,0,0,0.20646519091468432
MLP,2,1,1,0.5983395523988981
MLP,2,1,1,0.998619502244354
MLP,2,0,1,0.6160131524155675
MLP,2,0,0,0.3212431522076556
MLP,2,0,0,0.2245504969892802
MLP,2,0,0,0.3562564094024854
MLP,2,0,0,0.2515893454881698
MLP,2,0,0,0.04709750679562178
MLP,2,1,0,0.23721069801726902
MLP,2,1,0,0.3278640976802738
MLP,2,1,1,0.6231832654343438
MLP,2,0,1,0.5420777905145603
MLP,2,0,0,0.20924995215489142
MLP,2,1,0,0.49671100873263263
MLP,2,0,0,0.2703769024250861
MLP,2,0,0,0.32519129094952254
MLP,2,0,0,0.38291458206071954
MLP,2,0,0,0.17582602176077078
MLP,2,0,0,0.441680606032885
MLP,2,0,1,0.6431335820731106
MLP,2,1,1,0.5299184180549259
MLP,2,0,0,0.19373588573052677
MLP,2,1,1,0.5210994227730089
MLP,2,0,0,0.24476322444056434
MLP,2,0,0,0.1012728542488983
MLP,2,0,0,0.13124670366580016
MLP,2,0,1,0.7067461772591858
MLP,2,0,1,0.899020727288049
MLP,2,0,0,0.28440808851483523
MLP,2,0,0,0.2973079826525741
MLP,2,0,0,0.13825805112900108
MLP,2,0,1,0.7393575518253891
MLP,2,0,0,0.09339782649084596
MLP,2,0,0,0.3361487802090913
MLP,2,0,0,0.22025812203980039
MLP,2,1,0,0.18940732114914746
MLP,2,1,1,0.6681441042603338
MLP,2,0,0,0.4649181250711308
MLP,2,0,1,0.5667658133270578
MLP,2,1,0,0.023773283887443986
MLP,2,0,0,0.3920861543530059
MLP,2,1,1,0.871342878084323
MLP,2,0,0,0.33318465143163095
MLP,2,1,0,0.29923679839745887
MLP,2,0,0,0.3204874723680909
MLP,2,0,1,0.6379709811505828
MLP,2,0,0,0.22861614151067483
MLP,2,1,1,0.7253689799318205
MLP,2,0,0,0.33083756424744115
MLP,2,0,0,0.2826532302721555
MLP,2,0,0,0.2331598378474756
MLP,2,0,1,0.9276224100596696
MLP,2,0,0,0.06214245693848785
MLP,2,0,0,0.31988056690378414
MLP,2,0,0,0.2264201567030171
MLP,2,0,0,0.3002244016812982
MLP,2,0,1,0.6931986631530836
MLP,2,1,0,0.2940217273542684
MLP,2,0,0,0.26514988788506233
MLP,2,1,1,0.6486749917855532
MLP,2,1,1,0.7345445502353734
MLP,2,1,0,0.14852595965956497
MLP,2,0,1,0.7026191542887263
MLP,2,1,0,0.008867829503867476
MLP,2,0,0,0.41639249907513626
MLP,2,0,1,0.8224712629555107
MLP,2,1,1,0.6804920192552921
MLP,2,0,0,0.4782521763002723
MLP,2,0,0,0.044693770746189604
MLP,2,0,0,0.30172960571504825
MLP,2,0,0,0.4808566844200937
MLP,2,0,0,0.1894131595185152
MLP,2,0,0,0.27504000609007123
MLP,2,0,0,0.00035808801147003586
MLP,2,0,0,0.29611342316389055
MLP,2,1,0,0.4820335703462814
MLP,2,0,1,0.7197347657791006
MLP,2,1,0,0.3647822058054826
MLP,2,0,0,0.2853391930450174
MLP,2,0,0,0.41214350800822136
MLP,2,0,1,0.6217413798618727
MLP,2,0,0,0.3648698925665635
MLP,2,0,0,0.42810747206929445
MLP,2,1,0,0.1484064347545963
MLP,2,0,0,0.08726836951969262
MLP,2,1,0,0.009521032428341675
MLP,2,0,0,0.19382480162054336
MLP,2,0,0,0.11214732922903593
MLP,2,0,1,0.6776683528747189
MLP,2,0,0,0.43747631540379683
MLP,2,0,1,0.6164009373714697
MLP,2,0,1,0.945247583385939
MLP,2,0,0,0.3940521824259766
MLP,2,0,0,0.4115842800787282
MLP,2,0,0,0.45428608511356405
MLP,2,0,0,0.4241074280421044
MLP,2,0,0,0.25929808710934815
MLP,2,0,0,0.21305755257114395
MLP,2,0,0,0.22477651701707033
MLP,2,0,1,0.5378960237635583
MLP,2,0,0,0.32849577984545353
MLP,2,0,0,0.2633700875781655
MLP,2,0,0,0.14924236179988604
MLP,2,0,1,0.524352402854969
MLP,2,0,0,0.19660139491266945
MLP,2,0,0,0.1721415948241257
MLP,2,0,0,0.13575215451069697
MLP,2,1,1,0.7728232058676779
MLP,2,0,1,0.5321942898838675
MLP,2,0,0,0.414513006049529
MLP,2,0,0,0.3028210130660821
MLP,2,0,0,0.3552524191426791
MLP,2,0,1,0.6950639580449597
MLP,2,0,1,0.9773762369655092
MLP,2,0,0,0.16904510342481327
MLP,2,1,1,0.5510068904402045
MLP,2,0,0,0.4414771221548462
MLP,2,0,0,0.16513921297175638
MLP,2,0,0,0.1030793165946683
MLP,2,0,0,0.29622084853135167
MLP,2,1,1,0.5521693735671173
MLP,2,1,0,0.10076151381110462
MLP,2,0,0,0.35196443250597065
MLP,2,1,1,0.6525524270431096
MLP,2,0,1,0.5166834823435067
MLP,2,0,0,0.31316867242718893
MLP,2,1,1,0.6939663747561469
MLP,2,0,0,0.25204714478748363
MLP,2,0,0,0.12998042472700205
MLP,2,1,0,0.3940521446566487
MLP,2,0,0,0.12311641340609425
MLP,2,1,1,0.8836653960897881
MLP,2,0,1,0.7934497162569426
MLP,2,0,1,0.5809698658915907
MLP,2,0,1,0.5750996902581333
MLP,2,0,0,0.13763499015437353
MLP,2,0,0,0.3552657502914174
MLP,2,0,1,0.5140245916966087
MLP,2,1,1,0.7535895042026562
MLP,2,0,1,0.5020075292148544
MLP,2,1,1,0.8334046929239561
MLP,2,1,0,0.3216433559177125
MLP,2,0,1,0.5218467417230882
MLP,2,0,0,0.25946720197594103
MLP,2,0,0,0.1938498040537656
MLP,2,0,0,0.35873021469362526
MLP,2,0,0,0.3458000453028665
MLP,2,0,1,0.5160934695742987
MLP,2,0,0,0.4906757444157326
MLP,2,0,0,0.3030369414877807
MLP,2,0,1,0.5239092089300886
MLP,2,0,0,0.3839850027500149
MLP,2,0,1,0.6064065307761101
MLP,2,0,0,0.2245681419953158
MLP,2,0,1,0.5496062762531064
MLP,2,0,0,0.3021207276755798
MLP,2,0,0,0.3847604969264708
MLP,2,0,1,0.700266920799733
MLP,2,0,0,0.179816388803245
MLP,2,0,0,0.16723528574180904
MLP,2,0,0,0.2984201610885948
MLP,2,0,0,0.11942424876108672
MLP,2,1,0,0.1684898132535715
MLP,2,0,0,0.30226057037845405
MLP,2,1,0,0.3182615042945315
MLP,2,0,0,0.3105569132439317
MLP,2,0,1,0.6951874085813827
MLP,2,0,0,0.1839837789698726
MLP,2,0,1,0.7205935073768088
MLP,2,0,0,0.4274582448957334
MLP,2,0,0,0.21496432750630243
MLP,2,0,0,0.3118008267234141
MLP,2,0,0,0.37049961284034855
MLP,2,1,0,0.46268337819405303
MLP,2,1,0,0.36737857895339293
MLP,2,1,0,0.04659001700877446
MLP,2,1,0,0.44711790965566806
MLP,2,0,1,0.541551219057442
MLP,2,1,1,0.8525338301932441
MLP,2,0,0,0.27121274954774005
MLP,2,0,1,0.6384925472098579
MLP,2,0,1,0.5127332262836458
MLP,2,1,1,0.7803125924496166
MLP,2,0,0,0.45688569782392463
MLP,2,1,0,0.32227961512366243
MLP,2,0,0,0.3875526918871953
MLP,2,0,0,0.11714665298287238
MLP,2,0,0,0.4819039156767599
MLP,2,0,0,0.2930356660520622
MLP,2,1,0,0.24498996551187566
MLP,2,0,0,0.43900539301979813
MLP,2,1,1,0.6770099910734135
MLP,2,0,1,0.8965540135918281
MLP,2,0,0,0.079481429791781
MLP,2,0,0,0.4695858438822884
MLP,2,0,0,0.05982063153157239
MLP,2,0,1,0.5258282247319114
MLP,2,0,1,0.7136849817704268
MLP,2,0,0,0.20226444914669245
MLP,2,0,1,0.5229050872095382
MLP,2,1,1,0.6151666676668865
MLP,2,1,0,0.3512740748398424
MLP,2,0,0,0.2639300470530584
MLP,2,0,0,0.1790911382312106
MLP,2,1,1,0.5932691630963003
MLP,2,0,0,0.46750721685215385
MLP,2,1,1,0.6671762003142766
MLP,2,0,1,0.551441254099535
MLP,2,0,1,0.54230307693145
MLP,2,0,0,0.2253826554031911
MLP,2,0,0,0.4536913231404471
MLP,2,1,1,0.6605669410543498
MLP,2,0,0,0.4427861730255604
MLP,2,0,0,0.1277511620448109
MLP,2,0,0,0.11122440482134269
MLP,2,0,0,0.13775497789007404
MLP,2,0,0,0.2614385568713883
MLP,2,0,1,0.6175854291045888
MLP,2,0,0,0.39345176991726427
MLP,2,0,0,0.298607768866363
MLP,2,0,0,0.35475144047630336
MLP,2,0,0,0.3175526259035521
MLP,2,0,0,0.225579638776301
MLP,2,0,0,0.2257146655717613
MLP,2,0,0,0.39811564419196205
MLP,2,0,0,0.3136667159369364
MLP,2,0,1,0.6918801857231395
MLP,2,1,0,0.3796232904959192
MLP,2,0,0,0.35726771249846023
MLP,2,0,0,0.23632865756397678
MLP,2,0,0,0.32692987568240317
MLP,2,0,0,0.3338378568646008
MLP,2,0,0,0.4541909600187734
MLP,2,0,0,0.3191064030974396
MLP,2,0,0,0.2527766267590148
MLP,2,0,1,0.5738029845729457
MLP,2,1,0,0.15963645361032025
MLP,2,0,0,0.4708818929806583
MLP,2,0,1,0.7774297496307547
MLP,2,0,0,0.19876109339980083
MLP,2,0,1,0.6703032267245627
MLP,2,0,0,0.1255625924048815
MLP,2,0,0,0.43393467251139806
MLP,2,0,1,0.5264387475591655
MLP,2,1,1,0.5132949567912439
MLP,2,0,0,0.3918479921724593
MLP,2,0,0,0.3355065962720772
MLP,2,1,1,0.8390190353772983
MLP,2,0,0,0.40451129871022085
MLP,2,0,0,0.25045848933887005
MLP,2,0,0,0.32988865006829066
MLP,2,0,1,0.6033874770078405
MLP,2,1,1,0.616129909205481
MLP,2,0,0,0.3067389699683618
MLP,2,0,1,0.6492705687541334
MLP,2,0,1,0.5879037430350477
MLP,2,0,0,0.3526840513347806
MLP,2,0,1,0.6530225170570001
MLP,2,1,0,0.4191823043542196
MLP,2,0,0,0.07855073375788732
MLP,2,0,0,0.14277424289034507
MLP,2,0,0,0.3537513608108791
MLP,2,0,0,0.3983091793041942
MLP,2,1,1,0.627276244025992
MLP,2,0,0,0.2639545016623479
MLP,2,0,0,0.2997237823654447
MLP,2,0,0,0.1522345819596972
MLP,2,0,0,0.3721845237465821
MLP,2,1,0,0.32316668758772066
MLP,2,0,0,0.30252827160641527
MLP,2,0,0,0.4122397372777702
MLP,2,0,0,0.18018345146049658
MLP,2,0,0,0.3870606170629071
MLP,2,0,1,0.5067706173871669
MLP,2,0,1,0.7035171640523008
MLP,2,0,1,0.6487963590026941
MLP,2,0,0,0.4929096434239911
MLP,2,0,0,0.11364191563214622
MLP,2,0,1,0.5492879800340037
MLP,2,1,0,0.44724292295398904
MLP,2,0,0,0.061916574476544375
MLP,2,0,0,0.18431466986895503
MLP,2,0,0,0.43853136591359637
MLP,2,0,0,0.38643079681437964
MLP,2,1,1,0.9857900847066746
MLP,2,0,0,0.2117671359686617
MLP,2,0,0,0.4060476208939344
MLP,2,0,1,0.5241718053779305
MLP,2,0,0,0.2796682723966878
MLP,2,0,0,0.2990690581092008
MLP,2,0,0,0.3172855544021511
MLP,2,0,0,0.3504179793371234
MLP,2,1,0,0.20948310220552072
MLP,2,0,0,0.08340161182811638
MLP,2,1,1,0.5578988691245754
MLP,2,0,1,0.6490138724068719
MLP,2,0,1,0.7895018798901369
MLP,2,1,1,0.8057984065537893
MLP,2,0,0,0.12236812677148104
MLP,2,0,0,0.08570436531609314
MLP,2,1,0,0.4826038951579869
MLP,2,0,0,0.14928062153122965
MLP,2,0,0,0.35859639132825155
MLP,2,0,0,0.3438922362639644
MLP,2,0,0,0.30902045779558573
MLP,2,1,0,0.08562822552768337
MLP,2,0,0,0.2708756023814952
MLP,2,1,1,0.9430185860337202
MLP,2,0,0,0.2674374986398518
MLP,2,0,0,0.26622954427176765
MLP,2,0,0,0.26737650163156146
MLP,2,1,1,0.7855408181917914
MLP,2,1,0,0.4174709634218847
MLP,2,0,1,0.608958046856839
MLP,2,0,0,0.2721540438334448
MLP,2,0,0,0.40312852299214263
MLP,2,0,0,0.1585665132150055
MLP,2,1,0,0.38447099166290666
MLP,2,0,0,0.32833499075068573
MLP,2,0,0,0.35388006474737554
MLP,2,1,1,0.7325717600807451
MLP,2,0,0,0.4539408473965777
MLP,2,0,0,0.3378814715750734
MLP,2,0,0,0.48241239627078275
MLP,2,1,0,0.3708214444984826
MLP,2,1,1,0.5601930948397584
MLP,2,0,0,0.44125875290962396
MLP,2,0,1,0.8802218632969068
MLP,2,0,0,0.27638228448008384
MLP,2,1,1,0.8587650508311191
MLP,2,0,1,0.544376120567298
MLP,2,0,0,0.038658365362099927
MLP,2,0,0,0.4450996988534448
MLP,2,0,1,0.5697569964950892
MLP,2,1,0,0.017915851259148543
MLP,2,1,1,0.7185487990533019
MLP,2,0,0,0.2161595149685824
MLP,2,0,0,0.20144517386855632
MLP,2,0,0,0.36687606304590636
MLP,2,0,0,0.33660861505787204
MLP,2,0,0,0.33319802384175096
MLP,2,1,1,0.6429280214693465
MLP,2,0,0,0.22990246503074324
MLP,2,1,1,0.6582095888458792
MLP,2,1,0,0.2561535380279692
MLP,2,1,0,0.2703984728573952
MLP,2,0,1,0.761008002581635
MLP,2,0,0,0.0985069768684373
MLP,2,0,0,0.25278789563596654
MLP,2,0,0,0.2510264680071615
MLP,2,1,0,0.20715708721530313
MLP,2,1,0,0.2893272460865722
MLP,2,1,1,0.9195265669703059
MLP,2,0,0,0.232939561604577
MLP,2,0,0,0.3023433278697055
MLP,2,0,0,0.33759099934956754
MLP,2,1,0,0.23648408216904443
MLP,2,0,0,0.492491561224665
MLP,2,0,0,0.2269551166730605
MLP,2,0,0,0.33553136099004177
MLP,2,1,1,0.5631493255382903
MLP,2,0,0,0.34764034612078826
MLP,2,0,0,0.36629483630881565
MLP,2,1,1,0.9040375433777655
MLP,2,0,0,0.4426450213866456
MLP,2,0,0,0.30951218918054024
MLP,2,0,0,0.26221399089679703
MLP,2,0,0,0.3264540050510027
MLP,2,0,1,0.5324267935490437
MLP,2,0,0,0.22292857562062146
MLP,2,0,0,0.25336467109314653
MLP,2,0,0,0.2755751609178027
MLP,2,0,0,0.10721725711719197
MLP,2,0,0,0.19618832386407825
MLP,2,0,1,0.5769860347293646
MLP,2,0,0,0.3229720569394881
MLP,2,0,0,0.35755449702720016
MLP,2,0,0,0.07715637483393087
MLP,2,0,0,0.35277398185100634
MLP,2,0,0,0.26072729366383046
MLP,2,0,0,0.1704350010109367
MLP,2,0,0,0.3445284107581369
MLP,2,1,1,0.8629615069808774
MLP,2,0,0,0.15431475916179846
MLP,2,0,0,0.04312141909299202
MLP,2,0,1,0.5066603848751857
MLP,2,0,1,0.6847008823681204
MLP,2,0,0,0.3455095204064991
MLP,2,0,0,0.47775874948485403
MLP,2,0,0,0.4270765345574976
MLP,2,0,0,0.4648748220100022
MLP,2,1,0,0.2747362186505912
MLP,2,0,0,0.24759774751438143
MLP,2,0,0,0.48743825352238745
MLP,2,0,0,0.27964550578209285
MLP,2,0,0,0.16711427912105634
MLP,2,0,0,0.07870842534956776
MLP,2,0,0,0.38105575441868617
MLP,2,0,1,0.6362750002004439
MLP,2,0,0,0.21955247886889448
MLP,2,1,0,0.4150796751859198
MLP,2,1,1,0.8569842367318504
MLP,2,0,1,0.5976801441001438
MLP,2,0,0,0.22687802900299062
MLP,2,0,1,0.7726667679165162
MLP,2,0,0,0.21499479994568668
MLP,2,0,0,0.13134112319914626
MLP,2,0,0,0.08174388929502667
MLP,2,0,0,0.20769337038831642
MLP,2,0,0,0.4684079158066671
MLP,2,0,0,0.14260585776549725
MLP,2,0,0,0.08512117018781526
MLP,2,0,0,0.47389353825624536
MLP,2,1,1,0.5573908643478803
MLP,2,1,0,0.3484176297189575
MLP,2,0,0,0.46200814849616045
MLP,2,0,0,0.3585953309248675
MLP,2,1,1,0.8531100165193923
MLP,2,1,1,0.5419274398392442
MLP,2,1,1,0.998566977502789
MLP,2,1,0,0.1802400498773837
MLP,2,0,0,0.24423303017504253
MLP,2,1,0,0.35712300829704735
MLP,2,1,1,0.949945718207494
MLP,2,0,0,0.18283931033779777
MLP,2,0,0,0.35430120448883656
MLP,2,0,0,0.3043565958918848
MLP,2,0,0,0.30351934485427656
MLP,2,0,1,0.7163527708324732
MLP,2,0,0,0.1853608247691005
MLP,2,1,1,0.8654418993277245
MLP,2,0,0,0.07153490177597982
MLP,2,0,0,0.14891056622579835
MLP,2,0,0,0.16476562686776688
MLP,2,1,0,0.2614132528965504
MLP,2,0,0,0.08623288386214478
MLP,2,0,0,0.39361012824887076
MLP,2,1,0,0.48013522086399113
MLP,2,0,0,0.37872145398906387
MLP,2,1,0,0.4491191037738548
MLP,2,0,0,0.39609189387748334
MLP,2,1,0,0.43704625793000795
MLP,2,0,0,0.4869354243543572
MLP,2,0,0,0.307363286876544
MLP,2,0,0,0.2880117138586896
MLP,2,0,0,0.3363991626474429
MLP,2,1,1,0.99912875214434
MLP,2,0,1,0.5370610430939865
MLP,2,0,0,0.167571465964512
MLP,2,0,0,0.34965407875559945
MLP,2,0,0,0.16706300555746065
MLP,2,1,0,0.3096206871822462
MLP,2,0,0,0.240469595318272
MLP,2,0,0,0.1957397818171822
MLP,2,0,1,0.8564234546893703
MLP,2,0,0,0.13793347896204053
MLP,2,0,0,0.16435183928333685
MLP,2,0,0,0.23158845511497864
MLP,2,0,0,0.4820314285334725
MLP,2,1,0,0.3323313422874955
MLP,2,0,0,0.24820233535182226
MLP,2,0,1,0.7173267468233786
MLP,2,0,0,0.4097858064621224
MLP,2,0,0,0.38145039080277393
MLP,2,0,1,0.5795945344329978
MLP,2,0,0,0.4489519487849021
MLP,2,0,0,0.36656561893298883
MLP,2,0,0,0.3526258650058234
MLP,2,0,0,0.3130022553610547
MLP,2,1,0,0.4029550573903206
MLP,2,0,0,0.3931177421310994
MLP,2,0,1,0.9999920607126028
MLP,2,0,0,0.4899652685348896
MLP,2,1,1,0.683363586249582
MLP,2,1,1,0.9981710358274706
MLP,2,0,0,0.4424276537222302
MLP,2,0,1,0.8672181116499567
MLP,2,0,0,0.3502796169239544
MLP,2,0,0,0.21015973890899547
MLP,2,0,0,0.2219171958836499
MLP,2,0,0,0.09100299945458473
MLP,2,1,0,0.15708880941707
MLP,2,0,0,0.20676615244475646
MLP,2,1,0,0.02897016446851459
MLP,2,0,0,0.25831333170890386
MLP,2,0,0,0.14778928452217888
MLP,2,0,0,0.4680391475255887
MLP,2,1,1,0.9583967168309621
MLP,2,0,1,0.9997398949777463
MLP,2,0,0,0.36643891621613245
MLP,2,0,0,0.3877512017327093
MLP,2,0,0,0.35596118953657585
MLP,2,0,0,0.27533066314191396
MLP,2,0,0,0.2283483242799899
MLP,2,0,0,0.2956408338511707
MLP,2,0,0,0.41476175826526396
MLP,2,0,1,0.7486543261315853
MLP,2,0,0,0.3059472322679146
MLP,2,1,0,0.49793682571206754
MLP,2,1,0,0.15050121227505112
MLP,2,0,1,0.7396591536438202
MLP,2,0,0,0.2521337978116702
MLP,2,1,0,0.43363948714792444
MLP,2,1,1,0.5154699948983675
MLP,2,0,0,0.3403748820412548
MLP,2,1,1,0.5317698305143457
MLP,2,0,0,0.2522478930586855
MLP,2,0,0,0.19613302745542494
MLP,2,0,0,0.4220336106079148
MLP,2,0,0,0.3381482324146346
MLP,2,1,0,0.2723392511873824
MLP,2,0,1,0.6343581759874117
MLP,2,0,0,0.2814760851430081
MLP,2,0,0,0.15508738404573874
MLP,2,0,0,0.1473314378031612
MLP,2,0,0,0.38720279523887374
MLP,2,1,1,0.8877403975358094
MLP,2,0,0,0.26196752705364446
MLP,2,0,0,0.26973549625575227
MLP,2,0,0,0.3533907728897304
MLP,2,0,0,0.2601903026944032
MLP,2,0,0,0.22341985383731677
MLP,2,0,1,0.7162368329697539
MLP,2,1,0,0.016416196508288003
MLP,2,0,1,0.6704065421937632
MLP,2,0,1,0.8714562689434657
MLP,2,0,1,0.6896145714612993
MLP,2,1,1,0.9895868983601764
MLP,2,1,0,0.45721404306408847
MLP,2,0,0,0.32126282868235917
MLP,2,0,0,0.09432538094707474
MLP,2,1,0,0.48456606174377276
MLP,2,0,0,0.46226914390434676
MLP,2,0,0,0.3843298470525636
MLP,2,0,1,0.6271690905276546
MLP,2,0,0,0.26452967278017203
MLP,2,0,0,0.07673457134388169
MLP,2,0,0,0.19817279347096703
MLP,2,0,0,0.48830575170457313
MLP,2,0,0,0.46677022469635365
MLP,2,0,0,0.491726698499577
MLP,2,0,1,0.5246440585418513
MLP,2,0,0,0.276530192506579
MLP,2,0,0,0.022307120215547496
MLP,2,1,0,0.14815478931580964
MLP,2,0,0,0.3183482102548302
MLP,2,0,0,0.28884530466010366
MLP,2,1,0,0.10221722446056165
MLP,2,0,1,0.624604178862719
MLP,2,0,0,0.3419582896385101
MLP,2,0,0,0.41230255592253656
MLP,2,0,1,0.5830092421723717
MLP,2,1,1,0.6693611838552808
MLP,2,1,0,0.49494556263928824
MLP,2,0,1,0.7028309443405374
MLP,2,0,0,0.1768865321600445
MLP,2,0,0,0.47033367898624057
MLP,2,0,0,0.20371021688989788
MLP,2,1,0,0.33134781602004465
MLP,2,1,0,0.33125800105953135
MLP,2,0,1,0.5120962629949467
MLP,2,1,0,0.026513893849359135
MLP,2,0,0,0.24625730743007626
MLP,2,0,1,0.6479839529174737
MLP,2,0,1,0.6410368822932626
MLP,2,0,0,0.20089969081630826
MLP,2,0,1,0.9040704956715042
MLP,2,0,0,0.36977658449961476
MLP,2,1,1,0.8121976655562894
MLP,2,0,0,0.4759251390799206
MLP,2,0,0,0.349553839985297
MLP,2,0,1,0.6766824414732957
MLP,2,0,0,0.26011214348058576
MLP,2,0,0,0.30527814405105214
MLP,2,0,0,0.19777673372704374
MLP,2,0,0,0.2684442750721988
MLP,2,1,1,0.919720707960248
MLP,2,0,0,0.43944560680960676
MLP,2,0,0,0.3352756454094348
MLP,2,0,0,0.08961253310120909
MLP,2,1,0,0.08333234361025785
MLP,2,0,0,0.2762197581840698
MLP,2,0,0,0.40936660340725284
MLP,2,0,0,0.30057334611606906
MLP,2,0,0,0.400077405095412
MLP,2,0,0,0.19859636848323795
MLP,2,0,0,0.21669409784509974
MLP,2,0,0,0.04912145512433926
MLP,2,0,0,0.23572361341699535
MLP,2,0,0,0.2820052937042014
MLP,2,0,0,0.04021102714978888
MLP,2,0,0,0.4040863692699957
MLP,2,0,1,0.5774300400290078
MLP,2,1,0,0.018194442384458772
MLP,2,1,1,0.5699752661629892
MLP,2,0,0,0.19327560863107987
MLP,2,0,0,0.29904011181437706
MLP,2,0,0,0.29765310232944303
MLP,2,0,1,0.7898617333250846
MLP,2,0,0,0.32879078812525236
MLP,2,1,0,0.36357228265815855
MLP,2,0,1,0.6044101871506861
MLP,2,0,0,0.22233284259677985
MLP,2,0,1,0.8909427750319098
MLP,2,0,1,0.6382336983424703
MLP,2,0,0,0.26502574124088585
MLP,2,0,0,0.35062307385272845
MLP,2,0,0,0.21203517055645935
MLP,2,0,0,0.24462092902220126
MLP,2,0,0,0.18918514052507032
MLP,2,0,0,0.121775754897187
MLP,2,0,0,0.06954638141354094
MLP,2,0,1,0.6774701885309009
MLP,2,0,0,0.0772600298542246
MLP,2,0,0,0.42639235146188953
MLP,2,0,0,0.493578290029991
MLP,2,0,1,0.5995189359868909
MLP,2,0,1,0.664027376682602
MLP,2,0,0,0.4903424186639027
MLP,2,0,0,0.46252527799990895
MLP,2,0,0,0.09410805706997374
MLP,2,1,1,0.9142928474270476
MLP,2,0,0,0.4838221117590258
MLP,2,0,0,0.414574731177986
MLP,2,1,0,0.2771949780585433
MLP,2,0,0,0.297205432176943
MLP,2,0,0,0.2445947012409398
MLP,2,0,0,0.17393388277142666
MLP,2,0,0,0.1321358986439726
MLP,2,0,0,0.28134280652198557
MLP,2,0,1,0.7088225374341385
MLP,2,0,0,0.3229415201244583
MLP,2,0,0,0.250959524672623
MLP,2,0,0,0.48692647900044966
MLP,2,0,0,0.15722008598642245
MLP,2,0,0,0.2640349420262499
MLP,2,0,0,0.0354069918639281
MLP,2,0,0,0.23791069891736044
MLP,2,0,0,0.12407973020833091
MLP,2,0,0,0.3387527323746801
MLP,2,0,1,0.5082473450247794
MLP,2,1,0,0.20319729690181607
MLP,2,1,1,0.8170427153041832
MLP,2,0,0,0.2709978720042995
MLP,2,1,1,0.8209842884420926
MLP,2,0,0,0.49327741975132605
MLP,2,0,1,0.7104050672592206
MLP,2,0,1,0.6530487096202113
MLP,2,1,1,0.6736481522312505
MLP,2,0,0,0.3044963806583938
MLP,2,0,0,0.3785170805356582
MLP,2,0,0,0.2564242535165446
MLP,2,0,0,0.49349225256281437
MLP,2,0,1,0.7023650098700331
MLP,2,0,0,0.24429509037480687
MLP,2,0,0,0.3550280894571754
MLP,2,0,1,0.801923246085701
MLP,2,0,0,0.39055387817780657
MLP,2,1,0,0.33046190469087344
MLP,2,0,0,0.26798693773829896
MLP,2,0,0,0.03428307581650992
MLP,2,0,0,0.15292143310391323
MLP,2,0,0,0.247512853173819
MLP,2,0,1,0.7289509154261442
MLP,2,1,0,0.2793018463748719
MLP,2,1,1,0.7485062171192666
MLP,2,0,0,0.1218607525089886
MLP,2,1,1,0.8583524736696
MLP,2,0,1,0.8442447132052056
MLP,2,1,0,0.29409614225253466
MLP,2,0,0,0.1836472064698892
MLP,2,1,0,0.4465837463111383
MLP,2,0,0,0.4553608248133055
MLP,2,0,0,0.09576253451000617
MLP,2,0,0,0.2345469595520669
MLP,2,1,1,0.5501206208243288
MLP,2,0,0,0.30016049295918384
MLP,2,0,0,0.4181078905126379
MLP,2,1,0,0.3503478867889581
MLP,2,0,0,0.2862329207216123
MLP,2,0,0,0.4207149659812044
MLP,2,0,0,0.14304677613167516
MLP,2,0,0,0.4041599266950188
MLP,2,0,1,0.6035797901726687
MLP,2,0,0,0.09805193731348251
MLP,2,0,0,0.4620174921857635
MLP,2,0,1,0.5555871178383331
MLP,2,0,0,0.3323065680592461
MLP,2,0,0,0.3614646997112153
MLP,2,0,0,0.4261502241214262
MLP,2,1,0,0.2996802505455694
MLP,2,0,1,0.6185575560104517
MLP,2,0,0,0.08363334627975412
MLP,2,0,1,0.5715574095472725
MLP,2,0,0,0.20495936245808816
MLP,2,1,1,0.9604570464688685
MLP,2,0,0,0.20851669705949358
MLP,2,1,0,0.2381593744473481
MLP,2,0,1,0.6438211505014301
MLP,2,1,0,0.2725968486204571
MLP,2,0,0,0.09074610735455317
MLP,2,1,1,0.6329954758256677
MLP,2,0,0,0.17117069530653195
MLP,2,0,1,0.5575332766717543
MLP,2,0,0,0.20517189433740002
MLP,2,0,0,0.24976828485252875
MLP,2,0,1,0.5856791801429978
MLP,2,1,0,0.3471663758044738
MLP,2,0,0,0.34929035348801973
MLP,2,0,0,0.24155226768384105
MLP,2,0,1,0.6981622541048818
MLP,2,0,0,0.19552364350563406
MLP,2,0,0,0.32219408766906094
MLP,2,0,0,0.27492069265673286
MLP,2,0,0,0.13910003572071544
MLP,2,0,0,0.22864604927530846
MLP,2,0,0,0.07799533990262944
MLP,2,0,0,0.37216098634113853
MLP,2,0,0,0.2931282746901272
MLP,2,0,0,0.04585994775994666
MLP,2,1,1,0.5936229764225851
MLP,2,0,0,0.2625080346337282
MLP,2,0,0,0.2833943419243126
MLP,2,0,0,0.13976122099413232
MLP,2,0,0,0.335040276969092
MLP,2,0,0,0.06376429635843876
MLP,2,0,1,0.5316530574937229
MLP,2,0,0,0.4514911258099768
MLP,2,0,0,0.004347494664337849
MLP,2,0,0,0.3592651794140594
MLP,2,1,1,0.7165998885050167
MLP,2,0,1,0.5129231984662354
MLP,2,0,0,0.20887785460864144
MLP,2,0,0,0.2447913912475754
MLP,2,0,0,0.4786106523140759
MLP,2,1,0,0.05191142244875532
MLP,2,1,0,0.42617520987671387
MLP,2,0,1,0.6441778045626355
MLP,2,0,0,0.3585387580767643
MLP,2,0,1,0.6146254657586449
MLP,2,1,0,0.07846550062660058
MLP,2,0,0,0.19510533998466284
MLP,2,1,1,0.5099431939248021
MLP,2,0,0,0.1328973966334637
MLP,2,1,0,0.27294148300238386
MLP,2,0,0,0.19519182116404127
MLP,2,0,0,0.19200511708726162
MLP,2,0,0,0.04707976921695375
MLP,2,0,0,0.3180568439395439
MLP,2,0,1,0.6479766130156756
MLP,2,0,1,0.6435214537144831
MLP,2,0,0,0.15198731084262493
MLP,2,1,1,0.7607863576141072
MLP,2,0,0,0.1644345988153382
MLP,2,0,0,0.34534526293684886
MLP,2,0,0,0.3958828333876067
MLP,2,0,0,0.2193395377551777
MLP,2,0,0,0.3709626010158804
MLP,2,0,1,0.6536243649649235
MLP,2,1,0,0.37928006873893155
MLP,2,0,1,0.8166745821198995
MLP,2,0,0,0.14570147683265064
MLP,2,0,0,0.05133433793829888
MLP,2,0,0,0.23420073243538214
MLP,2,0,0,0.2656435104327837
MLP,2,0,0,0.08087759221508613
MLP,2,0,0,0.29230040937240004
MLP,2,0,1,0.528604251331302
MLP,2,1,1,0.5289751887107987
MLP,2,0,0,0.2608471362664097
MLP,2,0,0,0.3292673909579562
MLP,2,1,0,0.2942034798165134
MLP,2,0,0,0.03667591211782124
MLP,2,0,0,0.19864337312897343
MLP,2,0,1,0.547964095885853
MLP,2,0,0,0.39929079431570486
MLP,2,0,0,0.1617943691506162
MLP,2,0,0,0.3639894139234127
MLP,2,0,0,0.4109982890447986
MLP,2,1,0,0.21644062255442073
MLP,2,0,0,0.2682390532449347
MLP,2,1,0,0.1250296698868799
MLP,2,1,0,0.23655098813783393
MLP,2,0,0,0.3340444813659188
MLP,2,0,0,0.40041347779328873
MLP,2,0,1,0.733754455957244
MLP,2,0,1,0.5349746721824177
MLP,2,0,0,0.22598756293991293
MLP,2,1,1,0.6613201974269346
MLP,2,0,0,0.3237114145866938
MLP,2,1,0,0.2442606889011411
MLP,2,0,1,0.5597900681553643
MLP,2,1,0,0.21618102800924863
MLP,2,1,0,0.4846171652963584
MLP,2,0,0,0.3121103496554373
MLP,2,1,0,0.09841493392108064
MLP,2,0,1,0.5237963728493016
MLP,2,0,0,0.317226065939911
MLP,2,0,0,0.25058073679382725
MLP,2,1,1,0.5665296145527151
MLP,2,0,1,0.5998602865429541
MLP,2,0,0,0.4954439118605903
MLP,2,0,1,0.6402266313241495
MLP,2,1,1,0.9777383462290946
MLP,2,1,1,0.9428417722158057
MLP,2,0,0,0.08760520465538615
MLP,2,0,1,0.5171268516358664
MLP,2,1,1,0.6027395095725255
MLP,2,0,0,0.18526576560685654
MLP,2,1,0,0.2773421865704745
MLP,2,0,0,0.15491852189421526
MLP,2,1,1,0.9966201504715154
MLP,2,0,0,0.03925245849566966
MLP,2,1,0,0.3705767620950753
MLP,2,0,0,0.306258714807066
MLP,2,1,0,0.4073716027868459
MLP,2,0,1,0.5757089339303524
MLP,2,1,0,0.41126724307190576
MLP,2,0,0,0.487145549574743
MLP,2,0,0,0.3554384027222895
MLP,2,1,0,0.19413116333014835
MLP,2,0,1,0.7183816350411663
MLP,2,0,1,0.6071816483996888
MLP,2,0,0,0.1846459769387956
MLP,2,0,0,0.27613955736858553
MLP,2,1,1,0.5229050872095382
MLP,2,0,0,0.19379495732528088
MLP,2,1,0,0.26819060843073245
MLP,2,0,0,0.12637907772149673
MLP,2,0,0,0.04461765274376317
MLP,2,0,1,0.6899216098319497
MLP,2,0,0,0.3417499190276716
MLP,2,0,0,0.2448504725257426
MLP,2,0,0,0.4173135019686982
MLP,2,0,0,0.1716691348880335
MLP,2,0,1,0.5438418586735521
MLP,2,0,1,0.5702576568890426
MLP,2,1,0,0.06488741321853098
MLP,2,1,1,0.8681208020426892
MLP,2,0,0,0.1658221739071197
MLP,2,0,1,0.5374717594725499
MLP,2,0,0,0.3113680791541433
MLP,2,0,1,0.7760800990605523
MLP,2,0,0,0.19385120531948288
MLP,2,1,0,0.16648213747296114
MLP,2,1,1,0.8135862787800685
MLP,2,0,0,0.3033925792011317
MLP,2,0,0,0.26024358563214767
MLP,2,0,0,0.1751302840640126
MLP,2,1,0,0.28893470852145275
MLP,2,0,1,0.5451409891899098
MLP,2,0,0,0.1908640470039047
MLP,2,1,0,0.23616830170939945
MLP,2,0,0,0.24825096090315732
MLP,2,0,1,0.5575109203087902
MLP,2,0,0,0.3917798068350596
MLP,2,0,0,0.4289051159890054
MLP,2,0,1,0.5124401049614963
MLP,2,0,1,0.7750798374988006
MLP,2,1,0,0.11175524366635607
MLP,2,0,0,0.1586583044616478
MLP,2,0,0,0.3386112777953083
MLP,2,0,0,0.27273128624835896
MLP,2,0,0,0.07543280551432337
MLP,2,0,1,0.5001234275734967
MLP,2,0,0,0.45015557504133985
MLP,2,0,0,0.20113826283195388
MLP,2,0,0,0.27090721873893525
MLP,2,0,0,0.24698276634100705
MLP,2,0,0,0.2763473182040325
MLP,2,0,1,0.7298858045365254
MLP,2,0,0,0.4596305712709627
MLP,2,0,1,0.6809730361613252
MLP,2,0,0,0.24249734015510313
MLP,2,0,0,0.16198945605290038
MLP,2,0,0,0.1227206189063673
MLP,2,0,0,0.1743424967787348
MLP,2,0,0,0.28923916541084227
MLP,2,0,0,0.4714491942417133
MLP,2,0,0,0.3173657562735122
MLP,2,0,1,0.6222605618392313
MLP,2,0,1,0.7430152576873429
MLP,2,0,0,0.4083032587334883
MLP,2,0,0,0.3031640049876597
MLP,2,0,1,0.7835200134673345
MLP,2,1,1,0.5196447891738495
MLP,2,1,1,0.9572298423195342
MLP,2,1,1,0.7345682348944674
MLP,2,0,0,0.09500040034136224
MLP,2,0,0,0.21020049164293067
MLP,2,1,0,0.2693518814924552
MLP,2,0,0,0.278062485627494
MLP,2,0,0,0.3229569686376558
MLP,2,1,0,0.18868369371576166
MLP,2,0,0,0.19979546037561785
MLP,2,0,0,0.295783573314709
MLP,2,0,0,0.2061858083918014
MLP,2,0,1,0.557893009042826
MLP,2,1,1,0.5480048475861844
MLP,2,0,0,0.2644076493813357
MLP,2,0,0,0.40791398179742194
MLP,2,0,0,0.18982675119036624
MLP,2,1,0,0.4367966307127244
MLP,2,0,0,0.2632782001706621
MLP,2,0,0,0.40801282699882613
MLP,2,0,0,0.1399588680272459
MLP,2,0,0,0.3566059921563476
MLP,2,1,1,0.9569681408002788
MLP,2,0,1,0.5231171816144218
MLP,2,0,0,0.0063128601814186345
MLP,2,0,0,0.3184493547606745
MLP,2,0,0,0.3457709271972206
MLP,2,0,0,0.38848403991145636
MLP,2,0,0,0.3380946898443955
MLP,2,0,0,0.4985216258451747
MLP,2,0,0,0.3402572426685621
MLP,2,0,0,0.18311194576574108
MLP,2,0,0,0.11389132117321261
MLP,2,0,0,0.20605488583316725
MLP,2,1,0,0.46635734922175337
MLP,2,1,0,0.20059739563210335
MLP,2,0,0,0.37966877456059184
MLP,2,1,1,0.572173671957733
MLP,2,0,0,0.29041250555321896
MLP,2,0,0,0.2752950090393738
MLP,2,1,1,0.9039181937567712
MLP,2,0,0,0.4381656721680493
MLP,2,0,1,0.9525440944586979
MLP,2,0,0,0.16568802036190639
MLP,2,1,1,0.7307287103978307
MLP,2,0,0,0.13659442819225828
MLP,2,0,0,0.39758743051949785
MLP,2,0,0,0.352953717324164
MLP,2,0,1,0.8192890016858311
MLP,2,0,1,0.8584017638669059
MLP,2,0,0,0.21264171037011487
MLP,2,1,1,0.5767451100193157
MLP,2,0,0,0.30281170542863667
MLP,2,1,0,0.06236371603105698
MLP,2,0,1,0.613570131761165
MLP,2,0,1,0.9997286026189537
MLP,2,0,0,0.1101097477428668
MLP,2,0,0,0.3962457660929078
MLP,2,0,0,0.30382952359706156
MLP,2,0,1,0.8302271967204898
MLP,2,0,0,0.38131131890939146
MLP,2,0,0,0.4162314283090205
MLP,2,0,0,0.23267295571657293
MLP,2,0,1,0.5606000041660533
MLP,2,0,0,0.18809304197392737
MLP,2,1,0,0.39927618923413
MLP,2,0,0,0.384585418178775
MLP,2,0,1,0.5039773000123089
MLP,2,1,1,0.9450442035975932
MLP,2,0,0,0.21585013077873794
MLP,2,0,1,0.5606765492088784
MLP,2,1,1,0.5674101745571678
MLP,2,0,0,0.38497539763790106
MLP,2,0,0,0.4186351941965005
MLP,2,1,0,0.09659821448411281
MLP,2,0,0,0.0362732052515757
MLP,2,1,0,0.2099022598871745
MLP,2,0,0,0.35059704696311217
MLP,2,1,1,0.7278797259448505
MLP,2,0,0,0.1518568276443753
MLP,2,1,1,0.9716335127288872
MLP,2,0,0,0.379020652517491
MLP,2,0,1,0.6641352015961933
MLP,2,1,1,0.8088525394448158
MLP,2,0,0,0.45394423738667355
MLP,2,0,0,0.2724599372343603
MLP,2,0,0,0.28933173919210053
MLP,2,0,1,0.7516474834417503
MLP,2,0,0,0.40098808449555
MLP,2,0,0,0.34376778694069754
MLP,2,1,1,0.8527716716668193
MLP,2,0,0,0.26031016864777984
MLP,2,0,0,0.24706881108152964
MLP,2,1,0,0.2983391951537304
MLP,2,1,1,0.9398445770338468
MLP,2,1,1,0.5927559656840795
MLP,2,0,0,0.2781719939263267
MLP,2,0,0,0.2417001368788663
MLP,2,0,0,0.4658317730694892
MLP,2,1,1,0.9602502696453807
MLP,2,0,0,0.2956280782313623
MLP,2,0,1,0.6237203317475298
MLP,2,1,1,0.8613839832888279
MLP,2,0,0,0.33122118900438713
MLP,2,1,1,0.5851085003666942
MLP,2,0,1,0.634070168171047
MLP,2,0,0,0.4991080365566582
MLP,2,1,0,0.200265561391671
MLP,2,1,0,0.22821379243871154
MLP,2,0,1,0.6410910203562232
MLP,2,0,0,0.2864126194289909
MLP,2,1,1,0.6731087483811136
MLP,2,0,0,0.14800922008293455
MLP,2,0,0,0.21025336983539744
MLP,2,0,1,0.5084691660835111
MLP,2,0,0,0.19451960082893677
MLP,2,0,0,0.36129915163631465
MLP,2,0,1,0.5325159978817352
MLP,2,0,0,0.3718014997883662
MLP,2,0,0,0.4065571025566661
MLP,2,0,1,0.662811453212596
MLP,2,0,1,0.5613044710035727
MLP,2,0,0,0.15341026545089684
MLP,2,0,0,0.3362187909029405
MLP,2,0,0,0.3648981395699952
MLP,2,1,1,0.7761118541879899
MLP,2,0,0,0.1930360851293848
MLP,2,0,1,0.6095082464513871
MLP,2,1,0,0.2164431707133484
MLP,2,0,1,0.5136239476209064
MLP,2,1,0,0.29356687400309217
MLP,2,0,0,0.29322526519121717
MLP,2,0,0,0.08879504731222404
MLP,2,1,0,0.45469088654772805
MLP,2,0,0,0.2746430968515072
MLP,2,0,0,0.42324748935977535
MLP,2,0,0,0.2700449048864833
MLP,2,1,0,0.43900398710961946
MLP,2,0,1,0.5256917342105181
MLP,2,0,0,0.18998498640034792
MLP,2,0,1,0.7077940105026357
MLP,2,0,1,0.9412601138759198
MLP,2,0,1,0.5862602667200273
MLP,2,1,1,0.9830576133768779
MLP,2,0,1,0.5129876174977064
MLP,2,0,0,0.15918013387679772
MLP,2,0,1,0.5091718748839839
MLP,2,0,0,0.29276148763311477
MLP,2,0,0,0.2604405615842717
MLP,2,0,0,0.25377397722976336
MLP,2,0,1,0.5876359635613171
MLP,2,0,0,0.4893845947440813
MLP,2,1,1,0.5968040516905849
MLP,2,0,0,0.131680248028028
MLP,2,0,0,0.3864960624944033
MLP,2,0,0,0.486427170381181
MLP,2,0,0,0.13254647450356544
MLP,2,0,0,0.39236908725961106
MLP,2,0,0,0.4078648856843011
MLP,2,0,0,0.26922575794547626
MLP,2,0,0,0.24972483180688268
MLP,2,0,1,0.7912354270418883
MLP,2,0,0,0.34873369651499453
MLP,2,0,0,0.37810958870008804
MLP,2,1,0,0.17124785226537925
MLP,2,0,0,0.31771830677273777
MLP,2,0,0,0.10143165019044514
MLP,2,0,0,0.19871695993959654
MLP,2,0,1,0.7497630768554934
MLP,2,0,0,0.40899194833841224
MLP,2,0,1,0.6192496176644005
MLP,2,0,0,0.34994617843737563
MLP,2,0,0,0.4915093391787352
MLP,2,0,0,0.00878825866909713
MLP,2,1,0,0.29863082556396053
MLP,2,0,1,0.5303536234297827
MLP,2,0,1,0.6988030908675625
MLP,2,0,0,0.46445068318597477
MLP,2,1,1,0.8338860494422238
MLP,2,0,1,0.8739851942523938
MLP,2,0,1,0.7278964617187791
MLP,2,0,1,0.5184440348397988
MLP,2,1,0,0.42414964556719276
MLP,2,0,1,0.8510862501600532
MLP,2,1,1,0.5617046257617755
MLP,2,0,0,0.15934740894955077
MLP,2,0,0,0.09936605551420605
MLP,2,1,0,0.27109518968953183
MLP,2,0,0,0.29979256529938764
MLP,2,1,1,0.7228508833554392
MLP,3,1,1,0.5424683252717363
MLP,3,0,0,0.236405112693464
MLP,3,0,0,0.19219822220318597
MLP,3,0,0,0.42116997333471745
MLP,3,0,1,0.6558617745028112
MLP,3,0,0,0.23103634382171362
MLP,3,0,0,0.22352112845773536
MLP,3,1,1,0.87851654112648
MLP,3,1,1,0.5829202953888071
MLP,3,0,0,0.1560937747560549
MLP,3,1,0,0.3304921707179425
MLP,3,0,0,0.3621595782161461
MLP,3,0,0,0.2178715966141996
MLP,3,0,0,0.12856604066153507
MLP,3,0,1,0.825438327284752
MLP,3,0,0,0.42570258857344523
MLP,3,0,0,0.3238488464270826
MLP,3,0,1,0.6201439842580456
MLP,3,1,0,0.36236857347088297
MLP,3,0,0,0.429110577126974
MLP,3,1,1,0.9881808110527771
MLP,3,1,0,0.032550849589329266
MLP,3,1,1,0.9460174060015392
MLP,3,1,1,0.9832091155629517
MLP,3,0,0,0.159842287001331
MLP,3,0,0,0.4595650060412007
MLP,3,1,1,0.9311784208849496
MLP,3,1,1,0.6284378638572904
MLP,3,1,1,0.5680680900247945
MLP,3,0,0,0.4540389728845071
MLP,3,0,1,0.985461886032668
MLP,3,1,0,0.24485919495918748
MLP,3,1,0,0.3993018499723123
MLP,3,0,1,0.7288489150366683
MLP,3,1,0,0.29482398781260005
MLP,3,1,1,0.540742381753908
MLP,3,1,1,0.8952017719956895
MLP,3,1,1,0.9674385761737149
MLP,3,0,1,0.71399681796583
MLP,3,0,0,0.19168525668084457
MLP,3,1,1,0.5078285175257093
MLP,3,0,1,0.5417386028910444
MLP,3,0,0,0.3644226719403429
MLP,3,0,0,0.22498272265348662
MLP,3,0,0,0.48553209217504706
MLP,3,1,0,0.09042778131680304
MLP,3,0,0,0.32426938979718484
MLP,3,0,0,0.20039406209816404
MLP,3,0,0,0.40198243822446195
MLP,3,0,0,0.09043587075452743
MLP,3,0,0,0.15959612108728455
MLP,3,0,0,0.2645282670727342
MLP,3,1,1,0.7014264811373145
MLP,3,0,0,0.14155608057310803
MLP,3,0,1,0.8339596054603754
MLP,3,1,1,0.996905019408865
MLP,3,1,1,0.9642423147678919
MLP,3,0,1,0.6029137038853916
MLP,3,0,0,0.2833861758800465
MLP,3,1,1,0.5954429964958933
MLP,3,1,0,0.4004328435857337
MLP,3,0,0,0.17336314680553333
MLP,3,1,0,0.4037830623717948
MLP,3,0,1,0.8730907501594122
MLP,3,0,0,0.4531014908351851
MLP,3,0,1,0.5101864053258307
MLP,3,0,0,0.4705407202605069
MLP,3,0,0,0.3247069675219137
MLP,3,0,0,0.11305820628555276
MLP,3,0,0,0.03779469284106568
MLP,3,1,0,0.15553790776283954
MLP,3,0,0,0.4650870463022816
MLP,3,1,1,0.9012503349107346
MLP,3,1,0,0.15655819421258113
MLP,3,0,0,0.19146072411714507
MLP,3,0,0,0.14753064699357943
MLP,3,0,1,0.9607466122548899
MLP,3,0,0,0.27761980958961807
MLP,3,0,1,0.6960410765035028
MLP,3,0,0,0.32015521560940885
MLP,3,0,0,0.438511226900215
MLP,3,0,1,0.5106407912943121
MLP,3,0,0,0.2335406138054383
MLP,3,1,1,0.6704937886985763
MLP,3,0,0,0.3383232537393215
MLP,3,0,0,0.1409727676688643
MLP,3,0,1,0.5002701326138946
MLP,3,1,0,0.24954197224742103
MLP,3,0,0,0.20147253600941414
MLP,3,0,0,0.3242383254986534
MLP,3,0,0,0.18933306518937304
MLP,3,0,0,0.15147311313531545
MLP,3,0,0,0.17328671598583292
MLP,3,0,0,0.314288320996155
MLP,3,0,0,0.18008953761682941
MLP,3,0,0,0.03750331154582498
MLP,3,0,0,0.3494593581929629
MLP,3,0,0,0.21193902941232784
MLP,3,1,0,0.49256135639216025
MLP,3,0,0,0.2882117043705207
MLP,3,1,1,0.8604513155784697
MLP,3,0,0,0.1056363166306515
MLP,3,1,1,0.9449074840953571
MLP,3,0,1,0.7726502670830574
MLP,3,0,0,0.476036505512836
MLP,3,0,0,0.3476402006702977
MLP,3,0,0,0.202995047218845
MLP,3,0,0,0.21765400523700462
MLP,3,1,0,0.43542888388559153
MLP,3,0,0,0.1219518903980303
MLP,3,1,0,0.47610729077957886
MLP,3,0,0,0.07688058116785422
MLP,3,0,0,0.3476815514858845
MLP,3,0,1,0.5007643361750226
MLP,3,0,0,0.20496191431366304
MLP,3,1,1,0.8491314303873304
MLP,3,0,0,0.23106186490430172
MLP,3,0,0,0.014019688268439216
MLP,3,0,1,0.5538365074040115
MLP,3,0,0,0.30252761962662733
MLP,3,1,0,0.22430848660378574
MLP,3,0,0,0.15987681553490402
MLP,3,0,0,0.044703131265167985
MLP,3,1,0,0.14938063935551862
MLP,3,0,0,0.4448238989211613
MLP,3,0,0,0.32810987323281876
MLP,3,0,1,0.93623727278105
MLP,3,0,0,0.019186076792213604
MLP,3,0,0,0.4199930087276839
MLP,3,1,0,0.09924478572541556
MLP,3,0,0,0.1977169372024978
MLP,3,0,0,0.4388931470362421
MLP,3,1,1,0.5396841177013345
MLP,3,0,1,0.6645215650584416
MLP,3,0,1,0.5614274739554503
MLP,3,1,1,0.9796274759631828
MLP,3,1,0,0.19473453030388543
MLP,3,0,0,0.20189532244260217
MLP,3,0,0,0.43943132914342864
MLP,3,0,0,0.1623575834426405
MLP,3,0,1,0.5150410634853452
MLP,3,1,1,0.7409808170285851
MLP,3,1,1,0.8542020112720613
MLP,3,1,1,1.0
MLP,3,0,0,0.40287792195816247
MLP,3,1,0,0.4334639621045418
MLP,3,1,0,0.321855778069015
MLP,3,0,0,0.045128484880040974
MLP,3,0,0,0.14871822646017607
MLP,3,0,0,0.16449990521379326
MLP,3,1,0,0.21838767323791683
MLP,3,0,1,0.8297838208898337
MLP,3,0,1,0.5500908301766595
MLP,3,0,0,0.4357406372490502
MLP,3,0,0,0.2754305907164559
MLP,3,1,0,6.236072864694814e-16
MLP,3,0,0,0.3954532367612158
MLP,3,0,0,0.17585682766670943
MLP,3,0,1,0.5407576343576431
MLP,3,0,1,0.6119287870810926
MLP,3,0,0,0.4285567226272997
MLP,3,0,0,0.23779171858685644
MLP,3,0,0,0.23734787101348676
MLP,3,0,0,0.3164555564982228
MLP,3,0,0,0.1661840869206566
MLP,3,0,0,0.4672176947772771
MLP,3,0,0,0.17816029759401134
MLP,3,0,1,0.7011355522728772
MLP,3,0,0,0.03649930881376586
MLP,3,1,0,0.2022277658533574
MLP,3,0,0,0.2488076232817632
MLP,3,0,0,0.30448195098353775
MLP,3,0,0,0.1011869405141606
MLP,3,0,0,0.24909668349418096
MLP,3,1,0,0.31349131072642716
MLP,3,0,1,0.5429919488079223
MLP,3,0,0,0.26492099672963054
MLP,3,0,0,3.78916302221211e-05
MLP,3,0,1,0.6973834982436128
MLP,3,0,0,0.23180156322432113
MLP,3,1,0,0.4691882689154059
MLP,3,0,0,0.1371276019440361
MLP,3,0,0,0.1970988003056186
MLP,3,0,1,0.7463021918464776
MLP,3,0,0,0.32163720272516727
MLP,3,0,0,0.33102050021421264
MLP,3,0,0,0.18823808682896845
MLP,3,1,1,0.7024581816224578
MLP,3,0,0,0.4882748658143247
MLP,3,0,1,0.761731912901659
MLP,3,0,0,0.47457671675952867
MLP,3,1,0,0.45678883249840063
MLP,3,1,1,0.7747262449156206
MLP,3,0,0,0.38648155153793406
MLP,3,0,0,0.22675045155001536
MLP,3,0,0,0.12941896574702394
MLP,3,1,1,0.8847286117180644
MLP,3,0,0,0.2827671950396599
MLP,3,0,0,0.33853175424026355
MLP,3,0,1,0.6837673202941985
MLP,3,0,0,0.20459592381555627
MLP,3,0,0,0.06992672526080118
MLP,3,0,0,0.049100560155578475
MLP,3,0,0,0.3384145934113561
MLP,3,0,0,0.23887007162009102
MLP,3,0,1,0.5676949442486954
MLP,3,0,0,0.046286558693445196
MLP,3,0,1,0.5512602825002451
MLP,3,0,0,0.13946992937468594
MLP,3,0,1,0.6684982684707534
MLP,3,0,0,0.3575366595700485
MLP,3,0,0,0.19707870628371385
MLP,3,0,0,0.10071642058117375
MLP,3,0,1,0.6434099441643282
MLP,3,0,0,0.0011454046568068802
MLP,3,0,0,0.3183569263106303
MLP,3,0,0,0.4554077045898408
MLP,3,1,0,0.2984747229419847
MLP,3,0,0,0.1312419099775669
MLP,3,1,0,0.18921804812078413
MLP,3,0,1,0.5413258819178194
MLP,3,0,0,0.31208205410030493
MLP,3,0,0,0.3812770213250111
MLP,3,0,0,0.46099533248676894
MLP,3,0,1,0.7702422921659607
MLP,3,0,0,0.31048819397176525
MLP,3,0,0,0.3045178311874015
MLP,3,0,1,0.6691346131227924
MLP,3,1,1,0.8638262910209266
MLP,3,0,0,0.18547697604759847
MLP,3,0,0,0.2986445678329199
MLP,3,0,0,0.47454512006577737
MLP,3,0,1,0.6261301155282258
MLP,3,0,0,0.16254290069665683
MLP,3,0,0,0.3487209638689789
MLP,3,0,0,0.2121836649891391
MLP,3,1,0,0.40904707316516875
MLP,3,1,0,0.26391074108920004
MLP,3,0,0,0.25003840701898494
MLP,3,0,0,0.4751246456869472
MLP,3,0,0,0.28590102940916323
MLP,3,1,0,0.47079505511832503
MLP,3,1,1,0.9228860808303381
MLP,3,0,0,0.06714558113011586
MLP,3,0,0,0.3570610545582987
MLP,3,0,1,0.793599983466212
MLP,3,0,0,0.1169438416292106
MLP,3,0,0,0.12019402074246961
MLP,3,0,0,0.17810852684234926
MLP,3,0,0,0.11061671234371068
MLP,3,0,0,0.23754563173196425
MLP,3,0,0,0.3271858733593318
MLP,3,0,1,0.5365455728810252
MLP,3,0,0,0.21150018075134283
MLP,3,0,0,0.21770864084715583
MLP,3,0,0,0.16008660349225806
MLP,3,1,1,0.5176470189300149
MLP,3,0,0,0.32736099511904476
MLP,3,1,0,0.36242186895043876
MLP,3,0,1,0.9486683374491912
MLP,3,0,0,0.15102911872151584
MLP,3,0,0,0.23595830262569178
MLP,3,0,0,0.06879429260510964
MLP,3,0,0,0.3363943008640631
MLP,3,0,0,0.2915402654732559
MLP,3,0,0,0.041617799509310535
MLP,3,0,0,0.18650451458576253
MLP,3,0,1,0.7294178038335862
MLP,3,1,1,0.7228317506363884
MLP,3,0,0,0.48116670442260817
MLP,3,0,0,0.38129862502313666
MLP,3,1,1,0.8243235819281757
MLP,3,0,0,0.1308123765583056
MLP,3,0,0,0.30285004203652877
MLP,3,0,0,0.20223705445655937
MLP,3,1,1,0.900024942505269
MLP,3,0,0,0.16758347035814608
MLP,3,0,0,0.10202133358284105
MLP,3,1,1,0.9569389243547426
MLP,3,0,0,0.3802047450022816
MLP,3,0,0,0.17491261392779883
MLP,3,1,0,0.37331396241884374
MLP,3,0,0,0.22024232989300205
MLP,3,0,0,0.24258877875492973
MLP,3,0,0,0.25699961564612334
MLP,3,0,0,0.37943489733243874
MLP,3,0,0,0.28926596961465173
MLP,3,0,0,0.09818871900490907
MLP,3,0,0,0.08415175582336164
MLP,3,0,0,0.04978248101456267
MLP,3,1,1,0.6035532990063884
MLP,3,0,1,0.6478907537651889
MLP,3,1,0,0.29156719552547
MLP,3,0,0,0.4325844387392676
MLP,3,0,0,0.4320848191298769
MLP,3,0,0,0.0604179005898094
MLP,3,0,0,0.14242510079236534
MLP,3,0,0,0.14463509622172616
MLP,3,0,0,0.4502155156235666
MLP,3,1,1,0.9838377932237896
MLP,3,0,1,0.7375616849498314
MLP,3,0,0,0.09995394724073597
MLP,3,0,0,0.45171630727936957
MLP,3,0,0,0.30399638560813835
MLP,3,1,1,0.7133579353094204
MLP,3,1,1,0.7183530249976786
MLP,3,0,0,0.31537653390332804
MLP,3,0,0,0.38791514217060125
MLP,3,1,1,0.8063944455743985
MLP,3,0,1,0.523697864853004
MLP,3,1,1,0.6832752691327624
MLP,3,0,0,0.2916599522468805
MLP,3,0,0,0.17186681284632452
MLP,3,0,0,0.3335066626582449
MLP,3,0,0,0.17599683832791402
MLP,3,0,0,0.15452822705805624
MLP,3,0,0,0.16210340933960482
MLP,3,1,0,0.1140026090485615
MLP,3,1,0,0.18706072074119193
MLP,3,0,0,0.22667498114921864
MLP,3,0,1,0.5476384787969173
MLP,3,0,0,0.24953240347428338
MLP,3,1,1,0.5196479526305116
MLP,3,0,0,0.2551725952672531
MLP,3,0,0,0.2228741473801422
MLP,3,0,1,0.8643576624466751
MLP,3,0,0,0.220089948947513
MLP,3,0,0,0.13659729003614346
MLP,3,0,1,0.6062064369779301
MLP,3,0,0,0.31761765853117113
MLP,3,0,0,0.06991869136726571
MLP,3,0,0,0.3344784519429713
MLP,3,0,0,0.2643514272654156
MLP,3,0,0,0.09434476326876821
MLP,3,0,0,0.4754670582304414
MLP,3,0,0,0.13113187328676112
MLP,3,0,0,0.3942414423191951
MLP,3,0,0,0.3137723533391691
MLP,3,0,1,0.6880882681080902
MLP,3,0,0,0.03938631644983037
MLP,3,0,0,0.4176834226538776
MLP,3,0,1,0.9955315343440415
MLP,3,0,0,0.17410596571854084
MLP,3,0,0,0.23651260753178688
MLP,3,0,0,0.26430276167341904
MLP,3,1,0,0.4623612888666877
MLP,3,0,0,0.4122737946823218
MLP,3,0,0,0.22964997097700526
MLP,3,0,0,0.09530424799021174
MLP,3,0,0,0.10245937884763172
MLP,3,0,1,0.5033120734983989
MLP,3,0,1,0.7341695044525374
MLP,3,1,0,0.1803374032164496
MLP,3,0,1,0.9583190173019207
MLP,3,0,1,0.6822248053456339
MLP,3,0,0,0.3107643235476911
MLP,3,0,0,0.38536284760949213
MLP,3,0,0,0.2625367463463317
MLP,3,1,1,0.6081492646008618
MLP,3,0,0,0.09548851165446687
MLP,3,0,0,0.26275139343187925
MLP,3,0,1,0.5392431287701914
MLP,3,0,0,0.38205846429191354
MLP,3,0,1,0.5636061386683013
MLP,3,0,0,0.17081296925375622
MLP,3,0,1,0.7637031787801141
MLP,3,0,0,0.2164792793126526
MLP,3,0,0,0.05454474375238352
MLP,3,1,0,0.1508618903935061
MLP,3,0,0,0.08291140813349826
MLP,3,1,0,0.28216264724986345
MLP,3,1,0,0.20325822106462618
MLP,3,0,1,0.5149320757418338
MLP,3,0,0,0.4792671072511348
MLP,3,0,1,0.9781175613753189
MLP,3,0,1,0.8728771973387639
MLP,3,0,1,0.6258054303175414
MLP,3,0,1,0.5237842930581407
MLP,3,0,0,0.48350989683298934
MLP,3,0,0,0.13071193423346203
MLP,3,0,0,0.3083038094392056
MLP,3,0,1,0.6538533250997081
MLP,3,1,1,0.8167392746868669
MLP,3,1,0,0.1905809273921706
MLP,3,0,0,0.2683297777189551
MLP,3,0,0,0.22189797828728014
MLP,3,0,1,0.9871286340704509
MLP,3,0,0,0.3163173697281535
MLP,3,0,0,0.12922922335141504
MLP,3,0,0,0.1271190714263233
MLP,3,0,0,0.17787124833212253
MLP,3,0,1,0.6810694557320712
MLP,3,1,1,0.8696063367409862
MLP,3,0,0,0.30941826036490233
MLP,3,0,0,0.059998356665454486
MLP,3,0,0,0.20014906694972867
MLP,3,0,1,0.9929900927180134
MLP,3,0,0,0.14939886235365737
MLP,3,1,1,0.5814722754993112
MLP,3,1,0,0.4593226570320724
MLP,3,1,0,0.4466959469664413
MLP,3,1,0,0.36296300717346064
MLP,3,0,0,0.18117554493761867
MLP,3,0,1,0.527706150300731
MLP,3,0,0,0.398461957437213
MLP,3,1,1,0.6767604730533228
MLP,3,0,0,0.028798682599787524
MLP,3,0,0,0.15832495966414786
MLP,3,0,1,0.6989662120616021
MLP,3,0,0,0.06827860023351118
MLP,3,1,1,0.7490016141472152
MLP,3,1,1,0.9198157340992631
MLP,3,0,0,0.31184573030840934
MLP,3,0,1,0.539305755312293
MLP,3,0,0,0.398737822850129
MLP,3,0,0,0.12329414677367828
MLP,3,0,1,0.5629873289278495
MLP,3,1,0,0.11475285635692596
MLP,3,0,1,0.5339630192476058
MLP,3,0,0,0.21943163987218417
MLP,3,0,0,0.14229669708894346
MLP,3,0,0,0.4918633222446853
MLP,3,0,1,0.6614457009632936
MLP,3,1,0,0.12163031556957975
MLP,3,0,0,0.11188098310417097
MLP,3,1,0,0.34443966066396475
MLP,3,0,1,0.557350683452851
MLP,3,0,0,0.2921967498222932
MLP,3,0,0,0.42581700114436477
MLP,3,1,0,0.056098232132030065
MLP,3,1,1,0.9664710038473527
MLP,3,1,0,0.20998599228948614
MLP,3,0,1,0.5071421863818526
MLP,3,1,0,0.3178399920830281
MLP,3,1,1,0.8835000025279589
MLP,3,0,1,0.5856791201490908
MLP,3,0,0,0.05407943985376182
MLP,3,0,0,0.339429629035719
MLP,3,1,1,0.5020183383396571
MLP,3,0,0,0.2995418304266954
MLP,3,0,0,0.11370584122352226
MLP,3,0,0,0.22686043014423551
MLP,3,1,0,0.45734043336159247
MLP,3,0,1,0.5836100216653216
MLP,3,0,0,0.43076769648010643
MLP,3,1,0,0.4252966885831591
MLP,3,0,0,0.22992050215485352
MLP,3,0,1,0.6387050950185167
MLP,3,0,0,0.46018018568306085
MLP,3,0,0,0.22868854984917703
MLP,3,0,0,0.3285858417098595
MLP,3,0,1,0.5393648567975227
MLP,3,0,0,0.1278658091275701
MLP,3,1,0,0.42627058359295333
MLP,3,1,1,0.9414677904769927
MLP,3,1,1,0.8476307752121696
MLP,3,0,1,0.6309768401006118
MLP,3,0,0,0.10089396692750148
MLP,3,0,1,0.900952121374137
MLP,3,0,1,0.5627838870756998
MLP,3,1,0,0.25332757967928304
MLP,3,0,1,0.6883904036086028
MLP,3,1,0,0.21409247842791218
MLP,3,0,1,0.5073694236601289
MLP,3,0,1,0.6377795763133779
MLP,3,1,0,0.351617223332178
MLP,3,0,0,0.4260600920702503
MLP,3,0,0,0.36388751459262936
MLP,3,0,0,0.2628990500017105
MLP,3,0,0,0.2731223650728827
MLP,3,1,1,0.6823137870946672
MLP,3,0,0,0.18908158144598794
MLP,3,1,0,0.4216018979029103
MLP,3,0,0,0.06510097787434548
MLP,3,0,0,0.19647962873788188
MLP,3,0,0,0.25390033783966126
MLP,3,0,0,0.43318003872361327
MLP,3,0,1,0.9639096107047255
MLP,3,0,0,0.35242328511757387
MLP,3,0,0,0.2500019584451966
MLP,3,0,0,0.48300998906556303
MLP,3,0,0,0.09793328992488694
MLP,3,0,1,0.9344348762435343
MLP,3,1,1,0.6341858588469165
MLP,3,0,0,0.37162484289632014
MLP,3,0,1,0.5065449198290942
MLP,3,0,0,0.22267609925927828
MLP,3,1,0,0.01872862976716807
MLP,3,0,0,0.3713510335750138
MLP,3,1,1,0.9043632034081163
MLP,3,1,0,0.4614546624743502
MLP,3,0,1,0.5656618872575869
MLP,3,0,0,0.18220248006591064
MLP,3,0,0,0.2881650144883474
MLP,3,0,0,0.4252966885831591
MLP,3,0,0,0.40396069011203517
MLP,3,0,1,0.7861592928023967
MLP,3,0,1,0.658353591450149
MLP,3,1,0,0.2199378241420342
MLP,3,0,0,0.09541174466919625
MLP,3,0,0,0.2633061052866575
MLP,3,1,1,0.9956689524170361
MLP,3,0,0,0.23531748117014278
MLP,3,1,1,0.954972629593543
MLP,3,1,0,0.33954698113713205
MLP,3,1,1,0.6776812323775968
MLP,3,0,0,0.40947919017083517
MLP,3,1,0,0.38596735541155713
MLP,3,0,0,0.16718355634141482
MLP,3,0,0,0.3128640763692035
MLP,3,0,1,0.5690225790424467
MLP,3,0,1,0.5903210368621932
MLP,3,1,0,0.19864828750005428
MLP,3,0,0,0.30381539953521575
MLP,3,0,0,0.18357375491886743
MLP,3,0,0,0.24767532242840218
MLP,3,1,0,0.21249232121933304
MLP,3,0,1,0.5547640524482277
MLP,3,0,0,0.37009505167170004
MLP,3,0,0,0.3866763876861407
MLP,3,0,0,0.3766030585374092
MLP,3,0,1,0.5619475322271987
MLP,3,0,0,0.010532493655627828
MLP,3,1,1,0.724521931434937
MLP,3,0,0,0.06452462169639782
MLP,3,0,0,0.22902039294405108
MLP,3,1,0,0.41399250463945064
MLP,3,0,0,0.2899918974969949
MLP,3,1,0,0.2744371465205925
MLP,3,0,0,0.2554707270095598
MLP,3,0,0,0.09963853719300196
MLP,3,0,0,0.07466813457510815
MLP,3,0,1,0.5210134585026013
MLP,3,0,0,0.47263935756636444
MLP,3,0,0,0.18845702494506578
MLP,3,1,1,0.981922339820111
MLP,3,0,0,0.20730579856543177
MLP,3,1,1,0.9182111821307474
MLP,3,0,0,0.3310540885143263
MLP,3,0,0,0.2837304260207457
MLP,3,0,0,0.18754251591015933
MLP,3,0,1,0.694867449993119
MLP,3,0,0,0.3014595566778989
MLP,3,1,0,0.3800678505487772
MLP,3,0,1,0.6323257741549766
MLP,3,1,0,0.4842963285219608
MLP,3,0,0,0.21371995100421365
MLP,3,0,0,0.21872072727619188
MLP,3,0,0,0.1602830592005017
MLP,3,0,0,0.11050397610026771
MLP,3,0,1,0.5489844024746859
MLP,3,0,0,0.2562419123633234
MLP,3,0,1,0.8537845407081023
MLP,3,0,1,0.7064910139871601
MLP,3,0,1,0.5833516523825345
MLP,3,0,1,0.9999903946483871
MLP,3,0,0,0.17396907010692567
MLP,3,0,0,0.31230894413719074
MLP,3,0,0,0.2472044374268331
MLP,3,1,0,0.02835398311619632
MLP,3,0,0,0.1551698364022819
MLP,3,0,0,0.14168924439589564
MLP,3,0,0,0.38073932330414145
MLP,3,0,0,0.19717784461904023
MLP,3,0,0,0.4572027168069413
MLP,3,0,1,0.7613831447948031
MLP,3,0,0,0.24697806308076817
MLP,3,0,1,0.8537429086342291
MLP,3,0,0,0.23263379899669936
MLP,3,1,0,0.3908141838114518
MLP,3,1,0,0.2606489162873066
MLP,3,0,0,0.30090944804075254
MLP,3,1,0,0.24922278598246472
MLP,3,1,0,0.4929007822726724
MLP,3,1,0,0.1890385160691438
MLP,3,0,0,0.10199038314841999
MLP,3,0,0,0.36525365106901386
MLP,3,0,0,0.4688833001156434
MLP,3,0,1,0.6661444453007486
MLP,3,1,1,0.9849581875008125
MLP,3,0,0,0.22368972820435132
MLP,3,0,0,0.11500302948115534
MLP,3,0,1,0.5761159856901636
MLP,3,0,0,0.26649344761300203
MLP,3,0,0,0.24908602392356133
MLP,3,1,0,0.28493115287747606
MLP,3,0,0,0.4704918885525397
MLP,3,1,0,0.30479014388540965
MLP,3,0,0,0.22028738211880794
MLP,3,0,0,0.14674002265347194
MLP,3,0,0,0.44309788931024685
MLP,3,0,1,0.9708680101631058
MLP,3,0,1,0.5589834520896779
MLP,3,1,0,0.4024779060602912
MLP,3,0,0,0.06457299824073268
MLP,3,0,0,0.09420875193179855
MLP,3,0,0,0.3275147489685825
MLP,3,0,0,0.20000259805036794
MLP,3,1,0,0.4400906055272676
MLP,3,0,0,0.13617377075795314
MLP,3,0,0,0.2510282243553648
MLP,3,0,0,0.36981019725630515
MLP,3,0,0,0.42518205434087597
MLP,3,0,0,0.0071797809839031345
MLP,3,0,0,0.3240897688312568
MLP,3,0,0,0.3653290208045918
MLP,3,0,0,0.4085380280287321
MLP,3,1,1,0.5074121711496011
MLP,3,0,0,0.4502059438195825
MLP,3,0,1,0.5089805702621583
MLP,3,1,1,0.7123854839410646
MLP,3,1,0,0.32039699517196174
MLP,3,0,0,0.2059002090567633
MLP,3,1,0,0.2056326636035175
MLP,3,0,0,0.0530710700775427
MLP,3,0,1,0.6278327192044735
MLP,3,0,0,0.14230107738088818
MLP,3,0,1,0.6188014078261893
MLP,3,1,0,0.2663162635111392
MLP,3,0,0,0.15523654270258727
MLP,3,0,0,0.23572094007162822
MLP,3,0,0,0.26857607708425685
MLP,3,0,1,0.5992173492619144
MLP,3,0,0,0.41633724776211295
MLP,3,1,0,0.1631467968344753
MLP,3,0,0,0.10470457280571684
MLP,3,0,0,0.1709541956588885
MLP,3,0,0,0.21752566190303377
MLP,3,0,1,0.5193962444821735
MLP,3,1,1,0.6624444599505396
MLP,3,0,1,0.5987147894990639
MLP,3,0,1,0.9682765593902879
MLP,3,0,1,0.5785774490456366
MLP,3,0,0,0.23753418211386434
MLP,3,0,1,0.5223715520414216
MLP,3,0,1,0.6597021172234708
MLP,3,1,1,0.8562786246195033
MLP,3,0,0,0.32668604430469034
MLP,3,1,1,0.6296277931217727
MLP,3,0,0,0.3140362176059128
MLP,3,0,1,0.6723819034955287
MLP,3,0,0,0.17139110217363387
MLP,3,0,0,0.27886600708045234
MLP,3,0,1,0.6321595028508371
MLP,3,0,0,0.4683513276115332
MLP,3,0,0,0.42089235601372676
MLP,3,0,0,0.13182023742796223
MLP,3,0,0,0.3683333831978777
MLP,3,0,0,0.18355820873256506
MLP,3,0,0,0.1759316690220698
MLP,3,0,0,0.3840980212396194
MLP,3,0,0,0.2945868709012984
MLP,3,0,1,0.518235671455026
MLP,3,0,1,0.6609343760897112
MLP,3,0,0,0.12389753012504783
MLP,3,0,1,0.6177369830611806
MLP,3,0,0,0.10796092974708495
MLP,3,0,0,0.47461598945129924
MLP,3,0,0,0.11983085359659829
MLP,3,0,0,0.2722228650663285
MLP,3,1,0,0.305929528899506
MLP,3,0,0,0.15011422315238568
MLP,3,1,0,0.2155460109708671
MLP,3,0,1,0.5797826849629706
MLP,3,0,0,0.12984058388007472
MLP,3,0,0,0.3408796627564142
MLP,3,0,0,0.2885553862602026
MLP,3,1,0,0.31961110717302194
MLP,3,1,1,0.5917884558755918
MLP,3,0,0,0.1665833014814267
MLP,3,0,0,0.35482610582319624
MLP,3,0,0,0.4016461533886306
MLP,3,0,0,0.4616672465826721
MLP,3,1,1,0.5364420148039809
MLP,3,1,1,0.7707216530180011
MLP,3,0,0,0.08813283263349327
MLP,3,0,1,0.6308573376910207
MLP,3,0,1,0.869757498625618
MLP,3,1,0,0.31340395888464706
MLP,3,0,0,0.008992508930441637
MLP,3,0,0,0.4949007846476262
MLP,3,0,0,0.043865201387919425
MLP,3,1,0,0.2955889643841257
MLP,3,0,0,0.15692593893382661
MLP,3,0,0,0.16295995395693044
MLP,3,0,0,0.18051671835000116
MLP,3,0,0,0.24896161039456477
MLP,3,0,0,0.19357101074094665
MLP,3,0,0,0.07577119881227923
MLP,3,1,0,0.15490472264393618
MLP,3,0,1,0.5238377437894174
MLP,3,1,0,0.2632343649515402
MLP,3,0,1,0.5017945352735813
MLP,3,0,0,0.18529162318151918
MLP,3,0,0,0.3061448097469659
MLP,3,0,0,0.08181460463401824
MLP,3,0,0,0.3027772284107426
MLP,3,0,0,0.24173967824324363
MLP,3,0,0,0.0672936988947021
MLP,3,0,0,0.49888370928633136
MLP,3,0,1,0.5018742524711821
MLP,3,0,0,0.059404677764863724
MLP,3,0,0,0.1191398272133079
MLP,3,1,0,0.16036468269724394
MLP,3,0,0,0.32470307883064425
MLP,3,0,0,0.4257107604998867
MLP,3,0,0,0.20815466196191418
MLP,3,0,0,0.3809841349144854
MLP,3,1,0,0.10815978240942356
MLP,3,1,0,0.047050982725087336
MLP,3,0,1,0.5077997890278163
MLP,3,1,0,0.19954142657305818
MLP,3,1,0,0.16568871675917834
MLP,3,0,0,0.4046099813068358
MLP,3,1,1,0.5857703916337241
MLP,3,0,0,0.22348308442815423
MLP,3,0,0,0.21801587559142002
MLP,3,0,0,0.36161247712279926
MLP,3,0,0,0.2039268724755929
MLP,3,0,0,0.4234776632070591
MLP,3,0,0,0.15385401646516064
MLP,3,0,0,0.09382272185278878
MLP,3,0,0,0.2876306599390845
MLP,3,0,0,0.19821276945735755
MLP,3,0,1,0.6567169536410489
MLP,3,0,1,0.6101258142685538
MLP,3,0,0,0.1385550237255244
MLP,3,0,0,0.36637610987312513
MLP,3,1,1,0.6804955787648753
MLP,3,0,0,0.1297898164553069
MLP,3,1,0,0.3540165040414847
MLP,3,1,0,0.2940934335531177
MLP,3,0,0,0.2873069592853158
MLP,3,0,0,0.28581745161795424
MLP,3,0,1,0.6850086354800815
MLP,3,1,0,0.20483503227932953
MLP,3,1,0,0.15765284792689593
MLP,3,0,1,0.685086094261045
MLP,3,0,0,0.3753024153787439
MLP,3,0,0,0.1484622099881901
MLP,3,0,0,0.04289656767023241
MLP,3,0,0,0.14514474032071292
MLP,3,0,0,0.48867473711635434
MLP,3,0,0,0.17759137237148678
MLP,3,1,1,0.6027775970188359
MLP,3,1,1,0.9910765689514375
MLP,3,0,0,0.15602746159126418
MLP,3,0,0,0.0697751362152182
MLP,3,0,0,0.1994017823847458
MLP,3,0,0,0.34478418989840653
MLP,3,0,0,0.15543478408089856
MLP,3,0,0,0.22613807304590414
MLP,3,0,0,0.18476485799446987
MLP,3,0,0,0.30427102919854304
MLP,3,0,0,0.46393750460948857
MLP,3,1,1,0.5504963411850511
MLP,3,0,0,0.24584000109196455
MLP,3,0,0,0.3253365364654
MLP,3,0,0,0.3052909160114324
MLP,3,0,1,0.5989135591249899
MLP,3,0,0,0.31573724405065434
MLP,3,0,1,0.5627235998456999
MLP,3,0,0,0.4723600554925738
MLP,3,0,0,0.20090230834714426
MLP,3,0,1,0.7411010864406294
MLP,3,0,0,0.03968646666891283
MLP,3,0,0,0.04326380324294818
MLP,3,0,0,0.13650293175403158
MLP,3,1,0,0.2027475176533496
MLP,3,0,0,0.35878345079111057
MLP,3,0,1,0.5086188248147443
MLP,3,0,1,0.6674221583313512
MLP,3,0,0,0.4737040857928136
MLP,3,0,0,0.1910992682987915
MLP,3,1,1,0.6224050004550411
MLP,3,0,1,0.7647540876176396
MLP,3,0,0,0.1890351074462979
MLP,3,1,0,0.27141692252114735
MLP,3,0,0,0.19187154932099576
MLP,3,0,0,0.1222090836119129
MLP,3,0,0,0.14691947640775718
MLP,3,0,0,0.074837697917027
MLP,3,0,0,0.007977471457845116
MLP,3,1,0,0.2876276100107865
MLP,3,0,1,0.8495256340882368
MLP,3,0,1,0.5219379149538057
MLP,3,0,0,0.12132548114552028
MLP,3,1,1,0.7492659727177143
MLP,3,0,1,0.576128700743893
MLP,3,0,0,0.26656883521751046
MLP,3,0,0,0.4519483180952393
MLP,3,1,0,0.2763748317082267
MLP,3,0,0,0.08519797474771748
MLP,3,0,0,0.012140853861175815
MLP,3,0,0,0.12695503571381644
MLP,3,0,1,0.5842020428726642
MLP,3,0,1,0.5556076092932932
MLP,3,0,0,0.3989530151507075
MLP,3,0,0,0.31585861851618735
MLP,3,0,0,0.4486252750932141
MLP,3,0,0,0.2743336510780933
MLP,3,1,0,0.37874512865517945
MLP,3,0,0,0.16598205438342636
MLP,3,0,0,0.3310926365681272
MLP,3,0,0,0.2613158624708665
MLP,3,0,0,0.41782580459921265
MLP,3,1,0,0.10094987814622486
MLP,3,0,0,0.3891416499970913
MLP,3,0,0,0.26086770363011974
MLP,3,0,1,0.6478669951504106
MLP,3,0,1,0.9091378511727372
MLP,3,1,1,0.6332503782162849
MLP,3,0,1,0.6587001354294499
MLP,3,0,1,0.9803907146623735
MLP,3,0,0,0.2718670928556064
MLP,3,1,0,0.15066352667637414
MLP,3,0,0,0.03334596138542174
MLP,3,0,0,0.26356987432168466
MLP,3,1,0,0.41782580459921265
MLP,3,1,1,0.8451116678983049
MLP,3,0,0,0.27512442264389314
MLP,3,0,0,0.45242606295954335
MLP,3,1,0,0.2562486876219331
MLP,3,0,0,0.28623531707370553
MLP,3,0,0,0.1158763232237353
MLP,3,1,1,0.7860525856416732
MLP,3,1,1,0.8772478090428665
MLP,3,0,0,0.36002833079250474
MLP,3,0,0,0.08679926755373742
MLP,3,0,0,0.41717631684691064
MLP,3,1,0,0.18864565070581596
MLP,3,0,0,0.3075468440604856
MLP,3,0,0,0.2841412651772602
MLP,3,0,0,0.1594788177642029
MLP,3,0,0,0.18839133559661533
MLP,3,0,0,0.19382909314601393
MLP,3,0,1,0.5508603540083044
MLP,3,1,0,0.02656651270014394
MLP,3,0,1,0.599902700590486
MLP,3,1,0,0.21471449854462712
MLP,3,0,0,0.4331801376691689
MLP,3,0,0,0.08673369604678223
MLP,3,0,0,0.30972742300614614
MLP,3,0,0,0.1630722649661105
MLP,3,0,0,0.1361789259376721
MLP,3,0,0,0.40847100356554483
MLP,3,0,0,0.14934150843315408
MLP,3,1,0,0.0996681115215904
MLP,3,0,0,0.27193039549001563
MLP,3,0,0,0.3641350218494637
MLP,3,0,0,0.4912038793676821
MLP,3,0,0,0.09171107236744076
MLP,3,0,0,0.2572329715162707
MLP,3,0,0,0.4695423197842195
MLP,3,0,0,0.058709056531845764
MLP,3,0,0,0.31589286982683507
MLP,3,0,0,0.08502954095536952
MLP,3,0,0,0.142539100590039
MLP,3,0,0,0.1416233257451099
MLP,3,0,0,0.44192154998038946
MLP,3,0,0,0.17662133857042492
MLP,3,0,0,0.3140707174573303
MLP,3,0,0,0.0795276576721426
MLP,3,1,1,0.5548751302848588
MLP,3,1,0,0.1751937338054399
MLP,3,0,0,0.1275719696866486
MLP,3,0,1,0.5413589445990395
MLP,3,0,0,0.41154859073693983
MLP,3,0,0,0.11088860810059532
MLP,3,0,0,0.12396660421241511
MLP,3,0,0,0.11983503934228672
MLP,3,0,1,0.7827137884536767
MLP,3,0,0,0.42696176268570213
MLP,3,0,1,0.6267674631690031
MLP,3,0,0,0.33575866823431655
MLP,3,0,0,0.24481035888294586
MLP,3,0,0,0.17408216923801095
MLP,3,0,0,0.23846081494902135
MLP,3,0,0,0.3130012602420036
MLP,3,1,0,0.3610990605683495
MLP,3,0,0,0.24892871897189328
MLP,3,0,0,0.42248323961703516
MLP,3,0,0,0.29274484682583063
MLP,3,0,0,0.2535903298435727
MLP,3,0,0,0.08136315770585008
MLP,3,0,0,0.1821564815171235
MLP,3,0,0,0.2454820741815072
MLP,3,1,1,0.7818116462247165
MLP,3,1,1,0.6133026877436851
MLP,3,0,1,0.6603609880892098
MLP,3,0,1,0.5055707118836278
MLP,3,0,0,0.11221253033322358
MLP,3,0,0,0.18392950255969107
MLP,3,0,0,0.4002535587520214
MLP,3,0,0,0.10729249280825631
MLP,3,0,1,0.5676611962074658
MLP,3,1,0,0.30965225647519784
MLP,3,1,0,0.322637573675192
MLP,3,0,0,0.31171270314581173
MLP,3,0,0,0.2889790030668456
MLP,3,1,0,0.19348511086926948
MLP,3,0,0,0.3502125688937082
MLP,3,0,0,0.26357551557554365
MLP,3,0,0,0.17405374341025426
MLP,3,0,1,0.7892163728442834
MLP,3,0,0,0.26466083342342256
MLP,3,0,1,0.5369075906279407
MLP,3,1,1,0.6807641566780798
MLP,3,0,0,0.4731795876704867
MLP,3,0,0,0.31354703362063885
MLP,3,0,0,0.21286423703473956
MLP,3,0,0,0.17847742291458862
MLP,3,1,0,0.005544152469166491
MLP,3,0,0,0.03594765507497237
MLP,3,0,0,0.2583947879218582
MLP,3,0,0,0.2519383220545361
MLP,3,0,1,0.5660506033538403
MLP,3,1,0,0.1937710302755449
MLP,3,0,0,0.12877682037937646
MLP,3,0,0,0.40111928059473895
MLP,3,0,1,0.8434479417528643
MLP,3,1,1,0.867477433101839
MLP,3,1,1,0.6005516023753863
MLP,3,1,0,0.3108392809407907
MLP,3,0,0,0.012533541856361644
MLP,3,0,0,0.08832819782572233
MLP,3,0,0,0.22590086353890498
MLP,3,0,1,0.5994629313868544
MLP,3,0,0,0.08800187856324378
MLP,3,0,0,0.19656755075704643
MLP,3,0,1,0.5154616589857491
MLP,3,0,0,0.47124482939979595
MLP,3,0,0,0.3392688340133331
MLP,3,0,0,0.20094999940363636
MLP,3,0,0,0.3116938081200699
MLP,3,0,0,0.0324389086400766
MLP,3,0,0,0.3712736224732621
MLP,3,0,0,0.3386121307316521
MLP,3,0,0,0.45880720915904283
MLP,3,0,0,0.14190946553343592
MLP,3,0,1,0.6583732232572481
MLP,3,1,0,0.32110641879616014
MLP,3,0,0,0.42480213096879244
MLP,3,1,0,0.23745132543394865
MLP,3,1,0,0.3661849299201576
MLP,3,0,0,0.44228239957770027
MLP,3,0,0,0.18966847498165174
MLP,3,0,0,0.43686136849246726
MLP,3,1,1,0.5158170726778837
MLP,3,0,0,0.15328489986459012
MLP,3,0,1,0.7322971274309155
MLP,3,0,0,0.18323769528943418
MLP,3,0,1,0.5105105998831851
MLP,3,0,0,0.04450464685873127
MLP,3,1,0,0.4147195632015723
MLP,3,0,0,0.4889567889917885
MLP,3,0,0,0.3825575578256021
MLP,3,0,0,0.32583564489285294
MLP,3,0,0,0.21073654812481726
MLP,3,1,0,0.2911973937432974
MLP,3,0,1,0.5810254884310163
MLP,3,0,0,0.07507706021117785
MLP,3,0,0,0.2194590073850786
MLP,3,0,1,0.9225920720180573
MLP,3,0,1,0.8080213016310467
MLP,3,0,0,0.40022494739614023
MLP,3,0,1,0.7922593751359073
MLP,3,1,1,0.9322566641938639
MLP,3,0,0,0.2758764792222395
MLP,3,1,1,0.9999178825492314
MLP,3,0,1,0.6968566588725188
MLP,3,0,1,0.5729031150089355
MLP,3,0,0,0.17400614170706205
MLP,3,0,0,0.20299402288373808
MLP,3,0,0,0.18717686459065003
MLP,3,0,1,0.8109403090703916
MLP,3,0,0,0.4056957579775892
MLP,3,0,1,0.8370477344688754
MLP,3,0,0,0.18591402189129402
MLP,3,0,0,0.2088015237666242
MLP,3,1,1,0.5842192259086515
MLP,3,1,1,0.505275361829258
MLP,3,1,1,0.7764190485402378
MLP,3,0,0,0.3268518284531208
MLP,3,1,0,0.4617561306426994
MLP,3,0,0,0.11563055366431664
MLP,3,1,1,0.8669159087472884
MLP,3,0,0,0.34532510854735016
MLP,3,0,1,0.6658155222204032
MLP,3,0,0,0.20221267855662559
MLP,3,0,0,0.4880808750409364
MLP,3,1,0,0.3563725265792629
MLP,3,0,0,0.0964285420821783
MLP,3,0,0,0.15281950586292617
MLP,3,1,0,0.38916740917003806
MLP,3,0,0,0.4124040355713483
MLP,3,0,1,0.8204931553805269
MLP,3,0,0,0.190755480861793
MLP,3,0,0,0.08766110775722419
MLP,3,0,0,0.21490478621482928
MLP,3,0,0,0.2446603301864602
MLP,3,1,0,0.31394567595824985
MLP,3,0,1,0.7884582819298488
MLP,3,0,0,0.29179467350613714
MLP,3,0,1,0.5617519227373591
MLP,3,1,0,0.2874590777772417
MLP,3,1,1,0.9666842851324016
MLP,3,0,1,0.81793704265419
MLP,3,0,0,0.4821639614096731
MLP,3,1,0,0.06681446835927454
MLP,3,0,1,0.6052091370549456
MLP,3,0,0,0.27693849052904573
MLP,3,1,1,0.8152880791800152
MLP,3,0,0,0.33658686841610985
MLP,3,0,0,0.14317108520854896
MLP,3,1,1,0.9925719584446956
MLP,3,0,1,0.6812632198352816
MLP,3,1,0,0.1360749838757252
MLP,3,0,0,0.17241818377202842
MLP,3,0,0,0.15357314642120354
MLP,3,0,0,0.3080211233107849
MLP,3,0,0,0.35645225829933525
MLP,3,1,0,0.39398525484250624
MLP,3,0,1,0.8057180526914581
MLP,3,1,0,0.4366536518871379
MLP,3,0,0,0.1199800499978404
MLP,3,0,1,0.832852866159519
MLP,3,0,0,0.22006432085015137
MLP,3,0,0,0.15086924428436466
MLP,3,0,0,0.12957930956029845
MLP,3,0,0,0.45067615256632065
MLP,3,0,0,0.27796259062206324
MLP,3,0,0,0.40290602861404795
MLP,3,0,0,0.18014818952957146
MLP,3,1,0,0.15414318222347068
MLP,3,0,0,0.13766417186213847
MLP,3,0,0,0.11064165586645165
MLP,3,0,1,0.555855090061071
MLP,3,0,0,0.2603005614481181
MLP,3,0,0,0.18769565609518948
MLP,3,0,1,0.71061806957142
MLP,3,0,0,0.13655475391357744
MLP,3,0,0,0.1581032499673133
MLP,3,1,0,0.25343144841238746
MLP,3,1,1,0.7992628078205752
MLP,3,0,0,0.19839646707685682
MLP,3,0,0,0.37630115929616753
MLP,3,0,0,0.208444971491802
MLP,3,1,0,0.09420724375026655
MLP,3,0,0,0.3724028825133237
MLP,3,1,1,0.725675188914604
MLP,3,0,0,0.49799938208290256
MLP,3,0,0,0.16270192174664144
MLP,3,0,1,0.6758997235266377
MLP,3,0,1,0.8684727892611414
MLP,3,0,1,0.5908226201043457
MLP,3,0,0,0.11847940131066409
MLP,3,0,0,0.1451551526952704
MLP,3,0,0,0.23113792790387191
MLP,3,0,0,0.07794625235670206
MLP,3,0,0,0.14012701257268978
MLP,3,0,0,0.1914029882180063
MLP,3,1,0,0.29857663446950766
MLP,3,0,0,0.42994819623841335
MLP,3,1,0,0.38185415706353626
MLP,3,0,0,0.17760702363686048
MLP,3,0,0,0.1309397364276438
MLP,3,0,1,0.7869403991615115
MLP,3,0,1,0.5403284266070482
MLP,3,1,0,0.38711461071523473
MLP,3,0,0,0.24151995122572253
MLP,3,0,0,0.1352202366499415
MLP,3,0,0,0.40052522298182475
MLP,3,0,0,0.4317099101372114
MLP,3,0,0,0.14731914376468877
MLP,3,1,0,0.2527444836895114
MLP,3,0,1,0.8412856842142008
MLP,3,0,0,0.20671049612617898
MLP,3,1,1,0.946765794672145
MLP,3,1,0,0.10719043704126016
MLP,3,0,0,0.30720510977027116
MLP,3,0,0,0.12629950289304828
MLP,3,0,0,0.1225465142542553
MLP,3,0,0,0.29276133172727087
MLP,3,0,0,0.2052327336650125
MLP,3,0,1,0.5408678654326682
MLP,3,0,0,0.2901063431390247
MLP,3,0,0,0.35387727855241324
MLP,3,0,0,0.14214456345456997
MLP,3,1,1,0.9649352930716105
MLP,3,0,0,0.2751403898164053
MLP,3,0,0,0.2235603950565147
MLP,3,0,0,0.19352334464800808
MLP,3,0,0,0.0057073311731426985
MLP,3,0,0,0.34640975272761454
MLP,3,0,0,0.2364060563550745
MLP,3,0,0,0.2271479216359239
MLP,3,0,1,0.6049060097757895
MLP,3,0,0,0.35454990272165665
MLP,3,0,0,0.19491130310293248
MLP,3,0,0,0.12869656552190836
MLP,3,0,0,0.12842780876861543
MLP,3,0,0,0.27578814307526295
MLP,3,0,1,0.614633274682349
MLP,3,0,0,0.34144107993691014
MLP,3,1,0,0.05318620974868392
MLP,3,0,0,0.4707701916339
MLP,3,1,0,0.1812596408178814
MLP,3,0,0,0.18841920553526423
MLP,3,0,0,0.27488231006372416
MLP,3,0,0,0.17432855331171146
MLP,3,0,0,0.011531505489171742
MLP,3,1,1,0.6726509683009969
MLP,3,0,0,0.2176638573256743
MLP,3,1,0,0.23481256822880484
MLP,3,1,0,0.19041430181972877
MLP,3,1,1,0.5607421921674518
MLP,3,0,0,0.4974440199599343
MLP,3,1,0,0.3434660834557766
MLP,3,0,0,0.26764648554765225
MLP,3,0,0,0.20160687595404836
MLP,3,1,0,0.2819205101699094
MLP,3,0,0,0.0782500699161127
MLP,3,1,1,0.5218124517616037
MLP,3,0,0,0.10936142254611897
MLP,3,0,1,0.9160463870804275
MLP,3,0,0,0.022604209112409263
MLP,3,0,0,0.2908915279046883
MLP,3,1,0,0.45431565396183093
MLP,3,0,0,0.1881377529896428
MLP,3,0,0,0.39700414699622594
MLP,3,0,1,0.576746909199657
MLP,3,0,0,0.08187722776351607
MLP,3,0,0,0.1557958570365657
MLP,3,0,0,0.1291385011251219
MLP,3,0,0,0.31848785626330445
MLP,3,0,1,0.8993824739196377
MLP,3,0,1,0.9479865311111161
MLP,3,0,0,0.10723490474665096
MLP,3,0,1,0.6692537875138176
MLP,3,0,0,0.30799736215536416
MLP,3,0,0,0.3832550362842196
MLP,3,0,0,0.1366249410758343
MLP,3,0,0,0.43295260846129924
MLP,3,1,1,0.7995097035721759
MLP,3,0,0,0.4462358562024586
MLP,3,1,1,0.932050138354304
MLP,3,1,1,0.706178189165614
MLP,3,0,0,0.3588046106661648
MLP,3,1,1,0.6561264089093265
MLP,3,1,1,0.559617599915433
MLP,3,0,0,0.36991590832924626
MLP,3,0,0,0.1449170618031065
MLP,3,0,1,0.9680079480878423
MLP,3,0,0,0.2732908844690227
MLP,3,0,0,0.1960120069477454
MLP,3,0,0,0.3521101991712006
MLP,3,0,0,0.10077747031786316
MLP,3,0,1,0.9041848318851302
MLP,3,0,0,0.423506170302554
MLP,3,0,0,0.1561434004495831
MLP,3,0,0,0.21933952505419008
MLP,3,0,1,0.5266865987674676
MLP,3,0,0,0.1292040072068699
MLP,3,0,0,0.45935538050290053
MLP,3,0,0,0.3714294187642394
MLP,3,0,0,0.47877302707928326
MLP,3,1,0,0.4942770102359019
MLP,3,0,0,0.07016871126745713
MLP,3,0,0,0.3301954743013112
MLP,3,0,0,0.35526793591412625
MLP,3,0,0,0.3856863429297292
MLP,3,1,1,0.8601886111418635
MLP,3,0,0,0.29737086618147845
MLP,3,0,1,0.7930973606032008
MLP,3,0,1,0.531508080393382
MLP,3,0,0,0.09214063816140483
MLP,3,0,0,0.3121772228789376
MLP,3,0,0,0.3132225891468056
MLP,3,0,0,0.09633264931334022
MLP,3,1,0,0.09736268671959766
MLP,3,1,0,0.15160239755383884
MLP,3,1,1,0.6417820340110754
MLP,3,0,0,0.10198569630061116
MLP,3,0,0,0.2033744300191497
MLP,3,0,0,0.09667706147231528
MLP,3,0,0,0.3488052438652595
MLP,3,1,0,0.3219125446709508
MLP,3,0,1,0.5053744203075057
MLP,3,1,0,0.44065756202257916
MLP,3,0,0,0.2414339748315422
MLP,3,0,0,0.3594998972821341
MLP,3,1,0,0.38966443824816177
MLP,3,1,0,0.00013289663211647155
MLP,3,0,1,0.9233888350006193
MLP,3,1,1,0.6935582243199494
MLP,3,0,0,0.10983997995768162
MLP,3,0,0,0.1564746004425275
MLP,3,0,0,0.32237875735254423
MLP,3,0,0,0.3721208823188389
MLP,3,1,0,0.21466956278827576
MLP,3,0,0,0.3629078813206581
MLP,3,0,0,0.41096297534352644
MLP,3,0,0,0.08606325967836162
MLP,3,0,0,0.19360515868670736
MLP,3,0,0,0.0012325363861074138
MLP,3,0,1,0.5750500699126192
MLP,3,0,0,0.00010952667279004455
MLP,3,0,0,0.16862939191769477
MLP,3,0,0,0.12354250975042304
MLP,3,1,1,0.9795802826527987
MLP,3,0,0,0.10353552494997076
MLP,3,1,1,0.6635957254125407
MLP,3,1,0,0.21419812496371776
MLP,3,0,0,0.363718007637497
MLP,3,0,0,0.10224422344524922
MLP,3,0,0,0.33568212230089123
MLP,3,1,0,0.2669586997174143
MLP,3,0,0,0.07711396637859316
MLP,3,1,0,0.2601988113972995
MLP,3,0,0,0.2966132233567186
MLP,3,0,1,0.7401390502861415
MLP,3,0,0,0.33305822859309214
MLP,3,0,0,0.03539145076725003
MLP,3,0,0,0.37057915386837287
MLP,3,0,0,0.345738993143424
MLP,3,0,0,0.25355213600386084
MLP,3,1,1,0.9347076898496218
MLP,3,0,0,0.11940101130639262
MLP,3,1,0,0.27567196708238906
MLP,3,0,0,0.26617197674086496
MLP,3,0,0,0.32571951160218515
MLP,3,0,1,0.7754259754217772
MLP,3,0,0,0.21066619454003135
MLP,3,0,0,0.010771027997434394
MLP,3,1,0,0.19788873586153716
MLP,3,0,0,0.42894723117970046
MLP,3,1,0,0.24754273318628559
MLP,3,0,0,0.37713727440699096
MLP,3,0,0,0.1293677377498447
MLP,3,1,0,0.2411361341709274
MLP,3,0,0,0.3522545957870894
MLP,3,1,0,0.3580742801784617
MLP,3,1,1,0.5497005710826067
MLP,3,1,0,0.292878550062355
MLP,3,0,0,0.060842746471842304
MLP,3,0,0,0.13053912114599991
MLP,3,1,0,0.2295679339833227
MLP,3,0,0,0.033483283455167455
MLP,3,0,1,0.5030916423443842
MLP,3,1,1,0.6494061071435048
MLP,3,1,0,0.15808504563724576
MLP,3,0,1,0.5086641146838157
MLP,3,0,0,0.28048482134426594
MLP,3,0,1,0.5955317693335239
MLP,3,0,0,0.10503041327308733
MLP,3,1,0,0.3470656939368311
MLP,3,0,0,0.0914829446728274
MLP,3,0,0,0.1353448836967953
MLP,3,0,0,0.2071424698229274
MLP,3,0,0,0.41614465869164696
MLP,3,0,0,0.43002418584223706
MLP,3,0,0,0.3210931630078172
MLP,3,1,0,0.4159469701908056
MLP,3,0,0,0.21421435457383872
MLP,3,1,0,0.03914563591823157
MLP,3,1,1,0.9220313246725181
MLP,3,1,1,0.6013119236093369
MLP,3,0,0,0.23861103224623798
MLP,3,1,0,0.36118962128849574
MLP,3,0,0,0.13502847334177107
MLP,3,0,0,0.3866823258996089
MLP,3,1,1,0.58091915191769
MLP,3,0,0,0.10185454177253872
MLP,3,0,0,0.3949635152939218
MLP,3,1,0,0.3839895268369046
MLP,3,0,1,0.7237307927098158
MLP,3,0,0,0.4176280614419202
MLP,3,0,0,0.16801629446237976
MLP,3,1,1,0.9352218416780941
MLP,3,0,0,0.47789251385731935
MLP,3,0,0,0.09003659928285489
MLP,3,0,0,0.27697649668447333
MLP,3,0,0,0.09144318456772621
MLP,3,1,0,0.3208237610092253
MLP,3,0,0,0.32769404115914325
MLP,3,0,0,0.08239441486758084
MLP,3,0,0,0.35051304598073757
MLP,3,0,0,0.26176653451728077
MLP,3,0,1,0.651194162387671
MLP,3,0,0,0.15810510091850763
MLP,3,0,0,0.21139063246282888
MLP,3,1,0,0.3543486844717936
MLP,3,1,1,0.7142599953567044
MLP,3,1,1,0.9998582896518918
MLP,3,0,0,0.06330019845803894
MLP,3,1,0,0.29164459827159495
MLP,3,0,0,0.043084266956248625
MLP,3,0,1,0.7049804415879143
MLP,3,0,0,0.3821295265066219
MLP,3,0,0,0.23794604442949185
MLP,3,0,0,0.45340110392238153
MLP,3,0,0,0.20614887195544332
MLP,3,0,0,0.49290245281543826
MLP,3,0,1,0.7286386408020128
MLP,3,0,1,0.7993827451283683
MLP,3,0,0,0.18965106045186675
MLP,3,0,0,0.278245423705097
MLP,3,0,1,0.8983921823536711
MLP,3,0,0,0.08148827906523355
MLP,3,0,1,0.5298938380988023
MLP,3,0,0,0.2603447448476904
MLP,3,0,1,0.7925618895168322
MLP,3,1,0,0.38263407767384644
MLP,3,0,0,0.08090815356825438
MLP,3,0,1,0.5021306175996011
MLP,3,0,0,0.4518119962961518
MLP,3,0,0,0.3916213197738937
MLP,3,0,0,0.08095752987839248
MLP,3,0,1,0.8831568828895469
MLP,3,0,0,0.14373329676068616
MLP,3,0,1,0.5081785448513926
MLP,3,1,0,0.1073942769419152
MLP,3,0,1,0.6484581017545544
MLP,3,0,0,0.3026398244579235
MLP,3,0,0,0.05346209866197882
MLP,3,0,0,0.2139289421493751
MLP,3,0,0,0.19874312209390554
MLP,3,0,0,0.14255379119724615
MLP,3,0,0,0.21939391322227889
MLP,3,1,0,0.22210559025620336
MLP,3,0,0,0.2383066077491937
MLP,3,0,1,0.7485919445887321
MLP,3,0,0,0.15206861353978757
MLP,3,0,0,0.24315182356621534
MLP,3,0,0,0.0988185240767294
MLP,3,0,0,0.1136622113672539
MLP,3,0,1,0.5392739455226616
MLP,3,0,0,0.326403615957314
MLP,3,1,0,0.16443304465847425
MLP,3,0,0,0.21220121184130436
MLP,3,1,0,0.2721269116845955
MLP,3,0,0,0.30544401732253723
MLP,3,1,0,0.12481695043834294
MLP,3,0,0,0.23716457515205253
MLP,3,0,0,0.09573307366735632
MLP,3,0,0,0.1862847184043218
MLP,3,1,1,0.8250342267970371
MLP,3,0,0,0.19955059159420394
MLP,3,0,0,0.09556584233266754
MLP,3,0,1,0.7413308340091032
MLP,3,1,0,0.3060385934179978
MLP,3,0,0,0.12517717731293468
MLP,3,0,1,0.6509228575064209
MLP,3,0,0,0.2261097670987927
MLP,3,1,0,0.4257868862843052
MLP,3,0,0,0.05247516034784163
MLP,3,1,1,0.694065606719057
MLP,3,0,0,0.3059461612038612
MLP,3,0,1,0.5742024673242502
MLP,3,0,0,0.21404060802710928
MLP,3,0,0,0.31045765587064966
MLP,3,0,1,0.63056328955014
MLP,3,1,0,0.14272164844171936
MLP,3,0,1,0.5436904706951103
MLP,3,0,1,0.539480212566285
MLP,3,0,1,0.651726277762275
MLP,3,1,0,0.18538802841524854
MLP,3,0,0,0.17047906479805525
MLP,3,0,0,0.35555871958485424
MLP,3,0,0,0.2757532135800752
MLP,3,0,0,0.10112469581013983
MLP,3,0,0,0.2389325142581587
MLP,3,0,0,0.2886438733864891
MLP,3,0,1,0.5396193348704672
MLP,3,0,0,0.4205518567679979
MLP,3,0,0,0.4236921036901415
MLP,3,0,0,0.12931895234633906
MLP,3,0,0,0.2508419065011241
MLP,3,1,0,0.4958236160376205
MLP,3,0,0,0.19410015160007132
MLP,3,0,1,0.511977056422119
MLP,3,0,0,0.2249504964790847
MLP,3,0,0,0.14386336374438274
MLP,3,0,0,0.12116589357838084
MLP,3,1,0,0.1909878297259312
MLP,3,0,0,0.3664140940519367
MLP,3,0,0,0.13533918382367288
MLP,3,0,1,0.5786533352492109
MLP,3,0,0,0.30090939458294846
MLP,3,0,0,0.23606611921241874
MLP,3,1,1,0.8009543522899575
MLP,3,0,0,0.19118887243218077
MLP,3,0,0,0.4206030893941316
MLP,3,1,0,0.2191573625927909
MLP,3,0,0,0.4487467230339081
MLP,3,0,0,0.20880586901478343
MLP,3,0,0,0.16558854450699034
MLP,3,0,0,0.11883747681678916
MLP,3,0,1,0.815388325412847
MLP,3,0,0,0.30827927311571107
MLP,3,0,0,0.18611080320670084
MLP,3,0,1,0.7104124211694214
MLP,3,0,1,0.7599436296850278
MLP,3,0,0,0.43792669522284045
MLP,3,0,0,0.3115912859195069
MLP,3,0,0,0.12141832820260727
MLP,3,0,1,0.517089641982293
MLP,3,0,0,0.11073250883305627
MLP,3,0,1,0.5510732269150729
MLP,3,0,0,0.17680933315101027
MLP,3,0,1,0.5052261280953118
MLP,3,0,0,0.30463458997135895
MLP,3,0,0,0.27086549213139527
MLP,3,0,0,0.04258624547488581
MLP,3,0,0,0.3340137804570693
MLP,3,0,0,0.26790085110301887
MLP,3,0,0,0.3224586628043836
MLP,3,0,1,0.9887857273802126
MLP,3,0,1,0.7558568681452883
MLP,3,0,0,0.4899416438005878
MLP,3,0,1,0.8140595753138765
MLP,3,0,0,0.26533627431308654
MLP,3,0,1,0.7340815174770922
MLP,3,0,0,0.26503495808901506
MLP,4,0,1,0.6562828319343053
MLP,4,0,1,0.6004989883878514
MLP,4,0,0,0.3671124012430493
MLP,4,0,1,0.5545137673719088
MLP,4,1,1,0.8326510725055506
MLP,4,0,0,0.24581016736747976
MLP,4,0,1,0.7421062902378543
MLP,4,0,0,0.20228159836160362
MLP,4,0,1,0.9645489732778447
MLP,4,0,0,0.09479455794749778
MLP,4,0,1,0.5693019845046288
MLP,4,0,0,0.3853717254636036
MLP,4,0,0,0.32689199221149734
MLP,4,0,1,0.5640155915319096
MLP,4,0,0,0.2043929283198063
MLP,4,1,1,0.6280429249249098
MLP,4,1,0,0.42504336265270054
MLP,4,0,0,0.20726758546423216
MLP,4,0,0,0.2418326571387623
MLP,4,0,0,0.3305627360757883
MLP,4,0,0,0.49650110098330347
MLP,4,0,0,0.25874501402201977
MLP,4,0,0,0.4345730553483799
MLP,4,0,1,0.7494312405116411
MLP,4,0,1,0.6118950528064614
MLP,4,0,1,0.6161838386902249
MLP,4,1,1,0.7516095810598089
MLP,4,0,0,0.05048363505653016
MLP,4,0,1,0.7112588855610669
MLP,4,0,0,0.37653005073728946
MLP,4,0,0,0.34122855153163056
MLP,4,0,0,0.3921041972131812
MLP,4,1,0,0.22427757128628095
MLP,4,0,0,0.03644202483972394
MLP,4,1,1,0.8474371356483423
MLP,4,0,0,0.1001912561149943
MLP,4,0,0,0.23250602856112962
MLP,4,0,0,0.21759596647856763
MLP,4,1,1,0.6986178657970571
MLP,4,0,1,0.7125946829131412
MLP,4,0,0,0.42261744514924976
MLP,4,0,1,0.7491709474825634
MLP,4,0,0,0.11153705960141386
MLP,4,0,0,0.32134980043050165
MLP,4,0,0,0.10625573929978943
MLP,4,0,0,0.4629801175751876
MLP,4,0,1,0.531732719175524
MLP,4,1,1,0.9999999999484177
MLP,4,0,1,0.8827068792014724
MLP,4,0,0,0.23889247387856544
MLP,4,1,1,0.5043303008592989
MLP,4,1,1,0.5651806887254671
MLP,4,0,1,0.7028784244080101
MLP,4,0,1,0.5571519765832686
MLP,4,0,0,0.4241049833475329
MLP,4,0,1,0.546031644247198
MLP,4,0,1,0.8687041547331792
MLP,4,0,0,0.11879831899917734
MLP,4,1,0,0.3411330591432367
MLP,4,0,1,0.7113113414604627
MLP,4,0,1,0.5892516334915088
MLP,4,0,0,0.2795213835909549
MLP,4,1,1,0.7082373060549183
MLP,4,1,0,0.1733334844393102
MLP,4,0,0,0.2248889249346478
MLP,4,0,0,2.6626274706319976e-06
MLP,4,0,0,0.1210236920854442
MLP,4,1,1,0.8911966606297741
MLP,4,0,0,0.04286220798266259
MLP,4,0,1,0.6320886572231732
MLP,4,0,0,0.09677480142935996
MLP,4,1,1,0.5155492106510802
MLP,4,1,1,0.8968718596024956
MLP,4,1,0,0.1427658259588179
MLP,4,1,0,0.13614130799510948
MLP,4,0,0,0.25821536393229944
MLP,4,0,0,0.4414013378480191
MLP,4,0,0,0.31120594329569956
MLP,4,0,0,0.28372690723437355
MLP,4,0,0,0.12639674988886768
MLP,4,0,0,0.16553926828802942
MLP,4,0,0,0.16198204298892868
MLP,4,0,1,0.5281988927141417
MLP,4,0,0,0.3715981200943524
MLP,4,0,1,0.5750675716200323
MLP,4,1,0,0.01382686457860396
MLP,4,1,1,0.6251344116908724
MLP,4,1,0,0.429388223582133
MLP,4,0,0,0.07006522647546085
MLP,4,0,0,0.45213953827137693
MLP,4,0,0,0.13346273218721819
MLP,4,1,1,0.5433237219295333
MLP,4,0,0,0.22020285734723233
MLP,4,1,1,0.8338698341821518
MLP,4,1,1,0.9778379222755383
MLP,4,0,0,0.4746313745361556
MLP,4,0,0,0.4142920180480091
MLP,4,1,1,0.6569688660321912
MLP,4,0,0,0.17536733305727153
MLP,4,0,1,0.6769156969633566
MLP,4,0,1,0.663121324555735
MLP,4,0,0,0.4045626670495518
MLP,4,0,0,0.1496221748553055
MLP,4,0,0,0.2382342456986826
MLP,4,0,1,0.7598848679459359
MLP,4,0,1,0.7417839420092077
MLP,4,0,0,0.44895696270624413
MLP,4,0,1,0.5737023877627146
MLP,4,0,0,0.34024835703403267
MLP,4,0,0,0.3294861353571083
MLP,4,0,0,0.07909153858471306
MLP,4,0,0,0.42469961748648644
MLP,4,0,0,0.4717461455924083
MLP,4,0,0,0.27455465570910026
MLP,4,0,1,0.5971236096261402
MLP,4,0,1,0.8229514224786257
MLP,4,0,0,0.4643130659515961
MLP,4,0,0,0.3618168886850403
MLP,4,0,0,0.15536854431263633
MLP,4,0,0,0.060897432424021194
MLP,4,0,0,0.2938553694255288
MLP,4,0,1,0.6334993020679537
MLP,4,0,1,0.9852544775059233
MLP,4,0,0,0.26243079614657655
MLP,4,0,0,0.10238852497885739
MLP,4,0,1,0.9999230984739411
MLP,4,0,1,0.6452771110688889
MLP,4,1,0,0.47609411359328574
MLP,4,1,1,0.8436704876722128
MLP,4,0,0,0.043727104515593675
MLP,4,0,0,0.2651699661152799
MLP,4,0,0,0.42393713648161974
MLP,4,1,0,0.31810029150525515
MLP,4,0,1,0.6878811778805781
MLP,4,0,0,0.1437029155714069
MLP,4,0,0,0.44037279449437355
MLP,4,0,0,0.21967842218771252
MLP,4,0,0,0.08617864448899037
MLP,4,0,1,0.6717814320137587
MLP,4,0,0,0.4239396071532414
MLP,4,0,0,0.45469370324858527
MLP,4,0,0,0.4757867237151099
MLP,4,1,0,0.32745387118598157
MLP,4,0,0,0.27712865675690823
MLP,4,0,1,0.6253767239835674
MLP,4,0,0,0.3067856740662445
MLP,4,0,0,0.33670714111999533
MLP,4,0,0,0.4648678463478074
MLP,4,0,0,0.26556219563130007
MLP,4,0,1,0.7465802354259342
MLP,4,1,0,0.4674941163077397
MLP,4,0,0,0.1615185690530085
MLP,4,0,0,0.3357095560285
MLP,4,0,0,0.404889394201468
MLP,4,1,0,0.04560254960257854
MLP,4,0,0,0.4571868391783122
MLP,4,0,0,0.32584972094391584
MLP,4,1,1,0.6583313452341382
MLP,4,0,0,0.40360507881859276
MLP,4,0,1,0.7493227094478451
MLP,4,1,1,0.5010028076549777
MLP,4,0,0,0.3769841785929592
MLP,4,0,0,0.46276478876504046
MLP,4,1,1,0.5299969151641215
MLP,4,0,1,0.7453928019480347
MLP,4,0,1,0.7393735088876336
MLP,4,0,1,0.9982764370660652
MLP,4,0,1,0.5331079491402425
MLP,4,0,0,0.19797384274067828
MLP,4,0,0,0.09864963316443567
MLP,4,0,0,0.20828432706592245
MLP,4,0,0,0.38182473438288383
MLP,4,0,0,0.05827577576887979
MLP,4,0,0,0.48716292148411894
MLP,4,1,0,0.30527520683837844
MLP,4,0,0,0.4040642233733859
MLP,4,0,0,0.35716420702014406
MLP,4,0,0,0.39362836707629734
MLP,4,1,1,0.7364584945441729
MLP,4,0,0,0.4892950656570246
MLP,4,0,0,0.26483332398807724
MLP,4,0,0,0.18029647841148663
MLP,4,1,1,0.514881428018026
MLP,4,0,1,0.822580796283105
MLP,4,1,1,0.6580363285951439
MLP,4,1,1,0.9913350085710638
MLP,4,0,0,0.1343915483542838
MLP,4,0,1,0.580550409771351
MLP,4,0,1,0.6196684053164904
MLP,4,0,1,0.5443472306918806
MLP,4,1,1,0.9408919176060511
MLP,4,0,0,0.3768747217911852
MLP,4,0,0,0.42839350241529667
MLP,4,0,0,0.40584309367495375
MLP,4,1,1,0.5089562145147157
MLP,4,0,1,0.716083555056351
MLP,4,0,0,0.22264800236283816
MLP,4,0,0,0.3395729297025097
MLP,4,0,0,0.23508714782111523
MLP,4,0,0,0.3087299340930797
MLP,4,0,1,0.6584398708747785
MLP,4,0,0,0.2985023454976497
MLP,4,0,0,0.49001758528507167
MLP,4,1,0,0.11352541677311827
MLP,4,0,0,0.1195319619005257
MLP,4,0,0,0.37818936272195675
MLP,4,0,0,0.45413235090530557
MLP,4,1,1,0.6311851761875165
MLP,4,0,1,0.6520339710156067
MLP,4,0,0,0.1446566552317835
MLP,4,1,0,0.4532684576087182
MLP,4,0,0,0.2495472439865544
MLP,4,0,0,0.20129568578261237
MLP,4,0,0,0.15470466826951548
MLP,4,1,1,0.5536302009055198
MLP,4,0,0,0.2258799329352415
MLP,4,0,0,0.40525945761346377
MLP,4,1,1,0.9404672864152458
MLP,4,0,0,0.3681881394883941
MLP,4,0,0,0.2873054793185614
MLP,4,0,0,0.24728318386008247
MLP,4,0,0,0.48682929779990297
MLP,4,0,1,0.7643832604043369
MLP,4,1,0,0.24335345575651798
MLP,4,0,0,0.012869548081513627
MLP,4,0,0,0.3481046254448759
MLP,4,0,0,0.49126526394885517
MLP,4,1,1,0.7022115450886729
MLP,4,0,0,0.4769622337809226
MLP,4,1,1,0.553174086257553
MLP,4,1,1,0.7388329696575653
MLP,4,0,0,0.48703834947607383
MLP,4,0,0,0.3623563720104094
MLP,4,0,0,0.40724529035554585
MLP,4,0,0,0.3920734661314103
MLP,4,0,0,0.36081574397024413
MLP,4,0,0,0.27732300075417343
MLP,4,0,0,0.31022022201242067
MLP,4,0,0,0.2870221641210784
MLP,4,0,0,0.4583077880227105
MLP,4,1,0,0.32961351810359923
MLP,4,0,0,0.29682048388175486
MLP,4,0,0,0.1434382247082365
MLP,4,0,0,0.3506673108978784
MLP,4,0,0,0.41928032946067456
MLP,4,0,0,0.37126848507383
MLP,4,0,0,0.03342131362533589
MLP,4,0,1,0.8313004772295419
MLP,4,1,0,0.15762137289808856
MLP,4,1,0,0.4377667738920918
MLP,4,0,0,0.27229939946018683
MLP,4,1,0,0.2839041326669699
MLP,4,1,0,0.25994036998971404
MLP,4,1,0,0.35551054130783566
MLP,4,1,1,0.7781705624981977
MLP,4,0,0,0.44765713536471685
MLP,4,0,1,0.5061060630804229
MLP,4,0,0,0.32516270846826906
MLP,4,0,1,0.9257555457373835
MLP,4,0,0,0.3604636318777158
MLP,4,0,0,0.4014717728978849
MLP,4,0,0,0.3518319680144791
MLP,4,1,0,0.4230365847772819
MLP,4,0,0,0.20182743132800127
MLP,4,0,0,0.29059185772497903
MLP,4,0,0,0.12146279100195133
MLP,4,0,0,0.4041879246671191
MLP,4,0,0,0.3629070005595204
MLP,4,0,0,0.14163293914374225
MLP,4,0,0,0.0845941948922902
MLP,4,0,1,0.9063211463462012
MLP,4,0,1,0.9981862529852906
MLP,4,0,0,0.3189458832578605
MLP,4,0,0,0.23295163493448603
MLP,4,0,0,0.40849903530713694
MLP,4,0,1,0.6457897262008022
MLP,4,0,1,0.7178784080155468
MLP,4,0,0,0.258885422139299
MLP,4,0,0,0.28660877542801794
MLP,4,0,1,0.5479366930802012
MLP,4,0,0,0.34544241123708264
MLP,4,0,0,0.47134199343162153
MLP,4,0,0,0.46466150162045977
MLP,4,1,0,0.2819994675277573
MLP,4,0,0,0.22638576496902557
MLP,4,1,0,0.4892509864307848
MLP,4,0,0,0.31102850967144935
MLP,4,1,1,0.7014835202927036
MLP,4,0,0,0.29442384071486377
MLP,4,0,0,0.45737284135694606
MLP,4,0,1,0.6815340842813462
MLP,4,0,0,0.10583680128062187
MLP,4,0,0,0.3122087011844812
MLP,4,0,0,0.4809295096135933
MLP,4,0,1,0.5043941503270675
MLP,4,1,1,0.9966931439054948
MLP,4,0,0,0.2767805239766476
MLP,4,0,1,0.7016880572456421
MLP,4,1,0,0.47714810863008716
MLP,4,0,1,0.6631634443624491
MLP,4,1,0,0.18310339720063812
MLP,4,0,1,0.6209204234107686
MLP,4,0,0,0.29664960057499545
MLP,4,0,1,0.6638317045995596
MLP,4,1,0,0.253524668036038
MLP,4,1,1,0.5729697409052716
MLP,4,1,0,0.14548369713711945
MLP,4,0,1,0.5076635131254833
MLP,4,1,1,0.5108231756313689
MLP,4,0,1,0.8063847395663242
MLP,4,0,0,0.10169310029094002
MLP,4,0,1,0.5810761817979263
MLP,4,1,0,0.289344539315695
MLP,4,0,0,0.2939625781937525
MLP,4,0,0,0.2984641998007607
MLP,4,0,0,0.13388555305613256
MLP,4,0,1,0.5183842882906446
MLP,4,0,0,0.4917181012220115
MLP,4,0,1,0.7096041945938526
MLP,4,0,0,0.08157880516341144
MLP,4,0,0,0.2666921889249287
MLP,4,0,0,0.24624398113015045
MLP,4,1,0,0.19693988771127532
MLP,4,0,0,0.2725847190403803
MLP,4,0,0,0.30682224691606075
MLP,4,1,0,0.17499186910972664
MLP,4,0,1,0.521717858214997
MLP,4,0,0,0.1638305023231315
MLP,4,1,0,0.4814560604899306
MLP,4,0,0,0.21705368535973638
MLP,4,0,0,0.18899165795030318
MLP,4,0,1,0.6494957723293173
MLP,4,1,1,0.6774119312758103
MLP,4,0,1,0.505332215137235
MLP,4,0,0,0.21963067383209584
MLP,4,0,1,0.5197713959839413
MLP,4,1,1,0.9999999999999882
MLP,4,0,0,0.3728895612190624
MLP,4,0,0,0.4073816667158035
MLP,4,0,1,0.6322810752822715
MLP,4,0,1,0.8122243669856893
MLP,4,0,0,0.25144913912948086
MLP,4,0,0,0.4255667293991932
MLP,4,1,0,0.47764210191335404
MLP,4,0,0,0.19410812124005047
MLP,4,0,1,0.5196342983353698
MLP,4,0,0,0.30822232612409767
MLP,4,0,1,0.6595767349800807
MLP,4,0,0,0.1025955007981851
MLP,4,0,0,0.23309289437462688
MLP,4,1,0,0.47053794248845
MLP,4,0,0,0.4784006961947593
MLP,4,0,0,0.1911992387803468
MLP,4,0,0,0.07800245669133299
MLP,4,0,0,0.1931747405863107
MLP,4,0,1,0.6504753020961915
MLP,4,0,0,0.048396003620825044
MLP,4,0,1,0.8914158820161496
MLP,4,0,0,0.09019369373528426
MLP,4,1,1,0.6162992879637758
MLP,4,0,0,0.2869399061406681
MLP,4,1,1,0.6194238702187632
MLP,4,0,0,0.46125975980386946
MLP,4,0,0,0.3802412656792908
MLP,4,0,1,0.927741990857351
MLP,4,0,1,0.6129644410568487
MLP,4,0,1,0.591426981385792
MLP,4,0,0,0.37714457901622744
MLP,4,0,0,0.27679442104217106
MLP,4,0,0,0.24289746839282886
MLP,4,1,0,5.498537759147167e-05
MLP,4,0,0,0.38749953641997315
MLP,4,0,0,0.3448217788629414
MLP,4,0,0,0.3447945977736435
MLP,4,0,0,0.2920095777164912
MLP,4,0,0,0.11009229604931382
MLP,4,1,0,0.23303396856967057
MLP,4,1,0,0.12652490130639554
MLP,4,0,0,0.307546715846896
MLP,4,1,1,0.5175702879563339
MLP,4,1,1,0.5893941921316718
MLP,4,0,1,0.6932791335219322
MLP,4,0,0,0.23513943402195794
MLP,4,0,0,0.22662622544794583
MLP,4,0,0,0.32664679834764887
MLP,4,1,1,0.6733068535224886
MLP,4,0,0,0.3133410928484566
MLP,4,1,1,0.7509981772423432
MLP,4,1,1,0.7274979818222413
MLP,4,1,1,0.633816254595362
MLP,4,1,0,0.43675741949459296
MLP,4,0,0,0.2721177523411457
MLP,4,0,0,0.3351423870771501
MLP,4,0,1,0.6640557578630066
MLP,4,0,0,0.23068781668243324
MLP,4,0,0,0.257816763294196
MLP,4,1,1,0.6380257189649003
MLP,4,0,0,0.10605469328878853
MLP,4,0,0,0.4898272697812054
MLP,4,0,0,0.16309455987332763
MLP,4,0,1,0.5757730195726996
MLP,4,1,1,0.5436370498847568
MLP,4,0,0,0.22619533924052387
MLP,4,0,1,0.697495758039845
MLP,4,0,0,0.24951497528681638
MLP,4,1,1,0.7755516951778153
MLP,4,0,0,0.34551228480986984
MLP,4,1,0,0.18538386310288768
MLP,4,1,0,0.20511977590604846
MLP,4,0,0,0.10018650385220235
MLP,4,0,1,0.5505875313843749
MLP,4,0,0,0.3905049609383481
MLP,4,0,0,0.21832216019377804
MLP,4,0,0,0.4144914279239731
MLP,4,0,0,0.43073929772580827
MLP,4,0,0,0.38595133743376026
MLP,4,0,1,0.5687724121066186
MLP,4,0,1,0.5795348919940473
MLP,4,0,0,0.41568678926477354
MLP,4,0,0,0.2590243156123255
MLP,4,0,0,0.3033516367949508
MLP,4,0,0,0.2638907843264385
MLP,4,0,0,0.23421638487821647
MLP,4,0,1,0.5823345112167122
MLP,4,0,1,0.6966347628600867
MLP,4,0,0,0.3847359739811437
MLP,4,0,1,0.6945971701755597
MLP,4,0,1,0.6207575499652402
MLP,4,0,0,0.2811155034707227
MLP,4,0,1,0.8203649451707711
MLP,4,0,0,0.24144283766901928
MLP,4,0,0,0.47362037797486156
MLP,4,1,1,0.7504446021236555
MLP,4,0,0,0.3221385990803772
MLP,4,0,1,0.5722458954825462
MLP,4,0,0,0.3376371148395418
MLP,4,1,0,0.4938522942206077
MLP,4,0,0,0.1319629942256973
MLP,4,0,0,0.2955174116997648
MLP,4,1,1,0.9950179926193586
MLP,4,0,1,0.5242699874886474
MLP,4,0,1,0.5301361061021257
MLP,4,0,0,0.38959756286982444
MLP,4,0,0,0.17831487227105133
MLP,4,1,0,0.4802816556382377
MLP,4,0,1,0.5313139265449806
MLP,4,0,0,0.3373834968870617
MLP,4,0,0,0.2976473199143491
MLP,4,0,0,0.032462494029117515
MLP,4,0,0,0.2975104928613399
MLP,4,1,1,0.6252999289344218
MLP,4,0,0,0.4197613726027812
MLP,4,0,0,0.05146833874558194
MLP,4,0,1,0.6699984221002538
MLP,4,0,0,0.15101058354563301
MLP,4,0,0,0.21975387773678035
MLP,4,0,0,0.27789448051923754
MLP,4,0,0,0.32698805621934185
MLP,4,0,0,0.12968824706085158
MLP,4,0,0,0.1596312299559892
MLP,4,1,0,0.3788257965233998
MLP,4,0,0,0.14317214849390447
MLP,4,1,0,0.3130057524239538
MLP,4,0,0,0.4951462383324845
MLP,4,0,0,0.37293633019569056
MLP,4,0,1,0.5737792224705224
MLP,4,0,0,0.4907475209398282
MLP,4,0,0,0.26996383505417426
MLP,4,1,1,0.6897846040391078
MLP,4,0,0,0.19667758498865265
MLP,4,0,0,0.3523184873313483
MLP,4,1,0,0.20598685408162815
MLP,4,0,0,0.18612995507356922
MLP,4,1,1,0.5219156896532844
MLP,4,0,1,0.6570695717197662
MLP,4,0,0,0.36849507953186195
MLP,4,0,1,0.9327152302960231
MLP,4,0,0,0.4562509262443267
MLP,4,0,0,0.37641720304260223
MLP,4,0,0,0.3551148842611349
MLP,4,1,1,0.5164082011472163
MLP,4,0,0,0.28548756427690586
MLP,4,0,0,0.24087541655389283
MLP,4,0,0,0.1978119904728393
MLP,4,0,0,0.23215398534951012
MLP,4,0,0,0.270327001959314
MLP,4,0,1,0.9499013455635021
MLP,4,1,1,0.999999573240753
MLP,4,0,0,0.20321347138487872
MLP,4,0,0,0.22217962350674691
MLP,4,0,0,0.25788991641962417
MLP,4,0,1,0.7956552670003314
MLP,4,0,0,0.3236923750289383
MLP,4,0,0,0.2556690971660974
MLP,4,0,0,0.41073336459869314
MLP,4,0,0,0.41209276713301213
MLP,4,0,0,0.2611878769562113
MLP,4,0,1,0.7698520608504332
MLP,4,0,0,0.21461632747029644
MLP,4,1,1,0.8220414900218763
MLP,4,0,1,0.5213131083841479
MLP,4,0,0,0.2079792970044958
MLP,4,0,0,0.05644035615361342
MLP,4,0,0,0.2037293626816787
MLP,4,0,0,0.15280662448470855
MLP,4,1,0,0.31494446410368265
MLP,4,0,0,0.29456010943589006
MLP,4,1,0,0.24133177535060069
MLP,4,1,1,0.7702892168322498
MLP,4,0,0,0.4751396633097271
MLP,4,0,0,0.24359787365867272
MLP,4,0,0,0.16456765332332302
MLP,4,1,0,0.4518526182642437
MLP,4,0,0,0.21808342620392757
MLP,4,0,0,0.06949591570598462
MLP,4,0,1,0.7272894334140686
MLP,4,0,1,0.7304649191869053
MLP,4,1,1,0.8786815831648481
MLP,4,0,0,0.17155649216423569
MLP,4,0,0,0.318328460535741
MLP,4,0,1,0.5761998670332886
MLP,4,0,0,0.23198868749450471
MLP,4,0,1,0.7395110993858597
MLP,4,0,1,0.7264900917303634
MLP,4,0,0,0.2583176652600301
MLP,4,0,1,0.5414162381258149
MLP,4,0,0,0.12114349640286524
MLP,4,1,0,0.2751228877193562
MLP,4,0,0,0.44391208471386395
MLP,4,1,0,0.43446094872220103
MLP,4,0,0,0.3148239885296937
MLP,4,0,0,0.19976119926091007
MLP,4,0,0,0.3827104555717912
MLP,4,0,0,0.4159294455830818
MLP,4,0,0,0.4538895005997425
MLP,4,0,0,0.2556352975887812
MLP,4,0,0,0.16694654819123816
MLP,4,0,0,0.35728795609424935
MLP,4,0,0,0.40030120634873645
MLP,4,0,0,0.38013432602244024
MLP,4,0,0,0.01371389359479447
MLP,4,1,1,0.7544460310753294
MLP,4,1,1,0.5023813815082312
MLP,4,0,0,0.34369874368501796
MLP,4,0,0,0.027252609739498092
MLP,4,0,0,0.2886099523399586
MLP,4,1,1,0.7764389816180738
MLP,4,0,0,0.27106218987857267
MLP,4,0,1,0.6455341895226197
MLP,4,1,1,0.5958017386540279
MLP,4,0,0,0.19705508162268764
MLP,4,0,0,0.37696868984247206
MLP,4,0,0,0.11968109602167118
MLP,4,1,0,0.24670088554726902
MLP,4,0,0,0.2645078102116279
MLP,4,0,0,0.3259626542622523
MLP,4,0,1,0.703410022524126
MLP,4,1,0,0.21090806212488417
MLP,4,0,0,0.19333034531433718
MLP,4,0,0,0.436733464382141
MLP,4,0,1,0.9660516293402442
MLP,4,0,1,0.6864395704650608
MLP,4,0,0,0.2674443896302024
MLP,4,0,0,0.43697962881668956
MLP,4,0,0,0.19824635278986283
MLP,4,1,1,0.6384458611993564
MLP,4,0,1,0.508940365624625
MLP,4,1,0,0.24807664226918827
MLP,4,0,0,0.4098495344792087
MLP,4,0,1,0.675052950441951
MLP,4,0,0,0.181017927338805
MLP,4,0,0,0.45590171323184914
MLP,4,0,1,0.5104349027554214
MLP,4,0,1,0.7367237584790084
MLP,4,0,1,0.7132595277739527
MLP,4,0,0,0.1356150519572193
MLP,4,1,0,0.48109351374497406
MLP,4,0,1,0.5576679916834
MLP,4,1,1,0.6173873999359969
MLP,4,0,0,0.32387340880607807
MLP,4,1,1,0.9959524587879218
MLP,4,1,0,0.28235432185185616
MLP,4,0,1,0.5061689837959983
MLP,4,0,0,0.1781832619619457
MLP,4,1,0,0.2514885783690689
MLP,4,0,0,0.08404081140377082
MLP,4,1,0,0.10096271437848232
MLP,4,0,0,0.35439510185538176
MLP,4,0,1,0.5087026099470595
MLP,4,0,0,0.22910159801507377
MLP,4,0,1,0.8140914061811911
MLP,4,0,0,0.2344272658388353
MLP,4,0,1,0.6287493488595856
MLP,4,0,0,0.455636460900281
MLP,4,0,1,0.9910252685742885
MLP,4,0,0,0.32550241555928533
MLP,4,0,0,0.1913629951630356
MLP,4,1,0,0.11058965442199191
MLP,4,1,0,0.3447818230838074
MLP,4,0,0,0.40164416111387374
MLP,4,0,0,0.4917142765273527
MLP,4,0,0,0.24792576749361256
MLP,4,0,1,0.5680901824776413
MLP,4,0,0,0.3411330591432367
MLP,4,0,0,0.315923396799372
MLP,4,0,0,0.14696619196429586
MLP,4,1,1,0.6968200205886657
MLP,4,0,0,0.16329077795170668
MLP,4,0,0,0.4322212752917368
MLP,4,0,0,0.24816537297634841
MLP,4,0,0,0.12414209628767976
MLP,4,0,0,0.09416971468268377
MLP,4,1,0,0.36520270493272894
MLP,4,1,1,0.6409360303148776
MLP,4,1,1,0.8398534819569082
MLP,4,0,0,0.2285407493899799
MLP,4,0,1,0.6881981966742715
MLP,4,0,0,0.0833460221974622
MLP,4,0,1,0.6009143262600005
MLP,4,0,0,0.4031377420245559
MLP,4,1,0,0.26485699025788567
MLP,4,0,0,0.24417877710189986
MLP,4,0,1,0.5272121292944035
MLP,4,1,1,0.5858644543835607
MLP,4,1,0,0.14696751968330393
MLP,4,0,1,0.7504212618062714
MLP,4,0,0,0.267657459927119
MLP,4,0,1,0.6109825441833542
MLP,4,0,0,0.19377294654795024
MLP,4,1,1,0.6603152386046485
MLP,4,1,1,0.7956226283391332
MLP,4,0,0,0.08157341912158537
MLP,4,0,0,0.3497274155680272
MLP,4,0,1,0.7316597733231767
MLP,4,0,0,0.4595401135992445
MLP,4,0,0,0.4295717867709272
MLP,4,0,0,0.267933764809852
MLP,4,0,0,0.37913636613616936
MLP,4,0,1,0.6033604396243801
MLP,4,0,0,0.23545136226763172
MLP,4,0,0,0.24089672567543605
MLP,4,0,0,0.20682037368505704
MLP,4,1,1,0.7592664369080352
MLP,4,0,0,0.17286891411259697
MLP,4,0,0,0.22107191718692173
MLP,4,1,1,0.7004430289700521
MLP,4,0,1,0.9999951293407874
MLP,4,1,0,0.47376077151268003
MLP,4,0,1,0.5191874866173612
MLP,4,0,0,0.15055940045825042
MLP,4,1,0,0.36988229889577123
MLP,4,0,0,0.1614715654004518
MLP,4,0,0,0.21221013477801365
MLP,4,0,1,0.5018849332441756
MLP,4,0,0,0.24457082483547177
MLP,4,0,1,0.6301336121526628
MLP,4,1,1,0.8738543753162566
MLP,4,1,0,0.00879076706834213
MLP,4,1,1,0.6488497063554206
MLP,4,0,0,0.3678689413210994
MLP,4,0,0,0.46454194579774666
MLP,4,0,0,0.16106000900895598
MLP,4,0,0,0.24473187857829545
MLP,4,0,0,0.3441353690242845
MLP,4,0,0,0.13778518305731463
MLP,4,0,1,0.8256635945956898
MLP,4,0,1,0.6673569315990606
MLP,4,0,0,0.23641532369510046
MLP,4,0,0,0.28076769474722285
MLP,4,0,0,0.4341870181720231
MLP,4,0,1,0.6752042834600644
MLP,4,0,1,0.5061583152263368
MLP,4,0,0,0.1258441635834266
MLP,4,1,1,0.921406456883539
MLP,4,0,0,0.24716865374886768
MLP,4,0,0,0.20693251194688503
MLP,4,1,0,0.2653159326263453
MLP,4,1,0,0.29412998407468227
MLP,4,0,0,0.36055019954435735
MLP,4,0,0,0.4218355917523263
MLP,4,1,0,0.18858643643367265
MLP,4,0,0,0.27755519026901615
MLP,4,1,1,0.950909069659332
MLP,4,0,0,0.42450946023308767
MLP,4,0,0,0.4318474076115483
MLP,4,0,0,0.2789760014578909
MLP,4,1,0,0.4309652479675098
MLP,4,1,0,0.43052483623961973
MLP,4,0,0,0.14578568376654216
MLP,4,0,1,0.5655510640469495
MLP,4,0,0,0.18639097231582324
MLP,4,0,1,0.8369007381777405
MLP,4,0,0,0.45069881924394667
MLP,4,0,0,0.19556459999195586
MLP,4,0,1,0.715807428055771
MLP,4,0,0,0.3574586205689704
MLP,4,0,1,0.5146219276432343
MLP,4,1,0,0.08780553586789865
MLP,4,0,0,0.3040568529165044
MLP,4,0,0,0.4746671991924399
MLP,4,1,1,0.624633647653061
MLP,4,0,0,0.011456044836229848
MLP,4,0,0,0.19740822037146036
MLP,4,0,1,0.5146341800698504
MLP,4,1,1,0.5358588346631493
MLP,4,0,1,0.5562280746608949
MLP,4,0,0,0.209014689884693
MLP,4,0,1,0.7064433093128197
MLP,4,0,1,0.6103470659694327
MLP,4,1,1,0.6038001773780419
MLP,4,0,0,0.35877120651494926
MLP,4,0,0,0.38700448397133125
MLP,4,1,1,0.5115528366046304
MLP,4,0,0,0.4378841124771257
MLP,4,0,0,0.2913125710102216
MLP,4,0,0,0.34049084330462764
MLP,4,1,1,0.6979218797337752
MLP,4,0,0,0.4436067043681571
MLP,4,1,1,0.6602195411281685
MLP,4,0,0,0.17107208640092225
MLP,4,0,0,0.3445612905751691
MLP,4,0,0,0.4833411881751682
MLP,4,1,0,0.1751137333648554
MLP,4,1,1,0.5273385867464726
MLP,4,0,0,0.3438246970284495
MLP,4,0,0,0.1416324633737549
MLP,4,1,0,0.13904383835866702
MLP,4,0,1,0.6038450141341655
MLP,4,0,0,0.27149399453639034
MLP,4,1,0,0.2652870023219271
MLP,4,0,0,0.1582578851482375
MLP,4,0,1,0.5678582853467419
MLP,4,0,0,0.3536338847315262
MLP,4,0,1,0.6326641980860017
MLP,4,1,0,0.3478542999529167
MLP,4,0,0,0.3456793798422874
MLP,4,0,1,0.5727449047306457
MLP,4,1,1,0.9342018537905653
MLP,4,1,1,0.9988516961770878
MLP,4,0,0,0.4861254559331064
MLP,4,0,0,0.18383251782279264
MLP,4,1,1,0.6079595566262651
MLP,4,0,0,0.24798809479945136
MLP,4,1,0,0.15442266430377571
MLP,4,0,0,0.32682612350792367
MLP,4,0,0,0.3501974888255841
MLP,4,0,0,0.0312852992485656
MLP,4,0,0,0.3733931644610682
MLP,4,1,1,0.9169269549302086
MLP,4,0,1,0.6781930231147246
MLP,4,0,0,0.3579317151688643
MLP,4,0,0,0.47086358478725904
MLP,4,0,0,0.2569075305177779
MLP,4,0,0,0.2548135371097564
MLP,4,0,0,0.19200973355171808
MLP,4,0,0,0.4005398373555884
MLP,4,0,0,0.30986172625915004
MLP,4,1,1,0.8147487159517638
MLP,4,0,0,0.11906212652928079
MLP,4,1,0,0.40039108971687926
MLP,4,0,0,0.27153542182778123
MLP,4,1,1,0.7669545893942776
MLP,4,1,0,0.07470162026133545
MLP,4,0,0,0.3342011660220503
MLP,4,0,0,0.10062697017880551
MLP,4,0,1,0.6700485509986773
MLP,4,0,1,0.6116213808642686
MLP,4,0,1,0.7177466368012215
MLP,4,0,0,0.20346875007514814
MLP,4,0,0,0.4303878109390508
MLP,4,0,0,0.4237169805544178
MLP,4,0,0,0.23949691330455827
MLP,4,1,0,0.18656572210281092
MLP,4,0,0,0.06860371247139906
MLP,4,0,1,0.5710616619427742
MLP,4,1,0,0.08350799006352504
MLP,4,0,1,0.5143017913409318
MLP,4,0,0,0.29303920431530717
MLP,4,0,0,0.34430575375877187
MLP,4,1,0,0.46863062664854893
MLP,4,0,1,0.5531170399549085
MLP,4,0,0,0.17359374895694588
MLP,4,0,0,0.34140938307325086
MLP,4,0,0,0.0017922065202208622
MLP,4,0,0,0.35497969214764796
MLP,4,0,0,0.19514586563326927
MLP,4,0,1,0.500116676487707
MLP,4,1,1,0.5512064040862401
MLP,4,0,0,0.3189452903533342
MLP,4,0,0,0.3986560815575403
MLP,4,0,0,0.17973105850923432
MLP,4,0,0,0.3784779447686009
MLP,4,1,1,0.7038978422973052
MLP,4,0,1,0.5015135824067456
MLP,4,0,0,0.14992270132806396
MLP,4,1,1,0.6524024475067814
MLP,4,0,1,0.7394346536027339
MLP,4,1,0,0.2941570162840251
MLP,4,1,1,0.8658587159683316
MLP,4,0,0,0.390545151621956
MLP,4,0,0,0.3026428787449667
MLP,4,0,0,0.1660735918236176
MLP,4,0,1,0.6631326193407301
MLP,4,0,1,0.6135937629637012
MLP,4,0,0,0.33335614623661025
MLP,4,0,0,0.26008377360704654
MLP,4,1,0,0.49363580116992795
MLP,4,0,1,0.549636493189219
MLP,4,0,0,0.37648794022029547
MLP,4,0,1,0.5173458551909699
MLP,4,0,0,0.2767544736593078
MLP,4,0,0,0.27091934807012585
MLP,4,0,0,0.3146034211588538
MLP,4,0,1,0.7112338574721044
MLP,4,0,0,0.17485406174861037
MLP,4,1,0,0.2720822731805387
MLP,4,0,1,0.925566773215276
MLP,4,0,0,0.10759798414096951
MLP,4,0,0,0.2871803955067355
MLP,4,0,0,0.2500628051597884
MLP,4,0,0,0.09877817062437338
MLP,4,0,0,0.4179215692136025
MLP,4,0,1,0.6147653725113842
MLP,4,0,0,0.42885666159293834
MLP,4,0,0,0.33912912305600446
MLP,4,0,0,0.09823596002752939
MLP,4,0,0,0.28588418953286615
MLP,4,0,0,0.23831504006594076
MLP,4,0,0,0.40111807406578354
MLP,4,0,1,0.6409516773992073
MLP,4,0,0,0.20701755455191168
MLP,4,1,0,0.17346771171370692
MLP,4,0,0,0.48333542177027666
MLP,4,0,0,0.3469929287530568
MLP,4,0,0,0.19127077796409422
MLP,4,0,0,0.3715571898534
MLP,4,0,1,0.6499360792188714
MLP,4,1,0,0.3942447588913696
MLP,4,0,0,0.4151165546465058
MLP,4,1,1,0.7847379033247606
MLP,4,0,0,0.16088959901263256
MLP,4,1,0,0.15828345885321
MLP,4,0,0,0.302710859926523
MLP,4,1,1,0.6425524677475113
MLP,4,1,1,0.5394758422004675
MLP,4,1,1,0.5399691544631615
MLP,4,0,0,0.15932353230655735
MLP,4,0,0,0.07078481730088744
MLP,4,0,0,0.3778956951343637
MLP,4,0,0,0.22897995590467418
MLP,4,0,0,0.11973972958245797
MLP,4,1,0,0.031489968801472895
MLP,4,1,1,0.7599323517838339
MLP,4,0,0,0.06620487882297363
MLP,4,0,0,0.2791755027518562
MLP,4,0,0,0.20908419156565694
MLP,4,0,0,0.351028777411147
MLP,4,0,0,0.3208530551481088
MLP,4,0,0,0.37137079235691756
MLP,4,0,1,0.8479540693851779
MLP,4,0,1,0.5980747508256362
MLP,4,0,0,0.15763195207104758
MLP,4,0,1,0.5953428672551573
MLP,4,0,0,0.002039726137725518
MLP,4,1,0,0.46105214144264045
MLP,4,0,0,0.41783391139301457
MLP,4,0,0,0.17453300091057658
MLP,4,1,0,0.26660520280533084
MLP,4,0,0,0.07199682307387076
MLP,4,0,1,0.8149004712741136
MLP,4,1,1,0.8256572125593948
MLP,4,1,0,0.4290249248018446
MLP,4,1,0,0.07230017804524491
MLP,4,0,1,0.9234390282474679
MLP,4,0,0,0.2727589768059939
MLP,4,0,0,0.11358686280992691
MLP,4,0,0,0.007449668769729127
MLP,4,0,0,0.34609904811898895
MLP,4,0,0,0.022830198701787624
MLP,4,1,0,0.23841270772917456
MLP,4,0,0,0.1273837746786554
MLP,4,0,0,0.22958793851704165
MLP,4,0,1,0.6668759501215131
MLP,4,0,1,0.6702627686137967
MLP,4,0,0,0.13739493959541704
MLP,4,0,1,0.6049084855557801
MLP,4,0,1,0.896714716212698
MLP,4,0,1,0.7291003371012792
MLP,4,0,0,0.06546532265079348
MLP,4,0,0,0.0565260703485848
MLP,4,0,1,0.5881084846934672
MLP,4,0,0,0.13050717136192896
MLP,4,1,0,0.23117218466684147
MLP,4,0,0,0.29000304543185146
MLP,4,1,0,0.46151053949608606
MLP,4,1,1,0.5467305264252256
MLP,4,0,0,0.14916617852583308
MLP,4,0,0,0.3775243570921723
MLP,4,1,1,0.7195572093542834
MLP,4,0,0,0.3973782752103372
MLP,4,1,1,0.8141119051343753
MLP,4,1,1,0.552883263042595
MLP,4,1,1,0.8479235855656622
MLP,4,0,0,0.3308592651490864
MLP,4,0,0,0.10797674656549379
MLP,4,0,1,0.8423611164370535
MLP,4,1,1,0.5780798620934624
MLP,4,0,0,0.3649989010404001
MLP,4,0,0,0.43187966538609784
MLP,4,1,1,0.6306125180992972
MLP,4,1,0,0.47169724771669225
MLP,4,0,1,0.5089562145147157
MLP,4,0,0,0.25004406940129176
MLP,4,0,0,0.42918023890906193
MLP,4,0,0,0.2803770155376762
MLP,4,0,0,0.15069971842000549
MLP,4,0,0,0.1288963983334505
MLP,4,0,0,0.1995017830493038
MLP,4,0,1,0.8782282443559034
MLP,4,0,0,0.3853235635846288
MLP,4,1,0,0.2887641902561083
MLP,4,1,1,0.800123651155651
MLP,4,1,1,0.894416304842857
MLP,4,1,1,0.9541581823493651
MLP,4,0,1,0.9096913005948275
MLP,4,0,1,0.5686488834517338
MLP,4,0,0,0.17499213734581862
MLP,4,0,0,0.09930221415137806
MLP,4,1,0,0.30594145597468775
MLP,4,1,0,0.1253695725837804
MLP,4,0,0,0.16044127777757305
MLP,4,0,0,0.4646480495358337
MLP,4,0,0,0.4440871387301457
MLP,4,1,1,0.9358844110637488
MLP,4,0,1,0.7247575227654495
MLP,4,0,0,0.4537617521810993
MLP,4,0,1,0.9393774860116686
MLP,4,0,0,0.20913491752320587
MLP,4,0,0,0.3269515495961741
MLP,4,0,1,0.5530231609369662
MLP,4,0,0,0.12380929835380527
MLP,4,0,0,0.4326551167356779
MLP,4,0,0,0.17482812794503563
MLP,4,0,0,0.41240370556444067
MLP,4,0,0,0.11617580196421942
MLP,4,0,1,0.8370301728907982
MLP,4,1,0,0.2628445827392533
MLP,4,0,0,0.4960141933695968
MLP,4,0,0,0.2011385180204552
MLP,4,0,0,0.4559507375008284
MLP,4,0,0,0.4340681846449085
MLP,4,0,0,0.29007984420570626
MLP,4,0,1,0.8292203798688882
MLP,4,0,0,0.12916675410338704
MLP,4,0,0,0.3292177972861477
MLP,4,0,1,0.6209213825285489
MLP,4,1,0,0.3759887576206054
MLP,4,0,0,0.30965549572667783
MLP,4,0,1,0.5692938743030674
MLP,4,0,1,0.6413965420042814
MLP,4,1,1,0.9440850421692392
MLP,4,0,0,0.39566991971073384
MLP,4,0,0,0.08272087570617323
MLP,4,0,0,0.20367200246223072
MLP,4,0,0,0.11989415529490881
MLP,4,0,0,0.34501758348905165
MLP,4,1,1,0.5489214077418922
MLP,4,0,0,0.2897805177236362
MLP,4,0,0,0.10291759297351372
MLP,4,1,1,0.9927723891521071
MLP,4,0,1,0.8054479269788549
MLP,4,0,0,0.175797788688404
MLP,4,0,1,0.500213830564287
MLP,4,1,0,0.04639248862359262
MLP,4,0,0,0.3382388731073845
MLP,4,1,0,0.2118904191889542
MLP,4,0,0,0.07584873765287171
MLP,4,1,0,0.47341525492410147
MLP,4,0,0,0.2229957769065991
MLP,4,0,0,0.187041535913868
MLP,4,1,1,0.8440655951634852
MLP,4,0,0,0.3485791855126374
MLP,4,0,0,0.21610902001897617
MLP,4,1,0,0.2810102730192433
MLP,4,0,0,0.18470768164539583
MLP,4,1,0,0.2803901337078419
MLP,4,1,1,0.6075800772924729
MLP,4,0,1,0.5998171738603859
MLP,4,0,0,0.4088036270726809
MLP,4,0,1,0.5542144011562342
MLP,4,0,0,0.3322856744949929
MLP,4,1,0,0.4019834587777742
MLP,4,0,0,0.27466589825884746
MLP,4,0,0,0.024622382604235778
MLP,4,1,0,0.1860250931902869
MLP,4,0,1,0.9435377959071674
MLP,4,0,0,0.031980245329543855
MLP,4,1,1,0.9371486053201245
MLP,4,0,0,0.24429309385366033
MLP,4,1,0,0.45236474650505293
MLP,4,1,0,0.17185808980754838
MLP,4,0,0,0.4634922476876587
MLP,4,0,0,0.4724440258101697
MLP,4,0,1,0.5473634011153004
MLP,4,0,0,0.29683388597854404
MLP,4,0,1,0.8550674041933233
MLP,4,0,1,0.5849181997321135
MLP,4,1,0,0.00011551719456431941
MLP,4,1,1,0.6145227517117525
MLP,4,1,0,0.3387144757512605
MLP,4,0,0,0.1501197976266217
MLP,4,0,0,0.24378426073650444
MLP,4,0,0,0.37574594463668115
MLP,4,1,1,0.5061060630804229
MLP,4,1,0,0.18986108176258373
MLP,4,0,1,0.9998735965764503
MLP,4,0,0,0.21779329477284753
MLP,4,0,1,0.604723835620837
MLP,4,0,0,0.37733272352396285
MLP,4,0,0,0.4266027271706846
MLP,4,0,0,0.14373350031966095
MLP,4,0,0,0.31924904795241754
MLP,4,0,0,0.2040652740772662
MLP,4,0,1,0.7286873295708824
MLP,4,0,0,0.31421027644913835
MLP,4,0,0,0.20150462102478678
MLP,4,1,0,0.40398485182407423
MLP,4,0,0,0.42799936403448186
MLP,4,0,1,0.5237519475037548
MLP,4,0,1,0.7630989496009332
MLP,4,1,1,0.5580680064961894
MLP,4,0,0,0.24927608673788926
MLP,4,1,1,0.6059047446238272
MLP,4,0,1,0.6192071779168646
MLP,4,0,0,0.11819298545019558
MLP,4,0,0,0.21833805006614446
MLP,4,0,0,0.3101019920106476
MLP,4,0,1,0.5892604587048733
MLP,4,0,0,0.19720354289185282
MLP,4,1,0,0.11570244440053856
MLP,4,0,1,0.5738523950313373
MLP,4,0,0,0.21146434269380535
MLP,4,0,0,0.3905030396430875
MLP,4,0,0,0.12884660816363824
MLP,4,1,0,0.4265886535483955
MLP,4,0,0,0.26861987552581074
MLP,4,0,0,0.32131933833164705
MLP,4,0,0,0.19934082759140806
MLP,4,0,0,0.14411129336730835
MLP,4,0,0,0.02917145037779413
MLP,4,0,0,0.22972108486282822
MLP,4,1,1,0.7809006381517644
MLP,4,0,0,0.3907461337627238
MLP,4,0,0,0.11224468462388763
MLP,4,0,0,0.3757864829177804
MLP,4,0,0,0.21832045354059354
MLP,4,0,0,0.43469467376730797
MLP,4,0,0,0.2406404323911498
MLP,4,0,0,0.4647693300841851
MLP,4,0,0,0.24506407726795743
MLP,4,0,0,0.21930289891202787
MLP,4,0,1,0.9959914911037411
MLP,4,0,0,0.23305499090330528
MLP,4,0,0,0.4013659750731944
MLP,4,0,0,0.052585162134308465
MLP,4,0,0,0.4107391284458294
MLP,4,1,1,0.75383425623543
MLP,4,1,1,0.5691457273835266
MLP,4,1,0,0.27252202032407996
MLP,4,1,1,0.7559099812962567
MLP,4,0,0,0.21556532653632238
MLP,4,0,0,0.1673703756726927
MLP,4,0,1,0.6945080708945462
MLP,4,0,1,0.5752120457801061
MLP,4,1,1,0.9931552443458385
MLP,4,0,0,0.1572168769034376
MLP,4,0,0,0.34933410190091224
MLP,4,0,0,0.1616064138276075
MLP,4,0,0,0.07162828521881401
MLP,4,1,0,0.20893349463601382
MLP,4,1,1,0.7630396344551631
MLP,4,0,1,0.6689291835269914
MLP,4,0,0,0.2719939687008171
MLP,4,0,0,0.3268958824620668
MLP,4,0,0,0.39838410225946946
MLP,4,0,1,0.8090596483576781
MLP,4,1,1,0.8610798407089757
MLP,4,1,1,0.9990949054584842
MLP,4,0,1,0.7559756290575015
MLP,4,0,1,0.5844488655147988
MLP,4,0,1,0.9454035326800869
MLP,4,0,1,0.9297223166660519
MLP,4,0,0,0.39650251878906173
MLP,4,0,0,0.2424512867103376
MLP,4,0,0,0.1950789242438761
MLP,4,0,1,0.8468443579373556
MLP,4,1,0,0.2506926087702434
MLP,4,0,0,0.25303410631546697
MLP,4,1,0,0.13537082043793358
MLP,4,0,0,0.21421339265416486
MLP,4,0,1,0.585364406661229
MLP,4,0,0,0.10805889681939122
MLP,4,1,0,0.4093617644532324
MLP,4,0,0,0.4084145513795305
MLP,4,0,1,0.5908757572197423
MLP,4,0,0,0.15152618316331287
MLP,4,0,1,0.5478879822639824
MLP,4,0,0,0.3973194548270461
MLP,4,1,0,0.15353887410807315
MLP,4,0,1,0.6693510366924914
MLP,4,0,0,0.005852005547111864
MLP,4,0,0,0.4971555479190806
MLP,4,0,0,0.30495688441274055
MLP,4,0,0,0.34597074589360627
MLP,4,0,0,0.482390514447465
MLP,4,0,1,0.6301813879439622
MLP,4,0,0,0.256403624629214
MLP,4,1,1,0.6568718441928846
MLP,4,0,1,0.6060498010458514
MLP,4,0,0,0.4118509592526648
MLP,4,1,0,0.44737714860310546
MLP,4,0,0,0.18888886416101802
MLP,4,0,0,0.20121679716513408
MLP,4,0,0,0.2019036293945583
MLP,4,1,1,0.8748849211856823
MLP,4,0,0,0.2820442783225101
MLP,4,1,1,0.8082675867033746
MLP,4,0,0,0.30597238477152744
MLP,4,0,1,0.6897908821794573
MLP,4,0,0,0.21231409497236314
MLP,4,0,0,0.3764952229190588
MLP,4,0,0,0.45976821708260884
MLP,4,0,0,0.477223959851929
MLP,4,0,1,0.5380612911537416
MLP,4,0,0,0.21122523581948557
MLP,4,0,0,0.09176508956971564
MLP,4,0,0,0.1672312798182735
MLP,4,0,0,0.2060254371885967
MLP,4,0,0,0.3075312259670041
MLP,4,0,0,0.285809651817109
MLP,4,0,1,0.6544725778790662
MLP,4,0,0,0.3331149321105249
MLP,4,0,1,0.5410136939312027
MLP,4,1,0,0.44485406046252374
MLP,4,0,0,0.33719674556094603
MLP,4,0,0,0.4650404284397714
MLP,4,0,0,0.47444652882306965
MLP,4,0,0,0.11904097233633122
MLP,4,1,0,0.32485180618224574
MLP,4,0,0,0.34760696677157743
MLP,4,0,0,0.25611197866014607
MLP,4,0,0,0.36660795255294243
MLP,4,1,0,0.2885454182864909
MLP,4,1,0,0.06795120667923163
MLP,4,0,0,0.26637222372235225
MLP,4,1,1,0.7106222488664529
MLP,4,0,1,0.7796411718803635
MLP,4,0,0,0.14735835983492282
MLP,4,0,0,0.4666999206936221
MLP,4,0,0,0.04614493976680941
MLP,4,0,0,0.24499441471009606
MLP,4,0,0,0.20967596241249092
MLP,4,0,0,0.40492874061202966
MLP,4,0,0,0.1760326733305562
MLP,4,0,1,0.580763005643089
MLP,4,0,1,0.7124435401312704
MLP,4,1,1,0.6214870602681362
MLP,4,0,1,0.6463860538554183
MLP,4,0,1,0.5151494198570628
MLP,4,0,0,0.09653751220507713
MLP,4,1,0,0.22497601820060828
MLP,4,0,0,0.3844141840999568
MLP,4,1,1,0.6638317045995596
MLP,4,0,0,0.06177687762202169
MLP,4,0,0,0.22772263255301736
MLP,4,0,1,0.6882727320409212
MLP,4,0,0,0.09096928150473355
MLP,4,1,1,0.9550372356722096
MLP,4,1,0,0.35477713203353256
MLP,4,0,0,0.20530180086001606
MLP,4,0,0,0.4346163156096393
MLP,4,0,0,0.29217444340257587
MLP,4,0,0,0.16751413721948652
MLP,4,0,0,0.1283919441878521
MLP,4,0,0,0.07916634547928636
MLP,4,1,1,0.9039541925887011
MLP,4,0,0,0.25224047686490364
MLP,4,0,0,0.17657766329779578
MLP,4,0,0,0.25209690604377766
MLP,4,0,0,0.35023111590260536
MLP,4,0,0,0.15226270024822955
MLP,4,0,0,0.10679452431273156
MLP,4,1,1,0.9035577382073701
MLP,4,0,0,0.4073652336081299
MLP,4,0,0,0.03759986019851808
MLP,4,0,0,0.16720564955983358
MLP,4,0,0,0.290019761810273
MLP,4,0,1,0.8621167787881397
MLP,4,0,0,0.3669884964915857
MLP,4,0,0,0.45953214873542136
MLP,4,0,0,0.3717502960072435
MLP,4,0,0,0.10241099452140316
MLP,4,0,0,0.4990408744697589
MLP,4,0,0,0.4333213796428579
MLP,4,0,0,0.2995091964085913
MLP,4,1,0,0.41547489476901706
MLP,4,1,1,0.9149551355018539
MLP,4,0,0,0.2992871353725334
MLP,4,0,0,0.28853876611122925
MLP,4,0,0,0.27473173710974036
MLP,4,0,1,0.6444731571276322
MLP,4,0,0,0.11114002513078101
MLP,4,1,0,0.20765903211019632
MLP,4,0,0,0.16751653721898518
MLP,4,0,0,0.3088391291793967
MLP,4,1,1,0.7029543611599803
MLP,4,0,1,0.5998262584973917
MLP,4,1,0,0.2684031912166487
MLP,4,1,0,0.15363356744359638
MLP,4,1,1,0.5926975998558701
MLP,4,0,1,0.5207071815084793
MLP,4,0,0,0.39502429771563013
MLP,4,0,0,0.3223911285640183
MLP,4,0,0,0.2398873193270298
MLP,4,0,0,0.36792953672398065
MLP,4,0,0,0.368914310658635
MLP,4,0,0,0.10417773516032287
MLP,4,1,1,0.6569279134560349
MLP,4,0,0,0.31775437457641115
MLP,4,0,0,0.14688106565657297
MLP,4,0,1,0.5083214203466222
MLP,4,0,1,0.5146109416744107
MLP,4,0,0,0.27569938540563804
MLP,4,0,1,0.9478909761241184
MLP,4,0,0,0.123099403274766
MLP,4,1,0,0.16864831829230603
MLP,4,0,0,0.4572844558998491
MLP,4,1,0,0.29257928642108777
MLP,4,0,0,0.18936350881336614
MLP,4,1,0,0.42742138333986657
MLP,4,1,0,0.4002436725574765
MLP,4,0,1,0.5487779971408132
MLP,4,1,0,0.371606187561021
MLP,4,0,0,0.38937851105941157
MLP,4,0,0,0.18418560662809177
MLP,4,0,0,0.41728286853417684
MLP,4,1,1,0.5514461043465192
MLP,4,0,0,0.3149858608063352
MLP,4,0,0,0.0020605870939354233
MLP,4,0,0,0.2813054054550847
MLP,4,0,1,0.50262046751992
MLP,4,1,0,0.12435010892972585
MLP,4,0,1,0.8750675174881904
MLP,4,0,0,0.16134152002627913
MLP,4,0,0,0.49556177252682493
MLP,4,0,0,0.3017415041255641
MLP,4,0,0,0.4738751783998766
MLP,4,0,1,0.7884206709026136
MLP,4,0,0,0.24718246900754762
MLP,4,0,0,0.2329680395375828
MLP,4,0,1,0.6070167811054417
MLP,4,0,0,0.21778493308497132
MLP,4,1,0,0.36729609393254486
MLP,4,0,0,0.26316962223811463
MLP,4,0,0,0.20468285532761493
MLP,4,0,0,0.2234939575338701
MLP,4,0,0,0.424163888630987
MLP,4,0,0,0.053424554657366556
MLP,4,1,0,0.236262890624663
MLP,4,1,0,0.2765526743612729
MLP,4,0,0,0.3878808657222017
MLP,4,1,1,0.5312652800747231
MLP,4,0,0,0.4448835023867506
MLP,4,0,0,0.3572758760520333
MLP,4,0,1,0.5321027898841152
MLP,4,0,1,0.7476752676994304
MLP,4,0,0,0.4471436658071107
MLP,4,0,1,0.5426471840463494
MLP,4,0,0,0.33216695364826043
MLP,4,0,0,0.11505933024769924
MLP,4,0,1,0.6789098945630097
MLP,4,0,1,0.6697793231185624
MLP,4,0,0,0.32291626531219203
MLP,4,0,0,0.057042349084613655
MLP,4,1,0,0.3030982571469523
MLP,4,1,1,0.6915687954188369
MLP,4,0,0,0.026177151959013146
MLP,4,0,0,0.36310015477608815
MLP,4,1,1,0.7945397688196374
MLP,4,0,0,0.42189502946328217
MLP,4,0,0,0.3483836857625718
MLP,4,0,0,0.2618004156325447
MLP,4,0,1,0.6671195729923836
MLP,4,1,0,0.12783514949769345
MLP,4,0,0,0.4235751158647595
MLP,4,0,0,0.19584459860139242
MLP,4,0,0,0.3967870384312233
MLP,4,0,0,0.4433223266514422
MLP,4,0,0,0.36037258875149675
MLP,4,0,1,0.741142723802212
MLP,4,0,0,0.394041599936137
MLP,4,1,0,0.48168347286035346
MLP,4,0,0,0.4381014587573793
MLP,4,0,0,0.3690094776073421
MLP,4,1,0,0.23141847850268332
MLP,4,0,0,0.2683640349422101
MLP,4,1,1,0.799937393780147
MLP,4,0,0,0.25137324532145433
MLP,4,0,0,0.2078592686572026
MLP,4,0,0,0.22479197406883586
MLP,4,0,1,0.6129705177940676
MLP,4,0,0,0.2721934980209709
MLP,4,0,1,0.5483060444560436
MLP,4,0,0,0.12256993319061525
MLP,4,1,0,0.4329761199270355
MLP,4,0,0,0.07960442823317129
MLP,4,0,1,0.8031242695142725
MLP,4,0,1,0.7125910680941067
MLP,4,0,0,0.10894048678950986
MLP,4,0,1,0.6757418299497844
MLP,4,0,0,0.35768881839611005
MLP,4,1,1,0.8974744615236192
MLP,4,0,1,0.7923052367850791
MLP,4,1,0,0.004644913695767063
MLP,4,0,0,0.14616042876296642
MLP,4,0,1,0.5288648487109484
MLP,4,0,1,0.7617299143923377
MLP,4,0,0,0.42357330478820193
MLP,4,0,0,0.2581288463842313
MLP,4,0,1,0.6081231101769939
MLP,4,0,0,0.29015583895260316
MLP,4,0,0,0.23998436855492242
MLP,4,0,0,0.34274793563218053
MLP,4,1,0,0.3769589685764265
MLP,4,0,1,0.6337251705839301
MLP,4,0,0,0.3137911690841395
MLP,4,0,0,0.34851226278438935
MLP,4,1,1,0.5459473457217896
MLP,4,0,0,0.22586791805383116
MLP,4,0,0,0.4135458528140826
MLP,4,1,0,0.15301847416351294
MLP,4,0,1,0.6626846731298174
MLP,4,0,0,0.2527281786612209
MLP,4,0,0,0.43876962713988144
MLP,4,0,1,0.5664033014142584
MLP,4,0,1,0.5444189702967538
MLP,4,0,0,0.2694748232260873
MLP,4,0,0,0.36162062510779264
MLP,4,0,0,0.24142994439087093
MLP,4,1,1,0.6337251705839301
MLP,4,1,0,0.3995996885986021
MLP,4,0,0,0.3867038002223721
MLP,4,0,0,0.20392190221194897
MLP,4,1,1,0.5233302326726703
MLP,4,0,0,0.1860308562561953
MLP,4,0,0,0.21309137741972808
MLP,4,0,1,0.5254992177286641
MLP,4,1,0,0.38253770649669705
MLP,4,0,0,0.2704687546229424
MLP,4,0,0,0.08540935009871466
MLP,4,0,0,0.24868753855820372
MLP,4,0,0,0.03303848776874239
MLP,4,0,0,0.2202585801375857
MLP,4,1,0,0.09745777965926745
MLP,4,0,1,0.662306466456113
MLP,4,0,0,0.22324754598066612
MLP,4,0,0,0.33810261944512005
MLP,4,0,0,0.1676507915156199
MLP,4,0,0,0.34699359313630007
MLP,4,0,0,0.251142856713713
MLP,4,1,1,0.8267927975486115
MLP,4,0,0,0.14176598734943127
MLP,4,1,1,0.6944043199783325
MLP,4,0,1,0.5313571466755032
MLP,4,0,0,0.13025325333028118
MLP,4,0,0,0.36698861454916054
MLP,4,1,0,0.3510092105963991
MLP,4,0,0,0.40468641896211577
MLP,4,0,1,0.5797547534550364
MLP,4,1,0,0.2044959420343467
MLP,4,1,0,0.341888990536825
MLP,4,0,0,0.4990222079965613
MLP,4,0,0,0.0513796761799206
MLP,4,0,0,0.3927852822265232
MLP,4,0,0,0.17293568394007666
MLP,4,0,0,0.2536222034545545
MLP,4,0,0,0.22053328490189636
MLP,4,0,0,0.42159512163956486
MLP,4,0,1,0.5855974341458047
MLP,4,0,0,0.28253249197381725
MLP,4,0,0,0.17209384203972383
MLP,4,0,0,0.11095365226373331
MLP,4,0,0,0.34934855293447986
MLP,4,0,1,0.9127307503108584
MLP,4,0,0,0.1849341373537768
MLP,4,0,1,0.6842800795367276
MLP,4,0,0,0.49697226696206187
MLP,4,0,0,0.08136885354408106
MLP,4,0,0,0.19104668380265208
MLP,4,1,0,0.09294369113606818
MLP,4,1,0,0.45967312935883053
MLP,4,0,0,0.4872442249464021
MLP,4,0,0,0.05827512219736522
MLP,4,0,0,0.2623293334983733
MLP,4,0,0,0.10816364251522313
MLP,4,0,0,0.4746294162785416
MLP,4,0,0,0.318956088403537
MLP,4,0,0,0.3274161661840436
MLP,4,0,1,0.8830899775587914
MLP,4,0,0,0.4344443089840712
MLP,4,0,0,0.3887194857188235
MLP,4,1,1,0.5049870876110094
MLP,4,0,0,0.39695465918168027
MLP,4,1,0,0.450129186702979
MLP,4,0,0,0.18321875261152595
MLP,4,0,0,0.1600852053517759
MLP,4,1,0,0.24260027318437177
MLP,4,0,0,0.17184405113360415
MLP,4,0,1,0.6152769020980811
MLP,4,1,1,0.9975928183411523
MLP,4,0,0,0.261829960071028
MLP,4,0,0,0.3238012953515053
MLP,4,1,1,0.940647764163032
MLP,4,0,1,0.5317276619073737
MLP,4,0,0,0.23813185394444142
MLP,5,1,1,0.7383769836860624
MLP,5,0,0,0.3924641275239648
MLP,5,0,1,0.6753439054534441
MLP,5,1,0,0.17723820299577872
MLP,5,1,0,0.20467246189773683
MLP,5,0,0,0.43216041123709886
MLP,5,0,0,0.21731989468272045
MLP,5,1,0,0.2222501537994186
MLP,5,0,0,0.35774288597718745
MLP,5,0,0,0.35899529008484843
MLP,5,0,1,0.7052057514138591
MLP,5,0,0,0.12872476009351405
MLP,5,0,0,0.26648670940099434
MLP,5,0,1,0.6314480381094688
MLP,5,0,0,0.3109827002568623
MLP,5,0,0,0.3479952874720414
MLP,5,1,0,0.17945234069845795
MLP,5,0,0,0.3819885024710259
MLP,5,0,1,0.5976975163189907
MLP,5,0,0,0.28727428765097646
MLP,5,1,1,0.5846340947157175
MLP,5,0,1,0.533987878589531
MLP,5,0,1,0.5707691016136384
MLP,5,0,0,0.16696463271911363
MLP,5,0,0,0.36973785510388607
MLP,5,0,0,0.21425658852707707
MLP,5,0,0,0.4930329019261533
MLP,5,0,0,0.489531093680252
MLP,5,0,0,0.18566893468560158
MLP,5,1,0,0.3594514663369471
MLP,5,1,0,0.3611548235194863
MLP,5,0,1,0.7345644207656504
MLP,5,0,0,0.48482751296808585
MLP,5,1,1,0.9480049277523499
MLP,5,0,0,0.395601091058314
MLP,5,0,0,0.1307024566027295
MLP,5,1,1,0.7193437214255796
MLP,5,0,0,0.3791701212019941
MLP,5,1,1,0.6515157195099919
MLP,5,0,0,0.45904701400493286
MLP,5,1,0,0.41530537112524357
MLP,5,1,1,0.7652169410542293
MLP,5,1,0,0.45558388684969303
MLP,5,0,0,0.3839170656638389
MLP,5,0,0,0.10337287625582127
MLP,5,0,0,0.3439967107751554
MLP,5,0,0,0.1743649920844519
MLP,5,0,0,0.30661711593545066
MLP,5,1,1,0.9106370866176638
MLP,5,0,0,0.16216965102372952
MLP,5,0,0,0.09343341184204472
MLP,5,0,0,0.41711166111383047
MLP,5,1,0,0.385528317822019
MLP,5,1,1,0.5270601558453347
MLP,5,0,0,0.33861347127249586
MLP,5,0,0,0.4438254816388755
MLP,5,0,1,0.5467757908123184
MLP,5,0,0,0.2729783401771308
MLP,5,0,1,0.523345181165145
MLP,5,0,1,0.6794068606001901
MLP,5,0,0,0.055026694977783654
MLP,5,0,1,0.5144900493308836
MLP,5,0,0,0.1899219176931472
MLP,5,0,0,0.1359459886192004
MLP,5,0,0,0.27991757679544726
MLP,5,0,0,0.34825555136152103
MLP,5,0,1,0.5585891028891738
MLP,5,0,0,0.39655005079901634
MLP,5,0,0,0.15965764143069824
MLP,5,0,0,0.21305373444432288
MLP,5,0,1,0.5180443276063154
MLP,5,0,1,0.5199309192287707
MLP,5,0,0,0.3223051310458608
MLP,5,0,0,0.33668400425023726
MLP,5,0,0,0.39831294624611546
MLP,5,0,0,0.13298694288134497
MLP,5,0,0,0.10289553577890766
MLP,5,1,1,0.948311607242137
MLP,5,0,0,0.47848878947800644
MLP,5,0,0,0.35012277213442944
MLP,5,0,0,0.2638560646086753
MLP,5,1,1,0.7037479554941601
MLP,5,0,1,0.628161659555498
MLP,5,0,0,0.14542193176598778
MLP,5,0,1,0.5079388370952423
MLP,5,0,0,0.21584054523536936
MLP,5,1,1,0.875689329078532
MLP,5,1,1,0.5877361318631175
MLP,5,0,0,0.08291873150952847
MLP,5,1,1,0.7718255529134276
MLP,5,0,0,0.28947042718106336
MLP,5,0,0,0.33720004250920654
MLP,5,0,0,0.16191004587215035
MLP,5,0,0,0.39433531084800505
MLP,5,0,1,0.6901623742169088
MLP,5,1,0,0.23290400108516254
MLP,5,0,0,0.3853261023308107
MLP,5,0,0,0.024783717787997313
MLP,5,0,0,0.14947638025578724
MLP,5,1,1,0.6813196051688367
MLP,5,0,0,0.30129427212128673
MLP,5,0,0,0.21744458195089156
MLP,5,0,0,0.4169342826467885
MLP,5,1,0,0.28110871834690143
MLP,5,0,0,0.24481759750279194
MLP,5,1,0,0.4242400825753027
MLP,5,1,0,0.3997146786419802
MLP,5,0,0,0.21633301784255965
MLP,5,0,1,0.5556286649030718
MLP,5,0,0,0.25165181714951934
MLP,5,0,0,0.49878362403476945
MLP,5,1,0,0.16122830250676728
MLP,5,0,1,0.6830693851055474
MLP,5,0,1,0.5356519570244834
MLP,5,0,1,0.5601692351862496
MLP,5,0,0,0.2907422989188343
MLP,5,1,0,0.271791835242936
MLP,5,0,0,0.38541466225937354
MLP,5,0,0,0.4453423795991072
MLP,5,0,0,0.14447773030702638
MLP,5,0,0,0.4694871224668224
MLP,5,0,0,0.16994221141135282
MLP,5,0,0,0.2565467781713561
MLP,5,0,0,0.2741137939611483
MLP,5,0,1,0.5089760259378535
MLP,5,0,0,0.18262738295301414
MLP,5,0,0,0.14963161935099123
MLP,5,1,0,0.09254247009239157
MLP,5,0,0,0.12545363517465066
MLP,5,1,0,0.4852122288148791
MLP,5,0,0,0.2310905421942961
MLP,5,0,0,0.2862609882512455
MLP,5,0,0,0.39538144851155405
MLP,5,0,1,0.604435861634336
MLP,5,0,0,0.21714958132630705
MLP,5,0,1,0.5987235545657187
MLP,5,0,0,0.18135184790993975
MLP,5,0,0,0.36898458555508806
MLP,5,0,0,0.3060548238592904
MLP,5,0,0,0.4807601460882275
MLP,5,0,0,0.04554701415482153
MLP,5,1,1,0.5381114983228875
MLP,5,0,0,0.4047560453209876
MLP,5,0,0,0.25822178003920637
MLP,5,0,1,0.5333910361966154
MLP,5,1,1,0.5525897120993748
MLP,5,0,0,0.4040531257736239
MLP,5,0,0,0.1943987026195352
MLP,5,0,1,0.6889552739249183
MLP,5,0,0,0.4552825179955818
MLP,5,0,0,0.005598911325301008
MLP,5,0,1,0.6892822331091795
MLP,5,0,0,0.4016001209098832
MLP,5,0,0,0.43848603912609607
MLP,5,0,0,0.20995405463093128
MLP,5,0,0,0.39420895410383416
MLP,5,0,0,0.18479238060725373
MLP,5,0,1,0.5791036404196237
MLP,5,1,1,0.941677296062669
MLP,5,0,1,0.7618130590731732
MLP,5,0,0,0.44512114695426025
MLP,5,0,0,0.41110456118887817
MLP,5,0,0,0.2596543143567042
MLP,5,0,1,0.5208485672701927
MLP,5,0,0,0.46959532282547084
MLP,5,0,1,0.549784302529462
MLP,5,0,0,0.07259298483510185
MLP,5,0,0,0.305661313237715
MLP,5,0,0,0.09946541490992548
MLP,5,0,0,0.29334364955174075
MLP,5,1,0,0.42743865466175895
MLP,5,0,0,0.31649325954395335
MLP,5,0,0,0.2802078913536041
MLP,5,1,0,0.22177241344995796
MLP,5,0,1,0.7610301852727115
MLP,5,1,1,0.686803154580703
MLP,5,0,1,0.5114255588519722
MLP,5,1,0,0.4430981798888272
MLP,5,0,0,0.19760974116413116
MLP,5,0,0,0.29947416423796164
MLP,5,0,0,0.30050478240809464
MLP,5,0,0,0.13666629367913494
MLP,5,0,0,0.05799532007127957
MLP,5,0,0,0.37326276392867197
MLP,5,0,0,0.2871059771377394
MLP,5,1,0,0.2684575404389691
MLP,5,1,0,0.38444979226947873
MLP,5,0,0,0.4063046906768354
MLP,5,0,0,0.31188290467826413
MLP,5,1,0,0.13420746026835992
MLP,5,0,1,0.8152423771948792
MLP,5,0,0,0.3035271493784905
MLP,5,0,0,0.19144362323686753
MLP,5,0,0,0.12287437295139084
MLP,5,0,0,0.3506572012254409
MLP,5,0,0,0.3071887101425022
MLP,5,0,0,0.10651093464995735
MLP,5,0,0,0.3353099062172451
MLP,5,0,0,0.4303574899291689
MLP,5,0,0,0.3699200026849319
MLP,5,0,0,0.38979373731144773
MLP,5,0,0,0.41583582596655333
MLP,5,0,1,0.9999999999515692
MLP,5,0,1,0.6545043985659065
MLP,5,0,0,0.28189907417316284
MLP,5,0,0,0.2844153633175457
MLP,5,0,0,0.17741164649187613
MLP,5,0,1,0.6740812635018761
MLP,5,0,0,0.38829981682286957
MLP,5,1,1,0.5237785742924677
MLP,5,0,0,0.15077510498267738
MLP,5,0,0,0.33708987778999483
MLP,5,1,0,0.28878588699379354
MLP,5,0,0,0.14896633809915835
MLP,5,0,1,0.5097872497735682
MLP,5,0,1,0.8338417722150692
MLP,5,1,1,0.9999999964967228
MLP,5,1,0,0.4011012862647548
MLP,5,1,1,0.5565958170427605
MLP,5,0,0,0.16974496738747005
MLP,5,0,0,0.1612078176663539
MLP,5,0,1,0.8385571929812088
MLP,5,0,0,0.19237462427795385
MLP,5,1,0,0.4532672430958108
MLP,5,1,1,0.5120769684249367
MLP,5,1,1,0.7600242467182138
MLP,5,0,0,0.21294111507174918
MLP,5,0,0,0.3352382273930269
MLP,5,1,1,0.6119429380240622
MLP,5,0,1,0.5298819095731858
MLP,5,0,0,0.30767917262208405
MLP,5,0,0,0.3200611317276612
MLP,5,0,0,0.4129411464897654
MLP,5,1,0,0.3424350396008008
MLP,5,0,0,0.39679789224300105
MLP,5,0,0,0.3214976949784487
MLP,5,1,0,0.3254222848600267
MLP,5,1,0,0.07997912906454617
MLP,5,0,0,0.14232096054416604
MLP,5,0,0,0.07526160440458847
MLP,5,0,0,0.12710763729003116
MLP,5,0,1,0.8969030800068261
MLP,5,1,0,0.20992387753198624
MLP,5,1,0,0.44234512142535476
MLP,5,0,1,0.5872961377546508
MLP,5,0,0,0.36398858637622644
MLP,5,0,0,0.38743537330618616
MLP,5,0,0,0.0837208407882578
MLP,5,0,0,0.1589315664700983
MLP,5,1,0,0.4307650591087677
MLP,5,0,1,0.5169532881034398
MLP,5,1,0,0.36506700978849066
MLP,5,0,0,0.12701801926516534
MLP,5,0,0,0.17038063901385103
MLP,5,0,0,0.12181551536913207
MLP,5,0,0,0.3165696995226036
MLP,5,0,0,0.26604063489416174
MLP,5,0,0,0.10980485053561813
MLP,5,1,0,0.40053026060709546
MLP,5,0,0,0.16373799480718618
MLP,5,0,0,0.3559347962685208
MLP,5,0,0,0.46895295539666587
MLP,5,1,0,0.34439034927263706
MLP,5,0,1,0.5186258194210006
MLP,5,0,0,0.45454792785991704
MLP,5,0,0,0.4568300093745704
MLP,5,0,0,0.15696732967044308
MLP,5,0,0,0.12989935357637436
MLP,5,0,1,0.5570249842146664
MLP,5,0,0,0.12622961059138058
MLP,5,0,1,0.5778962248610205
MLP,5,0,0,0.43349493253400756
MLP,5,1,0,0.29055406016635393
MLP,5,0,0,0.20107084126531982
MLP,5,1,1,0.8023866470287601
MLP,5,0,0,0.21388515228478377
MLP,5,0,0,0.023840363420926693
MLP,5,1,0,0.2563683539074322
MLP,5,1,1,0.881047968144167
MLP,5,0,0,0.21506875013373716
MLP,5,0,0,0.24072065958929043
MLP,5,0,0,0.3842024546482873
MLP,5,1,0,0.20970251020785377
MLP,5,0,0,0.08465984194499834
MLP,5,0,0,0.39249474773053344
MLP,5,0,0,0.3547824517209301
MLP,5,0,1,0.7511247123499403
MLP,5,0,0,2.0330211895719687e-05
MLP,5,0,1,0.6514489780002313
MLP,5,0,0,0.24778267950720095
MLP,5,0,0,0.31305380474231836
MLP,5,0,0,0.23903065451099306
MLP,5,0,0,0.2913649664414346
MLP,5,0,1,0.5579882598754552
MLP,5,0,0,0.23554396425536483
MLP,5,0,0,0.46343153273156346
MLP,5,0,0,0.09226517625566884
MLP,5,0,1,0.6925528841393616
MLP,5,0,0,0.23851822978847995
MLP,5,0,1,0.5958345663315763
MLP,5,0,0,0.3802744775972985
MLP,5,1,0,0.38982009805830026
MLP,5,0,1,0.686755898954731
MLP,5,0,0,0.3210467329823861
MLP,5,0,1,0.6489615534066372
MLP,5,0,1,0.8403003228386512
MLP,5,0,1,0.5750613829164594
MLP,5,1,0,0.015183233525852184
MLP,5,0,0,0.1184078609451276
MLP,5,0,0,0.365280586521132
MLP,5,0,0,0.01987895042824052
MLP,5,0,1,0.7679665442823785
MLP,5,0,0,0.1027188345542117
MLP,5,0,1,0.5547527116336305
MLP,5,0,0,0.14872953425573351
MLP,5,0,0,0.2645217194640052
MLP,5,0,0,0.20635738434669587
MLP,5,0,0,0.3337601696022297
MLP,5,0,1,0.5272096826608945
MLP,5,0,1,0.5880206921252473
MLP,5,0,0,0.23532332860947172
MLP,5,0,0,0.23833809043616264
MLP,5,0,0,0.24353778508054102
MLP,5,0,0,0.3530292954246618
MLP,5,0,1,0.6399185424887776
MLP,5,1,1,0.5479642226074918
MLP,5,1,1,0.8055156723356277
MLP,5,1,1,0.9997455750630778
MLP,5,1,0,0.15950946546302247
MLP,5,1,0,0.23422551926421
MLP,5,1,0,0.18162629918472886
MLP,5,1,0,0.017942693624940942
MLP,5,1,0,0.48145608392903183
MLP,5,0,1,0.5052173423574179
MLP,5,0,0,0.46686848621758886
MLP,5,1,0,0.07102270012480691
MLP,5,1,0,0.22340768316146456
MLP,5,0,0,0.4039435109486444
MLP,5,0,0,0.06750339443231909
MLP,5,0,0,0.3039672914158393
MLP,5,0,0,0.23612895238726378
MLP,5,1,0,0.26092927820587025
MLP,5,1,0,0.45692286093002665
MLP,5,1,0,0.34260177523030755
MLP,5,0,1,0.5925538450953588
MLP,5,0,0,0.18718609539870526
MLP,5,0,0,0.17591350600738503
MLP,5,0,1,0.631918243265405
MLP,5,0,0,0.47170308763003754
MLP,5,1,0,0.057010673891578344
MLP,5,0,0,0.4785400365548431
MLP,5,0,0,0.15686723992580312
MLP,5,0,1,0.6457484736687736
MLP,5,0,1,0.9614567342070658
MLP,5,0,0,0.3275025147029482
MLP,5,0,1,0.8034195794267772
MLP,5,1,0,0.37209702098900893
MLP,5,1,0,0.14835096456203536
MLP,5,0,0,0.22283615376115798
MLP,5,0,0,0.19641658780169588
MLP,5,0,0,0.1814362987779882
MLP,5,0,0,0.12254799046459287
MLP,5,0,0,0.47924676342159256
MLP,5,0,1,0.561695245894824
MLP,5,0,1,0.8359496422932163
MLP,5,0,0,0.13100032848790089
MLP,5,0,0,0.16981752944412656
MLP,5,0,0,0.4322059828297513
MLP,5,0,1,0.5156361483446752
MLP,5,0,0,0.4541838520407051
MLP,5,0,1,0.5486380203128461
MLP,5,0,0,0.21584034833909607
MLP,5,0,0,0.37786290922869953
MLP,5,0,0,0.28667913701629316
MLP,5,0,0,0.0535487011570325
MLP,5,0,0,0.3368249442345101
MLP,5,1,0,0.32667215891827206
MLP,5,0,0,0.39091498184370516
MLP,5,0,0,0.2021300926338657
MLP,5,0,1,0.5557600969961461
MLP,5,0,1,0.664818906558253
MLP,5,0,0,0.16039643497852474
MLP,5,0,1,0.567519346710413
MLP,5,0,0,0.18167945376110783
MLP,5,0,1,0.7579566284193208
MLP,5,0,0,0.364289619835186
MLP,5,0,1,0.8878024017550323
MLP,5,1,0,0.23638031583120364
MLP,5,0,0,0.21067004769069667
MLP,5,0,0,0.3261816958166689
MLP,5,0,0,0.18530295576225564
MLP,5,0,0,0.45577173972752594
MLP,5,1,1,0.5960779056160012
MLP,5,0,1,0.9903500072178268
MLP,5,0,0,0.03380039521764197
MLP,5,1,0,0.0532162008932124
MLP,5,1,1,0.9820727166277688
MLP,5,1,0,0.22868226161526586
MLP,5,0,0,0.3202189617958171
MLP,5,0,1,0.6762586826462187
MLP,5,0,1,0.6797544088675813
MLP,5,1,1,0.9650778462868058
MLP,5,1,0,0.12970576361137962
MLP,5,0,0,0.3751390152005706
MLP,5,1,1,0.6890823739411418
MLP,5,0,0,0.30424052249058225
MLP,5,0,1,0.5104688507517642
MLP,5,0,0,0.4229469529686369
MLP,5,0,0,0.2947647141904391
MLP,5,1,1,0.8067765578956693
MLP,5,0,1,0.5511380413404823
MLP,5,0,1,0.6845793940399397
MLP,5,0,1,0.5741825380147819
MLP,5,0,0,0.3189192683524296
MLP,5,0,0,0.2962899149918794
MLP,5,0,0,0.18510914432386114
MLP,5,0,0,0.21349701410602326
MLP,5,0,0,0.054735929219470736
MLP,5,0,0,0.4159739073725999
MLP,5,0,0,0.3927015003922462
MLP,5,1,1,0.8674157528715448
MLP,5,0,0,0.2693723552724773
MLP,5,1,0,0.3533242378912094
MLP,5,0,1,0.6225691677162398
MLP,5,0,0,0.31808503431296054
MLP,5,0,1,0.6093236955636535
MLP,5,0,0,0.13507637944244935
MLP,5,0,0,0.372138798540449
MLP,5,0,0,0.1129830759184846
MLP,5,0,0,0.0910656186962123
MLP,5,0,0,0.1506466668547307
MLP,5,1,1,0.837367025163611
MLP,5,0,0,0.28699350767035625
MLP,5,0,0,0.1626789097995817
MLP,5,0,1,0.517618347743411
MLP,5,0,0,0.3852382739570229
MLP,5,1,0,0.2445495067619921
MLP,5,0,0,0.0566196751995622
MLP,5,1,1,0.5553505593692618
MLP,5,0,0,0.15939602883801357
MLP,5,0,0,0.41052739491135265
MLP,5,0,0,0.3730388859315863
MLP,5,0,0,0.17087165234784946
MLP,5,1,0,0.19610039913598612
MLP,5,0,0,0.2549337087417595
MLP,5,0,0,0.4984811247147584
MLP,5,0,0,0.20646472806360264
MLP,5,0,1,0.7890592487256837
MLP,5,0,1,0.5035392161928399
MLP,5,0,0,0.20847809414529195
MLP,5,0,1,0.77498366660286
MLP,5,0,0,0.42757473787098865
MLP,5,0,0,0.46088864748440567
MLP,5,0,0,0.2653023934619102
MLP,5,0,1,0.5541007762208725
MLP,5,0,0,0.14157795667611242
MLP,5,0,1,0.5759779870524235
MLP,5,0,0,0.42191268123965037
MLP,5,0,0,0.2078627408398738
MLP,5,1,0,0.12355909658908729
MLP,5,1,0,0.02830979369891519
MLP,5,1,1,0.5853466897619239
MLP,5,0,0,0.3925258252151774
MLP,5,0,0,0.09359423802429921
MLP,5,0,0,0.24668670920392977
MLP,5,0,0,0.008739609944577308
MLP,5,0,0,0.18639810572386872
MLP,5,0,0,0.2439603562122273
MLP,5,1,0,0.3600097575760763
MLP,5,1,1,0.5881479994777197
MLP,5,1,1,0.5222936896472845
MLP,5,1,0,0.15156716751896304
MLP,5,0,1,0.6294298628684197
MLP,5,0,0,0.4254536986189998
MLP,5,0,1,0.8322246577753939
MLP,5,0,0,0.15149276333000183
MLP,5,0,0,0.17615727298502074
MLP,5,0,0,0.2908255367274506
MLP,5,0,0,0.37676522490687786
MLP,5,0,0,0.31129419809285935
MLP,5,0,0,0.3355968828632927
MLP,5,0,0,0.07554861957295375
MLP,5,1,1,0.6014708277217755
MLP,5,0,1,0.5064370752900792
MLP,5,0,1,0.5533147493153519
MLP,5,0,1,0.9026030380477765
MLP,5,1,1,0.5983894730021522
MLP,5,1,0,0.474570805690886
MLP,5,0,0,0.3016192774808591
MLP,5,1,0,0.39255974198732935
MLP,5,1,0,0.4616918823310037
MLP,5,1,1,0.9967414081982108
MLP,5,1,1,0.6172690184365048
MLP,5,1,0,0.26120375937181267
MLP,5,1,1,0.849964824527548
MLP,5,1,0,0.46586236599759645
MLP,5,0,0,0.31777449471229374
MLP,5,0,0,0.32612986576324743
MLP,5,0,0,0.30519813724924877
MLP,5,1,0,0.46725925322822726
MLP,5,1,1,0.6160860964582046
MLP,5,1,0,0.06323059848314606
MLP,5,0,0,0.14723126854658597
MLP,5,0,0,0.38749986792853397
MLP,5,0,0,0.12937616301341057
MLP,5,0,0,0.21869692011329633
MLP,5,0,0,0.3481556014162983
MLP,5,0,1,0.7947190708635535
MLP,5,0,0,0.4364173493390382
MLP,5,0,0,0.35310822449149204
MLP,5,0,0,0.25832580118247866
MLP,5,0,0,0.2799032271610653
MLP,5,1,0,0.34583769811957815
MLP,5,0,1,0.6973308044603042
MLP,5,0,0,0.24475183920645655
MLP,5,0,0,0.36617368071125145
MLP,5,0,1,0.7887112377312555
MLP,5,0,1,0.5433317507470278
MLP,5,0,0,0.19969559312653365
MLP,5,0,0,0.2877326040587157
MLP,5,0,1,0.5304593286644411
MLP,5,0,1,0.5747767961867792
MLP,5,0,1,0.9791711247269618
MLP,5,0,0,0.2923271789325727
MLP,5,0,0,0.2563710181676716
MLP,5,1,0,0.2243130469705065
MLP,5,0,0,0.23569049364886946
MLP,5,0,0,0.0004969276559775619
MLP,5,0,0,0.3181509254997793
MLP,5,1,0,0.28091777017598063
MLP,5,0,0,0.22793506006103198
MLP,5,0,0,0.3148559175127631
MLP,5,0,0,0.14970611696213892
MLP,5,0,0,0.34155713468374777
MLP,5,0,0,0.3621601227674305
MLP,5,1,1,0.8019439596636302
MLP,5,1,0,0.1647570683343747
MLP,5,0,0,0.20355728509985535
MLP,5,0,0,0.3427576874999532
MLP,5,1,0,0.11750870163415088
MLP,5,1,0,0.2439094637929721
MLP,5,0,0,0.37680402310706856
MLP,5,0,1,0.5092218454172499
MLP,5,1,1,0.9770420750010872
MLP,5,1,1,0.8464619291418943
MLP,5,0,0,0.2372750862939597
MLP,5,1,1,0.8196091470032966
MLP,5,1,0,0.4504683916100256
MLP,5,0,1,0.7496114056983001
MLP,5,0,0,0.46190510040952987
MLP,5,0,0,0.34550194769956205
MLP,5,0,1,0.5098600447939509
MLP,5,1,1,0.9636856489592504
MLP,5,0,0,0.43565423659732444
MLP,5,0,1,0.5094149995751995
MLP,5,1,1,0.9937817680087396
MLP,5,0,0,0.0415039760466083
MLP,5,0,0,0.15922968591484646
MLP,5,0,1,0.7281433081211101
MLP,5,0,0,0.48334193026817307
MLP,5,0,0,0.3805051635110231
MLP,5,0,0,0.4297537449068014
MLP,5,0,0,0.2849591951488495
MLP,5,1,1,1.0
MLP,5,1,0,0.47292318493089697
MLP,5,0,0,0.4521324993237207
MLP,5,0,0,0.04528569360137053
MLP,5,0,0,0.03872106900365239
MLP,5,1,0,0.018611652980595677
MLP,5,0,1,0.728859251655479
MLP,5,0,0,0.23395678468291067
MLP,5,0,0,0.3486510963190076
MLP,5,0,0,0.18151600243404656
MLP,5,0,0,0.19467058396622358
MLP,5,0,0,0.3479878915108831
MLP,5,0,0,0.4193000459624106
MLP,5,0,0,0.28916100184869376
MLP,5,0,0,0.34805226769491504
MLP,5,0,1,0.6718480795201185
MLP,5,0,0,0.42658724666298725
MLP,5,0,0,0.07163806676797858
MLP,5,0,0,0.36335288427912166
MLP,5,0,0,0.48598009742936865
MLP,5,0,0,0.21395102375139938
MLP,5,0,1,0.5903747986124835
MLP,5,0,0,0.3151902311164302
MLP,5,0,0,0.31443605359932175
MLP,5,1,0,0.444938468231331
MLP,5,0,0,0.2077560606109032
MLP,5,0,0,1.642030394607533e-06
MLP,5,0,0,0.4668208038369245
MLP,5,1,0,0.1968803849161777
MLP,5,0,0,0.16455803441290975
MLP,5,0,0,0.26291233505901734
MLP,5,1,0,0.1791494761689738
MLP,5,0,1,0.5267222544984919
MLP,5,0,1,0.6643132278273761
MLP,5,1,1,0.9661226040367062
MLP,5,0,0,0.04397165925184705
MLP,5,1,0,0.2741884774127025
MLP,5,0,0,0.19045331425037068
MLP,5,0,0,0.3737136833626081
MLP,5,0,1,0.8220767134431783
MLP,5,0,1,0.7480841245985373
MLP,5,0,0,0.2531637554955754
MLP,5,0,0,0.07344886484967492
MLP,5,0,0,0.1417244566154329
MLP,5,0,0,0.36697090469023347
MLP,5,0,0,0.39599124481517145
MLP,5,1,0,0.19232822226536858
MLP,5,0,0,0.4258525212118476
MLP,5,0,0,0.21896366540572218
MLP,5,1,1,0.9101075796310442
MLP,5,0,1,0.8547491620706118
MLP,5,0,1,0.7076843409635583
MLP,5,0,0,0.16146670846376035
MLP,5,0,0,0.19740821389790122
MLP,5,1,1,0.5035680275970891
MLP,5,0,0,0.28175811377154353
MLP,5,0,1,0.8779911467351464
MLP,5,0,1,0.5462153319795218
MLP,5,0,0,0.24774099076355197
MLP,5,0,1,0.886073187681621
MLP,5,0,1,0.6544266946619877
MLP,5,0,1,0.8209922418704979
MLP,5,0,0,0.26915642369388976
MLP,5,0,0,0.4034176069213571
MLP,5,1,0,0.1560239794010445
MLP,5,0,0,0.08026102183818935
MLP,5,0,1,0.5407670543899599
MLP,5,0,0,0.399034244528422
MLP,5,0,0,0.16481840796934547
MLP,5,0,0,0.12129756012467217
MLP,5,0,0,0.44342366373834524
MLP,5,0,0,0.17653502996224374
MLP,5,0,0,0.3131983971863914
MLP,5,0,0,0.3498309764003386
MLP,5,0,0,0.4430787586347131
MLP,5,0,1,0.5934122729868216
MLP,5,0,0,0.09646897986820778
MLP,5,0,1,0.5145750828235891
MLP,5,0,0,0.4665805648212584
MLP,5,0,0,0.08453124122079399
MLP,5,0,0,0.2639829054774109
MLP,5,0,0,0.32803686109172514
MLP,5,0,0,0.12802546800257972
MLP,5,0,0,0.3465812246449021
MLP,5,0,1,0.5271110242976077
MLP,5,0,1,0.5700198220254545
MLP,5,0,1,0.5321986715111998
MLP,5,0,0,0.44854926696671454
MLP,5,1,0,0.20613393474476915
MLP,5,0,0,0.3685217572505702
MLP,5,0,1,0.562111050054752
MLP,5,0,0,0.032198152714291675
MLP,5,0,0,0.1832488796036927
MLP,5,0,0,0.15453909222919798
MLP,5,1,1,0.9016427758713208
MLP,5,1,0,0.324683662333811
MLP,5,0,0,0.09663172021766568
MLP,5,1,1,0.9357151257817977
MLP,5,1,0,0.16102674317063637
MLP,5,0,0,0.11736026271336221
MLP,5,0,0,0.11203416521001233
MLP,5,0,0,0.0554880688253727
MLP,5,1,1,0.6064213663823257
MLP,5,0,1,0.5047664897674747
MLP,5,1,1,0.9998848430355957
MLP,5,1,1,0.6822666892268064
MLP,5,0,0,0.1454506346492581
MLP,5,0,1,0.8295148358685459
MLP,5,0,0,0.16153937217519404
MLP,5,1,0,0.056757973102921376
MLP,5,0,1,0.7392924827444455
MLP,5,0,0,0.4662413479104763
MLP,5,1,1,0.5469141295909364
MLP,5,0,0,0.38037141855845963
MLP,5,0,0,0.05755918983537838
MLP,5,0,0,0.0572161104249181
MLP,5,0,0,0.26948849154311355
MLP,5,0,0,0.4979630353021429
MLP,5,0,0,0.4240699214770601
MLP,5,0,0,0.32631707126119547
MLP,5,0,0,0.23211934229958325
MLP,5,1,0,0.1686976268841838
MLP,5,0,0,0.2360280790092468
MLP,5,1,0,0.39343424608648064
MLP,5,1,1,0.9605909853137773
MLP,5,0,1,0.8905951060048304
MLP,5,0,0,0.020844347024898915
MLP,5,0,0,0.21714396131373573
MLP,5,0,0,0.48558387334813397
MLP,5,0,0,0.48353053656640343
MLP,5,0,1,0.7558831151618587
MLP,5,0,0,0.21149780316484457
MLP,5,1,0,0.3581711366734521
MLP,5,0,0,0.22319898683727143
MLP,5,0,1,0.5921889499238463
MLP,5,0,0,0.46543438891059863
MLP,5,0,0,0.12891199785462315
MLP,5,0,0,0.1797938456029297
MLP,5,0,0,0.2873300993103251
MLP,5,0,0,0.41462191283759836
MLP,5,0,0,0.24797952355949027
MLP,5,0,0,0.3287189578769539
MLP,5,0,0,0.2136516910290647
MLP,5,0,0,0.18443326938980037
MLP,5,1,0,0.3072878998806985
MLP,5,1,0,0.37422169116739773
MLP,5,0,0,0.49324515133705094
MLP,5,0,0,0.41691496982842946
MLP,5,0,0,0.15526406636550785
MLP,5,0,0,0.36237290745421896
MLP,5,1,0,0.32869190882361704
MLP,5,0,0,0.4453225790972552
MLP,5,0,0,0.2738498876669552
MLP,5,0,0,0.3072083178391421
MLP,5,0,1,0.5641646949362775
MLP,5,0,1,0.5327304464980731
MLP,5,0,1,0.9627864539717759
MLP,5,0,1,0.7488831168346296
MLP,5,0,0,0.1892074872067475
MLP,5,0,0,0.288506053437358
MLP,5,0,1,0.75449519741163
MLP,5,0,0,0.37156091113853
MLP,5,0,1,0.7069820616145788
MLP,5,0,0,0.3680280842629416
MLP,5,0,0,0.35686296459220673
MLP,5,0,0,0.2911791179376348
MLP,5,0,0,0.43432049434058
MLP,5,0,0,0.1394544127978866
MLP,5,0,0,0.416031480794164
MLP,5,0,0,0.2723948663009984
MLP,5,0,0,0.35622750157426775
MLP,5,0,0,0.3831597136235889
MLP,5,0,0,0.12429944789863838
MLP,5,0,0,0.43487178380423236
MLP,5,1,1,0.7560152996430596
MLP,5,1,0,0.4151962114846914
MLP,5,1,0,0.46225551450028163
MLP,5,0,0,0.32493802077425
MLP,5,0,1,0.5256137130164175
MLP,5,1,0,0.2814772603148099
MLP,5,0,1,0.7930756854535216
MLP,5,0,0,0.3550665003700717
MLP,5,1,1,0.5105360147363086
MLP,5,0,0,0.18763210713779296
MLP,5,1,1,0.9561956765633622
MLP,5,0,1,0.6437555972996134
MLP,5,1,0,0.22308439110873082
MLP,5,1,0,0.2065777235342056
MLP,5,0,0,0.08482222760036472
MLP,5,1,1,0.6741330396818118
MLP,5,0,0,0.05653991170910253
MLP,5,0,1,0.6782502952227097
MLP,5,0,0,0.3219526422049474
MLP,5,0,0,0.28201989579000475
MLP,5,0,1,0.5918568200927578
MLP,5,0,0,0.4273304763489613
MLP,5,0,0,0.37220991603081277
MLP,5,1,1,0.5918279457918845
MLP,5,1,0,0.0019431605459419325
MLP,5,0,1,0.5375124885937859
MLP,5,0,0,0.4154233174479704
MLP,5,0,0,0.42868291787538365
MLP,5,0,1,0.6794138641072995
MLP,5,0,0,0.11269299047104507
MLP,5,0,1,0.6283714593988564
MLP,5,0,0,0.2664060391969373
MLP,5,0,0,0.4328692883019164
MLP,5,0,1,0.571997782337189
MLP,5,0,0,0.29704086738920193
MLP,5,0,0,0.16572239080017467
MLP,5,0,0,0.40011902404935334
MLP,5,0,1,0.6200807367596817
MLP,5,1,1,0.7839356561581118
MLP,5,0,0,0.3540355574198293
MLP,5,0,0,0.19552117168119798
MLP,5,0,1,0.6124402006894897
MLP,5,0,0,0.3939644311315391
MLP,5,0,0,0.3713632501782636
MLP,5,0,0,0.19625399931584664
MLP,5,0,1,0.9562133086723194
MLP,5,1,0,0.4404212501141251
MLP,5,0,0,0.337205950244173
MLP,5,0,0,0.16697312858520238
MLP,5,0,0,0.33025414112966006
MLP,5,0,0,0.2750802020351285
MLP,5,0,0,0.42025857811733863
MLP,5,1,0,0.119444110199788
MLP,5,1,0,0.1971014392596565
MLP,5,0,0,0.10075569473655746
MLP,5,0,0,0.38580701435379217
MLP,5,1,1,0.5864055504782809
MLP,5,0,1,0.6586274379298852
MLP,5,0,0,0.4382165532613287
MLP,5,0,0,0.3473035343122563
MLP,5,0,0,0.3235619104519645
MLP,5,1,1,0.7633227160710967
MLP,5,0,1,0.6331741638878602
MLP,5,0,0,0.26944051605894087
MLP,5,0,1,0.7002151954087464
MLP,5,1,1,0.8472665275926862
MLP,5,0,0,0.47636828005095316
MLP,5,0,0,0.30750178582992893
MLP,5,0,0,0.0478533796294357
MLP,5,0,0,0.24382613784877738
MLP,5,1,1,0.5035188948483296
MLP,5,0,0,0.16053478418004144
MLP,5,1,0,0.4857620235702474
MLP,5,1,0,0.27740983098250227
MLP,5,0,1,0.6825499909619835
MLP,5,0,0,0.49000643406139255
MLP,5,1,1,0.7530936871486272
MLP,5,0,0,0.3543300477564631
MLP,5,0,0,0.041878280097670306
MLP,5,0,0,0.26661196546612537
MLP,5,0,0,0.017623749890971253
MLP,5,1,0,0.4131579884279282
MLP,5,0,0,0.2834297010863854
MLP,5,1,1,0.7154385123146533
MLP,5,1,0,0.46985904819984803
MLP,5,1,1,0.8920125241177508
MLP,5,0,0,0.3973405349343533
MLP,5,1,0,0.27075096649174485
MLP,5,0,0,0.3093239040193041
MLP,5,0,0,0.016113719471972012
MLP,5,0,0,0.2478917141492527
MLP,5,1,1,0.8093689440503421
MLP,5,0,0,0.35070685102916965
MLP,5,1,0,0.294516900079071
MLP,5,1,0,0.15059521326054942
MLP,5,0,0,0.4156549862203894
MLP,5,0,0,0.29825807358634626
MLP,5,0,0,0.15231897411506642
MLP,5,0,0,0.2260085817246788
MLP,5,1,0,0.4199679066661784
MLP,5,1,1,0.9531385072839429
MLP,5,0,0,0.1620450465830064
MLP,5,0,1,0.5129342178088513
MLP,5,1,1,0.6497674405408138
MLP,5,0,0,0.17282063089139676
MLP,5,0,0,0.2270593810662363
MLP,5,0,1,0.7470933359649412
MLP,5,1,1,0.6776247501864701
MLP,5,0,0,0.3672658531784289
MLP,5,0,0,0.4956309287882657
MLP,5,0,0,0.3000608444327874
MLP,5,1,0,0.4705655371170191
MLP,5,1,0,0.43612977724000285
MLP,5,0,0,0.19531032764224485
MLP,5,1,1,0.9368287465892755
MLP,5,0,0,0.2917298082166939
MLP,5,0,0,0.22257700531642738
MLP,5,0,0,0.31732875307052577
MLP,5,0,0,0.18031931470652526
MLP,5,0,0,0.442385044289635
MLP,5,0,0,0.2147622769346185
MLP,5,0,0,0.36190744470565983
MLP,5,0,1,0.8686323704582117
MLP,5,0,0,0.29068175502787164
MLP,5,0,0,0.28459462369316624
MLP,5,0,1,0.5409287420469365
MLP,5,1,0,0.2242356669416236
MLP,5,0,0,0.24188330173148
MLP,5,0,1,0.5462369550552896
MLP,5,0,0,0.32912329259615053
MLP,5,0,0,0.30488772116511986
MLP,5,0,0,0.012648210404424428
MLP,5,0,0,0.18856492993209575
MLP,5,0,0,0.30253135326723984
MLP,5,0,1,0.6344856125693124
MLP,5,0,0,0.4320128099526404
MLP,5,0,0,0.3493211163501807
MLP,5,1,0,0.4183278563135533
MLP,5,0,1,0.6128236547648629
MLP,5,1,0,0.4664781301212118
MLP,5,0,0,0.17430024031243735
MLP,5,0,1,0.587395054465104
MLP,5,0,0,0.20998198299791382
MLP,5,0,0,0.22637338536217302
MLP,5,0,0,0.4991757154992583
MLP,5,0,0,0.4239313653247654
MLP,5,0,1,0.6811291143876618
MLP,5,0,1,0.9458544320555087
MLP,5,0,1,0.501807545157943
MLP,5,0,0,0.13272476373757655
MLP,5,0,0,0.4980854571514897
MLP,5,0,1,0.6270570824559698
MLP,5,0,0,0.15247233036379404
MLP,5,0,0,0.028822126761089285
MLP,5,0,1,0.9657589384619204
MLP,5,1,0,0.11916222098098835
MLP,5,0,1,0.6454739399825115
MLP,5,1,0,0.13475408094211697
MLP,5,0,0,0.04592755357139927
MLP,5,0,0,0.12536030425258685
MLP,5,0,1,0.6539339790079884
MLP,5,0,1,0.5938074251767813
MLP,5,1,0,0.30723668138465143
MLP,5,0,0,0.3292963461885705
MLP,5,0,0,0.39671663939545404
MLP,5,0,0,0.1840733189268512
MLP,5,0,1,0.6034112504596828
MLP,5,0,0,0.2034891124439605
MLP,5,0,0,0.11319705964132751
MLP,5,0,1,0.758829907156088
MLP,5,1,1,0.9499386930490705
MLP,5,0,0,0.4483817493433757
MLP,5,0,1,0.8772288607982215
MLP,5,0,0,0.2053028557143877
MLP,5,0,0,0.04027964191575666
MLP,5,1,0,0.21113728122075304
MLP,5,0,0,0.04848028037466522
MLP,5,1,0,0.2806148000111834
MLP,5,0,0,0.13475408094211697
MLP,5,1,0,0.2560855950401539
MLP,5,0,0,0.49265396210271983
MLP,5,1,1,0.7600912850201575
MLP,5,0,1,0.7399093099606912
MLP,5,0,1,0.526350808679948
MLP,5,0,0,0.21262651461413332
MLP,5,1,0,0.05814224286208244
MLP,5,0,0,0.25466742014433985
MLP,5,1,0,0.3657150965329175
MLP,5,0,0,0.3101882471698413
MLP,5,1,0,0.3713067166579284
MLP,5,0,0,0.13924170339622707
MLP,5,0,1,0.7558452457447508
MLP,5,1,1,0.5522758517532487
MLP,5,0,0,0.4532274141607819
MLP,5,0,0,0.47552968682170893
MLP,5,1,0,0.08028423606976956
MLP,5,0,1,0.555574690517255
MLP,5,1,0,0.401591317033572
MLP,5,1,0,0.31050920234103585
MLP,5,0,1,0.6363791849234806
MLP,5,0,0,0.46284806759430686
MLP,5,0,0,0.21666372518793564
MLP,5,0,0,0.33425474502356073
MLP,5,0,0,0.3506494459037572
MLP,5,0,0,0.18075148878769154
MLP,5,0,1,0.9346326946507805
MLP,5,0,1,0.5100363705973661
MLP,5,0,0,0.12689575577460815
MLP,5,0,1,0.552908008248217
MLP,5,1,0,0.3794486334126043
MLP,5,1,1,0.582555365733002
MLP,5,0,0,0.04864264854249507
MLP,5,0,1,0.5916010038133988
MLP,5,0,0,0.22325901383492325
MLP,5,0,0,0.21615696675091983
MLP,5,0,0,0.4424390733015325
MLP,5,1,1,0.8758579256266917
MLP,5,0,1,0.7268617008015097
MLP,5,0,0,0.4128709488730298
MLP,5,0,0,0.15191140757615906
MLP,5,1,1,0.7508682480246476
MLP,5,0,0,0.31200920307311614
MLP,5,0,1,0.7896385732446748
MLP,5,0,0,0.08665225246505788
MLP,5,0,0,0.30821404710483286
MLP,5,0,0,0.22082566552317834
MLP,5,1,1,0.7098030926120793
MLP,5,0,0,0.45579066498226173
MLP,5,0,0,0.2615124320932891
MLP,5,1,1,0.5967549420717329
MLP,5,0,0,0.0670461076114005
MLP,5,0,1,0.8142722418521611
MLP,5,1,1,0.8204283851506547
MLP,5,0,0,0.3418357364301255
MLP,5,0,0,0.14606959734569666
MLP,5,1,0,0.42258547331791946
MLP,5,0,0,0.3808903351024146
MLP,5,0,0,0.28952474516103227
MLP,5,0,0,0.28189927799778264
MLP,5,0,0,0.23245076418487828
MLP,5,1,1,0.6580849152747179
MLP,5,0,0,0.2281646335086927
MLP,5,0,1,0.6121805948203056
MLP,5,0,0,0.42630816883051614
MLP,5,0,1,0.5520104522681203
MLP,5,0,0,0.34359173618640854
MLP,5,0,0,0.32916490265186704
MLP,5,1,0,0.05093816261685161
MLP,5,0,0,0.1421159027139023
MLP,5,1,1,0.7889337402634415
MLP,5,1,0,0.03550694385426402
MLP,5,0,0,0.22963481478075787
MLP,5,1,0,0.2637827732381947
MLP,5,0,1,0.5461136810140416
MLP,5,0,0,0.4564345359193376
MLP,5,1,0,0.2262959029021742
MLP,5,0,0,0.013617748940680855
MLP,5,0,1,0.6164713452428178
MLP,5,0,1,0.8856075719132874
MLP,5,0,0,0.20201844523169396
MLP,5,0,0,0.142441401864362
MLP,5,0,0,0.11176869270049308
MLP,5,1,1,0.8530534913510853
MLP,5,0,1,0.5068313554384182
MLP,5,0,1,0.5268970214833947
MLP,5,0,0,0.21471868563009988
MLP,5,0,0,0.33784172638025295
MLP,5,1,0,0.1410021684404294
MLP,5,1,0,0.2899054204126487
MLP,5,1,1,0.8802124571509383
MLP,5,1,0,0.2291320065732813
MLP,5,0,0,0.02317732564146535
MLP,5,1,1,0.6599320279790752
MLP,5,1,0,0.48636855678875723
MLP,5,0,0,0.3761311265323098
MLP,5,0,1,0.8641938372411212
MLP,5,0,0,0.04927993239930279
MLP,5,0,0,0.09677671777891021
MLP,5,1,0,0.2667350259627676
MLP,5,0,0,0.2130599893447057
MLP,5,1,0,0.211394833241529
MLP,5,0,1,0.5581221161370737
MLP,5,0,0,0.3363445883673253
MLP,5,0,1,0.5170881437362583
MLP,5,0,1,0.6041939590850828
MLP,5,1,0,0.2484406944714467
MLP,5,0,0,0.15996062575214925
MLP,5,0,0,0.4013783589285674
MLP,5,0,0,0.38527494394197553
MLP,5,0,1,0.590939502209162
MLP,5,0,1,0.6564932161002087
MLP,5,0,0,0.1779552770906678
MLP,5,0,0,0.47409732954358563
MLP,5,1,1,0.8448580613167275
MLP,5,0,0,0.0658687162097779
MLP,5,0,0,0.41297658435683
MLP,5,0,1,0.9142970140045695
MLP,5,0,1,0.6013779678813016
MLP,5,0,1,0.5113895038176589
MLP,5,0,1,0.7568834383598894
MLP,5,0,0,0.006791219523286004
MLP,5,1,0,0.37132473638155233
MLP,5,1,0,0.32014364811267015
MLP,5,0,0,0.275435734846339
MLP,5,1,1,0.6430992344126902
MLP,5,1,1,0.740303053995731
MLP,5,0,0,0.23680658869505158
MLP,5,0,0,0.23761185715502114
MLP,5,1,1,0.7615588531489702
MLP,5,0,0,0.3539916511636466
MLP,5,0,0,0.20917805166614195
MLP,5,0,0,0.1368472570326428
MLP,5,0,0,0.300289824711548
MLP,5,0,0,0.31957673266251047
MLP,5,0,1,0.5513465384612145
MLP,5,1,0,0.1386536324000996
MLP,5,0,0,0.09446171198511573
MLP,5,0,0,0.2701344798065804
MLP,5,0,0,0.44906110912937014
MLP,5,0,0,0.42875796790903276
MLP,5,0,1,0.718748086701535
MLP,5,1,1,0.6195740117915939
MLP,5,0,0,0.32722712492356926
MLP,5,0,0,0.3541283530784738
MLP,5,0,1,0.8355280076754399
MLP,5,0,0,0.1843551548446476
MLP,5,0,0,0.3445204429544018
MLP,5,0,0,0.3278171452317553
MLP,5,0,0,0.28114514930666257
MLP,5,1,1,0.7250590688620963
MLP,5,0,0,0.11858798408057479
MLP,5,1,0,0.3307482534118204
MLP,5,0,1,0.7374008527511543
MLP,5,1,1,0.5530491396533562
MLP,5,0,0,0.46628865726709384
MLP,5,0,0,0.40618887217246497
MLP,5,0,0,0.16413876262735486
MLP,5,0,0,0.01981168256676095
MLP,5,1,0,0.2788321941378797
MLP,5,0,0,0.12857848467824837
MLP,5,0,0,0.26556250056779623
MLP,5,0,1,0.8184984324377977
MLP,5,0,1,0.5552343749713639
MLP,5,0,0,0.34639605549946056
MLP,5,0,1,0.7861346496972595
MLP,5,0,0,0.19107803991824462
MLP,5,1,1,0.9178082962103423
MLP,5,0,0,0.24645914738829006
MLP,5,0,0,0.4441368973658153
MLP,5,0,1,0.8490272042973315
MLP,5,0,1,0.5552291839275337
MLP,5,0,0,0.13848079352140302
MLP,5,0,0,0.2337341702304401
MLP,5,0,0,0.0966934671461809
MLP,5,0,1,0.5350498069363034
MLP,5,0,1,0.7413018790868077
MLP,5,1,0,0.34666270014996403
MLP,5,0,0,0.3226678028231264
MLP,5,0,1,0.9143854443708883
MLP,5,1,1,0.5317399192646145
MLP,5,0,0,0.07605545745306136
MLP,5,1,1,0.9094876831497655
MLP,5,1,1,0.5859245630444248
MLP,5,0,1,0.6188426294040069
MLP,5,0,1,0.9972791308904602
MLP,5,1,0,0.2810482360338774
MLP,5,1,1,0.9113194265352261
MLP,5,0,0,0.16912723695121148
MLP,5,0,1,0.5771893921205109
MLP,5,1,0,0.21017046034824652
MLP,5,0,1,0.8804944256187767
MLP,5,0,0,0.17399241403968307
MLP,5,0,1,0.5577794941185688
MLP,5,1,1,0.7067570060141911
MLP,5,0,0,0.3502442037457092
MLP,5,0,1,0.5999479723509419
MLP,5,0,0,0.31922725542084657
MLP,5,0,0,0.24260228284924198
MLP,5,0,0,0.24289459064729937
MLP,5,0,1,0.5466992297694478
MLP,5,1,0,0.34297715253352495
MLP,5,0,1,0.7003749364016426
MLP,5,0,0,0.3373649503061538
MLP,5,0,0,0.0023026569783499377
MLP,5,0,0,0.47627867614027347
MLP,5,1,1,0.5409797274999667
MLP,5,0,0,0.10210898391329468
MLP,5,0,0,0.497058115378012
MLP,5,0,0,0.2813052682201246
MLP,5,0,0,0.2576199685963883
MLP,5,1,0,0.4425430115454729
MLP,5,0,0,0.23610180043795054
MLP,5,0,1,0.6228814671827884
MLP,5,0,0,0.2994032485022094
MLP,5,0,0,0.36613806207522065
MLP,5,1,1,0.5850641104462242
MLP,5,1,1,0.8019519998654645
MLP,5,0,0,0.09761414239945217
MLP,5,0,0,0.23719236361523297
MLP,5,0,0,0.2198225445413608
MLP,5,0,0,0.45224481332524097
MLP,5,1,1,0.5698421748837074
MLP,5,0,0,0.23417773693855995
MLP,5,1,0,0.15809018582738987
MLP,5,0,0,0.4648613539970916
MLP,5,0,0,0.21709427052650618
MLP,5,0,1,0.6439200680310082
MLP,5,1,0,0.3925738072530203
MLP,5,0,0,0.14376210439921805
MLP,5,0,0,0.2560750268759568
MLP,5,1,1,0.8713894192397084
MLP,5,0,0,0.11488688584895973
MLP,5,1,1,0.9130427153289692
MLP,5,0,1,0.8058570589364757
MLP,5,0,1,0.7769550406614713
MLP,5,1,0,0.4087619140331234
MLP,5,0,0,0.1419325883343548
MLP,5,0,0,0.4049987495656442
MLP,5,1,0,0.35047900913144336
MLP,5,0,1,0.6797618360656883
MLP,5,0,0,0.3290558024955647
MLP,5,0,1,0.615164649719611
MLP,5,0,0,0.3454352076919827
MLP,5,0,1,0.5094490026934498
MLP,5,0,0,0.28602177875035745
MLP,5,1,0,0.3601887958642329
MLP,5,0,1,0.5174394031712769
MLP,5,0,0,0.16108551334770957
MLP,5,0,0,0.1458245799504323
MLP,5,0,0,0.19016200986294832
MLP,5,0,0,0.4091867549085968
MLP,5,0,0,0.18518467198438834
MLP,5,0,1,0.8674934734410785
MLP,5,0,0,0.09428451056909709
MLP,5,0,0,0.3753132407076798
MLP,5,0,0,0.2654125229570863
MLP,5,0,1,0.540440874182031
MLP,5,0,1,0.5355939612474228
MLP,5,0,0,0.4910963515359015
MLP,5,0,0,0.3754949212301778
MLP,5,0,0,0.26714394000397906
MLP,5,0,0,0.4288671478899011
MLP,5,0,0,0.3148639504833954
MLP,5,1,1,0.6928029619837826
MLP,5,0,0,0.3730607401909469
MLP,5,0,0,0.42855893008857815
MLP,5,0,1,0.5278924720858716
MLP,5,0,0,0.0810808182966247
MLP,5,1,1,0.91005894325277
MLP,5,0,0,0.1313100929212962
MLP,5,1,1,0.570381544788124
MLP,5,0,0,0.4871399084650511
MLP,5,0,0,0.09441072707000872
MLP,5,1,0,0.18497328410045166
MLP,5,0,1,0.7393016175283048
MLP,5,0,0,0.4478683364911758
MLP,5,0,0,0.2872998292054068
MLP,5,0,0,0.3188863325203416
MLP,5,0,1,0.5741811517526803
MLP,5,0,0,0.21824232926831344
MLP,5,0,1,0.5342242107981957
MLP,5,1,1,0.5985777101432247
MLP,5,1,0,0.3977847373576483
MLP,5,0,0,0.2292463096744275
MLP,5,0,1,0.5107619464432527
MLP,5,0,0,0.1712662729122244
MLP,5,0,0,0.0021483928940753557
MLP,5,0,0,0.3122549247464531
MLP,5,0,0,0.39894628958998984
MLP,5,0,0,0.2967896924798721
MLP,5,0,0,0.018174991583266447
MLP,5,0,0,0.4316289960783608
MLP,5,0,0,0.29395449106642757
MLP,5,0,0,0.10380253699644819
MLP,5,1,1,0.6105891160796542
MLP,5,0,0,0.2883374676976582
MLP,5,0,0,0.04922539368673611
MLP,5,0,1,0.7248285878604209
MLP,5,0,0,0.4329676770768439
MLP,5,0,0,0.2905737358707728
MLP,5,1,0,0.25195425029876306
MLP,5,0,1,0.5970370022376364
MLP,5,0,0,0.27228394120004135
MLP,5,1,1,0.7286736212747789
MLP,5,0,0,0.15701063437937593
MLP,5,0,0,0.2868377902152403
MLP,5,0,0,0.3782168374111577
MLP,5,0,1,0.5282005876156535
MLP,5,1,0,0.2164998289306301
MLP,5,0,1,0.6499388404681798
MLP,5,0,0,0.023173888940486748
MLP,5,0,0,0.13001168839689967
MLP,5,1,1,0.6762461273763006
MLP,5,0,0,0.34860677715942506
MLP,5,1,1,0.5863094418356171
MLP,5,0,0,0.33000176173276885
MLP,5,0,0,0.24858817217963206
MLP,5,0,0,0.3083458090390605
MLP,5,0,1,0.6141072317951785
MLP,5,0,0,0.3535308023812122
MLP,5,0,0,0.27181750492407714
MLP,5,0,0,0.3309491569707099
MLP,5,0,0,0.44207654144526265
MLP,5,0,0,0.15587988558170238
MLP,5,0,0,0.4467621029232667
MLP,5,0,0,0.14999857765811708
MLP,5,1,1,0.5289254031317279
MLP,5,0,0,0.32395679335907457
MLP,5,0,0,0.38799488014786065
MLP,5,0,0,0.24931913220504948
MLP,5,0,0,0.2703028350362872
MLP,5,1,1,0.7868608008485679
MLP,5,0,1,0.5163808870350945
MLP,5,0,1,0.8742759899224279
MLP,5,0,0,0.4387278281972142
MLP,5,0,0,0.4573731457967621
MLP,5,0,0,0.25032360239503754
MLP,5,1,1,0.8303217216626501
MLP,5,0,0,0.4334106231449991
MLP,5,0,1,0.6326072875030707
MLP,5,0,0,0.13912750647273783
MLP,5,0,0,0.22852486349871046
MLP,5,0,1,0.5013030497358205
MLP,5,0,0,0.3609102320235134
MLP,5,0,0,0.4721880052941442
MLP,5,0,1,0.6173238885745415
MLP,5,0,0,0.2768978420851429
MLP,5,0,1,0.5110501368572621
MLP,5,0,0,0.47362053201941845
MLP,5,0,0,0.40163181003208215
MLP,5,0,0,0.23516020398334284
MLP,5,0,1,0.6096644737053535
MLP,5,1,0,0.3885743837326602
MLP,5,1,0,0.019157832614568583
MLP,5,1,0,0.12707946679587384
MLP,5,0,0,0.4160045162962452
MLP,5,0,0,0.35486260195261166
MLP,5,0,0,0.15333618807927743
MLP,5,0,0,0.32184287364954495
MLP,5,0,1,0.5841511836057061
MLP,5,1,1,0.9743812818285318
MLP,5,1,1,0.7363115593737812
MLP,5,0,0,0.27203699007876164
MLP,5,1,0,0.45766550896740077
MLP,5,0,0,0.18117821842186707
MLP,5,0,1,0.6031524064392749
MLP,5,1,1,0.7733524803768654
MLP,5,0,0,0.2786346943147242
MLP,5,0,0,0.4856876790698527
MLP,5,0,0,0.2856011453842723
MLP,5,1,0,0.49006146499402725
MLP,5,0,0,0.23283950296928396
MLP,5,0,0,0.3224885354230387
MLP,5,0,0,0.36387900259267253
MLP,5,0,0,0.21047267781555717
MLP,5,0,0,0.47097548591650407
MLP,5,1,1,0.936839507772672
MLP,5,0,1,0.7035960466536383
MLP,5,0,1,0.5379896204765583
MLP,5,1,0,0.30251620762299075
MLP,5,0,0,0.19433715555413078
MLP,5,1,0,0.3931587230992455
MLP,5,0,1,0.6024184947740958
MLP,5,0,0,0.38482359616380846
MLP,5,0,0,0.3256542437481276
MLP,5,0,1,0.70639817931163
MLP,5,0,0,0.354724122444778
MLP,5,0,0,0.21901117274605617
MLP,5,0,0,7.673225574925115e-05
MLP,5,1,1,0.60824684293675
MLP,5,0,0,0.31877698225278445
MLP,5,0,0,0.36249254505037687
MLP,5,1,1,0.7268203105780601
MLP,5,0,0,0.11275504151386759
MLP,5,1,0,0.273416997452542
MLP,5,0,0,0.39888073826297515
MLP,5,0,0,0.4289022540145176
MLP,5,0,0,0.2825130275902284
MLP,5,0,0,0.25519793236714156
MLP,5,0,0,0.20516827838482993
MLP,5,0,0,0.11581862596149706
MLP,5,1,1,0.798576280953058
MLP,5,0,0,0.34977847667167483
MLP,5,1,0,0.4607584496172111
MLP,5,0,0,0.18536853473660528
MLP,5,0,1,0.6307423032016836
MLP,5,1,0,0.25420424797329005
MLP,5,1,0,0.3586668532614352
MLP,5,0,1,0.9661566657350755
MLP,5,0,0,0.13766451776849323
MLP,5,0,0,0.036907818507796626
MLP,5,1,0,0.4791474531657837
MLP,5,0,0,0.24704907793987976
MLP,5,0,0,0.10986245417571493
MLP,5,0,0,0.23706183504883233
MLP,5,0,1,0.6854848090337402
MLP,5,0,0,0.19178902505217862
MLP,5,1,0,0.15816520998884617
MLP,5,1,1,0.9385887877769393
MLP,5,0,1,0.6023163752257028
MLP,5,0,0,0.23862474115061086
MLP,5,0,0,0.2269868318269483
MLP,5,1,1,0.5824547246793943
MLP,5,0,0,0.290426797905799
MLP,5,0,0,0.20775113400482143
MLP,5,0,0,0.3939034921142804
MLP,5,0,1,0.6968330641052224
MLP,5,1,1,0.5281666773767538
MLP,5,0,1,0.7249855631583504
MLP,5,0,0,0.09076658063372166
MLP,5,0,1,0.9935897999732652
MLP,5,0,0,0.2217620640576035
MLP,5,0,0,0.43761576065396524
MLP,5,0,0,0.3679898983096312
MLP,5,0,1,0.8856334611799777
MLP,5,0,0,0.37207109943749145
MLP,5,0,0,0.4902524658418402
MLP,5,0,0,0.49162072479921637
MLP,5,0,0,0.19122436321207004
MLP,5,0,1,0.7147788479292289
MLP,5,0,0,0.20380712884122618
MLP,5,1,0,0.008429042296671197
MLP,5,0,0,0.4846049368360288
MLP,5,0,0,0.10217489125180357
MLP,5,1,0,0.2451648876020747
MLP,5,0,0,0.11647210403065017
MLP,5,1,0,0.43296914211566695
MLP,5,0,0,0.2775288873851825
MLP,5,0,0,0.4065994777646232
MLP,5,0,0,0.1695953689301187
MLP,5,0,1,0.775650069701168
MLP,5,1,1,0.5253278899198026
MLP,5,0,0,0.4415552700512638
MLP,5,1,0,0.4960377204525565
MLP,5,0,0,0.031668709350000435
MLP,5,1,1,0.6493232195907166
MLP,5,0,0,0.32457370217800274
MLP,5,0,0,0.31933985313483326
MLP,5,0,0,0.3411935136798759
MLP,5,0,0,0.36424357189770956
MLP,5,0,0,0.06223459234830835
MLP,5,0,1,0.9942332524274813
MLP,5,1,1,0.6312100564064447
MLP,5,0,0,0.3934925781024767
MLP,5,1,0,0.3254085475281014
MLP,5,0,0,0.2460918440551841
MLP,5,0,0,0.19345017376411516
MLP,5,0,1,0.5952822918510884
MLP,5,0,0,0.09321188238729886
MLP,5,0,0,0.3370040754006109
MLP,5,0,0,0.1806836161666227
MLP,5,0,0,0.338104850180039
MLP,5,0,0,0.33497059783640776
MLP,5,0,0,0.26560892513204776
MLP,5,0,0,0.26637304056276695
MLP,5,0,1,0.5188715954436397
MLP,5,0,1,0.6120511795464849
MLP,5,0,0,0.42310321715916077
MLP,5,0,0,0.15462308080911843
MLP,5,0,0,0.45225661215016294
MLP,5,0,0,0.30661920372518536
MLP,5,0,0,0.2470228080425695
MLP,5,0,0,0.3515708614541211
MLP,5,0,0,0.2539448341077315
MLP,5,0,1,0.6570005978355548
MLP,5,0,0,0.1501173168222785
MLP,5,0,0,0.293643978685813
MLP,5,0,0,0.11312997491566064
MLP,5,0,1,0.5929318724556824
MLP,5,1,1,0.6913556782547204
MLP,5,0,0,0.25438120284091914
MLP,5,0,0,0.1728649043951236
MLP,5,0,0,0.2975246696133314
MLP,5,0,0,0.2475231434500365
MLP,5,0,0,0.3344480585805235
MLP,5,0,1,0.6469203056984859
MLP,5,1,0,0.19876215494607818
MLP,5,0,0,0.15981954999323575
MLP,5,0,0,0.08059948823167104
MLP,5,0,1,0.6043206310097816
MLP,5,0,0,0.3381929142201766
MLP,5,0,0,0.076466219608313
MLP,5,0,1,0.7793696199299053
MLP,5,0,0,0.2565307741766257
MLP,5,0,0,0.22239500339736715
MLP,5,0,0,0.32179707465938745
MLP,5,0,0,0.22251544179371308
MLP,5,0,0,0.4712891158864438
