test_index,loc,v(g),ev(g),iv(g),n,v,l,d,i,e,b,t,lOCode,lOComment,lOBlank,locCodeAndComment,uniq_Op,uniq_Opnd,total_Op,total_Opnd,branchCount
23,-0.0775379442898648,0.009688270264346398,-0.007040585058034409,-0.007000003586705878,0.0005436530243047642,2.979737754524256e-05,0.001747344140232093,0.010639945818415314,-0.007407519922494157,0.014537987404961343,0.007885908954750593,-0.002248486999775994,-0.002494484435098087,-0.0007228449273883534,0.002276546599218186,-0.0019210739472003372,-0.001057825742472217,-0.024706335242216975,-0.011769176341853801,0.0041559525604382645,0.00037683789164632273
29,-0.09480576088759067,-0.00320092150734602,-0.008078796676231077,0.01998634212249335,-0.0018778190618868912,0.003879299129956511,-0.012068177940389273,0.017887054897878216,-0.008580931498889981,0.0100215681453696,-0.00971401288799102,-0.0008043360705426561,0.003589370462583985,0.005956188403778088,-0.01028011500609606,-0.002040872664887236,0.00022129497433178723,-0.006586640814877532,0.03513127103043262,0.0001034998177283134,0.0016701015478700002
30,-0.04952282826596633,-0.015228855168966606,0.0019599950699700575,0.009080236383149422,0.0008971353772443015,-0.0009216241605117093,0.0031284197865967494,0.00015490249617542592,-0.0024431967034817103,0.009001059289247479,0.014831158960259274,-0.0003765223128120214,0.0034725037500299093,-0.001054221624088099,0.005605039773648337,-0.0004566064273697743,-0.0045319654191962625,-0.005871010136107068,0.00012398445432479477,0.009198375490076106,-0.009193032458812415
32,-0.05572384372937068,0.011488112266850986,0.0025562810755402634,-0.025284545830440076,0.0012821652834151959,-7.517829458598262e-05,0.00590067121596734,0.004212271430022015,-0.0022095294146759837,0.008544548609814528,0.0006144620976272436,0.008349086997814094,0.0010917460080858835,-0.0004325575858247226,0.016130177169357482,-0.0012791468537759513,0.0012591906910343934,-0.0005295449538744589,-0.005321352609867418,-0.0012249247690904557,-0.00408897615566847
44,-0.01850395276504969,0.003436508282669464,-0.015491849113624166,0.013086906134479654,0.0016233623700937971,-0.004415941384871567,0.004576383537533284,-0.02068473940082961,-0.008683572681552666,-0.012551358776275301,-6.31858456453472e-05,0.0010043386841358639,0.0006986383765088655,-0.0007943783799145585,-0.014916674510089633,0.004276884672298723,-0.007112614116192812,-0.0018836356208334656,-0.004914359772257312,0.003560053472763052,-0.012937328721551235
49,0.140521561074774,-0.0069256687938084914,0.028464580792525833,0.00874417257373285,-0.00022771092804936373,-0.0031589175231367898,-0.03717235934711298,-0.0824210868392735,0.006553927116968016,-0.014646261344032794,-7.52192012092425e-05,0.0006672231063906954,-0.00305514459640646,-0.017902325911646616,0.008762089822329962,-0.003160957674335044,0.004409029834157251,-0.003313125570669712,0.011072342830852556,-0.03719500775223553,-0.00830555479778968
51,-0.09400141572824516,-0.0025216235068338815,0.00666415446419532,-0.010348373052146366,0.0009198597216795855,-0.006622411974687844,-0.010692622349927718,-0.0028549281450802283,-0.003180821666459386,-0.00784687853510643,0.0023056303147126773,0.0017757062066510113,-0.0025047340095010473,-0.0007621687553686186,-0.010847849599973314,-0.00124919758823517,-0.005354765311060965,-0.0001308957876497253,-0.0042946470588076605,-0.011911367453319834,-0.0047189736845961415
59,-0.02490117436149378,0.012815292965096377,-0.014352805012370984,-0.015669510424346438,0.0002513696589986571,-0.0008293060649660453,0.002551260140901597,0.0011724506223131212,0.00022716406660145446,-0.013101829270626473,0.005900643536618839,0.0031231227868505585,-0.0017220009942449557,0.0008914982650380464,0.010809105789282777,-0.0043015304242853105,-0.00021730294009393288,0.0032539756811272424,-0.009783018275583463,0.004985855617877255,-0.005381021121688243
65,-0.08417044409879045,0.010651432762842803,-0.00763704588986521,0.02137714005933632,-0.0012992991909186232,0.0045836280870085525,0.0022903595539546335,0.015271326672048162,-0.008367150080367022,0.023208654967841705,0.004237544795799578,-0.001226787398257913,0.005922586794067117,0.0043591401163894546,-0.01566198982370883,-0.0019742864670391626,-0.009125883627668877,0.012117646969990849,-0.018480842213909783,0.005028286700563641,0.0017879034426244095
67,0.25646443278732106,-0.0003455015031613651,0.06973215623136356,0.08785241202550191,0.0007556997228991148,-0.0018217162517958339,0.002377545449440371,0.0028648617253801776,0.012168302900007892,-0.006695315368873799,0.005000826017279345,0.0008554799212934356,-0.0020420057821565678,-0.00438684745405449,0.006334925156182593,0.004506720488312499,-0.001229105714662952,0.018538839596153392,0.004223342575604511,-0.0071269210267768165,0.02659623890059175
69,-0.06332219627473873,0.014659342159816664,-0.007096760184972521,-0.015069203414487302,5.168419816879583e-05,-0.0018661467302938095,0.002226145125359705,0.0017281270733534506,-0.013999935903814096,0.005146286717827838,-0.0014165195061219915,-0.00012859973531573684,0.002251027133019592,-0.0011948817163802438,0.0005381488272316028,-0.0016302161005366524,-0.00043909075970983063,-0.0015980974573871517,-0.006056510032272677,0.00714379428776006,-0.038602811994450856
70,0.10455400607967165,0.004943559106989251,-0.00996192606783267,-0.03461705594480435,-0.0008995490153838202,-0.004950184145286416,-0.010456181359209182,-0.010325451982569211,-0.0033979411824325,-0.015315926141037908,0.0013460803264799138,-0.00077212977569087,-0.00936580331762474,-0.005103574048321707,-0.00658400543785646,-0.0052100027945583775,0.0033063617113391255,-0.0018062370733012872,0.008016808151751471,-0.05874432217764175,-0.006876546612906775
71,-0.0979206798809704,-0.0035085953663834095,-0.000862117693147204,0.008745705381645368,0.0012657045159940766,0.008124119664065758,0.0030351392314950615,0.021550600175972306,-0.0045194470339284445,0.0065063912311707165,-0.002751713143151174,-0.0015162035601013746,0.006972831271062221,0.0028458085486449737,-0.004677279752679341,-0.0009082986409339278,-0.0025688912915714608,-0.005757376142093187,0.0010950731944083527,0.0012172548422660135,-0.013095033597498074
73,-0.051630323975266276,0.008461179038367085,0.0013843362462262576,-0.015385322943422021,0.00018655038673601483,-0.0011277295572732133,0.0007999428914944134,-0.0055759059233555465,0.004668879043249269,-0.011663489325824554,0.0012533132184998647,0.005367553145237719,-0.0014160559494755393,-0.0006820801116195189,0.0009952089250706447,-0.0011576682290986716,0.00222383127357081,-0.000685434516596991,-0.003746826550993046,-0.013492466677886162,-0.01891663356692249
76,0.014391943704974812,0.010658385867823115,-0.0003918190567795625,0.013822854204061064,0.0068452107581046025,-0.001764648925511284,0.008166581659199187,0.004215632811914194,0.04277860114985666,-0.015205188037800244,0.0005584378460418566,0.0009942715120128368,-0.019318210786175277,-0.0008810577673338152,0.0022622433134466256,-0.0019064955480363151,0.0007368816003286789,-7.921327504624235e-05,-0.007017454551319493,0.008824835286568085,-0.004630709942031354
78,-0.08132116622673104,-0.032805377703380996,-0.007317068781556782,-0.011098304123605861,-0.003403383830688757,-0.0010034491633391241,-0.002805209021933557,-0.013546223275868859,0.0026774757735615693,0.007467809280498281,-0.018319921654471116,-0.0008336526528276547,0.005730991347141362,-0.0007006598871583256,-0.013399151247307903,-0.005533207285133517,-0.003181195242298613,-0.00980586173435105,0.0241138292308173,0.0010444423278322722,0.0012455019517608262
99,-0.020647173066685107,-0.004813467980773699,0.006325179439992995,-0.009115091957959953,0.00120923873847785,0.0005813644076857157,0.00727901664703497,-0.006440902217358095,-0.00587357085281084,-0.0070796598067514125,-0.0008478578313425825,0.0011216042327985918,0.0036648938249475974,0.0004196093501669672,-0.000728630309152403,-0.00043528364204146916,0.008390562923318587,0.00027925899778482113,-0.006301242645715469,0.005037630132670395,-0.006738091183412308
109,0.014675441009040183,0.024193197804484482,0.02517506369705704,0.004436190631158461,0.0007440994526558355,-0.0028168613219050633,0.008093667776512024,0.004020439141824598,-0.0016035746350840264,-0.0029799066355242036,-0.0037721242932721834,0.002371320282613025,0.00043173952914114187,-0.001385028171635632,0.0028213578310679094,0.0023785941706284917,-0.014495168308802781,0.0015148329811976,-0.005478083908016704,0.015347066117759307,-0.0028897505112126603
111,-0.08060720085291033,0.00846253984641002,-0.0032957655568516694,-0.0010127446677849893,0.0026496886032687855,-0.00319229685328034,0.009543643955826579,-0.005356117906304143,0.014673775543411226,-0.017497993980058874,0.0006429835396316519,0.0015469247552754586,-3.829344902019572e-05,-0.0004967073564074711,0.01070606656213908,-0.0022793387072501435,0.0038381143930112317,0.0005337846112243503,-0.005166832482423269,-0.008875182540862298,-0.009095884066703813
115,-0.07782790898006368,-0.0515501414314696,-0.006118197453211536,-0.005110688896266917,-0.0001918285809056831,-0.0010016206649037227,-0.008616936429878102,-0.00432312100960764,0.005011512798561749,0.01310119457132707,0.007293088509497513,-0.00043842101056226247,0.0001385884605416651,0.003482713427737644,0.0009593805566237073,-0.012599691515470959,-0.0041567401461124745,0.0027415252167217775,-0.011460312039986764,0.0038195044096243414,0.0011207202266898763
123,-0.08389317213515524,-0.020936260042472964,-0.0073442591993512964,-0.029320072675836792,-0.00019099294511526832,-0.0024802633537936267,0.0035019146677657447,-0.005833543095458955,-0.006319741995365551,0.006381567431827586,0.006426096876830433,0.0007361985309384225,0.0005271945954262188,0.003136228042509095,-0.013029691403290166,-0.007364939448934992,-0.0052640734414999245,-0.0028700108876656126,-0.013064952791755537,0.0037165203712396337,0.0024212628992083644
124,0.25721684375843823,0.0016488440350981009,0.06255347066648388,0.07315657145128232,-0.0017295267198921837,-0.0021353976535390157,0.003213349496891457,-0.02841650817895438,0.02279049808388965,-0.00586806238871506,0.00199718214050225,0.0007234069143645161,0.0015370381563803606,0.005941768308036676,0.01598925560231812,0.011460872896363493,0.02133483925427396,0.027580195340056225,0.011295154428115623,-0.024003671405324577,0.021364069109838586
135,-0.07154704815972619,0.01114900559166553,-0.007331101646104111,0.005990160336683918,0.0010336937373369814,-0.005670208839404014,0.006600511372490855,0.009764078083274971,0.006820252300769698,-0.008694731353449676,0.0029463817825518186,0.0033864250322229233,-0.000665610469672719,-0.0003055097382549303,-0.019535110675001344,-0.007285108927941206,-0.0044263759075938965,0.007298999472155998,-0.015577209060639821,0.0038656012574208114,-0.009490616699860132
162,0.10013854827394988,-0.019760976868485984,0.035922186244550895,0.040056696821205835,0.0012545651622076102,-0.0031243134982209923,-0.019199964629414534,-0.05500550294767005,-0.009318547370309679,-0.013685424074276285,-0.0001288693231038508,0.0010565103404608905,-0.014095033986727316,-5.562107166907273e-05,0.0019121005487314205,-0.0017439049682096818,-0.0022094983020340547,-0.0027388971740579223,0.01023531137959309,-0.0084900128090537,0.00925479568176556
168,-0.04015152517531608,0.016025984571364896,0.0034720140663683976,0.03598053832351383,-0.004705003033258341,0.0018912319879818066,0.0004668262571918412,0.011797446928552488,-0.002455810393978572,0.023147480621144835,0.011178495702877943,-0.003520123483618465,-0.004878181478978224,-0.0008306467077809885,0.0019844434923159244,-0.0005428547195278973,-0.0009009194474660067,0.006965267861362202,-0.02563788598935868,0.013976546107906367,0.022470025392775567
173,-0.06823980044948993,0.004843555002744811,0.0009621978509470636,0.030038342874421906,-0.0016548400981537595,-2.7722938025596457e-05,0.004155570718768717,0.0011353810649633509,-0.0027167996838449917,0.0053915126990264,0.010913958747870642,-0.0016441413106878758,0.00038504406535101976,-0.0011488732345470297,-0.00026817926399207447,-0.0006066604502998206,-0.00737305578091061,0.0033689644869756164,-0.005888041634752737,0.009470756671925807,0.025320564962392364
185,-0.031916051833394396,-0.02615570941544311,-0.009473228304412492,-0.05026298171620016,0.00012597359968146712,-0.001013903565022766,0.0020456189931995715,-0.013631242882496408,-0.0024253685250732195,-0.001608437488595489,0.003926801061352257,0.0014843890413788492,-0.0005215284456563927,0.0033583429687486913,0.0007565675951485885,-0.011591921871504256,-0.005031457038576622,0.00221387413145228,-0.013684936157518977,0.0027008681530488756,0.001926001361575636
188,-0.1033990598146761,-0.006282667016710601,-0.0038695372641073954,0.004386909924257633,-8.225401897761424e-05,0.0005587839542706371,-0.0010757260317453478,0.00425297219195169,-0.0035079480813466346,-0.0006040296141161359,0.005611471143549954,0.004459344189086711,0.009141213354717605,-0.007696901908822703,-0.012533137305918207,-0.0013934042468210753,-0.0030475851810415028,0.0003866592689937911,-0.009628540635042853,0.00555338367289065,0.009076674166567343
196,-0.08926090172600215,-0.00043539594451473036,-0.007653702512219708,-0.007624225118037418,-0.0010042643614493253,0.0009509018387021774,-0.005002678972154342,0.02637885059289426,-0.008187924529050504,0.009814922684452953,-0.016436871772005646,-0.0017123834881307076,-0.002184207492275711,0.005608511372451446,-0.01220217742541964,-0.0050038822748520425,-0.015151503296429553,-0.0010360372828572468,-0.019753759052114944,0.0002341895714834265,0.0013771100140363196
203,-0.04473304226443852,0.006725907100772541,-0.006787491237133604,0.0003688232975078276,0.003190248818158683,-0.0004404281935354056,0.010510947488139301,0.005313439129779544,-0.0009264602945637626,-0.0013894555368928348,0.003596307496342574,0.0019873072900362817,0.005119102503320166,0.0009289375043943414,0.008940566301226931,-4.123236795847775e-05,-0.0025755891737286947,-0.0006011836406540331,-0.007245277457805136,0.015406163927387544,-0.015749762060389756
210,0.278596702552767,-0.0008053250085375288,0.04787039059920946,0.06844533914903476,-0.0014666968769331905,-0.001942480835889593,-0.0026399423358611077,-0.0009875716109734919,0.04611692421724076,-0.009764034458284583,0.0007374528270824627,0.0010088057846855843,-0.006104864336113816,-0.007499079128674482,0.017328276501811315,-0.0012282533415364646,0.002228374787852309,0.022278367389700005,0.014293973675259437,-0.019352436459356113,0.024047917058454233
212,-0.11438150659732998,-0.0005608430127311665,-0.0034326691491037703,0.03187294823448852,-0.0022013891571197636,0.00449556974173894,-0.0017837261384721643,0.004142423555816155,-0.0052394593802951184,0.017506873146903083,0.0044361605345430806,2.668600283051494e-05,0.010079931005645313,0.0022857749965293638,-0.009534021319886017,-0.0016182385824009542,-0.0043728223801535945,-0.0022301744039061864,-0.012484666965267344,0.006368315303465097,0.013479802808795793
220,-0.11213733574542233,-0.004320898954834666,-0.004163848272909028,0.01791704304250451,-0.002327351387488426,0.006129212491628498,-0.0023048692342150165,0.003919244497085867,-0.003990044120516996,0.013260252522412787,0.004219634580123144,-0.003461046835440879,0.006551479050869977,0.0026942981934520434,-0.00961575887195822,-0.0015688970402904772,-0.0034711769258203946,-0.0019667485626712667,-0.008126960537843756,-0.0025915121785811813,0.010474048814100799
233,0.11309767368683665,-0.008746881645414685,0.01796345361501965,0.015616290497485901,0.0007350956195068069,0.0010198222234732701,-0.0011816763681680553,-0.00024154077827314867,0.019321183335020864,-0.02171715100234642,-0.0020297160006215635,-0.0010840567116510353,-0.012804383241025459,0.0012474400642699943,0.02391024794312608,-0.0016076677624625277,0.00689740225368413,-0.001097035528745374,0.010863181820865127,-0.009835005437054536,0.00787109970152642
237,0.23029604526238054,0.0035656403913999647,0.07469129321613005,0.05141147155767633,5.312150532037799e-05,-0.002254477639483732,0.0075986252242380824,-0.036930571942407,0.02031135270140453,-0.009922471082199256,0.0006504129645633287,0.0007221948154355701,-0.0005945558964569643,0.014700129424785617,0.03171952793638276,-0.001553151829968661,0.029682577500234772,-0.0003961639329228091,0.015436326712180006,-0.027457911196880982,0.02357402606988845
239,0.11665888925900791,0.01953924021807542,0.0060072376679741624,-0.012257349844909034,0.0012854735078978855,-0.0009809892969849122,-0.01004210901981062,-0.0036383093362521678,-0.004148989574477099,-0.01118348447888117,0.0020713621283430707,0.0030307808230973345,-0.021984419003782035,-0.0010122511572352446,-0.0009036381042649403,-0.0033717773639329986,-0.006038469854894696,-0.001512674992840328,-0.0008070516154581205,0.0037824860008228685,-0.011026791782164187
240,-0.07408169725362566,-0.07018950557208987,-0.008216689772300117,0.0033670827714155234,0.002436626917973293,0.0016245784483478048,-0.006320009615547393,-0.002465408687574757,-0.0009372586437142082,0.016329567394296994,0.008606986196861663,-0.0007633143703950123,0.005569984289278681,0.005157958430059922,0.0036586208789490637,-0.011683418223183157,-0.003012089965288234,0.004803660720587325,-0.008227751958353785,0.004293653774408354,0.001165186438921235
247,-0.0573997431393054,-0.0022618143434181546,0.003524484838946215,0.02341440007784154,0.0011102547767045314,-0.0034335448675314744,0.0022609436198510204,-0.003985010044144874,-0.0030211829721055183,-0.010282154482426817,-0.002596290138839295,0.0007016502171234304,0.0016202488251242672,-0.0004969897887053009,0.002629779659916481,-0.0018207445145503446,0.0001308307776124745,-0.0004619535600746155,-0.0009377840988998573,0.0031280053142965325,0.002660536966830092
251,0.059606670339833336,0.004463945613302351,-0.009515156337522644,-0.04159365439140164,0.000982874942581996,0.0018994119830141587,-0.00796771868634156,-0.0147283894817765,0.002874905534212728,-0.01579733305917795,0.004319021793030397,-0.004183999922967788,-0.018606519358060968,-0.014663886124805642,-0.0018279201298983935,-0.00707563704077955,-0.003530409365765676,-0.001299998295802911,-0.00804095937789613,0.006341781184299119,-0.001208557294022561
254,-0.016852017727373717,-0.0017920783602643781,-0.02040111161006282,0.012624974777548238,0.004719542915207548,-0.0007642025643554983,0.009722955925666892,-0.008377441894805278,0.02943189948595775,-0.0065638188980372955,-0.003977269798489515,0.0016664146567057431,0.005501572284725714,-0.001605057306961947,-0.003578191270890374,-0.0007380580628999257,-0.007117631802575472,0.00041719325148661376,-0.007335376402650735,0.007090041570953939,-0.010213661239197652
259,0.0683684030421024,-0.031653370501986494,-0.01669041370110785,-0.028346240950333196,0.00019571814721847867,0.0028456470548523984,0.0010132072480950821,0.013275286472101865,-0.022914692446701697,0.005014919769924868,-0.0022408924260164877,-0.0014952714286440624,0.0065607284019931055,-0.0007939452106846176,-0.009762656198155554,-0.0031389315652820193,-0.0036078024517482788,-0.007006178030978705,-0.002726927240660373,0.005700525755499993,-0.005034946970682469
261,-0.06214897323867274,0.06257481360254727,-0.006407690739157249,0.05813569001895517,-0.0033351592374348303,0.0015831810522472462,-0.005604238157347513,0.1075692066184646,0.015639116758416335,0.010895464809367518,-0.03972819030559247,-0.001294854096151815,0.040769594091506905,0.0066629269094914175,0.0001628341899544088,-0.004842365530500386,-0.0060440491213083905,-0.008581556966925676,0.08017256688704907,-0.0033016382560038505,0.0020630017349500523
270,-0.07882484343776187,-0.0335739997993661,-0.005007322590383756,-0.020593961820157186,0.00034772804521465537,-0.0016355642365096157,0.0038658823554407274,-0.008017219666406028,0.0015198001859884791,0.0006224757955949171,0.002413825416615174,0.0022576222603541535,-0.000324138640905575,0.00313523765600741,0.00023390953790310975,-0.012728139711848208,-0.0034658368740930466,0.0014567885651003516,-0.01276062107268246,0.0013389731317375903,0.0017693572685455797
275,-0.04027338159945518,-0.007583264023156647,0.003067509093157284,0.027333155676657332,0.00032767869501704384,-0.004534939594615893,0.0008849588040183787,-0.00414132133936666,-0.00199978533944357,-0.009366026051407789,-0.006405394394578982,0.0009859615566414942,0.003705548947884221,-0.00018251228991335547,-0.0007978318665974793,-0.001844321496597542,0.002389860272970787,-0.015249751732765273,-0.00023028603347746406,0.000731537677536551,0.019927935628859025
289,0.26034821160503663,0.00011505421904187699,0.040075700497831865,0.07288497674030898,-0.001405977938824728,-0.0025764175895291565,-0.006242043382169155,-0.02330143139609434,0.02113216311051019,-0.01629708958823144,0.0013480895059214096,0.000741115348496518,-0.005203800709312188,0.006619692271080244,0.028251095985848153,0.009510733951332432,0.013876140476319368,0.022970360188539866,0.013632729772444143,-0.02480955850182121,0.02257521677614525
297,-0.03370430689506579,-0.030730017456821537,0.01730775862199919,0.010150050719954375,0.0003459714011076322,0.004655022429363273,0.0034443538337852126,0.013302239469909955,-0.009119385858375196,0.006702576923879251,-0.003961360066212929,-0.0015039812763293693,0.006583468276985733,0.0003623201857096143,-0.003025337049731805,-0.0006093755266333138,-0.008260762702192032,-0.00043175739433145893,0.0029105025890319163,0.009611337621159692,-0.01165915777467816
298,-0.0765468272214543,0.0037415946658229666,-0.02872061876424171,-0.016737335810310453,-0.0032454889085150613,0.0014399273960457712,0.002941177655350952,0.002370827482447844,-0.0029520087484397207,0.005993538366668346,0.003709674372457861,-0.001926516345409049,0.0007027420270907366,-0.0012917955705132858,-0.00511535511756372,-0.0010123385055909836,-0.0023682733549410277,4.6073568080954426e-05,-0.022453559332165137,0.007918858998263407,-0.013056220264250143
303,-0.10339970658216222,-0.008791918268605182,0.00031853825337387515,0.002305620259745507,-0.005190628671332063,0.0016785863734133963,0.0009619319717186567,-0.0018742949764109587,-0.004103776385884023,0.0017325273706829951,0.005510993084263314,-0.0017661331076127401,0.005758369833964022,-0.0005688471477242694,-0.0023091341407779197,-0.0012974711896568743,-0.0017832082649981015,-0.0019168752727784617,-0.02183007675789287,0.003650198383849694,0.00609063113400338
305,0.08679056898207976,-0.004226292154866391,0.04534975943283462,-0.011563910163764634,0.004569458203723536,-0.001002969777645822,0.0020579486717531466,0.0010556802621782648,-0.005400991897212042,-0.007005416334349773,-0.002301900304041522,0.0005893618046837256,-0.016526480296986994,0.0017784693205288218,0.004389622662058968,-0.001379960164104683,-0.006456270850241343,-0.004113431859641659,-0.006785629863504502,0.011691325930030583,-0.0033106611804782048
316,-0.02757308741570195,0.007998806959581467,-0.009622454474559495,-0.03444813761917075,0.0002305626024728755,-0.00018296541085146723,-0.0010472506388530256,-0.014558731751301592,-0.0014155814141746422,-0.007043195120407764,0.0050573217960751295,0.0030501745130114746,-0.00019106385257756806,8.32494554878362e-05,0.0074860246493883694,-0.0020718013022231353,0.001692584049908347,0.002981658513217555,-0.009427733104403134,0.002684590046490123,0.0014494707287080195
322,0.0726373278916018,-0.02030607551445204,0.01121295942962438,-0.011925691837272654,-0.0023464281016575108,0.0019938526449085033,0.005599642758286512,0.03741330389432617,-0.016112470415969568,0.007685526456282893,-0.02787620894303094,-0.00023452716908468392,0.009235851565750875,0.00623383124795339,-0.0034226460070866556,-0.001511788880254188,-0.00448924432045444,-0.012100192189572638,0.013033574954329736,0.0031761139174678915,-0.004396776552267142
324,-0.05015479410110005,-0.032588595673250224,-0.004442407133675038,-0.05335128781549955,0.0007394232123379531,-0.0005948122910913291,0.002367371810450367,-0.010195967776611949,0.0059461892004903545,0.000305884947684263,0.004046193013327264,0.00030342951888754656,-0.0008935473530911891,0.0038899987077280745,0.004084927964843414,-0.011874651078365914,-0.005670986259435429,0.0019162614605511747,-0.014129283831100715,0.005241815446703184,0.002178132193183041
331,-0.0671276202627875,-0.021582716238313888,-0.012488963554163388,-0.019987990282507983,-0.003229631075725988,0.007870584570910933,0.0005381848035462957,0.021507320296016416,-0.005379663879803618,0.00732736756105566,-0.038092254702274786,-0.0011075519530994629,0.007437710587398419,0.007946372098463363,-0.006733558385751038,-0.001386805022786321,-0.00399085332395859,-0.018265614312000748,0.021588598166678373,0.0017264777102723758,-0.0050707534805746425
332,-0.06704772108734082,-0.001012216811573376,-0.00047107979589455025,0.027418521438498985,-0.001934386489483539,-0.0009633013036743831,0.0030726840183766375,0.0005586246303251091,-0.0044924281087501,-0.005223082032383755,0.006091839605741908,-0.006758149678574884,0.011620401536169112,-0.005604454832761974,-0.016482436428872177,-0.001599308259383915,-0.00826975767371752,0.007591101216433348,-0.02455094276251475,0.006810209970015882,0.024243186864184477
339,-0.0728030550737833,0.008386055628720539,-0.007193644765708288,-0.045524534183266636,0.0016280394492211763,-0.0032101161230269227,0.0016756089017778324,-0.0028315879413582778,-0.008361658471235935,-0.018592130456048815,0.000180029293817309,0.0004758697916840033,-0.0058877262580745195,-0.0008801082853767852,-0.002325110710734172,-0.001618708661964089,-0.008911484441502518,0.00024887987408017746,-0.007981683692418827,-0.0038559074846881403,-0.004343342524305241
342,0.13670641085159183,0.021199856798998006,0.00587888122114373,0.01945079152457623,0.0013253461044510993,0.005183738352038656,-0.008268859062729979,-0.005032333582758517,-0.011058062940187949,-0.010687082367146095,0.005078904321993586,0.002340315606761682,-0.013058388347545297,0.006885387987746528,-0.0023489660284997703,0.01740667783199011,0.04065551679544509,0.0009992573089972153,0.002616103651241264,0.011494595633525869,-0.005772459867772523
344,-0.1105672364867524,-0.004293355964606893,-0.004189174163641724,0.022957069209951348,-0.0025196384910465054,0.005125205359044537,0.0016971086404159819,0.0027745371257324697,-0.004180743092117594,0.012973248708119485,0.004202004898182569,-0.0034346014974843166,0.006671995955594594,0.0023376776635326106,-0.00940719339227839,-0.0014902673855883197,-0.0031565867825089937,-0.005557955891984767,-0.015386944465021866,-0.0030102511403292324,0.01042566449730254
350,0.08038700957921226,-0.009991139395452476,-0.07412823914864748,-0.0029314544499552913,0.0027738981672075693,-0.0007691908111638398,0.0006054518039617666,-0.0010774163293780228,0.007412459604152557,-0.009520249913804991,0.0018118980317211634,-0.0008460336975864044,-0.008958030793775334,-0.006386771316791528,0.010532601656538458,-0.002705461977034995,0.011018248710299765,0.002364692439846382,0.0016213705209455604,0.006729600262688575,0.012302058513731133
351,0.024138913982528352,0.00826131320736997,0.00024232108583098835,-0.025634331101540234,0.0018062514139260927,6.180359272659136e-05,-0.00539186797863799,-0.0077693587649871635,-0.003500532154544376,-0.008863010374478125,0.0013393584747535576,0.0011006290866946466,-0.04125850923460773,-0.002692072762713245,-0.0037181505790559403,-0.0008229337147500919,0.0033915860481884778,-0.000318333501079991,-0.00949340634725367,-0.000983150722666333,-0.004523418370113047
352,0.0021826543374132185,-0.007053530689813935,-0.025317428960372878,-0.020722974650885732,-0.00023952821035534176,0.009199162145711178,0.0024043008413535422,0.016723188930876362,-0.015625890721352613,0.010174946263853273,-0.004407159329649294,-0.001344637388175073,0.0065060112383967614,0.003546142115035406,-0.004120617933719003,8.255819997676123e-05,-0.006611079113805971,-0.00789036810304205,0.000757431331644084,0.012364201888627708,0.005032999428970367
354,-0.07356322510100621,-0.01278955730555088,-0.001969001754920219,0.019854389003778485,-0.0019047911075248999,0.00015723555457918627,0.003739730470987551,0.0013616461909650016,-0.011206439283941225,-0.0005890435280265311,0.00015163308847227465,-0.0009132075314333582,-6.3385803413589305e-06,-0.0011858704403379132,0.005250695194884338,-0.0001866728240088234,-0.001911696035260508,-0.011179370842154233,0.005446906006119884,0.0063579358522091265,0.016486967398253994
365,-0.08858720521491711,0.003362419141759832,-0.024924250056264738,0.0021461994018999986,-0.0015787289750788089,0.005169553573583927,-0.002396476050844854,0.003840791499376747,-0.002361437444460105,0.00694069768536134,0.002747607431169437,-0.002201351245885985,0.004415011416823152,0.001883712000097291,-0.004206260659124314,-0.0011374576614654665,-0.0040287119111783905,-0.0028380790392945037,-0.011109418715097486,-7.037632551501717e-05,-0.008200439919182505
366,0.15365253177652316,0.014696479560761424,0.019163141293545106,-0.003273977012908339,-0.0006560498994625038,-0.0010051482307918132,0.006088208651029965,-0.0016656904585075822,0.026106274799025605,-0.015512400001679734,-0.0020419408490508512,0.000969755927990217,-0.028355590245237816,0.001577902069987625,0.022306458161204034,-0.00175848652803378,0.01106071939677362,0.0055467542983172625,0.009911739086048777,-0.006565541179025896,-0.007267592637537075
371,-0.07841282148944523,-0.006858576524088118,-0.007240323043553224,-0.05296156220026825,-0.0005159249653571011,0.008142605705908962,0.0006685116331111803,-0.011328094887936483,-0.019851314468769164,0.0018922080294164812,0.003958575349895194,0.0008040308532300777,0.002343512481422862,0.006953905552193416,-0.007513190267576917,-0.00624967731598401,-0.00304846275606686,-0.020843432661330756,-0.014682546330719894,0.005424925573435789,0.0006170503055098926
374,0.05327653924693105,0.007311721797373663,0.0008937663581453924,-0.025152755667621388,-0.0029348539162493952,-0.0010632208570074272,-0.005754117020312684,-0.00700667576911096,0.005270601878547732,-0.01494814268314184,0.0019213702345548338,-0.0008075254758742277,-0.03899688963923126,-0.0011527724441836558,0.0011506652900799498,-0.004115613643990812,0.00097510171123189,-0.0005709979318525302,0.005679447563573473,-0.005224182570298951,-0.007031075159812642
382,-0.07956851590669096,0.00713309406951015,-0.007724018081172093,-0.028724965745950234,-0.0009445157130736076,-0.004916044337280215,-0.002862003969330719,-0.010840840412669011,-0.004373986762965139,2.3667731331334612e-05,0.005326786158103,0.001256795933735847,0.0012176812056934351,0.004804042403691609,-0.020701913862433294,-0.002093661130448429,-0.0072427640934148675,-0.017472148188212407,-0.013850176452976507,0.0028954684947460644,-0.008424898709848548
383,-0.0773185665582464,-0.0433098681972759,-0.007645030372984814,-0.014753948537245718,0.0025516155400017353,-0.00101541206890962,0.003722400462947818,-0.006940770059865034,-0.005332622141724116,0.010983192205950851,0.007513162733506248,0.00013110840446649437,0.004397579902875233,0.004140043553883197,0.003971473205239256,-0.008684554866445541,-0.0010778949473791274,0.0005383241645904457,-0.010274044911089178,0.005592138282961402,0.0008620527123268649
394,-0.07773063223543106,0.005573745587447565,-0.007006174051769714,-0.028529845324551054,-0.0022602131910292285,0.003769982845240434,0.0018514682683168854,0.003942307694986592,-0.02883356056250758,0.011977201634900196,0.001100259400951311,-0.0012673221580991345,0.00012576431374130268,0.0013077109800307479,-0.012531081433426296,-0.002024988232209072,-0.0035029762750148933,-0.040858594048942015,-0.014064207221602539,-0.0004109899205734005,0.0011646893490451142
398,0.014218891160258533,0.009663469271373673,0.0009484004999372658,-0.015907454743002016,0.001023811412014403,-0.0007095285703715462,-0.003168577010672544,-0.006465815796729693,-0.003970482271522787,-0.006104399747795797,0.0016945260689400366,-0.0021803261732782054,-0.0038977739980981417,-0.0005344132253382504,-0.003463387092357495,-0.0019492130147492712,0.003239396017311503,0.00042395184967653556,-0.001369618288169591,0.0009628339273623737,-0.005951222440884387
411,-0.08192644200651283,0.00021888818190087905,-0.015231142049764694,0.021717451999918192,-0.0037244409221205386,-0.001204431745123595,0.009705785222773686,-0.0021920832111864286,-0.004761072958618462,0.00832776472761722,0.0005772690486505447,0.0021489375676170953,0.0027754706615575747,-0.0010449791494051125,0.010363080859409221,-0.0011066251455945373,-0.0004787696296880326,-8.914826486031809e-05,-0.02003940146404456,0.018367785110496818,-0.01013078644362674
413,-0.03144130833234296,-0.0035600522170410836,0.005689401515084945,-0.009273747640553975,0.0006241544042385406,-0.00017220865432526368,0.008141149912220386,-0.0008020521255103996,-0.005368907716332827,-0.005318393166012968,-0.0019334387972166531,0.00238240911598828,0.0036944472771231235,0.0004518891817581429,0.006054794105161778,-0.0007258915126176466,-0.006873109325943178,0.0011709017046054291,-0.008553695913373073,0.0026624759867230445,-0.006571413138288907
415,-0.04391558771407746,0.0630349642015582,-0.00812721475833172,0.006485539092233769,-0.002342445941273253,0.0017928164434640448,0.00290278899816944,0.1077615032918879,0.004668116547487717,0.010476783912338644,-0.04227814188579787,-0.0019373498358648822,0.03311609599926216,0.012521190064410954,-0.008388715748765466,-0.00354690731298366,-0.005900670143044322,-0.029100854258707436,0.07395186747094346,-0.0009672850631680682,0.004568663376285035
416,-0.05889094125229254,0.010254858020360615,0.006454045326867532,0.003635413079318887,0.0005051203558805682,-0.0022382141182429537,0.0016514016343660452,0.005805012775707057,-0.0005434279237726967,-0.008334719627949462,0.0006419007758617754,0.003640601631540303,-0.0018528915428943735,0.01011600280804976,0.003731106724175061,-0.00660120320339346,0.0018285828984917595,0.00934702474808472,-0.013537807799008714,0.001338818276435844,-0.007250167307863428
422,0.08384351572522533,-0.002442119213125783,-0.02242446428114884,-0.008523236997148614,0.0005489816470398844,0.0025267375842110396,0.01229654133957276,0.016228462321397012,-0.009514695911216032,0.005143838492424204,-0.0026893797356185656,-0.0017520887371210783,0.010220349246466254,-0.00022482334055777875,-0.007440767943796674,-0.0010543154211944692,-0.005559709414031277,-0.004736698169308407,0.0019809576471679865,0.008328585035196037,-0.0036065943663980077
426,-0.05681335919404642,0.007045360255537725,-0.005571366381988918,0.0036150690154329846,-0.0012323290010189509,-3.7317921105109573e-05,0.010211056371429272,0.003377106923355106,-0.010944699988625961,0.00560029738644992,0.006525889824394615,0.0032073092381190364,0.0046697305516717365,-0.0009633434160568559,0.013596867746734576,-0.00013614151472322503,0.0046447029421846555,-0.00038053403783350854,0.0024574387831836995,-0.01839373647591482,-0.005450957900192977
429,-0.07647257330539398,0.04832516405074875,-0.008122306007839026,0.0289516459531107,0.0010204022049624944,-0.00039656782465635575,-0.010216562966142796,0.09237826645598504,0.004154049412436789,0.009294667546428435,-0.054873227199336475,-0.0009672704607039707,0.025347446315217154,-0.01801761393720493,-0.016069054391776465,-0.003530590282341963,-0.005073521689286178,-0.020365768119634906,0.07241142890300122,0.0014457710560189102,0.002211406045164958
432,0.13508083906836918,0.001347789188310541,0.0076490198820771856,-0.007934710129137358,0.0008866027469087327,-0.00042754680752166174,-0.015047860590064115,-0.005200926331290061,0.03830723988911232,-0.020634927012350323,-0.0018321515518947768,-0.0005335084690188917,-0.010175022932912725,0.006147877654327341,0.031549530384464244,-0.0018340854771834684,0.013960009503021892,0.002363831896496571,0.0053812033028243535,0.007376301643971307,-0.00473486250085706
439,-0.08528920005340432,0.002306974374061183,-0.00852594561780272,-0.016959785013701937,-0.0009046803359844918,-0.004790502915005126,-0.00016045516619983896,-0.005445508648692009,-0.007553523689926859,0.001143039119081722,0.005678533865997368,0.0008591010782333788,-0.000824485884283728,0.004601057541260547,-0.017152227477126983,-0.002732474768867599,-0.006149728616358952,-0.005392757665123225,-0.013407011255483626,0.0045847768025136845,-0.006962487723993461
450,0.10114774277498333,-0.02811614229184782,-0.0025684048411269934,-0.041049037037767654,0.0004031248640323819,0.00138849141118403,-0.01470022181922477,-0.014117195864890249,0.013561343961919256,-0.02098739965962416,0.0016059415319460263,-0.0016216269064998725,-0.009145139694540732,-0.014860182892398412,0.019211579694410667,-0.003136349087935259,0.008641079584656378,0.001808003533410739,0.009242030152175774,0.004158593620619444,0.0016114722527945983
453,-0.04179973517450468,-0.009821207970910507,0.0051861724069978375,0.017789764328703796,0.0007436190134859201,-0.005075477580422476,0.0042440110870778395,-0.0028814957435588902,-0.009902268061411316,-0.005368457028068283,-0.007410547225908239,0.0023012834564754446,0.0019065681477202633,-0.0003699058682485927,0.0029841024698076877,-0.0016905933051804176,0.0009689575147365009,-0.016861346095328637,0.0016432893544254784,0.002856202470542052,0.02068712434836524
462,0.209875284947896,-0.006992682108398373,0.06150618556329026,0.00952719114300453,-1.1910707870838402e-05,-0.0024705574022057613,0.004565599994331924,-0.05923962447133653,0.01483852369519764,-0.009146039706776967,0.0034447101463176686,0.0007464816855390056,-0.0038357383530252466,0.01622438214402501,-0.010336328736827638,-0.004909146878859104,0.0175099941365112,0.0029174791555390232,0.015401160802243572,-0.03457806223008845,-0.0006988993681878007
464,0.16295408315647808,0.0033061037166286188,-0.02380380788778778,-0.005948178132709481,0.0004638458837161427,-0.0014073736595973693,0.0006410791043914765,-0.02989667782597394,0.048109030391846656,-0.015759188461631407,-0.00210191138858039,0.0010763605274425705,-0.009620378718148654,0.000704070088124983,0.03337736288981254,-0.0020884751752467566,0.02099826636877075,0.004551156321734907,0.026447955892947007,-0.012191892931284483,-0.0076482431156035015
471,0.1522520407940532,0.014435927254790783,0.03177828049627974,-0.019814851610201287,0.0006391697724705955,-0.00015216023426858005,0.013980347343369783,0.0025774107390010488,0.01438022841307671,0.011969352927996692,0.0010406267691176743,0.004889240517538412,0.0044872177866317675,0.0027394215911525,0.03213192111621268,-0.0017816250189556654,-0.012528164381850051,0.01375060241443502,-0.006985562648304542,0.016976968283628692,-0.00858680684166101
479,0.1492765419022364,-0.005657070202873739,0.02588019654804438,0.01612918027180741,0.0012948803368770473,0.0015143791976509765,0.01911194048930261,0.002300424656580306,0.027862728934481207,-0.022480825293608224,0.00010633429981923276,0.0005825472706368183,-0.013166020972932766,-0.005246299651380354,0.03005322757829102,-0.0019751079280610063,0.009334621139015528,-0.00010083299454418229,0.015311348877482967,0.011466841799827732,0.008976302321083544
481,0.22718260357935813,-0.004659930751274712,0.057353257240709866,0.0012708413183650572,0.00012007426344804395,-0.003496310944308442,-0.03881168489736663,-0.06135033629811888,0.018538919282700402,-0.005365664526844183,-0.0007898547553120063,0.0007545329958141308,-0.004447459754306147,0.003733790710758361,0.009000570816778332,-0.0032601114455270896,0.008225800220319296,-0.003369116357136136,0.006453329130942903,-0.02574892705463685,0.0013821802223650851
482,-0.092724054782249,0.048389605920775215,-0.008157057853522876,0.07566934786551208,-0.002871259110350224,0.00457570163713363,-0.00037995944611260874,0.09996915768020337,-0.009671063133219769,0.010497636053405377,0.0001516006900748037,-0.0006124088626197638,-0.0004057655643099395,0.009422799133704163,-0.010569941875827328,-0.0040614573817188745,0.0170193594344461,-0.0020520891703581117,0.0954295895239934,0.0006199791556744293,0.002469213831608282
483,0.12059886186833936,0.0058496384573487725,0.05207777302450775,-0.025514079249619084,0.0037346544714911716,0.004859853877307454,0.011514973532803358,0.018468080987310977,-0.011318315187489022,0.00696392411605422,-0.002913418323801405,-0.001848834512261142,0.005766903613631829,0.0009031498537029511,-0.0052447920612537,-0.0012285242244550077,-0.004400604980415571,0.0015058688972720722,0.003205636835892539,0.010202399694276191,-0.005347805017879803
485,0.18189354033178998,-0.027563093695309116,0.050260486427989234,-0.0376195027467989,0.002618626705258391,0.0004998461912833786,-0.0035910698567735077,-0.011619439511871,-0.01066631391158045,-0.004906684392624218,0.0027121458592195753,0.0035729231573661214,-0.005430860563254455,-0.013316094128459187,0.0022753224104201924,0.002624124033962288,0.018944503223661438,-0.0002604225492731441,0.004941674270781241,-0.005022970838844698,0.008966982635972042
495,-0.09087475515895548,-0.026626033829993373,-0.006845837039639449,-0.029972986895818652,-0.0014831902963638286,0.00327893815178193,-0.005003558809077895,-0.0037384881299710815,-0.003978305184389207,0.008725128165485214,0.0033115020594699143,-0.0027805736958841903,0.005032459030382946,0.004285391634296632,-0.011094200709844203,-0.006201425050770434,-0.002925377016862496,-0.0239226894738052,-0.008929043449977364,-0.0009162690653308909,0.0011150100783768704
506,-0.0536435774431453,0.012002557860018399,-0.004410986607884422,-0.009178669537377834,-0.0006475202032429414,-0.0026143784906505186,0.002248070018419272,-0.0029357413101060515,-0.004264011403022247,-0.004970211882203622,-0.0027255940203752293,0.0019196581468896915,0.0030779656521161564,-0.0005860736221079897,0.003891160622405847,-0.0016733888098744484,0.0005207901118260043,-0.0020372422071170924,-0.006134718695082265,0.0008386474058125358,-0.04108899400404791
514,-0.015427922029279872,0.021196638479196415,0.016604231767562774,0.09976109362290181,0.0020941960286268314,0.0042708465833614095,0.005184048112136252,-0.00406177254598588,-0.001325681437882905,0.007266961678070157,0.021479808462842063,-0.0010443371219665402,0.005550182778775761,-4.101603032252481e-05,-0.002804114190097554,-0.000921218363347244,0.013281735824238314,0.03571716226614112,0.022632747566087855,0.016474497833214797,0.03443284339100744
518,-0.032521516176578225,0.006107045108131045,-0.005964482207935124,0.04325675226401837,-0.000613894860924172,0.0017312741214049446,0.016231859195153374,-4.4515545805411795e-05,0.0016451029569253994,0.014816830813278538,0.005695016737754788,0.008831734646718768,0.012298974698263552,0.0004931881035895211,0.02036836858256129,-0.0004649678666310826,0.009889620832944963,-0.0029570143972510537,0.010428142972183746,0.03526046481837517,-0.0060699785035429644
526,0.10968781849092428,-0.016552918702033088,0.0012591474105829914,-0.0767397514743771,0.0003605876810886981,0.0011884340391341282,0.003801300361823414,-0.013285065367758484,0.027464467898941178,-0.023329535969278652,0.0016766291241247075,-0.002426175747395257,-0.009288407514839708,-0.06554381395435642,0.023173898169680077,-0.0033007912544306107,-0.006372451491973277,0.0025963689772232406,0.004444019343073758,-0.0046094520182666816,0.0012830696884003217
527,-0.06683822109943989,-0.00096647009263994,-0.04768488758939953,0.003498216203062179,2.5683160093274844e-05,-0.0013474093526795769,0.004443934647674097,0.0019922836040081023,0.003433423968093733,0.01324732484411605,0.008279546523373048,-0.0005727168780180715,0.003100692977554151,-0.0014594715008327563,0.003629593692550372,-6.044865293911439e-05,-0.0033821809661304363,-0.0003357862280125868,0.013015468129474676,0.00994502440856909,-0.012371697443486526
530,0.1719589718319807,-0.022312162862804207,0.05297102999133314,-0.04301413740996273,0.0013161048501192374,-0.004314301011507451,0.0009690049237421335,-0.018436970587420845,-0.011349724759310039,-0.006594999848862218,0.0024828220646003164,0.0035940607749413945,-0.0066090958302565785,-0.007624618449517248,-0.001053183756205096,0.006476952700708611,0.01979013146774655,-0.002229156107265085,0.004241643917476554,-0.008482340256766937,0.00887276745125464
534,0.08862561392399741,-0.002473568655455253,-0.02334720756720767,-0.007524622684458273,0.0005527031109251808,0.002541863283793638,0.012549370361255842,0.01611714220961022,-0.009471927125686404,0.005136246126291016,-0.0027423774706531877,-0.0017483562769787563,0.010954347788971829,-9.734318796578366e-05,-0.006147042724487762,-0.0010559042041104647,-0.005462042202294274,-0.004675860580687969,0.002094805037960465,0.00836044334415634,-0.004220498598743975
535,-0.045147790932185516,-0.010095775277172793,0.0005513792326975891,-0.020565337343680965,-0.002774084426330767,0.003027494245966631,-0.023286412763586582,0.008062761349063306,0.008756806461566315,0.0014414567917533233,0.003180511824420209,-0.0042633882838727585,-0.0010411683910482709,0.0008975627268907418,-0.00295558076234681,-0.0011262592613081478,-0.007272478972443102,-0.009006397159759042,-0.03063559091865089,0.005373988257691491,0.014977857023075733
544,-0.02238771704723819,0.01572984034210404,0.005457474560714892,0.03808098008551044,-0.005668058372561253,0.0024105749087244923,0.00609388987976452,0.004781157164517666,-0.01367657470226444,0.02128483677440638,0.0076060987284827485,-0.0004804566571215771,0.018764906357416882,0.00027382596610608397,0.007314121904652812,0.0012192661295922786,-0.007813543660340372,0.011924776827684948,-0.024724722962818104,0.015019524419837336,0.029237566632473164
548,0.10649907099724136,-0.0005182964692592153,0.016080919909281347,-0.07326511074229328,0.00021570647062808799,-0.0007823887399270981,-0.01201615690088525,-0.028196517689631394,0.03665428247035673,-0.014828254007061304,-0.0025449671586355,-8.864535989857487e-06,-0.01218451766629676,0.004820455993382951,0.013461381920319955,0.006066132040085404,0.011501985849969304,0.003629070472925562,0.01352583273408271,-0.05036614466777627,-0.001983659426677718
561,-0.07757684731258158,-0.030966595294421615,-0.007916415605880954,-0.017979779956578595,0.0004095108181178167,-0.0011261527384304757,0.003726795355466649,-0.007773531803927865,-0.005564278676549038,0.009272634186833613,0.007502231843143334,-0.0002794314628907286,0.004203942674387987,0.0037822444163750097,0.0028896248095922994,-0.008683440725307611,-0.002173414676458112,-0.004063523180282765,-0.013965004765544077,0.004534406558759589,0.0007295341635400043
567,0.1018563171413391,0.011929316847023636,-0.003145203194211969,0.013803117986479884,0.001142350765881257,0.0024932230133045716,0.014930026579581448,0.019593260071503072,-0.017979993343561887,0.010037983550026648,-0.0021442384624418467,-0.0003220239442742255,0.011914575295340917,-2.424578310147153e-05,-0.004902003241548687,-0.0023518832616410343,-0.0033388347315818,-0.006674087467072038,-0.0015508377128550434,0.005880641227745127,-0.013392704914780125
576,0.06343308471757514,0.010297381936443042,0.0304287922627471,-0.04985588929722454,0.0013666688938584707,0.0020244028309666646,-0.003593850702737039,-0.016297228677295914,0.005384940296642831,-0.008374025345754215,0.0050366238444075305,-0.00036783817552084194,-0.01097832961019616,-0.06147571677029285,0.0010985474238624053,-0.002453635927628887,-0.0026019771473898483,-0.00030109962152147387,-0.00921486804971232,0.007426213705297827,-0.003893762692453317
582,-0.08483485147022823,0.0057754477556676434,-0.005113809577166989,0.009267113944299505,0.0009415186927073713,-0.0032741425745123893,0.012799837940432424,-0.0014983832966409228,-0.004624046793782527,0.00330260958200469,-0.00012515128818538473,0.0005631756701484481,0.002955205523483349,-0.0008573666988351665,-0.026647341231528055,-0.001444545040297966,-0.0006353211656272517,-0.0005714499460909636,-0.01050478240586534,0.017703841649275395,-0.01146697828741813
583,-0.08803585385746757,-0.003238834563660991,-0.007897965747646578,-0.004516492526191927,-0.0006929046206966105,0.004496250676137274,-0.013751268446433526,0.02606401090930275,-0.0047665932488959815,0.007962485657767705,-0.01641184416760819,-0.0005946046558231487,-0.003168861404894006,0.005718862097452606,-0.010455438562121458,-0.007918230525077848,-0.01478358692468341,-0.001969569929225054,-0.009213615500034293,-3.646773997683789e-05,0.0013574024486453157
584,0.0060278380780606645,0.026950185981817774,0.02771803149573894,0.008304514575966634,0.0014813704304701039,0.0034790975694816346,-0.004545436872843492,-0.005460711538182832,-0.007489099994706462,-0.009212656706805582,0.0030310875493551994,0.0037560916396008888,0.00622397561903013,0.0038628176680732744,0.00034255451742553673,0.0016289541816411285,0.032685914836668564,0.0014643311393840186,-0.005157562089632137,0.009866400862209305,-0.005358935156759526
585,0.09878000068659823,0.014395952258232031,0.02373684229070197,0.04030431960319965,0.0026776649339302367,-0.0023059851195149942,-0.0007492339379409667,0.0004921182502802634,0.012234316967645582,-0.007522333457569691,0.008708311872393196,0.000647877515172717,-0.008330870776023,-0.0005561041103547875,0.0018633288448979813,0.012369077857948456,-0.005026149746849751,-0.0019915655387402163,0.0007717338482669814,-0.001932243227177644,-0.007857529622726676
588,-0.10000131140041109,-0.003577859422041174,-0.004186454603364094,0.0274608114700104,0.012753015873151568,0.0053306436869438156,-0.012368850351809593,0.011935694115745249,-0.005598878401371324,0.010812066395918658,-0.005721310849904713,-9.319234363835564e-05,0.006176408221394555,0.0023893923295634236,-0.009900004482798309,-0.0013842664767709178,-0.004465082836798159,-0.002989940647235737,-0.000913949961852739,-0.004172663340292419,0.01368166483491156
590,0.19880095380605756,0.014595108378934471,0.03819378122477737,0.08275898825569497,0.0022053395191212115,-0.0027430676131323557,0.006942933909705321,-0.002376200395546479,0.01177386308666631,-0.0071612294596059035,0.0023525259496917773,0.0009237568919407025,-0.00279890169141806,0.0028503616448643,0.0081711318673789,-0.002028483964207893,0.007444556817562673,-0.0021547833254420253,0.016242062230919778,-0.0029991119354870976,0.013692461486302487
593,-0.08131736346877305,-0.028644478955855406,-0.006596035732266684,-0.01957118523442209,-0.0006963649974526351,0.002043716349777038,0.0034696218341963613,-0.008669196042185003,-0.004195135600046002,0.00999050655079568,0.006578391179306395,0.0005670514728224822,0.002802432348908096,0.00373300798298567,-0.0001147331093880482,-0.008815354662750302,-0.001004222009841743,-0.0028955308674064716,-0.014217543133385685,0.0046116874571333075,0.0009402431842787814
596,-0.026177386315979333,0.06499983852662339,-0.010445323750251465,-0.013507488065606801,-0.0017032062300973514,0.0013798326426434889,0.002649199980414838,0.10833685269681574,0.0010009350300878956,0.00874368914822123,-0.04297228013568132,-8.440056813117171e-05,0.03269107749551279,0.012861427404777128,-0.001313532139412203,-0.0030876000056157017,-0.007486922404239419,-0.029312632670448386,0.07472395331199184,-0.00044096645439458955,0.003920089569972026
602,0.06699973262589873,-0.02150906155836742,-0.0075017696043156576,-0.027981601907007443,0.0011306663352341753,-0.0021098279567205026,-0.0031063213820349826,-0.0164175605427972,-0.008798717274651816,0.00015857388911832285,-0.003841243424300341,0.002909763217396307,-0.01221072257644171,-0.006689169987416311,-0.0017907684795262669,-0.0015824176066040225,0.009093692882616307,-0.001131384094103385,0.021855415677141728,-0.014621532138130477,-0.0007766204183849981
609,-0.03992412204350089,0.007845020289357433,-0.009093963399663259,-0.010259413292315424,0.000682575076581293,-0.0018411192266101313,-0.0006595023343786986,-0.0064822395163873295,-0.007317410572682791,-0.014458394416445119,-0.0017226307633694253,0.001205975229554789,-0.0009583209110803123,-0.00038522214647253197,0.0025045015069643946,0.0033037715062062883,0.0023188583876630245,-0.0009291660013414415,-0.001782420309891214,0.003873945617659511,-0.04107343635743909
610,-0.005548837059874835,0.002957677873311808,0.04061247178408988,0.049115425503385525,-0.00014134520003035225,0.01113676638931613,0.0034711689608094677,0.014749035265238098,-0.010984300864994795,0.011192013956657865,-0.0051133018339789725,-0.00019934335731155674,0.006363639270952399,0.005353143236676691,-0.0012666937496671985,0.0031379367769158993,-0.008176280926325427,-0.006823460854311434,0.0029043395266245974,0.0150594724617182,0.0016273015213648214
613,0.01202271681483261,0.008284312440262082,0.004988731585729347,0.033815690231548096,0.0048185433292538445,-0.0019578383560197488,0.011569865515972711,0.0037817063581178454,0.060671610642170186,-0.002699067348076892,0.0009247381632499175,0.00457374500732371,0.00714685468071604,-0.0001928192767202827,0.006949117617574187,-0.0019633273830503162,-0.0038798929754019964,0.002319270881927463,-0.006426864445954623,0.010442884099743031,-0.00431104327333289
617,-0.07740387135159339,0.006329651978664843,-0.011111801486790251,-0.0069646966040751365,0.001551194453072149,-0.0013932443675429235,0.008805374583543493,-0.010462243753617127,-0.00769883840486872,-0.0007268753713787064,-0.003491999581927952,0.0013450786598730334,0.0017337470225857318,-0.0009575728314512598,0.003456892041220468,0.005931114102090399,-0.0020261310667516377,0.00042715361045069693,-0.0022597679853078325,-0.005534765697039854,-0.006005753709306106
628,0.1993591284281169,0.01326643314529388,0.005379732084333609,0.0009402995811612119,0.0008935577229093526,-0.002082362237666349,0.0021980996618780227,-0.0012924022488482886,0.0834982512570787,-0.011294933416270234,-0.0013301918131066834,0.003144152900974048,-0.004703101032616453,0.003670291892440215,0.045474581075759614,-0.001554850378034299,0.006871150336686624,0.04598423022778838,0.02395071288629758,-0.0233665450600716,-0.007911952546534895
631,0.16392826975044827,0.012211792266995281,0.0005714708391199693,-0.06353470654794091,0.0004129358483278883,-0.0013346531562264238,-0.011008432715849763,-0.0054147971509035265,0.01792854529548783,-0.021793952787080118,-0.001875664861500608,-0.0005654545784773556,-0.0060872345236383475,-0.0017602067436615302,0.021019959171052323,0.008100195798902693,0.008350484336741132,0.0034768631183746657,0.009519451719468714,-0.053431772279732836,-0.007774171707027067
637,-0.06451967429297666,0.00964738578291227,-0.010521909359003444,-0.04430408123126723,0.0013581596706150883,-0.004596698266315814,0.00795440413556354,-0.0018058417773684143,0.004603746280099679,-0.01358488566606858,0.0009882761919297206,0.0009380505421332363,-0.0020007659552342353,-0.0005684709102566484,0.0048335435977883675,-0.0010581970536559385,-0.00878245341705582,0.00010863920101473855,-0.0029537149251621527,0.002859746713424064,0.003211220116484226
650,-0.021844722608263634,0.025874947050828875,0.006547586057543308,0.08265496960904631,0.007274282315589287,0.0037376914224066015,0.013672443122622667,0.0241450664015319,-0.005502015876514312,0.027231580438344533,-0.001310999493596144,-0.00403650197014699,0.02174617965428471,0.004098974831239843,-0.009672102490561366,-0.0014189535705137993,-0.0067528225991012655,0.008224839464469402,-0.007734931072124157,0.010803089297558736,0.03029934049571315
651,-0.05734096732109158,0.010758597116974467,0.005737787905968893,-0.0028764330877336657,0.006674080811539027,0.0010118903777426094,0.004759414962329833,-0.00918187374671815,0.008018257098814725,-0.021525368516147104,-0.003073820043456004,0.0031344881202155957,0.0035115270971520494,0.0001255517413625947,0.010302311462344565,-0.0011731667713862854,-0.005445176461449913,-0.0014530026053862612,0.006836321095609082,-0.016577895616835637,-0.006086283570569461
654,0.07807477178759484,0.004369706067461762,-0.003480034349323582,-0.019290633845360478,-8.059873557216872e-05,-6.986912925545059e-05,-0.025909508085096664,-0.0074049601101714956,0.0038871853181816256,-0.014737361596749009,0.0020656566942760654,-0.000639097783197289,-0.040108696793287824,-0.00019473795182945182,-0.006361064691125882,-0.006574715377690704,0.00134469482241624,-0.004150639218434053,0.00011505312717118298,-0.002222282499173012,-0.008324973447250753
660,-0.03447695496345238,0.010035833103689083,-0.008032297162589259,-0.023928355845310233,0.0005999125642190714,-0.0013584226986449973,-0.002104264328176325,-0.0034568650532319717,-0.005581854410186337,-0.010312690912721866,-0.001223097195626613,0.0012904238617251864,0.002066734181865994,-0.00026346735463143617,0.0028902460958912402,0.003248473726041629,-0.0012591146350850845,-0.0007242963595124915,-0.0034702361908216404,0.0053693638085073134,-0.040480903039166405
680,-0.015400940551695079,0.009913182147401499,0.005080536030538912,0.06287242184978482,0.005195653141986684,-0.004552667427316693,-0.0005722298290704936,-0.003190991710093851,0.01779925949679372,-0.018926448537401153,-0.009716688333945279,0.0022840694246118337,0.0007642116403723102,5.037118853640915e-07,0.009081749069286485,-0.0018475695587537708,0.00898495593273197,0.02348092836536922,0.012459135071839662,-0.0020665919890159564,0.03345912177136327
693,0.0525884052613259,0.006876128408722225,-0.010910344753116323,-0.028893874300744412,0.000852189651664094,0.004618996580945477,0.002632728991726529,0.013098196260103244,-0.01738582497606422,0.008656210010889495,-0.0033174695296434072,-0.0015938312428727148,0.00629922902156508,0.00043049705820637685,-0.00589900140265457,-0.0001475001034360143,-0.006246373420469405,-0.006386345286725792,0.00027347855535324496,0.006911237527820996,-0.006471559096555968
705,0.012585595467256286,0.007082586715088057,0.0075822310638021095,0.038177468290350076,0.00636918539651694,-0.002219292461298459,0.014707510083332884,0.009331717240869546,0.06344957483577636,-0.0020742005450610453,0.0009527967952169074,0.0012612696331640947,0.007087384717766702,0.00017116509067184417,0.014278733651448196,-0.0019525702792573588,0.0017136839502488188,0.0024140688577215753,-0.0035573511749475146,0.015945430524461433,-0.003928132181890515
710,-0.1348516817277507,0.04374320063002504,-0.008367690005747686,0.057762200325393226,-0.0017124580070758027,0.004869528767092004,-0.00521142894835951,0.09554880724423608,-0.009794314996496687,0.010037795305660796,-0.000872250748903795,-0.0006927780026641651,0.006231188947324983,0.006415432817892127,-0.010263180995150134,-0.00407245260825888,0.012473018863032682,-0.0024512592640492884,0.08192745158914647,-0.00021719357630266414,0.0022819097347715742
720,0.010552489467019787,0.02161107138791514,0.0136900823052049,-0.01904296519502333,0.001426632029892518,-0.0030054199852680317,0.006114249599087732,0.00032477167478823474,-0.004405121019192677,-0.011398818065702953,-0.0027751062955517544,0.004029009297973684,-0.0016531818563251608,0.0016519333195684186,0.002638834908466581,0.001056523053354245,-0.005953881872838485,0.0011400207646616873,-0.005355098599362855,0.014434045315360909,0.0006504385178294265
721,-0.08678955362882503,0.016176978899957065,-0.008890699875672963,0.031982892011293555,-0.0003901195014667404,-0.004461957202708648,0.007373085263273817,0.0128063670305315,0.002564803675128509,0.027662450355050595,0.0077996052828203455,0.001083603972830655,0.005114865863431994,-0.0009337263309699814,-0.019699572504712434,-0.002059342790862879,-0.007326866396873913,0.015028457492145497,-0.011454304052427883,0.0046373595802221435,0.003228274625246263
733,0.26735635932544155,-0.007520059089004501,0.05283331269691518,0.019744837668020862,0.001082634490053784,-0.002139207389427228,0.005254332757618688,-0.038005637666244124,0.01136460816224336,-0.012360191837128642,0.0003893971575337271,0.0011240860813694752,-0.0015428171924459816,0.012206589205800943,0.0011357264937087424,0.006517572334109496,0.007225900993779424,-0.001648395731268096,0.009166395780447707,-0.009637661098894391,0.011840196872021348
736,-0.08767132855275662,0.010451950775336942,-0.007719582370473723,0.02454285219567077,-0.001157106542161282,0.0033678134077334077,0.002073615991864486,0.018197150234847994,-0.006981427107689798,0.020124074828637806,0.004817237690694479,-0.0009663781775182092,0.0053792919952968185,0.004333673529061773,-0.016730131232179594,-0.0017900380443429992,-0.0015395786350773212,0.012808033514051999,-0.015145223792070202,-0.006704967685796984,0.0017822445069923861
741,0.002235946111764707,0.017269747313639356,-0.00019731115780002113,-0.006581593542735314,0.004328964208541702,-0.0049735063708788866,0.008243118351465809,0.0038636815365234566,0.0060886947418832375,-0.014769454484866842,0.0038282000105984027,0.002546124286459878,-0.0012543920078921709,0.0006153935935726297,0.003210038888040213,0.0022561758616614007,-0.0044873794287085085,0.0002690386321281901,-0.0033380750953292816,-0.000774478431702847,-0.006170829225378475
756,-0.03663550929853145,-0.004583528274420572,0.002013726362389435,0.014147727943262219,-0.00021990770233271887,0.0038831194532642156,0.003020729951525984,-0.0006719081391838088,-0.002314730717272037,0.0013275679254019462,-0.008677739477441042,0.0002083763223508532,0.0006860339225132663,-0.0005846130348808431,0.0021226086352778436,-0.0003818653116637686,0.0033972692803334735,-0.018418421330063647,-0.001789740135683484,0.009587713485992468,0.018330470507053706
757,0.06650281367077153,-0.017193029414060288,-0.017719638302410648,-0.004077030176339908,0.0008948483925503816,0.0017933381694599522,-0.005551366545837566,-0.004600078941646728,-0.02030635488975661,-0.01003996097867859,0.00232121727380073,7.481233538872192e-05,-0.014497179166161228,-0.0025115213048468453,0.00920898582782554,-0.0013418654264278186,0.007602067999040423,-0.0032398951861354556,0.0018703964729337573,0.009653329160222669,-0.021076554646177924
764,-0.09181597850985533,0.0096024325533611,-0.007524581989972417,0.020432934665957428,-0.0017624901552615066,0.0030761150534853784,0.0019891306024874015,0.01767476437919709,-0.005828789217269766,0.01985609850090853,0.004258462540057455,-0.0008526033445088912,0.005996597179000395,0.003762088344187491,-0.017570258691453174,-0.0017585400355381417,-0.0035041133871378323,0.010704811581820153,-0.016884092866634125,-0.008575738452053991,0.001718322668040608
771,-0.07962901251170189,0.007933048433159524,-0.007376850164793698,0.0018771050380672954,-0.002071237764666696,0.005395600383704522,-0.000693677716688698,0.0046853631184446305,-0.008931053128641274,0.013320777815293386,0.004602758365331156,-0.0021383496285211226,-0.002044348295603396,0.0024435903162049882,-0.013965879189379334,-0.0028749136944392125,-0.0028353133950421755,-0.02071351659161865,-0.015034599520717397,0.0006638085649247704,0.00160392091559357
777,0.14247986585455288,0.009178418044251487,0.0253502692958901,-0.05088877594177746,0.000440097284419279,-0.001395219534665762,-0.0008256318397868434,0.0015472916974386408,0.007281473536207846,-0.015340275959963933,-0.0018179682719690212,-0.0011995482091857002,-0.014710611229975244,0.004583769406984339,0.03287790026215381,-0.0016262660530617448,0.0063246772729369915,0.0040644626290594794,0.006008639152193491,-0.05078365059354078,-0.01240497954962041
778,-0.049559840349676886,-0.018918990708635782,0.0017700207795909146,-0.005444293722087965,0.001159628835072498,0.00849691525621416,0.005452240784272679,0.019811443492468377,-0.008872311120716438,0.012958474651975188,-0.0039832676887329825,-0.0024674155926631006,0.008158707750746572,0.003046611282878977,-0.0005327972933675067,-0.000956667587501349,-0.004052505497873285,-0.005750265440083815,-0.0015493704748995752,0.008865729354897881,-0.012597441071688625
780,-0.012401601344573686,0.0044234376805866215,-0.019620315737646526,-0.013769382470226353,0.0006759520246145446,-0.0019390606900642965,0.008391684200381827,-0.004198620043521758,-0.0018475671163504194,-0.0001699854406049212,-0.0003699774313338391,-0.0020364754387555,0.0010716451971581565,0.0022373935519857334,0.00047432028075024746,0.0005268711134523184,-0.006901550631076072,0.0012059244210139244,-0.00659908189859473,0.011092102027387316,-0.0070014022871414125
781,-0.05875125379681758,0.002126396550088968,-0.033681928043607666,-0.006259630630639972,0.0010310923572994155,-0.0018255082270302837,0.00022412002965894356,-0.003308071056685542,-0.001313641751368536,-0.010390214885315701,-1.1099989083722151e-05,0.0010842797182930137,0.001426936256824077,-0.0006254722052576978,-0.0003697773585231237,-0.001274912226929322,-0.0029047573568220554,-0.00045634447206027045,-0.0028518926749744357,0.0005775755948359238,-0.008115566452193346
782,0.08390267434470843,0.005944664197660177,-0.0350773581496058,-0.010681407706779824,0.002205159404170182,0.0013937646863887263,-0.008002682305056553,-0.004962525040372747,0.0031098208553980906,-0.011434224495370097,0.0024762478979803884,-0.0005350147608186945,-0.016368301684904885,0.00017745651397805393,0.006171854721984007,-0.001049884294060539,0.0012470605947762635,-0.0006730196277752753,-0.00010384635782742726,0.002489235015745406,-0.01231724752916212
798,0.11203573483787385,-0.0388480761030102,-0.038036010530689175,0.015802262390298697,0.0005637916015833234,-0.0015652680591676823,-0.005782368366400572,-0.01955297513036141,-0.02222791006202003,-0.004380732553829562,-0.003335461822493619,0.0006738521980089168,-0.006002528685110708,-0.009816754160597638,-0.0006789019563805887,-0.0016977886183813665,0.0004115781169197763,0.0024831974292226396,0.012568315514975137,-0.00024632665857079355,0.008234532835198809
799,-0.08058517064151427,-0.04071394436613697,-0.008030040828423568,-0.012636889594121,7.620815326458315e-05,0.001280303531878394,-0.003196617313263987,-0.008337893592500926,-0.0012018385044505538,0.01130615838968971,0.00852425345210829,-0.0002110523812897684,0.00015161011625637087,0.006016900792751753,0.0024764252603253845,-0.01158240224360223,-0.0022564806751967943,-0.0033870528802481172,-0.011003917725823034,0.004100399342888493,0.0004740515510071765
816,-0.07592249606470829,0.001228885714488459,0.0011900673585140019,0.04017840947461684,-0.0016545087271715641,-0.0010136199331806765,-0.036512961881038676,0.011078436359097093,-0.00625340392191663,0.014300834619039754,0.006079779709095715,0.0007998101427107962,0.01215235672226201,-0.010780977961916606,-0.013697028223992085,-0.0014901555501430073,-0.009575554649097727,0.011684301138757678,-0.002061813182422777,0.0005642986604478003,0.02785112993983514
817,-0.05213714124427142,-0.013928972662857371,0.00454716984496559,-0.0004728811934476575,-0.00016449499709684747,-0.004944785741720702,0.003549174129625025,0.00022614073123149167,-0.003271647676444992,-0.005882899226095579,-0.005575254129519698,0.0017904903323545354,0.003202495764135693,-0.0007561940018476427,0.0022688350852422073,-0.0012150685966723057,-0.007241130622987289,-0.010523378479336187,-0.0001644086464387866,0.003636206884029122,0.019378027380794305
824,-0.03452809864443969,0.002271220975666315,-0.010377700516789963,-0.0023761072250557515,-0.0008236292224446905,-0.0015644349870379472,0.010284851148699614,0.0006267219671953493,-0.009931473304281036,-0.006682241575752531,-0.0022707550053680473,0.0024984558931968413,0.0016720958147734839,-0.0001703058266832069,0.006370232596808778,-0.001087568204206415,-0.005445232570083721,-0.0028144054768511444,-0.007323104915961106,0.0015472075617918907,-0.006908929069477195
838,-0.09884188048717979,0.004869805155146085,-0.0016202949211072324,-0.006260989859610587,-0.002431004376075957,0.00212776571201501,0.006109006860612205,0.0015610530491999243,-0.012751003496925126,0.013962243371004452,0.005191973679578264,0.0011573449483753264,0.006613892855193018,0.0030822620218311546,-0.002098528332289196,-0.0025698301927306816,-0.002167381616276309,-0.022163349374017163,-0.015990178771111585,0.004011923410568085,-0.004673252030655358
842,-0.10701672972371082,-0.003837430303478265,-0.0021482022645289123,0.007564195381830203,-0.004757573246714263,0.001160851642491426,-0.002130012890739676,0.0035079952670735155,-0.002575943890891007,0.014449761893317535,0.005376806043374258,-0.00371868999701743,0.004886362185518531,-0.0010020571633058515,-0.0003501128357429092,-0.0013869406919204887,-0.0017968487347633886,0.0045193336565684476,-0.018439735277273397,-0.0032538347344141134,0.009609940251749535
846,-0.08197384439802784,0.0006657609156801947,-0.006449244315888444,-0.01974052286191283,-0.0031070016203493356,-0.0014898957228752002,-0.000276798442472831,-0.011079746254563476,-0.011617308065697362,0.002808312558163573,0.0065303873067180905,0.0013578458097225383,-0.0016908580825424789,0.0055290149209256826,-0.0018057640467326393,-0.0027219503364735343,-0.0002654337115487056,-0.00350012753933535,-0.019810989812633253,0.0031153364229547153,-0.0056342450246894705
857,0.12651479661110637,0.011820333884692747,0.0022499627042129483,0.002035553726882587,0.0025083376855797295,0.0011684289259912815,-0.008174157208608755,-0.0023571264454281524,-0.016410097498099824,-0.015818612197673342,0.0015821948368754774,0.0006981152584848671,-0.0054558645864841515,-0.0009938436972116624,-0.0013810417479738657,0.003887714391589563,1.1137165236570325e-05,-0.0023293889744685067,0.003651129347858128,0.008591930416549484,-0.010522144013618083
867,0.06346080442187804,-0.04799095568372588,-0.04812344230271127,-0.008560987501707286,0.00028723117971227993,0.0030339242261115144,0.0035270243783475717,0.013764713887115176,-0.028094045293304473,0.004978027534509016,-0.002413148279796401,-0.0013561160692513777,0.00642301836286227,-0.0015641433677218873,-0.00875278659416884,-0.0032639018392159563,-0.0037516310307493983,-0.007151625065146859,-0.001749795573390946,0.006200722242806417,-0.007156350642900948
869,-0.08346726861618374,0.010587254265898918,-0.008228666545388773,0.0021403589108149983,-0.0012421224615744742,0.004601485647319125,-0.005293319645349185,0.04054568913082104,-0.007875027952519759,0.010212099316646597,-0.018073276496114357,-0.0020335649643308425,-0.0011487053242036631,0.007629286182102841,-0.010020203015880054,-0.005341318369264716,-0.0017474499828551793,0.00015407707259949035,-0.021486005682587767,-0.0006173991701748754,0.001597045303778667
886,-0.04365267686890464,0.010941828102810474,0.008258206264132088,0.05405093146596465,-0.008268523852599376,0.0037424570677019064,-0.03844939049903997,0.008899062088705705,0.0008630037582709693,0.017925744683519155,0.009836966559025074,-0.0061100034822078,0.015126455213867176,-0.005844583927898394,0.00294266957162925,-0.001556255419622926,-0.009035344401024142,0.01457159866067912,-0.024728585971959968,-0.0002643068951709011,0.027382372274035217
889,-0.1008835413182895,-0.0006792469051342462,-0.0035539755545026374,0.02401676554448825,-0.0017975064871405039,0.009626852183688537,-0.009866858360912079,0.0035695474859296934,-0.004250168637450517,0.01681555067845017,0.004841684305231677,0.001558156428494273,0.009986888248251266,0.003571269207751724,-0.004533307019147299,-0.0016461379189258668,-0.004672580272331613,0.002535602179845033,-0.005088734642881043,0.005816532809116822,0.013973031233843296
893,0.003704965753470687,0.000768764459123253,-0.0008105359030378558,-0.01633896787961946,0.0010596502274846482,-0.002441677908238309,0.010035639631946201,-0.0010183368880545527,0.007550997373073654,-0.0022796907983853275,-0.004472423296284276,-0.008102390500823497,0.0006675780124005007,0.0027995209259183435,0.004153144844527496,0.00044033880199174165,-0.002884162126550961,0.0008349131872797146,-0.006046559004362481,0.015474288249894337,-0.006416454415906681
904,-0.03445211389189496,0.007548113108272263,-0.021927504268529713,-0.03793674039743025,2.0837626328940244e-05,-0.0027243975634327357,0.0014154810365120069,-0.002894724465454567,-0.0019177912186041693,-0.012874580753826225,-0.0008051825062660208,0.0004103447501658791,0.0009384402228345913,-0.0004223718230022687,0.0032062347586454616,-0.00047787448516047466,-0.0022174522169637174,-0.0009760224997064748,-0.0031488454739887024,0.0031531693154667256,-0.020216957577123024
914,0.1496442813497253,0.0021946249170945115,-0.016465473598239928,-0.013987184750888157,0.0009700886493313014,0.0016588930969689136,-0.015806573781757777,-0.003148660838598081,0.026375673719708694,0.0031143583841205724,0.0021292449246536204,0.00048582843266846973,-0.013376772474225015,0.0010263735310488203,-0.006360983187826285,-0.006107264976004802,0.012806635926069421,0.031343078993577106,0.010775947567000971,0.0018002038978055764,-0.01665999144018457
926,-0.08504330693570145,-0.008257596644649003,-0.007481633541027392,-0.0303934434716825,-0.0007112075738118406,-0.002715176206102795,0.0015080723006814726,-0.011802769349804187,-0.006295629718915055,0.0017134069082647347,0.004482460924776249,0.0013417438703021763,6.062565889884638e-05,0.004470329658948771,-0.01381010053870631,-0.007610316314577699,-0.00475614747636961,0.001039408576680865,-0.012586592416172356,0.003901310314882123,0.0022490848491715574
936,-0.07496803956278147,-0.00032365236653554514,0.00013758171834186812,0.03775014710863387,-0.002272846148283682,-0.0013832633461224812,-0.03386659116404684,0.010027785359788958,-0.004071159741724166,0.013047391116900856,0.006777211807971631,-0.006116669875120857,-0.006024541247614873,-0.00012142759381324687,0.0008192648113510226,-0.0010810810611878875,-0.013245676607886064,0.013207789311044065,-0.017314856192502878,0.00629176694321039,0.024579959210922243
939,0.13288855833563523,0.006558288098464601,-0.0009124709427306021,-0.06355721114851288,0.00038646252782958095,-0.001712433467058628,-0.009628787295138221,-0.0024146266265418666,0.002043810275011795,-0.026615072804061023,-0.0013979888129488788,-0.0016409245228739449,-0.006931334611219667,-0.0066715724883625325,0.02730104663701547,-0.0013983967961752994,0.003812711488758544,0.0025609558903938786,0.004184743617230453,-0.06975076206485725,-0.010849578158992054
941,-0.04376164570268335,0.0068029904853105175,0.002354625100371045,0.02082151281626092,0.0005348305297354835,0.0030115419613660527,0.00346460633093741,-0.005678980511080377,-0.01636198094004816,0.002370252608870362,0.006069982492804275,-0.0019064338074196224,-0.0017544503700455485,-0.0009232181693491473,-0.00032757423218616484,-0.0014617812420641895,-0.006255190639107593,0.014248275759094002,-0.043473222009839614,0.013900454413072196,0.0211093827450324
943,-0.06001137305533279,-0.015302334032716532,0.002195624453181168,0.024179099567592136,0.0008905282065885038,-0.0014494937392255428,0.003157079628752401,0.00018801385210552582,-0.002847508331448926,0.008884231751844872,0.013986818750984868,-0.001070772802496363,0.0015538702154976375,-0.0010559293207763605,0.004146442077037459,-0.0006101408881846631,-0.005765765997239895,-0.005280941826497922,-0.0008182102057302689,0.0073709114479813785,-0.00844434987584864
946,0.2533636291560886,-0.0019350523988645493,0.05255740625001296,0.0638054425916042,6.250701003030152e-05,-0.0021763873382107716,0.006395748107931887,-0.03312552171515889,0.022378613662976297,-0.005406336801554866,0.0011978238494710922,0.0007406522259539141,0.00040921225782154997,0.003063380995047446,0.02673416759740728,0.003452328214266534,0.02783808011553711,0.007271566084632392,0.015755582247040035,-0.022860072804285023,0.01697458185613825
952,-0.0717269734343595,0.007261639416283782,-0.03396663092367224,-0.0013617071311039348,2.797619986628068e-05,-0.0042874272358897686,0.004564546544021724,0.0027830813269006205,0.000729200102782189,0.009782676840641998,0.0018738654165203702,-0.0034285289609948867,0.0026286037142675017,-0.0013448743552664643,-0.010190641233674313,-0.001005003841905732,-0.0024758864612905575,-0.00047899116900038314,0.006211971545008007,0.009618618970726606,-0.008474036014652008
965,-0.08395375384068546,-0.0392443071255806,-0.008074119284540344,-0.018075878464137315,-0.00046597387949374195,-0.0033567732014920283,0.003406576525698138,-0.006272118027098123,-0.002125935625469803,0.007975047629705108,0.006287532966257137,0.0007899433593207051,0.002272111554108604,0.0032556392889267326,-0.014169654846963208,-0.009556426020942787,-0.005692848234127361,-0.00021628861965720578,-0.010799345648087847,0.0037804295946502974,0.002350271735812995
988,0.009951261458783063,0.01691827454357914,-0.006245732119037249,-0.03389412256006695,0.0012052955627884073,-0.0027510762396148573,-0.004171183608056188,-0.01966635934532052,-0.010214279674594606,-0.014819127069891776,0.004116860125238427,-0.0017480527843995173,-0.0013565195499226595,0.00194455240521931,0.00407830523086472,-0.0021597507609004544,0.003552296315926703,0.0013439242307083116,-0.016975574189218662,-0.0014971812797821308,-0.008686098658433528
994,0.20761138016888847,-0.0016887463184257106,-0.028893360575246132,0.003908991715423179,0.00206188326828604,0.0003627700067722614,0.0022412047234113496,-0.01892946666839102,0.0748277036794644,-0.012479498474142446,0.0007678250738013102,0.00025183211920410455,-0.002965726284987741,0.006638102413550244,0.044144910140443666,-0.0022999325927385273,0.002547345401015049,0.05473461985346741,0.042626448641573125,-0.020011646036814604,0.010922910132934229
1004,-0.06917370965844469,-0.014440528748728077,-0.003471028309524659,0.014526663872155614,0.0010973386082740143,0.008617181763950228,0.005662270177238785,0.02344253177653201,-0.008332672331837937,0.014491394266475905,-0.0038849549175424634,-0.004084875586296641,0.009652234462960213,0.0033132559358236076,-0.0024837880607409563,-0.0009122770203557084,-0.002738905961303981,-0.0056485337134234825,-0.0016406192078897359,0.00668547073818204,-0.01591248904428699
1009,-0.08401555435447061,0.008740232189961984,-0.005861699697416467,0.0004907683248917379,-0.0034088165583292126,0.00016936814114015827,0.00659314579439859,0.008391959831244633,-0.0058434363924775015,0.011891415667817753,0.004061352822117286,-0.0005448285581109952,0.006693408183416913,-0.00032048132448258377,0.00010671341248311962,-0.0027416283577257187,-0.0024709785499190577,-0.022677839309918454,-0.019035623981853846,0.004874178499584359,0.0008746733853418702
1018,0.1517279606753158,0.007914622236717746,0.02157150343213415,0.006644901656998603,0.0005542195978799004,-0.0010754663759168664,0.017323733294085413,0.001818498722256318,0.007497612443998083,-0.006331812283896828,0.0017836729204990024,-0.0014563319432118343,-0.024065440026740045,-0.002844027556764184,0.006521608486681773,0.021357829255871194,0.0003918904363467726,0.00016572940397466477,-0.016017675362907,0.022822000680893698,-0.005403461568299287
1033,0.012393219517556677,0.008681578802252338,-0.0025810592304762025,-0.055566858181814185,0.0015449068166592203,-0.0009986740951433647,0.0007748359847310429,-0.003739008122559195,1.3852048503337298e-05,-0.004909404847071531,0.0023835003139859776,-0.0017428458518563223,0.007869089034843062,0.0021998682095693656,0.007536269549535447,0.0008787121562007394,-0.002032285563147041,0.0002490028933261999,-0.0027079534167666077,-0.05349858545851648,-0.005468436026534775
1034,0.15198859367160633,-0.001026734592982015,0.02574395313793392,0.01839136777241524,0.001105843721030294,0.003778694316312204,0.012700155349224784,0.001323871960742111,0.03417917037538502,0.012454903537279526,-0.0032771031944203834,0.0025816421016999986,0.005345059695453802,0.0008957082324751617,0.030834451278696696,-0.001763514523172155,-0.004064893009093269,0.004378338992723465,-0.004047913329296409,0.015395412652148312,0.010577710488596211
1043,0.19857521782680781,-0.010394200953816459,-0.01830365367518925,-0.0072569492697433565,0.0061221951136286035,0.0023964697004488886,-0.009878272161680803,-0.02632587649595621,0.07864015469911574,-0.015829939889568396,0.0056262532846777505,0.00024296075174631764,-0.0027451768126177784,-0.009780126087272351,0.02289330682522629,0.005739925995711644,0.011256181712567294,0.052712564468250234,0.0435984248304072,-0.021838214027092268,0.006998409082019236
1061,-0.020961491855582312,0.004195467290738328,0.0014941380501178457,0.0199224671878184,0.0058300123530721296,-0.000822964274396535,0.011996610894503414,0.0076044142270525784,0.030778750651979304,0.0003168053857512884,0.0007220528316083956,0.000990159891934308,0.007526508428600951,-0.0004943886238993639,0.01494509957477795,0.00450493514277252,0.0020425053350967204,0.0005219349944233057,-0.0026682878439829648,0.00464329496747508,-0.0036311440851768823
1073,0.15418833435721824,-0.0048579983965593284,-0.03797842473946664,-0.008549693575686038,-0.0023032413705436007,-0.002344537439471959,-0.03177697572033848,-0.040974133146728146,0.038390459643714035,-0.020188772670867307,-0.0014268392900717462,-0.000808754305676889,-0.006487741993995188,0.003983451110801435,0.03886163536038964,-0.0034707812494317735,0.016553198152044712,0.05236060141200451,0.01798584068756975,-0.031746405434406585,-0.0031082319992420575
1074,-0.039279817949165394,0.01701898957259612,0.0015636247541603353,0.03943603421416555,-0.005809499838980229,0.0008497900128255588,0.0006749355355896129,0.011926895159033246,-0.00559265074928666,0.018415158051144773,0.010998619909164363,-0.008094075830058606,-0.006447226284066207,-0.002219052608838626,0.0012106067173909463,-0.0011840037941013815,-0.012097789685629814,0.010770484243918053,-0.022138228739055233,0.014226126493779523,0.025322871472689985
1079,-0.08005219279981539,-0.01281157910983538,0.0029244700878959763,-0.05198924234521007,-0.0009224358071338271,0.008789460515908242,0.0024782460717207976,0.00881799963161879,-0.0071560208085954145,0.008787642238923596,-0.0020339120010736582,-0.007919554336843285,0.004334522274680044,0.001925201401814046,-0.009926019422975933,-0.0008023821114776066,-0.006151266133977521,-0.005567590689662263,-0.0018111108553441903,0.00460975347857569,-0.001579313211235735
1084,-0.039386792855841325,-0.003560659186253302,-0.010268922257344914,-0.028029729986487627,-0.0022349663458977515,0.0031510876642139598,0.0014840652659336908,0.02768797667469431,-0.009487067495519995,0.009506635335277238,-0.040425800900587054,-6.682509093570746e-05,0.008773870501045703,0.007793471571132401,-0.006763778826476857,-0.001327947255384025,-0.004982199032698976,-0.019041368999676768,0.0321576234094574,0.001032735848723131,-0.0054348537318681675
1106,-0.08370098282122061,0.045029233248900624,-0.00810575458620563,0.022872631667662888,0.0010607302258107485,-0.000980695709685218,-0.009264194145010141,0.08634008104121069,0.004002380182369942,0.00912569756392139,-0.05632444822426247,-0.0009511181837512906,0.024067721900364283,-0.012753348178777359,-0.016429593813334534,-0.0036086972887647874,-0.007676081107857436,-0.026236716714321526,0.06534347083469448,0.0017899792371500111,0.002104882223834322
1108,0.05787817440596106,0.009533342763196758,0.005715147258796019,-0.0175504288166701,-0.010567919268761043,0.0002750769492906674,0.001134200555116329,-0.008290053375048477,0.024640213262223355,-0.011415589668122492,0.0019784463559944436,-0.00027281866222910253,-0.005378616161969959,-2.332357926711475e-05,-0.0009274329853176152,-0.0020240232748650762,0.010797765626226372,0.002876075468069064,-0.0006661713948663913,-0.0012751917232049364,-0.008227592999305103
1110,-0.036097691403501296,-0.0018423843791115098,0.0025804508852238584,0.0008217391008749402,0.0004564483452277937,-0.0009896797305684075,0.0012231914278755252,-0.006100632462135296,0.009569620636486255,-0.01209036462985341,0.0008771035036658204,0.0018083932861714417,0.0020808168574027804,-0.00017490348389073408,0.0006675773721806981,-0.0018169865979916764,0.006850834238578605,-0.0010392122072421966,0.0032298753542990355,0.005400595536265106,0.002441577514828183
1111,-0.059171864545941054,-0.01156346201169788,-0.00569709821524643,-0.02219159716227753,-0.00017124517074379727,0.0011116602558158897,-0.018401608456994373,0.013574328399020938,0.004216364753435262,0.011293825443146346,-0.02124612323526994,-0.002019905960254487,-0.003026497024867096,-0.005603600500801022,0.004655467813607648,-0.009378259926070909,-0.014514026106529083,0.001716699545602883,-0.01563967131767247,0.004852233807922454,0.0014169154545295966
1113,-0.08752284418570859,0.004916673234748082,-0.005808331230622308,0.010282080084723087,-0.0007006700688766777,-0.00017964349810381219,0.009096146056311484,-0.005424509882046877,-0.005395703276014302,0.004974845901356315,0.009528933843282572,0.004415841912002499,0.0031835314205611153,-0.006285763123398616,-0.02958309361239151,-0.0015536524394361316,-0.004539035028116707,-0.002793048778614136,-0.010253536019993374,0.0158405555211435,-0.00659055747867976
1114,-0.10635407130868059,-0.009545765892284492,-0.004845603079005329,0.009069510808391218,-0.004863358778279917,0.004846927784551945,0.0015128828371873038,0.0021558217905991413,-0.005562166292284022,-0.0002274831681532214,0.004703956427447048,-0.0035722791521207004,0.003482963713823226,0.001191588830870183,-0.009476183819255295,-0.0015080613701817912,-0.002238434038002227,-0.0022226237167633483,-0.01761638831107649,6.183025310796281e-05,0.0072726092772962105
1117,-0.10776473557485895,-0.004317135250479313,-0.004105944429369231,0.012284051619503274,-0.002486841472152833,0.004475641435542213,0.0018284145613412144,0.0025618746779211598,-0.009084966291777397,0.013719490953134414,0.00399448090942226,-0.003894347339199853,0.006954758892965608,0.001943407338104589,-0.009966082924497084,-0.001488307040456433,-0.004285325608222863,0.0028983292566476825,-0.014361191167464961,-0.003809279122431877,0.010317670266248804
1132,-0.06410722411750516,0.00026161605409241934,-0.00021960659146897556,0.02130791220262787,0.0005703097176448347,-0.00029165126137763295,0.003907157243221599,0.00220534628704834,-0.014489754394893237,0.004323893109676335,-0.0028532179098767004,-0.0012733173111923297,0.0025273312260729987,0.00015904295303610712,-0.014550397912697608,-0.001529125349203685,-0.004104383102074246,-0.001292715024903257,0.005334132574950784,0.006509959752109291,0.001855495199283237
1137,-0.09166741290004561,0.00737122325443911,0.0041742383048961025,-0.033396175920817825,-0.00015854594352431462,-0.0045680942069420164,0.0035755374568888247,-0.0023393668374921813,-0.003955209322632159,-0.0022115866271369645,-0.00011105842584870528,0.0008172379734662766,1.580062565359224e-05,-0.0008291289808120293,-0.01273453541387239,-0.0012471683575064312,-0.008714085397881662,2.555220792912258e-05,-0.001844300651823859,0.0021637268056501364,0.001869891991408126
1138,-0.07870880060642649,-0.02650779638266674,-0.006993532147336509,-0.02592040955126954,-0.0009666594693687266,0.00461204189729207,-0.004753941515947984,-0.00446086345023334,-0.004060380700245207,0.00988995310340586,0.0034482213640856514,-0.002862358377127432,0.003446619883324695,0.006288544551041441,-0.00973762732521197,-0.006380809389276694,-0.0026568004796309213,-0.027380184927948133,-0.01078180165033606,-0.00039175794923794395,0.0011943745275203171
1140,-0.06123813946433408,0.015223249945946805,-0.005150748772595025,-0.006718475957634259,0.0008976883488835095,-0.0012933814873808235,-0.0001429930877623654,-0.004880515658860111,-0.008256739517824505,-0.009456597687633378,-0.004809535973704893,0.0014220937706419473,0.0019546741767914612,-0.00047917516628935043,0.0033184128315954116,-0.001788842976539958,-0.0018227941275020033,-0.0012980745601747382,-0.002572953408426383,-0.000792231288720591,-0.03877970777685882
1142,0.20970836075921628,-0.004136166761490819,0.025548135821625448,0.02350293757330322,-0.0027679143400954486,-0.002536087176757455,-0.007820428984435121,-0.05525638962007929,0.015129905601486318,-0.020910400076356722,0.0016958528620461424,0.0007492146113154431,-0.004242601755930035,-0.016523540872510255,0.0014845677784863815,0.016047903016883067,0.015005058200693169,0.02241989506419051,0.01382265427233586,-0.03720328637697889,0.009275983484940912
1145,-0.06700453409280974,-0.015630891860580563,-0.008628821306483386,-0.029338599521033307,0.00038082469389969295,-0.0017569202386828451,0.0007996455771416362,-0.014392201917700695,-0.006275814601125928,-0.0013222118612084416,0.002451483408306704,0.0006515025017066356,-0.00030458157900840465,0.0045042010994487585,0.0019061831245070818,-0.011817361060841858,-0.002433142811703885,0.001123583336804036,-0.011833392388979973,0.0004556281115547698,0.0016173891546242547
1146,-0.09170223470113996,-0.02341147665501001,-0.007161686758181528,-0.018162560283424348,-0.0012271033344887579,0.002287606581545374,-0.001017767937605757,-0.002590177829925236,-0.00626920932282219,0.010501548465558938,0.0041555451136872975,-0.0008268009841147884,0.0028542755377455216,0.005451708202327115,-0.01208938434398493,-0.007400454423198337,-0.002351084617523675,-0.0045737830228227885,-0.01289203272725206,9.133463266533505e-05,0.0012961941895593512
1151,0.26798290358247195,0.003156652652988072,0.05615342351116232,0.051441122327258226,-0.0009657147134572962,-0.0025599755721627034,0.003640199056748249,-0.02205288985123043,0.021680845933942358,-0.005949547977980081,0.0018752289557708221,0.000666060624929693,0.0009036969192483164,0.01564188593981245,0.019604630355347076,0.010491876229027714,0.0194330889340812,0.028897101784039748,0.013408158733421209,-0.024654846829604716,0.019215417703914467
1168,-0.022666716834979686,0.0012371330291047356,-0.005677269339540903,-0.012125975757138951,0.0010859133256411644,-0.001762043234247969,0.009360606072593213,-0.0015696747174124745,-0.012047852473993417,-0.003952858792444734,0.0012456093713199567,0.0008610742533696083,0.0016373827903856913,-0.00022263933165621368,0.012729409977953849,0.00488522380681988,-0.0017464886501833187,-0.00031924396484252286,-0.0048519611431203655,0.0008402668289697869,-0.007300397502420302
1169,-0.07519950250409092,0.002239053287241217,-0.004192732344613789,0.014718374421482591,-0.002544339550355082,-0.0012722849433699263,0.01019090551623173,-0.002331801274532802,-0.00811721101714525,0.008155222266136903,0.0009323573872640701,0.0022988490275740576,0.003088867644934121,-0.0006979890094157455,0.012328249052482589,-0.0014649102833386735,0.00012112186778397454,0.0004779684014550393,-0.020567948042222936,0.017593033397424088,-0.00991480955397714
1177,0.11061926064881397,0.0010941940065051794,0.007540517615557967,-0.0031334597258594653,0.0010822218992136631,0.0017019124593647466,-0.0038834334659091307,-0.005333902650894217,0.040508101077628166,-0.017767786808158298,0.0023446160873612735,-0.0003604975202724997,-0.027908920992202733,0.0046851498359225755,0.03952838765375103,-0.0020298012174183497,0.007630443119985515,0.006591035260187953,-0.013597774961515345,0.015031527730236473,-0.025319724465076434
1178,-0.1108997708873918,-0.004355625640602336,-0.004183723941020147,0.011554547954164923,-0.003261597236600118,0.005122282434347924,-0.0022739356692491543,0.0034491844493443422,-0.004612080283379292,0.013659895488040044,0.004041111901499532,-0.0037987741429155015,0.006169763404966843,0.0021069745724835594,-0.00882928950384889,-0.0014818924283768662,-0.004177992134852632,0.0032050108662272027,-0.012668698486832154,-0.00605059719878667,0.010258779733859736
1182,-0.09615972770507153,0.005805427726565634,-0.0035292312882065206,-0.03676798557630583,4.541859160060459e-06,-0.004422564429794512,0.005455329955511916,-0.003183063866582235,-0.0032142282791464607,-0.002786958628192301,0.0007965298698707277,0.0029197995895634925,0.0011358056178991645,-0.000593721460026983,-0.029612672595468896,-0.0012987625983774526,-0.007054207914378109,-0.0003799707794941135,-0.0011628659602465825,3.889714731811623e-05,-0.012380750384081138
1190,0.07599701765798816,-0.014105736963168343,0.006199146398079296,-0.037254637734733864,0.0018396449228162651,0.0013832000372764922,-0.004618146510562731,-0.00652807936268034,-0.009112492473194147,-0.007525465735682108,0.0015165681360258373,0.0031240158154560017,-0.009020676047863812,0.0026279606037669465,0.0033837623651600647,-0.0012307911850334768,0.01037626969212692,0.00014273436131603725,-0.0017417127724779532,-0.005860882572030271,-0.005134696135975495
1197,-0.062525880143871,0.008133585586596416,-0.028527013230651353,-0.015455871468719417,0.0005870331924630273,-0.0026298425862738835,0.0032629578783135525,0.0005699651163958224,0.005455448308474714,-0.008556187370589958,0.0004028352057355518,0.0019907597038181933,0.0016796603945029563,-0.0008970651261045061,0.0011848268809502805,-0.001361959386925899,-0.002617461638954455,0.00023114426198222906,-0.004897915586605722,0.002354696948632761,-0.01994703654455272
1204,0.13765839781519773,0.017261915835793003,0.004550089179822437,0.007199495185446076,0.0004071117602706465,0.0031703908587451413,0.003192826227492889,0.014612957787887777,-0.012659865717015233,0.008465164449689828,-0.0025462113458713216,-0.0013611708696331785,0.010447706567049086,0.00019886774053643006,-0.010172151824960299,-0.0023236147910688184,-0.0031996889944987117,-0.007399505411613319,0.0037346178103040877,0.01641491111573676,-0.008957703027867976
1208,-0.06545555083453179,-0.027324560313345563,-0.007638025772394759,-0.025945683145309026,0.0010301538877000001,-0.0013749077920791114,0.0009514733960139539,-0.009179142029710492,-0.00633712003593605,-0.00010145363612647354,0.0027684106650917263,0.001957623245075277,-0.0016305470754574944,0.003906693329343671,0.004463822280190248,-0.012448471827626732,0.0011609476026381337,0.0020683957646482633,-0.013339174127817731,0.0013876922492718985,0.0018042754395838337
1211,-0.08694991959438614,0.012732458861506231,-0.0027598374817454723,0.010498231673453007,-0.0001651497309745963,-0.0049046633627116525,-0.0003214083257184934,-0.0007945061934088022,-0.0056422654667975915,-0.0009758034640328908,0.0024566419612818188,0.0004946828253256016,0.0038127265625199584,-0.0006414433866894349,-0.016974262164219982,-0.0014217860756103428,-0.004436379108385853,-0.0005216844951619189,-0.005418983235096851,0.0007334299266940927,-0.025475083017728387
1220,-0.0857795406794992,0.0057462660854925044,0.004589653503966515,-0.0034462957623243905,-0.000642997339927705,-0.0012944033970364282,0.0015747033811361975,-0.009960975766832664,0.0033995728824582324,-0.009882927152656488,0.00166780362416684,0.0021831519106127644,-0.0002864827536150686,-0.0014111003114816438,-0.005297469376449851,-0.0016419949037280279,0.006658262231100363,0.0011030432626992208,0.02130150710719449,-0.030160593072705588,-0.007329127775926358
1226,-0.10204913870656364,-0.00960182037168485,-0.004859866029876054,0.0077724748940225475,-0.003388803371666327,0.006373717604075391,0.0013776713203599465,0.002350419644143942,-0.004871976852326292,-0.001575923929064934,0.0036833026005569976,-0.0048489224735224976,0.005508815285249925,0.0022180853710468086,-0.007807994547547798,-0.0015193184507129173,-0.0037985375582486776,-0.0027480266920229474,-0.01575222376486646,0.0027541507912410062,0.007574223171434305
1235,-0.08892639538452134,0.04852230894945106,-0.00877064413728577,0.013435138517037773,-0.001041589141345209,-0.0013356964506068786,0.0007695440817834143,0.09068494833578394,0.004169027394537053,0.00870770851782101,-0.04847301226661565,-0.0009346660622412925,0.025538487961016144,-0.012961159965032559,-0.0160843343667633,-0.0035697494679572035,-0.007708891849894683,-0.026453136567219912,0.060916677244079766,0.002630931594099058,0.002069382574086111
1240,-0.09498023870737636,-0.015414441646698054,-0.007131627734570034,-0.0292597026688736,-0.0018130043017001202,0.003730249110885685,-0.004631377823459521,-0.011654145392613885,-0.011491883566332368,0.007793397251814369,-0.01769178009147819,-0.0006980748189852569,0.0060288915246792495,0.003880252049064818,-0.008827976509545438,-0.005323825441464623,-0.0024935549203979747,-0.010697852426017916,0.02072637021171336,-0.0013002031999911972,0.001202669914692606
1249,0.18107192817509674,0.004316718796777486,-0.02460184065938377,-0.028109230108968,0.002416182784783521,-0.000548187633885477,-0.008194245258754914,-0.002736274034584287,0.007317088551224065,-0.006656151103814654,0.0016942654017921119,-6.885488228147786e-05,-0.005229647300781621,-0.016033616112442424,0.013842742488954427,-0.0010420808037072122,0.012092015224810244,0.0015696697571699388,0.007336733115173224,0.003485677406776455,0.005314883605514397
1253,-0.04641596661837778,-0.01819765475260319,0.003979897205353347,0.021065856438024548,0.0005292232397200503,-0.00046632034786204396,0.005008605895265499,-0.0020784050342906903,-0.001831994657127788,0.01667549531217226,0.002774093295496056,0.0060197198562127385,0.001582381140281599,-0.0002361690254754264,0.005214509477377188,-0.0009412303936106813,0.00739897642088348,0.007777433889073241,0.015286192602213812,0.012221048908180572,-0.0010867281099649036
1255,0.255795090927652,0.004957532732739894,0.053132972714157505,0.09482323426134456,0.00234853179260653,-0.002472148281759976,0.002079348750486318,0.00015428281582729884,0.016239926788179232,-0.00839906675478734,0.0016300737345234903,0.0007671279625188264,-0.0011220121339215875,-1.003244659438543e-05,0.009408864969745806,-0.0013159032350656187,0.00855587413890794,0.02402426443435522,0.010121584912190857,-0.023738848316170787,0.023217275141665446
1258,-0.05288292971251923,0.0011635748102462988,0.0016889114219632699,0.0239588304852817,-0.00018116465258402693,0.0031790125338352327,0.001386580887712738,0.011667350192371353,-0.0015011633002703045,0.008310915243751634,0.013719899753340405,0.0001060823250755909,-0.003085380348935126,-0.0010305211397795319,0.007536262736705136,-0.0003519939526771176,0.004270114614629588,-0.0099495062730058,-0.028071263897888547,0.01076415921693158,0.016700035622021613
1262,-0.04422445367986584,0.006460260685244149,0.005990744359807628,0.04215902402832088,0.0005355032269892797,0.00433539325693864,0.0019622133173735814,0.0019664604358620727,-0.0026062494894354598,0.011952818168823771,0.022260463965212432,-0.0005465279798282055,-0.0010757770309024885,0.0011947406978434732,0.007503925481972098,-0.000784149007900167,-0.0032122115800857763,-0.013378168052165169,0.008636112483919534,0.009163706439690875,0.022141737230734603
1268,0.09094736115060828,-0.013094426388138397,0.02478179633138048,-0.06877790323919025,0.00034426757224341356,0.0030861536599118265,0.006795068189908778,0.014435821396452693,-0.012944661462088423,0.006643847471845439,-0.002638132667887388,-0.003386233601970676,0.009985533272156183,0.0030076951446868245,-0.00568675920442111,-0.0010551587668208525,-0.010986371381159744,-0.004242904367649728,0.00179467289044642,0.005394424940961508,-0.0029970388361694506
1271,0.06576860556298486,0.001342324978469591,-0.020442818039841222,-0.03189106818779801,0.005338387800665145,-0.0010845527578172826,-0.0015870669306381308,-0.0021588019369323,0.003907959674280141,-0.00748815589943456,0.0015146576619676421,0.00020794470041981213,-0.017633730181669808,0.0008179222873477802,-0.00021231046789690406,0.005678061579667048,-0.0046553456041501,-0.004720084537606509,-0.0042419185035103765,-0.006824761876864448,-0.005702878152604789
1278,0.08872650007577708,-0.0053107836458615955,0.008846745859972542,0.019218365263814773,0.0012281653207767524,-0.0030319353279181765,-0.012670873645501545,-0.054401329729969666,-0.007766949880136208,-0.0031913784422701623,0.0012253605662559787,0.001016339224254976,-0.01173649852992573,0.0001217364027044766,-0.005982918785080124,0.001207894998807562,-0.006215728938545401,-0.0025106463731472918,0.009183997765950061,-0.0035143126891129363,-0.0009871218256265833
1284,0.08170248210621882,0.0047757039115949775,-0.029990311934096535,-0.05461287093504736,0.002049616676688472,-0.0010848327508169789,-0.003013657633925025,-0.00468786214172587,0.0020788843938428425,-0.004343082698733853,0.0011819298252501791,-8.146232760495715e-05,-0.0166409894910411,-0.00018849472965270044,-0.0018795364111451594,0.005544673370475938,-0.003684291438526576,-0.001119506052338151,0.0027439533213383855,-0.0377573231859623,-0.0047026954388605996
1296,-0.041089629485145635,-0.03827569595910439,-0.005871843010832542,-0.04159012797045861,0.0006246645669166067,0.0021254735015592326,0.0025979131705137436,-0.009113080717704735,0.00111107241612908,7.891991487498203e-05,0.0026502313492310714,0.002297849093791406,0.0004646192353691199,0.00396544636073719,-0.0019188431771463945,-0.01174479871820651,-0.007100319617818297,0.0009202842853809349,-0.014198858069989596,0.005075893492887154,0.0023229098722764223
1309,-0.008489100672211534,0.006843503145639723,-0.012026650310925237,-0.016938485159527946,0.0009053352299104858,-0.002650088439004036,0.0036477672241555263,-0.024547291950818884,-0.00602404208962845,-0.008078230133537595,0.004979584617752723,-0.0015030719289765015,0.002366013128090856,-2.189334907319201e-05,-0.006799712239548076,-0.0002115196253744326,-0.0025855586550976623,0.0014310290322754225,-0.0056516264259584385,0.011614378550707172,-0.01041081329402499
1310,-0.020184405413138547,0.00789648565918867,0.0018754552123988316,0.022816820252826994,0.004799275082934267,-0.0021270426281877284,0.012078157625931098,0.0034851845760247593,0.028895717716877233,-0.0023683495596233412,4.952533771426749e-05,0.0020755841817125514,0.005267398446280822,-0.00046983274250542476,0.0042171651632689445,-0.0019878780645395298,-0.006330063732826844,0.0020306288158883808,-0.0042954843023944155,0.01350688944734684,-0.003563518410650679
1317,-0.039094851765720764,-0.0032102341168582828,0.012474750066868988,-0.0009781034054500443,0.0024563592064881417,-0.0013445487980676925,0.005024630485138367,-0.012762777666011976,-0.016588850319075678,-0.013967426001592892,-0.002397405286901885,0.0017943444491501635,0.0014528860430013774,0.0008478172300073463,0.005348904457642812,-0.000564511459224653,0.0008973438097673285,-0.0020112217530243374,-0.0054464484582806404,0.005401595866789104,-0.006283872484655562
1320,0.11984545324380333,-0.028587719902694174,5.507903323488633e-05,-0.030342506298033922,-5.6828265070201213e-05,-0.0010230211863042986,0.0009793475631423656,-0.004893434577624925,0.0304050738722991,-0.012887381306841523,0.0059191571866473395,-0.0027713433668563182,-0.012469208436903838,0.005878492722767967,-0.005232161733839808,-0.008453612339415148,-0.012523875464650646,0.03997545163471874,0.0008582389741014654,-0.02469888767445721,0.0010494874040433235
1328,-0.09720495230895862,-0.014895357145296046,-0.007212246400636471,-0.03153485966619468,-0.001966415680488983,0.0035517294809086076,-0.0012740480041677025,-0.010587363320063754,-0.012058687096000666,0.008150345835515698,-0.017569503305941966,-0.0007000754415964561,0.0058347168482382784,0.003802992941950279,-0.008908948792908395,-0.005304109030757814,-0.0029147693735295547,-0.011579592992794631,0.020142045349591013,-0.0012205458178682312,0.0011637149092184396
1334,0.23312566554270664,0.0003040960013211275,0.029383047480304313,0.05437486783465101,-0.0017036713471367964,-0.002916782301034111,0.004048738127584499,-0.04037530608707348,0.015847030464619816,-0.014792055850972104,0.0018699678745126103,0.0007815269618554742,0.0011859197265953704,0.02167673589747204,0.025748352178953687,-0.001988931925250079,0.01964028542721151,0.02397351926235237,0.012816458511790784,-0.027877896960832836,0.023827517619458925
1339,-0.0784963427739106,0.0038677457010923046,-0.003473236292346352,0.01644334055764538,0.0016627526749304503,-0.0014508488376621634,0.01255233440943118,0.004353298302085803,-0.0013401338827487067,0.008195284184975987,0.00451703056310093,0.0037855333139052054,0.0034043901116009127,-0.0011581854242633564,0.010808250912301566,-0.0006163942627171147,-0.0028853645611878875,-0.0026025665462822306,-0.00879635662973877,0.020857165194986288,-0.010833064543913286
1345,-0.11110025099472898,-0.00043844116188247,-0.0032643103452762246,0.02910956509505701,-0.0021462105041741677,0.0066522455373501325,0.002522606820653557,0.0030071015019911148,-0.0043092782713015,0.019369579092384643,0.004216521451421731,0.0048491138997223794,0.009587730377408515,0.002406049498321266,-0.010712600697879042,-0.0016328307879244248,-0.004929228262756535,-0.001562167923499182,-0.013201674717562107,0.007307139895534894,0.013676008397669614
1347,0.08716431374304295,0.0031744693831057087,-0.02342614960735245,-0.02845511329192537,0.0023644381642794216,-0.00043365685456066527,-0.004476290830976854,-0.007405086825290903,-0.004358007886059742,-0.00890110754998563,0.0022703654930269746,0.0066214205808670075,-0.00875005524052938,-0.006182826574825551,0.0029501062796300852,-0.0009589181000803262,0.0014779055825427073,-0.002538270372147207,0.013025700720080054,0.0011888842577648764,-0.009611467537237506
1361,0.11814130778721604,-0.010008836291645451,-0.039833251467612095,0.00379466656169848,0.00011900401051875323,-0.001377849234540005,-0.007462106849382371,-0.03990815537802224,0.02665980709595135,-0.007008238840267372,0.0016662615220100563,0.001012694628269945,-0.014655179289638805,-0.0048363269925426385,-0.00809805662992984,-0.007767213375562149,0.003558573130760196,-0.002255449182176003,0.021191867370510473,-0.017891689296821018,0.01081431167313162
1366,-0.04132113719271951,0.0625129169601477,-0.008611158709954466,0.006590302806256594,-0.002363676490875894,0.001752459429983081,0.0028723168431201707,0.10784403626769984,0.004242498672651273,0.010011388443662526,-0.0427388482120158,-0.0019328848455643544,0.03325110968389231,0.012524827164607321,-0.008411470357634126,-0.003539017126383455,-0.006331612859540387,-0.029162517126824047,0.07383276665354951,-0.000934132672584864,0.004686989405609484
1378,-0.09599461567263404,-0.00597921566999441,-0.0042591711062601526,0.021782648270166738,-0.0026643298944008078,0.006629538043088332,-0.010226603231163346,0.010002938685401095,-0.004728408673895579,0.013942374390975587,0.004103515529616522,-0.003763747472824634,-0.002840226487201804,0.002885259105012565,-0.005643305556227291,-0.0015620677072556263,-0.004967365418810099,0.005850262751817763,-0.011636541287028018,0.0028907950488913127,0.012955693366393572
1379,-0.07283146959691629,-0.01058855859343278,-0.004192983246330524,0.007277050681596309,0.0007527322821438647,-0.0017258413396716089,0.0029135521716041374,0.0009700799688864195,-0.003118135710090201,0.007480009773894064,0.006621022252110937,-0.0008717727352319476,0.0015520941891913923,-0.0011469344403383817,0.0038501005584982203,-0.000921096711933731,-0.003221269653455421,-0.0011106375204629696,-0.018897724151581585,0.008234148017740956,-0.008993645666152383
1385,0.008852049886272173,0.005787460870266482,0.02139816416648003,-0.01357617855976315,0.0012741867825482823,-0.002802797460207208,0.005572531181709598,-0.002654673903985811,-0.007407491121461029,-0.009384002695667104,0.003288080246634839,0.003597379731715103,0.004415831687156439,-0.0001551520780623561,0.0035226834608142895,0.001151983494346195,0.008764048278287355,0.0017187060873916024,-0.007657884704119861,0.010074088823837656,-0.006246136631059261
1391,-0.06310503604969346,0.01246781577377515,-0.005270141561750889,-0.007938201742637303,0.0012427935825005754,-0.0022427050116283214,-0.00023046303284231774,-0.002754135480618371,-0.01299808950674356,-0.006786095092039813,-0.004490637616003353,0.0011380961640013536,0.001822856591675643,-0.0005495802093559005,0.004780720639878418,-0.00195333981001875,0.00016243538273754101,-0.001529079867064666,-0.002235590377325396,-0.0006599704608042424,-0.03930756509711133
1393,-0.11313719376869394,-0.003937266155346813,-0.0041248949176399055,0.01684846731760874,-0.003179998623990085,0.005555917933863631,-0.002356319417494266,0.004581356589759711,-0.004493740439251096,0.013675419192079388,0.004252829101096998,-0.0033751735513450455,0.0062107045749004285,0.0021724311092133895,-0.009759849687980148,-0.001481312059457423,-0.003363974560746991,0.001698030989562598,-0.01391262127440275,-0.0073741514696269465,0.010288800505937234
1417,0.11310167910485601,0.01882654506629519,0.0007101903740790228,-0.010686037194959546,0.0006531171542435036,0.00013548932342255412,-0.0021204913857055608,-0.006804033496445171,-0.008547042681676663,-0.011492531447984608,0.001592870767309687,0.0005399573927369779,-0.009914042899231762,-0.0051568629679885755,0.0004600466070930388,-0.0025481535942497163,0.006235052313306405,0.0006852309249779626,-0.007913800252717934,0.004219804769869146,-0.006174245450705074
1421,-0.033478771731063305,-0.022817386214675703,-0.009098415923755454,-0.05893001734190927,-0.00013571177568793365,-0.0031451869614243628,0.0029425788797514695,-0.012322549695776295,-0.0072623950632913735,-0.002262230431862599,0.0038558337233726586,0.0018233615810145296,-0.001217877115924971,0.00584740106519901,0.0037564647384413573,-0.007252544041030508,-0.0053963727272082,0.0012445505677802385,-0.014777564357194127,0.002213058972309099,0.0016158931192300407
1424,-0.026944695780164098,0.012383122237245027,-0.014312165109658246,-0.01555380943366577,0.00028870251303549793,-0.0011963434137496427,0.002549650553595935,0.001002371565941646,-0.002804117164861538,-0.012923018153601185,0.0018077197612789916,0.0029426326527647716,-0.0017605402503435943,0.0012018231088449232,0.007565650364404796,-0.005763883547090482,0.0008891924499371333,0.004893788027147862,-0.01963150540454721,0.004921293087291296,-0.005965221016437923
1435,-0.08256248143333612,-0.014703769431411615,-0.007311075391048702,-0.021303912649686212,-0.003223654692211094,0.0028603142495913763,-0.004359719701202438,-0.015841939250977672,-0.011924634137415367,0.0074049383262745185,-0.018436284932548168,-0.0007062032176958562,0.00716398763026461,0.005579500887866237,-0.010205100253855535,-0.005506165933838638,-0.0024154580100011983,-0.010587380363879842,0.025975652835326914,0.000883705956191825,0.0013063865964460886
1436,-0.1201633113468176,0.04269078588650399,-0.008385649716652482,0.045870295558998464,-0.0014460051238377907,0.0047542721421914855,-0.009798766512394263,0.08213538757452139,-0.009370567749498182,0.009858095065003344,-0.00825568570178211,-0.000710350611095888,0.00605115592880373,0.006017314538071372,-0.010180772205428745,-0.003992912756676915,0.0005146048928186154,-0.0021959868918462588,0.06841343585013313,-0.002111399258508016,0.0021517388345113093
1457,0.11010890792888078,0.010539518077962289,0.03435262361533685,-0.017709864584670207,0.0009557149398740287,-0.0016923307164576082,0.0007771893281281053,-0.015548176147483495,-0.006286218804904329,-0.004160348546096398,0.0006892071663461102,0.0011098936506285934,-0.02490465365787541,0.0004975590140860437,0.00040789348635117927,-0.0017257216677639508,0.0006513871363985883,-0.0007676268512389537,0.003193611231601626,-0.008813105405845623,-0.0020525628576105403
1458,-0.021632382116930103,-0.023088461827945467,-0.003564795631026233,0.03251841073632646,0.0020136912328004154,-0.0015988468836529502,0.014664011516644742,-0.000245843931222017,0.001419446448210823,-0.007663078072303359,0.004039601548309794,0.0006953270487084675,-0.01287604196465727,-0.0009075587658271991,-0.0030482422297786584,-0.0018841673795926927,0.012118626809150039,-0.0013661953045035885,-0.0013391970144658505,-0.020080840430766224,0.002721871062578405
1460,0.05535297253675045,0.002818692686631398,-0.0236627823155899,-0.031123491308937545,0.0027063791237879097,-0.0017515049972335157,-0.011210432022925819,-0.001960212157650463,0.0065100944970674516,-0.005931489097575559,0.0026253665374528557,0.0010195537208156256,0.0009076092965548724,-0.017601207940357987,0.0003651926629333394,0.008923470709922623,-0.0032817914617172526,-0.0022589111012076783,-0.0044125915765058,-0.00744148261597402,-0.004862995913343575
1468,-0.0431237925607689,-0.045871620233454584,-0.007252461893528645,-0.02795515024433264,-0.0002133134367286736,-0.001336574374508099,0.0005337978321554168,-0.01498995461433798,0.004117093673392247,-0.0021095354103045903,0.0045404427539978715,0.00031913119678938525,-0.00036570886670398594,0.006678849416296905,-0.0023880395821631443,-0.011510114018101042,-0.00645589885552435,0.0018895519129952104,0.0008568059655752362,-0.008235020228037699,0.002224917996563358
1471,0.27506499501744286,-0.002820557013666135,0.02474746796547148,0.04087208338173878,-0.0012097826844220316,-0.0016122841178742417,-0.005202330296483416,-0.020139615762905606,0.015542057869361048,-0.018215168249789988,0.0004308641552870627,0.00046296195139619676,-0.0037849731933176215,0.009137382825981852,0.030253882083114275,-0.002338979925555389,0.018582151361032827,0.023504251997769284,0.015080371999909088,-0.021750856285343668,0.009322756462932773
1477,0.02795073480281179,0.0205239565331826,0.04396036591027386,0.019243947760060935,0.001525643756660512,-0.003778708055080925,-0.0037554225599824077,0.0005928118662335759,-0.005413193199874987,-0.011295703312435252,0.0038305374281669712,-0.00195906999229473,0.0032287787964018285,0.0022195238456601475,-9.672251863250534e-05,0.003287898980089489,0.014485562639257687,-0.0008313595718744209,-0.006007006155019585,0.015931635207122673,-0.00517838041082814
1480,-0.1078564845556615,-0.0029276390552136077,-0.0024523783639251555,0.006681173223469867,-0.004412935826052944,0.00048769256228900195,-0.0022042806282554727,0.004496261558894354,-0.0030154628200397865,0.014457799881817607,0.004436341563204411,-0.004097309179304726,0.007339765461574043,-0.0009229087314075843,-0.001053641781632139,-0.0014028470520110043,-0.0034622338171639098,0.003887692687528624,-0.0173674350350815,-0.004854043034371091,0.009557190667944342
1481,0.12153029791654119,0.00159169747816127,0.027131717992642895,-0.020050387105783614,0.0012461517930498387,-0.002506895968869904,-0.007312890621118333,-0.017999654571752316,-0.007197130560606909,-0.006410961832388111,0.00038425178904198616,0.002592334571138451,-0.01039650368272518,-0.002924293928002193,0.004059638302221604,-0.001399312026261689,-0.002608203345478238,-0.005139857905357773,0.01671292258829278,-0.015809734540014653,0.0066697478569728895
1487,-0.08847717273354971,0.027821737009738688,-0.007837832050875904,0.020206608434797733,-0.002377037307346704,0.004457765265711365,-0.013208696354080477,0.05974387577734995,-0.017304770565673026,0.010698851102246474,-0.05914603152733615,-0.0012812953531228842,-0.0015900243639857202,0.007476995019593796,-0.010244467799184719,-0.003562825062314075,0.0027469078784411773,0.005102341482648399,0.020272345054934724,-0.004507281475121797,0.001732043172367857
1489,-0.08550747728720051,0.006199351794684556,-0.006986344579505595,-0.03053775942352934,-0.0019329998701699336,0.002429754197631673,0.005325915143214654,0.004167578075171576,-0.030631399853436183,0.012065494899229541,0.0034599816921819567,-0.0011612059331124727,0.004843830111351622,0.0011800523689481444,-0.014810956247804262,-0.0019706745913422065,-0.002651441215490319,-0.038310093466609615,-0.016432137383526262,-0.00039118109078992624,0.0011539651732749817
1491,-0.06035698831614344,0.005203636912379569,0.0024099560587560196,0.031639581190720446,-0.002202570528415538,0.0038434766863114037,-0.03479581884077077,0.009038782993137498,-0.0026299220774123953,0.01297032215925545,0.01281414829215438,-0.004475981694190989,-0.006648397784944146,-0.0005056896269252553,-0.0030341899467305872,-0.0009066915552976157,-0.010820682267715638,0.008429179816478102,-0.018535499798135922,0.006636843811215403,0.02365204152146099
1497,0.10289123723087908,0.012357453255192523,0.003577758227792343,0.0004021683272101463,0.0005841171380232585,-7.844462811395817e-05,0.012776722958665814,-0.0038175052112959223,-0.02217775911557802,0.002203204308716047,0.0016171964484041556,0.0012876258871892302,0.005642905498246405,-0.004830477876111821,0.011561614507568601,0.00011672244570803755,0.001976510960327102,-0.003197728545407419,-0.008431104113726183,-0.007238565562690025,-0.002910205839376739
1501,0.025581779451391992,0.008316129638589919,0.006727439762314891,0.010655976874985928,0.0009905756872992948,-0.0017619915835456446,0.005428302200120284,-0.0010491211258638116,0.041760623712243206,-0.010269488722924462,0.00283338186279701,0.002825450067606112,0.005573612468495448,-0.00012082141896949301,0.002823979281676962,0.0009343413324709978,-0.008366801848438353,0.00016804106142272187,-0.004662350267666394,-0.013378183197543548,-0.006155224619714075
1505,-0.10318493657449268,0.006417844120336533,-0.0015193571303406888,-0.03251920699705485,-0.0006459521131925687,-0.004677507930968637,0.00713780505561577,0.005310199952797475,0.0026898146017181605,0.008246897797057416,-0.0027608383941333274,0.0026176758293647517,0.001953524944814363,-0.0011455671019207341,-0.015527780275094282,-0.002204887251023274,-0.006276321401392497,-0.0027778704727563276,-0.00045309804544064347,0.0026117818483636732,-0.010318549002924712
1519,-0.05832152051782941,-0.016583172276217223,0.002148828841128723,0.01997637642619234,-0.0002680210089349047,-0.0043077044951073526,0.0029390831686619667,-0.00045722857612479496,-0.0033513127212936224,-0.008032861109129187,-0.008069356535224038,0.002479779378645652,0.0005345924065230164,-0.0011728827212727254,-0.0019556297529302697,-0.0022941784408868075,-0.004442324830679677,-0.011642432365931859,0.00014617881675966712,-1.4736239077235435e-05,0.019024045946420872
1527,0.07590839089048138,0.005190196661858727,-0.020233208461907782,-0.008032792287538573,0.002276557684290194,0.0010674266312571715,-0.0046432910172090084,-0.0059992944445645445,0.004100644348853319,-0.009447890841736774,0.0019656663987637655,-0.0002496899859447424,-0.020370490629551576,-0.00034649815639545793,-0.0002726889529393241,-0.0017095850571992668,-0.0031648770381585718,-0.0018706169408064252,0.0005132600424608936,0.0021075919388773737,-0.01131031020397236
1530,0.17017059772604726,0.01283898124250399,0.024583098696678345,-0.019007907741979867,0.0003238020842344443,-0.0008660220764901992,0.013552552250753547,-0.001510142770602923,-0.0019522037291946149,-0.004077008096853686,0.000333177036518026,0.00089895436520721,0.010438289831900314,-0.018521905194631386,-0.010227275819802746,0.016177831193997575,-0.014701987059735437,0.0024514389224032694,-0.006976086301625947,0.01242091144986366,-0.011951034461789481
1531,0.19118799325065805,-0.0056987778307108225,-0.0314110932785762,0.047026660482710134,0.000624896444133232,-0.002067183157510355,-0.019292055594740273,0.003450705615804842,0.050727248099440354,-0.01874422317896761,-0.0018141847660834323,0.00024923413652758967,-0.004879371268073708,-0.007273811605548234,0.02455093841564368,0.006887758603515478,0.015756927555075493,0.030072669016934395,0.019785179192924707,-0.008237192961304,0.012320207141993859
1539,0.10222113211727599,0.000556929996475455,-0.0026727808948860143,-0.017280265109031624,-0.00030429744508416823,-0.0007775121245240043,-0.029660006161650578,-0.005170573899882355,0.008334808356830143,-0.02669238180154858,-0.0009553809429140337,-0.001807086047702954,-0.029310370426103703,-0.003580575028827542,0.021300603985485007,-0.001822794461774881,-0.005173305917437635,0.003860966977883194,0.006862591569103834,-0.0028708126160386506,-0.0018189548690970452
1540,-0.07833206791462213,0.005625578890987929,-0.007496761804384784,-0.01693299366100637,0.0005885009973684576,-0.003759329938822105,0.004008222233105679,-0.009060663035396483,-0.005962016555343899,-0.008919485823143189,-0.0008081539346775904,0.0012395779495131445,0.001870469857853662,-0.0007489921321994775,-0.015009799159748498,-0.001700050467373031,-0.007939736261555159,-0.00027852768947582993,-0.004609369227315859,-0.006507583068659744,-0.004843470695006827
1543,-0.045736981049027826,0.0034631332098525452,-0.044489934685522536,-0.033640997965111746,0.00010983888892536355,-0.0011287905122475523,0.003327680859344593,0.0002136540581564778,0.005212160646175016,-0.004673385319574153,-0.001262337255585756,0.0012184753701844496,0.0015264471214231645,-0.004224606031417374,0.001868945015639355,0.004432191006081723,-0.0037856521367844727,-0.0007756768446524951,-0.0025387704365773724,0.004020365910418667,-0.007072218226303013
1544,-0.0784346128442288,-0.04038880227520851,-0.005579479157232007,-0.02237579942871924,-0.0006027883019189685,-0.0009246825959877598,0.001805297134228888,-0.005720833470590958,0.003313566331979343,0.0016646013485136458,0.0031395149364781415,0.0011732166664633157,-0.0005525774819234593,0.005651892251093254,-0.012879185471351947,-0.011174648723753339,-0.006731106129393129,0.0017838438071970872,-0.01075550739463145,0.002025725153916344,0.0028899754885733774
1552,0.24594875989613596,0.001981387921041115,0.07826717511832307,0.03846811145462955,-6.1019035860338265e-05,-0.003199921860659011,-0.026705712849221356,-0.05088960598147671,0.01953638582245294,-0.009343639875930112,0.0013402673539866397,0.000697423720896814,-0.003916024677345813,0.01913635743030502,0.0015014495879624484,0.014676859035151273,0.018520570749104102,-0.00016660282965830098,0.010890502777122084,-0.031794318845756654,0.011098807776846933
1555,0.11584880497784639,0.009272479541494696,0.009044857635301164,-0.054802522879932265,0.0003882247403877362,-0.001170255172839073,-0.029961635458082166,-0.0013558567464952015,0.005701624641425302,-0.019359917988907814,-0.001098616320827091,-0.0021549182275710146,-0.01662964740578237,0.0036157920868473948,0.02885165528232817,-0.0017992474379740517,0.003898459414655458,0.002945695080889022,0.005566685537411536,-0.0432231422040233,-0.010237616190353252
1556,0.038292250699721475,0.019055563873623102,-0.006206408561046453,-0.02426639561003512,0.0018370314970927023,0.0033455110975269204,-0.0016527258140100743,-0.01727330667235432,-0.014479353376772855,-0.01175449403008992,0.005284583587623871,-0.0023054528143053453,0.0013748436766104228,0.0022807732519317314,0.0009251354361339654,-0.0022664065502046656,0.0012043175932823892,0.001245373825277972,-0.013182052029377177,0.004173568671713503,-0.008287275440789282
1561,-0.09992025880206747,-0.009947338173393298,-0.004170376505495057,0.01598567014824147,-0.0031424280988332446,0.004638254480989028,-0.013102125684704988,0.010548095043233513,-0.0032961798418449915,0.011744274592575009,-0.005228680275379006,-0.00042440948781023865,0.0056926521741943155,0.002506636499493308,-0.009898013110528441,-0.001342176070498745,-0.00245197376749764,-0.0031687079846687933,-0.002468566986117273,-0.0037867721781411033,0.01039442499021185
1565,-0.08529354363820818,-0.01507090802286695,-0.007338234222292537,-0.024964161339205884,-0.0035499624256850977,0.0033716635621486805,-0.0008009776039337316,-0.010678036069546608,-0.012395229248107565,0.0074986154586337075,-0.01813616743811099,-0.0007015373459082462,0.001958475365762558,0.005495933517576901,-0.009401903754815902,-0.005519631459398613,-0.00212841394483236,-0.013078113791635402,0.024280945328084762,-0.001191524378659076,0.0012382261400495614
1573,0.0929005078570962,0.0008431185545522097,-0.03510874653551249,-0.0012802718653013617,0.0014919414080668753,-0.006119000419575522,-0.010148199338654134,-0.002247878170565641,0.028927356144082532,-0.008421397397330646,-0.004155334830080983,0.0020782995668931587,-0.008203444367771782,-0.01149433779491244,0.00625269841481657,-0.000987967687632885,0.008986653856983145,0.0034794910130808237,0.00897085834013821,-0.016587699308227576,-0.005088848109111664
1587,-0.0717276655965753,0.0059173182202221794,-0.008095146791410985,-0.008790546437241276,0.00046282886791115563,-0.003999788189082343,0.008396447806303399,-0.007483229523826676,-0.0058554714345761824,-0.002733749832232152,-0.0002230300174753107,0.0016201998344955713,-0.0008739087162567779,-0.0004801666747916468,-0.02792995783077793,-0.001659706638619197,-0.008127992786813617,0.0002088348923178244,-0.005497716491531666,-0.010546377826437508,-0.013830988893135256
1588,0.0625450753935853,0.01281958022004792,0.007164571455246594,-0.019740249515928822,0.0012576233385531252,-0.0022237452203145267,0.007835899910301503,0.0036844293470249313,0.006207934254890468,-0.004140618500819771,-0.0007431624367732509,0.0017468559274742518,0.00750807106395521,1.0498770015148277e-06,0.0026684827243046412,-0.0009653310012908102,-0.018991797654258225,0.0030155831383926763,-0.005918042541083698,0.006875450320667657,-0.011668134267776553
1593,-0.03174442495530918,0.014986001811618174,-0.006806554497269316,-0.02507351473865132,-0.0006421070079050918,-0.004390095546338881,0.000779936835991053,-0.003401103869928432,-0.0069161681771252315,-0.012227312397871368,-0.0037639212113798415,0.001219989683178809,0.001103686667913012,-0.00020563989120757145,0.0010014002671841337,-0.0012258068176617455,-0.0010955284708136417,-0.001146516963795695,-0.0029310229858957636,0.004246763690347654,-0.04071204435192576
1600,0.10583598708639794,-0.001549865241417458,0.02461156223603714,-0.025128141596732004,0.003244671455663563,-0.0011060771306408883,0.0010534458790540347,-0.003574603848793147,0.006947211770551885,-0.008845233976056405,0.0030829690875757753,-0.0008687694631981219,-0.01092650932076595,-0.006552432268359664,0.00010933452027924732,-0.003255164813402594,-0.00437836141539874,-0.004217388330306688,-0.00046841915500762916,-0.0033681440702941546,-0.006933061190805202
1610,-0.041513729960034836,-0.017175246251858137,0.002574564973822068,0.005292676631264331,-0.0007878084257199894,-0.0028431015630560014,0.0012144058820731745,-0.0005934723863646362,0.00707665243132122,-0.01362103135603274,-0.0027534172257322287,0.0013416098694452134,-0.0003611930652735623,-0.0001760592459840839,-0.003964957381965345,0.004467823076714282,-0.008082228627903445,-0.008229007636403758,0.005992573256677565,-0.022707735795525118,0.021243861863238643
1611,-0.11848929948946309,0.04150291922002723,-0.008053546920807312,0.021037018507188934,-0.0021234440746680104,0.003917747391515291,-0.010592142666736035,0.08989714043062365,0.004054097096915374,0.009574006443262596,-0.042952969899065455,-0.0009664701075866167,0.02076692115869191,0.005561751211297784,-0.011892309741747343,-0.0035284553737552444,-0.006653981068129462,-0.007653905996513719,0.06067583600115947,-0.0015220721618513402,0.002036751470083705
1618,0.16303537890170872,0.001499943806571789,-0.01166827618086051,0.02746315574702122,0.0011111844781827914,0.0019960665449156485,0.007864012159768974,-0.015708959998603732,0.0563435955076939,0.022077482376653367,0.0035875132351395472,-0.0001903586658936866,-0.008086338144371432,-0.004345322303916808,-0.00922882467554546,-0.006160680947860011,0.007291137166652218,0.044703588571421496,0.05390815961296504,-0.03141316655196896,-0.010717377589313197
1619,-0.09502445675539689,-0.0008519786438417589,-0.0037312096142684036,0.009256468155921743,0.000743282042143016,0.002538343220146287,-0.009612602680588955,0.0049548092476395566,-0.002594841383967259,0.018125181483801003,0.008179191427420253,0.0020509193843959435,0.011658194086714407,-0.0008380851217157613,-0.0029198503235238517,-0.0009149446212082023,-0.004498607668127812,0.0015804555497760297,-0.005475017621463628,0.007587434335468728,0.012380109733910268
1627,0.1565264772582012,0.0042082036270858,-0.012723019972352671,-0.02574924123665242,-0.0098162033987306,-0.005064476208970078,-0.013128959485347065,-0.0061989080224133086,0.007751265355578789,-0.011400576969492215,0.002976931907375681,0.0002974408727649031,-0.003175399713171039,-0.0149595609032582,0.0069090754406304425,0.006751402189391079,-0.00020170258053640503,-0.0025052035508206292,0.014685680300021866,-0.002605037248633694,-0.008135524125396063
1641,-0.03843917270949218,0.002455634236250574,-0.010105985034084424,-0.050082873343082215,-0.0015549561286579087,0.0007626090001093344,0.0017320063630663065,0.027634250443985316,-0.009977573235050007,0.008481762448564623,-0.04050575523920803,-0.00011718043402897206,0.01095190708196449,0.010341244475372564,-0.0009975535827693002,-0.0013099514600212407,-0.005090731972777545,-0.018483769683437394,0.03260642808815642,-0.00016202947971991942,0.0031783149759453968
1642,-0.08617786725963715,0.007645423862724131,-0.007772947875151474,-0.012561138058808301,0.0006446101274292692,-0.004582549075932273,0.008522655472644665,-0.004662790201306096,-0.0060241084659299286,-0.0031416459493268153,-0.0007590595672149684,0.0018381031136607826,0.002333565437873244,-0.0009410076621616897,-0.0231692537980975,-0.001716853663840592,-0.0061901777511291466,0.000667061059376781,-0.007328269218518817,-0.0074701296319327724,-0.010429136694692311
1644,0.10030274828414507,0.013855257358241889,-0.0032206083512487165,-0.021069245843187288,0.0003274180004110075,-0.00040986888038085825,-0.007336472354612306,-0.023351993410442754,-0.011953095673763396,-0.009877519013124437,0.0011685069690329506,0.0007257388274440498,-0.025498658106236825,0.0010351585845277253,-0.0018635196950279982,-0.001102174814220754,0.004232895248668544,-0.0042379633700601604,0.004247340466534471,-0.003918020870312805,-0.004748519270952415
1657,-0.0853438007336592,-0.016170438121268296,-0.005131375170685365,0.006991515629158204,5.471282645277579e-05,0.008773239666533842,0.006236669997684765,0.025316061457047526,0.0014782403802428715,0.01377553113750437,-0.018478717934435517,-0.0015769556036578868,-0.0027836228310487553,0.008292417307646299,-0.00771662957104341,-0.008768820012540032,-0.015938677612662443,0.004074598389938268,-0.019063983835983303,0.005142923416708673,0.0017427536310939845
1662,-0.07706264081598828,0.008390487003040091,-0.021906337991739914,-0.011243440474033497,-0.0001542389842697875,-0.0027169963648777497,0.002190291658320755,-0.0012806684676760164,-0.0012744795859444221,-0.011150966501287642,-0.0023108943544994792,0.0013573097637814258,0.0010721775239812858,-0.001254898527707478,-0.0013328062618574593,-0.0015101130329914897,-0.0040600576418630034,-0.00030153283894394364,-0.0038649737565242225,0.0008852866626666349,-0.018593988865054242
1667,0.14570537664019712,0.003801470549417335,0.01863553548872671,-0.06622002399990969,-0.010789580649905768,-0.00718834091519927,-0.014632286718767675,-0.019498615151546266,0.0007686500471342073,-0.009995509476588423,-0.0003495248107397287,0.000702499925649834,-0.0003336911678437135,-0.0031925560123973826,0.0058078136043896115,-0.0019173460825792216,0.006099071363053998,-0.0032243951368048644,0.00579591013095097,-0.05052002861931871,-0.004776547475712048
1676,-0.06278374159476746,-0.011314797124333247,-0.011688924321182544,0.01869242368605893,-0.0007359978501092733,0.00890461854673138,0.010153482099050738,0.016577725806500326,-0.006546771613893612,0.009369949422302652,-0.003769579607113803,-0.011681008662853133,0.008681523124885434,0.00257699617867909,-0.024958276808483112,-0.0009214808054145842,-0.0019786337007831815,-0.006701970421126718,-0.0022194786724686554,0.020340875352343968,-0.005459614818730197
1682,-0.04837650793445685,-0.0005309179732852243,-0.00025095253380126933,0.0021154029998233415,0.0002362501807686831,0.0007358965157511263,0.004977221453346823,9.661588061142254e-05,0.0006142355934987082,0.01076903821960247,0.0024195194921875413,0.0010418541397493634,0.002188339972765296,9.629391920542102e-05,0.0074144684517634205,-0.000596977154677201,0.0034269666443000847,-0.0046961715496706405,0.01366448747496645,0.011251357995690525,-3.554228374987024e-05
1691,-0.00982092583534176,0.005676870836922373,-0.026287462321888194,-0.034335034460667574,0.0014462734431088897,-0.002453081067067867,-0.006784594872786293,-0.01766542200820031,-0.010153570108036787,-0.013960818495208511,0.0030228528113326685,0.0008620223821053819,0.0043129286219650885,-0.0013030682685336594,-0.0023461813375281505,0.0005413874157997829,0.007246774776292864,0.0002619843325724567,-0.0025469042338367954,0.005911237456351293,-0.005915063652393185
1701,-0.05955272800626532,0.0012434555179673514,-0.0007733411751158171,0.011530456593773853,-0.0022907694545635307,-0.0016947397556934588,3.692378118595151e-05,-0.004462239613626836,-0.005506983698625135,-0.004666950977229286,0.008002370480566855,0.0015185609858314275,0.0022196642577688246,-0.000535598461514684,0.0016883626871041473,-0.0014839281498386302,0.0014110368684792333,0.001000791928482178,-0.004857357269623795,0.006274660697083871,-0.042131266306284915
1709,-0.09875653193251091,-0.00047843840360720465,-0.0034541160348396083,0.012086873453233947,-0.0013811474053395947,0.0007188236735571235,-0.009140199366022896,0.003915067201376011,-0.003547439442353484,0.01678865422444866,0.004639645754960187,0.001485878464761583,0.009157808528634176,-0.007487201175022683,-0.012313124060823515,-0.0015832720472157748,-0.004318174662139953,-0.00030397396497477877,-0.007081645368495656,0.005964119898295447,0.012897245277216864
1712,-0.08601618875005386,0.0054837213852199215,-0.005716960160395572,-0.042075796066355996,0.0010296378134619334,-0.00012564003449569877,0.0017895543152065302,-0.005336203429212277,-0.009919474064186506,-0.015446614333909339,-0.0010915280382222726,-0.0033698087221507157,0.0010693131649617052,-0.0007120630455272059,0.0034002012793728853,-0.0016082653763152953,-0.010692046339924061,-0.000485197682941433,-0.0007142435255389065,-0.005988182310288884,-0.008158325652999692
1715,-0.07720111481591804,0.006477412417452472,-0.003971476816453861,-0.02690910785925922,-0.00015623167452717386,-0.0034827313488263456,0.008204296223222593,0.008447035866113868,-0.0014146145557726642,0.012122807231321378,0.0007650809403916331,0.002155430883930258,-0.0011604102134163262,-0.00022282010014422604,-0.02564617214675851,-0.0012634224632348018,-0.0034227424864909685,-0.0011262981765600116,0.001569390478243208,0.0029491514946209142,-0.014138627724602329
1719,0.27585793351370946,5.562006476947219e-05,0.05437860570700935,0.07121575439819564,-0.0008466349047432083,-0.0018026544620019208,0.0016055919759090675,-0.020370895026150984,0.036161413420348947,-0.004344581240814387,0.0015075249866024348,0.000775106302114809,0.0017775266399839493,0.003050832455729255,0.03203096077857431,-0.0015414664732829912,0.013703371520053378,0.028675978838378326,0.011325206278602649,-0.015660083138937107,0.016970274920119422
1720,0.10600431387806082,0.009666981826683907,0.008571797483290176,-0.035663634997279293,-0.0007247610218900341,-0.005056406776590872,-0.008611239547973453,-0.004647617594187182,0.0037076134397245625,-0.018326194993395037,0.001047417691469281,-0.0004026156519310885,-0.01014378503202239,-0.0009922436342193698,-0.006161175516900494,-0.00575656530894542,0.0027897917116858494,-0.004095787402862839,0.010651416184374221,-0.028931364341339624,-0.005059061885438093
1723,0.11792491647387152,-0.019478498100526275,0.0014848445235091884,-0.056377798012720914,0.0006139747278745743,3.9313768151742045e-05,0.0054022430566171035,-0.006038238487519133,0.029201106044592598,-0.025070233775265422,0.0019401566694589893,-0.0022231589519311214,-0.010093925024742954,-0.01506445333184027,0.023104759184485516,-0.0036664444820760163,-0.014577888436811437,0.003232662184750696,-0.005317884704979534,-0.004908803168346111,0.001530535307997828
1733,0.03044010882521682,0.013629617041272381,-0.00017685674726629266,-0.018802032038606576,0.00048647549082797483,0.0005331153936743302,0.00438574592243306,0.00510950652350681,0.016165286514904842,-0.0077284261022553345,0.0024409803926379735,-0.003996769492411014,0.004065150124620585,0.0011495912118103095,-0.0026808804737425054,-0.0006401123620704402,0.005173747650477539,0.0017430497929559368,-0.013569466398889365,0.021592203200719428,0.002418508780887919
1736,-0.0278798299219466,-0.03799218192292904,0.006727877062803463,-0.020975276164669553,0.0001897974820899212,0.004472816679631463,0.0035772202477561705,0.012786688143830239,-0.008974198924901932,0.0055218754038154705,-0.003746444490735647,-0.0014478882561440934,0.006275325344644511,0.00010870682813477741,-0.0021313339144033083,-0.0007860127775486527,-0.00783395347402561,-0.00035582990099244276,0.0026266604901894835,0.009742165005198235,-0.0028302635948727374
1738,0.1910643703188485,0.01796723996400926,0.0204210118397295,0.09021549817471347,0.002163625358550845,-0.0031156714130270036,0.011136284956750717,-0.0031365423257334866,0.01196512182731756,-0.007969244630967983,-0.0021767000638988955,0.0008919013643869542,-0.0030273929194893946,-0.009904070319499135,0.00876140478251211,0.009509279056161304,0.0004865976737653581,-0.008032166761361792,0.012722484636169868,-0.010343090341361903,0.01915260164696529
1743,-0.07716803149710039,0.009126850333335445,-0.005660979740816791,-0.011944157935614827,-0.002691381675298403,0.0016124336274814792,0.00700192873236705,-0.002718184564104949,-0.00714421165525248,0.013721902413305289,0.007153464489004919,0.0014371282077077587,-0.001682132181230259,0.002741473910979746,0.00035868899997251036,-0.003143861433477591,-0.002346294185777857,-0.024382324009309987,-0.01916583132494048,0.006423737921951011,-0.003746464818521882
1747,0.15073053266171274,0.014604529626480782,0.02028023274342885,0.00034837151548924633,0.0010635613724391208,-0.0003352307461826195,-0.012769710594370215,-0.0056625094112630996,0.01195582662127207,-0.021157029896498324,-0.0018678411501260488,-0.0017855382022049493,-0.010062991917187514,0.00666369706856948,0.0322969213172875,-0.0017439809189464502,0.010755424650529725,0.005917917243385727,-1.430632380563181e-05,0.007242034901331088,-0.00473746561853217
1757,0.25810775703237404,-0.0050710163316336244,0.030097017915911947,0.0387897363906702,0.0002900899262032277,-0.002999151432841558,-0.0010467887088084064,-0.023998650051460492,0.007171796212692448,-0.013024127831256262,-0.00034879334675255947,0.0008443737555186012,-0.006133351423430904,0.014679925067435897,0.01830404129857173,-0.002165732591205462,0.015981508693897205,0.00028675154395610744,0.016418159478920957,-0.007560425009739442,0.017849796982678193
1758,-0.08491261491899098,0.03868586899848808,-0.008068763775492944,0.029736536316979992,-0.002107687456900191,-0.0012610407032427862,-0.013321371450991715,0.0748723353392469,0.011880052055973261,0.009895127111045917,-0.04620961412501412,-0.0011435849020787895,-0.0009843277783341375,-0.008732420283452178,-0.01632660742946573,-0.0035544922480107723,0.0028396280364995858,-0.008418828891379557,0.06034782716476543,-0.0010960862972372698,0.001965132443490991
1759,0.2821659410751789,-0.00010523023789632831,0.06936356118598636,0.08033533079442981,-0.0016431074645629701,-0.002331561973030606,-0.00623732665205847,-0.003848393602356662,0.04209813435956683,-0.0035677554232281584,0.0010335010948944784,0.0006344862236481298,0.0002159697570595553,-0.01294321774818751,0.014685072699279052,-0.00130410880932126,-0.002651147657010787,0.02772664449096553,0.012157815054651893,-0.015844750488968086,0.016339134797026467
1777,0.03586816769380397,-0.008902981034925546,0.019133849065264524,-0.042581738468436214,0.002093478127233228,-0.002229010630359454,-0.0004972485136548374,0.0013434205260436632,-0.0043534046792169465,-0.007608651644465297,0.0002040498777329285,0.0007208807456320146,-0.011181365040340976,-0.0011207232629778165,-0.0003004461042487263,-0.001763089659381558,-0.0029935623823928548,-0.001897339801250575,-0.007530456369258521,0.0006084316583244942,-0.0075034001830337526
1780,-0.03201955201760617,0.0028448095336616715,-0.00016032378920405834,-0.04265197093119608,0.0003531953194175597,-0.001714351721024879,0.005076526093087649,0.00462166753771244,-0.009628611143815928,-0.0017811609823920895,0.0022150358543908642,0.00208237520801198,0.000604625564951223,-0.0023084433816311723,0.004998894577619846,-0.003986803246757676,-0.01377430927958483,0.0009594050424172582,-0.005054398749025243,-0.019807346667950462,-0.004590801896964085
