test_index,Model_A,Model_B,Local_Spearman_rho,Local_Spearman_p_value,Local_Cosine_similarity
23,RF,XGB,0.6636363636363637,0.0010381964669403767,0.8384540805401097
23,RF,LGBM,0.6311688311688312,0.0021529486113597883,0.6535881777071314
23,RF,MLP,0.2,0.38472423043145215,0.3873358026873103
23,XGB,LGBM,0.6103896103896104,0.0032965720706862613,0.6138726466256015
23,XGB,MLP,0.24935064935064938,0.27569907970760515,0.46416893112549606
23,LGBM,MLP,0.20129870129870128,0.3815806896030638,0.7349761574825247
29,RF,XGB,0.8636363636363636,4.589679209160128e-07,0.7716331147092009
29,RF,LGBM,0.23376623376623373,0.3077875466640504,0.6452705444921811
29,RF,MLP,0.35584415584415585,0.11338490933316327,0.5904464513557296
29,XGB,LGBM,0.36883116883116884,0.09990670544494931,0.5493188336326325
29,XGB,MLP,0.2922077922077922,0.19867271696574043,0.5471592117717794
29,LGBM,MLP,0.10909090909090909,0.637844297226886,0.7089435202956702
30,RF,XGB,0.32987012987012987,0.14419837372344504,-0.14507596730969954
30,RF,LGBM,0.36233766233766235,0.10649069901450199,0.3662090563502357
30,RF,MLP,-0.14545454545454545,0.5292829389801046,0.19826369196262722
30,XGB,LGBM,0.2701298701298701,0.2363077950605595,0.45841616174392896
30,XGB,MLP,0.32597402597402597,0.14928317187962065,0.4270060083598469
30,LGBM,MLP,0.2038961038961039,0.37533722290245836,0.6397961354993124
32,RF,XGB,0.5987012987012986,0.004137339094531022,0.7578208858759808
32,RF,LGBM,0.044155844155844164,0.8492705803407119,0.319767426008733
32,RF,MLP,0.2038961038961039,0.37533722290245836,0.08642910952599021
32,XGB,LGBM,0.2025974025974026,0.37845167579960404,0.737979005559771
32,XGB,MLP,0.0974025974025974,0.6744677255097002,0.386457122249247
32,LGBM,MLP,-0.32857142857142857,0.14587956444987268,0.28052429255928346
44,RF,XGB,0.5987012987012986,0.004137339094531022,0.324682322718812
44,RF,LGBM,0.5597402597402598,0.008325815617061407,0.7538254638848471
44,RF,MLP,0.2558441558441559,0.262972942241723,0.028814265691301397
44,XGB,LGBM,0.4116883116883117,0.06369892951455675,0.3379691278706555
44,XGB,MLP,-0.00909090909090909,0.9688031519255759,0.00960436770524583
44,LGBM,MLP,-0.22077922077922077,0.3361880870952679,-0.2552492315695443
49,RF,XGB,0.6935064935064935,0.0004898974010404606,0.691780480572415
49,RF,LGBM,0.7116883116883117,0.0002967657030413711,0.8585277345620208
49,RF,MLP,0.24025974025974026,0.29415239923972397,0.4674238362609272
49,XGB,LGBM,0.5831168831168831,0.005529078966453104,0.8280617756535551
49,XGB,MLP,-0.014285714285714285,0.9509932422972027,0.6576774154013053
49,LGBM,MLP,-0.06753246753246753,0.7711624988673798,0.4929578424486499
51,RF,XGB,0.42337662337662335,0.05582289840720049,0.8032927812749242
51,RF,LGBM,0.3948051948051948,0.07652675452161194,0.8237560297458432
51,RF,MLP,0.07272727272727272,0.7540636728389067,0.23258695085862868
51,XGB,LGBM,0.2636363636363636,0.24820156437430954,0.9079818013181942
51,XGB,MLP,-0.06623376623376624,0.7754535475659063,0.23742834271373867
51,LGBM,MLP,0.14935064935064934,0.5181875885017935,0.3540574855684514
59,RF,XGB,0.39090909090909093,0.07974355165372467,0.6106524169820957
59,RF,LGBM,0.5155844155844156,0.016746441238866275,0.4408186295329087
59,RF,MLP,0.05324675324675325,0.8186916800528405,-0.015767397965572708
59,XGB,LGBM,0.3987012987012987,0.07340807742224027,0.644630552457502
59,XGB,MLP,-0.11428571428571428,0.6218181517971056,-0.24722604454782604
59,LGBM,MLP,-0.2155844155844156,0.3479675136622996,-0.3994360041167292
65,RF,XGB,0.7116883116883117,0.0002967657030413711,0.8667671271168496
65,RF,LGBM,0.5584415584415584,0.008510101872800206,0.5367530572354045
65,RF,MLP,0.251948051948052,0.27056314022623557,0.5109221175451433
65,XGB,LGBM,0.4090909090909091,0.06555816920931516,0.37445826277098765
65,XGB,MLP,0.2597402597402597,0.2555191301623943,0.5114818029609327
65,LGBM,MLP,0.00909090909090909,0.9688031519255759,0.74241229872749
67,RF,XGB,0.6597402597402597,0.0011382402645393446,0.8015356377392298
67,RF,LGBM,0.6142857142857143,0.0030502365456209725,0.8676394139736393
67,RF,MLP,0.30129870129870134,0.18441900148730597,0.5973714513895123
67,XGB,LGBM,0.5,0.02099150467016482,0.9772489786172706
67,XGB,MLP,0.4831168831168831,0.026518455375827792,0.7958012162427143
67,LGBM,MLP,0.6831168831168831,0.0006422902406314428,0.7860777264610974
69,RF,XGB,0.37142857142857144,0.09735837325949603,0.08103084045279195
69,RF,LGBM,0.34935064935064936,0.12059625789406855,0.30665475674380527
69,RF,MLP,0.29740259740259745,0.19043999754486568,0.42821941975793154
69,XGB,LGBM,0.5974025974025974,0.004240874117222793,0.7126038249409385
69,XGB,MLP,0.33766233766233766,0.1343969724884117,0.34716442087575006
69,LGBM,MLP,0.062337662337662345,0.788364072800584,0.4121537699419324
70,RF,XGB,0.748051948051948,9.650639036965712e-05,0.7369608648407014
70,RF,LGBM,0.4701298701298702,0.03150796285030202,0.676100274228418
70,RF,MLP,0.4311688311688312,0.05100136282401154,0.4574685929493054
70,XGB,LGBM,0.348051948051948,0.12207717550592732,0.7063021595446475
70,XGB,MLP,0.45454545454545453,0.03843942504383775,0.34724391925358516
70,LGBM,MLP,0.30129870129870134,0.18441900148730597,0.6029231782557537
71,RF,XGB,0.7805194805194805,2.9886010509309136e-05,0.6684165600768334
71,RF,LGBM,0.8116883116883117,7.95095668354559e-06,0.921253131412101
71,RF,MLP,0.3025974025974026,0.1824410913813027,0.5513407959200474
71,XGB,LGBM,0.5311688311688313,0.013221701602104063,0.7224663228369304
71,XGB,MLP,0.312987012987013,0.16713674816730895,0.4252050104290928
71,LGBM,MLP,0.3363636363636363,0.135996753010022,0.5283274673803903
73,RF,XGB,0.36233766233766235,0.10649069901450199,0.2668301877485699
73,RF,LGBM,0.5506493506493506,0.009687372375827964,0.47357956927371014
73,RF,MLP,0.0012987012987012987,0.9955422850919049,0.0003365039106577143
73,XGB,LGBM,0.4688311688311688,0.032044958116342656,0.7150277341330938
73,XGB,MLP,-0.007792207792207793,0.9732581834484768,-0.1541480427125975
73,LGBM,MLP,-0.12987012987012986,0.5747411951907224,-0.2024284483282939
76,RF,XGB,0.22207792207792207,0.3332805195945379,-0.3926908694884716
76,RF,LGBM,0.24285714285714283,0.28880425437585355,0.4221577876827961
76,RF,MLP,0.5272727272727272,0.014040563252064467,0.21259222158845562
76,XGB,LGBM,-0.04675324675324675,0.8405105142403159,-0.25575555757230634
76,XGB,MLP,0.1064935064935065,0.6459166351388025,-0.1600503600448575
76,LGBM,MLP,0.21688311688311687,0.3450003269824448,0.5609029018295572
78,RF,XGB,0.487012987012987,0.02515075825591802,0.8877816523168905
78,RF,LGBM,0.6454545454545455,0.0015778975857754145,0.5964141135937755
78,RF,MLP,0.20909090909090908,0.36302566515631635,0.31518863912428696
78,XGB,LGBM,0.6103896103896104,0.0032965720706862613,0.6766524870591103
78,XGB,MLP,0.40389610389610386,0.06939949544788349,0.488535968016928
78,LGBM,MLP,0.2662337662337662,0.2433987795806379,0.702604729945209
99,RF,XGB,0.3363636363636363,0.135996753010022,-0.2969462018912905
99,RF,LGBM,0.03636363636363636,0.8756496301383223,-0.05259583007280007
99,RF,MLP,-0.18051948051948052,0.433594674982858,0.06120586954124805
99,XGB,LGBM,0.5285714285714286,0.013763170931280443,0.7748744145422338
99,XGB,MLP,-0.44935064935064933,0.04099667350688651,-0.381269563483982
99,LGBM,MLP,-0.2675324675324675,0.24102003675627295,-0.42968711067434806
109,RF,XGB,0.4896103896103896,0.024270522021007424,0.2539743208324966
109,RF,LGBM,0.35194805194805195,0.11767322930096195,0.4733476383988411
109,RF,MLP,-0.08831168831168833,0.7034559950013928,0.056978632001263047
109,XGB,LGBM,0.015584415584415586,0.9465439560865643,-0.12300072004554852
109,XGB,MLP,-0.2961038961038961,0.19247618519439216,-0.4090083676488488
109,LGBM,MLP,-0.3246753246753247,0.15100567594389833,-0.0528406865576549
111,RF,XGB,0.464935064935065,0.033699231028965625,0.29570184224310603
111,RF,LGBM,0.32727272727272727,0.14757448251475364,0.6450417943911709
111,RF,MLP,0.24415584415584415,0.286152904374841,0.1880019128982456
111,XGB,LGBM,0.42207792207792205,0.056659249673108106,0.7504802120283466
111,XGB,MLP,0.13116883116883118,0.5708891960684089,0.02101974485532354
111,LGBM,MLP,0.44415584415584414,0.04368428298320847,0.22697944163031855
115,RF,XGB,0.6727272727272726,0.0008333435326227536,0.889692342387116
115,RF,LGBM,0.6038961038961038,0.0037439776277835356,0.5130409305469834
115,RF,MLP,0.08571428571428572,0.7118136961291482,0.1708870014335242
115,XGB,LGBM,0.6363636363636362,0.0019262960071318917,0.5819485496069848
115,XGB,MLP,0.3818181818181818,0.08764053578453823,0.49299152164689014
115,LGBM,MLP,0.13896103896103898,0.5480180624883647,0.6180623551980663
123,RF,XGB,0.5662337662337662,0.007452803836674509,0.9290211030175046
123,RF,LGBM,0.7467532467532467,0.0001007733771013491,0.7286986871833412
123,RF,MLP,-0.12987012987012986,0.5747411951907224,0.2898671914144829
123,XGB,LGBM,0.7727272727272727,4.027735878701309e-05,0.8211772838471467
123,XGB,MLP,0.24545454545454545,0.28351670883126684,0.5381457768552765
123,LGBM,MLP,0.11428571428571428,0.6218181517971056,0.7702022655685401
124,RF,XGB,0.8220779220779221,4.842313369757495e-06,0.71915752437032
124,RF,LGBM,0.838961038961039,2.0139708710192916e-06,0.8156242503886689
124,RF,MLP,0.15844155844155844,0.49273603731315235,0.5412320591080916
124,XGB,LGBM,0.7857142857142857,2.433195084542448e-05,0.9731672989241102
124,XGB,MLP,0.15324675324675324,0.5072039302125892,0.8689392163175118
124,LGBM,MLP,0.22207792207792207,0.3332805195945379,0.8211421278172231
135,RF,XGB,0.4948051948051948,0.022583594997581564,0.7244824202753148
135,RF,LGBM,0.48441558441558447,0.026056161788623734,0.5484474763024134
135,RF,MLP,0.18441558441558442,0.42356621430502056,0.3912388759822798
135,XGB,LGBM,0.13896103896103898,0.5480180624883647,0.46301389737826787
135,XGB,MLP,0.4324675324675325,0.05022991747689417,0.358007231508862
135,LGBM,MLP,0.11038961038961038,0.6338228017857539,0.5707535549043524
162,RF,XGB,0.751948051948052,8.462836509502957e-05,0.7039088873032904
162,RF,LGBM,0.8064935064935065,1.0075535527922034e-05,0.7736748186900859
162,RF,MLP,0.12467532467532469,0.590260853646067,0.1265697555616072
162,XGB,LGBM,0.8220779220779221,4.842313369757495e-06,0.8979851898791958
162,XGB,MLP,0.37922077922077924,0.08999962703369178,0.21861178865543043
162,LGBM,MLP,0.24155844155844156,0.291470754429199,0.3069864758170745
168,RF,XGB,0.46753246753246747,0.0325891251017163,0.25389625626037804
168,RF,LGBM,0.6324675324675325,0.002094285916756489,0.5716373967873409
168,RF,MLP,-0.05584415584415584,0.8099992137199937,0.2124746709900282
168,XGB,LGBM,0.3311688311688311,0.14253086581850202,0.05623171159842456
168,XGB,MLP,0.125974025974026,0.5863643592427876,0.2379310246753501
168,LGBM,MLP,-0.2038961038961039,0.37533722290245836,0.16482986029498853
173,RF,XGB,0.4194805194805195,0.05836062913446332,0.46660900296330793
173,RF,LGBM,0.2909090909090909,0.2007676414411941,0.6303038949286767
173,RF,MLP,0.025974025974025972,0.9110154373730976,0.5867464524849237
173,XGB,LGBM,0.40649350649350646,0.06745818431180065,0.45440776069141603
173,XGB,MLP,0.2935064935064935,0.19659251726168667,0.6439055210657771
173,LGBM,MLP,-0.07532467532467534,0.7455550758529895,0.6920746114538391
185,RF,XGB,0.6051948051948052,0.003650666447832699,0.9187801184857312
185,RF,LGBM,0.7376623376623377,0.00013547414981215296,0.8728815845041975
185,RF,MLP,-0.13636363636363635,0.5555953559520419,0.010870992891743153
185,XGB,LGBM,0.6519480519480519,0.0013629842048795116,0.8905301764340545
185,XGB,MLP,-0.20909090909090908,0.36302566515631635,-0.1684209953118106
185,LGBM,MLP,-0.28051948051948056,0.21806007395025545,-0.28091215656944774
188,RF,XGB,0.5454545454545454,0.010543755916837693,0.7172941954131197
188,RF,LGBM,0.4402597402597402,0.0457880777293722,0.8407971640024948
188,RF,MLP,0.06363636363636363,0.7840544504932396,0.6470606149163297
188,XGB,LGBM,0.4116883116883117,0.06369892951455675,0.7709407053330765
188,XGB,MLP,0.24025974025974026,0.29415239923972397,0.6355798631568292
188,LGBM,MLP,-0.11948051948051949,0.6059550557298753,0.8205203986973131
196,RF,XGB,0.487012987012987,0.02515075825591802,0.8732289242402469
196,RF,LGBM,0.587012987012987,0.005149313814572183,0.5958471478166673
196,RF,MLP,0.04025974025974026,0.8624424916554133,0.29986155036645207
196,XGB,LGBM,0.512987012987013,0.017401319733001772,0.6913570113265437
196,XGB,MLP,0.06493506493506493,0.7797509033508971,0.4854858567941431
196,LGBM,MLP,0.07402597402597402,0.7498058787122429,0.6900690274583914
203,RF,XGB,0.18051948051948052,0.433594674982858,-0.4145487813612921
203,RF,LGBM,0.3675324675324675,0.10119902708769574,0.14013964178468355
203,RF,MLP,0.08961038961038961,0.6992893846688304,0.0984078114450097
203,XGB,LGBM,0.6727272727272726,0.0008333435326227536,0.5883993246492553
203,XGB,MLP,-0.10909090909090909,0.637844297226886,-0.3563669606149158
203,LGBM,MLP,-0.13376623376623376,0.5632192812726847,-0.30322607423040543
210,RF,XGB,0.8545454545454545,8.164386807008872e-07,0.7545265094604766
210,RF,LGBM,0.8285714285714286,3.494265356687368e-06,0.8220923489425388
210,RF,MLP,0.34935064935064936,0.12059625789406855,0.6336153583456916
210,XGB,LGBM,0.8168831168831169,6.228850108065046e-06,0.9840224719244639
210,XGB,MLP,0.38831168831168833,0.08194343705246764,0.7245632088979961
210,LGBM,MLP,0.5285714285714286,0.013763170931280443,0.7813031706488603
212,RF,XGB,0.5142857142857142,0.017071353141816504,0.6515774022200973
212,RF,LGBM,0.6324675324675325,0.002094285916756489,0.8187527855659961
212,RF,MLP,0.3038961038961039,0.18047767364208767,0.707893613742169
212,XGB,LGBM,0.5311688311688313,0.013221701602104063,0.6189576161377282
212,XGB,MLP,0.4051948051948052,0.0684236454174195,0.6951414837629551
212,LGBM,MLP,0.1883116883116883,0.4136637589062404,0.8608557890998346
220,RF,XGB,0.4831168831168831,0.026518455375827792,0.6322145036723966
220,RF,LGBM,0.43376623376623374,0.049467479381547524,0.7970636138579158
220,RF,MLP,0.287012987012987,0.20714101817766592,0.6400870272605373
220,XGB,LGBM,0.3194805194805195,0.15803468713885824,0.6894919463524951
220,XGB,MLP,0.47792207792207797,0.028433024289660953,0.6478609612152353
220,LGBM,MLP,0.00909090909090909,0.9688031519255759,0.801431814507689
233,RF,XGB,0.5662337662337662,0.007452803836674509,0.5434553107830439
233,RF,LGBM,0.28181818181818186,0.2158464834864693,0.5806706608750873
233,RF,MLP,0.3844155844155844,0.08532754860745444,0.3635066429934169
233,XGB,LGBM,0.12857142857142856,0.5786044448638965,0.18555678494058
233,XGB,MLP,0.3844155844155844,0.08532754860745444,0.20034980758696394
233,LGBM,MLP,0.14155844155844155,0.5404880300232261,0.5376837245873534
237,RF,XGB,0.8051948051948051,1.0678393833166898e-05,0.761599599913881
237,RF,LGBM,0.8233766233766234,4.541183409442103e-06,0.8774367548336405
237,RF,MLP,0.21818181818181817,0.342048012047813,0.5625863885972322
237,XGB,LGBM,0.7610389610389611,6.17101871334167e-05,0.9474048094049361
237,XGB,MLP,0.059740259740259746,0.7970010758753313,0.7534388971943108
237,LGBM,MLP,0.15324675324675324,0.5072039302125892,0.7148914604050525
239,RF,XGB,0.3844155844155844,0.08532754860745444,0.8106855152134904
239,RF,LGBM,0.11428571428571428,0.6218181517971056,0.6599662255951843
239,RF,MLP,0.30129870129870134,0.18441900148730597,0.42282133338904476
239,XGB,LGBM,-0.01818181818181818,0.9376501036584043,0.41216336545630566
239,XGB,MLP,0.0935064935064935,0.6868397848627376,0.22977810191893241
239,LGBM,MLP,0.02077922077922078,0.9287633909628463,0.536691447138286
240,RF,XGB,0.4701298701298702,0.03150796285030202,0.8659017945104884
240,RF,LGBM,0.36363636363636365,0.10514930870551215,0.47454445348529495
240,RF,MLP,-0.13636363636363635,0.5555953559520419,0.0990884325124923
240,XGB,LGBM,0.6272727272727273,0.002337286312784887,0.44786014690137016
240,XGB,MLP,0.15974025974025974,0.4891511154734236,0.4121350021818352
240,LGBM,MLP,-0.08961038961038961,0.6992893846688304,0.45947064840571505
247,RF,XGB,0.2662337662337662,0.2433987795806379,0.319792775668085
247,RF,LGBM,0.2324675324675325,0.31055989862791317,0.7389666366902455
247,RF,MLP,0.5909090909090908,0.0047914206153202195,0.26068324740184423
247,XGB,LGBM,-0.04025974025974026,0.8624424916554133,0.307546672850889
247,XGB,MLP,0.1948051948051948,0.3974429535072252,0.03975039116199486
247,LGBM,MLP,-0.05844155844155843,0.8013282220179796,0.06372268763623014
251,RF,XGB,0.5857142857142857,0.005273422501026666,0.8734323798325526
251,RF,LGBM,0.6337662337662338,0.002036972717580764,0.807709474973626
251,RF,MLP,0.3077922077922078,0.17467404944767495,0.31166195780310396
251,XGB,LGBM,0.6597402597402597,0.0011382402645393446,0.7479302757677835
251,XGB,MLP,0.26883116883116887,0.23865637920307153,0.25480020364417666
251,LGBM,MLP,0.36103896103896105,0.10784449874176319,0.6882338539353319
254,RF,XGB,0.24285714285714283,0.28880425437585355,-0.42096314553314457
254,RF,LGBM,0.212987012987013,0.35394640699014296,0.37187552258464
254,RF,MLP,0.24155844155844156,0.291470754429199,0.1954060809466065
254,XGB,LGBM,0.1077922077922078,0.6418756070398507,0.07745663471936957
254,XGB,MLP,-0.15974025974025974,0.4891511154734236,-0.5253875555183565
254,LGBM,MLP,0.08311688311688312,0.7202033241160488,0.07150336870721698
259,RF,XGB,0.8272727272727272,3.733856467014014e-06,0.8103090267317998
259,RF,LGBM,0.7662337662337663,5.1203042985103755e-05,0.8023061945900787
259,RF,MLP,0.348051948051948,0.12207717550592732,0.42153238272724225
259,XGB,LGBM,0.6363636363636362,0.0019262960071318917,0.49222209175184195
259,XGB,MLP,0.425974025974026,0.05417854233992367,0.30467875004687334
259,LGBM,MLP,0.41558441558441556,0.06098538032444867,0.5654946698661641
261,RF,XGB,0.6454545454545455,0.0015778975857754145,0.5318872003752438
261,RF,LGBM,0.5701298701298702,0.00696616651488971,0.5244820121915093
261,RF,MLP,0.3194805194805195,0.15803468713885824,0.48440834382888737
261,XGB,LGBM,0.26103896103896107,0.25306481196664155,0.23150909058167513
261,XGB,MLP,0.312987012987013,0.16713674816730895,0.37586310027200387
261,LGBM,MLP,0.16103896103896104,0.4855791442852288,0.2662477269195582
270,RF,XGB,0.6740259740259741,0.0008070969113009038,0.8999679853866157
270,RF,LGBM,0.7012987012987012,0.00039694276326804936,0.6475459159880997
270,RF,MLP,0.2350649350649351,0.3050302888415488,0.29134333093144216
270,XGB,LGBM,0.5441558441558442,0.010767227319457274,0.7499872150997773
270,XGB,MLP,0.24545454545454545,0.28351670883126684,0.5325621062512242
270,LGBM,MLP,0.1077922077922078,0.6418756070398507,0.7196442412981381
275,RF,XGB,0.36233766233766235,0.10649069901450199,0.41516535750416805
275,RF,LGBM,0.07922077922077922,0.7328457347746481,0.30778048629684535
275,RF,MLP,0.5272727272727272,0.014040563252064467,0.26747490244381505
275,XGB,LGBM,0.02727272727272727,0.9065844922540648,0.12361710740209322
275,XGB,MLP,0.12207792207792208,0.5980864852006569,0.11618250000996168
275,LGBM,MLP,-0.09220779220779221,0.6909811745118993,0.02621470696986035
289,RF,XGB,0.8480519480519481,1.203804085854572e-06,0.7650287575253709
289,RF,LGBM,0.8558441558441559,7.537531330491903e-07,0.8345600654439626
289,RF,MLP,0.01818181818181818,0.9376501036584043,0.49932832412125
289,XGB,LGBM,0.8714285714285716,2.7089078155074467e-07,0.9778265150391752
289,XGB,MLP,0.07922077922077922,0.7328457347746481,0.7548207184939901
289,LGBM,MLP,0.12987012987012986,0.5747411951907224,0.7272167743457693
297,RF,XGB,0.7766233766233767,3.474548938772688e-05,0.5503087994168878
297,RF,LGBM,0.7129870129870131,0.00028592281159081395,0.562259255700576
297,RF,MLP,0.2701298701298701,0.2363077950605595,0.22188285970553728
297,XGB,LGBM,0.8272727272727272,3.733856467014014e-06,0.7165207214808432
297,XGB,MLP,0.15974025974025974,0.4891511154734236,-0.22016555105348407
297,LGBM,MLP,0.15974025974025974,0.4891511154734236,0.019295185392519565
298,RF,XGB,0.5415584415584416,0.011225759601972744,0.8013883770164865
298,RF,LGBM,0.5103896103896104,0.018076642193560668,0.8697696545459348
298,RF,MLP,0.3311688311688311,0.14253086581850202,0.636505958466826
298,XGB,LGBM,0.6935064935064935,0.0004898974010404606,0.8730023229441523
298,XGB,MLP,0.4883116883116883,0.02470752493518718,0.6144162308442952
298,LGBM,MLP,0.24545454545454545,0.28351670883126684,0.7604700094347191
303,RF,XGB,0.5883116883116883,0.005027635105295531,0.712139894134137
303,RF,LGBM,0.2038961038961039,0.37533722290245836,0.7982341116818497
303,RF,MLP,0.7142857142857142,0.00027542157748998224,0.7579923552643065
303,XGB,LGBM,0.3571428571428571,0.11198091415054648,0.7617165962731351
303,XGB,MLP,0.4883116883116883,0.02470752493518718,0.629620819470469
303,LGBM,MLP,0.11948051948051949,0.6059550557298753,0.7792751628786985
305,RF,XGB,0.587012987012987,0.005149313814572183,0.8947653486334644
305,RF,LGBM,0.5311688311688313,0.013221701602104063,0.7181943341757323
305,RF,MLP,0.42987012987012985,0.05178188171189559,0.5584591621798971
305,XGB,LGBM,0.47792207792207797,0.028433024289660953,0.7585664428865598
305,XGB,MLP,0.07532467532467534,0.7455550758529895,0.6505125076609702
305,LGBM,MLP,0.08311688311688312,0.7202033241160488,0.7489413534240147
316,RF,XGB,0.36233766233766235,0.10649069901450199,0.7649395217119312
316,RF,LGBM,0.44935064935064933,0.04099667350688651,0.6851332917156268
316,RF,MLP,0.20909090909090908,0.36302566515631635,0.07488829753117425
316,XGB,LGBM,0.7818181818181819,2.840326860518539e-05,0.8951679139150507
316,XGB,MLP,-0.1922077922077922,0.4038885272768977,-0.17128801318477468
316,LGBM,MLP,-0.05714285714285714,0.8056609740932286,-0.2668557273017432
322,RF,XGB,0.9025974025974025,2.1977492069540088e-08,0.7929668007930969
322,RF,LGBM,0.851948051948052,9.55713074466901e-07,0.783348590146429
322,RF,MLP,0.41298701298701296,0.0627844372189399,0.3123645325646988
322,XGB,LGBM,0.725974025974026,0.00019486894429420653,0.5457889653142579
322,XGB,MLP,0.45974025974025967,0.036008336368182216,0.16251370923288264
322,LGBM,MLP,0.4896103896103896,0.024270522021007424,0.3504105679204367
324,RF,XGB,0.774025974025974,3.835408895133142e-05,0.9189753047197265
324,RF,LGBM,0.8,1.3416326957422069e-05,0.8294047576600927
324,RF,MLP,0.04675324675324675,0.8405105142403159,-0.03352511284522707
324,XGB,LGBM,0.7233766233766233,0.00021075106965465283,0.8669275957493715
324,XGB,MLP,0.012987012987012986,0.9554439323134464,-0.18848655648114696
324,LGBM,MLP,-0.08831168831168833,0.7034559950013928,-0.3124029617440856
331,RF,XGB,0.8935064935064935,4.9461674793322137e-08,0.822627007711334
331,RF,LGBM,0.6623376623376622,0.0010706809556016226,0.7401213071342876
331,RF,MLP,0.3,0.18641143545847969,0.2732487979052288
331,XGB,LGBM,0.6428571428571428,0.0016715248867048204,0.7176190927535385
331,XGB,MLP,0.3675324675324675,0.10119902708769574,0.14808179702068008
331,LGBM,MLP,0.4207792207792207,0.05750513790191279,0.2743543787096833
332,RF,XGB,0.5766233766233767,0.006213392871018538,0.5446087596220638
332,RF,LGBM,0.42207792207792205,0.056659249673108106,0.6283856562904189
332,RF,MLP,0.212987012987013,0.35394640699014296,0.3444777510278107
332,XGB,LGBM,0.22857142857142856,0.31896739880565783,0.4796462550951407
332,XGB,MLP,0.2571428571428571,0.2604731897004084,0.4466089947225848
332,LGBM,MLP,0.12727272727272726,0.5824788611326692,0.5344696676276213
339,RF,XGB,0.9207792207792208,3.319405263338615e-09,0.8074404175611314
339,RF,LGBM,-0.059740259740259746,0.7970010758753313,0.289802730026651
339,RF,MLP,-0.1012987012987013,0.6621759840226068,0.12050471152764455
339,XGB,LGBM,-0.14025974025974028,0.5442470998307317,0.662089451870002
339,XGB,MLP,0.02727272727272727,0.9065844922540648,0.38340755491329076
339,LGBM,MLP,0.15584415584415584,0.49994447453114993,0.3103079849244993
342,RF,XGB,0.37142857142857144,0.09735837325949603,0.8187858810102985
342,RF,LGBM,0.2922077922077922,0.19867271696574043,0.6816732187742975
342,RF,MLP,0.34415584415584416,0.12659816458138168,0.4939104723733351
342,XGB,LGBM,0.5532467532467533,0.009281014982756764,0.4859946206178321
342,XGB,MLP,-0.016883116883116882,0.9420962008546323,0.3812118924224519
342,LGBM,MLP,-0.18571428571428572,0.4202513335237499,0.672105185226086
344,RF,XGB,0.5493506493506494,0.009895938735993823,0.6134104858079206
344,RF,LGBM,0.574025974025974,0.006506006572823369,0.7937965184538386
344,RF,MLP,0.29740259740259745,0.19043999754486568,0.6547662764448178
344,XGB,LGBM,0.41298701298701296,0.0627844372189399,0.6696132790093712
344,XGB,MLP,0.39090909090909093,0.07974355165372467,0.6805186689298897
344,LGBM,MLP,0.044155844155844164,0.8492705803407119,0.8302681733562902
350,RF,XGB,0.5220779220779221,0.015195754492505785,0.8773752613053014
350,RF,LGBM,0.3233766233766234,0.1527420375382629,0.2745923750268636
350,RF,MLP,0.36233766233766235,0.10649069901450199,0.6035004696728381
350,XGB,LGBM,0.2792207792207792,0.22028859486514027,0.41103871017093024
350,XGB,MLP,0.251948051948052,0.27056314022623557,0.6852425495627654
350,LGBM,MLP,0.39350649350649347,0.07758803344921028,0.6371761329350449
351,RF,XGB,0.27662337662337666,0.22479050345941629,0.4806957639906047
351,RF,LGBM,0.37142857142857144,0.09735837325949603,0.32546926409315774
351,RF,MLP,0.2987012987012987,0.18841842410537243,0.37533621856836846
351,XGB,LGBM,0.46623376623376617,0.03314052796877139,0.580875937054821
351,XGB,MLP,0.033766233766233764,0.8844723124673912,0.21911352475649246
351,LGBM,MLP,0.10519480519480517,0.6499672847296488,0.649327758598655
352,RF,XGB,0.8155844155844156,6.625472991270261e-06,0.5314790288223881
352,RF,LGBM,0.5948051948051949,0.004454414364936613,0.6136690595608287
352,RF,MLP,0.2961038961038961,0.19247618519439216,0.21184008874709737
352,XGB,LGBM,0.41818181818181815,0.05922578935165219,0.22508743342859408
352,XGB,MLP,0.2324675324675325,0.31055989862791317,-0.09708362875841427
352,LGBM,MLP,0.45714285714285713,0.0372083724068703,0.3189322664606877
354,RF,XGB,0.4688311688311688,0.032044958116342656,0.4217364164258631
354,RF,LGBM,0.348051948051948,0.12207717550592732,0.5476209834318951
354,RF,MLP,0.14545454545454545,0.5292829389801046,0.47350510691743813
354,XGB,LGBM,0.18441558441558442,0.42356621430502056,0.5807734436331035
354,XGB,MLP,0.1155844155844156,0.6178368603191974,0.5415087044913333
354,LGBM,MLP,0.03766233766233767,0.8712435420745898,0.638308279814904
365,RF,XGB,0.37792207792207794,0.09119661406939472,0.712803683557193
365,RF,LGBM,0.5844155844155844,0.005399998364912409,0.8847844353562283
365,RF,MLP,0.3207792207792208,0.15625650175659497,0.6894680653300229
365,XGB,LGBM,0.7194805194805195,0.00023665715585405198,0.8034077809954276
365,XGB,MLP,0.40129870129870127,0.07138262110690317,0.6338393155847597
365,LGBM,MLP,0.14935064935064934,0.5181875885017935,0.8419120376939042
366,RF,XGB,0.461038961038961,0.03541978661443526,0.45794366376918805
366,RF,LGBM,0.464935064935065,0.033699231028965625,0.7677401629891379
366,RF,MLP,0.2909090909090909,0.2007676414411941,0.6403680122676223
366,XGB,LGBM,0.2636363636363636,0.24820156437430954,0.6555421056585763
366,XGB,MLP,0.3064935064935065,0.17659418586665693,0.632748307311651
366,LGBM,MLP,0.21168831168831168,0.35695806367272104,0.8923869028029625
371,RF,XGB,0.6714285714285714,0.0008603119868966404,0.8456744640770649
371,RF,LGBM,0.8636363636363636,4.589679209160128e-07,0.7841293046052789
371,RF,MLP,0.2987012987012987,0.18841842410537243,0.28255913291051715
371,XGB,LGBM,0.8194805194805195,5.4974365122467775e-06,0.8989587364746678
371,XGB,MLP,0.3051948051948052,0.17852871608932544,0.5148377428205442
371,LGBM,MLP,0.43636363636363634,0.04796935978332507,0.7201861179639495
374,RF,XGB,0.2662337662337662,0.2433987795806379,0.5639322238976976
374,RF,LGBM,0.4623376623376624,0.0348387956901551,0.4922795174477189
374,RF,MLP,0.2922077922077922,0.19867271696574043,0.24879905916268297
374,XGB,LGBM,0.20129870129870128,0.3815806896030638,0.5448785544012077
374,XGB,MLP,0.2987012987012987,0.18841842410537243,0.14289331383171197
374,LGBM,MLP,0.37922077922077924,0.08999962703369178,0.5348946884143578
382,RF,XGB,0.7194805194805195,0.00023665715585405198,0.8463992046556854
382,RF,LGBM,0.7506493506493507,8.84386872841125e-05,0.8675966290678657
382,RF,MLP,0.41558441558441556,0.06098538032444867,0.5365900695077783
382,XGB,LGBM,0.7337662337662337,0.00015324044854450608,0.812350717850474
382,XGB,MLP,0.14285714285714285,0.5367409296165598,0.5341081557660324
382,LGBM,MLP,0.11428571428571428,0.6218181517971056,0.7620524249471061
383,RF,XGB,0.6467532467532467,0.001532768789018723,0.8889923156787973
383,RF,LGBM,0.7129870129870131,0.00028592281159081395,0.5777411524425142
383,RF,MLP,0.01818181818181818,0.9376501036584043,0.169798209566756
383,XGB,LGBM,0.7948051948051948,1.67476895284478e-05,0.6641624659962828
383,XGB,MLP,0.2909090909090909,0.2007676414411941,0.4453087359743721
383,LGBM,MLP,0.21168831168831168,0.35695806367272104,0.6221065075280414
394,RF,XGB,0.6662337662337662,0.0009757283731243901,0.7409425992702635
394,RF,LGBM,0.7675324675324675,4.883285251352684e-05,0.8744472619556954
394,RF,MLP,0.34285714285714286,0.1281314100732618,0.5147832580517839
394,XGB,LGBM,0.6441558441558441,0.0016241422989667685,0.7259737392579153
394,XGB,MLP,0.15844155844155844,0.49273603731315235,0.5082727631027413
394,LGBM,MLP,0.2350649350649351,0.3050302888415488,0.7399553548704084
398,RF,XGB,0.35454545454545455,0.11480159086511355,0.45775755992925793
398,RF,LGBM,-0.12077922077922078,0.6020154473326507,-0.20307293303692311
398,RF,MLP,0.24675324675324672,0.2808956712631186,0.013485713503824298
398,XGB,LGBM,-0.16493506493506493,0.47494156501178986,-0.5464664825979504
398,XGB,MLP,0.031168831168831172,0.893308173976082,-0.08274765441314264
398,LGBM,MLP,-0.02727272727272727,0.9065844922540648,0.11401352300811261
411,RF,XGB,0.5194805194805194,0.01580147573114009,0.5696398866469464
411,RF,LGBM,0.6441558441558441,0.0016241422989667685,0.7867689991398479
411,RF,MLP,0.5753246753246753,0.006358310845714959,0.6238420186387501
411,XGB,LGBM,0.5857142857142857,0.005273422501026666,0.759336544070617
411,XGB,MLP,0.3974025974025974,0.0744368401691811,0.7252256702392167
411,LGBM,MLP,0.47792207792207797,0.028433024289660953,0.8355727719609713
413,RF,XGB,0.26233766233766237,0.25062562594134374,-0.38070736425885404
413,RF,LGBM,0.1922077922077922,0.4038885272768977,-0.12807741872347492
413,RF,MLP,0.18311688311688312,0.4268950962943347,0.10191458869740137
413,XGB,LGBM,0.6610389610389611,0.0011040228328465568,0.8472595397618164
413,XGB,MLP,-0.16883116883116883,0.46442277316539365,-0.31382586761403514
413,LGBM,MLP,-0.2558441558441559,0.262972942241723,-0.3501698143962055
415,RF,XGB,0.5337662337662338,0.012697637214593745,0.4363816357890771
415,RF,LGBM,0.5142857142857142,0.017071353141816504,0.6141311430049344
415,RF,MLP,0.15194805194805194,0.5108526218124549,0.21003257589891083
415,XGB,LGBM,0.3818181818181818,0.08764053578453823,0.35208501690338867
415,XGB,MLP,0.28051948051948056,0.21806007395025545,0.051308653652491126
415,LGBM,MLP,0.2571428571428571,0.2604731897004084,0.20725991934370008
416,RF,XGB,0.4090909090909091,0.06555816920931516,0.644865497137218
416,RF,LGBM,0.4116883116883117,0.06369892951455675,0.5574511267506692
416,RF,MLP,0.2792207792207792,0.22028859486514027,-0.027173736453904723
416,XGB,LGBM,0.1987012987012987,0.3878822634645567,0.48682012949332454
416,XGB,MLP,0.12467532467532469,0.590260853646067,0.1077529889592726
416,LGBM,MLP,-0.0038961038961038965,0.9866273665163273,0.14144607158750572
422,RF,XGB,0.17272727272727273,0.45402436101288696,0.4523538128198477
422,RF,LGBM,0.37142857142857144,0.09735837325949603,0.7124805134948522
422,RF,MLP,0.36623376623376624,0.10250352982629483,0.534420118150471
422,XGB,LGBM,0.8155844155844156,6.625472991270261e-06,0.8919677188020898
422,XGB,MLP,0.3038961038961039,0.18047767364208767,0.49586571682361097
422,LGBM,MLP,0.2636363636363636,0.24820156437430954,0.6227668896324173
426,RF,XGB,0.35584415584415585,0.11338490933316327,0.0625765518821714
426,RF,LGBM,0.5051948051948052,0.01949043669697085,0.5642305229325704
426,RF,MLP,0.2935064935064935,0.19659251726168667,0.38058382483212844
426,XGB,LGBM,0.5623376623376624,0.007967059099044032,0.6917588252715386
426,XGB,MLP,0.34025974025974026,0.13123757652772486,0.5325571321240334
426,LGBM,MLP,0.08181818181818182,0.7244098408074375,0.6222338306985177
429,RF,XGB,0.6337662337662338,0.002036972717580764,0.622253152785589
429,RF,LGBM,0.5571428571428572,0.008697719664340079,0.5858855393557645
429,RF,MLP,0.3168831168831169,0.161633166892741,0.33517708285065906
429,XGB,LGBM,0.3207792207792208,0.15625650175659497,0.41586934520589747
429,XGB,MLP,0.34285714285714286,0.1281314100732618,0.4800593772736759
429,LGBM,MLP,0.15454545454545454,0.5035678584762259,0.32421294202155815
432,RF,XGB,0.7467532467532467,0.0001007733771013491,0.708778983874956
432,RF,LGBM,0.4285714285714285,0.05257154042070508,0.5441276971761881
432,RF,MLP,0.18311688311688312,0.4268950962943347,0.3851498928877508
432,XGB,LGBM,0.36883116883116884,0.09990670544494931,0.5062819297471086
432,XGB,MLP,0.24675324675324672,0.2808956712631186,0.46241519239876905
432,LGBM,MLP,0.07402597402597402,0.7498058787122429,0.7827710034506757
439,RF,XGB,0.6376623376623376,0.0018728838968196711,0.7825915694365921
439,RF,LGBM,0.6311688311688312,0.0021529486113597883,0.8347644926232022
439,RF,MLP,0.2909090909090909,0.2007676414411941,0.536536285576966
439,XGB,LGBM,0.8051948051948051,1.0678393833166898e-05,0.759126001395705
439,XGB,MLP,0.24545454545454545,0.28351670883126684,0.5733367601561753
439,LGBM,MLP,0.16493506493506493,0.47494156501178986,0.8303674224223818
450,RF,XGB,0.5337662337662338,0.012697637214593745,0.8963432693320854
450,RF,LGBM,0.7909090909090909,1.9698730400916663e-05,0.7890672339602041
450,RF,MLP,0.051948051948051945,0.8230456679720457,0.40654523394759456
450,XGB,LGBM,0.6363636363636362,0.0019262960071318917,0.7696484776683926
450,XGB,MLP,0.24935064935064938,0.27569907970760515,0.4868168124791066
450,LGBM,MLP,0.2,0.38472423043145215,0.7411987079674365
453,RF,XGB,0.41818181818181815,0.05922578935165219,0.4927025648055891
453,RF,LGBM,0.0025974025974025974,0.9910846979963881,0.3400483235425102
453,RF,MLP,0.5025974025974026,0.020229828771012266,0.5039290195033064
453,XGB,LGBM,0.11168831168831168,0.6298112160877903,0.26429202346932695
453,XGB,MLP,0.04805194805194805,0.8361372099212369,0.36545069418479803
453,LGBM,MLP,-0.05584415584415584,0.8099992137199937,0.24540512384091945
462,RF,XGB,0.7688311688311688,4.6558420458817486e-05,0.7894222483130646
462,RF,LGBM,0.7103896103896103,0.00030795937349621525,0.8447929889858096
462,RF,MLP,0.34545454545454546,0.12507807750179883,0.3558531705303779
462,XGB,LGBM,0.6454545454545455,0.0015778975857754145,0.924443484441401
462,XGB,MLP,0.22857142857142856,0.31896739880565783,0.45166064507358983
462,LGBM,MLP,0.3090909090909091,0.17276827264194697,0.44053147190230557
464,RF,XGB,0.7896103896103897,2.0778246572781005e-05,0.7465304466232414
464,RF,LGBM,0.6441558441558441,0.0016241422989667685,0.7689485860612062
464,RF,MLP,0.04675324675324675,0.8405105142403159,0.34954521794319826
464,XGB,LGBM,0.4584415584415585,0.03660450993249761,0.8443372182187868
464,XGB,MLP,0.031168831168831172,0.893308173976082,0.6412701744613389
464,LGBM,MLP,0.05324675324675325,0.8186916800528405,0.626589272384184
471,RF,XGB,0.7363636363636364,0.00014118763511755854,0.774707898125433
471,RF,LGBM,0.3701298701298701,0.0986265069357616,0.6805251449534805
471,RF,MLP,-0.032467532467532464,0.8888886581323973,0.5102522658368988
471,XGB,LGBM,0.2714285714285714,0.23397427165138135,0.44996978475319777
471,XGB,MLP,0.044155844155844164,0.8492705803407119,0.5155176652198628
471,LGBM,MLP,-0.05064935064935065,0.8274046658865746,0.7126942619261557
479,RF,XGB,0.5051948051948052,0.01949043669697085,0.48458015437887925
479,RF,LGBM,0.1974025974025974,0.39105475294328795,0.7301930138054998
479,RF,MLP,0.312987012987013,0.16713674816730895,0.6176956975986915
479,XGB,LGBM,0.22987012987012984,0.3161498376663408,0.30631283413304333
479,XGB,MLP,0.27662337662337666,0.22479050345941629,0.4012215629037968
479,LGBM,MLP,0.22337662337662337,0.330387908876124,0.8171247493616011
481,RF,XGB,0.6922077922077923,0.0005070683142805511,0.6388447222197772
481,RF,LGBM,0.6935064935064935,0.0004898974010404606,0.7627440266844988
481,RF,MLP,0.21818181818181817,0.342048012047813,0.43711000314451437
481,XGB,LGBM,0.6467532467532467,0.001532768789018723,0.9324330543560219
481,XGB,MLP,-0.05064935064935065,0.8274046658865746,0.7037015398927581
481,LGBM,MLP,0.06623376623376624,0.7754535475659063,0.6679120072925864
482,RF,XGB,0.5558441558441559,0.008888714088043445,0.6729258651973417
482,RF,LGBM,0.5272727272727272,0.014040563252064467,0.532805897893042
482,RF,MLP,0.05064935064935065,0.8274046658865746,0.328721496704941
482,XGB,LGBM,0.4194805194805195,0.05836062913446332,0.2582849076769549
482,XGB,MLP,0.2194805194805195,0.33911059151113226,0.548652432494618
482,LGBM,MLP,0.015584415584415586,0.9465439560865643,0.3733657975261667
483,RF,XGB,0.8155844155844156,6.625472991270261e-06,0.9127056749844166
483,RF,LGBM,0.5558441558441559,0.008888714088043445,0.8455458925763111
483,RF,MLP,0.3987012987012987,0.07340807742224027,0.49119129360711283
483,XGB,LGBM,0.4831168831168831,0.026518455375827792,0.879656994180305
483,XGB,MLP,0.464935064935065,0.033699231028965625,0.5599930817330827
483,LGBM,MLP,0.16103896103896104,0.4855791442852288,0.5215697230884215
485,RF,XGB,0.6532467532467533,0.0013231161913442719,0.8927022630254635
485,RF,LGBM,0.312987012987013,0.16713674816730895,0.8035380939132503
485,RF,MLP,-0.032467532467532464,0.8888886581323973,0.620356959149702
485,XGB,LGBM,0.3246753246753247,0.15100567594389833,0.9274736379208602
485,XGB,MLP,0.12337662337662336,0.5941682580055346,0.7675836595690846
485,LGBM,MLP,0.4168831168831169,0.06010068446787318,0.7677163259314882
495,RF,XGB,0.41818181818181815,0.05922578935165219,0.8907564147457714
495,RF,LGBM,0.6805194805194805,0.0006861487068079914,0.7100983797839173
495,RF,MLP,0.07922077922077922,0.7328457347746481,0.290995238540814
495,XGB,LGBM,0.7766233766233767,3.474548938772688e-05,0.7841072095870821
495,XGB,MLP,0.2727272727272727,0.2316557954857192,0.5061077625842222
495,LGBM,MLP,0.09480519480519481,0.6827070112424533,0.7318448271720737
506,RF,XGB,0.36233766233766235,0.10649069901450199,0.37455750265570775
506,RF,LGBM,0.22987012987012984,0.3161498376663408,0.518495268193633
506,RF,MLP,0.0935064935064935,0.6868397848627376,-0.5485334124140577
506,XGB,LGBM,0.6,0.00403591538162697,0.6445359865468304
506,XGB,MLP,-0.12077922077922078,0.6020154473326507,-0.2197121886117751
506,LGBM,MLP,0.0935064935064935,0.6868397848627376,-0.11715604206222209
514,RF,XGB,0.37272727272727274,0.09610224578434735,-0.11974993631291013
514,RF,LGBM,0.5428571428571428,0.010994545574058883,0.7202552731607028
514,RF,MLP,0.37532467532467534,0.09362577329735101,0.29447237522644415
514,XGB,LGBM,0.0025974025974025974,0.9910846979963881,-0.4790174904591197
514,XGB,MLP,0.4,0.07239002577225485,0.3304553639307811
514,LGBM,MLP,0.1948051948051948,0.3974429535072252,0.17302565583878957
518,RF,XGB,0.3064935064935065,0.17659418586665693,-0.10974984811568161
518,RF,LGBM,0.7025974025974026,0.00038302230618131105,0.8537804519651753
518,RF,MLP,0.2194805194805195,0.33911059151113226,0.2429890999925161
518,XGB,LGBM,0.42987012987012985,0.05178188171189559,0.059265813298377296
518,XGB,MLP,0.11428571428571428,0.6218181517971056,0.0736550866336517
518,LGBM,MLP,0.5558441558441559,0.008888714088043445,0.5818025832434451
526,RF,XGB,0.4077922077922078,0.06650304724796141,0.8063634017669218
526,RF,LGBM,0.612987012987013,0.0031305775706129807,0.739541730551953
526,RF,MLP,0.0961038961038961,0.6785829571667291,0.31391329405789864
526,XGB,LGBM,0.43636363636363634,0.04796935978332507,0.8036625648070845
526,XGB,MLP,0.2311688311688312,0.3133473331324291,0.4978081002752561
526,LGBM,MLP,0.3649350649350649,0.10382027127753134,0.7349067480168807
527,RF,XGB,0.34285714285714286,0.1281314100732618,0.6250514067422969
527,RF,LGBM,0.7038961038961039,0.00036952182272340854,0.8501843237847778
527,RF,MLP,-0.011688311688311687,0.9598958988557218,0.3885677573662535
527,XGB,LGBM,0.36883116883116884,0.09990670544494931,0.7766421697842844
527,XGB,MLP,0.3246753246753247,0.15100567594389833,0.48721261257097753
527,LGBM,MLP,0.20909090909090908,0.36302566515631635,0.6734174406845453
530,RF,XGB,0.7116883116883117,0.0002967657030413711,0.8917054853301984
530,RF,LGBM,0.3064935064935065,0.17659418586665693,0.847658828041186
530,RF,MLP,0.0,1.0,0.5477963917748723
530,XGB,LGBM,0.5116883116883117,0.01773639724372509,0.9157364576536149
530,XGB,MLP,0.0974025974025974,0.6744677255097002,0.7338669550905711
530,LGBM,MLP,0.2506493506493506,0.2731235283481196,0.6998481526576149
534,RF,XGB,0.6168831168831169,0.0028947180479421885,0.7066635820998135
534,RF,LGBM,0.6610389610389611,0.0011040228328465568,0.8714054919129364
534,RF,MLP,0.2155844155844156,0.3479675136622996,0.6215801458881477
534,XGB,LGBM,0.7909090909090909,1.9698730400916663e-05,0.91945271061414
534,XGB,MLP,0.17922077922077922,0.4369652748985062,0.5733541454609172
534,LGBM,MLP,0.26233766233766237,0.25062562594134374,0.674127549724895
535,RF,XGB,0.6636363636363637,0.0010381964669403767,0.17844046309777165
535,RF,LGBM,0.07402597402597402,0.7498058787122429,0.10379397022822265
535,RF,MLP,0.2831168831168831,0.21364780365132657,0.12622571784781522
535,XGB,LGBM,0.2311688311688312,0.3133473331324291,0.6195946438441667
535,XGB,MLP,0.13506493506493505,0.5594015294704846,-0.2785945746544085
535,LGBM,MLP,-0.4454545454545455,0.04299992874264288,-0.4931572570246775
544,RF,XGB,0.5974025974025974,0.004240874117222793,0.01864067201692597
544,RF,LGBM,0.4701298701298702,0.03150796285030202,0.4189277574504954
544,RF,MLP,0.05064935064935065,0.8274046658865746,-0.26149520750932453
544,XGB,LGBM,0.34155844155844156,0.12967786415595978,-0.2053439008077844
544,XGB,MLP,0.0012987012987012987,0.9955422850919049,-0.14837317950885023
544,LGBM,MLP,-0.14025974025974028,0.5442470998307317,0.06105951538933045
548,RF,XGB,0.8142857142857143,7.044009255480786e-06,0.6286575517858168
548,RF,LGBM,0.28181818181818186,0.2158464834864693,0.21596906730945345
548,RF,MLP,0.22727272727272727,0.32180000221155247,0.06052972139182992
548,XGB,LGBM,0.34285714285714286,0.1281314100732618,0.12143572534391964
548,XGB,MLP,0.4142857142857143,0.061879942683025164,0.18732308798023892
548,LGBM,MLP,0.1974025974025974,0.39105475294328795,0.48016118245027223
561,RF,XGB,0.6350649350649351,0.001980984234047954,0.9042507023765511
561,RF,LGBM,0.7129870129870131,0.00028592281159081395,0.6460901662504165
561,RF,MLP,0.10389610389610389,0.6540274583163918,0.24142557278020854
561,XGB,LGBM,0.7896103896103897,2.0778246572781005e-05,0.7259754186471928
561,XGB,MLP,0.41818181818181815,0.05922578935165219,0.5177180405674999
561,LGBM,MLP,0.26103896103896107,0.25306481196664155,0.7446719349980824
567,RF,XGB,0.6051948051948052,0.003650666447832699,0.3164017664219858
567,RF,LGBM,0.8636363636363636,4.589679209160128e-07,0.893223077068641
567,RF,MLP,0.36233766233766235,0.10649069901450199,0.4737416470255159
567,XGB,LGBM,0.4701298701298702,0.03150796285030202,0.2676956683821939
567,XGB,MLP,0.38311688311688313,0.0864783097986004,0.21166926222485952
567,LGBM,MLP,0.4766233766233766,0.02892832768335774,0.5605254176043424
576,RF,XGB,0.7051948051948052,0.0003564308384906877,0.830621615669207
576,RF,LGBM,0.6922077922077923,0.0005070683142805511,0.7555982262031471
576,RF,MLP,0.21818181818181817,0.342048012047813,0.3641879032799189
576,XGB,LGBM,0.6415584415584416,0.0017200676131313936,0.700395227524643
576,XGB,MLP,0.18571428571428572,0.4202513335237499,0.2961224680994242
576,LGBM,MLP,0.20779220779220778,0.36608155438398177,0.714672057944553
582,RF,XGB,0.4805194805194805,0.027462536204208972,0.3379222422479697
582,RF,LGBM,0.7311688311688312,0.00016616963570321975,0.77492975284457
582,RF,MLP,0.15714285714285717,0.4963338454232182,0.4379154925397963
582,XGB,LGBM,0.6207792207792208,0.002673912759074672,0.772686500008468
582,XGB,MLP,0.24675324675324672,0.2808956712631186,0.7602418567776812
582,LGBM,MLP,0.2831168831168831,0.21364780365132657,0.8390819883237575
583,RF,XGB,0.6311688311688312,0.0021529486113597883,0.8562874417432411
583,RF,LGBM,0.4142857142857143,0.061879942683025164,0.554443291349205
583,RF,MLP,0.20779220779220778,0.36608155438398177,0.3405041893836095
583,XGB,LGBM,0.4506493506493507,0.04034530452704349,0.6750215720045472
583,XGB,MLP,0.16233766233766234,0.4820201872355597,0.5138943718485272
583,LGBM,MLP,-0.031168831168831172,0.893308173976082,0.6134202241938911
584,RF,XGB,0.4,0.07239002577225485,0.5186888600169712
584,RF,LGBM,0.5428571428571428,0.010994545574058883,0.6333026166897021
584,RF,MLP,-0.23636363636363636,0.3022881358528413,-0.06056617927539955
584,XGB,LGBM,0.2792207792207792,0.22028859486514027,0.18275691623659318
584,XGB,MLP,-0.2987012987012987,0.18841842410537243,-0.3174168732295059
584,LGBM,MLP,-0.3506493506493506,0.11912829331739896,-0.24428695170994133
585,RF,XGB,0.5688311688311689,0.007125381298647016,0.8523463614128038
585,RF,LGBM,0.6701298701298701,0.0008880182898465353,0.8813629307734975
585,RF,MLP,-0.01038961038961039,0.9643490145476253,0.3139268579974179
585,XGB,LGBM,0.4285714285714285,0.05257154042070508,0.9141722556958418
585,XGB,MLP,-0.1012987012987013,0.6621759840226068,0.35551057689642424
585,LGBM,MLP,-0.02077922077922078,0.9287633909628463,0.49806096187639054
588,RF,XGB,0.6519480519480519,0.0013629842048795116,0.558491512165818
588,RF,LGBM,0.5974025974025974,0.004240874117222793,0.7197807122850631
588,RF,MLP,0.2532467532467532,0.26801791447109463,0.49797890225223823
588,XGB,LGBM,0.24805194805194808,0.2782897943042767,0.49188621683210604
588,XGB,MLP,0.4051948051948052,0.0684236454174195,0.5443498188388042
588,LGBM,MLP,-0.01818181818181818,0.9376501036584043,0.6683606094666852
590,RF,XGB,0.525974025974026,0.014322464412872613,0.838438048842503
590,RF,LGBM,0.8480519480519481,1.203804085854572e-06,0.8897061707673504
590,RF,MLP,0.02077922077922078,0.9287633909628463,0.5147267755612742
590,XGB,LGBM,0.6571428571428571,0.0012093758514660198,0.9897387702126412
590,XGB,MLP,0.29480519480519485,0.19452701576620293,0.6319183318663049
590,LGBM,MLP,0.212987012987013,0.35394640699014296,0.639222483859742
593,RF,XGB,0.6077922077922078,0.003469852390223125,0.9418361129079803
593,RF,LGBM,0.7532467532467532,8.096085622580374e-05,0.6433484080344002
593,RF,MLP,0.025974025974025972,0.9110154373730976,0.29537095489163634
593,XGB,LGBM,0.7506493506493507,8.84386872841125e-05,0.7412705010848145
593,XGB,MLP,0.38831168831168833,0.08194343705246764,0.5224452510326348
593,LGBM,MLP,0.24285714285714283,0.28880425437585355,0.7525822410952727
596,RF,XGB,0.6584415584415585,0.0011733516954519037,0.6968632671440937
596,RF,LGBM,0.7883116883116883,2.1908919304486022e-05,0.6996189135593284
596,RF,MLP,0.05324675324675325,0.8186916800528405,0.13799294325609257
596,XGB,LGBM,0.48441558441558447,0.026056161788623734,0.37762610381783523
596,XGB,MLP,0.10519480519480517,0.6499672847296488,-0.07231650722927487
596,LGBM,MLP,0.13376623376623376,0.5632192812726847,0.1588263999947961
602,RF,XGB,0.4727272727272727,0.03045523160195435,0.159959685384268
602,RF,LGBM,0.17142857142857143,0.45747702762159437,0.35375472707371924
602,RF,MLP,0.022077922077922082,0.9243230289105082,0.11637537780879045
602,XGB,LGBM,0.3103896103896104,0.17087682060108259,0.4277266304141805
602,XGB,MLP,0.1883116883116883,0.4136637589062404,0.27311777494056716
602,LGBM,MLP,0.3025974025974026,0.1824410913813027,0.5016113854723468
609,RF,XGB,0.4805194805194805,0.027462536204208972,0.24523096484685844
609,RF,LGBM,0.2324675324675325,0.31055989862791317,0.3699537959739724
609,RF,MLP,-0.16363636363636364,0.4784743069143618,-0.16487753685782583
609,XGB,LGBM,0.6168831168831169,0.0028947180479421885,0.5220087493249925
609,XGB,MLP,-0.36883116883116884,0.09990670544494931,-0.2888690442932889
609,LGBM,MLP,-0.39350649350649347,0.07758803344921028,-0.4268667170763639
610,RF,XGB,0.8766233766233766,1.8697860892632527e-07,0.493533276555613
610,RF,LGBM,0.7220779220779221,0.0002191009913753788,0.8764083777447547
610,RF,MLP,0.17272727272727273,0.45402436101288696,0.11604592093827232
610,XGB,LGBM,0.6714285714285714,0.0008603119868966404,0.5025208791387228
610,XGB,MLP,0.14285714285714285,0.5367409296165598,-0.17729171950160247
610,LGBM,MLP,0.212987012987013,0.35394640699014296,0.08816391149302509
613,RF,XGB,0.26883116883116887,0.23865637920307153,-0.3281040047786238
613,RF,LGBM,0.26493506493506497,0.24579261871540747,0.5771231023756287
613,RF,MLP,0.125974025974026,0.5863643592427876,0.12234100246449177
613,XGB,LGBM,0.15454545454545454,0.5035678584762259,-0.3961583219793485
613,XGB,MLP,0.05844155844155843,0.8013282220179796,-0.20204189593036265
613,LGBM,MLP,0.22337662337662337,0.330387908876124,0.35454778426275746
617,RF,XGB,0.4948051948051948,0.022583594997581564,0.7272078248004439
617,RF,LGBM,0.044155844155844164,0.8492705803407119,0.7976241709079825
617,RF,MLP,0.12857142857142856,0.5786044448638965,0.5061888807261168
617,XGB,LGBM,0.2662337662337662,0.2433987795806379,0.8765528551262719
617,XGB,MLP,-0.06623376623376624,0.7754535475659063,0.649124214880561
617,LGBM,MLP,0.06883116883116883,0.7668778725128099,0.7200854740519506
628,RF,XGB,0.7415584415584415,0.0001195133372258396,0.6925792306510287
628,RF,LGBM,0.34935064935064936,0.12059625789406855,0.8127584499393742
628,RF,MLP,0.24545454545454545,0.28351670883126684,0.4217747596044096
628,XGB,LGBM,0.438961038961039,0.04650647377632556,0.8412775422146147
628,XGB,MLP,0.3974025974025974,0.0744368401691811,0.5855986302101146
628,LGBM,MLP,0.3155844155844156,0.16345354043341237,0.6506335728830552
631,RF,XGB,0.5428571428571428,0.010994545574058883,0.7533901686849132
631,RF,LGBM,0.45584415584415583,0.03781998900387756,0.6161169364818992
631,RF,MLP,0.24935064935064938,0.27569907970760515,0.5151743299981184
631,XGB,LGBM,0.17142857142857143,0.45747702762159437,0.7485496648593386
631,XGB,MLP,0.14415584415584418,0.5330058743165694,0.6362707223100867
631,LGBM,MLP,0.3038961038961039,0.18047767364208767,0.7442589452691282
637,RF,XGB,0.548051948051948,0.010108159690260715,0.7757359276972159
637,RF,LGBM,-0.07532467532467534,0.7455550758529895,0.14043147222819582
637,RF,MLP,0.4688311688311688,0.032044958116342656,0.21594847286256733
637,XGB,LGBM,-0.04025974025974026,0.8624424916554133,0.62533336398045
637,XGB,MLP,0.3181818181818181,0.1598268955547498,0.16128402244967482
637,LGBM,MLP,0.3051948051948052,0.17852871608932544,0.21815371123149296
650,RF,XGB,0.6324675324675325,0.002094285916756489,-0.1169761448533177
650,RF,LGBM,0.5857142857142857,0.005273422501026666,0.7012270516712531
650,RF,MLP,0.34935064935064936,0.12059625789406855,0.2455787672916682
650,XGB,LGBM,0.2025974025974026,0.37845167579960404,-0.4399157900754052
650,XGB,MLP,0.33506493506493507,0.13760998567228214,0.04339757864387824
650,LGBM,MLP,0.24805194805194808,0.2782897943042767,0.19121662327789618
651,RF,XGB,0.6792207792207793,0.0007090174365901509,0.4158524466043044
651,RF,LGBM,0.014285714285714285,0.9509932422972027,0.4786843243786555
651,RF,MLP,0.37922077922077924,0.08999962703369178,0.11609226506968676
651,XGB,LGBM,-0.0038961038961038965,0.9866273665163273,0.7650984487502042
651,XGB,MLP,0.15194805194805194,0.5108526218124549,0.19848957215961632
651,LGBM,MLP,-0.24285714285714283,0.28880425437585355,0.0019150493537899785
654,RF,XGB,0.4974025974025974,0.021775935134623416,0.369389031436507
654,RF,LGBM,0.3922077922077922,0.07866027810398214,0.6260288852566243
654,RF,MLP,0.40259740259740256,0.07038579914589091,0.6550152076272826
654,XGB,LGBM,0.44285714285714284,0.04437704849154563,0.5543355778856041
654,XGB,MLP,0.1935064935064935,0.40065858838070295,0.3482202119542445
654,LGBM,MLP,0.36363636363636365,0.10514930870551215,0.8070210120982949
660,RF,XGB,0.44285714285714284,0.04437704849154563,0.3495168730344654
660,RF,LGBM,0.2194805194805195,0.33911059151113226,0.3988519561120947
660,RF,MLP,-0.3337662337662338,0.1392367176682507,-0.26030552578423916
660,XGB,LGBM,0.5558441558441559,0.008888714088043445,0.6660931998115891
660,XGB,MLP,-0.6688311688311688,0.0009164787179459876,-0.22698612260729073
660,LGBM,MLP,-0.5701298701298702,0.00696616651488971,-0.35459657963619673
680,RF,XGB,0.4285714285714285,0.05257154042070508,0.16809505213581735
680,RF,LGBM,0.5597402597402598,0.008325815617061407,0.3465218607364794
680,RF,MLP,0.44415584415584414,0.04368428298320847,0.23318168617377794
680,XGB,LGBM,-0.1064935064935065,0.6459166351388025,-0.40589792707514416
680,XGB,MLP,0.16363636363636364,0.4784743069143618,0.30183556977943077
680,LGBM,MLP,0.04285714285714286,0.8536570982478848,-0.0483564498117659
693,RF,XGB,0.9233766233766234,2.4434594119524285e-09,0.8615964287015315
693,RF,LGBM,0.4831168831168831,0.026518455375827792,0.486675288303442
693,RF,MLP,0.39090909090909093,0.07974355165372467,0.31401029449967494
693,XGB,LGBM,0.49610389610389616,0.022176831557460017,0.4351936045311717
693,XGB,MLP,0.5285714285714286,0.013763170931280443,0.25789163850691715
693,LGBM,MLP,0.3844155844155844,0.08532754860745444,0.4244582623334693
705,RF,XGB,0.3948051948051948,0.07652675452161194,-0.41447465718497556
705,RF,LGBM,0.6636363636363637,0.0010381964669403767,0.7754338223406498
705,RF,MLP,-0.045454545454545456,0.8448883449705005,0.026055293372933493
705,XGB,LGBM,0.12987012987012986,0.5747411951907224,-0.4049196910108311
705,XGB,MLP,0.08311688311688312,0.7202033241160488,-0.21947994195874748
705,LGBM,MLP,0.07532467532467534,0.7455550758529895,0.2554977876006037
710,RF,XGB,0.5155844155844156,0.016746441238866275,0.7755033013722844
710,RF,LGBM,0.4506493506493507,0.04034530452704349,0.5552998189683462
710,RF,MLP,0.00909090909090909,0.9688031519255759,0.3730124672072116
710,XGB,LGBM,0.3701298701298701,0.0986265069357616,0.4242301374551176
710,XGB,MLP,0.2025974025974026,0.37845167579960404,0.5428727438442821
710,LGBM,MLP,0.11038961038961038,0.6338228017857539,0.5362322480163779
720,RF,XGB,0.4324675324675325,0.05022991747689417,0.2723470448989485
720,RF,LGBM,0.14415584415584418,0.5330058743165694,-0.034172338664638605
720,RF,MLP,0.12857142857142856,0.5786044448638965,0.007130661185247083
720,XGB,LGBM,-0.06753246753246753,0.7711624988673798,-0.4166036382038102
720,XGB,MLP,-0.14285714285714285,0.5367409296165598,-0.24527467674558395
720,LGBM,MLP,-0.3051948051948052,0.17852871608932544,-0.11112665033033746
721,RF,XGB,0.6116883116883116,0.0032126793710934515,0.7722733829447596
721,RF,LGBM,0.5922077922077922,0.0046768122311073605,0.6461360702006034
721,RF,MLP,0.012987012987012986,0.9554439323134464,0.5132554400682738
721,XGB,LGBM,0.3103896103896104,0.17087682060108259,0.28950939487244015
721,XGB,MLP,0.34285714285714286,0.1281314100732618,0.5067125414471133
721,LGBM,MLP,-0.14545454545454545,0.5292829389801046,0.7013549458602621
733,RF,XGB,0.5402597402597402,0.01146091866432833,0.823878894610754
733,RF,LGBM,0.551948051948052,0.00948241340899865,0.8241858694571434
733,RF,MLP,0.06883116883116883,0.7668778725128099,0.4262195486200506
733,XGB,LGBM,0.7090909090909091,0.0003195131305886621,0.9738473091943275
733,XGB,MLP,0.059740259740259746,0.7970010758753313,0.6452947123116792
733,LGBM,MLP,0.08311688311688312,0.7202033241160488,0.5938916265438707
736,RF,XGB,0.6181818181818182,0.002819482044682577,0.8965344798348694
736,RF,LGBM,0.4285714285714285,0.05257154042070508,0.5227754402845715
736,RF,MLP,0.14805194805194805,0.5218737233561959,0.5081617151553472
736,XGB,LGBM,0.33896103896103896,0.1328105963995839,0.35610776949854334
736,XGB,MLP,0.2571428571428571,0.2604731897004084,0.5081871100329268
736,LGBM,MLP,-0.14415584415584418,0.5330058743165694,0.7214612404394801
741,RF,XGB,0.15454545454545454,0.5035678584762259,0.023067268863839793
741,RF,LGBM,-0.1012987012987013,0.6621759840226068,-0.05966962441163894
741,RF,MLP,0.1961038961038961,0.39424166216971973,0.08684870038396778
741,XGB,LGBM,-0.3168831168831169,0.161633166892741,-0.18094035422495613
741,XGB,MLP,-0.11688311688311687,0.6138658528020938,-0.4455247838170644
741,LGBM,MLP,0.05844155844155843,0.8013282220179796,0.08244056700591765
756,RF,XGB,0.3025974025974026,0.1824410913813027,-0.1578865343675576
756,RF,LGBM,0.13636363636363635,0.5555953559520419,0.09088400591137162
756,RF,MLP,0.2896103896103896,0.2028773165232885,0.25164431540085275
756,XGB,LGBM,0.2662337662337662,0.2433987795806379,0.30231642761564287
756,XGB,MLP,0.3844155844155844,0.08532754860745444,0.06550313010712189
756,LGBM,MLP,0.2597402597402597,0.2555191301623943,0.18273399372663923
757,RF,XGB,0.5181818181818182,0.016111558031212534,0.6300533895493877
757,RF,LGBM,0.6948051948051948,0.0004732256022351797,0.7833917281062018
757,RF,MLP,0.29480519480519485,0.19452701576620293,0.46006911247154175
757,XGB,LGBM,0.7844155844155845,2.5628582377650183e-05,0.6269662434315536
757,XGB,MLP,0.08961038961038961,0.6992893846688304,0.2876232713997141
757,LGBM,MLP,0.22987012987012984,0.3161498376663408,0.5976400100517867
764,RF,XGB,0.6571428571428571,0.0012093758514660198,0.8748755736630748
764,RF,LGBM,0.39610389610389607,0.07547637795047248,0.5646642583323441
764,RF,MLP,0.24805194805194808,0.2782897943042767,0.5079809927761292
764,XGB,LGBM,0.3064935064935065,0.17659418586665693,0.402782322247436
764,XGB,MLP,0.2935064935064935,0.19659251726168667,0.4923673287567945
764,LGBM,MLP,-0.14155844155844155,0.5404880300232261,0.7053446722914775
771,RF,XGB,0.7337662337662337,0.00015324044854450608,0.7805636242044383
771,RF,LGBM,0.638961038961039,0.0018207240803378836,0.684126036943522
771,RF,MLP,0.15844155844155844,0.49273603731315235,0.40686674396380684
771,XGB,LGBM,0.587012987012987,0.005149313814572183,0.5731217413789393
771,XGB,MLP,0.10909090909090909,0.637844297226886,0.4769075447913356
771,LGBM,MLP,0.07012987012987014,0.7625997832797398,0.7349384416086934
777,RF,XGB,0.7116883116883117,0.0002967657030413711,0.7525184876319468
777,RF,LGBM,0.29480519480519485,0.19452701576620293,0.5271171947193555
777,RF,MLP,0.35454545454545455,0.11480159086511355,0.42652084048640376
777,XGB,LGBM,0.14675324675324675,0.5255721976110102,0.36715164652422905
777,XGB,MLP,0.42337662337662335,0.05582289840720049,0.36740642389496997
777,LGBM,MLP,0.3116883116883117,0.16899965782484547,0.6086952712433389
778,RF,XGB,0.6272727272727273,0.002337286312784887,0.01803685780641043
778,RF,LGBM,0.5584415584415584,0.008510101872800206,0.5012129819985913
778,RF,MLP,0.18181818181818182,0.43023793249590314,0.23304095256190738
778,XGB,LGBM,0.6766233766233766,0.0007567063943834323,0.585314904298283
778,XGB,MLP,0.13116883116883118,0.5708891960684089,-0.004720760418346777
778,LGBM,MLP,0.18571428571428572,0.4202513335237499,0.08591046016299796
780,RF,XGB,0.41818181818181815,0.05922578935165219,0.28179224450142554
780,RF,LGBM,-0.15714285714285717,0.4963338454232182,-0.4772920841645325
780,RF,MLP,0.04935064935064935,0.8317685534433151,0.0858813210509465
780,XGB,LGBM,0.22207792207792207,0.3332805195945379,0.43820136828818623
780,XGB,MLP,-0.05844155844155843,0.8013282220179796,-0.04961223144190262
780,LGBM,MLP,-0.04935064935064935,0.8317685534433151,-0.09088050856176796
781,RF,XGB,0.47922077922077916,0.027944448062011983,0.5867547723729497
781,RF,LGBM,0.2311688311688312,0.3133473331324291,0.7522544438232565
781,RF,MLP,0.4051948051948052,0.0684236454174195,0.3230102832418023
781,XGB,LGBM,0.6246753246753247,0.002467394475033326,0.8334961856769108
781,XGB,MLP,0.4636363636363636,0.03426529873787609,0.21868306900671355
781,LGBM,MLP,0.04935064935064935,0.8317685534433151,0.28274557776803017
782,RF,XGB,0.464935064935065,0.033699231028965625,0.10080806287079691
782,RF,LGBM,0.3987012987012987,0.07340807742224027,0.5068698842703705
782,RF,MLP,0.11688311688311687,0.6138658528020938,0.34921780503853617
782,XGB,LGBM,0.6831168831168831,0.0006422902406314428,0.6569945120931401
782,XGB,MLP,0.12337662337662336,0.5941682580055346,0.25101091482514276
782,LGBM,MLP,0.21818181818181817,0.342048012047813,0.6031349187692157
798,RF,XGB,0.6116883116883116,0.0032126793710934515,0.8459694190617285
798,RF,LGBM,0.7896103896103897,2.0778246572781005e-05,0.8219820813991987
798,RF,MLP,0.24675324675324672,0.2808956712631186,0.38982008526410133
798,XGB,LGBM,0.6246753246753247,0.002467394475033326,0.8530008743040007
798,XGB,MLP,0.1909090909090909,0.4071327297448127,0.38755364645399454
798,LGBM,MLP,0.14545454545454545,0.5292829389801046,0.5166566985933414
799,RF,XGB,0.6974025974025975,0.0004413317796217928,0.9028394675257854
799,RF,LGBM,0.7090909090909091,0.0003195131305886621,0.6531079866682649
799,RF,MLP,-0.005194805194805195,0.9821704184352004,0.21479665143360316
799,XGB,LGBM,0.7792207792207791,3.14355971288616e-05,0.6720747315141334
799,XGB,MLP,0.17012987012987013,0.46094318375206567,0.4726927053907636
799,LGBM,MLP,0.05064935064935065,0.8274046658865746,0.6686176900896049
816,RF,XGB,0.5844155844155844,0.005399998364912409,0.42802105450198225
816,RF,LGBM,0.5,0.02099150467016482,0.4788927635469937
816,RF,MLP,0.251948051948052,0.27056314022623557,0.32840927895133804
816,XGB,LGBM,0.014285714285714285,0.9509932422972027,0.26306591223053694
816,XGB,MLP,0.348051948051948,0.12207717550592732,0.33709814363027496
816,LGBM,MLP,0.022077922077922082,0.9243230289105082,0.4019761497295281
817,RF,XGB,0.7155844155844155,0.0002652530626513761,0.43025916867785374
817,RF,LGBM,-0.1935064935064935,0.40065858838070295,0.06603289757704343
817,RF,MLP,-0.059740259740259746,0.7970010758753313,-0.08567358847681247
817,XGB,LGBM,-0.10519480519480517,0.6499672847296488,0.46763941821439764
817,XGB,MLP,0.04285714285714286,0.8536570982478848,-0.2345129744819686
817,LGBM,MLP,-0.5818181818181818,0.00566070222608447,-0.5052863071177337
824,RF,XGB,0.006493506493506493,0.9777139815073872,-0.3144302668708992
824,RF,LGBM,-0.022077922077922082,0.9243230289105082,0.06302653107928016
824,RF,MLP,-0.051948051948051945,0.8230456679720457,0.06258935995273789
824,XGB,LGBM,0.748051948051948,9.650639036965712e-05,0.6748564421774562
824,XGB,MLP,0.059740259740259746,0.7970010758753313,-0.485351664635452
824,LGBM,MLP,0.0012987012987012987,0.9955422850919049,-0.5645734066038388
838,RF,XGB,0.7051948051948052,0.0003564308384906877,0.7913693029281315
838,RF,LGBM,0.5974025974025974,0.004240874117222793,0.8558197926101934
838,RF,MLP,0.24935064935064938,0.27569907970760515,0.6946224200135944
838,XGB,LGBM,0.4636363636363636,0.03426529873787609,0.6938732612006527
838,XGB,MLP,0.3675324675324675,0.10119902708769574,0.5908483990234995
838,LGBM,MLP,0.34545454545454546,0.12507807750179883,0.8376216325735172
842,RF,XGB,0.5532467532467533,0.009281014982756764,0.7118798812759495
842,RF,LGBM,0.2350649350649351,0.3050302888415488,0.787548084796376
842,RF,MLP,0.22077922077922077,0.3361880870952679,0.671777910389971
842,XGB,LGBM,0.12987012987012986,0.5747411951907224,0.7396080154502173
842,XGB,MLP,0.3025974025974026,0.1824410913813027,0.6538911513177575
842,LGBM,MLP,-0.18181818181818182,0.43023793249590314,0.774681691754601
846,RF,XGB,0.8090909090909091,8.958357547402355e-06,0.7874703885290892
846,RF,LGBM,0.5506493506493506,0.009687372375827964,0.7507332974280927
846,RF,MLP,0.5987012987012986,0.004137339094531022,0.6049715182545505
846,XGB,LGBM,0.6272727272727273,0.002337286312784887,0.7414723732546458
846,XGB,MLP,0.36883116883116884,0.09990670544494931,0.5175457772010726
846,LGBM,MLP,0.44415584415584414,0.04368428298320847,0.815656561683726
857,RF,XGB,0.4896103896103896,0.024270522021007424,0.8374150785563302
857,RF,LGBM,0.5441558441558442,0.010767227319457274,0.807983384582641
857,RF,MLP,0.20519480519480518,0.37223736385432643,0.2651185347993052
857,XGB,LGBM,0.2727272727272727,0.2316557954857192,0.5107476294320209
857,XGB,MLP,0.3168831168831169,0.161633166892741,0.2013879347929062
857,LGBM,MLP,-0.04805194805194805,0.8361372099212369,0.3399866266897406
867,RF,XGB,0.7610389610389611,6.17101871334167e-05,0.7501844156889269
867,RF,LGBM,0.8623376623376624,4.995617073702454e-07,0.9122839938897692
867,RF,MLP,0.41298701298701296,0.0627844372189399,0.48963338772844317
867,XGB,LGBM,0.7129870129870131,0.00028592281159081395,0.7858701739589259
867,XGB,MLP,0.3987012987012987,0.07340807742224027,0.42838984178164713
867,LGBM,MLP,0.4051948051948052,0.0684236454174195,0.6313566088376227
869,RF,XGB,0.5207792207792208,0.015496226134079147,0.8772290033732352
869,RF,LGBM,0.39090909090909093,0.07974355165372467,0.45156774314997367
869,RF,MLP,-0.029870129870129873,0.8977307350801783,0.25919921200419616
869,XGB,LGBM,0.3766233766233766,0.092405309430575,0.6021355589864743
869,XGB,MLP,0.1,0.6662641376986583,0.5073624218154992
869,LGBM,MLP,0.062337662337662345,0.788364072800584,0.6448415208981128
886,RF,XGB,0.5935064935064935,0.004564488616221692,0.32458866008907294
886,RF,LGBM,0.20649350649350648,0.3691521306594588,0.28531156943849006
886,RF,MLP,0.2701298701298701,0.2363077950605595,0.1979676467981969
886,XGB,LGBM,0.10519480519480517,0.6499672847296488,-0.07463937117465894
886,XGB,MLP,0.36883116883116884,0.09990670544494931,0.27872265359582526
886,LGBM,MLP,-0.07922077922077922,0.7328457347746481,0.16563831814292107
889,RF,XGB,0.5207792207792208,0.015496226134079147,0.5939226133188997
889,RF,LGBM,0.5987012987012986,0.004137339094531022,0.8012488956786381
889,RF,MLP,0.18961038961038962,0.41039115439621604,0.6201956822607623
889,XGB,LGBM,0.34415584415584416,0.12659816458138168,0.6363752897877684
889,XGB,MLP,0.37142857142857144,0.09735837325949603,0.6637135146249523
889,LGBM,MLP,0.01038961038961039,0.9643490145476253,0.815324319727826
893,RF,XGB,0.7454545454545455,0.00010520239301192448,0.48904024583505346
893,RF,LGBM,0.1909090909090909,0.4071327297448127,-0.3034779211550208
893,RF,MLP,-0.05064935064935065,0.8274046658865746,0.0649622290778529
893,XGB,LGBM,-0.05324675324675325,0.8186916800528405,-0.31581843840038576
893,XGB,MLP,0.03766233766233767,0.8712435420745898,-0.10145416558342382
893,LGBM,MLP,0.274025974025974,0.22935235226578057,0.10130718900976009
904,RF,XGB,0.42337662337662335,0.05582289840720049,0.2560882210188421
904,RF,LGBM,0.187012987012987,0.4169505000140746,0.355697148646413
904,RF,MLP,-0.3233766233766234,0.1527420375382629,-0.4119629115515674
904,XGB,LGBM,0.5662337662337662,0.007452803836674509,0.8877000759198566
904,XGB,MLP,-0.3220779220779221,0.15449229891803337,-0.17231790028495123
904,LGBM,MLP,-0.3064935064935065,0.17659418586665693,-0.19755637548308058
914,RF,XGB,0.5116883116883117,0.01773639724372509,0.68906406300939
914,RF,LGBM,0.551948051948052,0.00948241340899865,0.8081136420444409
914,RF,MLP,0.26103896103896107,0.25306481196664155,0.489436973357258
914,XGB,LGBM,0.5753246753246753,0.006358310845714959,0.8467816109302598
914,XGB,MLP,0.3181818181818181,0.1598268955547498,0.4968236203655451
914,LGBM,MLP,0.12467532467532469,0.590260853646067,0.6674125479618812
926,RF,XGB,0.6727272727272726,0.0008333435326227536,0.9193972830547178
926,RF,LGBM,0.7454545454545455,0.00010520239301192448,0.706293758940894
926,RF,MLP,-0.08181818181818182,0.7244098408074375,0.2485764927722371
926,XGB,LGBM,0.725974025974026,0.00019486894429420653,0.8417227064853466
926,XGB,MLP,0.2545454545454545,0.26548784934396497,0.5343570243919553
926,LGBM,MLP,0.12727272727272726,0.5824788611326692,0.7728121736461053
936,RF,XGB,0.7220779220779221,0.0002191009913753788,0.5211895941213012
936,RF,LGBM,0.49610389610389616,0.022176831557460017,0.5667937930696676
936,RF,MLP,0.22467532467532467,0.3275102738815652,0.42575185556585743
936,XGB,LGBM,0.13766233766233765,0.551800840604731,0.31701251111623996
936,XGB,MLP,0.21688311688311687,0.3450003269824448,0.5281584271014311
936,LGBM,MLP,-0.12857142857142856,0.5786044448638965,0.41794146884740274
939,RF,XGB,0.7194805194805195,0.00023665715585405198,0.7482552238165104
939,RF,LGBM,0.42337662337662335,0.05582289840720049,0.6028485317497362
939,RF,MLP,0.3207792207792208,0.15625650175659497,0.46417269105184555
939,XGB,LGBM,0.2987012987012987,0.18841842410537243,0.6809966672225274
939,XGB,MLP,0.34545454545454546,0.12507807750179883,0.5582144417162401
939,LGBM,MLP,0.22207792207792207,0.3332805195945379,0.6264956195230023
941,RF,XGB,0.503896103896104,0.01985737651415709,0.05449641631084295
941,RF,LGBM,0.2701298701298701,0.2363077950605595,0.35529421043564646
941,RF,MLP,0.04155844155844156,0.858047776266044,0.012117202012252807
941,XGB,LGBM,0.43376623376623374,0.049467479381547524,0.23104855954223802
941,XGB,MLP,0.17922077922077922,0.4369652748985062,-0.022816200512682096
941,LGBM,MLP,-0.007792207792207793,0.9732581834484768,0.01490764572272417
943,RF,XGB,0.3233766233766234,0.1527420375382629,-0.14559991050158516
943,RF,LGBM,0.42207792207792205,0.056659249673108106,0.49656833761570673
943,RF,MLP,-0.13896103896103898,0.5480180624883647,0.23890776791115784
943,XGB,LGBM,0.24675324675324672,0.2808956712631186,0.3405084493026513
943,XGB,MLP,0.41298701298701296,0.0627844372189399,0.47237604006965955
943,LGBM,MLP,0.1922077922077922,0.4038885272768977,0.6332662894512826
946,RF,XGB,0.8935064935064935,4.9461674793322137e-08,0.7607826636017646
946,RF,LGBM,0.7922077922077921,1.8668396670120594e-05,0.8425122260663206
946,RF,MLP,0.32597402597402597,0.14928317187962065,0.5678282027538615
946,XGB,LGBM,0.6974025974025975,0.0004413317796217928,0.9715914396740412
946,XGB,MLP,0.32857142857142857,0.14587956444987268,0.8043545189354435
946,LGBM,MLP,0.36623376623376624,0.10250352982629483,0.7785470372935461
952,RF,XGB,0.4883116883116883,0.02470752493518718,0.6543142037501979
952,RF,LGBM,0.3922077922077922,0.07866027810398214,0.8467275575308063
952,RF,MLP,0.2675324675324675,0.24102003675627295,0.5885033839794809
952,XGB,LGBM,0.5324675324675324,0.012957519789950384,0.8438667302705317
952,XGB,MLP,0.3675324675324675,0.10119902708769574,0.6258491019640762
952,LGBM,MLP,0.34545454545454546,0.12507807750179883,0.7927933732921941
965,RF,XGB,0.5389610389610389,0.011700072360478073,0.8981828686858165
965,RF,LGBM,0.8441558441558441,1.5068106991418413e-06,0.6244205190091211
965,RF,MLP,-0.16363636363636364,0.4784743069143618,0.23513390699459435
965,XGB,LGBM,0.696103896103896,0.0004570409713834745,0.7129672198578916
965,XGB,MLP,0.2727272727272727,0.2316557954857192,0.5324634959325522
965,LGBM,MLP,-0.02727272727272727,0.9065844922540648,0.7377961807519204
988,RF,XGB,0.44285714285714284,0.04437704849154563,0.8216662407622962
988,RF,LGBM,0.5974025974025974,0.004240874117222793,0.7738954836247408
988,RF,MLP,0.24025974025974026,0.29415239923972397,0.26621235801967685
988,XGB,LGBM,0.49610389610389616,0.022176831557460017,0.6915081983165448
988,XGB,MLP,-0.0987012987012987,0.6703614184969643,0.026248390409164577
988,LGBM,MLP,-0.01038961038961039,0.9643490145476253,0.12950743827684758
994,RF,XGB,0.7428571428571429,0.00011456707388370871,0.6826281314854042
994,RF,LGBM,0.7974025974025974,1.5001549621912613e-05,0.8276918635441474
994,RF,MLP,0.30129870129870134,0.18441900148730597,0.2806696394140892
994,XGB,LGBM,0.7246753246753247,0.00020267623916371931,0.8671772765190502
994,XGB,MLP,0.27792207792207796,0.2225320652788446,0.37505401509255376
994,LGBM,MLP,0.35844155844155845,0.11058955072221302,0.5346539978655661
1004,RF,XGB,0.7324675324675325,0.00015959227909270518,0.3174628148423998
1004,RF,LGBM,0.7831168831168831,2.698491900595073e-05,0.8081470035909383
1004,RF,MLP,0.16883116883116883,0.46442277316539365,0.22970014772501898
1004,XGB,LGBM,0.46623376623376617,0.03314052796877139,0.5234708473602165
1004,XGB,MLP,0.15714285714285717,0.4963338454232182,-0.004343591325097549
1004,LGBM,MLP,0.15714285714285717,0.4963338454232182,0.08068599037307063
1009,RF,XGB,0.6454545454545455,0.0015778975857754145,0.870992595569386
1009,RF,LGBM,0.774025974025974,3.835408895133142e-05,0.7801752037832074
1009,RF,MLP,0.3168831168831169,0.161633166892741,0.6067838790642509
1009,XGB,LGBM,0.5337662337662338,0.012697637214593745,0.5571491526260324
1009,XGB,MLP,0.35454545454545455,0.11480159086511355,0.507059649833055
1009,LGBM,MLP,0.2155844155844156,0.3479675136622996,0.809762833421999
1018,RF,XGB,0.8311688311688311,3.0551627702847524e-06,0.7338908046397625
1018,RF,LGBM,0.31428571428571433,0.16528805484305464,0.697029391293029
1018,RF,MLP,0.312987012987013,0.16713674816730895,0.6206394463708914
1018,XGB,LGBM,0.2987012987012987,0.18841842410537243,0.5534786713240579
1018,XGB,MLP,0.44285714285714284,0.04437704849154563,0.5622518492319858
1018,LGBM,MLP,0.4974025974025974,0.021775935134623416,0.8600439325465036
1033,RF,XGB,0.48181818181818176,0.026987226111659643,0.24594730443605115
1033,RF,LGBM,0.18571428571428572,0.4202513335237499,-0.044869049240137515
1033,RF,MLP,0.12207792207792208,0.5980864852006569,0.12876235326499585
1033,XGB,LGBM,-0.12857142857142856,0.5786044448638965,-0.5728259986043392
1033,XGB,MLP,-0.005194805194805195,0.9821704184352004,-0.2521483678363133
1033,LGBM,MLP,0.10389610389610389,0.6540274583163918,0.37712538985482263
1034,RF,XGB,0.6324675324675325,0.002094285916756489,0.46325074165010427
1034,RF,LGBM,0.187012987012987,0.4169505000140746,0.8275892520815644
1034,RF,MLP,0.04025974025974026,0.8624424916554133,0.5140307548920657
1034,XGB,LGBM,0.38051948051948054,0.08881428785517563,0.27734238678536366
1034,XGB,MLP,-0.02857142857142857,0.9021562162960429,0.33987778440162053
1034,LGBM,MLP,0.07012987012987014,0.7625997832797398,0.7518041052168601
1043,RF,XGB,0.6662337662337662,0.0009757283731243901,0.6004412876119285
1043,RF,LGBM,0.7584415584415585,6.763045475607197e-05,0.7652722797144822
1043,RF,MLP,0.15194805194805194,0.5108526218124549,0.32860077790657904
1043,XGB,LGBM,0.6337662337662338,0.002036972717580764,0.8347569339992444
1043,XGB,MLP,0.15454545454545454,0.5035678584762259,0.5686363409645546
1043,LGBM,MLP,0.23376623376623373,0.3077875466640504,0.5898472475521026
1061,RF,XGB,0.0935064935064935,0.6868397848627376,-0.4082534249607082
1061,RF,LGBM,0.24805194805194808,0.2782897943042767,0.6439332282284878
1061,RF,MLP,-0.05324675324675325,0.8186916800528405,0.08232654902239302
1061,XGB,LGBM,0.3233766233766234,0.1527420375382629,0.0476709876007117
1061,XGB,MLP,-0.09090909090909091,0.6951310760397714,-0.43837163272833507
1061,LGBM,MLP,0.1883116883116883,0.4136637589062404,0.044080237970442374
1073,RF,XGB,0.838961038961039,2.0139708710192916e-06,0.6510037295559662
1073,RF,LGBM,0.851948051948052,9.55713074466901e-07,0.8391391126416708
1073,RF,MLP,0.21038961038961035,0.35998449216768674,0.32196381664018336
1073,XGB,LGBM,0.7090909090909091,0.0003195131305886621,0.8443445949316483
1073,XGB,MLP,0.18311688311688312,0.4268950962943347,0.5113548185292804
1073,LGBM,MLP,0.2896103896103896,0.2028773165232885,0.5490139614229808
1074,RF,XGB,0.44285714285714284,0.04437704849154563,0.21979705479260492
1074,RF,LGBM,0.6415584415584416,0.0017200676131313936,0.5576349098458513
1074,RF,MLP,0.212987012987013,0.35394640699014296,0.24009020324632696
1074,XGB,LGBM,0.2961038961038961,0.19247618519439216,0.028092536063102875
1074,XGB,MLP,0.3064935064935065,0.17659418586665693,0.3865038625040003
1074,LGBM,MLP,0.014285714285714285,0.9509932422972027,0.28934659546079367
1079,RF,XGB,0.9259740259740258,1.779103836891949e-09,0.8238215222228927
1079,RF,LGBM,0.551948051948052,0.00948241340899865,0.604973468408411
1079,RF,MLP,0.22987012987012984,0.3161498376663408,0.30520686002154995
1079,XGB,LGBM,0.5155844155844156,0.016746441238866275,0.7577084949368403
1079,XGB,MLP,0.37792207792207794,0.09119661406939472,0.19670311390869777
1079,LGBM,MLP,0.24545454545454545,0.28351670883126684,0.22550658097239298
1084,RF,XGB,0.7870129870129869,2.309278639660772e-05,0.6785008987049397
1084,RF,LGBM,0.7558441558441559,7.403635379593029e-05,0.712972262342392
1084,RF,MLP,0.23636363636363636,0.3022881358528413,0.17696605647128588
1084,XGB,LGBM,0.6896103896103896,0.0005429563727057949,0.5995538460805271
1084,XGB,MLP,0.29740259740259745,0.19043999754486568,-0.06242573328325975
1084,LGBM,MLP,0.2038961038961039,0.37533722290245836,-0.032897252008942376
1106,RF,XGB,0.5987012987012986,0.004137339094531022,0.6906449907733668
1106,RF,LGBM,0.5168831168831168,0.0164265280840293,0.5387425395940674
1106,RF,MLP,0.21428571428571425,0.35094954850355253,0.3301464705805453
1106,XGB,LGBM,0.34415584415584416,0.12659816458138168,0.46084557993338665
1106,XGB,MLP,0.3246753246753247,0.15100567594389833,0.5415992791535262
1106,LGBM,MLP,0.10259740259740259,0.6580970577075416,0.41945710327404095
1108,RF,XGB,0.34285714285714286,0.1281314100732618,-0.16647151760881623
1108,RF,LGBM,0.187012987012987,0.4169505000140746,0.44789968607553804
1108,RF,MLP,0.029870129870129873,0.8977307350801783,0.2625900171498866
1108,XGB,LGBM,0.27792207792207796,0.2225320652788446,0.10529891190372086
1108,XGB,MLP,-0.05584415584415584,0.8099992137199937,-0.04114353505106035
1108,LGBM,MLP,0.42987012987012985,0.05178188171189559,0.6543693537971481
1110,RF,XGB,0.37532467532467534,0.09362577329735101,-0.07102555651898286
1110,RF,LGBM,0.16623376623376623,0.471422022315551,0.2833369441864606
1110,RF,MLP,0.22467532467532467,0.3275102738815652,0.16453479233564247
1110,XGB,LGBM,0.13766233766233765,0.551800840604731,0.4426070089442669
1110,XGB,MLP,-0.01818181818181818,0.9376501036584043,-0.2864385316758337
1110,LGBM,MLP,-0.2857142857142857,0.2092950927335546,-0.3868020405589452
1111,RF,XGB,0.7376623376623377,0.00013547414981215296,0.7856543475101512
1111,RF,LGBM,0.6103896103896104,0.0032965720706862613,0.45919608195233574
1111,RF,MLP,-0.27662337662337666,0.22479050345941629,-0.15311235143857718
1111,XGB,LGBM,0.5298701298701299,0.01349023456881028,0.6945848786979723
1111,XGB,MLP,-0.11818181818181818,0.6099052209533065,0.03659380888447372
1111,LGBM,MLP,0.014285714285714285,0.9509932422972027,0.13021519855940664
1113,RF,XGB,0.4805194805194805,0.027462536204208972,0.521244244224125
1113,RF,LGBM,0.6831168831168831,0.0006422902406314428,0.8206209835228081
1113,RF,MLP,0.42727272727272725,0.053370405215496956,0.6095851430818536
1113,XGB,LGBM,0.6285714285714287,0.0022744232200460814,0.7782186042808623
1113,XGB,MLP,0.1883116883116883,0.4136637589062404,0.6929234230634899
1113,LGBM,MLP,0.22337662337662337,0.330387908876124,0.77533364798932
1114,RF,XGB,0.5597402597402598,0.008325815617061407,0.7805120637822028
1114,RF,LGBM,0.3025974025974026,0.1824410913813027,0.8600739977271915
1114,RF,MLP,0.3233766233766234,0.1527420375382629,0.7093415036100379
1114,XGB,LGBM,0.3064935064935065,0.17659418586665693,0.752957910855338
1114,XGB,MLP,0.20649350649350648,0.3691521306594588,0.6874928738413498
1114,LGBM,MLP,-0.02077922077922078,0.9287633909628463,0.8367572324695948
1117,RF,XGB,0.525974025974026,0.014322464412872613,0.629110092196097
1117,RF,LGBM,0.4194805194805195,0.05836062913446332,0.7749248723494597
1117,RF,MLP,0.312987012987013,0.16713674816730895,0.6836648431179266
1117,XGB,LGBM,0.374025974025974,0.09485806555451039,0.7252715888593522
1117,XGB,MLP,0.35454545454545455,0.11480159086511355,0.6719297520025773
1117,LGBM,MLP,-0.087012987012987,0.7076308010268806,0.8307852765227199
1132,RF,XGB,0.503896103896104,0.01985737651415709,0.028188128562386793
1132,RF,LGBM,0.49870129870129876,0.02138084599925308,0.6167388429456853
1132,RF,MLP,0.1987012987012987,0.3878822634645567,0.13152490981437603
1132,XGB,LGBM,0.2584415584415584,0.2579885873988545,0.448624599751323
1132,XGB,MLP,0.07012987012987014,0.7625997832797398,0.3864783240767066
1132,LGBM,MLP,0.06753246753246753,0.7711624988673798,0.5463178591363468
1137,RF,XGB,0.8805194805194804,1.4004148957869466e-07,0.8340785843419095
1137,RF,LGBM,0.0974025974025974,0.6744677255097002,0.6475085444087842
1137,RF,MLP,0.00909090909090909,0.9688031519255759,0.5547085673778295
1137,XGB,LGBM,0.12727272727272726,0.5824788611326692,0.8576556594982906
1137,XGB,MLP,0.087012987012987,0.7076308010268806,0.8817611521533041
1137,LGBM,MLP,-0.06103896103896104,0.7926796536257745,0.8168783373017134
1138,RF,XGB,0.38571428571428573,0.08418819066159455,0.8835713834616775
1138,RF,LGBM,0.6207792207792208,0.002673912759074672,0.7033510936651328
1138,RF,MLP,0.05714285714285714,0.8056609740932286,0.25043680966464293
1138,XGB,LGBM,0.7389610389610389,0.00012996118121126078,0.7624983167154703
1138,XGB,MLP,0.3220779220779221,0.15449229891803337,0.45896394159390774
1138,LGBM,MLP,0.15584415584415584,0.49994447453114993,0.6449161003600918
1140,RF,XGB,0.43766233766233764,0.047233545714129424,0.4593725873789595
1140,RF,LGBM,0.18441558441558442,0.42356621430502056,0.6498561677883778
1140,RF,MLP,0.2506493506493506,0.2731235283481196,0.45441064134754816
1140,XGB,LGBM,0.464935064935065,0.033699231028965625,0.6223894300753194
1140,XGB,MLP,0.02077922077922078,0.9287633909628463,0.4106298897405355
1140,LGBM,MLP,0.21168831168831168,0.35695806367272104,0.4645434512877212
1142,RF,XGB,0.8298701298701299,3.268255517738792e-06,0.8251037286887714
1142,RF,LGBM,0.8454545454545455,1.399110699362322e-06,0.8693688726042482
1142,RF,MLP,0.2545454545454545,0.26548784934396497,0.6525197765878731
1142,XGB,LGBM,0.7818181818181819,2.840326860518539e-05,0.9341730614736469
1142,XGB,MLP,0.3038961038961039,0.18047767364208767,0.7528738980356181
1142,LGBM,MLP,0.348051948051948,0.12207717550592732,0.736663902510826
1145,RF,XGB,0.6077922077922078,0.003469852390223125,0.9261253206357507
1145,RF,LGBM,0.7155844155844155,0.0002652530626513761,0.7062336180136235
1145,RF,MLP,-0.059740259740259746,0.7970010758753313,0.21582296906368048
1145,XGB,LGBM,0.6311688311688312,0.0021529486113597883,0.8411889970601663
1145,XGB,MLP,0.14025974025974028,0.5442470998307317,0.49009097209044417
1145,LGBM,MLP,0.01818181818181818,0.9376501036584043,0.6907644650836136
1146,RF,XGB,0.5688311688311689,0.007125381298647016,0.9257200275549233
1146,RF,LGBM,0.748051948051948,9.650639036965712e-05,0.6016202807415025
1146,RF,MLP,-0.015584415584415586,0.9465439560865643,0.2742377758421806
1146,XGB,LGBM,0.7870129870129869,2.309278639660772e-05,0.734055846008935
1146,XGB,MLP,0.3181818181818181,0.1598268955547498,0.5139460912560362
1146,LGBM,MLP,0.0987012987012987,0.6703614184969643,0.7729150189094572
1151,RF,XGB,0.8168831168831169,6.228850108065046e-06,0.7574747121703339
1151,RF,LGBM,0.8883116883116883,7.615212819509366e-08,0.8423460526332371
1151,RF,MLP,0.1922077922077922,0.4038885272768977,0.45747538039038027
1151,XGB,LGBM,0.7922077922077921,1.8668396670120594e-05,0.9767621207020696
1151,XGB,MLP,0.0987012987012987,0.6703614184969643,0.6801925336344379
1151,LGBM,MLP,0.1909090909090909,0.4071327297448127,0.6860696731667162
1168,RF,XGB,0.12077922077922078,0.6020154473326507,-0.2528073703762914
1168,RF,LGBM,-0.033766233766233764,0.8844723124673912,0.035673408142601795
1168,RF,MLP,0.0038961038961038965,0.9866273665163273,-0.057912145618885566
1168,XGB,LGBM,0.7064935064935066,0.0003437390796187934,0.7338915818731185
1168,XGB,MLP,-0.461038961038961,0.03541978661443526,-0.5744830069841316
1168,LGBM,MLP,-0.45714285714285713,0.0372083724068703,-0.723034967383677
1169,RF,XGB,0.3168831168831169,0.161633166892741,0.11011533684650837
1169,RF,LGBM,0.7077922077922078,0.00033143647034757746,0.7114114977873375
1169,RF,MLP,0.38831168831168833,0.08194343705246764,0.56040935912995
1169,XGB,LGBM,0.6103896103896104,0.0032965720706862613,0.647610309243005
1169,XGB,MLP,0.3571428571428571,0.11198091415054648,0.6838820821734408
1169,LGBM,MLP,0.5077922077922078,0.01877286191233981,0.8834387362500647
1177,RF,XGB,0.7987012987012986,1.4189641838423761e-05,0.6709287886555405
1177,RF,LGBM,0.7207792207792209,0.0002277337244462252,0.8292158757962762
1177,RF,MLP,0.5441558441558442,0.010767227319457274,0.6411728658137317
1177,XGB,LGBM,0.6181818181818182,0.002819482044682577,0.5404135584621761
1177,XGB,MLP,0.3987012987012987,0.07340807742224027,0.39130177841948083
1177,LGBM,MLP,0.4077922077922078,0.06650304724796141,0.6737773584161395
1178,RF,XGB,0.5584415584415584,0.008510101872800206,0.6787741482565689
1178,RF,LGBM,0.37142857142857144,0.09735837325949603,0.8258365891423731
1178,RF,MLP,0.3571428571428571,0.11198091415054648,0.7188487000437682
1178,XGB,LGBM,0.3233766233766234,0.1527420375382629,0.7312055584021272
1178,XGB,MLP,0.41818181818181815,0.05922578935165219,0.687534989412229
1178,LGBM,MLP,-0.125974025974026,0.5863643592427876,0.8338048569584454
1182,RF,XGB,0.7285714285714285,0.00018002754748230472,0.7498021784820373
1182,RF,LGBM,0.05454545454545454,0.8143428221052689,0.6119173399714087
1182,RF,MLP,0.1909090909090909,0.4071327297448127,0.40915189268224117
1182,XGB,LGBM,0.33896103896103896,0.1328105963995839,0.7720411703620877
1182,XGB,MLP,0.04025974025974026,0.8624424916554133,0.7928802262815418
1182,LGBM,MLP,-0.07922077922077922,0.7328457347746481,0.7424362166800891
1190,RF,XGB,0.43766233766233764,0.047233545714129424,0.8746456672767299
1190,RF,LGBM,0.23376623376623373,0.3077875466640504,0.5148148740415025
1190,RF,MLP,-0.08441558441558442,0.7160045730938803,0.39000346879654996
1190,XGB,LGBM,0.42337662337662335,0.05582289840720049,0.4805121568059949
1190,XGB,MLP,-0.024675324675324677,0.9154489258699161,0.49122571975678875
1190,LGBM,MLP,0.2311688311688312,0.3133473331324291,0.6209606110794694
1197,RF,XGB,0.5415584415584416,0.011225759601972744,0.5510477347364392
1197,RF,LGBM,0.37272727272727274,0.09610224578434735,0.7014979503459388
1197,RF,MLP,0.31428571428571433,0.16528805484305464,0.1268765066474723
1197,XGB,LGBM,0.5532467532467533,0.009281014982756764,0.8406533835849159
1197,XGB,MLP,0.16233766233766234,0.4820201872355597,-0.06916297889565844
1197,LGBM,MLP,0.07142857142857142,0.7583283454574847,-0.09187063557187501
1204,RF,XGB,0.9103896103896105,1.0268477969082586e-08,0.8247480793521299
1204,RF,LGBM,0.6168831168831169,0.0028947180479421885,0.7997884140979235
1204,RF,MLP,0.38311688311688313,0.0864783097986004,0.42559047807868455
1204,XGB,LGBM,0.5766233766233767,0.006213392871018538,0.5609662049520302
1204,XGB,MLP,0.5467532467532468,0.010324082786185745,0.34299934574167407
1204,LGBM,MLP,0.44285714285714284,0.04437704849154563,0.5239507271066683
1208,RF,XGB,0.5623376623376624,0.007967059099044032,0.8993021417074012
1208,RF,LGBM,0.7064935064935066,0.0003437390796187934,0.6670805060499511
1208,RF,MLP,0.22207792207792207,0.3332805195945379,0.22351695911547692
1208,XGB,LGBM,0.7038961038961039,0.00036952182272340854,0.7484958868204813
1208,XGB,MLP,0.18571428571428572,0.4202513335237499,0.4651323036465154
1208,LGBM,MLP,-0.03506493506493507,0.8800592616595699,0.6599218362889155
1211,RF,XGB,0.5181818181818182,0.016111558031212534,0.4973149111988455
1211,RF,LGBM,0.5428571428571428,0.010994545574058883,0.8238535676288279
1211,RF,MLP,0.16103896103896104,0.4855791442852288,0.5878966826198955
1211,XGB,LGBM,0.35454545454545455,0.11480159086511355,0.7039148448612536
1211,XGB,MLP,0.10259740259740259,0.6580970577075416,0.6901924104378695
1211,LGBM,MLP,0.2155844155844156,0.3479675136622996,0.8280575639752862
1220,RF,XGB,0.43506493506493504,0.04871398224636616,0.6345898770574431
1220,RF,LGBM,0.725974025974026,0.00019486894429420653,0.7550267590440601
1220,RF,MLP,0.1077922077922078,0.6418756070398507,0.2768853234167627
1220,XGB,LGBM,0.3532467532467533,0.11623101293161814,0.8127647910946559
1220,XGB,MLP,0.41038961038961036,0.06462348505257622,0.2778812311380357
1220,LGBM,MLP,0.02727272727272727,0.9065844922540648,0.4309188886531821
1226,RF,XGB,0.5805194805194805,0.005794906424646407,0.7301625771889287
1226,RF,LGBM,0.47792207792207797,0.028433024289660953,0.8589135938238011
1226,RF,MLP,0.28051948051948056,0.21806007395025545,0.758870220104981
1226,XGB,LGBM,0.38051948051948054,0.08881428785517563,0.7507704090328868
1226,XGB,MLP,0.32727272727272727,0.14757448251475364,0.7054062912373028
1226,LGBM,MLP,0.04935064935064935,0.8317685534433151,0.8813562215024785
1235,RF,XGB,0.6142857142857143,0.0030502365456209725,0.7910256874422538
1235,RF,LGBM,0.648051948051948,0.0014887342546572638,0.5533049309908453
1235,RF,MLP,0.3194805194805195,0.15803468713885824,0.343609229980035
1235,XGB,LGBM,0.34415584415584416,0.12659816458138168,0.48009293729737595
1235,XGB,MLP,0.3532467532467533,0.11623101293161814,0.45942343461227275
1235,LGBM,MLP,0.29740259740259745,0.19043999754486568,0.4799491296072311
1240,RF,XGB,0.45454545454545453,0.03843942504383775,0.8279854076873675
1240,RF,LGBM,0.6974025974025975,0.0004413317796217928,0.6547401724219969
1240,RF,MLP,0.20779220779220778,0.36608155438398177,0.3456407100571978
1240,XGB,LGBM,0.7454545454545455,0.00010520239301192448,0.8006311810808481
1240,XGB,MLP,0.4051948051948052,0.0684236454174195,0.5158641128758795
1240,LGBM,MLP,0.3987012987012987,0.07340807742224027,0.7698406553251911
1249,RF,XGB,0.1974025974025974,0.39105475294328795,0.8176928782342575
1249,RF,LGBM,0.30129870129870134,0.18441900148730597,0.725195445532427
1249,RF,MLP,-0.01818181818181818,0.9376501036584043,0.6298532278085626
1249,XGB,LGBM,-0.022077922077922082,0.9243230289105082,0.9358634762643622
1249,XGB,MLP,-0.1064935064935065,0.6459166351388025,0.8606931780132635
1249,LGBM,MLP,0.23376623376623373,0.3077875466640504,0.8695793003530228
1253,RF,XGB,0.33506493506493507,0.13760998567228214,-0.13938480622650684
1253,RF,LGBM,0.6701298701298701,0.0008880182898465353,0.608466581391476
1253,RF,MLP,0.5402597402597402,0.01146091866432833,0.5019562887942935
1253,XGB,LGBM,0.18571428571428572,0.4202513335237499,0.2502531265981564
1253,XGB,MLP,0.5168831168831168,0.0164265280840293,0.30294524262437983
1253,LGBM,MLP,0.37272727272727274,0.09610224578434735,0.4542532173184686
1255,RF,XGB,0.6116883116883116,0.0032126793710934515,0.786842039130451
1255,RF,LGBM,0.8662337662337661,3.863979616916554e-07,0.8664618255743496
1255,RF,MLP,0.2597402597402597,0.2555191301623943,0.4655640797836193
1255,XGB,LGBM,0.6168831168831169,0.0028947180479421885,0.9787715598494222
1255,XGB,MLP,0.3701298701298701,0.0986265069357616,0.6742374333326092
1255,LGBM,MLP,0.34155844155844156,0.12967786415595978,0.6651199725602376
1258,RF,XGB,0.5363636363636364,0.012190563732810203,0.22472788041491204
1258,RF,LGBM,0.448051948051948,0.04165618995678565,0.4732886514501666
1258,RF,MLP,0.05064935064935065,0.8274046658865746,0.20907385978838233
1258,XGB,LGBM,0.28181818181818186,0.2158464834864693,0.2934884258831863
1258,XGB,MLP,0.2025974025974026,0.37845167579960404,0.5030430513093044
1258,LGBM,MLP,-0.2311688311688312,0.3133473331324291,0.44803995823538695
1262,RF,XGB,0.5324675324675324,0.012957519789950384,0.17266373869372934
1262,RF,LGBM,0.34155844155844156,0.12967786415595978,0.3810970662981038
1262,RF,MLP,0.01948051948051948,0.9332057914291583,0.2186145415145523
1262,XGB,LGBM,0.27792207792207796,0.2225320652788446,0.03509259488250447
1262,XGB,MLP,0.15584415584415584,0.49994447453114993,0.4595897689487653
1262,LGBM,MLP,-0.15194805194805194,0.5108526218124549,0.43041974318920956
1268,RF,XGB,0.8298701298701299,3.268255517738792e-06,0.9323972998999686
1268,RF,LGBM,0.6467532467532467,0.001532768789018723,0.6497708095655884
1268,RF,MLP,0.3246753246753247,0.15100567594389833,0.5265293861856458
1268,XGB,LGBM,0.5935064935064935,0.004564488616221692,0.5989250184118796
1268,XGB,MLP,0.464935064935065,0.033699231028965625,0.5671818069619768
1268,LGBM,MLP,0.42337662337662335,0.05582289840720049,0.5466991706898984
1271,RF,XGB,0.274025974025974,0.22935235226578057,0.47797570151345614
1271,RF,LGBM,0.04285714285714286,0.8536570982478848,0.2869764979538325
1271,RF,MLP,0.37792207792207794,0.09119661406939472,0.38192283485514195
1271,XGB,LGBM,0.2038961038961039,0.37533722290245836,0.43290893784773277
1271,XGB,MLP,0.20129870129870128,0.3815806896030638,0.2581874343988444
1271,LGBM,MLP,0.2857142857142857,0.2092950927335546,0.5567205224736301
1278,RF,XGB,0.6649350649350649,0.0010065514776879628,0.7047770857227543
1278,RF,LGBM,0.7090909090909091,0.0003195131305886621,0.6438419273668736
1278,RF,MLP,0.02857142857142857,0.9021562162960429,0.03672759184687459
1278,XGB,LGBM,0.6415584415584416,0.0017200676131313936,0.8082724088525594
1278,XGB,MLP,0.14935064935064934,0.5181875885017935,0.037399862220015595
1278,LGBM,MLP,0.15714285714285717,0.4963338454232182,0.12178622375883073
1284,RF,XGB,0.24935064935064938,0.27569907970760515,0.4908441737920286
1284,RF,LGBM,0.28181818181818186,0.2158464834864693,0.3421313112696958
1284,RF,MLP,0.12857142857142856,0.5786044448638965,0.1819684627984862
1284,XGB,LGBM,0.2506493506493506,0.2731235283481196,0.4262058836251903
1284,XGB,MLP,0.40129870129870127,0.07138262110690317,0.11902213553727761
1284,LGBM,MLP,0.23636363636363636,0.3022881358528413,0.38224622283259285
1296,RF,XGB,0.7571428571428571,7.077067993971979e-05,0.923343090222676
1296,RF,LGBM,0.6337662337662338,0.002036972717580764,0.7865278249488581
1296,RF,MLP,0.07272727272727272,0.7540636728389067,-0.0640269538839377
1296,XGB,LGBM,0.5896103896103897,0.004908349532622717,0.7349646636597491
1296,XGB,MLP,0.09480519480519481,0.6827070112424533,-0.14828035127635292
1296,LGBM,MLP,-0.03506493506493507,0.8800592616595699,-0.40375954580058815
1309,RF,XGB,0.40259740259740256,0.07038579914589091,0.567977810613978
1309,RF,LGBM,0.0012987012987012987,0.9955422850919049,-0.15134079209181825
1309,RF,MLP,0.14415584415584418,0.5330058743165694,-0.13336050173025008
1309,XGB,LGBM,0.13376623376623376,0.5632192812726847,0.06798599732177357
1309,XGB,MLP,0.023376623376623374,0.9198848317686953,-0.10090792825683406
1309,LGBM,MLP,-0.44415584415584414,0.04368428298320847,-0.4154156792401908
1310,RF,XGB,0.42207792207792205,0.056659249673108106,-0.3698714255991194
1310,RF,LGBM,0.6207792207792208,0.002673912759074672,0.6231162518756049
1310,RF,MLP,-0.22207792207792207,0.3332805195945379,-0.05401219514358059
1310,XGB,LGBM,0.42987012987012985,0.05178188171189559,-0.012946810171849373
1310,XGB,MLP,0.03506493506493507,0.8800592616595699,-0.3341227366587724
1310,LGBM,MLP,-0.0974025974025974,0.6744677255097002,0.016675051236521937
1317,RF,XGB,0.5545454545454546,0.00908313059353282,-0.006481870661044937
1317,RF,LGBM,0.5181818181818182,0.016111558031212534,0.45826506917752147
1317,RF,MLP,0.3090909090909091,0.17276827264194697,0.1556628308895518
1317,XGB,LGBM,0.6831168831168831,0.0006422902406314428,0.7175055911451725
1317,XGB,MLP,-0.04675324675324675,0.8405105142403159,-0.08240403300286232
1317,LGBM,MLP,-0.087012987012987,0.7076308010268806,-0.0893887030312245
1320,RF,XGB,0.6272727272727273,0.002337286312784887,0.8436281206501477
1320,RF,LGBM,0.7935064935064934,1.7685333450402765e-05,0.7926886282594909
1320,RF,MLP,0.42987012987012985,0.05178188171189559,0.40620972228402674
1320,XGB,LGBM,0.5285714285714286,0.013763170931280443,0.5959403155626308
1320,XGB,MLP,0.5311688311688313,0.013221701602104063,0.2369880817532643
1320,LGBM,MLP,0.49610389610389616,0.022176831557460017,0.525505221814542
1328,RF,XGB,0.42337662337662335,0.05582289840720049,0.8127948560971935
1328,RF,LGBM,0.7090909090909091,0.0003195131305886621,0.6615202153422858
1328,RF,MLP,0.3766233766233766,0.092405309430575,0.35424036785590973
1328,XGB,LGBM,0.6766233766233766,0.0007567063943834323,0.8060490641081501
1328,XGB,MLP,0.5220779220779221,0.015195754492505785,0.5415194245739937
1328,LGBM,MLP,0.48441558441558447,0.026056161788623734,0.808678866571667
1334,RF,XGB,0.8415584415584414,1.7442674554743998e-06,0.7497955228167523
1334,RF,LGBM,0.9064935064935065,1.5147200069265984e-08,0.8344390983532342
1334,RF,MLP,0.274025974025974,0.22935235226578057,0.3831419051490085
1334,XGB,LGBM,0.7792207792207791,3.14355971288616e-05,0.9628424282977883
1334,XGB,MLP,0.16753246753246753,0.4679157387083451,0.5493568361833804
1334,LGBM,MLP,0.14935064935064934,0.5181875885017935,0.5405761408378719
1339,RF,XGB,0.26883116883116887,0.23865637920307153,-0.022996231079044412
1339,RF,LGBM,0.803896103896104,1.131251024608457e-05,0.6370374523091847
1339,RF,MLP,0.051948051948051945,0.8230456679720457,0.3481802129221898
1339,XGB,LGBM,0.5935064935064935,0.004564488616221692,0.6329797102660544
1339,XGB,MLP,0.3363636363636363,0.135996753010022,0.5515073404938261
1339,LGBM,MLP,0.274025974025974,0.22935235226578057,0.7786149152637755
1345,RF,XGB,0.6168831168831169,0.0028947180479421885,0.6364558995385875
1345,RF,LGBM,0.6935064935064935,0.0004898974010404606,0.8314324987917866
1345,RF,MLP,0.37532467532467534,0.09362577329735101,0.7335848445216148
1345,XGB,LGBM,0.548051948051948,0.010108159690260715,0.6268401891057874
1345,XGB,MLP,0.3948051948051948,0.07652675452161194,0.6796160282321162
1345,LGBM,MLP,0.11298701298701298,0.6258096347836315,0.8318355165580549
1347,RF,XGB,0.37272727272727274,0.09610224578434735,0.8389847762392354
1347,RF,LGBM,0.1753246753246753,0.4471597167322825,0.4859418542275191
1347,RF,MLP,0.087012987012987,0.7076308010268806,0.4617643170838539
1347,XGB,LGBM,0.016883116883116882,0.9420962008546323,0.41732768435620654
1347,XGB,MLP,-0.22077922077922077,0.3361880870952679,0.46443286184571064
1347,LGBM,MLP,0.02857142857142857,0.9021562162960429,0.5863620101331767
1361,RF,XGB,0.8311688311688311,3.0551627702847524e-06,0.8411017477019636
1361,RF,LGBM,0.6831168831168831,0.0006422902406314428,0.8499001997120812
1361,RF,MLP,0.24675324675324672,0.2808956712631186,0.4606627810674883
1361,XGB,LGBM,0.6103896103896104,0.0032965720706862613,0.8805027836592239
1361,XGB,MLP,0.2545454545454545,0.26548784934396497,0.6243233434429403
1361,LGBM,MLP,0.35844155844155845,0.11058955072221302,0.6528580098430592
1366,RF,XGB,0.48571428571428565,0.025600283346738088,0.33110545878552156
1366,RF,LGBM,0.4896103896103896,0.024270522021007424,0.5722285034357352
1366,RF,MLP,0.13116883116883118,0.5708891960684089,0.16288387316839742
1366,XGB,LGBM,0.3766233766233766,0.092405309430575,0.34603122055259017
1366,XGB,MLP,0.16363636363636364,0.4784743069143618,-0.0233776194767276
1366,LGBM,MLP,0.22857142857142856,0.31896739880565783,0.1403315677798073
1378,RF,XGB,0.5558441558441559,0.008888714088043445,0.6109013148523633
1378,RF,LGBM,0.47402597402597396,0.029939368084679438,0.7192333206213559
1378,RF,MLP,0.18181818181818182,0.43023793249590314,0.5223703171009257
1378,XGB,LGBM,0.24415584415584415,0.286152904374841,0.6273297145649586
1378,XGB,MLP,0.0974025974025974,0.6744677255097002,0.6265320981186776
1378,LGBM,MLP,-0.20649350649350648,0.3691521306594588,0.7248009508471891
1379,RF,XGB,0.5,0.02099150467016482,0.33352238847810206
1379,RF,LGBM,0.6818181818181818,0.0006639110602392585,0.7010909532063329
1379,RF,MLP,0.00909090909090909,0.9688031519255759,0.4929059137104853
1379,XGB,LGBM,0.4883116883116883,0.02470752493518718,0.6928235393369636
1379,XGB,MLP,0.4324675324675325,0.05022991747689417,0.635964697410144
1379,LGBM,MLP,0.20909090909090908,0.36302566515631635,0.7939285953336018
1385,RF,XGB,0.5155844155844156,0.016746441238866275,0.4565155969952723
1385,RF,LGBM,0.2558441558441559,0.262972942241723,0.21610350703238107
1385,RF,MLP,0.15584415584415584,0.49994447453114993,0.13546247074322562
1385,XGB,LGBM,0.051948051948051945,0.8230456679720457,-0.18956335656244558
1385,XGB,MLP,-0.24935064935064938,0.27569907970760515,-0.2724187826969069
1385,LGBM,MLP,-0.17142857142857143,0.45747702762159437,-0.06919826230429352
1391,RF,XGB,0.43766233766233764,0.047233545714129424,0.48576788126880655
1391,RF,LGBM,0.23766233766233766,0.2995610974844405,0.7530892663374305
1391,RF,MLP,0.34285714285714286,0.1281314100732618,0.4543484539664586
1391,XGB,LGBM,0.46753246753246747,0.0325891251017163,0.6417762874544677
1391,XGB,MLP,-0.11298701298701298,0.6258096347836315,0.37061434100168983
1391,LGBM,MLP,0.059740259740259746,0.7970010758753313,0.5011747115627804
1393,RF,XGB,0.5025974025974026,0.020229828771012266,0.6724806301743292
1393,RF,LGBM,0.387012987012987,0.08306017415904404,0.8137691831401447
1393,RF,MLP,0.21038961038961035,0.35998449216768674,0.6828288571664982
1393,XGB,LGBM,0.3194805194805195,0.15803468713885824,0.7044041068339044
1393,XGB,MLP,0.3675324675324675,0.10119902708769574,0.6597247761521431
1393,LGBM,MLP,-0.14025974025974028,0.5442470998307317,0.8002288968196288
1417,RF,XGB,0.3922077922077922,0.07866027810398214,0.34522164547937073
1417,RF,LGBM,0.10909090909090909,0.637844297226886,0.7776008294266715
1417,RF,MLP,0.06363636363636363,0.7840544504932396,0.43820847812517544
1417,XGB,LGBM,0.33896103896103896,0.1328105963995839,0.5043504991249446
1417,XGB,MLP,0.029870129870129873,0.8977307350801783,0.3033843380897283
1417,LGBM,MLP,0.2324675324675325,0.31055989862791317,0.6803349048358186
1421,RF,XGB,0.5454545454545454,0.010543755916837693,0.9224656419451428
1421,RF,LGBM,0.6064935064935064,0.0035593019892842196,0.8489728305430569
1421,RF,MLP,-0.044155844155844164,0.8492705803407119,0.0006229220780451499
1421,XGB,LGBM,0.7714285714285715,4.2283815561171556e-05,0.9000769791698287
1421,XGB,MLP,-0.03766233766233767,0.8712435420745898,-0.08378643827628143
1421,LGBM,MLP,-0.14415584415584418,0.5330058743165694,-0.24550293992378674
1424,RF,XGB,0.39610389610389607,0.07547637795047248,0.6348105118226184
1424,RF,LGBM,0.551948051948052,0.00948241340899865,0.43458409582906243
1424,RF,MLP,-0.0025974025974025974,0.9910846979963881,-0.06906171220310518
1424,XGB,LGBM,0.44155844155844154,0.0450782913606689,0.6147575652468436
1424,XGB,MLP,-0.1155844155844156,0.6178368603191974,-0.2641711272778847
1424,LGBM,MLP,-0.24805194805194808,0.2782897943042767,-0.42169119147039175
1435,RF,XGB,0.487012987012987,0.02515075825591802,0.8271111354483368
1435,RF,LGBM,0.6870129870129871,0.0005809897943125257,0.631260206008179
1435,RF,MLP,0.3207792207792208,0.15625650175659497,0.37536280915102904
1435,XGB,LGBM,0.7389610389610389,0.00012996118121126078,0.7619172063021045
1435,XGB,MLP,0.45324675324675323,0.03906674594941221,0.504520694219468
1435,LGBM,MLP,0.4324675324675325,0.05022991747689417,0.7501827820555672
1436,RF,XGB,0.5181818181818182,0.016111558031212534,0.8768268406524778
1436,RF,LGBM,0.35584415584415585,0.11338490933316327,0.4567476238615191
1436,RF,MLP,0.05064935064935065,0.8274046658865746,0.43950025849012103
1436,XGB,LGBM,0.38311688311688313,0.0864783097986004,0.4446725567905758
1436,XGB,MLP,0.2675324675324675,0.24102003675627295,0.5473574946586489
1436,LGBM,MLP,0.00909090909090909,0.9688031519255759,0.5120308534144646
1457,RF,XGB,0.3896103896103896,0.08083791705627742,0.6541284073423533
1457,RF,LGBM,0.3220779220779221,0.15449229891803337,0.8146633211265868
1457,RF,MLP,0.1077922077922078,0.6418756070398507,0.43733343107290373
1457,XGB,LGBM,0.535064935064935,0.012442002283791501,0.9046849529798613
1457,XGB,MLP,0.02857142857142857,0.9021562162960429,0.41977936961819984
1457,LGBM,MLP,-0.1064935064935065,0.6459166351388025,0.5876438546782055
1458,RF,XGB,0.5285714285714286,0.013763170931280443,0.5001331820630049
1458,RF,LGBM,0.35974025974025975,0.10921076405040114,0.453691737324583
1458,RF,MLP,-0.0935064935064935,0.6868397848627376,-0.04484064474205998
1458,XGB,LGBM,0.16363636363636364,0.4784743069143618,0.6728407033632554
1458,XGB,MLP,-0.1064935064935065,0.6459166351388025,-0.29906837691568444
1458,LGBM,MLP,0.22077922077922077,0.3361880870952679,0.1307389339492494
1460,RF,XGB,0.4974025974025974,0.021775935134623416,0.8884550497890341
1460,RF,LGBM,0.045454545454545456,0.8448883449705005,0.29536063450602534
1460,RF,MLP,0.023376623376623374,0.9198848317686953,0.37321774725954393
1460,XGB,LGBM,0.07792207792207792,0.7370748924266822,0.20268952381105168
1460,XGB,MLP,-0.012987012987012986,0.9554439323134464,0.37039885180660637
1460,LGBM,MLP,0.3337662337662338,0.1392367176682507,0.6655359714135864
1468,RF,XGB,0.7662337662337663,5.1203042985103755e-05,0.8392424280139984
1468,RF,LGBM,0.6168831168831169,0.0028947180479421885,0.707180907874526
1468,RF,MLP,0.32597402597402597,0.14928317187962065,0.16688086859553458
1468,XGB,LGBM,0.548051948051948,0.010108159690260715,0.6510427707475042
1468,XGB,MLP,0.28831168831168835,0.2050017673142073,-0.0029871259736140247
1468,LGBM,MLP,0.12987012987012986,0.5747411951907224,0.029154521677409652
1471,RF,XGB,0.7337662337662337,0.00015324044854450608,0.6889024658071231
1471,RF,LGBM,0.7688311688311688,4.6558420458817486e-05,0.8105327445507154
1471,RF,MLP,0.1922077922077922,0.4038885272768977,0.5701777219474262
1471,XGB,LGBM,0.6116883116883116,0.0032126793710934515,0.9337840210498244
1471,XGB,MLP,0.3571428571428571,0.11198091415054648,0.7658646109536781
1471,LGBM,MLP,0.29740259740259745,0.19043999754486568,0.7909301449462303
1477,RF,XGB,0.41558441558441556,0.06098538032444867,0.3858592127518181
1477,RF,LGBM,0.34025974025974026,0.13123757652772486,0.8243303050017781
1477,RF,MLP,-0.04155844155844156,0.858047776266044,0.06558879127142986
1477,XGB,LGBM,0.26233766233766237,0.25062562594134374,0.15609166187020726
1477,XGB,MLP,-0.14935064935064934,0.5181875885017935,-0.32021510757277805
1477,LGBM,MLP,0.005194805194805195,0.9821704184352004,0.07317047971747541
1480,RF,XGB,0.6363636363636362,0.0019262960071318917,0.6931908132164885
1480,RF,LGBM,0.37922077922077924,0.08999962703369178,0.8255960719412251
1480,RF,MLP,0.4142857142857143,0.061879942683025164,0.7153362146029978
1480,XGB,LGBM,0.22597402597402597,0.32464763262834334,0.7399786893863601
1480,XGB,MLP,0.40129870129870127,0.07138262110690317,0.6087780993921911
1480,LGBM,MLP,-0.21428571428571425,0.35094954850355253,0.7347700907896166
1481,RF,XGB,0.6558441558441558,0.0012463317417583516,0.8362313702258947
1481,RF,LGBM,0.464935064935065,0.033699231028965625,0.7674485221455754
1481,RF,MLP,-0.0935064935064935,0.6868397848627376,0.2858049710238381
1481,XGB,LGBM,0.47922077922077916,0.027944448062011983,0.8000832433160726
1481,XGB,MLP,0.1012987012987013,0.6621759840226068,0.46177094512302075
1481,LGBM,MLP,0.15584415584415584,0.49994447453114993,0.5702832183765981
1487,RF,XGB,0.509090909090909,0.01842211138738375,0.8289276531523601
1487,RF,LGBM,0.34415584415584416,0.12659816458138168,0.4107885566494516
1487,RF,MLP,0.22467532467532467,0.3275102738815652,0.35832376044473246
1487,XGB,LGBM,0.2571428571428571,0.2604731897004084,0.4589454726910069
1487,XGB,MLP,0.2311688311688312,0.3133473331324291,0.5654618306619291
1487,LGBM,MLP,0.025974025974025972,0.9110154373730976,0.5063394036225433
1489,RF,XGB,0.6155844155844156,0.002971626516802123,0.7873055653976762
1489,RF,LGBM,0.8116883116883117,7.95095668354559e-06,0.8569891269626028
1489,RF,MLP,0.34155844155844156,0.12967786415595978,0.4641301596103791
1489,XGB,LGBM,0.6883116883116883,0.000561698520875261,0.7340647179162564
1489,XGB,MLP,0.32857142857142857,0.14587956444987268,0.5182194864962589
1489,LGBM,MLP,0.3051948051948052,0.17852871608932544,0.7464743789324084
1491,RF,XGB,0.45324675324675323,0.03906674594941221,0.39907391644307016
1491,RF,LGBM,0.5233766233766234,0.01490000636370951,0.5360879296455003
1491,RF,MLP,0.17792207792207793,0.4403496824576795,0.3788495459267671
1491,XGB,LGBM,0.11298701298701298,0.6258096347836315,0.2473619287165588
1491,XGB,MLP,0.3220779220779221,0.15449229891803337,0.5290454796985383
1491,LGBM,MLP,-0.2584415584415584,0.2579885873988545,0.3854183395166638
1497,RF,XGB,0.48441558441558447,0.026056161788623734,0.4160516333986174
1497,RF,LGBM,0.37142857142857144,0.09735837325949603,0.7346852707861319
1497,RF,MLP,-0.02727272727272727,0.9065844922540648,0.4799650044120221
1497,XGB,LGBM,0.6454545454545455,0.0015778975857754145,0.6513330982131018
1497,XGB,MLP,0.007792207792207793,0.9732581834484768,0.5603900647683515
1497,LGBM,MLP,0.12207792207792208,0.5980864852006569,0.84253072262714
1501,RF,XGB,0.34415584415584416,0.12659816458138168,0.30166447681435365
1501,RF,LGBM,0.6623376623376622,0.0010706809556016226,0.5840778492401169
1501,RF,MLP,0.2727272727272727,0.2316557954857192,0.24544445324488487
1501,XGB,LGBM,0.02857142857142857,0.9021562162960429,-0.0795361998481386
1501,XGB,MLP,-0.02857142857142857,0.9021562162960429,-0.16771493922758865
1501,LGBM,MLP,0.3194805194805195,0.15803468713885824,0.59447755829763
1505,RF,XGB,0.8207792207792207,5.160782548523603e-06,0.8123935274158804
1505,RF,LGBM,0.34415584415584416,0.12659816458138168,0.632386348014479
1505,RF,MLP,-0.023376623376623374,0.9198848317686953,0.560083447381523
1505,XGB,LGBM,0.31428571428571433,0.16528805484305464,0.8443056867350084
1505,XGB,MLP,0.14155844155844155,0.5404880300232261,0.8518416184927574
1505,LGBM,MLP,0.007792207792207793,0.9732581834484768,0.8254417102359439
1519,RF,XGB,0.6376623376623376,0.0018728838968196711,0.5731140235288612
1519,RF,LGBM,-0.016883116883116882,0.9420962008546323,0.3083592569710039
1519,RF,MLP,-0.11688311688311687,0.6138658528020938,-0.1637253360247447
1519,XGB,LGBM,-0.22597402597402597,0.32464763262834334,0.39500815687852514
1519,XGB,MLP,0.04805194805194805,0.8361372099212369,-0.1558986095108498
1519,LGBM,MLP,-0.37792207792207794,0.09119661406939472,-0.2329828039084369
1527,RF,XGB,0.22207792207792207,0.3332805195945379,0.10819584469025695
1527,RF,LGBM,0.3194805194805195,0.15803468713885824,0.47997203738114896
1527,RF,MLP,0.13376623376623376,0.5632192812726847,0.33396721741388957
1527,XGB,LGBM,0.41818181818181815,0.05922578935165219,0.5818076081002483
1527,XGB,MLP,0.24285714285714283,0.28880425437585355,0.14088791623347635
1527,LGBM,MLP,0.04025974025974026,0.8624424916554133,0.4949168293838125
1530,RF,XGB,0.803896103896104,1.131251024608457e-05,0.7937805118899255
1530,RF,LGBM,0.16883116883116883,0.46442277316539365,0.6904411698930203
1530,RF,MLP,0.05324675324675325,0.8186916800528405,0.47156936802774774
1530,XGB,LGBM,0.14155844155844155,0.5404880300232261,0.4804059647353019
1530,XGB,MLP,-0.07792207792207792,0.7370748924266822,0.4110627481710403
1530,LGBM,MLP,0.37532467532467534,0.09362577329735101,0.6902178708598972
1531,RF,XGB,0.6909090909090909,0.0005247505084925803,0.7371030541588152
1531,RF,LGBM,0.7272727272727273,0.00018732179160421095,0.8117468738372212
1531,RF,MLP,0.3155844155844156,0.16345354043341237,0.5896087808824575
1531,XGB,LGBM,0.6168831168831169,0.0028947180479421885,0.9221446319416323
1531,XGB,MLP,0.49610389610389616,0.022176831557460017,0.6452941211741643
1531,LGBM,MLP,0.5974025974025974,0.004240874117222793,0.7967931728773131
1539,RF,XGB,0.3506493506493506,0.11912829331739896,0.4220397756033182
1539,RF,LGBM,0.5636363636363637,0.007792500417952207,0.7558634318593203
1539,RF,MLP,0.12207792207792208,0.5980864852006569,0.5647719750906469
1539,XGB,LGBM,0.509090909090909,0.01842211138738375,0.603163967365867
1539,XGB,MLP,0.045454545454545456,0.8448883449705005,0.4851555880215651
1539,LGBM,MLP,0.13766233766233765,0.551800840604731,0.7888009766885631
1540,RF,XGB,0.34285714285714286,0.1281314100732618,0.435030616136427
1540,RF,LGBM,0.13896103896103898,0.5480180624883647,0.6424221845815217
1540,RF,MLP,0.2831168831168831,0.21364780365132657,0.4602517910332967
1540,XGB,LGBM,0.5857142857142857,0.005273422501026666,0.881982337973238
1540,XGB,MLP,-0.07792207792207792,0.7370748924266822,0.662890496631956
1540,LGBM,MLP,-0.1,0.6662641376986583,0.8061103676207327
1543,RF,XGB,0.6415584415584416,0.0017200676131313936,0.2584280918743043
1543,RF,LGBM,0.3844155844155844,0.08532754860745444,0.21189042169061115
1543,RF,MLP,-0.1064935064935065,0.6459166351388025,-0.05364641825140577
1543,XGB,LGBM,0.6298701298701298,0.0022129859036497525,0.8979718872926236
1543,XGB,MLP,-0.04935064935064935,0.8317685534433151,-0.17858980022717622
1543,LGBM,MLP,0.14805194805194805,0.5218737233561959,-0.3209305375136867
1544,RF,XGB,0.6168831168831169,0.0028947180479421885,0.8918697852118649
1544,RF,LGBM,0.864935064935065,4.213082570211971e-07,0.6804603388522766
1544,RF,MLP,-0.20649350649350648,0.3691521306594588,0.24309480196250616
1544,XGB,LGBM,0.6571428571428571,0.0012093758514660198,0.7447232609347455
1544,XGB,MLP,-0.007792207792207793,0.9732581834484768,0.5388213299298397
1544,LGBM,MLP,-0.08961038961038961,0.6992893846688304,0.6803898231842863
1552,RF,XGB,0.7324675324675325,0.00015959227909270518,0.7455984830571774
1552,RF,LGBM,0.8441558441558441,1.5068106991418413e-06,0.8657416236829761
1552,RF,MLP,0.17662337662337665,0.4437478469481735,0.23767137617351453
1552,XGB,LGBM,0.7792207792207791,3.14355971288616e-05,0.9488248823767158
1552,XGB,MLP,-0.13636363636363635,0.5555953559520419,0.5292261850362082
1552,LGBM,MLP,0.12337662337662336,0.5941682580055346,0.45757879152878483
1555,RF,XGB,0.6688311688311688,0.0009164787179459876,0.723009126376923
1555,RF,LGBM,0.3194805194805195,0.15803468713885824,0.4510161990653246
1555,RF,MLP,0.36883116883116884,0.09990670544494931,0.48983612898333606
1555,XGB,LGBM,0.13116883116883118,0.5708891960684089,0.5097635396802169
1555,XGB,MLP,0.32597402597402597,0.14928317187962065,0.5370654007717717
1555,LGBM,MLP,0.3766233766233766,0.092405309430575,0.6626889210043776
1556,RF,XGB,0.5376623376623377,0.011943270626361555,0.7502418359641043
1556,RF,LGBM,0.7324675324675325,0.00015959227909270518,0.7373880837344214
1556,RF,MLP,0.4077922077922078,0.06650304724796141,0.26619599573293057
1556,XGB,LGBM,0.5922077922077922,0.0046768122311073605,0.6265560568720803
1556,XGB,MLP,0.13766233766233765,0.551800840604731,0.2078686712552583
1556,LGBM,MLP,0.01038961038961039,0.9643490145476253,0.23057151430446934
1561,RF,XGB,0.7,0.0004112938713638759,0.6145476745001501
1561,RF,LGBM,0.3974025974025974,0.0744368401691811,0.7403608809398148
1561,RF,MLP,0.37922077922077924,0.08999962703369178,0.5445920165136856
1561,XGB,LGBM,0.10909090909090909,0.637844297226886,0.5750458775072376
1561,XGB,MLP,0.3571428571428571,0.11198091415054648,0.5495838476520677
1561,LGBM,MLP,-0.07662337662337662,0.7413113765158404,0.684122855671616
1565,RF,XGB,0.36233766233766235,0.10649069901450199,0.8334404824751886
1565,RF,LGBM,0.6688311688311688,0.0009164787179459876,0.6374606274745679
1565,RF,MLP,0.29740259740259745,0.19043999754486568,0.2985400371206525
1565,XGB,LGBM,0.6727272727272726,0.0008333435326227536,0.7833687949091149
1565,XGB,MLP,0.40649350649350646,0.06745818431180065,0.5263652724233633
1565,LGBM,MLP,0.4402597402597402,0.0457880777293722,0.7872612849658465
1573,RF,XGB,0.574025974025974,0.006506006572823369,0.7707240162540238
1573,RF,LGBM,0.5662337662337662,0.007452803836674509,0.606860348451187
1573,RF,MLP,0.38571428571428573,0.08418819066159455,0.5114072177853669
1573,XGB,LGBM,0.34285714285714286,0.1281314100732618,0.7648362440363845
1573,XGB,MLP,0.36883116883116884,0.09990670544494931,0.5899018502093434
1573,LGBM,MLP,0.5246753246753247,0.014608927612336524,0.7242935879182669
1587,RF,XGB,0.5298701298701299,0.01349023456881028,0.382546532285077
1587,RF,LGBM,0.17792207792207793,0.4403496824576795,0.6371167416710616
1587,RF,MLP,0.2155844155844156,0.3479675136622996,0.04408336743040993
1587,XGB,LGBM,0.44935064935064933,0.04099667350688651,0.8077608835050601
1587,XGB,MLP,-0.12337662337662336,0.5941682580055346,0.09536460175832487
1587,LGBM,MLP,-0.17662337662337665,0.4437478469481735,0.10110850809300764
1588,RF,XGB,0.6324675324675325,0.002094285916756489,0.654443999017629
1588,RF,LGBM,0.2350649350649351,0.3050302888415488,0.3341033708818209
1588,RF,MLP,0.059740259740259746,0.7970010758753313,0.1389046019720763
1588,XGB,LGBM,0.025974025974025972,0.9110154373730976,-0.2151695443853072
1588,XGB,MLP,0.02727272727272727,0.9065844922540648,0.039968679179192154
1588,LGBM,MLP,0.1012987012987013,0.6621759840226068,0.3178597160149506
1593,RF,XGB,0.2857142857142857,0.2092950927335546,0.1679623137658736
1593,RF,LGBM,0.016883116883116882,0.9420962008546323,0.014880588209479031
1593,RF,MLP,0.15454545454545454,0.5035678584762259,0.29041415626979766
1593,XGB,LGBM,0.39350649350649347,0.07758803344921028,0.5506432980348567
1593,XGB,MLP,-0.21038961038961035,0.35998449216768674,-0.1472814047596258
1593,LGBM,MLP,-0.14025974025974028,0.5442470998307317,-0.3127162675519647
1600,RF,XGB,0.40649350649350646,0.06745818431180065,0.8548230204885878
1600,RF,LGBM,0.33896103896103896,0.1328105963995839,0.5806083306523354
1600,RF,MLP,0.23896103896103899,0.2968491826193771,0.5089747748326934
1600,XGB,LGBM,0.23766233766233766,0.2995610974844405,0.6226417782155292
1600,XGB,MLP,0.033766233766233764,0.8844723124673912,0.5593392479445671
1600,LGBM,MLP,0.3194805194805195,0.15803468713885824,0.7659076731724295
1610,RF,XGB,0.35584415584415585,0.11338490933316327,0.23561972938707104
1610,RF,LGBM,0.06493506493506493,0.7797509033508971,-0.02223901310408375
1610,RF,MLP,0.448051948051948,0.04165618995678565,0.30491221375876765
1610,XGB,LGBM,-0.11948051948051949,0.6059550557298753,0.13039489767632673
1610,XGB,MLP,0.4077922077922078,0.06650304724796141,0.04169027047666992
1610,LGBM,MLP,-0.13116883116883118,0.5708891960684089,0.23269768438205585
1611,RF,XGB,0.7064935064935066,0.0003437390796187934,0.7135884189035769
1611,RF,LGBM,0.5181818181818182,0.016111558031212534,0.5381974622147166
1611,RF,MLP,0.3051948051948052,0.17852871608932544,0.4633632082745806
1611,XGB,LGBM,0.3038961038961039,0.18047767364208767,0.5514851286301532
1611,XGB,MLP,0.2701298701298701,0.2363077950605595,0.504531457977736
1611,LGBM,MLP,0.18961038961038962,0.41039115439621604,0.5455788998854493
1618,RF,XGB,0.7103896103896103,0.00030795937349621525,0.5551417094516637
1618,RF,LGBM,0.5610389610389611,0.00814481615489852,0.7377388270776135
1618,RF,MLP,0.23896103896103899,0.2968491826193771,0.4352838162970595
1618,XGB,LGBM,0.41558441558441556,0.06098538032444867,0.6816653881970041
1618,XGB,MLP,0.41818181818181815,0.05922578935165219,0.459494955053127
1618,LGBM,MLP,0.38311688311688313,0.0864783097986004,0.5966663035105417
1619,RF,XGB,0.6883116883116883,0.000561698520875261,0.7942499907344417
1619,RF,LGBM,0.32727272727272727,0.14757448251475364,0.8326096195764091
1619,RF,MLP,0.2506493506493506,0.2731235283481196,0.7671004005619922
1619,XGB,LGBM,0.2662337662337662,0.2433987795806379,0.710852734785378
1619,XGB,MLP,0.39610389610389607,0.07547637795047248,0.6731728350170032
1619,LGBM,MLP,-0.20519480519480518,0.37223736385432643,0.8369042329994238
1627,RF,XGB,-0.031168831168831172,0.893308173976082,0.7659703031854298
1627,RF,LGBM,0.1935064935064935,0.40065858838070295,0.7462402282686562
1627,RF,MLP,0.13376623376623376,0.5632192812726847,0.6904839731655377
1627,XGB,LGBM,0.1883116883116883,0.4136637589062404,0.9279486338583844
1627,XGB,MLP,0.023376623376623374,0.9198848317686953,0.8467780044590417
1627,LGBM,MLP,0.14155844155844155,0.5404880300232261,0.8647583382913997
1641,RF,XGB,0.8727272727272727,2.472856989509211e-07,0.8044573213628398
1641,RF,LGBM,0.7324675324675325,0.00015959227909270518,0.8143566583720794
1641,RF,MLP,0.21818181818181817,0.342048012047813,0.20606243420470824
1641,XGB,LGBM,0.6740259740259741,0.0008070969113009038,0.7936027093423582
1641,XGB,MLP,0.2831168831168831,0.21364780365132657,-0.0208784994431897
1641,LGBM,MLP,0.17142857142857143,0.45747702762159437,0.11862065810458969
1642,RF,XGB,0.21168831168831168,0.35695806367272104,0.5132442835534103
1642,RF,LGBM,0.11948051948051949,0.6059550557298753,0.7167454104636489
1642,RF,MLP,0.3246753246753247,0.15100567594389833,0.34278187962773193
1642,XGB,LGBM,0.5883116883116883,0.005027635105295531,0.854275820866595
1642,XGB,MLP,0.02857142857142857,0.9021562162960429,0.5258461256018265
1642,LGBM,MLP,-0.18961038961038962,0.41039115439621604,0.5711342590985753
1644,RF,XGB,0.5155844155844156,0.016746441238866275,0.5372671745005979
1644,RF,LGBM,0.37922077922077924,0.08999962703369178,0.507220389848141
1644,RF,MLP,0.0012987012987012987,0.9955422850919049,0.09480835612886909
1644,XGB,LGBM,0.5961038961038961,0.0043465544290327155,0.6833589894671487
1644,XGB,MLP,-0.11818181818181818,0.6099052209533065,0.30526279725106903
1644,LGBM,MLP,0.022077922077922082,0.9243230289105082,0.5985126540078487
1657,RF,XGB,0.6155844155844156,0.002971626516802123,0.83938931650946
1657,RF,LGBM,0.5493506493506494,0.009895938735993823,0.5577009859874525
1657,RF,MLP,-0.024675324675324677,0.9154489258699161,0.24407998896165087
1657,XGB,LGBM,0.4896103896103896,0.024270522021007424,0.6292171297850523
1657,XGB,MLP,0.10259740259740259,0.6580970577075416,0.5076987771520131
1657,LGBM,MLP,0.07012987012987014,0.7625997832797398,0.6439455741517104
1662,RF,XGB,0.37142857142857144,0.09735837325949603,0.596689396032975
1662,RF,LGBM,0.15844155844155844,0.49273603731315235,0.8477698803372924
1662,RF,MLP,0.26493506493506497,0.24579261871540747,0.731505354631202
1662,XGB,LGBM,0.32597402597402597,0.14928317187962065,0.7868876202353389
1662,XGB,MLP,0.3051948051948052,0.17852871608932544,0.5051759321366737
1662,LGBM,MLP,-0.1155844155844156,0.6178368603191974,0.6845695012060797
1667,RF,XGB,0.764935064935065,5.367236067318015e-05,0.5844471980413608
1667,RF,LGBM,0.6246753246753247,0.002467394475033326,0.6250216817069354
1667,RF,MLP,0.16623376623376623,0.471422022315551,0.36073435920787106
1667,XGB,LGBM,0.4246753246753247,0.054996018009894246,0.8348094031169491
1667,XGB,MLP,0.11818181818181818,0.6099052209533065,0.5517273809611237
1667,LGBM,MLP,0.14805194805194805,0.5218737233561959,0.5556694715999947
1676,RF,XGB,0.6311688311688312,0.0021529486113597883,0.35082892038757973
1676,RF,LGBM,0.7597402597402596,6.461161103085655e-05,0.8157088319212752
1676,RF,MLP,0.1987012987012987,0.3878822634645567,0.23486467349510678
1676,XGB,LGBM,0.5077922077922078,0.01877286191233981,0.606473297467097
1676,XGB,MLP,0.23376623376623373,0.3077875466640504,0.08072028378406601
1676,LGBM,MLP,0.23376623376623373,0.3077875466640504,0.21824347639239028
1682,RF,XGB,0.3948051948051948,0.07652675452161194,-0.07885871160949491
1682,RF,LGBM,0.5051948051948052,0.01949043669697085,0.49838226795385415
1682,RF,MLP,0.22727272727272727,0.32180000221155247,0.337533234699163
1682,XGB,LGBM,0.3246753246753247,0.15100567594389833,0.5746817171448092
1682,XGB,MLP,0.26493506493506497,0.24579261871540747,0.3298280343026677
1682,LGBM,MLP,0.3194805194805195,0.15803468713885824,0.6562674813296635
1691,RF,XGB,0.5168831168831168,0.0164265280840293,0.6886782353535587
1691,RF,LGBM,0.05064935064935065,0.8274046658865746,0.21700325272956417
1691,RF,MLP,0.07272727272727272,0.7540636728389067,-0.10780908339485826
1691,XGB,LGBM,0.28051948051948056,0.21806007395025545,0.003926958535117847
1691,XGB,MLP,-0.08831168831168833,0.7034559950013928,-0.16038881793443974
1691,LGBM,MLP,-0.2584415584415584,0.2579885873988545,-0.29881747664517133
1701,RF,XGB,0.6142857142857143,0.0030502365456209725,0.2807975628334136
1701,RF,LGBM,0.6467532467532467,0.001532768789018723,0.7342404761313879
1701,RF,MLP,0.5974025974025974,0.004240874117222793,0.68112489655731
1701,XGB,LGBM,0.35974025974025975,0.10921076405040114,0.47277361935780104
1701,XGB,MLP,0.3090909090909091,0.17276827264194697,0.4897849865963012
1701,LGBM,MLP,0.26233766233766237,0.25062562594134374,0.6280153942181997
1709,RF,XGB,0.5233766233766234,0.01490000636370951,0.6602396432431105
1709,RF,LGBM,0.6948051948051948,0.0004732256022351797,0.8285727438590996
1709,RF,MLP,0.1,0.6662641376986583,0.6675515127587696
1709,XGB,LGBM,0.34675324675324676,0.12357109818269166,0.7136683323592782
1709,XGB,MLP,0.3948051948051948,0.07652675452161194,0.6694355069348593
1709,LGBM,MLP,-0.18571428571428572,0.4202513335237499,0.8210900146299561
1712,RF,XGB,0.7571428571428571,7.077067993971979e-05,0.7762747900284024
1712,RF,LGBM,0.04155844155844156,0.858047776266044,0.40012757036507024
1712,RF,MLP,0.29480519480519485,0.19452701576620293,0.38832335229056564
1712,XGB,LGBM,-0.04285714285714286,0.8536570982478848,0.711455771885095
1712,XGB,MLP,0.21688311688311687,0.3450003269824448,0.5730678846483168
1712,LGBM,MLP,0.024675324675324677,0.9154489258699161,0.5100282940868069
1715,RF,XGB,0.7688311688311688,4.6558420458817486e-05,0.6090820608982448
1715,RF,LGBM,0.4584415584415585,0.03660450993249761,0.42885692984634916
1715,RF,MLP,-0.06363636363636363,0.7840544504932396,0.07523399634366602
1715,XGB,LGBM,0.37792207792207794,0.09119661406939472,0.750817512467245
1715,XGB,MLP,0.07922077922077922,0.7328457347746481,0.20861845783817262
1715,LGBM,MLP,0.032467532467532464,0.8888886581323973,0.16137814935004746
1719,RF,XGB,0.8844155844155844,1.0382942326089107e-07,0.7050903861633334
1719,RF,LGBM,0.8155844155844156,6.625472991270261e-06,0.7889978045359193
1719,RF,MLP,0.36883116883116884,0.09990670544494931,0.562163598485918
1719,XGB,LGBM,0.8662337662337661,3.863979616916554e-07,0.9826908291416413
1719,XGB,MLP,0.37142857142857144,0.09735837325949603,0.8178820457005147
1719,LGBM,MLP,0.4077922077922078,0.06650304724796141,0.8195387170748635
1720,RF,XGB,0.6584415584415585,0.0011733516954519037,0.7738850830303561
1720,RF,LGBM,0.20129870129870128,0.3815806896030638,0.45589074380587247
1720,RF,MLP,0.5116883116883117,0.01773639724372509,0.5220704751758438
1720,XGB,LGBM,-0.10259740259740259,0.6580970577075416,0.5447499977160906
1720,XGB,MLP,0.5454545454545454,0.010543755916837693,0.5222557359323944
1720,LGBM,MLP,0.29480519480519485,0.19452701576620293,0.6754380181572007
1723,RF,XGB,0.5220779220779221,0.015195754492505785,0.8458896856304462
1723,RF,LGBM,0.6246753246753247,0.002467394475033326,0.7926351883397542
1723,RF,MLP,0.12727272727272726,0.5824788611326692,0.3401195758373106
1723,XGB,LGBM,0.5649350649350648,0.007621096436507061,0.7155600405985061
1723,XGB,MLP,0.28181818181818186,0.2158464834864693,0.3717826903518677
1723,LGBM,MLP,0.43766233766233764,0.047233545714129424,0.7431101771793192
1733,RF,XGB,0.6935064935064935,0.0004898974010404606,0.6208397829976527
1733,RF,LGBM,-0.024675324675324677,0.9154489258699161,-0.03721654479574719
1733,RF,MLP,0.07532467532467534,0.7455550758529895,0.12318002712066964
1733,XGB,LGBM,-0.20649350649350648,0.3691521306594588,-0.46457289659573797
1733,XGB,MLP,-0.08831168831168833,0.7034559950013928,-0.2062940332416027
1733,LGBM,MLP,0.36103896103896105,0.10784449874176319,0.3705133067514233
1736,RF,XGB,0.7844155844155845,2.5628582377650183e-05,0.38773554980154695
1736,RF,LGBM,0.8207792207792207,5.160782548523603e-06,0.6693925965067662
1736,RF,MLP,0.26233766233766237,0.25062562594134374,0.27190373788503347
1736,XGB,LGBM,0.5467532467532468,0.010324082786185745,0.2257201554627116
1736,XGB,MLP,0.3974025974025974,0.0744368401691811,-0.06936930623247918
1736,LGBM,MLP,0.26103896103896107,0.25306481196664155,0.1596218888436811
1738,RF,XGB,0.4701298701298702,0.03150796285030202,0.8338520817231158
1738,RF,LGBM,0.7571428571428571,7.077067993971979e-05,0.8828910042963047
1738,RF,MLP,0.14285714285714285,0.5367409296165598,0.6000168153324479
1738,XGB,LGBM,0.6558441558441558,0.0012463317417583516,0.9758491228885902
1738,XGB,MLP,0.1909090909090909,0.4071327297448127,0.7498197689364139
1738,LGBM,MLP,0.21168831168831168,0.35695806367272104,0.742829194051814
1743,RF,XGB,0.503896103896104,0.01985737651415709,0.8195787705781648
1743,RF,LGBM,0.7142857142857142,0.00027542157748998224,0.8115642204057464
1743,RF,MLP,0.2857142857142857,0.2092950927335546,0.5266251368470793
1743,XGB,LGBM,0.7727272727272727,4.027735878701309e-05,0.6561561320791459
1743,XGB,MLP,0.38311688311688313,0.0864783097986004,0.4834243446595246
1743,LGBM,MLP,0.3818181818181818,0.08764053578453823,0.7709558679972486
1747,RF,XGB,0.6454545454545455,0.0015778975857754145,0.7321468739454546
1747,RF,LGBM,0.503896103896104,0.01985737651415709,0.6421763820294747
1747,RF,MLP,0.3103896103896104,0.17087682060108259,0.4350001517982588
1747,XGB,LGBM,0.34415584415584416,0.12659816458138168,0.5042661326212227
1747,XGB,MLP,0.2532467532467532,0.26801791447109463,0.46697514577448634
1747,LGBM,MLP,0.0987012987012987,0.6703614184969643,0.7301106198443053
1757,RF,XGB,0.6883116883116883,0.000561698520875261,0.8292416399979451
1757,RF,LGBM,0.6597402597402597,0.0011382402645393446,0.8405598640277361
1757,RF,MLP,0.23896103896103899,0.2968491826193771,0.5603530647231634
1757,XGB,LGBM,0.6896103896103896,0.0005429563727057949,0.9831429368543985
1757,XGB,MLP,0.15584415584415584,0.49994447453114993,0.7187942767464456
1757,LGBM,MLP,0.24675324675324672,0.2808956712631186,0.7118058699891915
1758,RF,XGB,0.574025974025974,0.006506006572823369,0.7616355518844418
1758,RF,LGBM,0.4753246753246753,0.02943042122641138,0.33751867201185404
1758,RF,MLP,0.2025974025974026,0.37845167579960404,0.3271251361271179
1758,XGB,LGBM,0.22077922077922077,0.3361880870952679,0.41934278878674813
1758,XGB,MLP,0.21818181818181817,0.342048012047813,0.5297298266781315
1758,LGBM,MLP,0.05324675324675325,0.8186916800528405,0.4133154536934008
1759,RF,XGB,0.8311688311688311,3.0551627702847524e-06,0.7274728955163233
1759,RF,LGBM,0.8220779220779221,4.842313369757495e-06,0.8084743124637024
1759,RF,MLP,0.4051948051948052,0.0684236454174195,0.586835728299627
1759,XGB,LGBM,0.7298701298701298,0.0001729791358214511,0.9812378352148025
1759,XGB,MLP,0.47792207792207797,0.028433024289660953,0.7749867681630174
1759,LGBM,MLP,0.5558441558441559,0.008888714088043445,0.7930448895049864
1777,RF,XGB,0.5272727272727272,0.014040563252064467,0.8558904196622407
1777,RF,LGBM,0.31428571428571433,0.16528805484305464,0.46495027724591276
1777,RF,MLP,0.18441558441558442,0.42356621430502056,0.1835485097580112
1777,XGB,LGBM,0.22077922077922077,0.3361880870952679,0.10208754585310818
1777,XGB,MLP,0.05844155844155843,0.8013282220179796,0.1043005771231737
1777,LGBM,MLP,0.20129870129870128,0.3815806896030638,0.2506215980183492
1780,RF,XGB,0.5974025974025974,0.004240874117222793,0.6084290413784325
1780,RF,LGBM,-0.012987012987012986,0.9554439323134464,-0.4484354677288384
1780,RF,MLP,0.14415584415584418,0.5330058743165694,0.1693192788697411
1780,XGB,LGBM,0.0038961038961038965,0.9866273665163273,-0.21921652579005346
1780,XGB,MLP,-0.087012987012987,0.7076308010268806,-0.37423713537786457
1780,LGBM,MLP,-0.11298701298701298,0.6258096347836315,-0.2876491968240054
