test_index,loc,v(g),ev(g),iv(g),n,v,l,d,i,e,b,t,lOCode,lOComment,lOBlank,locCodeAndComment,uniq_Op,uniq_Opnd,total_Op,total_Opnd,branchCount
23,-0.26400182533178007,0.028366856833532392,0.0016874622223333065,0.00990720630894307,0.027969523338969893,-0.002160300076354656,0.048222516584581876,-0.06485551606152672,-0.03324718590306414,-0.0036894424444445114,-0.0193892321555698,-0.004943684755761674,0.0752717505978762,0.07616332717128395,0.03299429883684719,0.010010062672634048,0.007628943576730932,-0.01135573475049794,0.018346819067971545,0.10161825724143295,-0.026359697668050516
29,-0.47368546328971456,0.025414112223766553,0.0017427906098868428,-0.00021703907175873026,0.026986781991970802,-0.0044187709861266,0.12174902841487435,-0.08271327547819897,-0.009187273106252055,-0.003680769212146212,-0.040910280545429854,-0.004158796233850629,0.2640596340280455,0.05548115520314894,0.03650032292850521,-0.001128582102540455,-0.006327846533028072,-0.01565036263671041,0.03459693542216591,0.10043590618969032,-0.04006324577270328
30,-0.13483783255469417,0.01744530723440684,0.004372114481589403,0.010415533653878746,0.022979829681741837,0.0015440893732211545,0.0370931933820656,-0.05473046092568381,-0.013040483165508326,-0.004543993368377861,-0.014874155756137262,-0.0063755651628485755,0.04227593876166278,0.054841046565550694,-0.0027090649958978084,0.008651345475514494,0.03698301595440481,-0.0036761953431556334,0.014216035994257246,0.08744217938532253,-0.01106128916966261
32,-0.07567016110386825,-0.005760359547853162,-0.08353258244664494,0.00863352877146881,0.003674496387319272,-0.004551241861285177,0.015361341465997526,-0.0562208410394204,0.02649707854672305,-0.007607397443628303,-0.009868544009137744,-0.005867662835265788,-0.0386893036617646,0.05904748790210996,0.006569052637184581,0.019180523537998376,0.03930727635045805,-0.0018823074921834881,0.014193616669701668,0.009231124420228332,0.061873015451899986
44,-0.019816416606237012,-0.01375153786475692,-0.007465981921903122,0.013247357592539432,0.0014460872545028784,-0.00036292250298032065,-0.038862357014826855,0.15672184750621437,-0.11604539396932526,-0.0013595051466150719,-0.003460308031858267,-0.002545007007069959,-0.14852863826517296,0.058482633575991996,0.04951634077551358,-0.04936474555272081,0.011664350714772063,-0.03135551177244575,-3.992727825180438e-05,0.014798235044353715,0.014760162498229267
49,0.5158107812714504,-0.041732353060706516,0.002300099040353678,-0.040430896164208634,-0.0318698624223561,-0.0015096565043379564,-0.005983994397994998,0.1941967824148188,0.04154065082701753,0.02277406494798372,0.06271361580787677,0.02280741639340349,-0.3258082333255169,0.07394502376563028,-0.022038674035707705,0.004289447925340264,0.0454620397865249,0.17325344508265908,-0.09843310149763687,-0.24582774294402698,0.04657670264702611
51,-0.09835717018712521,-0.039885455158173724,-0.060940848723259486,-0.047771948776363975,-0.009863401512229792,0.001867722360157712,-0.03341497048357096,0.10589817305013165,0.03584367562882011,-0.003177105836416187,0.009805409079120454,-0.00026122961478778804,-0.16703286992898267,0.05413435031909499,0.026240804499265236,0.014030902089758072,0.052939453092201695,-0.001164725158820254,-0.005536725605871861,-0.11035864725779852,0.0866681685400175
59,0.19029755657545666,-0.004568814930911557,0.0042094050960826464,0.0001424078102694434,0.016958669841396736,-0.0015406281834206988,0.06727432979029264,-0.07268400534447948,0.055410038136216914,-0.005114373228200472,-0.010347997383458157,-0.010278354929814777,-0.11945461408232742,0.07280691827143647,-0.0667676984800182,0.010980441435970822,0.04029617686493742,0.008133456356719077,0.019955984722357954,0.1155066368924763,0.026900565948741507
65,-0.3987012958327639,0.02187194161744989,0.0028612606691090004,0.001087285870453772,0.019299174920037458,-0.0009678308562708008,0.0285240179859919,-0.06075049117370901,-0.0595752098763871,-0.005556846424639563,-0.011436771214635473,-0.005535362347077685,0.17631976603881647,0.04188268295370038,0.0353435392449958,0.005392212538055414,-0.004347072009201536,-0.025361474798502846,0.03273913738603119,0.08454091257367052,-0.038935056959378114
67,0.6817023983867192,-0.03411864693737831,0.031180919789503804,0.03537023865372036,-0.007016132853687903,0.0037130014815173642,-0.012841963771881989,0.08061045066633302,0.259854055995854,0.0010098641897703696,0.030020428002479203,0.0021672510910573984,-0.37455948555311447,-0.06898843089924739,-0.031341345259188164,0.005334602967838885,0.03934429292194511,0.07066155520273963,-0.037821968621702194,-0.13121017741790703,0.06228652318764961
69,-0.10971567259302245,0.0018099542868445506,0.0038673535731931423,0.010021695572267774,0.014844771918074779,-0.0006841483424040552,0.05162360769449752,-0.08071306711999339,0.05265839374664871,-0.003466448974375162,-0.008394279231560066,-0.0071320826290142605,-0.014322558027003973,0.041476058261995935,0.043968375140245035,0.017315912568256812,0.04101696395767208,0.0075759533572164325,0.006888014471261419,0.07939657661949479,0.004048717834868707
70,0.2517012795873872,-0.0043386741482235305,-0.007356904877840314,-0.0032299121017462166,-0.05249909905341181,-0.008055240726255162,-0.034331248938789194,0.1334524433472647,0.07973480682495913,0.00427958273414956,0.030107532782446846,0.005774126541036831,-0.43156365160183346,0.0258313237689754,0.019679967197134007,0.007272111678531057,0.027888166358336207,0.04974629747459221,-0.05433189324278153,-0.379130270785862,0.006249217252445579
71,-0.27599907348114344,-0.015527808028114971,-0.014031460305666104,0.002909240597224898,0.01644311237257147,0.00134386222723259,-0.08937221190309097,-0.09068875413860984,-0.16466459343862533,-0.004302909592610884,-0.01937026953095281,-0.0035465288131920933,0.3823339088830855,0.034560198189007345,0.0004122780945341218,-0.0023300470415470844,-0.055250290962272346,-0.028856505545788478,0.008120810316314378,0.07969166654790526,0.014564276064938623
73,0.09297220165680672,-0.04338575663567134,-0.08714694659059014,0.0012175156746371087,-0.01324254945814256,-0.00020340246443297023,-0.003714230067404178,0.016297512717324162,0.12037638634148919,-0.0028205295964232433,0.009139928824257208,-0.007586156349959989,-0.2794825717318821,0.05119585151539871,0.017234118177999098,0.00930772102628123,0.05006195975220118,0.012684366604923865,-0.0028634349975960056,-0.12921005534462293,0.11304145930333355
76,0.15580060901621953,-0.008040750283881582,0.0002087734440381451,0.009964844716588568,-0.00463482338222802,0.0007023647434020049,0.009547855621739747,0.0032302974751595576,0.11103754916026237,-0.0037193071689169853,0.005738097049638647,-0.008069038300977703,-0.26389486957657254,0.047881275903377235,0.018066937635290912,0.018215635614772144,0.03969321592677595,0.008989272083475842,-0.0011873161699998476,-0.09586306035914083,0.04780198753895976
78,-0.44542605246968053,0.028932232185782628,-0.002897924343552935,0.006939288523068263,0.027854098671022842,-0.0032262526994298146,0.097730118777163,-0.07720236212556934,-0.04425024398730851,-0.004706492907569726,-0.032362697409472924,-0.003965400820511248,0.3138315526069343,-0.0005148260991630917,0.027317233514711804,0.005644751630735886,-0.0014523395915167795,-0.05532675112948379,0.03829953632397293,0.0882650874626427,-0.041357704764183524
99,0.09742871282969622,0.008053651120694586,0.00011964917089524059,0.0037878902261419306,0.0036909241545155665,-0.001286665613697686,0.0010342992967169124,0.014156091333013906,-0.007584224038263995,-0.005460079256080577,-0.007972730562553862,-0.004581847190687257,-0.17000078024553872,-0.05524899484832745,-0.004827500283683021,0.014046919058094014,-0.024392959877251694,-0.0032463790911175603,0.007268850935900303,0.0358109479557524,-0.0025813881496142203
109,0.0967865058264764,-0.014718428872777705,-0.021741026814865252,-0.009608278689665581,-0.0025766775207334077,0.0012726295853675573,-0.004694748831607603,0.022164920886555316,0.017019670046088883,-0.0009675799381626826,0.0003430893600950835,-0.002200857668145673,-0.149979516721942,-0.07306146442145701,0.032082379748836765,0.014608246965448652,0.03969346668430193,0.0009911914212032919,0.0017069878091261028,-0.029482035465802713,0.04215061248896513
111,-0.016337728239253498,0.019962802709847356,0.0020479353760746357,0.013514419222782792,-0.006686556757074247,-0.002608087635903349,0.011647604907080418,0.002409908857880205,0.09637065067775583,-0.001991833022430813,0.00687823835645312,-0.00349219324885359,-0.11251846299570883,0.07549500483942566,-0.0005608646310130669,0.014890711210632427,0.03934968320560823,0.0016167232072801267,-0.004358855514146259,-0.10351148636176988,0.0012957962419313733
115,-0.2863176610731092,0.021531903882160548,0.008156066778881392,0.0066095177212038255,0.02548378779756396,0.001115697718542632,0.02230144346354834,-0.08971967292356985,0.02294508741315601,-0.005088382542527769,-0.016667885960424823,-0.006325160987352908,0.13344808682739906,0.050641848889401236,0.031496900655312424,0.01108083498072212,-0.0035948607987278404,0.006629152675812369,0.023542515933752076,0.08631575125041849,-0.059519034057961745
123,-0.4161103698294299,0.02591859461682551,-0.0014939249740315499,-0.00011955475792025396,0.017516214855754067,0.0017834153920696183,0.01731415385109109,-0.053072086552516114,-0.049123006259341954,-0.006973177283586012,-0.0068276332013195275,-0.0067930003939944686,0.15419139266489354,0.06911181452089796,0.045216221057284754,0.010691717999547158,0.016166519466421708,-0.016953416654327837,0.013083928267025861,0.09458915073501079,-0.057869341002795865
124,0.7616897672659195,-0.04856615075198061,-0.0007083193338538698,0.005155937771042596,0.01900467468671929,-0.005016401333758536,-0.013707769318366288,0.19493364642300867,0.058923025448751234,0.01405997655693314,0.09290399011022221,0.021690274614435057,-0.16454170300458168,-0.06245055782186302,-0.0711897692017757,0.00394997663188506,-0.01269757193794253,0.042725353197596454,-0.041718031340295864,-0.21089741645181947,0.031351367959708165
135,-0.2065305072325331,-0.005311235606934486,0.004093638319521026,0.012152221857350175,-0.0005074319692162478,-0.0028938315774377334,0.021856090737469983,-0.09827397496874436,0.14415990724583383,-0.006252074900355961,-0.0016897897801322122,-0.004250641828689465,0.013227996369701123,0.06472331812331812,0.04502310002474846,0.010895012661347134,0.05733513719299617,0.006375005225420494,-0.007791534375911315,0.06318929820340119,0.04090409559429887
162,0.2563385335749673,-0.04947910176258781,0.011067959856127707,-0.025834261325701272,-0.0308255143441192,-0.0039364207493327716,-0.0264702997339732,0.18185626314390088,-0.015124647146967514,0.0033725776627685205,0.02465792465668807,0.005141952568914167,-0.3686467313269034,0.05273461366806895,-0.028536473419242134,0.006456158990181754,0.011895495638026493,-0.004791904582272678,-0.10402537849860115,-0.29327341783438376,0.09788673453313246
168,-0.08400688773084797,0.01836979952163674,0.008702349540936403,0.020006894405317454,0.0195972338230052,0.0010400112853855205,0.03932877127514953,-0.09432750758343879,0.015758206519239214,-0.002041531872127285,-0.01430820551863813,-0.005726619648238926,0.031818997506352135,0.05862744631020926,-0.0063371026161756685,0.011523337922063713,0.020337174870273908,-0.010544477090713081,0.022734434222620167,0.07604353413803054,-0.043469999476884305
173,-0.2572650003709691,0.020598720423711563,0.0028984971953134597,0.00854522912715194,0.012263485714290449,-0.002018028053490366,0.02932593921577956,-0.07369321648838659,-0.004429829409452583,-0.004880765809068608,-0.0123255957719223,-0.004203212200112258,0.06018781896980629,0.04624672121812214,0.02528943713302203,0.016494583694814286,0.029719354849830067,0.0013729427142777438,0.016661496322400386,0.10479476550377967,-0.046018065299857594
185,0.1375453807815297,0.02191176189299867,0.005540271393736757,-0.010711195206424716,0.0028079964969355098,-0.0023601979760380577,0.02119008933925181,-0.036712883601621046,0.029633041028284866,-0.004671340866301597,-0.00343757535061905,-0.00330225161996751,-0.1311920025744768,-0.10085276081103393,-0.017203434810096094,0.010504197615187984,0.022189575051670376,-0.0044503747339213195,0.0003004689211373552,0.026283478556295283,-0.05189060421490718
188,-0.3773246540982266,0.01939902728565092,0.006764142158461173,0.009237764961492133,0.013402325207112294,-0.0009918016795828677,0.032439061829449785,-0.06640320395939846,0.003721965968993912,-0.005152232793769274,-0.010792528509910715,-0.003627245588208618,0.217702054405337,0.0013336267826864366,0.04382090278650057,0.013168159653189031,0.024827422785122743,-0.0022726077238321538,0.024971480182874584,0.07917577969801189,-0.0302623169928013
196,-0.5135464362379553,0.02109208905437532,0.004652320429634215,0.00423109234471085,0.016301002522868927,-0.0009724168408273855,0.03835450782559336,-0.08742734374788741,-0.020422483461806768,-0.00359493455950485,-0.03213240848395674,-0.004256839205939522,0.3108722614481723,0.05126100185334236,0.03980663982798776,0.007523945334998369,-0.04778556185983751,-0.03487287722478071,0.0321547519805784,0.061032376774437486,-0.04874473756388731
203,0.12099077065887091,0.021914988692497882,0.0047469439703289465,0.008733968714098912,0.01066324927865739,0.002541540911748095,0.06268016389836016,-0.066744950528914,0.011285738164190994,-0.0044831255703162735,-0.01974419190313062,-0.0046584307992729,-0.0281169693154439,-0.09387723045262118,-0.011129404028720384,0.016844603566724035,0.0413471400124881,0.005308547042445311,0.02782688608050112,0.11773437200366964,-0.011518789519682342
210,0.5674757045792271,-0.009275676701576242,-0.001013447887166208,0.005977591538871976,-0.024974243968471917,0.007679386965471705,-0.024751443549972777,0.1368644661157408,0.3546588636052674,0.008935219889411383,0.04990260709475768,0.007879470509752361,-0.19604930493186307,-0.07376856018767525,-0.1034378279583383,0.013217187665596512,0.027780393852493236,0.06803699359061693,0.004498020318257362,-0.2936089890114286,0.08957889650499962
212,-0.43386496504442623,0.023299526110573763,0.0005462907996115478,0.012441071581287511,0.018553757622815848,-7.915607350487395e-05,0.041911401086048856,-0.04934006274185377,-0.03195953153122437,-0.0066054444675177045,-0.021507831064040174,-0.00547708761072488,0.14502505752323105,0.053998204380452136,0.05079996266239826,0.00941608092808608,-0.026240175297819582,-0.022712338617937824,0.018475768904889278,0.08788210023915101,-0.02305805737241069
220,-0.3825025538839155,0.018257970233651243,-0.0014162493979222362,0.009803115258690863,0.015146786535686584,-0.0006738885140606375,0.04743427042291699,-0.08005725976509644,-0.052996165070940245,-0.004652074060122851,-0.020384936519665966,-0.005341441486309698,0.18120064866301264,0.03857746329397507,0.03399411924636706,0.006384328241091653,-0.007636185318218492,-0.04195796517061104,0.03160085720634948,0.11404957630271584,-0.025518081410696048
233,0.24122899335358713,0.006767726613257027,-0.010422646227288836,0.004601890193179262,-0.0534056692332735,0.0009158287168067603,0.0034249311007148943,0.15966073715260795,0.1126546204535853,0.002842950183498877,0.033579121325429055,0.006407580230103519,-0.2771535331266507,0.0075294951427674235,-0.07587934867741854,0.021518617915663583,0.017974392243143473,0.04338216998989545,-0.02517572923581676,-0.21935847084795707,-0.042955950096205696
237,0.6705042625245766,-0.027273421961614096,0.06362270726142896,-0.006568269736489985,-0.012362338752613378,-0.0030073360291258335,-0.006422920311369471,0.20201824956604186,0.18204583085828652,0.015064612576120608,0.05280108510742915,0.00541684381992286,-0.33781237095085964,-0.03887582358506482,-0.06957295252431729,0.0036293308140166844,0.015234538664563509,0.12050390509223298,-0.08734929920850242,-0.2638068261785029,0.051108881387576084
239,0.18445503471094024,0.005002954367776255,-0.006843114554301554,0.002399575668745845,-0.004229455850044969,0.0048937305393572245,-0.01023429236742217,0.07649911055313384,0.060763164258042776,-0.0008592092364178118,0.008695104672096958,-0.0032285689806169056,-0.341014053207577,0.0536920256643218,0.011941766541679638,0.01574213303907568,0.033074407397724576,0.004497162510251387,-0.00362647705051955,-0.11095515146904883,0.010500269955068343
240,-0.2627886713573829,0.02024572105686934,0.0026247481433412444,0.0026140518750168372,0.015392893395823988,0.0024582719239212934,0.017288882550032733,-0.0660621422083386,0.0076407000028044045,-0.004142946962168515,-0.011960962272735283,-0.0033862155215449515,0.22485242403521222,-0.1214316285621805,0.002880966619323404,0.004523549852995426,-0.01167616849524136,-0.0007420013013547572,0.018348142831538,0.04642578196873642,-0.05307029782122115
247,-0.02263317959934687,0.015587163719814022,0.002984858109543294,0.00798096715474751,-0.005409283735853518,0.00138432272529697,0.009202597106239406,-0.003554618468838871,0.06264596392801557,-0.002263524076962066,0.007891457094611908,-0.002865955300172991,-0.1465621808710065,0.07080824277775054,0.017518542753943087,0.010831542728543165,0.03261124995170144,0.003688330444253381,-0.003117933589517731,-0.0690954867205304,-0.018406221590630094
251,0.3939810094935081,0.007882208264764266,-0.002635629467465074,-0.014614032816224753,-0.0047358900038900345,-0.0012236211164731133,-0.008080205379746387,0.042935719663707766,0.07727393589916172,-0.002373420551701641,0.01211707591114019,-0.0002506927825013345,-0.33026086982823916,-0.25827177483320174,-0.011392539926753043,0.012834138490214144,0.010194483549994748,0.01089897872134749,-0.0005030557033659958,-0.08254452568061166,-0.020407237704607954
254,0.17406581622912512,0.009065824838472113,-0.02321621747440673,0.00789842708216469,-0.006403230169483023,0.0006232100540457454,0.03916327340479273,-0.06449849636986843,0.11408717326718097,-0.003974970270954468,0.0003276069537449093,-0.002869399060400646,-0.08479013020950023,-0.122386818986004,0.04648788198498108,0.023137297061971037,0.031359505665183855,0.020076477055027367,0.0052274246186164944,-0.037423162593049744,-0.0030268494452789924
259,0.2840417043539383,-0.08581331111033395,-0.0269786668355938,-0.04036310739116122,0.0062265395079048455,-0.008720869774505412,-0.1438060638636907,-0.14350777293977265,-0.11579454990901078,-0.006485950031907284,-0.03186798946884473,-0.0056671871506117225,0.36414388427102823,0.02279882208702657,-0.0042110507572144665,-0.007040429039243734,-0.16487306349739947,-0.08763866812358946,0.0027272378900010425,0.11198014681563304,0.019893124424778433
261,-0.2685894623871217,0.0343556626327948,0.009462189532850053,-0.01362508561779291,0.024495534575949603,-0.003298071085818223,0.15244126621851223,-0.09857102373068762,-0.008337419220731952,-0.00863819274174214,-0.038776363144732845,-0.005125527487195883,0.3565812489753459,0.08908935100791819,-0.017013797723828668,-0.0036559379087619235,0.0057328021070304665,-0.044066406068845584,0.025854626228727817,0.12060781261405767,-0.0448570750961286
270,-0.24957366487443505,0.009118726325453682,0.006313599214691814,-0.0025773645030753287,-0.0015636059819046152,-0.0010993946965452063,0.006398408301146966,-0.1030427010272552,0.08365302898531608,-0.007444358464745297,-0.0032754430930343925,-0.0055972751318333095,0.07183943558810789,0.061935941373880365,0.0017349341539828881,0.006700900957889378,0.02173677798141655,0.012091603007416775,0.002273765273023781,-0.044955179220085066,-0.05944842195774493
275,-0.04425155018048085,0.018671435713795426,0.004733623609310386,0.009397378398176592,-0.004744670271285661,-0.00018021901837100713,0.006388728129214812,0.006013660196309386,0.07594788748803144,-0.006389558477084991,0.00917815065238612,-0.004810298801087528,-0.11678066571763573,0.06036031648667102,0.025591197059387203,0.01124318423042527,0.03544564364642606,-0.0016394807259620732,-0.007716767566130474,-0.03676885670790247,-0.053597175210763466
289,0.46830606183428913,-0.0222099115535614,-0.07875479002468658,-0.004716063392427149,-0.02606095723939233,-0.007441089000455293,0.0045543101436516355,0.19790463120727553,0.15513802382915748,0.004930708616648329,0.023315196027093702,0.00789119211722311,-0.12871141783273238,-0.05608181974228739,-0.06924346614037867,0.0143674250543891,-0.010918847457183092,0.0017477310287271628,-0.038273246513961405,-0.1592039009737953,0.07506559829297468
297,0.18209914689595677,-0.08117121365283264,0.05487938620828387,-0.04602909818005271,0.017069200546241527,-0.004446027462827366,-0.12645910798629031,-0.1231994410992217,-0.12367647568588723,-0.0030768899914713874,-0.024526207415225428,-0.006181413855231983,0.4075620800540938,0.0432180339329063,0.003912041997946016,-0.004973110420819459,-0.16410270839577693,-0.026260625635435,0.010977275153311235,0.1020735858436591,0.03743704854315836
298,-0.28693203863378514,0.022784500912998842,-0.01201709140432965,0.008651841975492689,0.009159471270721692,-0.00033062275226217565,0.02439834281102328,-0.044520593652016625,-0.06696968426821324,-0.004356453629655598,-0.023780998223342866,-0.005788009185480855,0.09974028699229182,0.052378160266864655,0.02743295393784543,0.0069540512427930835,0.020669670803472928,-0.015145883964052288,0.021862820142228415,0.06636673409100545,-0.017603524229310344
303,-0.35169445482652734,0.022685268026808744,0.005241333786086499,0.009423391805115517,0.011045154913549795,-0.0008924485270821055,0.015802350857635785,-0.04001223324374304,-0.11694320070873244,-0.0038209296128952617,-0.031619313550831675,-0.0056593543938534,0.18268788722309678,0.05788312017151935,0.03266851675358018,0.016291187012319033,0.019969432663191126,-0.010694807856840112,0.019414990728275235,0.14150335284871243,-0.029618582339117194
305,0.31857519168857995,-0.030943287319141363,0.02963939426128902,0.009510285819171979,-0.004070519918686442,0.000191199687102648,0.007890715208893324,-0.007184367557523169,0.07278085051532744,-0.004495145486817815,0.0016478804985576893,-0.005994476292626824,-0.22789662413720152,0.016344207395541512,-0.0525797430428494,0.02391545910929007,0.02652799180679805,0.011669362364480991,0.003995664227471774,-0.028345047878966124,0.0545623212114913
316,0.07144936051715824,0.022872138740682304,0.0049109209964851375,-0.009860045649160248,0.005430628672932803,-0.0009861948006314584,0.012405661988112852,-0.02025594626494134,-0.02678556107930563,-0.006120505900588572,-0.008974780535794896,-0.0042952327637620505,0.012249341361462978,-0.05771014624249637,-0.04257201679778261,0.013369844581555552,0.021777670698349075,0.002667788111634703,0.017872836326260334,0.013069258143812738,-0.04552189688756167
322,0.18566586343028202,-0.07847691583068604,0.004126861741956658,-0.011167952260029845,0.019903692506352905,-0.0055430869983550705,-0.1690871355101036,-0.1140601518261211,-0.20174111596491845,-0.006573382790441797,-0.024510776343227344,-0.009483569884859922,0.42347635738225264,0.0480470313700498,-0.0013657125470036317,-0.004584005521061341,-0.1390927179787055,-0.03903272658579239,0.00335559086762132,0.1386669785522528,0.024586509753942217
324,0.1835314592305379,0.004722738082918627,0.005462552971106529,-0.012453052902696686,-0.008318277490267841,-0.0027860880198354284,0.010401183191502364,-0.07609109998742422,0.12991795160907002,-0.005117119217242397,0.0024515207523351473,-0.00532323338768098,-0.07704964226982759,0.029197616617623302,-0.15351951786061438,0.01270843885462049,0.01662729145589985,0.005735106880617075,-0.008157896212170388,-0.07658294481807844,-0.07795533990149252
331,-0.09694197530715534,-0.04120807123661764,-0.026524064823384777,-0.010937328913592479,0.026846406341300675,-0.002932203002109741,-0.16790925146495486,-0.09698141788638416,-0.17623091931780052,-0.0043144017597096275,-0.041308130387899794,-0.004735048369823392,0.3555506077990094,0.04106303599157318,0.01218088480641117,-0.0034669590125112376,-0.08259623634446103,-0.044024074698350256,0.012267518428316056,0.16465566315091862,0.013567005059205828
332,-0.24234936734677207,0.028927442589318786,0.004741587757147745,0.012507291691234367,0.01764142594395505,0.0032627757424664792,0.05085974802111996,-0.07590616292650493,-0.050297371838426225,-0.006427331537937831,-0.01907695476047269,-0.005112964030545955,0.24696677409577636,-0.14413290956054214,0.03798093003767751,0.005300016565746074,0.02310275416297121,-0.014284321788128718,0.018783886957474513,0.07637900594660979,-0.051384511777890676
339,-0.13313178886459923,-0.02200132732430168,-0.011641962191033977,0.010705436523926819,-0.0026257876043906947,0.0020009499068787875,-0.032247940342889386,0.2554793363963176,-0.06368630000547366,-0.0012514702358585802,0.01436469056034077,0.0011565916871438139,0.054805609985043864,0.05763243715079785,-0.03320509171966644,0.01898129989566608,-0.07125750599992081,-0.00850857256228843,0.004698870994099467,-0.04061719800459702,0.044412880959768336
342,0.287630738447864,-0.013519185878167151,-0.007169254709810734,-0.0023056573934999436,-0.002270389005126793,0.002377722883996154,-0.018827848720004516,0.09339393121433934,0.046039853812591326,-0.001541401073544489,0.014885282986460724,-0.0015104908554577092,-0.19412247906060348,-0.07817626229534995,-0.004139934493252076,-0.05600590996816151,-0.009920682560056097,0.02570898729059076,-0.006550559606932812,-0.043403859192215545,0.028617135176110444
344,-0.4443691305729063,0.019100808522938807,0.003063330951086914,0.005296994282499742,0.014452040863535132,0.0005775361920177146,0.03724831299827774,-0.055809936987085466,-0.07215570727843447,-0.005667818232663432,-0.017267309937570998,-0.0037414866674391743,0.20191645223275004,0.048371975741660404,0.030937696426637615,0.0024935475336172806,-0.011536335382662227,-0.01393910446851796,0.018835553698782335,0.09738260068521175,-0.026031066768327768
350,0.4304875163328614,-0.0622027797060392,0.02840703992594014,0.011218970600173657,-0.005761173352009371,0.00037861502315477113,0.001033276741370187,0.05708561594640353,0.09634583051717517,-0.0033446022266101216,0.013165726961328072,-0.0032411076413699554,-0.13555000154592842,-0.1300719518632519,-0.06911823970465115,0.018651903842185596,0.020630804995386283,0.02769795299059113,0.0023629734502844603,-0.011787491884436542,0.13221592284092945
351,0.12971581425116877,-0.005912988433269417,0.007438000460341681,0.011272584322518915,-0.002157969305804038,0.002655349656593996,-0.016352292204124968,0.12982313107229917,0.029520864781057664,-0.002609834519766485,0.02172945858051933,-0.0005502931632236943,-0.33194684685328213,0.0271257862107831,0.06192624716817044,0.01067966771560641,0.03226599487628083,0.005997891032034127,0.005624506607384056,-0.06640052613172419,0.06564575186832744
352,0.08936678895430093,-0.0809465757674762,-0.01849623120129555,-0.07410523806766577,0.013262665160200776,-0.0055033299618570015,-0.1472695344748997,-0.14155797361990927,-0.14528761257816236,-0.0073131255554332334,-0.025792142650167584,-0.005724881455907043,0.35025906405893414,0.03390726007074733,0.0014394619852135747,-0.012890022438222322,-0.14459933119291835,-0.04828407595945632,0.004641687168395214,0.11115625485418347,0.0003423498958809553
354,-0.23452017596759545,0.01919186957344313,0.006669277184842891,0.017937109124991933,0.013011355906495494,0.0010303212533930345,0.02835510554436721,-0.08569762267429283,0.03227985625183885,-0.007315619206641242,-0.006617050249319061,-0.005851091718591573,0.14688312968091358,0.05354895196922115,0.012841238764318726,0.008417553517155235,0.029003372515575353,-0.003126131566882756,0.015228841071858712,0.08388607738179649,-0.06054640500897071
365,-0.47393196930351117,0.016975557906225087,-0.010829945776215509,0.008801453178746374,0.013901341802656952,-0.0011429484667599208,0.04870824605634538,-0.04877185351481345,-0.049868022175208,-0.005996415468683695,-0.015897901141433444,-0.005679872694372566,0.16780227159255967,0.045649936558989974,0.07689601529917267,0.0063777470667881805,0.032729196098539,-0.026491987007249064,0.0427225381385996,0.1005228604373983,-0.0196139771079224
366,0.5088833083556885,-0.00019067944305136369,-0.0036962555542394944,0.0030108016930702865,-0.008845889957457834,0.005025700398710573,-0.010644794095122674,0.10073682651954358,0.14428605567855282,0.001064476973210695,0.03189094844859674,0.003247776414443086,-0.199283961639064,-0.07225792863947633,-0.04100609281629925,0.029668297764336497,0.04309043669061127,0.024156431106997677,-0.009579178539887148,-0.12132309410308194,0.023997387257725822
371,-0.41614734321948177,0.03920298095035326,-0.00395139217047811,-0.005427042731003127,0.005455284010479428,-0.0013692063168071376,0.006003265827269445,-0.006290021700598689,-0.1171965363693427,-0.004791395672303134,-0.015379153953494823,-0.004786780847616286,0.21101781588155505,0.029006274894659564,0.02253382131330724,0.007784474509354089,-0.009470282021935124,-0.025721352808632646,0.009047154037636259,0.07175155109070235,-0.028211600537558265
374,0.12373967098519287,0.012869558097242682,-0.003462466264510454,0.011683828722066443,-0.018475683503778206,0.0017190540344139667,0.002491458878653041,0.20435450799431268,0.12102502432972989,-0.001006288781508106,0.042330146129564546,0.0002524750577848963,-0.26763050148153256,0.07769751706062446,0.027002394611132383,0.03221797941229318,0.06005885873200842,0.006539156727375542,-0.03833705422139717,-0.10678767126608392,-0.0038763797744542335
382,-0.34577284592357355,-0.01145469011703833,-0.007708910981160675,-0.0033693510153967594,0.0026124836046636656,-0.0009152965556593391,-0.02576882233616271,0.007037506461782319,-0.13504316429597063,-0.003967603306299238,-0.012114087039359988,-0.004526923086927686,0.10830015468783544,0.043089680246738093,0.026781734896671516,0.003833611264092594,0.011889437225343106,-0.017187268191711746,0.00700319401440254,0.062006934584699476,0.02018107541939955
383,-0.2572588687646785,0.009134943986936424,0.005569345392868837,-0.010325375564092196,0.01977586806598533,-0.0012529347635873067,0.019263452323797784,-0.07656740522472547,-0.002271904023494295,-0.0035605944088531586,-0.014830839682428642,-0.0069742659812481594,0.18855987074890515,0.06981789007070174,-0.03904208084279862,0.003250234453498139,0.02766896527237309,-0.013234382278197964,0.019965676027529054,0.12267994737223784,-0.07250300757836135
394,-0.3223555686243247,0.02302719430239788,0.000705569903113271,-4.3261526019794886e-05,0.01547281592155878,-0.0020464592408609137,0.04128211503504229,-0.06362604174802089,-0.08654081274512106,-0.00479910762025015,-0.0243567350425001,-0.004647096317053008,0.09591547142251167,0.045131095489307334,0.03618760663862739,0.008619656777452895,-0.006246800052414878,-0.04089924669429241,0.025462513053749167,0.10536049517746683,-0.03193907565785226
398,0.15061921805150175,-0.009477768008289653,-0.007263836253361233,0.007489352154443527,-0.02075265723235611,0.0021158338232469026,-0.03025405076140554,0.21670727645810262,0.002258170718066703,0.0023391259711663744,0.029507728583774404,0.0023161946346840706,-0.25089737956653146,0.06867416467946573,-0.0049859279399606495,-0.03261052700257585,0.007874168606855872,0.019697494593249192,-0.012623276589154192,-0.20516134709998352,0.02666628336347869
411,-0.2713122325314136,0.01707748368475872,-0.006777809973684031,0.015135650441571025,0.014240038525525219,-0.0003916067718728171,0.011608986432521489,-0.031066013745685236,-0.08111579229010463,-0.0027777254163997896,-0.01669189636035883,-0.006997078765120037,0.10174523673342671,0.04232324027483881,0.018954433076626486,0.003057602925798732,0.021673606899906394,-0.006290147006119685,0.01877859467726192,0.08083920530201696,-0.012070713894243856
413,0.05821043202234166,0.012113471806404165,-0.012525128478564402,0.014546448978296055,0.009913195810134466,-0.001931263512889598,0.05096222722856451,-0.030873611886984998,0.030969794843615162,-0.0010041683576205768,-0.009220199488290604,-0.002346939705835471,-0.14722784894858282,-0.02143925203816618,0.013838282980314724,0.0185142375216988,0.028396225092686446,0.00719371652254624,0.012655412545680702,0.03931923471789688,0.003046774804652257
415,-0.039914144524205566,0.09866352920914197,0.002803802817866231,-0.002761381865907235,0.04016455434071493,-0.001412416064845807,-0.1112891282644758,-0.06878003054563976,-0.16534103767297728,-0.005302479379136453,-0.029887000045809218,-0.005603699759247827,0.3854419765132515,0.06629319427582034,0.009664728735523858,-0.0039097738141992446,-0.04084927679889941,-0.04142736770203522,0.014773498023896835,0.11511527941709955,-0.026847601714621246
416,-0.050456249089617586,-0.007015369461453619,-0.11285256017523979,0.002685002865996589,0.00292145247418607,-0.0006524895094860352,0.03284264824147392,-0.0948429465456397,0.058699185445126645,-0.007268013121036665,-0.004536904095575198,-0.003990326528834979,-0.10841494372486692,0.07302091041779962,0.04218227759254842,0.016435661266334223,0.03109763649736909,0.0007322538888644022,0.0016961294582598708,0.03111959074615971,0.08003935462586641
422,0.36067030807818656,-0.034262102638430575,0.01282914575365855,0.003452176666408224,0.002917968753471049,-0.007473164883777669,-0.10582967999180762,-0.0860069307394856,-0.15130618972588647,-0.004327896921219629,-0.024299433030066677,-0.005085832290898949,0.4017637229694751,0.0335236493775976,-0.011898435712957537,-0.004617828669861595,-0.14094834008241885,-0.0681389905413834,0.00047578106943465463,0.09503561347063981,0.009257983729368006
426,-0.13131773657779144,0.01569288106367336,0.007229605507438672,0.0134464294566963,0.01388520684474558,0.0009153103250321477,0.03685648652163171,-0.07570885108822628,0.017523100547204094,-0.007409111976710242,-0.011977855976791114,-0.005102524038487377,-0.01455828327285898,0.06071497013813323,0.022512431888391485,0.00869580145727857,0.010676081176933876,-0.001480348240159921,0.02230455960454848,0.027738231007084526,-0.015333661628231583
429,-0.32777696618328667,0.028956287122048542,0.003292026570902468,-0.0356810019943967,0.0197378435782979,-0.008989063813222025,0.1438025220826493,-0.09061138706931578,-0.011793607396109655,-0.0038501585289705226,-0.04716843608005134,-0.008734928818151898,0.3160191489590453,0.018049210675617326,0.04831783886073038,-0.005298765706236288,0.00882972993923085,-0.056139952611979245,0.019103942021848817,0.10578838526943497,-0.041354440667412375
432,0.3705148459983135,-0.020272930648350063,0.004380601695612227,0.003441129963589236,-0.01545582425855989,0.0014146731115155936,0.003881758188087478,0.12317747232418128,0.11734588717689047,0.0008627306730342947,0.03340970053530559,0.0003884679608299822,-0.20221998053006612,-0.0031831190681403843,-0.03647763059212543,0.012933039252587526,0.0048529860351969566,0.054427991707739334,-0.0060117729242548,-0.06377852867691268,0.023205264635410696
439,-0.2748594482715676,-0.0036631139908560456,-0.008087539054132353,0.00019711220141919121,0.007243477021837443,-0.0020021860117358475,0.02281497431297753,-0.028658409627389102,-0.043693513822343835,-0.002657233193469821,-0.013076930662094378,-0.003597745409185522,0.03548260003901337,0.03367801981077554,0.06187543730173533,0.012831823280719624,0.01907324939088992,-0.013971954813223357,0.015592971658950504,0.048753877127103745,0.021534667858287424
450,0.49533846805434384,0.0047082715158416055,-0.002801250533444204,-0.0032266072496255575,-0.0237477005495183,-0.0024613858081255365,-0.010008799209411275,0.12087476231311722,0.17923034426305406,-0.0009315748560814703,0.014691844404381045,0.0006506766244286176,-0.18228403691640807,-0.13467592130912928,-0.04583504456405487,0.012501984095482265,0.04528080114802092,0.026470442190764262,-0.04224445210507732,-0.047461995679189226,-0.05518601253517818
453,-0.08611141485826247,0.017804748185584637,0.004606724172026785,0.003678497291982508,-0.0036857307561735287,-0.0033729147224382224,0.008991174003533359,-0.028414858300039755,0.05516334654431061,-0.003936575886201876,-0.007847766862278373,-0.003926183842921343,-0.0418269271712542,0.04943468131239654,-0.0022263075715265226,0.008748928782478902,0.02172471894304039,-0.00034105892560532485,0.006543550466110055,-0.05516457466455027,-0.04375194056766996
462,0.4077641347351916,-0.043888287470961976,0.03350088684387604,-0.08282936188453438,-0.025639679188512884,-0.02499651955160591,-0.020945966944078267,0.19899668182575853,0.10796924258396762,0.021181968383989357,0.08306526229833323,0.024744834021959726,-0.6389217679995616,0.014061483267739676,0.013018735791444531,-0.0009833647836280793,0.030702338381573036,0.15586044154623974,-0.05421090868686582,-0.18803318259552151,0.026330481446301447
464,0.6434173248040097,-0.01564426690375973,-0.0012756305404163617,0.012814297775855289,-0.03838022979948404,-0.017855398226047436,-0.013722241691459832,0.36986517157975746,0.05286158565951344,0.00894300105477398,0.009752108044753705,0.010711867939828219,-0.37031073863203984,-0.08581367961510691,-0.08579992731443856,0.011569355152384287,0.0012972331975950318,0.07300675406219441,-0.02864651593257528,-0.04606436663906454,0.022142482299417576
471,0.278523831015038,0.006459738117592967,0.0018116941039607566,0.004534623823325426,-0.0016118740035580962,-0.0019303874391775686,0.025683768461665722,-0.08703053613474848,0.14068159978252967,-0.0020010114897465446,-0.0015182824277037558,-0.007122733899931875,-0.10138470653822386,-0.03627058750487364,-0.046806298287987526,0.019099825382414018,0.035082941151539086,0.04521315458216035,0.0027645727669981814,-0.038430974204963345,0.034455635275844804
479,0.47035366814131974,0.004439268634296586,0.0049313161906399065,-0.0019479737705014133,-0.025283190658369203,-0.008925009016178893,0.017628941513612745,-0.044372338096479176,0.15262504055030787,-0.005646874837999746,0.007147522122868761,-0.006178686660293981,-0.06952722814378925,-0.1380576803529809,-0.07332581684265187,0.01617265179713232,0.011619516263993641,0.10399354712781315,-0.009972791381685683,-0.095996414870745,-0.03628234114717046
481,0.485659340325272,-0.010139653561602196,-0.006265117771004752,0.004377798253596899,-0.09082438829984328,-0.008264542755012025,-0.05076167764009775,0.06552012573576808,0.024053045334752807,0.019308546307145364,0.10429501208366382,0.059889228142107245,-0.2958509570900358,-0.1941550478944266,-0.09094614960835612,-0.000526997330274509,-0.10368854077123894,0.043124579086877626,-0.08830350761886507,-0.12809022771742856,0.056697577975522655
482,-0.4802195804740707,0.02564494340634632,0.0067490004895345325,0.0011576636713778322,0.02322550736390647,-0.005154727605242621,0.11459109703921676,-0.06677364053961919,-0.008314434395426463,-0.006832756551292881,-0.03126318465024091,-0.0033475812198927035,0.25176842674187055,0.06440195576605968,0.0313940805770038,-0.0034216076407232567,-0.012311129455845345,-0.0384405118435142,0.02400018126726333,0.09772379178208847,-0.05553792924537426
483,0.34521094292377563,-0.0898451938847676,0.0310763978264742,0.009654100451500783,0.0025408539201466477,-0.004070774253678429,-0.10854703438869837,-0.1340328097642058,-0.09829361164312228,-0.005530329915961508,-0.018117030482521126,-0.0016005046151806902,0.4084377320522681,0.02403065140244288,-0.0034575474165562227,-0.005859155499322238,-0.156546410041117,-0.04785509465742291,0.003660412297497771,0.08367380544749854,0.03027059099745867
485,0.5446611066296888,-0.10677439432608625,0.004567812639962745,0.008216507183847848,0.00546212374991746,0.008736364753218649,-0.02656257120292259,0.2528190239938355,0.004572637569555588,0.005698545048693024,0.029516085224863195,0.005399725912178912,-0.1619166453400666,-0.26888971951959384,-0.010526874586255503,0.002887956165120287,0.0398708163494882,0.020950816650174554,-0.007508169441932269,-0.07632618305262542,0.05942965441478312
495,-0.5102546605611747,0.028002692793573824,0.002856752947132339,0.0025422908859863255,0.019717129746103897,-0.001273236066960261,0.053393304028691004,-0.0889009867977858,-0.039366009783192275,-0.0019527734642800553,-0.019257246994365776,-0.0037080182069904625,0.275648527933976,0.023507078407056903,0.03499447586859868,0.007546663226870182,0.005012736238900012,-0.04143791043497192,0.03258563986570146,0.14590567035553914,-0.06073432226927077
506,0.013581078583885813,0.007957752072778816,0.01106062398066638,0.011915798721585713,0.004089643264858097,-0.002859114588129001,0.01722174684306694,-0.04548413957386206,0.021637188373642046,-0.007306863120916453,6.140479053287629e-05,-0.00638055367306328,0.03455895842425533,0.059208766221604626,-0.10053110168305705,0.010664777791979413,0.017748392692019093,0.0032369636224143313,0.012653396006257102,0.03292437335647851,0.002395036158409655
514,-0.11173751643389944,0.028042507367274993,-0.0012015803756978201,0.014217894072117291,0.012483180736163219,-0.003035863347117312,0.018539036857552014,-0.029113227362499005,-0.04640431637751761,-0.002195952650641701,-0.014085691821965212,-0.007933860003606285,0.1362874795986765,0.06723729145107772,0.05359184507837111,0.011600524953140274,0.026393008747886228,0.0015898957804412713,0.01850045442179464,0.0634874861942566,-0.04129750204145222
518,-0.029292549231020325,0.02014412076054979,0.012657724599616628,0.01773335271809817,0.014059896517729577,-0.0023544881456433538,0.03918694125124668,-0.053239246768453465,0.008323377870098571,-0.0056731024709890466,-0.015373782885955449,-0.007808599374944189,0.07393695737543596,-0.0073409240558603124,0.0014059142366815462,0.01500392999982002,0.03928357001497494,-0.001677015113975429,0.03142116634581289,0.05890551963523735,-0.020022233162648794
526,0.46920587068493114,0.005853742870401752,-0.0009949890672007057,-0.010542370832311153,-0.039433563186009025,-0.012090284464377243,-0.0043105409563882835,-0.047344599772002165,0.21475912686226417,-0.003999203658032118,0.014306737017302985,-0.003860308837140095,-0.17608129694888788,-0.19066545706823518,-0.08681823967480438,0.014379237611499708,0.009340821400427165,0.1282208552630806,-0.03183721900664471,-0.1323383677255056,-0.050815589632635924
527,-0.21099602560284902,0.01752063172341795,-0.015057790094869157,0.01079707274093175,0.01382799195346848,-7.066242781192389e-05,0.03200897256181669,-0.07719947691952085,0.011033699783535618,-0.010184296826059043,-0.005098533952341834,-0.003661819115421548,0.10038664437345385,0.05628082759319764,-0.017560065800327585,0.01384897343569021,0.04143257723784038,-0.002406638528579762,0.023644040118217483,0.08462334998197188,-0.017248506075088033
530,0.46996918573622115,-0.014223013645417983,-0.0030798234476334123,-0.007191856547589943,-0.03252752049458955,-0.00044602506217843743,-0.043318417268667656,0.1687362515725019,-0.028826683305814112,0.001030476540098913,0.038458803516213565,0.006738614660216099,-0.22511823741189715,-0.2423148104511258,-0.06110597263894624,-0.051001143360085315,-0.01632088051352769,-0.0042105760530564895,-0.030687085674550738,-0.10964062530351369,0.0325597686974179
534,0.3572360349471252,0.01973852299500772,0.004724177846470431,0.004948616117145954,0.004560305927816507,-0.005789732852700383,-0.0745156992779731,-0.07299583334373172,-0.1284362017418642,-0.0037325861682490093,-0.019796366191447937,-0.005579928077796386,0.36037166078773347,0.02980082335175467,-0.006135836687567431,-0.007682657533920647,-0.10384001095922911,-0.03932859084952063,-0.00379682258504634,0.09812984016230884,0.0004541220840010952
535,0.0930122630270246,0.026702246211432797,8.483289019366054e-05,0.011797276186297516,0.021726258072422962,0.0016854748326032313,0.029163766551882277,-0.11677773636254943,0.03956487370951805,-0.005839954240234283,-0.010709419721245972,-0.006930871501836949,-0.053785164796453684,-0.10409517081760883,0.029048352307215586,0.004285951575629382,0.008236664960515554,0.0006173157800135457,0.024513381837508518,0.05996616767717851,-0.037433718005870864
544,0.05633251393447005,0.012492275090538274,0.012359597451478533,0.0035507747521566426,0.01437642137250139,0.004886264698079324,0.010647581073166072,-0.07071527950582633,-0.06093357858605886,-0.004948442932327083,-0.011717651151505675,-0.0074005429183547945,0.23981180187209683,0.01248588366227631,-0.2648862837055338,-0.0351453912503094,0.020849900504675833,-0.009820059327503391,0.022479321552062972,0.11044203850459931,-0.03495320216390799
548,0.2964081267857392,-0.01690028752066511,-0.014702738704059014,-0.004138520693499192,-0.1083288734369384,-0.014514414528333942,-0.024699048644946587,0.18821961878252028,0.09740350380313591,0.009457073693734032,0.03958663179790971,0.013276208210149016,-0.34444107613810276,0.038963356577001326,-0.0983539639261946,0.0024309670450729844,0.009988863754531752,0.060351445439393296,-0.18160645856561708,-0.31285371498369113,0.041519922885109306
561,-0.37613088525977756,0.015506411339947962,0.0043634540424379205,-0.006906363912578171,0.01671089181401145,-0.0008006547847553192,0.011869437303765553,-0.057860332246109425,-0.016634281088181168,-0.004773308346184598,-0.02560310002180309,-0.0056876330035785455,0.20049965570526537,0.07160607439664789,0.007629402745887157,0.008577963276834705,0.031093479479517936,-0.01614881738090153,0.025365814326025502,0.07981969818319277,-0.07549447338972061
567,0.2653001918152673,0.02111155931108726,-0.01575516397698482,0.00952296138938702,0.005895095443349732,-0.008129349761471817,-0.0893853957156026,-0.0817082349088918,-0.16164825671598262,-0.003417708139830433,-0.02738927865814337,-0.004464768187847258,0.3827903316081786,0.046982345532665074,-0.00529706485596115,-0.009213701513707592,-0.12706705941687438,-0.04166354385281565,0.00513201606969216,0.11226627856077313,-0.005540256935909844
576,0.32586385789012606,-0.03987007628529724,-0.023008114823059787,-0.0010034184024167309,-0.004200162189064816,0.00047383257483698334,0.012569686461504899,-0.002877838042328733,0.03126604036559125,-0.006433383273995694,0.005609942652622236,-0.00346225830846098,-0.24188096046434213,-0.28193258607968824,0.022108589620065924,0.012565164022103403,0.04026652610054033,0.012004184952431586,0.001856926714122113,-0.0016366817582472576,0.06104723488594061
582,-0.2412917058469558,0.023766770038981585,0.0035556630369021386,0.008452940227580545,0.010229363170544093,8.113202812415091e-05,0.022982361813888626,-0.03983113498590482,0.006232483699000322,-0.0033041586386930127,-0.005773877515764947,-0.002385460561605943,0.01674578524240734,0.036231879336740665,0.043261023698038276,0.010478042487354044,0.02851536931681328,-0.002118299989077777,0.013660942929001168,0.03435817261114393,-0.011448047473808147
583,-0.45096390205785647,0.0218567487096803,0.007976344431655704,-0.02274254339911508,0.021543393271271985,-0.006227772490871427,0.12862328731935413,-0.10980397238838151,-0.013749559600572532,-0.00842931117303359,-0.05106193485776216,-0.0076487675981423775,0.2668649086135109,0.08035135983761857,0.05000345872058038,-0.0035693735111191503,0.002710444472739742,-0.03916318063154268,0.035252906886269655,0.0967164428728377,-0.047165045538023496
584,0.14352444782930773,-0.031258910414545656,-0.05049548713660612,-0.005142721891767587,0.00046316136437115425,-0.0019846867477318064,-0.0035939233245557366,0.14636594282106546,-0.009487872756937223,-0.0036878301609339385,0.011396526486421183,-0.0008719650041736303,-0.1832436816321267,-0.1598929238962635,-0.010227006666868335,0.016407637090787276,0.00690156808800366,0.0063993627699980675,0.0012104557808646184,-0.06560125086311383,0.07424760642328275
585,0.22168041617471335,0.007897824817200624,-0.0689907657230552,-0.02288817384588361,-0.008525006730429528,-0.00040224160479630534,-0.01745910549722461,0.01770389113237759,0.050125587469451796,-0.0038862772212963307,0.004392888302221978,-0.0018958313035959205,-0.2746863009526094,0.050911732897130094,-0.017705776936916093,-0.040885526045516776,0.03964439603764591,0.021326042450959995,-0.0007194079364262599,-0.05055355112768533,0.04282000162266242
588,-0.46262845727654117,0.021971439396806514,0.010099273021195789,-0.0034594723180593114,0.024830045664287228,-0.0002282521794236648,0.1979320144657726,-0.07557578261234082,-0.009667575700485827,-0.004341056140349883,-0.02515117635050734,-0.002786261961167949,0.29046903703969584,0.08593855130027815,0.02328561872699936,-0.006960378782597324,-0.002899261473500947,-0.05437681597793245,0.0171391778220309,0.10913661315036426,-0.03341006789635301
590,0.4538928782494401,-0.06085249825780243,0.028232738655708522,-0.03293427348427725,-0.005839816453067051,0.006229977286116428,0.0007752347054065883,0.22563998021533357,0.15310490098552912,0.0013738403619129925,0.03153925713213521,0.004564725061122425,-0.3284364692650199,0.02303127477454708,-0.017473626679402773,0.011434054948749339,0.05497473287908251,0.008053011778169845,-0.008013555077181168,-0.11799540613652483,0.07711855532486914
593,-0.3754133604588231,0.02579003501045294,0.0009164648811305025,-0.00823743357495691,0.018754683952336926,-0.0013767651665627316,0.014932360496175497,-0.05020228518422042,-0.05326232950617991,-0.005347991685071965,-0.009193562825943859,-0.008667676707615174,0.2130121615224392,0.04039197139118094,0.008961583076283842,0.004661497106216536,0.022347925909565882,-0.011789527891605896,0.025043741419132393,0.07288629778961796,-0.04169945938159909
596,0.06941674848095221,0.08917743976273913,-0.0023651610601643047,0.01254325972542576,0.02278968625879161,-0.003009285159462845,-0.09095975943733042,-0.08222204766202902,-0.1387793875219411,-0.004358154310106002,-0.03495493588540798,-0.004168663321789309,0.43293539466937625,0.04349748566014123,0.005249523567350847,-0.010143893891933098,-0.05842702375996889,-0.040803572629216446,0.014867029158763595,0.13341114966381526,-0.0288709195267533
602,0.27728895544422305,-0.037833030312856473,3.201903175482407e-05,-0.003641291771664197,-0.04623554600871886,-0.002641991816879436,-0.027550093944601558,0.1407166184381162,0.008254490801487423,0.007817832746584628,0.04134646252402487,0.007489578605407891,-0.3531463627216275,-0.12896579699005023,-0.018455250048660263,0.010826627527191492,0.01998905406426019,0.011848789986145004,-0.0925103275346524,-0.23619670625445746,0.06306205077285514
609,0.08939238162894389,-0.002946005258336731,-0.0006037803062491656,0.009985276119179794,0.0012590049764319535,-0.000726408515521738,-0.042623224268013966,0.0963119674080213,-0.048409549176407565,-0.0036554250514000334,-0.003499293400583639,-0.005473452453407342,-0.08104508913795344,0.014697538687121075,0.0025019323430513674,-0.03967588375798905,-0.017814584206415504,-0.0004615762571700594,0.011821457878612069,-0.011175806794587857,0.015440180447620454
610,0.11640393403488218,-0.07840939823035434,0.011807658721655805,-0.040794684693125596,0.021641642994923764,-0.0030730911491326923,-0.1473785023231654,-0.1507736301832927,-0.17344114097878782,-0.00636599538022055,-0.03184377179991531,-0.004035252733840907,0.43729988858607255,0.033291443670565975,0.010916649705079684,-0.005053824398155057,-0.1803235254697582,-0.027150751028016087,0.009477077962949733,0.14547243873565513,0.06704487028495662
613,0.05525957172942126,0.017781464632340843,0.0016421369288211083,0.011900691695339439,0.004563637451792248,0.0016189417728840925,0.02424364153495039,-0.0831322891776933,0.08465176882954319,-0.006872709940987,-0.011596226938881954,-0.008781338096348424,-0.1280089701036646,0.057566968038972634,-0.0014431593380196976,0.019324840263935324,0.03715270000858148,0.00820274616202993,0.020670272881662448,0.01806679406801132,-0.026112929076255634
617,-0.2508137738122457,-0.008361654453178937,-0.07810600775962376,0.001064507575357581,-0.009285700237154837,-0.0017581821640517451,-0.017724554901116536,-0.010590898534376874,0.07465330173103915,-0.0026606551576945597,-0.0009223367749299064,-0.0056028864851854435,0.12039526996268587,0.057924492161135245,0.03055203246769428,-0.09829683890560915,0.01984178946089106,0.0077465813517478685,-0.0024010068759113875,-0.07822632831752402,0.02900609379595737
628,0.42553901544259093,-0.0005873950341535827,-0.020507378527702402,-0.0008447807960291518,0.015195915181554347,-0.041120432535484114,-0.006351494711317407,0.07650505680138235,0.22244586802959976,0.01186859896656241,0.05539650342982071,0.012267527287127444,-0.19069281459944445,0.028893471923643613,-0.2544985835586551,0.009797450245064399,0.00015924419480128338,0.18923987336981957,-0.12177500701321954,-0.3338584971361871,0.0008354178499393173
631,0.5278731265630192,-0.004557938487809738,-0.002917911271729352,-0.0036431186677145437,-0.03162439430576413,-0.0053932352798585804,-0.025009178622571227,0.0997654144933579,0.23549098293363901,0.0006304210614175462,0.040244496115708135,-0.0002488556052252542,-0.3244687351835387,-0.09882502420833715,-0.11095083974327286,0.01927252026351437,0.0298574790053175,0.11609270925798755,-0.013477733925937757,-0.25518158270440294,0.004803717833731917
637,-0.04649520484138268,-0.009147938511235703,-0.05321065766752449,-0.003439936951659371,-0.008839465932601058,-0.002799816687584646,0.007739439938414192,-0.02634344858731662,0.15626570367914566,-0.005295616051983345,0.004785997561842495,-0.008064503680418203,-0.12309134386028546,0.06889871000886683,0.037449484502949985,0.008073411014134614,0.05689191564398282,-0.009768962535674315,-0.008153626822728834,-0.05303312216390888,0.069254117261654
650,-0.025021622211188917,0.04859297081423986,-0.0005034305742725019,0.011936592985583394,0.01187877177015591,-0.0066728793723419685,-0.09933171128517589,-0.09853259377087138,-0.16961733717941072,-0.004237234572023455,-0.04014764412770965,-0.005919633190935175,0.44514842833244345,0.04607783712093406,0.005337933726770517,-0.007300470069801348,-0.0722500198708442,-0.04548014985939825,0.010787780886521088,0.16602798774951075,-0.021779525186119968
651,-0.0697998258553021,-0.03682217616608371,-0.03745394252939598,0.0067487596085532295,0.005632953007328557,-0.0020679651693644,-0.04564005519900158,0.20910168797877485,-0.1343207968337387,-0.004702559307275801,-0.0015208039365562957,-0.0025871117875410003,-0.014380004753751147,-0.02374952112571439,0.017247455062059092,0.008807790674309101,-0.00871589517006216,-0.01211926053143824,0.00605804129499663,0.006866486552279086,0.05938002328727012
654,0.3007047706937803,0.008156820696852389,0.006821783884732296,0.006937182994344293,-0.018670028896394523,-0.0008593087226696595,-0.006816098791588049,0.04673432886241453,0.14300723444923583,-0.00200866366175952,0.019143859436627584,-0.001126290813963646,-0.21816509708353296,-0.026743456778260625,0.021801479764907195,0.013275976731156712,0.04084865777433428,0.01663166138289201,-0.024067282669201086,-0.0999426949024682,0.004527868717839579
660,0.045991324303313624,0.007523116982900777,0.0035333037029545763,0.00912361735095431,-0.003167322640950578,-0.00013074086029624373,0.005306682209983298,0.03378009917629501,0.07594608375866903,-0.0012408170991071695,0.0018154609523005122,-0.0029965813245672853,0.033675056242503006,-0.09557232482204549,-0.014329226047464932,-0.03987656172774423,0.00908536886003475,0.0024482982159330017,0.0025273460726806304,-0.07731843247655475,0.020295447868193654
680,-0.10125293759938941,0.03004112474820213,-0.0016297593143375316,0.00186119366653624,0.0007112638236231847,-0.0007773875351838019,-0.022837994158862805,0.14626081731327167,-0.10805271347498614,-0.0027673452738966836,-0.0016518811887057709,-0.0064570302511641805,-0.043177303423371026,0.054584796543025685,0.020603982949655764,0.009582920622674034,0.02736884427735652,-0.008594932881339326,0.0055282556197612165,-0.01267849840209278,-0.02558690027469138
693,0.1811544875391857,-0.03367892130543849,-0.023683582234289166,-0.015301924378308266,0.010579895633700646,-0.010130309025358853,-0.16313282338761093,-0.10614369833009306,-0.15758183711243354,-0.005888459332377059,-0.022528066100247192,-0.012356006311044655,0.3937824703036966,0.03056068259567941,-0.007254566384118111,-0.013571404727901278,-0.12618790880153685,-0.06731361854079775,0.0024242196866774636,0.12547818629531854,0.0026629289117736103
705,0.048295260467259696,0.014778320991326704,0.005639329263904213,0.006247620943987978,-0.0041231315515404925,-0.0021963355638266635,0.015445059343428451,-0.04207039838427618,0.07498027378452264,-0.008261790177370316,0.0012247730605808886,-0.0018183186119490552,-0.09125884878513228,0.06706118077976815,-0.0337825206666852,0.009641758314910999,0.02548685766874457,0.0006585245397487772,0.0068799355224949295,-0.06169885975902734,-0.0292737635602754
710,-0.548720424542119,0.042519862255410414,0.0025254159900127515,0.005333782215033756,0.02425560897078799,-0.0034105541557783144,0.13054371177463173,-0.08204292724554389,-0.028861110892383544,-0.0082986793464472,-0.03170075212413059,-0.004676007310316065,0.3186490807348,0.04625580194897467,0.040813994631127386,0.00036516889742043123,-0.019378383454200322,-0.05736764568447452,0.03424727453743286,0.11142974926044533,-0.04644601722649138
720,0.06368502562348698,-0.012015422662995856,-0.04127731276704836,0.00872805420659764,-0.0008255325504111636,-0.0004612648816931923,-0.006707163317309494,0.03434550940193127,0.013814772570011687,-0.0042434022837087,-0.0016989776200283411,-0.00478308714226206,-0.18895702267533582,0.021981864582692304,0.012720660310539226,0.01769132867169216,0.043827826231266936,0.002367506704449836,0.004616933022356546,-0.055333132916044005,0.05122469904677101
721,-0.4086376617493395,0.016553046718613754,0.006697750463933713,-0.0014025456180847432,0.01280138616114207,0.00046953947645686245,0.02232293818931135,-0.05601694885822097,0.01271136711896212,-0.004400896110667074,-0.010380617317192345,-0.003152231571280938,0.22618243902058754,0.047976669982775055,0.039396688291560504,0.01619724404625435,0.018618892115636075,0.0031218835843405362,0.012685852867427128,0.03979020673386524,-0.03841479425571103
733,0.5394476837527402,-0.012960221957759399,0.01114253012449172,-0.013215822760069627,-0.027804542609014507,-0.008425925469396285,-0.032094961692960826,0.4182020812671798,0.07248265510459923,0.004012244881020109,0.04564557066147119,0.010509670734597269,-0.3323251531798357,-0.08470957668204525,-0.020944084768549417,0.028558929912076435,-0.034929986505798365,0.06731879483554515,-0.05743503693165255,-0.12112391371966567,0.04658197794588234
736,-0.44518818416775735,0.012150866182344889,0.000464911213317887,-0.001470834613414646,0.018168811352695293,7.213991838672158e-05,0.03973930378091365,-0.041052756406409215,-0.01794678944404184,-0.003177981827681893,-0.028050812773203357,-0.0061530060162861356,0.20750355204938276,0.052949595543608986,0.052067481099736114,0.005176890887493071,0.02849857656276705,-0.012553660379551374,0.017994468632004275,0.11959318054239475,-0.034191315253656145
741,0.17674551230852104,-0.0055381011023823675,0.011143191702939174,0.0006282487729887038,-0.014550245450470449,0.0002142166189297957,0.00398673148888922,0.040054481799030435,0.14490296680536316,-0.004070182210735374,0.012786374557944541,0.0003757161061387172,-0.014033990632174705,0.055693517374355024,-0.10721864470194807,0.007047983211181496,0.04338672021863329,0.005640479231272691,-0.014988494869524667,-0.08317783288056738,0.060187320912463704
756,-0.021956138328871208,0.02850436619730019,5.5669951980023205e-05,0.014323805503082099,0.0040788020209782646,-0.0014190254456697062,0.03293164042170555,-0.06468536803749111,-0.019346791451527755,-0.003651102225977923,-0.011628764918811109,-0.01119280044374792,-0.06962848702211112,0.0601290248965555,0.028029399626649163,0.0182628960324714,0.023478716563570236,-0.005063872030856161,0.016789808241667124,0.07686364501057791,-0.0313243438365945
757,0.3223572000463352,-0.037430847119051674,-0.00733362690376286,0.007735907752216663,-0.0017084036117125502,-0.00023038873677624284,-0.04074754111724896,0.03602279014360248,0.016020669954187865,-0.004054221127230667,0.0016760144964049805,-0.007376035054323455,-0.3156716561386516,0.062095170661884455,-0.20874749230401857,0.008584567542613273,0.04778151590517101,0.006753331719869804,-0.00011536755986842946,0.01726008760722222,0.017628363495298442
764,-0.5099172155576142,0.021716603469716718,0.004725854011619745,-0.00022390329637182233,0.014077218856762748,0.0026081971559052098,0.053026808042488716,-0.08674742488215198,-0.043655221502584954,-0.00465951473787862,-0.031895889644218106,-0.005511776131291793,0.28672300957122066,0.05626417043268451,0.0494983692495046,0.00598519612955023,0.002451764835754792,-0.039847590885636205,0.041672929242274476,0.09508587497554495,-0.04471591676480133
771,-0.33366086447290216,0.029041806182350284,0.0017679374041087122,0.007695305402320245,0.024502284848744695,-0.0009549594792499252,0.07892065883740852,-0.06773120734449724,-0.020774371096553446,-0.0060874754897581864,-0.03224108506451152,-0.004872112274115096,0.10987400329187308,0.056060854026352885,0.06513229800414995,0.006784391654445738,0.014300412685257512,-0.04785328411850782,0.027790517051227502,0.11085691937475253,-0.033889906135622906
777,0.31138084675733935,0.001491481083067666,-0.008529430952602791,-0.003973987256285833,-0.06074378323126995,-0.0030160233098159113,0.0047268710390665014,0.2548503980153272,0.20748736934195974,0.0019697872993351233,0.02810289022369562,0.0017399083785683783,-0.3172262893172128,0.0472028184765084,-0.006736913234125576,0.024555658460065213,0.03297905404512477,0.03236909509771555,-0.05619545977473757,-0.2201409029045782,0.01509286085252876
778,0.02484106323734397,-0.12846339303229867,-0.05141194394772772,-0.011888778298472052,0.012674268885052116,-0.004371563157538752,-0.16336236805008703,-0.13151627198866842,-0.17512436377058066,-0.0023886473131289263,-0.022852524208097212,-0.005090425327647313,0.37564996519173194,0.04073273430638586,0.006824139884269914,-0.00501467724965608,-0.15630731994364794,-0.03206355387007586,0.006570564806786802,0.10920018779401044,0.10670568668980845
780,0.014909798867995023,0.002848432294354544,0.0026857624032978478,0.006199791487580602,0.0071290324144412795,0.001942978697261706,0.019425158395347152,-0.030665792989837445,0.07093317791285489,-0.0059210002146123245,0.001682049222388326,-0.003900810589756855,-0.17654065144132997,0.04432359031517839,0.02165000837914262,0.016036299944427544,0.023066098247464285,0.004163956872320318,0.009427829687197754,-0.009058183092345394,0.012966390471137205
781,-0.06360598686069056,0.014583988742192106,-0.0043563620554016354,0.002769572117587271,-0.0048439977221228035,0.000910868421105908,0.009125794833482673,0.021710055440061018,0.0433149908627889,0.0001424465872094673,0.003572924241561334,-0.0035648485560058644,-0.13548992165632737,0.058840103027953,0.04184193478595902,0.012986750984450535,0.042767124929047495,-0.007096107833633596,-0.0010343622407933155,-0.0036494539447030918,-0.024383256252968884
782,0.34134046924029093,0.007072859138655843,-0.003926389171178607,0.003760627671647986,-0.023994280973385487,0.0009430417983163429,0.01346448015675941,0.12572953814276708,0.14783918949647024,-0.001006936213138513,0.03276351306127923,-0.003058338024189691,-0.2860120695303193,0.07701431508407836,-0.1883686714843811,0.023908700257125513,0.032125988918146726,0.020435737851408023,-0.021532112132667654,-0.14429327543677484,0.0020591156573987694
798,0.37755097073542065,-0.04620341322381065,-0.022082082507065528,-0.14285956897428911,-0.008523533998073603,0.0015551298238719502,-0.06072246677915678,0.15998525219130236,-0.001384476818360927,0.0017970058589011086,0.03221459075014044,0.0032152267538870915,-0.4196602392129518,0.031004144162950865,-0.036090386923911394,0.0063644421843640645,0.016663085812632934,0.015848709974790303,-0.018606746260532506,-0.11490845013108855,0.028949365902402154
799,-0.3105082576417369,0.025253294423036685,0.00762658661154488,0.011463317890635715,0.022663527571264375,-0.0008022511409643652,0.024422896101938187,-0.11766986455003946,-0.003827005966853825,-0.003967914034212121,-0.019002009572322388,-0.002743399683690845,0.16373122567979098,0.004394231275687754,0.030763496725977234,0.004543724247066755,-0.006550422316322182,-0.021093217574424186,0.02487096047272509,0.0897237053159001,-0.050137627615997805
816,-0.2263625622405959,0.023214052131199637,0.0006735955863744102,0.006185805460699162,0.023707506045949546,-0.0013372410593875735,0.04783393459148022,-0.08789602098370902,-0.030872676609318774,-0.0036914433121566104,-0.024388907215520058,-0.007152546823660449,0.27083048304722107,-0.25161479311820184,0.026733826377714723,-0.0036204456966369204,-0.008436860612795947,-0.024043850458212127,0.03098848369706695,0.1185954848492472,-0.02982056682756754
817,0.09983795972839059,0.006123522801174261,0.010747433472032568,0.0006617093883863498,-0.010479160663394936,-0.005762214386481637,0.013482063398152328,-0.06486257754919351,0.12670889067190413,-0.0022733372469317167,0.00392240265991644,-0.003161477988259103,-0.13076371887411753,0.05304466005057211,-0.08318270902452013,0.014597823375667339,0.02044453589542291,0.02178560633332059,-0.00015298685015842993,-0.0894910281425882,-0.05384562977740068
824,0.12045485108862812,0.024448589824628518,0.004024755736365152,0.016263212067304172,0.007225561097773322,-0.0027707576654784046,0.023032126440751286,-0.046589684578646866,-0.021676030017487233,-0.004325518969155486,-0.01212795862560974,-0.0029940244174719503,-0.0540247718677836,0.06572936138885357,-0.0023208597919011013,0.002044642593954858,0.032962018003685215,-0.009254996909116563,0.019979798991446165,0.02702226623123204,-0.013029340814541273
838,-0.3804202390012208,0.010831763724092348,-0.027590508284624095,-0.008049546945524509,0.015333580284965483,-0.002680039991120095,0.011911093073752316,-0.06138721278148027,-0.11346242095869676,-0.004266752745266368,-0.017410594396676603,-0.005328054569371235,0.17922260838843607,0.06761513889294289,0.0382596538019438,0.011535910790727903,0.02341137296118778,-0.016411588042885675,0.022090495279139196,0.08781769283695115,0.009040671195408976
842,-0.3795532903423143,0.027987287177940353,0.004845965987132796,0.006530795202705316,0.02545913776645908,0.00208670421015672,0.03033308308953592,-0.07476407773678066,-0.07064195301279334,-0.003311546329821763,-0.024349040626431808,-0.002775372310418819,0.18066964036164757,0.053902140460695996,0.03548478242555324,0.007255800475306908,0.01829617910224834,-0.021852198185721528,0.03302127485341463,0.11147948341563524,-0.03922393476009905
846,-0.17972734550665892,-0.002679675216360987,-0.0319309899986349,-0.009283665184669597,0.009140121805952082,-0.0017471355299261478,-0.0005769626781835967,-0.033268726367798644,-0.07785820257577226,-0.0044486108666443955,-0.024802875616111816,-0.005984936948464256,0.009066582307810744,0.057606793743270386,0.040681966817379296,0.011270586959949406,0.027750088881030435,-0.008768928400299896,0.007943398112406054,0.04922167545152156,0.017696337665470695
857,0.1533275211886433,-0.007471652212893428,-0.0172857278993063,-0.00297489045766396,-0.006515420018547271,0.003649025760890344,-0.024372602279846486,0.17431976928941853,-0.029960588172387694,0.0002430434697740961,0.017290025995525066,0.0005820808260774877,-0.38640712581054615,0.030812330104589447,0.03394815645518079,-0.008535745036762903,0.013967385863187149,-0.0002033371766563954,-0.003753694840503752,-0.09199968543006648,0.011793687579581259
867,0.37160660924731004,-0.14645393266412485,-0.03357957940102488,-0.09412399900220757,0.001136912113862186,-0.012945334343053368,-0.17652192925243726,-0.1358659693044003,-0.11742516564340642,-0.004919096081175084,-0.021447050449678356,-0.00589258830196924,0.2762510813413257,0.02554992280027006,-0.004620218172497183,-0.015200631158491427,-0.12890471078507096,-0.06016952101045953,0.0025644315118630136,0.10078617134530479,0.027366050927180797
869,-0.48116901269577794,0.02688775775792125,-0.00614592246844852,0.001430818757413349,0.03138501333448252,-0.003872573319694442,0.10368042828425311,-0.08661736013121495,-0.015294051141144432,-0.005258288192928676,-0.025789311362389045,-0.0050172957362239,0.2004610890914518,0.07859748964433023,0.05720182900182129,0.003506713137633846,-0.01489166484161563,-0.025229699076904047,0.03054434605776403,0.06949170843409917,-0.046071535698276184
886,-0.16198137933045526,0.01674771226294729,-0.004540817542863712,0.007773227806577316,0.017259610538739114,-0.005879558800293519,0.04701117014414977,-0.07126045795412131,-0.05036769818965388,-0.00545499692456985,-0.03185283819945414,-0.00560663711588867,0.15737322856633892,-0.2918701315650212,0.04114825785766695,0.008290683927342462,-0.0032280796583666355,-0.05148383974132564,0.033820893424603246,0.12771194818022896,-0.02605343005220818
889,-0.4627651370786383,0.02160832635898123,4.641787641798867e-05,0.005923777933433538,0.02248642533152427,0.0012501431423286176,0.04416979764213059,-0.11506918670551315,-0.013142200743034849,-0.004581348128752134,-0.014795814537567675,-0.007026130130560163,0.22124501626830687,0.042809785370795356,0.07045394109130354,0.004966539779082386,-0.008443169768278986,-0.014221862676740022,0.031375569000461644,0.07232414445760244,-0.02224966502994706
893,0.028495172002094928,0.010010834647372622,-0.011590528961608436,0.00594014635359516,-0.003661108685995787,-0.0006923372044001559,0.02131087641699541,-0.07182211755817883,0.09841432461352854,-0.003703310635572471,0.0038421518725006683,-0.007043645968574505,-0.16175141554491707,0.05328897213726118,0.03539093961983913,0.0108733921691629,0.02143887545880313,0.0023114801317418014,0.001457895573186658,-0.031152118661727027,0.012270695870543242
904,0.04577252701729712,0.009923732783186352,-0.006251181457541683,0.0016798647228137237,0.001605478520546125,-1.0136841782534065e-05,-0.010189874626359898,0.04756147626589866,-0.01788613937329783,-0.0056038437477001525,-0.0006792394451827676,-0.004952262708181179,-0.06428646405447754,0.0781338991001121,-0.07948313093464852,0.013312913550703272,-0.0001543435414081178,-0.002844036425994628,0.006249315828253963,-0.01700377869493025,-0.004540461357363801
914,0.3392715476778469,-0.08212516145052035,-0.019351223695493015,0.023417475661737977,-0.010142408846713793,0.0016891312865745347,0.012461113531149764,0.08678234357824897,0.15283682762019407,-0.00053088019236875,0.02164873976744169,0.0010400937899096756,-0.37191061325522123,-0.021748260050440452,0.0063142334497693076,-0.01198972902845838,-0.05080525125156459,0.13963043658660107,-0.01717594808028305,-0.07778866069331086,0.08032852102821836
926,-0.33425180521385855,0.03451870731817407,-4.163581759918226e-05,-0.003982803035413304,0.008119108244179482,0.0028207349840528796,0.01662655118031264,-0.05498341418911259,-0.049809629199464946,-0.0049975950789102,-0.009001262055568266,-0.008550694563313664,0.14984965781214798,0.05590464647263556,0.04668795714406861,0.01420560519440905,0.006136679791701535,-0.012334896555044687,0.00972951447158359,0.058180811369662216,-0.05009565366633642
936,-0.22871265493923776,0.03353331907861192,-0.0006273143309583113,0.006299009494091531,0.020056351201797253,-0.0016721256811609525,0.0632526781129692,-0.10007051036221147,-0.003335933058097005,-0.0031088431361020563,-0.02559243391944438,-0.006259125498619078,0.1256709794141879,0.06243208195199931,0.004797975995692868,-0.0064279104642141595,-0.0467809919503555,-0.02810571263652757,0.03102682876036351,0.06708804540410153,-0.01791460749558218
939,0.461510554121732,-0.00037037465362736813,-0.01079416676553638,-0.004650227079813978,-0.029933975454776454,0.005686552130675964,-0.009456587350593685,0.18783415582737517,0.1635805643342001,0.005372950300377455,0.04168180465422099,0.006733096553133175,-0.45329496095939564,0.07174011299342269,-0.044655283997216896,0.023279920523464646,0.0425685277881372,0.1292150698186957,-0.06025816646778001,-0.2435496464139953,0.007554586527059494
941,0.010572751646045176,0.023691267332722966,-0.002532830065955342,0.007599679025368492,0.014322332705781798,0.0007397242709307573,0.05005098583723691,-0.06204529155826772,-0.05575001982944265,-0.0036523654690858113,-0.0067931992551735045,-0.004929954902599906,0.08499931093383534,-0.1709936849091058,0.0009745083085785391,0.011542788028257285,0.020486931774230003,-0.02525686068591609,0.020404291438227026,0.07249776877373262,-0.029500733325983172
943,-0.14304133192320853,0.0218884343420635,0.0028367022786363744,0.007272060370617261,0.01039023399094028,-0.0008293124659293317,0.03897102274525896,-0.07254773321800853,-0.008634825733229596,-0.004552762761460991,-0.009241541126131516,-0.006792070676720705,0.023978997060122867,0.06789666639154723,0.014469303475358524,0.015567207189409347,0.03058334269016024,-0.002893544930503639,0.024086765992722345,0.06036480560491358,-0.010953134828795227
946,0.5549854204975044,-0.09097805541710645,0.02196835581526084,0.020130363171852694,-0.0004967458644533506,0.042265508763814456,-0.014312027707417668,0.07005327866593809,0.0977151987113106,0.008181609760214627,0.08605569040711937,0.012697517804818419,-0.13592707220990044,-0.26021802940837563,-0.07865744065116442,0.013909099787678928,0.04683337987714269,0.08937764575200578,-0.03189781469502054,-0.05959872589640383,0.09107602918699625
952,-0.282045972508157,0.018051771209325895,-0.012354819763148638,0.006881174603015208,0.011332348038657274,-0.003890310944778816,0.0362369707947292,-0.07067036844906532,0.013347607642019437,-0.0020548520268249184,-0.02304836986389126,-0.00847059167032353,0.017559766821056297,0.0661651607401398,0.0523249513289179,0.007547282693217091,0.03368049130065145,-0.0020067586547284685,0.023476214523168573,0.09144470687187546,-0.020137249318969052
965,-0.4726930696723713,0.015157790249823666,0.004102079001369532,-0.0024320127856491576,0.009916827597376977,0.0016163316431546905,0.0013689415265613339,-0.08360263091238239,0.0030291595559982913,-0.00555077442051014,-0.007259436926331114,-0.005177260646974626,0.2453143050200971,0.0364380801444636,0.037310723936873576,0.0025725202367059743,-0.0023175454213884656,-0.007670420225442284,0.014596053250676005,0.04184153714625978,-0.04979133697248222
988,0.22009161204708158,-0.0032453971659212625,-0.009422491172751473,-0.024186224958659377,0.00865449824695994,0.00023203405078437258,-0.0481457514524541,0.09768417615709843,-0.17432909220462153,-0.004848770071203371,-0.007273663673694733,-0.003814147570065904,-0.1503150167739905,-0.11049493601616955,-0.07699507374167497,0.013666699755087485,0.009268465676958455,-0.018681828112795937,0.016006590641596728,0.00836377344553065,0.003279871048328524
994,0.4007099409977076,-0.14577961829167727,-0.006604294834919911,-0.29263013803076393,-0.024966330335881512,0.0012009896920077876,-0.029537950960392745,0.08369755892151393,0.18561433594224164,0.01736783036259225,0.07243060664020833,0.027506251546283656,-0.45636182228210753,-0.00144566341625795,-0.01581366993952895,-0.004283624572296679,0.006315571225060313,0.06084775841125938,-0.05143514072318815,-0.33702061448860404,0.15109514730822796
1004,0.007192112853745505,0.01779246646614685,0.004539245366184586,0.0075954114106683065,0.02319273517906734,-0.004793308886893063,-0.14987029282618716,-0.10402405797500366,-0.17200978964192135,-0.005134393575894727,-0.04022315207323088,-0.006761505442146243,0.43328646145898236,0.05567085640272584,0.002222980870060433,-0.0017286986503217033,-0.0917915175733103,-0.05343470733731745,0.01540970491905267,0.15363528058047302,-0.003226560102408374
1009,-0.4631401310670044,0.015309810262790468,0.0015978747802116078,-0.0018102530680011776,0.010756657042739134,-0.0007762452924971016,0.028715339121545704,-0.0635307719054162,-0.04818187051338175,-0.005496224406014706,-0.009505057275902756,-0.006321085630176007,0.2514829658300614,0.040214547813584786,0.019075111756718575,0.010120833668815827,0.024711557550330967,-0.014096570637253492,0.019842708903198156,0.11116788794318667,-0.025136293461991532
1018,0.385585901054562,0.007922423499826166,0.0007795926245145204,0.0015910101929915406,-0.004022811352235053,-0.0020846232430137748,0.021175202391800756,-0.04781775888066144,0.14746513475241152,-0.004377313766647658,0.0013837892944352744,-0.003384880703926935,-0.11434801388200479,-0.13381838791215406,-0.02481859453846914,-0.0039122274083434735,0.022517820999219194,0.034480691104496655,-0.009966747577651062,-0.008113288050321838,-0.00873939359722311
1033,0.18576910593648135,0.00031756623332061205,-0.021363395401147404,0.0010876097284953027,-0.022616482127510718,-0.003226277664991605,-0.005967164436892617,0.040453220528205706,0.1791811791280379,-0.002531117182732369,0.035831735123411305,-0.005675402724038835,-0.20540540933148305,0.023431889888996818,-0.09391290513266061,0.017387285643341983,0.027552418082300176,0.013518485188741651,-0.019952808089361826,-0.24273779786920802,0.009385786292450472
1034,0.38640327251266143,0.0058903829138266025,0.010176490963685248,0.0045035990930084304,-0.0010042486074054939,-0.0015935653621488841,0.02554796538169203,-0.06175944521198358,0.12276541073249851,-0.0029462477655690074,0.002584313443535376,-0.00541429116936899,-0.006618300006855727,-0.08905629974852268,-0.17615943146886529,0.007251511274087111,0.03484229441843781,0.03694817713739345,0.006122336467464317,-0.023241290223872293,-0.04423827951873896
1043,0.6980755986051327,-0.0482722969223465,-0.014181342291460886,-0.014492799812466628,-0.1001710676593837,0.004173650254281666,-0.038724253846603614,0.2159659800746276,0.07654919027582756,0.297593983050664,-0.003456075141586677,0.06002538328141983,-0.5475237296483895,0.016097405286550178,-0.002185569486932322,0.010779891545109964,0.01054751686857771,0.026203774733519525,-0.06666727736512133,-0.40849033333575924,0.03225312456011074
1061,0.11812274178341632,0.015059999883677837,0.0046529248350107326,0.013533665426894303,-0.005527366732830807,-0.0034007360620621763,0.012640395746409011,-0.044603051690326107,0.10305734351816423,-0.006714298799203971,0.0027239437435401122,-0.003834307792734193,0.012913517287380648,-0.08697610989601846,-0.037197426303864474,-0.03900834777815731,0.028372841318286077,9.820223265552289e-05,-0.010160079625578994,0.0021163865980762557,-0.030633886850452187
1073,0.4883620637078391,-0.05406836213168636,-0.014784650706056262,-0.1935723492522902,-0.010304060443867353,0.017054948700477517,-0.01750742991365717,0.16056842497012067,0.06235258316937877,0.018345379019385735,0.03716221405787025,0.05114574543611255,-0.44996458846775816,0.016590323871946894,-0.13634671319024594,-0.006424817318991938,-0.029462030827413343,0.09489363222277601,-0.08322198689264607,-0.14018989218896863,0.04024235306783985
1074,-0.1184217538793479,0.017168709735770993,0.0007527788277010207,0.008412796316456937,0.018172827244329184,0.00018038453514624105,0.04065737999889118,-0.066786157516192,0.009401667204190438,-0.0018920889959465235,-0.010512627761641604,-0.004791055568112234,0.039984084582033494,-0.07514770896838983,0.019146150073161845,0.006873936274831912,-0.014643336631713993,-0.014015286709757614,0.01887794102256064,0.10123173212915378,-0.03070903562521925
1079,-0.08539451315321185,-0.073679265130549,-0.00954522112523745,0.0014647319927000343,0.03228235805728464,-0.0037107568808816657,-0.1555168546398358,-0.08851782596053784,-0.17803047832285943,-0.007019475683814517,-0.031349740928943326,-0.004315627944967265,0.3305235009799451,0.05020623846739583,0.006530572721221184,-0.0038288521435866137,-0.10054865011563922,-0.031982897053863424,0.01187576050815336,0.14743992726868688,0.03833666081203183
1084,0.18201873735379437,0.030801377612073657,-0.006375164741742051,0.0056651621159656,0.010942340254825511,-0.006342902102953016,-0.11996628011429905,-0.08948368291029966,-0.1618895239292689,-0.004608322742484496,-0.02517096319166844,-0.006626391729631222,0.39730395113292816,0.0650370460173121,-0.004863890036845622,-0.009587329833621306,-0.11794848537164587,-0.04701808212567824,0.012575351145642743,0.14268070937693625,-0.010802566455408781
1106,-0.42843962488902854,0.025407403672947467,0.0053327313536939555,-0.028991225477236447,0.027408202396919747,-0.0057979747682854665,0.18681137556624072,-0.08028581942283193,0.005870752736418408,-0.00828827197936447,-0.055268909620218236,-0.006275857386977905,0.2937274567498731,0.02852885630935805,0.043664110268477364,-0.005922497936336025,0.01669741744504093,-0.04833311048935942,0.028368199889839726,0.11127345772718632,-0.06794906871216774
1108,0.18045642379808585,0.006887489399456815,0.0032203197692196417,0.005198868784655195,-0.0066527937348281555,0.0014513708200780987,0.00576625381169053,0.07687073169152826,0.10483330638315785,-0.003826659382485283,0.013693232036260371,-0.001303938460589238,-0.17785614686660736,-0.04990866246671297,-0.005396430569816243,0.020476048792432627,-0.004912589719519767,0.011548078281652947,-0.006274365358504127,-0.04909009379919345,-0.0075173424519166
1110,0.13370219158902294,0.007644414218347722,0.00587308768971019,0.005078120059217358,-0.015529213501647621,-0.0012677524702088398,-3.607351459114126e-05,0.04865374268483491,0.1557442604536112,-0.0009648074569529597,0.018385244489386148,-0.00570893678050045,-0.09107309980059872,0.06707903592856264,-0.07464121178129207,0.019102639344752863,0.028837234784092815,0.011017454500672267,-0.020987457267502087,-0.08828398197525526,-0.035331384326251575
1111,-0.05640876908523315,0.018194020777786868,0.003524668774167432,-0.009102571017445231,0.01159699813145395,0.0027810271852833743,-0.006252311573120743,-0.11134555554453242,-0.005950907295566455,-0.0048790858802861894,-0.021846085909033756,-0.003603780786629714,0.18605172362627484,-0.24868921437485855,-0.036028515815220985,-0.014194374223954436,-0.035748288888597116,-0.031013198727188798,0.021282929949436463,0.07830418498702205,-0.04517093281723358
1113,-0.3553943512025097,0.01968726106242721,-0.004840959300066875,0.00936011112209936,0.009311175743590394,-0.0027726775506861675,-0.001036132007843702,-0.036143434892886545,-0.13231383813281775,-0.006080549932245929,-0.024875108043949153,-0.0032938853878035717,0.15747676158260468,0.0042960410523333195,0.0478972997643703,0.010880530288982252,0.02124053219540902,-0.016956402610572283,0.014261325222598244,0.11446478797767884,-0.01115571222703518
1114,-0.3720002037069241,0.029087966763766317,0.004096717354202459,0.007277832758466335,0.009736414465262811,-0.002348338922058464,0.04429718596081101,-0.03703875562985532,-0.044630484405133335,-0.005898789284029727,-0.018188066580764935,-0.007160847754694479,0.06666784361724398,0.04281352549686077,0.06938722102840318,0.01922796589055007,0.029957812126775844,-0.013045317666176141,0.02429881723007654,0.11432275298654045,-0.04060802177040594
1117,-0.43195701440716866,0.027683142916492,-0.0011889197050817069,0.007641448942200883,0.018838615944084366,0.0011135431207050762,0.019710138562357194,-0.03390377650747309,-0.08849298192262249,-0.005527922415176909,-0.0302082103672898,-0.009125294010968362,0.2012685663378468,0.04504276875139913,0.04802705269939819,0.007608406796801354,0.01495177388715795,-0.01640129754049847,0.020443876088291738,0.08318086186420764,-0.03987381887347856
1132,-0.1309413248626009,0.014566563624565966,0.00602036015586713,0.0077924599316234406,0.010879282930363972,0.0017321241840953276,0.047219171492237415,-0.07616042446593871,0.022771435369705863,-0.006989358754935653,-0.010474226413298782,-0.011779020761579183,-0.01653229741774304,-0.02673582510755611,0.060747933636188335,0.012667426997153886,0.04180577158092063,0.006925009433021525,0.015436962444734185,0.07032930191828807,-0.008680940377567857
1137,-0.3396323333247984,-0.022015675985426062,-0.045151212506931715,0.0054316784389447734,0.002723987181791673,-0.0037223141037491777,-0.013936026002132335,0.009137855109351278,-0.06751586615345885,-0.005231108991622179,-0.005297212064080383,-0.0021049102691699617,0.0827399001301859,0.030067607080392446,0.051838740833635495,0.012241412295677118,0.0188561291233169,-0.0025470930842882307,0.005915562212259728,0.03061799643624993,0.049488274342283395
1138,-0.4136503977790639,0.02832064677613362,0.007345917984896241,-0.006948262463597874,0.025888943242083972,0.0006646663690147285,0.06195925112840632,-0.045640369283511555,-0.018151980551792766,-0.0028354460122695683,-0.022436279191060664,-0.007533706627772679,0.31926867652707486,0.05604567183138107,0.056181307580838086,0.008421192625241465,0.02367358957327255,-0.041894236800102104,0.029746810105959056,0.0852576047109371,-0.05109745024943418
1140,-0.07751636025880959,0.001131587451074816,0.0024928423993851516,0.006397776119749768,0.006005084957276371,0.0015246396759894102,0.0009618406297351344,-0.0269426160297934,-0.010931807021626617,-0.0039701040267597736,-0.005658414687221114,-0.0024800951538707775,0.03533416127178396,0.0030401592914144804,0.0038138796657098757,0.013554135988218162,0.03612784577886153,-0.010613156264447731,0.010462286372990466,-0.026403234763435247,0.030485904129546704
1142,0.5405222474044815,-0.08323907021765226,0.02827558894046015,-0.012958437201007011,-0.004232815628468074,0.002252842228363602,-0.038204233013265816,0.14596411853860428,0.09820230272136886,0.009855762382761478,0.04407830649036338,0.007380356218060047,-0.3053112430727612,0.05073870388112715,-0.000617921288637056,0.0036133951930870903,0.08850260674712782,0.1377739370484987,-0.07986233282079346,-0.14599240694085555,0.08381678223323737
1145,-0.3115398285785877,0.019336274410758393,0.0011647498097746465,-0.0007362509788262513,-0.007715306403547242,-0.0006282623008372182,0.007760042823820846,0.014825471194768474,0.03678361748500918,-0.0018589333171679795,0.007444805888748127,-0.001115805677907962,0.1640834833321,0.07025954174344361,0.00943817515462444,0.010599616131558548,0.02519429062478024,-0.00632208268543026,-0.00758302602058322,-0.02857381395294324,-0.06726967775064625
1146,-0.48870990790919183,0.019845427630612856,0.0015664612285748683,-0.0005880140705016585,0.019266333494510533,-0.003200195787102733,0.01676724669079654,-0.08814173469839436,-0.04444822861172742,-0.005291043784592461,-0.020499798929378744,-0.006026329956067009,0.24158890160469274,0.05520171137950862,0.05408717263437299,0.008081086854323107,0.02046985687566238,-0.02554736709537978,0.032691065481719045,0.1115694579882779,-0.06523702872913613
1151,0.5612866857583924,-0.04956698758217273,-0.062836238785999,-0.08433941146779073,-0.0023545407875303135,0.013726174592020447,0.02362582300949789,0.06839734104491985,0.13898334751653693,0.007801439525620307,0.06662521369331827,0.01109572878145199,-0.38210255091039436,-0.01401680749481269,-0.08784616274246405,0.002667094199894696,0.06351181458172912,0.1135569527453764,-0.09492864641409783,-0.24555022469279653,0.04787692412781413
1168,0.19004388623887483,0.01330684771417928,0.012256189017131346,0.012827387695278214,-0.0001633514288562848,-0.0020378350238522388,0.006150139944338321,0.021495082274739282,0.029341986702730805,-0.0029184702689592653,0.003682477253746874,-0.00426332495666969,-0.07719039465111951,0.04023336875861152,-0.058211064081881786,-0.04349672262012084,0.022685927524412567,-0.005620715745942515,0.0017877876103035983,0.00583792902108323,-0.026139451374066095
1169,-0.23838572009522618,0.01554816742503126,-0.00018098286394255763,0.015301699576169163,0.00861650234196125,-0.00461215507235869,0.009957238503725043,-0.037599393254701456,-0.04843480744559563,-0.004368846364434511,-0.011321959636552009,-0.0033356738631026323,0.05712972698828819,0.02763436386083319,0.02273234144768741,0.01670222573057457,0.034778377623936436,-0.005750630240793791,0.015648428707632136,0.07224861239613119,-0.013084582002132967
1177,0.33853253912486275,-0.0395523239209447,-0.018024141652936896,0.007274008026860724,-0.005151081565708921,-0.002967144950097175,0.003193542091801452,-0.040990768879873116,0.08896426826803533,-0.004058959326330888,0.003970191308881164,-0.006141215076345998,-0.37773875558996833,0.0374376020539213,-0.09904333333503522,0.013294187673057872,0.021566550653254427,0.00998409991733549,-0.010625607338870564,0.014686661768891395,0.028228912850979646
1178,-0.44995136117981027,0.0256446194118915,-0.010149209498735583,0.00804209206284449,0.01923166834244017,-0.002940272283291981,0.04483801759312989,-0.05169759427914613,-0.058774075594737574,-0.0068407693721872975,-0.016172114624717515,-0.005873200102967307,0.1780533814037604,0.060435736956638286,0.06144402376791461,0.003100207959364898,0.01100348501068852,-0.025219142258366457,0.020053584304598495,0.09602880793551619,-0.029727704203374495
1182,-0.22435687192770615,0.005658131848241817,0.0017833923486599832,0.009986402131593155,0.007557106078136775,-0.0017782119435419698,0.02057587339289114,-0.044265788491159586,0.012182092473495736,-0.006116620832571911,-0.01548478781271895,-0.0032223535126990003,-0.025905263268793225,0.05749511745859757,0.03583539597428246,0.011838953820153892,0.04219206268773779,0.00019936965965893706,0.021593139396315884,0.003548461754418943,0.004108657229127233
1190,0.35533838063573914,-0.0722143366808147,-0.040867278768214596,-0.0038551021392367007,-0.011002836963422965,-0.0005300423278585681,0.004992389496667843,0.16205004370431506,0.012246307037316191,-0.00039376100882525245,0.014215863818558307,-0.0015024552458728169,-0.3257733132506935,0.006228837626489969,-0.05384749176172438,0.020070507429861464,0.03675195059258307,0.013570756168359737,-0.008508412276701821,-0.14777797957237215,0.0902314148113874
1197,0.03192389324243911,0.015420084000534002,-0.0073421049821677485,0.008066543572994876,0.0035321153196772124,0.0002155582437936729,0.03015626171814526,-0.11108475124061644,0.0876081278781936,-0.008647164468941591,0.0024674150573306105,-0.0018590914683388156,-0.19356757790352264,0.0620657475779387,0.03697893893783052,0.011622900514279692,0.032557950409666234,0.00931336089674525,0.01727186895408464,-0.019825777650897075,0.0006152079182951409
1204,0.2746181802983885,-0.010427979642154712,-0.01979985847105198,-0.005133055538839035,0.0035040312272405245,-0.00810568345462524,-0.1139190644270442,-0.09530350480545634,-0.11722795350486845,-0.002783530629253271,-0.02101129270938074,-0.008790591497884585,0.45140497451424433,0.027828782465148996,-0.013468272054488665,-0.007184075646442417,-0.14324476720024082,-0.06542579785314945,-0.0008841523230293815,0.058624465615563955,-0.0005014416553529249
1208,-0.22152788113487845,0.009734337206884207,-0.0012530273521773453,-0.009911882339818745,-0.0017938704263808123,-0.0022811741627116948,0.016994241529810942,-0.05326114452361201,0.05457905779367473,-0.0024599569118964703,-0.0044967027348946234,-0.005067918955701719,0.10873615847612456,0.01154437524571587,-0.014868410712394566,0.0125850924892353,0.026207939216732642,-0.0009951545956173855,0.0025747199868932065,0.007422843808974145,-0.06917479694380715
1211,-0.4614658931988807,0.009166013444189249,0.0022107952096179374,0.008285915616467732,0.005832085071067911,-0.0016961589592618719,0.001062227582015817,-0.03596818730525864,-0.033560963449591565,-0.008080117954690354,-0.005923623734155503,-0.0049285006016562835,0.20301180714836464,0.06598233057756842,0.039923982882204216,0.004339200854079511,0.022891455053534637,-0.0018174851707251525,0.021515489256716643,0.028361780547943572,0.007012976257270139
1220,-0.17069717803040546,-0.0750351342561537,-0.007807659427131213,-0.005026877891007069,-0.06933792464592652,-0.009030410343977634,-0.002198547501017449,0.23247605445645447,0.11807473839005835,0.008503587879180782,0.05094491262673925,0.009023222738190811,-0.051397048787953724,0.01584593300808501,0.02819298850293471,0.005531136379395154,0.03478036074597639,0.01196306819122857,-0.09635354330368191,-0.35044170383106193,0.047900496129310334
1226,-0.4508675625348326,0.023930663906143845,-0.00040856690071548675,0.009587139473868496,0.010325444029126192,-0.0005987815455982796,0.019900057186812457,-0.04879324732620765,-0.05114220280025686,-0.0019744756555358308,-0.012502731925194443,-0.006363475792679734,0.15565343137662366,0.04482933807032486,0.05409444741123239,0.00745469267973986,0.02635431595633594,-0.014568831755239459,0.0203252916504407,0.06511435923292402,-0.028050730160544792
1235,-0.38366348508260945,0.045787264839157356,-0.0019991917562644864,0.0010815158682422456,0.014800866740124069,-0.001906357271206067,-0.06462363722628518,-0.06446477119059725,-0.10878949996098113,-0.002611283621174883,-0.017034156580588766,-0.004103352492814527,0.2525750653537595,0.004516013701590216,0.0038833200431085415,0.001567324340057562,-0.0164799010609507,-0.028508696764677575,0.013304408223795867,0.11170223771963039,-0.016944686527645497
1240,-0.4772985358736582,0.021078094993092825,0.0011465436032734753,0.0013197992453545491,0.013243119102225724,-0.0005081122101906875,0.08295357556605545,-0.06804923311877571,-0.03244590266305931,-0.0028225118803272276,-0.022637139537160504,-0.007470228243264384,0.2614662227288322,0.042306023517062905,0.0539276083383154,0.0005317649891085797,0.006204869333017007,-0.03792093599563715,0.027788825416450166,0.13621545693004916,-0.04751529227245286
1249,0.6019946347916304,-0.012099124774684162,-0.007330766129300211,-0.001543069146061001,-0.01641744222728823,0.0006878723211077298,0.007128411070563546,0.17716664310750263,0.04068697527304373,0.000541639543890715,0.016484833563514753,-0.0009151171339694939,-0.13024854903310645,-0.2204129798585277,-0.0832596382888917,0.01193176458738262,0.04624817817157272,0.045193779451323725,-0.018213629810033775,-0.04717811880501503,0.02109870037392356
1253,-0.09434643555707609,0.022037514779441183,0.00113883508307516,0.011004512431674234,0.012620584867491852,-0.0013771029379669364,0.007837698784542433,-0.035140959244146494,-0.10389300847698758,-0.0073163866646849575,-0.011947864565490029,-0.009716948660645366,-0.07798275674707754,0.061554863831444,0.028392211588952384,0.014870972224485466,0.00749929057686774,-0.008543363092885187,0.023326092722621126,0.10378504330317471,-0.013195516546742357
1255,0.5313856135186404,-0.01336292801785189,-0.05538507232475844,0.010154379790550795,-0.025654625839589888,0.010344577093807865,-0.026941145631168006,0.13385735636027787,0.24018440288867848,0.008898640899865917,0.05566517598075633,0.01202302235677905,-0.41541856048546694,-0.151789985525565,-0.010912679558322496,0.0002740593430746755,0.00647164558414525,0.05010340779804132,-0.013096373238130565,-0.13593185098006935,0.050730571326920985
1258,-0.16619855791160978,0.018159209966861968,-0.002189710539783714,0.008871652666564603,0.007563935355154971,-0.0003630060233253331,0.023297509873931574,-0.09146892263454273,0.02832617508473849,-0.0028501389414818654,-0.0037660833579947484,-0.0065178255962650665,0.029795856631858523,0.07053359411699862,0.01565744953921598,0.01304483829944686,0.018981142279961616,0.006178662277493832,0.015389227560097375,0.03072461992180558,-0.04295106148563289
1262,-0.20433339506796153,0.02402532768758793,0.004427877064971278,0.013313248047702297,0.014839319961198215,-0.0016905841604196068,0.035269686311786,-0.07581828003851246,0.02544963553156654,-0.005470328212824555,-0.012902825231203879,-0.0035814882461562485,0.14398313701101795,0.015824045203686073,0.01518481923913632,0.012284370812348927,0.03910057134623429,0.0014207370401930902,0.015479447338574636,0.09400316659124809,-0.04212769755285372
1268,0.33994482828080597,-0.05973729264677781,0.01838065695443009,-0.006990545708195841,0.007782464062644544,-0.015112266998667344,-0.12179483378621393,-0.1154261167538184,-0.14004988208294628,-0.007093302111941129,-0.024035890064406908,-0.0032271543183723726,0.3554712177608042,0.03794330114494949,-0.005960952416046241,-0.007023114209219813,-0.126831136265727,-0.06977460133324717,0.002982787937268709,0.09037278543973858,0.03089916403017223
1271,0.20624254955437762,-0.008940374009878823,0.011215396729378073,-0.014705624211006761,-0.012998445636979428,0.0012223674112840858,-0.015405616442017574,0.007731633403575406,0.209152713287584,-0.001389761816279884,0.004842934714354253,-0.005229906760590522,-0.3349997917733278,0.031744148295651906,0.024318358338968935,0.0011532465551202028,0.03741266279456077,0.02894693726679198,-0.0024012698246075044,-0.13288188737795756,0.03284143654530374
1278,0.21471340336635275,-0.04367017020403279,-0.01927232704942099,-0.08578106201395902,-0.020858634553624154,-0.0006057803152028103,-0.03133943556941598,0.2842710433849236,-0.01734969621714578,0.003206236075323482,0.03693852739719708,0.0048255295272675285,-0.36723808877847086,0.03064568013234553,-0.004350810517582674,-0.008300611395098127,-0.05660982535872103,0.01873313672533763,-0.03913448208761202,-0.1118271073434801,0.024317395045396154
1284,0.05464594414681533,-0.0020719484237274525,0.0007327094900296936,-0.001834879159743609,-0.019482420838384428,-0.0005971448994733155,0.0009217123602397472,0.04453626921808361,0.104295883251948,-0.0058588112203148465,0.017470154731457323,-0.0007960044274660627,-0.2993006762666984,0.07344624153940645,0.03237102455519419,0.0031302726391939776,0.02286033484057616,0.011453774957841327,-0.013591094860972385,-0.1940425797544502,0.01763694129172363
1296,0.24098190854567558,0.011556329762314917,0.0015734457383704775,-0.0019575924763779325,-0.004662892710447955,-0.0016660502966416176,0.029744169352346875,-0.06691137896043725,0.10322088556840847,-0.005186773581433998,6.913119186340148e-05,-0.0032628384765369363,-0.1441983753972351,0.06891187129917467,-0.015382759746899755,0.013880524647254583,0.02941322806439278,0.023010413675718596,-0.010927861490707848,-0.01587211870888388,-0.04441805159298065
1309,0.061073508777693915,0.0024888403026206165,-0.007412331406149264,0.010320204951564644,0.00043122006071287647,0.005100354886767969,-0.018387178532560593,0.08418331439178979,0.032450110345766475,-0.0012168443842422237,0.007504722498286801,-0.006037661640868714,-0.21724080613597396,0.06860995176600068,0.04578459675868815,0.019701700095882065,0.043185732874349035,0.005365471411162534,-0.00198644720757773,-0.04852935973867241,0.012438261455050859
1310,0.1276316839119192,0.015470931341707607,0.004384189641439542,0.012010167599163414,-0.006217328667987487,-0.0030339294340862187,0.026963463232828066,-0.05417921465487514,0.1351683224862996,-0.005382888547033757,0.002794514367316554,-0.007167391491866956,-0.16744305636191975,0.05407843515650705,-0.03634984622862857,0.015430361602323979,0.01954343838302799,0.00990342686441794,-0.0023223191635249533,-0.04051572025877798,-0.02980430640692753
1317,0.027584067024395607,-0.007298022420695507,0.00695492002039853,0.010507604255510688,0.005418857340379784,-0.004818823670035976,-0.04347753883187752,0.19363577494122283,-0.14006286977596713,-0.0046369687309162,0.0005672701870620841,-0.0029196353649284757,-0.1974731427656101,0.08181083171111889,-0.013949730034278525,0.015960428546733213,-0.012197859270715379,-0.02063652564456893,0.012421962771950247,0.029613257833836636,0.003822334290451432
1320,0.1233493195567675,0.005515876763567553,-0.002758624380929536,-0.018705463464517038,-0.059527743713492495,-0.028151537608509355,0.061899260695236796,-0.07255465402558453,-0.005222865376900756,-0.0025210451917596823,0.030190123448590008,-0.0019181619854802352,-0.2669894929352612,0.02850648924717171,0.01091788884514398,-0.0007886249276076701,-0.061774771645599635,0.11677393009067792,-0.04944438379156462,-0.1405231597714702,-0.024364199529633198
1328,-0.5584520712912068,0.029489331392345716,-0.0005878813692163598,-0.00477327726285266,0.020766179679463967,-0.0008066576260135517,0.01977133478179153,-0.0687135724777743,-0.07335006792739897,-0.005644126321470508,-0.015475555005718296,-0.003990606409658279,0.2824885766709564,0.04230114272519574,0.034590519049109966,0.0029484994596901213,-0.0248622063286951,-0.04167680637497637,0.030941282731291576,0.1301763732824336,-0.04714758976699838
1334,0.45716518439355397,-0.003975742574061516,0.03185106315463779,-0.040112610587895364,-0.028773042083968227,-0.018264475059652483,-0.02859676951355293,0.19763835201404928,0.09541136160586938,0.022444484667891704,0.06573203438360635,0.027184047875095242,-0.44299189080558077,0.016779764878112596,-0.040743936135739386,0.0027887316754266556,-0.03649418327286739,0.1075366694265142,-0.1219540130227623,-0.384325564485558,0.04847419778312966
1339,-0.1642433594605406,0.019691009923134103,-5.864746238206199e-05,0.01782104458669969,0.0171173662553615,0.0008247007987075863,0.041601018476803656,-0.07509692951719028,-0.0022474812904701032,-0.0043526536487755625,-0.007431127353836172,-0.006429528345880284,0.0534830027703708,0.052880324075343974,0.008632141592603816,0.012638575561697963,0.040580468040354346,-0.00206098858943613,0.01704256369408844,0.07282834219123202,-0.0025798947752557378
1345,-0.46480725055446714,0.01906124768419618,-0.001015635120550976,0.005375179525168063,0.017636998422620034,0.002871250928603307,0.016288329298982426,-0.05744653405506135,-0.04242197368999961,-0.006877435701529913,-0.01525454601465865,-0.004621235957561392,0.23326526918139126,0.04295573346472482,0.04053482254790639,0.0062508643339285385,-0.0183140664771661,-0.02186108628204039,0.01792485512420182,0.07059935316076206,-0.033086005309314534
1347,0.41279643609403716,-0.004270086470988221,-0.019821866296794638,-0.004882635071799984,-0.009407184400327586,-0.002113634984956493,0.0037255974098083194,0.3434478591209264,0.0813316345831544,0.000563591980408634,0.020474344691889343,0.001327890816867712,-0.21742136518722505,-0.15531161061467394,-0.04713693154421025,0.04128993771248393,-0.010667821509675818,0.007708928188281245,-0.029075372046477012,-0.0912375234337656,0.03713258356921644
1361,0.5096984974122982,-0.022986970167078666,-0.011128508686449127,-0.0666497182340145,-0.017191277987811174,0.006184141857556303,-0.019882825705300266,0.20759111071370942,0.09972262041950244,0.006728694526080368,0.04760359086878371,0.01726996108314721,-0.31681812098318896,-0.04078962033491402,0.004193683425135469,0.002189182219168501,0.014232909911861928,0.02672075018950949,-0.08040337585488987,-0.1805352789988837,0.03470436976949532
1366,0.013507834652744756,0.07833610126990825,0.0019196165070976053,0.005588934414295198,0.019488956946525044,-0.0044100278909931295,-0.10971230990845303,-0.09397967364366448,-0.17367286166229265,-0.0026101465072270597,-0.024996870253297998,-0.0032198580843622883,0.45446026746245044,0.06703024610422997,0.0009798566920539696,-0.005951410544491464,-0.06835345874281974,-0.042643647119337,0.013575282391084893,0.14286138405988486,-0.021219788896144298
1378,-0.3302806874193207,0.025353954684037852,-0.0028962707478298534,0.008467854995254267,0.01964496927214172,-3.364020948280881e-05,0.0580464516923489,-0.11849772878022945,-0.0015836743769970726,-0.0031568467214813166,-0.024802020315109016,-0.0038920812132165706,0.09113595529448548,0.0597732547196216,0.04635477516821687,0.003700115199209346,-0.03448412577283505,-0.016854369974992893,0.022502334570359866,0.06582225925824094,-0.03561096581106555
1379,-0.25053398628782525,0.022332575700671337,0.0039234100437582934,0.012389978036750777,0.014780179132154347,-0.001414541172269556,0.035059495644874226,-0.05365448539625429,-0.022755270921073434,-0.0034619332092908654,-0.015587956504118407,-0.004564306440325436,0.0811734325583279,0.0642953279462207,0.01594170494490145,0.007085727689712353,0.03773961322219155,-0.00599770676920364,0.021209165306186377,0.0809466980907322,-0.01633179510451345
1385,0.16010351243598195,0.004790820026607152,-0.00016376446756775405,0.013223184005556454,-0.0064917180708374735,0.0012786674988253936,-0.011950586409497855,0.12942792473671064,0.030759560240807556,-0.0013563003200903743,0.007746236287015301,-0.0020983625360882874,-0.2124126756507076,0.05813821233361882,-0.0013348562670754342,0.020537486748779036,0.03206182740003265,0.004367702447530892,-0.007871357324670451,-0.06974749482779007,0.022515310027566345
1391,-0.07733402381644698,0.008795294526062451,0.005129411877516963,0.006366197095538532,0.002172394579113567,0.00043193590940038653,0.0016983776816739933,-0.004653253112599914,0.015483370584721174,-0.0038475678543652917,-0.00620635469042534,-0.00524016228459675,-0.034655196687445274,0.0678120373204161,-0.0004351401995491151,0.011850826371022322,0.024908935598177914,0.006203243090187271,0.0046914029147531984,-0.026056656316975887,0.0017409796645452722
1393,-0.4527712574490787,0.022128982342499597,0.0033448069913801057,0.009919877643024159,0.019889068988957675,-6.392685253728018e-05,0.0474349159323578,-0.07376258829239334,-0.03406656407929361,-0.006790252203140357,-0.02412527597778229,-0.005170851935030813,0.22550002395098048,0.0588213174481504,0.03297219685756762,0.005371804447425083,0.01230933388715988,-0.031090306104177744,0.028917783222096573,0.1005734469972249,-0.035139177156012565
1417,0.25883519294683927,0.009076775402204055,-0.0007984363678401998,0.001851387752675452,-0.006193506428391269,0.0024559695121774165,-0.010565063194499817,0.05734953448516671,0.014138102983179685,-0.0017892350105510638,0.0021032947791638362,-0.003002105480258026,-0.2332037085843563,-0.1692023726948017,-0.011359534155363026,0.01508625177435008,0.027080898154430856,0.007772551742300851,0.003970668320003789,-0.07147287464819242,-0.008625745605485421
1421,0.15405902663820362,0.04033366906497105,0.0028720727001844224,-0.01217254731207107,0.007930535231588577,0.001044834996549957,0.007498606177061364,-0.039891854201649285,-0.05055841423778242,-0.007982858297394972,-0.014142487679434523,-0.008061161391115741,-0.11437678532160635,0.06730485873258363,-0.10326194170506513,0.004843861003940576,0.0311718332073378,-0.008437401211919666,0.012974645437670594,0.052284434078435256,-0.060233049688870915
1424,0.16222099641735513,-0.009786939699910024,0.004198915910255221,0.00688417960914637,0.015355918253854961,-0.0007965389740897968,0.07211693914526031,-0.08221156586966294,0.0559474792540312,-0.006082826228902758,-0.010801927130498858,-0.001959387747383011,-0.06699462877159688,0.04528854835728955,-0.08778757780258634,0.019757101924096555,0.03503823782611471,0.005595015238366092,0.012417799160926208,0.10663595726860811,0.031552091459983
1435,-0.49372616186158214,0.02535997205213584,0.0028392800177638156,-0.0019575518240430995,0.04103047674163314,-0.0022140022590465516,0.09796086972686759,-0.08615719806788386,-0.031183826353912723,-0.004394157215154404,-0.029354056152488893,-0.006317215326158745,0.32321104437831444,0.02480536849154834,0.05444789495727454,0.00759638366970205,-0.0084523620680905,-0.04683650150999747,0.03992132335018453,0.1224236755302234,-0.037425294554136096
1436,-0.5004448595663147,0.022413549969008326,0.0034184731155428973,-0.007964957575460313,0.023113304676203063,-0.001151115691682099,0.14133101251842442,-0.07604380002525155,-0.014925775381801643,-0.007946670043301261,-0.043541777540630155,-0.005306262486267595,0.30474676739164913,0.04592269941579518,0.04768362777019037,-0.001756495513463107,-0.002450241676768904,-0.038482335535673574,0.014717303844269919,0.10918981198722398,-0.03060400672583006
1457,0.40346507725853303,-0.04109709871197867,-0.021807749480135738,0.006800102557810544,-0.01618967360410824,0.0006192491652355636,-0.013827335134207176,0.3435750282591352,0.020339083669856175,0.004592115322259589,0.051390697612435865,0.002042803860653358,-0.3505432295495637,0.001642655211715814,0.008718423225885863,0.014413203078477304,0.013463895473486141,0.009493985845313836,-0.009523330631667713,-0.19543045933470973,0.05343422970739273
1458,0.13144027696370972,-0.02351438935853983,-0.0366569936893438,-0.04224286428146048,-0.008533596453944713,-0.00023594314670926324,-0.013695849982088858,0.034977933121890854,0.12013560099547506,-0.004783026728509171,0.011156672630667292,-0.0037890865373891467,-0.30841084431453686,0.03568296933104107,0.02093883325739942,0.01036465964943812,0.04412639988629707,-0.007003636783365381,-0.0038744035523289033,-0.08534497008300311,0.08406019707421698
1460,0.23496569063580416,-0.013674257419642072,-0.06700448743971871,-0.004895602843909309,-0.01760882942808675,-0.003947086152385942,0.0025334021193502572,0.12283042602941148,0.055090869620569353,-0.0014230179314532957,0.013341116906233703,-0.0015180147934473628,0.04757382259865836,-0.2502325486170149,0.016445837081007112,-0.02228090879793119,0.03531224287347617,0.011888909793980879,-0.002679597170673047,-0.0948612536924724,0.06063599216713276
1468,0.03702747540155263,0.008036459934873423,-0.02115942582155613,-0.0025140402144044126,-0.05398945296548912,-0.005133110049706432,0.012410132261374655,0.06449968149243489,0.1942289643070124,0.0013288006924406998,0.06296111298986251,0.0005790574118443203,-0.11455257854909674,0.04976311013043954,-0.00032317844176852836,0.01369117608302713,0.016214421022185323,0.05713563280906737,-0.11935775708111464,-0.2998303949903926,-0.040846465021839376
1471,0.7089698841722182,-0.014916135732074804,0.000519943574735354,0.0036464395218968725,-0.012912558860594302,0.01173256611454892,-0.002231177629180543,0.1675287619252076,0.247797974143778,0.0020215717474986942,0.03852197346473726,0.0052088113742223205,-0.28847827168147805,-0.22563954288965188,-0.053301539771399425,0.006002170235660106,0.08243214194950813,0.06323474937567883,-0.04366542664618222,-0.19414728082046,0.04860673026158588
1477,0.11876591646539265,-0.03394258298435121,0.017309846032598965,-0.03964489919478061,-0.0029469836056715574,0.001929926045516739,-0.010099459592967895,0.12929753956781728,0.016599339656076656,-0.0038156768466269986,0.009485698490126088,-0.0017429082534884072,-0.213187410468596,0.06607283269129896,0.017547287656044526,0.026160675683671763,0.035482376838255066,0.008167082781354171,0.003096812400325219,-0.05695313267569529,0.0712963717769712
1480,-0.33197045565549976,0.02373020722636274,0.004152428437601616,0.008765785212798086,0.01921137443592612,-0.0003622562388577406,0.04364093705272756,-0.05592748614611031,-0.011310498544590855,-0.004204823447384526,-0.011023719672874568,-0.004181373471222183,0.20820304642916174,0.06793814277824525,0.011292743723241063,0.003139025413850065,0.03771631595524349,-0.017884027840874086,0.02526011996177614,0.12220770524765535,-0.03650916750794756
1481,0.37688551428144995,-0.023501903120813558,0.00031219386256498385,-0.008001155277991367,-0.028623078611614537,-0.004859621287938481,-0.02950215353247173,0.2991976437792861,0.016492039883922918,0.0032562240241135855,0.04232577743139263,0.0038953291979360372,-0.2308003572685814,0.06050503720700475,-0.12935570005552585,0.01630238629928056,-0.009187067460675534,-0.0002426559971642351,-0.0835047514800029,-0.13997040289661788,0.04091358500489244
1487,-0.4905212869616378,0.03337804294587211,0.002707294563964596,-0.0018411984762743958,0.026642781811682278,-0.0025271967134387107,0.1314242240987643,-0.08149562609391796,-0.027600179945021154,-0.0038177223687710232,-0.01817163927644017,-0.005455923480122008,0.20320964563411373,0.0821881140741549,0.034046485895428635,-0.005085914893598242,-0.005392470192502925,-0.06344574025105788,0.030280926325218727,0.11117524035779032,-0.051373777600300145
1489,-0.49164824485717773,0.02563859321881595,-7.45299661046965e-05,0.0005368667719706593,0.019173136365842707,-0.00037670302724821664,0.022061307322168985,-0.06505785834834334,-0.062174270868511565,-0.0037670326126377153,-0.00874978811681105,-0.005219917705278374,0.23860216509939336,0.0465529021625209,0.03798053935293488,0.002932684579352672,0.0011578312883870749,-0.030201851117318615,0.014992304820057827,0.08714997930803005,-0.019639789380733092
1491,-0.19515477669453293,0.023020939816579256,0.00162004480553083,0.008998089434200083,0.012130388642966033,-0.0012389903252918077,0.039000067810507924,-0.08282255495723463,0.011584911517428935,-0.003949697546994573,-0.020696268602263496,-0.0059586207592932225,0.03780587952228512,0.06797358168821918,0.02997397799293393,0.008542030543956091,-0.013429754806048024,-0.0076781836977755265,0.033012869319224813,0.08142836000450611,-0.03704970565190791
1497,0.5261377081575676,0.001727454753930993,0.012731362030831445,0.006782268801661374,0.010801619315962303,0.0012486655168945195,-0.005669387044429736,-0.01873024600815339,-0.008190077980955683,-0.002622523119652456,-0.005292463777721845,-0.00554399563186484,0.04301448024250125,-0.11740461310096845,-0.16230846755465914,-0.10189433581253278,-0.022563240098628843,0.02390905754061715,0.023636915866124316,0.03566105725663629,-0.02709248558991551
1501,0.126527014088303,0.007370250467607403,-0.004729143693948729,-0.005048538518582804,-0.035227992190512286,-0.005626256502316526,0.0013419333215766679,-0.029626369032868517,0.23990202735024874,-0.004063446572860252,0.015100466428694649,-0.004376101380374638,-0.25141924657296183,-0.09244341829537793,0.018087197894691053,0.013646097179069096,0.016745482545258535,0.06450535996804298,-0.01859605958037488,-0.1811925370887864,0.004218513881957001
1505,-0.3211018528714549,0.011189851633967957,0.0004845125762841114,0.0008366806740310293,0.0024805090180239618,-0.0016548905602973402,0.018378891283976958,-0.09232167943667138,0.07012844672605016,-0.0027005313249350627,0.0001632398068848916,-0.005954600181280654,-0.020422823011115625,0.04047700491933165,0.043996589432811026,0.004140848238120733,0.018493862137990064,0.00866725152753594,0.01335437118666555,0.00840484436474945,0.0057732025969010345
1519,0.03610293172447661,0.007798058491802587,0.005795765708472516,0.008529134777377817,-0.00727565353022768,-0.005325402818934553,0.014947241814410962,-0.11515805247041713,0.11411096485110987,-0.00466755101671272,-7.612942987008956e-05,-0.006847654663614846,-0.06908748991275131,0.052850700358653274,-0.057422101616784245,0.00969053273444271,0.024292674945917338,0.013246939503666878,-0.006144447033782459,-0.01163093696366266,-0.03765437220054821
1527,0.20948713751934395,-0.009597378700534048,0.002272021617254147,0.014448633661593909,-0.00838121924231509,0.0051696791784389155,-0.013511829016816428,0.15816757123323064,0.0709472740520129,0.0022715796058620234,0.04926097989535188,0.00015948139064122312,-0.45349181288322155,0.0870937658219914,-0.01375504606417085,0.014400380306563959,0.05643388618145035,0.023622731085112158,-0.00827664968405103,-0.12323620149285196,0.06020053898323131
1530,0.3340892563937802,0.0003338627198015559,0.0016743043843036201,-0.012007256570586832,-0.007964592942333633,-0.001830150441385181,0.0015922194044033556,-0.06595834141203565,0.08471421050660594,-0.004491436419823952,0.006760310929867354,-0.0033386418191409225,-0.11451389273749958,-0.294580325035398,0.04408860825552921,-0.0021208829521357844,-0.017322570943892755,0.05177881650189351,-0.01103687805396668,-0.10333995950156125,-0.0017086220902428706
1531,0.40302898589444885,-0.05718914106906489,-0.0036930675015003373,0.017153881521235016,-0.005374929658894429,-0.0023432834353346215,-0.0017685475834878317,0.09409467651613602,0.29940287043106606,0.0012308195133658723,0.05577188778322284,0.003976364666444167,-0.1297256870014083,-0.06264903761100314,-0.05276862855066813,0.01605719910653558,0.024856862935491445,0.08310259127131849,-0.03529477114486114,-0.15396227275935834,0.10053739563429277
1539,0.48998611503313055,0.005520149640370082,0.004309649241397432,0.0005297586451753628,-0.007139534701085696,-0.0030001783004721724,0.014319987856869033,0.027261426029159482,0.11176478274945056,-0.003227488234128641,0.011298800035024271,-0.003255187439476409,-0.11454177426726653,-0.14494080870626727,-0.08513911049874012,0.01894106982513609,0.022304892548920294,0.01173915718077054,-0.08381433260259986,-0.11177393936658273,-0.028644748345663953
1540,-0.25940578039129064,0.013218963760452092,-0.00417414507136777,0.008012077230349707,-0.008901173420006885,0.0003244857691102988,-0.002213415778527601,0.012738975381331324,0.03681381392885947,-0.001609681922829888,0.007150601766108777,-0.004775061199365014,-0.0671030827711281,0.041085456832807836,0.03164669727047374,0.00371996627687204,0.017127292753351894,0.0054690949191583205,0.003778647893104181,-0.08640940448383318,-0.008835117320037427
1543,0.20641206898706077,0.009818196152762564,-0.008816631583528156,0.007075839784774136,0.01011444470689747,-0.002473228051261248,0.019668091790109168,-0.08742472040884759,0.09531047940548402,-0.004799578127367699,-0.0046098020495900375,-0.006890557473124856,0.06123389951903098,-0.1830647800246371,-0.061524711879577726,-0.05726445861989479,0.019187602750681244,0.014621650739789094,0.02306375603344052,0.06769792397724583,-0.027603849079737754
1544,-0.27609275999753424,0.011457269738519828,0.0025013140626510793,0.0020309621523335463,0.0019901396235200374,-0.0006517932313489586,0.011322259179915879,-0.069432800890515,0.05511877151947735,-0.003920429410662483,-0.0037771346703514134,-0.004443814617283667,0.0862371366213857,-0.05326419856238513,0.0424266829894911,0.008218602633299776,-0.012016920406866093,0.013539887912320303,0.012962426064344668,-0.03571073639438159,-0.058418335603998776
1552,0.43113041889253334,-0.013829939809290377,-0.17319295008539878,-0.05002545042812755,-0.043913305688511706,-0.0030536478471409364,-0.04654847097885717,0.22245078315309222,0.06948165381303438,0.01811427832287239,0.05740116090369735,0.011023673853185107,-0.3034602605925008,0.009538832519055079,-0.3039099018284619,-0.0005517603424341513,0.019015366745095724,0.03613260491126769,-0.06236396145170422,-0.17101810221023842,0.04544735056881363
1555,0.40995641054990367,0.00582764672248039,0.002614378053762646,0.004677733784463441,-0.03468754081110154,-0.0051300588525814575,-0.0001838730332791425,0.01786652071885042,0.21920667322533707,-0.0015406812564671053,0.03267819577733701,-0.00019624847161969961,-0.3424669888578352,0.044490089769038295,-0.07266976201715067,0.017253609075740996,0.038732012442115965,0.11786142178148816,-0.025597326213876417,-0.171397631846855,0.003754685619519618
1556,0.2112555464337685,-0.0011854434317561278,-0.023046204743089313,-0.009470590572201159,-0.00329334584395338,0.002115395111543264,-0.036455438450764203,0.2006078538754995,-0.056135519860502775,0.0032450099545942453,0.0239926538853799,0.0033352990346484142,-0.12088729519266579,-0.13405179358573951,-0.00010102418023608622,0.021241860436981796,0.011400490136852615,-0.005443916191573089,-0.0026688947975741454,-0.09722964244989209,0.013694706047096461
1561,-0.4232695378727336,0.026144351766864637,0.005651574649806567,-0.0007738354499780862,0.03186213552618614,-0.0046955081202728986,0.1566034193606658,-0.06640047771554919,-0.024679819540343893,-0.004155585536501364,-0.04493924055967921,-0.00704959932997484,0.24816344303538077,0.05344275846148694,0.041482827034325515,-0.00381374472658253,-0.00995126898145165,-0.06555944485052376,0.028674847004208307,0.1504945115665143,-0.014478051549481653
1565,-0.5380147095715303,0.01966158618276672,0.0011362567089012144,0.003541733591473589,0.020973819951377284,0.0011961244036737136,0.041610152931021833,-0.04492773817948213,-0.0654261694944796,-0.0038685384870337717,-0.02955544375642668,-0.005528427235828414,0.2548503702874843,0.0669024323887213,0.05103360815106022,0.0034542615661109226,-0.008209971116401428,-0.04834262410533044,0.021653041717449396,0.11135071564546842,-0.047993492168518344
1573,0.4033685105082147,-0.006057558608678606,-0.006692853649388947,-0.005086338191434173,-0.03169436974230005,0.010540759706233997,-0.028992307066134135,0.1266813193890467,0.19058819985538847,0.006773072133847139,0.05155876202920131,0.0055622708335295165,-0.35757234159236445,-0.16564722464853723,0.0006459634548215864,0.01691428894084166,0.013836157467032005,0.09597744623927039,-0.019142518890232628,-0.1893890037375427,0.0467177958515921
1587,-0.04058341080174141,-0.0014552044269902351,-0.005185434893025447,0.01016062485889225,0.0005340725482903125,-0.000198206827011031,-0.008014789846467958,-0.004759500355733793,0.008828819653137919,-0.0049326694705877855,-0.0006179466515869037,-0.0009350172549389798,-0.21562102529643926,0.042676781801501404,0.03831823191550985,0.004481134381814014,0.027816870974178187,0.0037721069181964207,0.006673072019220722,-0.05168846936275504,0.015143919740800448
1588,0.152950927968666,0.005396785923903319,-0.0005907069137894761,-0.0021744624751251483,-0.006641935673733567,0.0002759973940697125,0.014362837662957047,-0.04448707855975604,0.14174686256933608,-0.000702511216913345,0.00428630759216967,-0.0007307091521181878,-0.24712118250672993,-0.06622290654173985,0.02273843778628155,0.01076254547609609,0.026994381835481873,0.015502706376937831,-0.007126209841788376,-0.04740985505478375,0.006551272580321684
1593,0.1477766591333703,0.00010312694326983734,-0.001300675159786415,0.005338067706258596,0.00547026740119354,-0.0026683705110642914,-0.009457029248351196,-0.002746475866261007,-0.08567931775643862,-0.007199816537814871,-0.017402546747917223,-0.0030593714920738465,-0.15550986913242112,-0.04340917832046423,-0.0037494670099835607,0.014202519682086629,0.01710596840373988,-0.003925172723655193,0.018804081482110442,0.041031297704225984,0.013466737959142465
1600,0.35759445200163753,-0.002827343006055036,0.011460281799295462,-0.004966714348841512,-0.024661448458114302,-0.0009569341737438553,0.008848686788101492,0.043066422928393085,0.18174839178578692,-0.004153874074066041,0.018628629089813754,-0.005624934602389959,-0.2229874536417321,-0.10286091643068018,-0.004719355245705165,0.02400928450438228,0.052511909921886236,0.014947129589907036,-0.003726347981283857,-0.0644783742347971,0.044850084894887836
1610,0.02020343328776994,0.01825907116530467,-0.01063225488934425,-0.005578811673252587,-0.031386980507255295,0.004593325599136924,-0.002761542465079865,0.004411046542228056,0.20884209599640793,-0.0012574808842075438,0.0540764145688867,-0.0042991216512151915,-0.20949843601485127,0.054448291343827226,0.040133004221753935,-0.001180417708908329,-0.03220073809306095,0.032280251356140106,-0.05525808645373865,-0.30153643570732114,-0.023977726987348815
1611,-0.4754220884213385,0.03535498126166172,0.006284889300890556,0.01113742655584877,0.017490300006050365,-0.0030582383406539985,0.11716848019905343,-0.08106077378692994,-0.018661552188485947,-0.004400805532666907,-0.027622264188593572,-0.009921803675615787,0.30878219875355695,0.0640591699711777,0.051560371221157336,-0.0005950133577076141,-0.02358570358856167,-0.07248293341764027,0.030683259939208975,0.12798981381000332,-0.0581015263955478
1618,0.4861552448525241,-0.10547071918140731,-0.008835900704090528,-0.0025492692655435037,-0.0030995421292623333,0.08423961673821002,-0.02453338643573192,0.06898111121819206,0.032916414666900054,0.10514094682478477,0.11510360612651378,0.1426028331365158,-0.5573789947447211,-0.04412292166311144,0.003266215983135014,-0.0027778172665472852,0.23685123252843976,0.2936915917582012,-0.05605053582841608,-0.23818471322158397,0.0953019738492945
1619,-0.425231330988287,0.027567066344996758,0.00044845266060396867,0.010683809209016579,0.016023442671736325,-0.0018433474156488475,0.03425330212874707,-0.10372856710685757,0.01165454002187648,-0.004027620254201067,-0.019230091410609208,-0.004246056929926022,0.2012487003503476,0.047128603074105595,0.021651493776715144,-0.0006699186160912283,0.016808285386908876,-0.0018004460613129708,0.02703431533126249,0.09454746423254377,-0.022664250475845443
1627,0.729858754977667,-0.01736148795618645,-0.0019467632130752857,0.018611350945460757,-0.04695513506525508,-0.009806532304994444,-0.009781074420964405,0.10913582261619927,0.151908119300325,-0.0011448392513403246,0.0286528245325853,-0.001993563080247326,-0.2536060860198916,-0.12444017164960962,-0.13715007199125517,0.015824292068145177,-0.004840934278013734,0.04913481423284818,-0.022289151461763006,-0.05223588963125891,0.055938996522941584
1641,0.05386537809553901,0.05909878075113228,-0.0024629350988065045,0.0014986522710354782,0.013425102165186309,-0.0055051921613335116,-0.12104594076409025,-0.06624373725183795,-0.15306056508775204,-0.006060899463416664,-0.02994473800578062,-0.0024590619906788695,0.45255074587248617,0.04418956172670529,-0.004952420636027437,-0.005924365326323362,-0.08050237700003107,-0.052682397341945346,0.012666418212669306,0.1384148933309496,-0.017487875880250314
1642,-0.15728488120693737,-0.010119832556886142,0.0024121497137993275,0.007590539642432512,0.005054353608694021,0.0004085579908905603,0.026647713288829478,-0.05789753804232418,0.06172249833886341,-0.001979482260361949,-0.0006493000726984322,-0.004398362004290543,-0.06625051930054535,0.05561581896291126,0.04796407347620912,0.01105828262926575,0.036159591030977795,0.012376457568034783,0.0072624518283988726,0.0006674275357570001,0.043466997010769615
1644,0.41142429893154464,0.003252131248048831,-0.026148723346227098,0.006307892401971147,-0.06465569192125666,-0.009771283344189925,-0.025296364904559877,0.2873447932894257,0.02529499291167937,0.008544402802757521,0.024114626566510533,0.013729164958018599,-0.24401675578420978,-0.034036269847052984,-0.18388740095721492,0.019570604632565904,-0.017809111816257803,-3.917045674125528e-05,-0.09892754312570597,-0.12286770070216285,0.001006199321803093
1657,-0.39309515826550034,0.027136768045095863,-0.0011513461055440684,0.0018869082550129687,0.01819246498543895,-0.003819603165639741,0.0813307794263821,-0.12240605325097817,-0.003060971274317259,-0.0056926419144336686,-0.046170383815595684,-0.002934542969828438,0.2031698222670211,0.06650336730355161,0.04598932479682531,-0.004532185389662397,-0.023861224039336302,-0.01814040561730894,0.028547126288855165,0.05420980921279264,-0.0566992798148857
1662,-0.18091493820177496,-0.004902057468440289,-0.006760628601324364,0.010016758370756862,0.005533679005232813,-0.0007371710356659423,0.005614122443816922,-0.05287898211283421,-0.021961401584389553,-0.002279632269996927,-0.004641286686877663,-0.005210804585444895,-0.08571914199296203,0.03712586863793866,0.04116512586243917,0.007592630753742794,0.02177350770702491,0.006508940019275378,0.01141867753758667,0.011232565883521829,0.045748843011587464
1667,0.4347893125368687,0.01756141639785577,0.09344512465683592,-0.014946602353498067,-0.0622959974382008,-0.02467465718188899,-0.006986874395682698,0.2708619070463646,0.02154306181070512,0.04127599807605475,0.05823337072567836,0.04293319856587329,-0.4150713754586622,-0.16756176034529152,-0.04674391924570376,-0.0009745254308574324,-0.07273704619738332,0.01977780452110575,-0.1806075885381367,-0.2740497084840834,0.026781209843143357
1676,-0.04572645411013416,0.000187028082906657,0.010069253115461411,0.006881703375945211,0.016355344197953023,-0.0030962820859820462,-0.13059571154865687,-0.060739476238310774,-0.16026718873804635,-0.0024991121153630307,-0.024044230780601986,-0.004739822790892436,0.3578456687659246,0.0377090532622866,-0.0035910575603982334,-0.00500234072136098,-0.0886381835291104,-0.02817578582839013,0.004957868901180975,0.12906759832493453,0.0003362388522926469
1682,-0.08521229655049162,0.015263952452214107,0.00318386103825553,0.008759015626395831,0.011024670861246071,0.0005100966968998563,0.03895775415593932,-0.06870533667241513,0.0015867600896580514,-0.003918763616760334,-0.01348603168657937,-0.004570406754177558,0.015006521465157243,0.03317266010664491,-0.0015084702184870356,0.00882053675473436,0.03779762014225756,0.005831382745039249,0.017509168027327403,0.08506831864109089,-0.013712415245536493
1691,0.08749982514517715,-0.049626322064705825,-0.013541593471256608,-0.017983232045021755,-0.009169553301852203,0.0008836946295814027,-0.03830003942992611,0.22379519379557988,-0.021517620748952197,0.0006166322602152605,0.015732806419279235,-0.0016726997976241912,-0.20661830793123173,0.058825296655959564,-0.005575057465224511,0.011712581659081815,-0.010166776805333894,0.0030453389800360153,-0.007147622704051269,-0.07972135609506026,0.07455215469864337
1701,-0.17909371834764018,0.001812247579870838,-0.0007627586053998569,0.007211077418462189,0.006021420907130421,-0.0013012482106270447,-0.021261195869876893,0.0013848332172497063,-0.12681517494495953,-0.004619964644220074,-0.017627220508072687,-0.008202571633145046,-0.02839654552867393,0.03920242938556497,0.023695048447065117,0.00575508239456391,0.021464304666905982,-0.011111415462958091,0.005665179791773289,0.09367739083232215,0.002257428513870291
1709,-0.46813366737134177,0.020696674340270175,-0.0007111715833486059,0.004224821370561672,0.011853055228672608,-0.00044183576864627945,0.03839409896539659,-0.08234748346320149,-0.011424290276564962,-0.008228364403609845,-0.014423779487675044,-0.0036726907225155137,0.25389974703240265,0.0051114733987967405,0.04614620054128404,0.004915663947508791,0.006512692349589999,-0.01407062512533702,0.016658712336290786,0.07840757504833612,-0.025155753834554248
1712,-0.10911160209288111,-0.0008476005309344695,-0.004153983012586133,0.010609312994420956,0.0034160789675413026,0.0023169628335150847,-0.027991381799015735,0.07367715652109232,-0.05063501458990223,-0.0002973231503567014,-0.004085830861156762,-0.006146388811620695,-0.06563026768533924,0.05565462423949756,0.010322837863221539,0.01402991967545064,0.011438282398462245,0.0009809573113741153,0.011927839101290982,-0.049935453022463744,0.015271415369283458
1715,-0.05618654441795071,0.011876706218178667,-0.0032647303710895362,0.00433928526218274,0.009019283430762607,-0.0021884180924297532,0.03223413873802177,-0.061966884932549676,-0.0015785772225498209,-0.005618496005882656,-0.01482954382848922,-0.0043536237444443265,-0.18951591386012237,0.042264056526607356,0.03811432918377749,0.011619602880151932,0.007636588578560244,-0.004688306543580095,0.017838462587234694,0.032078895195010844,0.007021668180320017
1719,0.6362499660898999,-0.05912982470743482,0.023646761542926234,0.13868078859226848,-0.05245985976240084,0.030130565877374827,-0.023007173589251806,0.11053207767530294,0.16806107277154056,0.012661799058101724,0.05009213259250667,0.015378098362920206,-0.18393178861629675,-0.2202446956930558,-0.07816107634664093,0.00555375284415062,0.03429275239281502,0.07654107185851226,0.0005233485550644567,-0.21712850008620388,0.16067932826376977
1720,0.4080361575268943,-0.0006533795964983804,-0.003524328718521731,0.0015307209858290668,-0.02058768591728877,0.0032982377946659883,0.001676937434491317,0.048226739450999576,0.1727479358074355,-0.0014624286018616796,0.04197579369816806,-0.0024401305144712616,-0.4094571137599851,0.05174783147856413,0.008030159269470443,0.006770273443771722,0.0591908717877148,0.057720025036503954,-0.04541305746085267,-0.13959182230611686,0.004371879906777925
1723,0.3848723831210752,-0.003798666323918268,-0.0027710438015523323,-0.009379549794217307,-0.03618815921858153,-0.01561829703185686,0.017813788698527008,-0.0812644109066213,0.18526247334981827,-0.004899542043971546,0.002228554029433502,-0.0032859448868894285,-0.20569468203083227,-0.048747914332354696,-0.0869134314791269,0.00877531487674476,0.0008720530930874205,0.03821854186204672,-0.02266796860357778,-0.10029560206098283,-0.04129088181603551
1733,0.15722485445259526,0.006516495113314987,0.0024760069764635795,0.009503603324991904,-0.01275455684258936,-0.0012880289390428173,0.007689521711444095,0.0441190438386047,0.1390721257889111,-0.00209648493173457,0.014494356552171449,-0.002706077049416757,-0.13586728245116508,0.03716477414365799,-0.04702163242965207,0.01830927643075018,0.020583704663005544,0.005367111159922743,-0.016274632687397986,-0.08926693121359715,-0.014360916976218913
1736,0.1376553501643855,-0.1351402257294659,0.0633563813557695,0.029314475409345377,0.03559578759338101,0.00047617026252396393,-0.11172062449718777,-0.1091533295389072,-0.1411163851093358,-0.005231750760113806,-0.016706433855060442,-0.006189554900416178,0.33482107632042113,0.03324699105006146,0.01899683052412116,-0.0014959555366824784,-0.15792144256265225,-0.01541358430189939,0.020398904743547153,0.12366363038501244,0.16631500817076791
1738,0.5016196482271994,0.00588997129219589,-0.04732043562784691,-0.004641696654769777,-0.00981995258665745,0.0014850045266112666,-0.02048129348176955,0.14025806131468588,0.1778403697173383,0.0016178567146838123,0.02795710345773408,0.002469468044763294,-0.20611655575965238,-0.0655974166541158,-0.03181183430211431,-0.017895755697730383,0.02216266113521581,0.02855737419886018,-0.029890842356453104,-0.1083846757968669,0.13483467015206213
1743,-0.3130389548877587,0.022948783421511954,0.0005307496194959579,0.006323571715378756,0.018841307688585777,-0.0008687969816162415,0.02627351204171285,-0.06064640032079132,-0.08240200869711801,-0.008522205692556297,-0.029105811257615546,-0.005137826809057378,0.11770868612380597,0.04865968438837164,0.026887167528321276,0.011699719943756577,0.027632644407596583,-0.015444534073651216,0.02181156552806013,0.11412031877325864,-0.010676177524665025
1747,0.361891253043877,-0.0011478746706317466,-0.0034694534340558216,0.006752557405866641,-0.0058851892739789505,0.0017789131984886164,-0.008947448575282528,0.15328278838830275,0.11261219126906238,-0.001245204309071479,0.013584904753870931,-0.0012458349300210878,-0.201491957048425,-0.004789129088176979,-0.07117443552314548,0.031672675816476266,0.031117216257048844,0.022769819276359824,-0.007046809479816952,-0.05528158796726619,0.022463111338977267
1757,0.4504191147371506,-0.01700685316229464,0.008260706700228248,0.004769800684708224,-0.055468895707702866,0.007891742337354728,-0.026492261258906944,0.2068093997190434,0.15544419606923435,0.00451314544497847,0.052967613228586986,0.0079892007646697,-0.2591441145223746,-0.04776048262167243,-0.03028977402203693,0.004890555274100202,0.05361543618021054,0.0567405030763084,-0.034710528623690846,-0.09148530184975083,0.08397530730874064
1758,-0.43959093955398454,0.03469983079895231,0.00030767332094552624,0.00077342635156568,0.02006564119654414,-0.001937637408462837,0.14288815830100898,-0.0695525950207096,-0.014900817097301917,-0.004192204548033249,-0.04058190303912789,-0.0035139719390089997,0.2616986687812344,0.0006103029965440853,0.04052418650893869,-0.009297762814882619,-0.003754604451247992,-0.06383387684247317,0.029153450209586575,0.12960938336629788,-0.041818340513764256
1759,0.6971855902320451,-0.04838297584216999,0.023781032809687293,0.068337620347915,0.032557854820350327,0.04203488944524318,-0.01029359992381863,0.002590843246372694,0.25333251614682584,0.008270039642923548,0.24318787515214194,0.029363412605233504,-0.25359735378048465,-0.19934727190054796,-0.04780440460906636,-0.0015557122134389327,0.009356031055183322,0.06020610545780261,-0.030706274239137077,-0.32092197731501243,-0.002557218795678501
1777,0.11735787282757114,-0.045904851514291314,-0.10010717574935918,-0.02244488000076694,-0.006138227971221821,-0.0005830234083242639,-0.014106352010305152,0.05998239364398457,0.015215474801579821,-0.003082684764330071,0.010452197946324831,-0.001655061126952949,-0.33722807802633653,0.03247681507260186,0.020725290915693775,0.011910139109277433,0.03596045594573556,-0.0055872543562651,0.001544400946920997,-0.12092059907231607,0.09884165848580385
1780,0.1825021739850179,0.0038473406375929857,-0.011858464995810634,-0.0050160944787360625,-0.019547227138144017,-0.004476904894422753,0.006054637431895594,-0.06736950399295659,0.1486696949893913,-0.005717457940586207,0.002563910687086982,-0.0097093993319616,-0.09805337775689232,-0.05188550842285415,-0.01777000215953535,-0.02058057477349234,0.013086413015145808,0.046331019909049975,-0.011560580806498633,-0.10997299757771914,0.0021970420466942697
