test_index,loc,v(g),ev(g),iv(g),n,v,l,d,i,e,b,t,lOCode,lOComment,lOBlank,locCodeAndComment,uniq_Op,uniq_Opnd,total_Op,total_Opnd,branchCount
23,-0.030076268279977968,0.009196783585448714,-0.011171589085701044,-0.03564499266676677,-0.0038447715107406567,-0.009830284373848884,0.005980365312002505,-0.0011299656543377523,-0.0010676874675942826,-0.00142726372212735,-0.004120632213700901,0.0005353704305031215,-0.00816358130263552,-0.001893578489173251,0.004878745961805464,-0.0023464910646794125,-0.0035312736292246426,-0.017924880076518265,-0.010735832328020365,0.002892566387649822,0.019404600588018753
29,-0.04646631406103552,0.011582220406139924,-0.017059701154777826,-0.01972329917234191,0.0006601580507555127,-0.009988978387760028,0.0075347718350653285,0.0035481984551773847,-0.004105218316308026,0.004371435590391002,-0.0011361506963208966,0.005092936819076499,0.0017496015547456523,-0.0003756504124410753,-0.03266335672948685,-0.0020676527785474263,-0.010913678785216234,-0.009603617980261846,0.004738269950890981,0.0025344350431026896,-0.004525193794823395
30,-0.010868067397428832,0.009246650397980432,-0.0004921656070553126,0.02133964203115397,0.004841725608588377,-0.0010874160722380566,0.01336260258884522,0.012089053536492998,0.004680632976827894,0.00769482711803505,0.004729946915359733,0.0094402722327726,-0.0019807875254474537,-0.001907817691362652,0.019317554508777163,-0.0009687862765599675,-0.0004337677748827673,0.005160525872117603,-0.0001590922526781924,0.0034662101017096346,0.0017030499309066726
32,-0.034279703324873484,-0.007746165843135486,0.02773670580401131,0.034161084699836405,-0.003369196893533797,0.0014099407711660205,-0.0010695039704026498,-0.0011602474076303792,0.00432285718663536,0.0017649553815104468,-0.003765316291471663,-0.0022801188009245266,-0.0002772740488072145,-0.0016114199363198621,0.013399986415312242,-0.0011695466744140503,0.0020288806731008436,0.001332448751667812,-0.008023034448611384,0.00024486708109748177,0.0018058053186734923
44,-0.020768843963601853,-0.014061257538845667,-0.02415875790619111,0.021414933152667574,-0.009527818012956005,-0.004844449191964486,-0.008858588427142423,-0.01404973384555376,-0.01701823740422469,-0.005208171315587151,-0.00643194506979853,-0.005618634264686193,-0.010022026979544307,-0.003943898698623798,-0.03443000658932931,0.011034011611867527,0.000510005724793814,-0.014724608590230446,-0.0077454331223282226,-0.0034834429186892633,-0.009317282180830944
49,0.05302541844677137,0.006576619526770173,0.037730228612178965,0.011429560281662247,-0.0022859051251472805,0.0008579016098363468,-0.03572675498294558,-0.02883400009005527,0.006164423064248581,-0.0086738793968712,0.009391864108197865,-0.004579079280507301,-0.0030444059728823446,-0.00855649548070943,0.008417982723560442,-0.0026368195782720248,0.014168512870946585,0.01445756630678943,0.00014675744796946333,-0.01730830217831823,0.008291736495703503
51,-0.046895558771649914,-0.011153647935019535,0.025436778597886588,0.0024027524768024475,-0.00433516621049705,-0.0003809790783924427,-0.00046860685348804054,-0.004173454133676841,-0.0007863104089756235,-0.004320961080240124,-0.00188045214951444,0.00353565891995828,-0.010773929063144293,-0.003198224810574288,-0.02532331142426699,-0.0007983614869112899,-0.003486908908308521,-0.0030526672424474556,0.000564458906769687,-0.012575764582171018,-0.009109364793754366
59,-0.002212539276076768,0.010044072488474285,-0.018958687052223696,-0.03583126149560144,-0.002909766467957411,-0.0027450889898454987,0.005402970319426572,0.006773203274075285,0.004442216643114704,0.0001466728769622705,-0.0031003145679858336,-0.0007516970280346413,-0.005421931446255144,-0.0025587060116276914,0.01944457750444144,-0.0015583307120493827,-0.0005126965008869888,0.010087624720817132,-0.006907053322934189,0.0006225437653603194,0.03740498462940252
65,-0.04332459615759035,0.016210482106885422,-0.017324584972704997,-0.040550544275049276,-0.00360877860666676,-0.008123884582380754,0.004061179029239952,0.002327302281370862,-0.010057754342225564,0.0020186096747363534,-0.0018564712817669715,-0.00026076899544534625,-0.0011714418816053751,-0.0015433692540000265,-0.02737324884269441,-0.0021498182745961,-0.009447674697700564,-0.008269445045926886,-0.009385257886679313,0.004152434438158253,-0.001999654986756809
67,0.10338174667373863,0.03670645134869858,0.041556942234969085,0.05245968002401071,0.0046159677014753694,0.010621778284422305,0.0012246271155393628,0.0013000795298174239,0.02561899024973087,0.003743871209297396,0.011522490476883149,0.007349011488461201,0.018953829059112623,0.00831803955691214,0.029137259291350973,0.0030072520857606835,0.01726546683365399,0.029332343389814924,0.01772845768267672,0.006945359815890697,0.03432252172600045
69,-0.01927204538486535,0.0007254127720125325,-0.012703687598434498,0.021659025807883835,-0.0005581249159189384,-0.0019595822119441663,0.013644576359444044,0.008434414139402975,0.0044906382422055914,0.008942269669138908,-0.0005427453288211837,0.006066424176137844,-0.005413213371036818,-0.0033533202808098393,0.00472389235795049,-0.0013302541229063536,0.0007769144062530131,0.00035401211659831234,-0.0018427922529843954,0.00744856987072751,0.0033725252576198273
70,0.03749330697947073,-0.011408763521037599,-0.022398191167771416,0.012420146882075187,-0.006341774415916745,0.005968661739887864,-0.013173113048686388,-0.00805423197095621,0.005551267380952254,-0.01976539119178341,0.006281828482750029,-0.014505037476423297,-0.0028388122163454455,-0.01460990403447596,-0.005501633693410213,-0.0019314885586004494,0.007095857550716005,0.012604100145410656,0.0011046521787909569,-0.02094977911188579,-0.0006988633894081886
71,-0.06827789206489059,-0.018078722642521826,0.014095933482688566,0.006243490151538253,0.0071164618331056315,4.809153189199833e-05,0.0012088945686519993,0.01810483756792337,-0.01498952041211254,0.00700612729641449,-0.005452872480747714,0.002089629741016097,0.00912997404971236,-0.0011019805254713333,-0.016781546782554245,-0.0011079540483092387,-0.0041609012198298954,-0.009806812942546515,0.006463561173478354,-0.0013983696097831454,-0.011451476571194804
73,-0.009966445847574334,0.008250475940101865,0.016221534158197527,-0.0014419149684499644,-0.0005525120926185423,0.0073956900491367605,-0.007292130745304064,-0.007178073200365418,0.006542293636562136,-0.0026163907691707775,0.005271049786624644,-0.00616915964536787,-0.0002568045346313852,-0.0035455146450703977,0.0011396408916925793,-0.0018256817121095992,0.005994030003820399,0.0064668753453759106,-0.004433653273726179,-0.013309957966471586,-0.0009664256759327828
76,0.01906426873791105,-0.005677643396007852,-0.015678010535173145,0.032682194663732386,-0.005340692232027208,0.0035077280651540834,-0.001068360905154293,-0.008783192695470348,0.015993119700559645,-0.0026735328965872894,-0.0003937916784582285,-0.006276846342178146,0.007923080016875588,-0.004718866787370644,0.009296133837669912,-0.0010028245473438346,0.006764677052983643,0.008357259816156102,-0.007821777611960385,-0.0026657253735851327,0.0024375406935610044
78,-0.034848863486359676,-0.017681307205368455,-0.0166155197367749,-0.06831117758064437,-0.0005768824434747444,-0.01142979743249242,0.004598987856687984,-0.001151250195961211,-0.007303551685559739,-0.002498584081488957,-0.01199873559429193,-0.002196834223904318,0.001735753994428535,-0.005508887899152342,-0.02053940642766463,-0.002291550361016448,-0.007909549491357097,-0.014034144705092899,0.00441624612045942,-0.008161916335347429,0.0046850570133602784
99,0.007886987643007047,-0.016179326635055988,0.019526487494673575,0.02808544093957778,-0.005940973871716437,-0.0030325532522186903,-0.007275440768801218,-0.005624356919890658,0.005049527569866541,0.000583560702519037,-0.005014230207515311,0.002429449616905117,-0.0016671525437388368,0.0013062002610632817,0.01286119853931325,-0.0008027333491781973,0.007013442876734075,0.003209423183313902,-0.007687548296394766,0.0009140066849136019,-0.014268020370706722
109,0.020812460278331172,-0.0012496710536254341,0.03174780616157477,0.045698964683154486,-0.004084839681536607,-0.0010066464919515283,-0.005095609187726211,-0.0070205927980831005,0.003829157470991618,-6.927897787903703e-05,-0.006922125017437111,0.0010868220007398577,0.0016836840451713896,0.0043933778859849325,0.011681065369818952,-0.000529170191899766,-0.0028886696424103775,1.1225923012148087e-05,-0.006842925550443511,0.003111666032110634,0.00804278149593017
111,-0.030472167725334315,-0.007611539731251469,-0.010390576940167193,0.02772383798341707,-0.005651352437809578,0.004242193848455145,-0.0027254386809784136,-0.008244431028888357,0.010699257691181288,-0.0028840766765648594,-0.005095434407478478,-0.006966350887427098,-0.004176264237893576,-0.003599454414480192,0.01724801581034228,-0.0011443170097027177,0.0007705063599439655,0.0034231509609276146,-0.0033596129002532392,-0.00018714407686047706,-0.005338769761907542
115,-0.03000456778141057,-0.026113051976657004,-0.016605948910748795,-0.07183466113865024,-0.0036509664619342173,-0.008403597056510535,0.0021605213373732113,-0.0033275123700940413,0.00022910469193533346,0.0006460070290788167,-0.0017983677959338706,0.004714278254317606,-0.016992321335045517,-0.002711352131971125,0.00036944879962334196,-0.01093075680253662,-0.01260222158791464,-0.0013857013477684176,-0.010467211810658341,-0.0002948462709645128,-0.007859852854600717
123,-0.04080693945660329,-0.015798081019678136,-0.014756456595681583,-0.0786802801773078,-0.0021396234759561137,-0.006239794183204026,0.0028205744418727365,-0.00037807695138042163,0.0011357317100194565,0.0003427987558023915,-0.002741156964688116,0.0005555283568298818,-0.013627698323977313,-0.001935377941632055,-0.02471220707834874,-0.0048291602474097315,-0.007658136707540279,-0.005243440604378407,-0.008506662857277832,0.0051296689155356035,0.0038387531416674394
124,0.08990278456406486,0.029514483199378105,0.05601921818247803,0.028629878669592868,0.004067126830646259,0.015619582432083803,0.006095152482808714,-0.0033846364596169564,0.030807046896126452,0.0009887653505980154,0.019288357576233466,0.0037863049314765364,0.016787690036399426,0.016808308945218755,0.041156130357960306,0.012730274462844022,0.01881761029654541,0.04736166512160168,0.011737133008110306,-0.0008613840983173304,0.029056913033211344
135,-0.03322080110154729,0.006309078034369122,-0.014262348346818499,-0.029899618192414438,-0.005068022096009486,-0.004011901031402658,0.00759267767515098,0.006387179324942167,0.01041194731163415,0.0022413004702468695,-0.007952604155093468,-0.000619421406746028,-0.009104847303407836,-0.0041850376985760815,-0.024657961942026532,-0.0025976110529529707,0.002836139465698295,0.004528832127059843,-0.0031126863149171413,0.0033318934602613124,0.02863743444508259
162,0.025160796072789822,-0.004466201669171142,0.04217880287848175,0.018488942441400126,-0.00040580782089136844,-0.002389640722656452,-0.024323882346212997,-0.027079190558768004,-0.003711402353872586,-0.015400618572220992,0.0016141872160048364,-0.018232909593204737,-0.0058513798992756,-0.006260933149406753,0.014675476544732361,-0.001246140748257858,0.004483423769932813,-0.00177783279520213,0.00957991382304911,-0.007888462147836037,0.0026205825913922353
168,-0.012160480722882595,0.019224739146510784,-0.013735237439306047,0.007449223306788326,-0.003711781931546341,-0.0036918135451193736,-0.0006059689341509511,0.0025167649153632963,0.0006506893170808326,0.00494918715043525,0.000575833804452941,0.00019816385645810898,-0.008990330077046735,-0.0020994262420839503,0.013982899584889595,-0.0011651245880943861,-0.0009877955708302011,0.0022126897071544247,-0.014967380787617515,0.013649784638107008,-0.0073554569268441125
173,-0.02739994466935599,0.01816500613219631,-0.009177735590682232,0.008296317105394736,-0.0009625869372086981,-0.0011735444307225862,0.008108845098001326,0.009836207093684948,0.008888438755576829,0.005761132277162346,0.002311233874302161,0.01070928976539335,-0.001699059042948079,-0.0024310621216920934,0.009895275468261673,-0.0011484408745309337,-0.003910253150856988,0.0034158400631613974,-0.0017612807957874566,0.007395747718058487,-0.006629414697833909
185,-0.009910693183735475,-0.024849966152820285,-0.016734616780000808,-0.08883199946986224,-0.013195131816351876,-0.0031035810200094717,-0.0028520858341585156,-0.0103625659900689,-0.0006175383881512175,-0.003311627863700437,-0.0011278848978116685,-0.004274768979203145,-0.010947700581398863,0.0012629421266160533,0.001868738011626192,-0.009834528939616121,-0.008773677444499412,-0.0008332136796087753,-0.006470713891829405,0.0005161567096956788,7.182069210102781e-05
188,-0.054608600972640885,0.00992648231931156,-0.014587136157689428,0.0030443092107768164,-0.00036062706963519987,0.0015763283000936213,-0.0002669484591831406,0.005454606589137256,0.005311014368531914,0.006325676788763985,-0.001417296058980355,0.004128365570302321,0.002728740244836274,-0.0013007635290773578,-0.032082348855143154,-0.001423383089793333,-0.00225361201697325,-0.0010439905380019354,-0.0107162398636504,0.011513532072789871,-0.008440893754636249
196,-0.04692439038504375,-0.014179541040042239,-0.015592220542639552,-0.07542690357539045,-0.008741479623432724,-0.01814786701857429,0.012443185316080303,0.011663049145637957,-0.0032031961680374366,-0.0032612730461318053,-0.007404834355774028,-0.0041762415163032075,-0.007468766778039822,-0.0002733882847115865,-0.02836073479979575,-0.004731160049369123,-0.022236920613179337,-0.013818350743928249,-0.01690053165384242,-0.00036221334836000096,0.016111698978765503
203,0.004355709391968503,0.0005114439797216619,-0.007879679879047218,0.03163863148244246,0.005617116039082362,-0.0010988422277466725,0.012131175740789786,0.012192025011827923,0.007738721446454804,0.008075796793554559,0.0029437073392648474,0.007432436319467684,-0.004135235842641123,0.004205153260315342,0.020344883095924332,-0.0004919277733029049,0.006357510734384846,-0.0016036376561490329,-0.0008388570122724559,0.004597163549218522,-0.0019364365146100227
210,0.10144565453307224,0.02154602368899475,0.039710621503035386,0.03165783635901875,0.003072383107341636,0.011851779758997906,0.009545976237161255,0.007362257596341522,0.05338068469046107,0.000558138901937042,0.01779501845805953,0.005385822042885308,0.015100910686830815,0.01038074747565247,0.04702682218888612,-0.0024441232649269297,0.019513986405627008,0.05148820005348824,0.01593697634783652,-0.001834538327801738,0.026418599197354523
212,-0.050742206605347916,0.01219156483670389,-0.015155825518794472,0.00959997247085397,-0.0029144501895609666,-0.008670579777563319,0.0004138187278783789,0.005994276751914072,-0.0019466269862870433,0.004725783767460143,-0.0018176172342498375,0.0020278925625837017,0.004272170711054457,-0.0017600988363062698,-0.026915570848927643,-0.002088650977605084,-0.010961357477839613,-0.007244253037250133,-0.007257515728963284,0.005808691817474027,-0.00934073423308007
220,-0.046833249534852545,0.013522392453954524,-0.014421366093594089,0.008618523548586552,0.0015104193728734572,-0.006271134525721038,-0.00016571724209825335,0.006371875323321206,-0.0019269833268675996,0.0075016736495626905,0.0034427150000328768,0.0013269784981548582,0.004178109191736609,-0.0011938812644228846,-0.029673186471730163,-0.00179367260241861,-0.00399291091429319,-0.004771122805842083,-0.003941260275672249,0.004332854064332423,-0.008813406268439508
233,0.0226698742721004,0.003194039132455373,-0.016919027981467705,-0.005770377867767422,-0.004777027483928009,0.0019917931210207485,0.007084698621640655,-0.000606782173350382,0.01021260291230675,-0.004518632024703209,0.005469315493671161,-0.001487217918877377,0.003111612611018586,0.0009841707164142122,0.01721780446910657,-0.0008655390443436772,0.011527856198617315,0.005554949636774041,0.009416286693826095,-0.009064153188776913,-0.005724157034876498
237,0.09337918019053176,0.02937855891095069,0.05547819030630336,0.026720706788649694,0.002671910617285391,0.013443390860882403,0.007147724874592711,-0.002783459375498012,0.02789617783314668,0.0013894004983271203,0.017331439075118738,-0.0009629603781857554,0.018631123882124002,0.018715649486027247,0.032659735348792934,-0.0010090657513251245,0.024670704216087243,0.021891754462766075,0.011947863055446959,-0.0056406811724264115,0.026639917870046475
239,0.05529380681752201,-0.01073363958749951,-0.021896671944116406,0.034885091000206786,0.00043154549558522604,0.0026111504354381053,-0.005455843542845287,-0.007634475487270151,0.006222785102389139,-0.0024541863035867097,0.008087333609325356,-0.0009154581422089336,-0.007718356040796266,-0.0027800450217361572,0.010062406394899312,-0.0015696792331050347,0.004194034585681834,0.006101555215120697,0.008066773779349461,-0.0008173599978627522,-0.005310127716837769
240,-0.02737067520517172,-0.03400701211012546,-0.01494479152542567,-0.0695023945237773,0.0008318980445500301,-0.005124035988176274,0.00785900537288512,0.001337574296657067,-0.00014884043970312178,0.0006857560047134826,-0.001518594954690684,0.0038411635639943142,-0.01413706761113815,0.00207088163393081,0.0018640911993665554,-0.009917165225056692,-0.01222794207155971,0.001210416430247392,-0.0088771895429835,0.0005762429673478664,-0.008317123800074456
247,-0.021534228784218498,0.00607008343467669,-0.006026911242082633,0.009718540464250509,-0.004765953247358254,-0.0029172586513004717,-0.0042702690343844555,-0.007335438787001181,0.0019866835604096878,-0.003234354581097136,-0.009110035896128466,-0.0038827016956634,-0.003743875170971762,-0.0016503130552592894,0.011844864864800115,-0.0019802431274888476,0.0033597232580800094,-0.0016177506830103994,-0.0026709638328773623,-0.001878677775328015,-0.003426796731138211
251,0.029731545645685458,0.004250036511144799,-0.01838298497388223,-0.04518789435769833,0.00224557530461027,0.002814828061062542,-0.011130436291006162,-0.011427618447897884,0.008063679981776204,-0.012323979236781498,0.008304628457643161,-0.012209056177366052,0.006542553711884125,-0.0036870821458626322,0.010087100635854824,-0.0017980562656862275,-0.0001429708838810484,0.009758615558373549,-0.005275128717034078,-0.004903443121098974,-0.005001155804529276
254,0.005774098802742742,-0.01588856550371247,0.003523390447028305,0.028450203650221228,-0.003791575148015056,-0.002610334853837344,-0.001880606843369037,-0.001283647230639815,0.01150365935833463,0.00038063432952384346,-0.0071332019928354385,0.0005312532114430723,-0.0031970304578885587,0.004885974470359429,0.0013803157694547963,-0.0007151494050026486,0.0013973917063884755,0.0052920202498489746,-0.006707667303391531,0.0014948577256313912,-0.012039710761253559
259,0.04388961719710607,-0.03356681579587985,-0.04551275257905161,-0.0007067140883077627,0.006879942907713143,0.0009719341110647406,0.005476915907401576,0.017160605023935887,-0.009275917318095423,0.007810686952287256,-0.006021701047069996,0.005022283368857075,0.008152617449214574,-0.00278055321419572,-0.015534070311028074,-0.0011960354753489356,-0.0033610217714343093,-0.013386297846047342,0.00910506425909091,-0.0016379392777288615,0.000952744216025394
261,-0.017556608974103653,0.02379830176327715,-0.00824229594808571,-0.03376540064702425,0.015431134024271955,0.0024590011315657988,0.040807734639352305,0.04147443209649595,0.005019831194978366,0.009262793554927953,-0.0137667817953934,0.0105568301189399,0.04761376408392749,0.0068372080604686405,0.02001411209499253,-0.0017146481124490265,-0.010634408719362796,-0.004047578265018501,0.02735058443047123,0.0038987404608681686,0.03281881857671522
270,-0.037024318655203385,-0.03033186100486745,-0.013610322996992181,-0.08371975823283292,-0.016773232269618746,-0.004721088807391709,-0.0006544421919073784,-0.007971250815998018,-4.7962363878184534e-05,-0.004970298932377091,-0.006574969245821762,-0.0073477191467361536,-0.01362812112881727,-0.0031077726399053062,-0.0015057074060416654,-0.009660386712383798,-0.007686823092410009,0.0019823347374784816,-0.013505327555076007,-0.000779838097878951,-0.010296987923558732
275,-0.014895635238012232,0.018969001544994625,-0.011912417498668901,0.0027970162085728134,-0.0032404166021862578,-0.001345529524749054,-0.0037014041391819318,-0.004352476779505992,0.0003032629753758442,-0.002857973539655063,-0.012320806554915862,-0.002612538727379388,-0.0022429085042361407,-0.002167005367010688,0.010347277894078957,-0.0018621641388358512,0.000590206014553587,-0.0017020088533672606,-0.0033926786272792243,-0.00391041651789692,-0.0024061930614448102
289,0.09979871973491186,0.03016528990825293,0.03897313050297413,0.0390120793876585,0.003230864506269313,0.01178750869738053,0.008203404842848556,0.0012054733354793256,0.027640630475492856,-9.720027449404256e-05,0.015917224804394437,0.0006956978679434656,0.01803274172954943,0.021735607271306207,0.04425172540523903,0.007205635803023825,0.018606993707345795,0.04540929992061621,0.015526956845428258,-0.0034015978026275206,0.03426607342629552
297,0.007893964971636365,-0.02422299961693284,0.04703895357328292,0.037262603276898,0.009045820392036602,0.0006333367846841042,0.007837324534058894,0.013336625937904785,-0.009935930021821946,0.006206381513136989,-0.0033887652365496026,0.005100950252888481,0.014178486901684266,-0.001855564623394912,-0.014061915616187264,-0.0011676850861715594,-0.001619962374323336,-0.008804239792033854,0.01081330185999235,0.0013621895231373316,-0.0119671277648024
298,-0.05241599897706095,-0.015224699203208729,-0.03724879314659006,-0.0031373346976624815,-0.0011926458685694286,-0.00623669015760413,0.003754164005341636,0.003023803133598051,-0.01492920335443472,-0.00038310702625551587,-0.006743120318080287,-0.000894908955625624,-0.007614088008924114,-0.0027718779166525567,-0.0013296504660397091,-0.0021406651538268305,-0.0011442812843242222,-0.006313720355606165,-0.011231417086048339,-1.2730232015201182e-06,-0.019989558517980868
303,-0.050906945110733945,0.008922803815566453,-0.015831285894176973,0.0013226741143731147,-0.005402005427035306,-0.006030464685765651,-0.007654492500965944,-0.006071950842186311,-0.019617311024385062,-0.0017931479316047217,-0.006396513482095543,-0.001124813076488067,0.0022365498354776038,-0.00206425841903922,0.00414196883457663,-0.0025886113851242955,-0.0014566873062449304,-0.015967455177575404,-0.012128752909312084,0.0039863049598997695,-0.01300524893209854
305,0.05143109724535094,-0.0043217395233085655,0.04821298786270915,0.047552845637323454,-0.004725405444567059,-0.004424432755237433,-0.0008624178748428335,-0.004708401760404684,0.004505222626307557,-0.005941588901062289,-0.0033708520109280472,-0.001910775496902488,-0.015312313644058691,0.003549176552277231,0.02148962651305851,-0.0012655208887417757,-0.006036172636876245,-0.0010867203361021893,-0.007411468505864889,0.008382671722891644,0.00222479117347973
316,0.005915337249447816,0.013807987782507213,-0.01704010579818032,-0.042848488857241594,-0.002175705817284097,-0.0028822160413051277,-0.002014893586984954,-0.005463599715704958,0.00334189599645498,-0.0028275949079272777,-0.004684848153638086,-0.0034117469624942486,-0.003289979186482128,-0.002046244209801671,0.01726206895549808,-0.0016737403283639196,0.00211981361255539,0.002644441874684844,-0.0044238556952205955,0.001790683722945232,-0.0008879063962933742
322,0.05125457990253039,-0.018019017725250705,0.04335804220117268,-0.044391564186285565,0.008069107267741061,0.003135771573223565,-0.0015105985549820388,0.020141534154900567,-0.015589685124412255,0.009061151484231686,-0.00727214379352688,0.007692516867656422,0.010009968898982037,-0.0012344023655478508,-0.014782176190452674,-0.0015257050717292487,0.003524505227659631,-0.013512989294583803,0.011879985921619039,1.7397035869066712e-05,-0.010037949273071263
324,-0.019522980075267923,-0.0316540143750953,-0.014878745693572455,-0.09334343409207406,-0.016238733150597113,-0.005385452865971558,-0.005363895066481063,-0.008162384492300702,-0.001412258752728519,-0.005530896026125447,-0.0032561429016749344,-0.0035404998446472292,-0.010615309710611314,0.0005165340931222317,0.004415731553249316,-0.009939651474999209,-0.008180365480367869,0.001889875573831432,-0.009142210104655532,-0.0032316384344437663,-0.00939632556911647
331,-0.05055582657834748,-0.01942301962819897,0.025225673842015225,-0.04791414576846677,0.004645153376233395,-0.004964388764265664,-0.005960174767602098,0.01812158024091673,-0.022138051974571624,0.006246026814002903,-0.01347109260941238,0.0016569304123390794,0.008266963174479258,-0.0025177830254474996,-0.022252529038955516,-0.0012992010734632232,-0.0023388977155164524,-0.020833996822688904,0.00717452942434619,-0.0026037156118604798,-0.018261436573995413
332,-0.02766844454526705,0.012462119228282234,-0.016123856976067826,0.00694822840019242,-0.0035372258451735663,-0.004095964035220163,0.004792186774022866,0.009492319123101538,-0.006859504196617791,-0.0008779164257953199,-0.002402499584019324,0.0009637251431189498,0.001957011663196795,0.005336180537319137,-0.022541659357794116,-0.0017248188464236592,-0.00380340791085473,-0.0035835811406235507,-0.010638216281724481,0.00821057725803371,-0.00965410873200483
339,-0.0448502484563943,-0.010166559788083306,0.035006878074009366,0.027463976582712348,-0.0021231403781789026,0.0004827739418357169,-0.0016245663677406695,-0.008748955508054622,-0.0041975031843645635,-0.0018753913325767258,-0.00047222676652154406,0.000665200386503102,-0.00833804180573452,-0.0014343349906667413,0.017718481809810668,-0.0007966333445210694,0.002860961015919088,-0.0019899789625688414,-0.0032589282168157753,0.0016954934879163375,-0.002100622376561887
342,0.04175473780622383,-0.002117960909023395,-0.02568315996330739,0.03397386844238412,0.0021958707031615177,0.00597133671364503,-0.00011244250935959598,-0.006794275110744934,0.0064265584935083095,-0.0034827475906561746,0.009846452541579538,-0.00018724814102455412,-0.00409722656845048,0.004822751051763135,0.007973521364535828,0.007405520296427995,0.005636977820514631,0.011091739881932483,0.011126416875363247,-1.5169819701839061e-05,0.008191090768415848
344,-0.04987423968475497,0.009824966947508926,-0.017238286035025113,0.011780201167639177,-0.002964217581323396,-0.007943046558760897,0.0032259654038318784,0.004833548538239824,-0.009124403503746095,0.004653899650809308,0.0033271801060152486,0.0015293960169901766,0.0029617322323622374,-0.0018347337704420852,-0.030694146643823216,-0.0020046664854248774,-0.009121029753860341,-0.01576610399595495,-0.00900982584412489,0.003978980880473273,-0.009604676850975125
350,0.06108405638520338,0.006181533128324475,0.03440090548097771,0.035397491767967325,0.0033083249579229346,0.007491175216338491,0.0037718335912839507,0.002303971356422494,0.007639103618830916,0.0007251866457900747,0.013192745159965966,0.006681403153822032,0.006021685560197767,0.005812994673991625,0.02099179010611948,-0.0010836431330494634,0.011632393762950244,0.009707166956318361,0.012655700596424282,0.003721288080567717,0.008457722207045321
351,0.033660261821214024,-0.0004959362634895114,0.039225894601531766,0.01438518607730316,-0.005570283400061839,0.005814188466195845,0.002420973967923885,-0.007883845715472546,0.0082236149041006,-0.0005563113298484268,0.006564670512365467,-0.0031217094856299354,-0.013585742179128033,0.0006838246975766538,-0.002239744948867042,-0.0005333840744515327,0.011292497826910051,0.005918673505422589,-0.005513711170746376,0.0017638169925135116,0.0015816117896798687
352,0.0015220112713467415,-0.03093113547878602,-0.033201901509093544,0.00781779261181839,0.009696269282030698,-0.001864596878475595,0.002378326579012651,0.017121047493445757,-0.009922654178357675,0.00597868338613182,-0.007507021844366477,0.003280842253282117,0.009696192050881507,-0.003460692463453938,-0.01984480497600913,-0.0009475132722059243,-0.006564313434560631,-0.01430692242650764,0.007820246923061235,-0.00029553137545484275,0.019014066688986874
354,-0.025697412106337084,0.015094413274179317,-0.012805804143237082,0.012093623729931266,-0.001929284719495854,0.001209904312868275,0.006455082064136377,0.005605421630957039,0.003096066883276478,0.0069614223240790805,-0.0018890385900306229,0.005302049052999109,-0.0033244563454167065,-0.0023378309920190077,0.01740915002749148,-0.0012481031051879655,-0.003723101848957526,-0.0037918990477518832,0.001394245977013213,0.00136526498535261,-0.011770384752802556
365,-0.06222032481960156,-0.018650034682185037,-0.028538217889972656,0.009290116352775612,-0.0026209280367409347,-0.009072467617373547,0.00016871870442514592,0.0011574402739114476,-0.007561696162550931,-0.00024065779448392277,-0.0036031333693870237,-0.005918550911669058,-0.0008516268498860313,-0.0019180287367586858,-0.01349958980710852,-0.001638124133405654,-0.004610443566960498,-0.008532190370053172,-0.008200462554611505,-0.0008479450775342912,-0.02171926805837984
366,0.05922972091925999,0.005324966285844539,-0.00516364605271292,0.02248189408241501,0.007349193304039261,0.008305812893622715,0.008812250441847311,0.0025352081629083046,0.017546092049865365,0.006127897467153218,0.013330920097363901,0.010700793526736163,0.002528057725172914,0.012599131399624923,0.030375001701015095,-0.00036721951842537236,0.015661973270327964,0.01704715895970935,0.01257986978342828,0.0032990594377395157,0.007009450464381644
371,-0.030778028843541277,-0.008678978554242179,-0.017513629122134944,-0.08518330079729537,-0.0031260527501115122,-0.001162451112568874,-0.004642691403203117,-0.01344411629466606,-0.027917928262243947,-0.0012424519391237255,-0.001450279655310851,-0.0036173788840511635,-0.0046914648389915214,-0.001415786384984017,-0.027184579180741082,-0.003572062683748527,-0.012715997217122209,-0.020835260976755306,-0.008031122405834595,0.003554756367361733,0.02187496050167624
374,0.02241706702611509,-0.007013167394459288,-0.021103528629963647,0.0040619354759166984,0.0012296366647822764,0.004825134171171896,0.001517703606879195,-0.01147045487635296,0.01285571021010071,-0.0030476464377599656,0.008980212641050684,-0.007367107985243422,-0.005843736783738507,-0.0034053001057424126,0.010626977741140423,-0.0010729958164699838,0.0041827581736970385,0.0033699260300880953,0.005304527954766342,-0.0021455064869309124,0.00048066846509073005
382,-0.04756428334873476,-0.0024871711367367767,-0.015474697760337221,-0.0417276635427038,-0.005931032185440586,-0.0062221456336874325,-0.013630498856200575,-0.013868736137584391,-0.015010092647835337,-0.001955888273529922,-0.004405498457773546,-0.0036029207802744166,-0.009046588840168396,-0.0016454497671105628,-0.033474649846261285,-0.0018393793704808558,-0.008984950991456913,-0.01721684859005791,-0.009469585865899148,0.0025866719895850567,-0.0012799234022588734
383,-0.026365958755070834,-0.030269342399825233,-0.015017087947915684,-0.07415829246123479,0.0025139421518559856,-0.005849094142292301,0.0033553962599569332,-0.002718225458791892,-0.0010257746856699157,0.0013409984602029113,-0.0004981864695690774,0.004966748508368824,-0.013075951887307155,-0.002103150376923395,0.003906083439478891,-0.008693803869046519,-0.005756641375942877,-0.003712375147979401,-0.009970604423257185,0.00678266228864345,-0.005090810901522786
394,-0.04739189801561224,0.01374963636394142,-0.019312475625927163,-0.04190104598274985,-0.0011247634747266488,-0.011378705149550115,0.000999945851038433,-0.00047937744708292484,-0.03202270423234694,0.0015598755346968574,-0.00603122701827715,0.0015671657561739493,-0.007775862176829236,-0.001406764570756991,-0.03337530119072511,-0.0017704959575337398,-0.010597390999399181,-0.03672149731068771,-0.00971623235086696,0.0012372173434789602,-0.004903718402042045
398,0.013828827753132487,-0.0009031987418757126,-0.013147684666432725,0.016902539547974414,-0.00021170381197663346,0.005800902244437225,-0.00195961338748333,-0.004358447341926422,0.0069888708543038545,0.0026413044677022412,0.007003333814616894,0.0003797903067962238,0.00518535129082693,-0.0034983880968300694,0.014392294220378972,0.0017561430429304892,0.008796075403148506,0.0027968536515771804,0.0017805452846846492,0.0007207020774114881,0.009194974091798827
411,-0.04927906897776325,-0.01959036555320722,-0.028922854160977066,0.03340397306473733,0.0006720762744457431,-0.006105888932103199,-0.0070160371710130676,-0.010625912135379565,-0.022067068283264178,-0.002286227302057,-0.0038548647618068797,-0.004813199626562436,-0.00701401212917176,-0.0013051374457256771,0.00529157300873834,-0.0018768660307341633,-0.00020816463419066623,-0.006269769733199837,-0.007997752897258152,0.0026657340123730933,-0.01948225389712604
413,0.008604672582610533,-0.016502796262918763,0.01579819189978366,0.02975439807138798,-0.006409695447631236,-0.002349440362423252,0.0005827817993713325,-0.0011081415051350518,0.00536066524321825,0.0017168754853631185,-0.006278674916999307,-0.0007241355794297987,-0.0009506151945745955,0.0010422083121181913,0.009013652755215276,-0.000971248083244518,-0.0028746351184480547,0.005593057651181539,-0.004660118585018722,-0.0005682188298669643,-0.013689690666829506
415,0.005736169610380557,0.038414007759361934,-0.005921869332773326,-0.04406502805629828,0.03647010449144062,0.017795281062045944,0.0031476405065956215,0.04729310079704135,-0.011318476101774309,0.01667522983047725,-0.01541948506435915,0.019176949794240557,0.0241945482605729,-0.00014468646424916186,-0.01607003727420221,-0.0009672700665578304,0.023596022390072732,-0.016974834881522155,0.03849967115026218,0.002221007386447411,0.051490911876349514
416,-0.026210890586147572,0.003578419293243087,0.032231714726841575,-0.020459740395354233,-0.00897955907166022,-0.004176379608677508,0.0025091182292703708,0.00021937645675876638,0.007261175396066335,4.0398004125279384e-05,-0.007491150908970212,-0.003098090304868606,-0.00422824808891562,-0.0007739435045448317,0.0077964979415673956,-0.0016323051630888585,-0.0003596517698181856,0.006817415064322745,-0.012028611647712637,0.003768121206854289,0.009384310226822094
422,0.09479707697100195,0.014740604339023378,0.04437413812674322,0.022649572168480462,0.013938323847296203,0.006714752266781261,0.02019827863136527,0.020091985827721714,-0.006821197342945595,0.01150908636783754,-0.00201416048800354,0.009612176811397432,0.015589180972919791,-0.0012048873096236435,-0.01078847671480304,-0.0008801912642036314,0.004165983413006131,-0.008090517048567279,0.01518117824270746,0.0038977774933073306,0.011951098885555211
426,-0.01979154360212874,0.00317511849044763,-0.006040056421032887,0.027926600408965215,-0.0006929073852865031,-0.00031882081264711815,0.009899179408430428,0.009927221051988795,0.003294405107900786,0.008315200733969163,-0.0006178601100270953,0.005844710753769391,-0.007318498935727575,-0.0026211990775283312,0.01749717739670217,-0.0010092587008875852,-0.002070251268021366,-0.0011699104015409035,-0.00045907114806198023,0.0023288722680865704,-0.002480873939767889
429,-0.026425852082491305,0.020289188967508663,-0.010279958329509781,-0.03822927727711289,0.020675881338734995,-3.654039581078905e-05,0.031591525025868636,0.03689786681263001,-0.011830235895822909,0.005133672887696292,-0.02937955451433595,0.01165412595050526,0.018358945076103625,-0.0114992096823093,-0.020675950691023105,-0.001174095706317644,-0.013542600443997799,-0.0234424346880823,0.022782862507949062,-0.00669465927181136,0.03998189049647578
432,0.028381260925802395,0.004718166585585095,-0.020787830711103652,0.02172999173895903,0.007476337724573909,0.006080156634022557,0.004029110297722412,-0.001652490499751309,0.01168738370169507,0.0009612884049820991,0.010756727653848087,-0.0026848847456849966,0.004539786465738303,0.008839756808896482,0.023522465891308856,-0.0009881920267184796,0.009200441676753143,0.01750870844534063,0.01016912658416615,0.00871632924098492,0.0162783149115171
439,-0.05646132676641571,-0.010883414970338094,-0.005067112886455334,-0.0395963760078962,-0.003351895634611992,-0.01063990080639769,-0.008315615995130657,-0.008932857730492856,-0.02118579725165688,-0.004364892637646846,-0.0072474845289127645,-0.009006047355209717,-0.012365953329480135,-0.0012907419356838546,-0.03310940267303323,-0.0018867298707903046,-0.007288002434492569,-0.01304205718599178,-0.010413896884216456,0.00028551107576674895,-0.010155524557620765
450,0.041994686192995234,-0.006494976834427746,-0.017650158098339263,-0.05448211967313199,0.0016089266974418591,0.005117672768403736,-0.0009625259680774434,-0.00770429946126626,0.007272632967424499,-0.0062522150948015566,0.01018081536209138,-0.005199230318703201,0.007332084094726952,0.0004778641430587527,0.014903936268528923,-0.001561870815637576,0.01563408427474542,0.008158970111105645,0.005185536977888603,0.0012592763474042813,0.015180731696220846
453,-0.018842133726123506,0.017016979324517935,-0.008999968507076801,0.0009041656636873085,-0.0012258266815879893,-0.00014793672849805261,-0.0013004527234375019,-0.003932672634184087,0.00113281821450272,0.002243668461536572,-0.010778136012301048,0.004462561524522357,-0.00342982453772521,-0.0021488394609673377,0.014177053018124185,-0.001956654740904469,0.0051439359794943585,-0.001674935972221192,-0.0017239011491892598,-0.0030549278141097603,-0.0034616285738320583
462,0.08165357747451367,0.021228222539957643,0.05991541588738556,0.014937167482136715,-0.0005995552611491917,0.008870064871275361,0.0034832220836884175,-0.0032474219337274234,0.024178272614032038,-0.003562417047428994,0.0166961302561225,-0.0017619199819014853,0.00990861382106587,0.012065609536999205,0.0003645265659696406,-0.001555590564596514,0.019270699776990627,0.013264981082234329,0.009051708271201876,-0.00968995270834057,0.014286452963332863
464,0.06861395945511277,0.013076919085237932,-0.02684485391611588,0.02177936896836542,0.0071320209938497215,0.0137545915361099,-0.0027851179292693474,-0.012137029793111652,0.020816518576853297,-0.007734209197489861,0.012820049796471835,-0.0027158148973833816,0.020615524951909946,0.022079204786952005,0.028392470328301157,-0.000556067449508646,0.024811565115192023,0.03519654716539776,0.008595666792488571,0.0014393365181317108,0.015416598613189763
471,0.06809684091373726,0.004800452055868618,-0.00816564168944751,0.05259191547508294,-0.001017175659724785,0.006209252949173277,0.009704535114995281,0.006915749821392297,0.01421849439717164,0.0066626019592280275,0.005060861117515855,0.010667306098829385,0.013735160460652764,0.011599166855508826,0.02827483917006191,-0.0013299473606753053,-0.0007913530321297913,0.017002984513166553,-0.000675742253310716,0.016854635479784007,0.0066837377211908236
479,0.050244614853720865,0.0032842221555358718,-0.006454682886125056,-0.008738439121944169,0.0024626341425545207,0.008121310107991064,0.007915677303705024,0.007135112077276347,0.02489481214735264,-0.0026909962570206857,0.012839044811680083,-0.002973200282824564,0.00839411772989422,0.0010603128605364987,0.04175100696113788,-0.0009447958503255904,0.006091503558310478,0.021278371195351725,0.006148505650884744,-0.0034648308935553017,-0.009285200789047394
481,0.04809987177493099,0.016444000556240894,0.04101308435400966,0.017302205111493264,-0.0016977060801295352,0.0028417818439064033,-0.03489545329788001,-0.028821530089086025,0.019104335892897097,-0.01579937288418847,0.010695058215300151,-0.0058980357025964734,-0.013320594133151217,0.012237992253213292,0.00323300043065359,-0.004433714237892445,0.007372215372684252,0.013106846305000204,-0.0009377844219497434,-0.003060247317483231,0.01054335431594268
482,-0.04342127963948286,0.023003991272442192,-0.009084110803456155,-0.039658649307986876,0.007228532533163445,-0.0011398219274995824,0.050715842029049725,0.050909998911190545,0.004339178173987932,0.012195182505931258,0.002749696475834185,0.018206412265635664,0.0017007659484963257,0.002974219943441483,-0.020130321819830783,-0.002330649021239992,0.00583183262578359,-0.007208514053967008,0.04653201553825042,0.003281387944930998,0.04433538927034931
483,0.10047817593671027,-0.00677198529070239,0.07483726294547126,0.038474788614350074,0.011082957609319521,0.006043522241985784,0.0175840573676237,0.01533240422844301,-0.006828376665207259,0.009954392009908587,-0.0015715161308861524,0.00959163172019629,0.014316882778963133,-0.0012053567791576825,-0.009092795304170807,-0.0006311698436127244,0.0017621126684176148,-0.004524788916901912,0.012236288275173025,0.0029907814242089614,0.0019380370091994336
485,0.09311027785685098,0.011645399160846637,0.036112101031997385,0.0263000769414532,0.005044939664587958,0.0062596686954094595,0.008035695914296355,-8.551990226436601e-05,0.0015947171139330863,-7.847734584345289e-05,0.014689951638576702,0.0018130909388594319,0.009240976443480093,0.005070053797594199,0.019921498755624895,0.0027542489055599616,0.004086502262461806,-0.0004822822951945227,0.011484067624205493,0.00496318045086042,0.026939439685068577
495,-0.04018071939451403,-0.017766779049017883,-0.02005767945948378,-0.07968837715324043,-0.007199652679553878,-0.010298693027672811,0.00633363738214598,0.0016755091235808096,-0.0026550896418069667,-0.0021322407572085924,-0.007403726342021173,-0.0021527398719274515,0.000692855342994676,-0.0010880622695566445,-0.022856555055757042,-0.0037480768270125964,-0.008795954203317819,-0.026896482045045217,-0.017396776567520363,-0.007195411918472132,0.005344011928092982
506,-0.01936079316611938,-0.005341431640185874,-0.010936569596282197,0.008594926589992155,-0.004188629441283069,-0.004052394368553678,-0.007697991403927062,-0.00447042498201597,-0.00040964638962066147,-0.0031610311566862494,-0.011936450598527699,-0.002876112806262654,-0.005293281371013165,-0.0022521284011963873,0.023223473385220926,-0.002014822580343889,-0.0018776781863988389,-0.0029417780898586443,-0.003986009247466882,-0.0008953453543728073,-0.007982594137565684
514,-0.010112044347596338,0.023235143263752322,-0.006239594537545372,0.023953618388688938,-0.00023864166825831034,-0.0007065065245745927,-0.0033597329430779155,-0.005657150810525877,-0.004021492961406921,0.0029659815545238642,0.0038868659886895783,0.0025877361360784334,-0.0036235437814622173,-0.0024351320133979473,0.006447071984386526,-0.0013151310838316022,0.005838189305360402,0.008634585588339974,0.000492613981489285,0.0059090749870532025,-0.0008975703232908927
518,-0.013276694685858957,0.002745001862372192,-0.0062219301823915885,0.032684536746028246,0.0025691243615341363,6.95488039883685e-05,0.011645595766004817,0.008422985266559522,0.005967648962702583,0.00835019862214324,-0.0011211155067496748,0.004997517567607588,-0.0031186118683262974,-8.938639679172411e-05,0.018598471261860254,-0.001019702587630036,0.006897348233115394,-0.0008718522686916685,0.0020456246751160735,0.006678894180386124,-0.0023442986518114137
526,0.032218791790055545,-0.010620492257511955,-0.01587789867734273,-0.06280449309021492,-0.009483313613052928,-0.007100067722747099,-0.0051837537725003815,-0.006486506376595571,0.006727259193992836,-0.01409592875950665,0.00010190117252193432,-0.0148789702154275,0.007895571143394023,-0.006395745605449576,0.038300490614315945,-0.0027442962886289023,-0.00699169224190257,0.0046389642614070685,-0.00402134364144473,-0.020432673146810673,0.0070476446680368095
527,-0.030565138423056623,-0.008499144266761505,-0.04154605598843204,0.010009953845279824,0.0007239853955299225,-0.001251448769299941,0.01061196499886819,0.008586361265644485,0.012958623918685248,0.002293163954492741,0.000317600814925072,0.005283427659155677,-0.004160916113315807,-0.0024258034214972215,0.01615186528091215,-0.0011676773143017272,-0.0029687805958991476,0.0011909854495863214,0.00044733102562588556,0.005452521600267346,-0.01314981568376595
530,0.08234004668929003,0.006035978584738473,0.04939224424778019,0.01464497010357718,-0.0008579538363255779,0.0010904730487283133,-0.01289990992652264,-0.011509187673830468,-0.005405365049141722,-0.007899771513758083,0.005874516490778774,-0.012002011473757648,0.0011302352239273717,0.005960074980381194,0.012908570753440074,0.0080135719062622,0.0015064610569450565,-0.004627843622118632,0.0017885559076667335,-0.0005960683406303247,0.007973764747582095
534,0.0759281737325756,-0.0123828049024155,0.0057139774783649955,0.01276703159272614,0.009138514779840819,0.005036557347927157,0.01685618395431561,0.01889698370578856,-0.008886668944921041,0.008237999009766668,-0.004756690943785884,0.007885569668331982,0.014472511530366603,-0.0009334177666008259,-0.012792796974680698,-0.000973549367644182,0.001265670419372782,-0.010506615656190377,0.0131318418835491,0.002139672656664402,-0.02020072699756611
535,0.0006204831890349282,0.009609673702108523,-0.020995499629092366,0.0015930774954145477,-0.0008627260666330017,-0.003602634937789162,-0.0020735089361573955,-0.0028351428917329714,0.0038542469460659846,0.0027369920702406602,0.0020781670994938395,0.0018133380750788319,-0.00543183144150106,0.004451324779854531,0.01052862127324488,-0.0010791986920116868,-0.013640365926383709,-0.002398203950721438,-0.014245922343829136,0.0030379239644724976,-0.01216381389197977
544,-0.0015139032107290972,0.017409361621952543,-0.013116730512433606,0.011340016872774186,-0.00032027886642367777,-0.0012465115954535123,0.005860210534370936,0.005306727182534701,-0.011970411604446838,0.005209352456033684,-4.7832788964115026e-05,0.002768972692960858,0.0067855529324913275,-0.0015443245752214806,0.030015290988343678,-0.00016319252286507436,0.0012715565461124357,-0.004650624317853556,-0.007052573288343353,0.010111024013262124,-0.007827958723506754
548,0.014892376059361823,-0.0012362639815694364,-0.018505404887054055,0.01873141899755268,0.001876800381713224,0.004516992023938258,-0.011093570146342983,-0.01648282863134227,0.018294560766662755,-0.014082012507324463,0.00915428037762581,-0.01831820528772852,-0.0018500389430326435,-0.0006930585268230516,0.019584381142868493,0.0028723543383557624,0.008154923379313459,0.017324899061918586,0.007550497221168939,0.00037557733875132727,0.014848813669175912
561,-0.034171624043346185,-0.03182445046604329,-0.015394568470920831,-0.07556987368352537,0.0026064634576090386,-0.005329761308802005,0.0032154178276454105,-0.002479617468198967,-0.0008816288895718571,0.0023704712082664513,-0.0010166576283114636,0.004327444683812018,-0.01419730558925039,-0.002088064163091303,0.0037019794637311067,-0.009358866402866966,-0.006239543204371216,-0.006828401406710327,-0.008562771993032356,0.004465801740686857,-0.002136140320910158
567,0.0673495856910057,0.005633934698738301,-0.026447693565264673,0.01930025152708197,0.01387090817315567,0.008303482650878208,0.014521808770816734,0.024096416719496572,-0.010307376687495946,0.01251380498184858,-0.00310726243178749,0.009472000505183473,0.013661936591034873,-0.0005543684963723194,-0.011356516420952971,-0.0009738761149787933,0.004665718937077656,-0.01164947866588534,0.013779123651219152,0.00478113957388473,-0.014942580449707634
576,0.04233809136485462,0.004716929005405177,0.03334297009959983,-0.04522099532825109,-0.007789595453310198,0.0035485788882530754,-0.010781989248871469,-0.015244195597905161,0.010423064529695977,-0.010163628980353962,0.004051275912171377,-0.00651373115879835,-0.00776580758255875,0.00447519393667335,0.005552238478671256,-0.0030153066795219276,-0.0031284583061548686,-0.00013300886221998098,-0.004933264162588102,0.0008584339984346912,0.0028409483838902363
582,-0.03682404528457653,0.0003958206765230443,-0.007702869957172425,0.03227366409859883,0.00034416257598536505,-0.0007340003892352343,0.0069238021908256545,0.0048568965777775475,0.0007980616901059534,0.006970564332162894,-0.003916496676251882,0.0065343439795009315,-0.004534455738944416,-0.0024552946469268023,-0.0408317946652673,-0.0013155724465468666,0.007150211751020947,-0.005265789175080613,-0.004729462759102034,0.007499985366800388,-0.005626641546269866
583,-0.04559971446295293,-0.010139921933667608,-0.014482036698942692,-0.06896239362375325,-0.0031336395348139944,-0.01644660117143317,0.01121405205315682,0.01032981158729683,-0.0063998994280890995,-0.007669163602594722,-0.0036637321635606666,-0.010797333711754788,-0.0022439652196550243,-0.00033134654617015256,-0.028104024309956514,-0.004955632386723323,-0.027467924279743556,-0.014462614212359597,-0.012900754645126966,-0.001106539355591849,0.01647869496071337
584,0.012042708853052773,0.007284272290255558,0.04281866679762629,0.03400651107115891,0.00015800523275203205,0.005212707814097257,0.0004701399918181437,0.0007492051997760996,0.00420735816527042,0.0029020991153169006,0.0013583860353190858,0.003809636656404791,0.0010911628853074262,0.0007723305279807846,0.00889763114844186,-0.00036031529601814326,0.009832532535273514,0.003935530319313898,-0.00015800592087828136,0.0061307903992667435,0.003899752439438657
585,0.04669246535493727,0.006510909450859685,0.028276812753113917,0.024925303141029077,0.0007877742034469293,0.005325741763917619,-0.0029893554020176795,-0.009715814090937159,0.009153226566068326,-0.001150909483415603,0.008015336224803491,0.005207428796682905,0.0002687306936746836,-0.0023410561911552464,0.014303425004740404,0.01109902065550898,-0.0007108677152027099,0.007273349761720453,0.00873498436757899,-0.004064199346965154,0.007413518114204863
588,-0.05014354556907421,0.008086747930790068,-0.016053269561266462,0.0017163169345658957,0.009488899157944956,-0.013779346017114164,-0.000810836919397957,0.013622954710794489,-0.016994346546577076,0.002542249314022911,-0.005136177778607873,-0.002341006776527479,-0.0022856960667667183,-0.0003155292045443048,-0.02648276198074541,-0.0014752669500478531,-0.019283295364370758,-0.021383679317764005,-0.0029372096441788644,-0.005980709965763112,-0.012128672982328795
590,0.09693571975677572,0.03439105760908774,0.04081755774195727,0.03786742011033766,0.006759667197997032,0.009361023021463381,0.01621847393940442,0.0032793832116129805,0.014133173879543506,0.004061640417513388,0.01439981376907383,0.004078455765837532,0.012480580969470481,0.0074065203611354494,0.020611552936255464,-0.0016140629329697731,0.014704206059024899,0.01447228885668494,0.0181384055817945,0.0062903747299128555,0.0331881351156261
593,-0.035129267012949016,-0.016847402023290384,-0.014341527325662469,-0.07488446388049141,0.000874809737402984,-0.00331758208137785,0.0018334999702034338,-0.002078555068559922,-0.00413461602729285,0.0027350750850806092,-0.0030236838167650147,0.00402529436362272,-0.008301389596637421,-0.001532387186257438,0.0018409037992282151,-0.006678034866428675,-0.004134624093475736,-0.006573434660998601,-0.014606014312210789,0.005413418969293388,0.0023165017410900646
596,-0.020887519117208056,0.020589892191773346,-0.010382208298069032,-0.05370413349274315,0.026667844261382072,0.010236814371262995,0.0005533901939861608,0.04355692828029021,-0.013994409408656167,0.011512768621524571,-0.020201026338321527,0.013221093281763104,0.020011430051134198,-0.0005896725337197495,-0.017003006343183243,-0.0011464148232812478,0.009231460784778562,-0.020677142933571417,0.028637661832746204,-0.0011197605041346037,0.03565602489037815
602,0.01785466707395301,-0.008831633619062132,0.025201373192417123,0.009465090147400872,-0.0023158281879028663,0.0019642898446372214,-0.021200516253124135,-0.02481918582334174,-0.0029588971417467747,-0.013770895408461001,0.008043399399881253,-0.018035802715307057,-0.0014742443999658406,-0.00026276296445871595,0.010288391830940498,-0.0014389332491282403,0.00027053197100855185,-0.001887447869276002,0.008797970225113687,-0.007270189029568144,-0.002466827996217944
609,-0.005484363231361158,-0.01646774184658966,-0.013183845406458658,0.0016814672451675962,-0.005069576682071215,-0.00446584351146214,-0.010867592079608811,-0.011076789214188807,-0.0030631784415703577,-0.004266871337849238,-0.009829209202677021,-0.008661777535780289,-0.0037676238758515977,0.0004255527495337219,0.010263827963728432,0.011197385270263567,0.0003999916101008694,0.0004327864434469575,-0.004538158497491622,-0.0037382251881001595,-0.01022025122019727
610,-0.004157839715933847,-0.016637567219023593,0.04318766393943065,0.041478695438987356,0.008921243705447068,-0.00015639052124669206,0.004236405688400851,0.013423471337244735,-0.011288517119652966,0.005519910372586594,-0.004389942702587746,0.0039018270281823675,0.010959203613630564,-0.001599190680632887,-0.014580737820076876,-0.0009528434481865134,-0.0028104878172831604,-0.011353667947138888,0.007947278308350576,0.001640232308105638,-0.002208812845653938
613,-0.0012772197513260153,0.0009304620369431405,-0.009283895231571932,0.029361679761475443,-0.004486506776018473,-0.002392504954044057,0.006682829678195504,0.006917219309349889,0.009972884540498512,0.0036762734181326096,-0.008079045576678254,0.0018846029905233764,-0.0027618626809001513,-0.002631615757118766,0.016924119064255477,-0.0009171467049691273,0.0036260475743597454,0.0026496250937537978,-0.002578413099907948,-0.002094510214254228,-0.0010420669816619465
617,-0.053585245119664365,-0.01224927452335919,0.01449709409647255,0.012130398833836296,-0.002994623848326796,-0.000981539997814025,-0.004079686037603097,-0.008155340142783131,0.0010747671848179152,-0.0028623472033589793,-0.006572810502555058,-0.0003131177086223147,-0.009592432737625245,-0.0020126951928716606,0.001723187525388994,0.01179038505010226,0.0013062390166123806,0.001411366325429242,-0.0042788723122251324,-0.004248656139226341,-0.007728980070282887
628,0.06558673887307463,0.002962431643267678,-0.01167515035703616,0.023970819037943444,0.008544186524863448,0.011006126187963048,0.008505738994539342,0.011040219489685796,0.05165046563923767,0.008490694996639405,0.019686958812646368,0.010044957546714101,0.011856625787742416,0.008671405010565536,0.03758029980040675,-0.0004982587222423263,0.009795952902061913,0.047250450309930726,0.008744656713683553,0.011063958387844934,0.006911377966074497
631,0.062037608582722045,0.0018200661083608337,-0.011585262253777272,0.02649779391994571,-0.002120674596192771,0.0059082050628518346,-0.0013460898522535559,-0.006674551598839571,0.015266617025152697,-0.0013587529202048643,0.0083383388648366,-0.0005831629249146886,0.005410172747790511,0.012375534839912349,0.037623617606127195,0.004220395011918754,0.020921220609080252,0.02368477892390814,0.00952546974895995,-0.006977368887605167,0.0028749852021547895
637,-0.03129043927338046,-0.003193054960762538,0.023936845168578885,0.02621170452592395,-0.006292618667627039,0.0019653803264964155,-0.001456793713425384,-0.0015885243977893993,0.007556037004196697,-0.0031376924817467966,-0.0015786776343463772,-0.005849156793067039,-0.004331578599841918,-0.002170056602603836,-0.0015424451428100382,-0.0005000717840835023,0.006364006353077514,0.004959240224677614,-0.004221547610557934,-0.0044926644946411895,0.005693604733278334
650,-0.005471275231939216,0.03539297594897135,-0.0104156443044144,0.02997227131200191,0.022145825850269318,0.009845972655649859,0.014093531022904813,0.027101620788289437,-0.006928254178446878,0.016148699568043413,-8.98978739201084e-06,0.01105269947049976,0.02082948876215198,-0.0007267325891010045,-0.01174747529342227,-0.0007945383424487318,0.007990389123980321,-0.007316811785288166,0.020328789781945317,0.008487987684237197,0.008117179871568965
651,-0.03404476838765959,-0.007313225491645881,0.04155092203686763,0.02207241930291559,-0.000956134085649012,-0.0006518919633850828,-0.00618036565960864,-0.007550464573007787,-0.014579124422936048,-0.0031491387227447374,-0.0035295459941607986,-0.0029768582328819093,-0.005626093051644148,-0.0004882956313460341,0.00539585056088697,-0.0007235487769276006,0.0009985682345813984,-0.005814311103589489,-0.0033201660895684883,0.0018794973673175264,-0.0026159198490586276
654,0.037789958582178824,-0.012019625935362228,-0.01427854905014442,0.015769049827482035,0.0015920637519587898,0.003298830318905459,-0.006982681818753917,-0.01251851295735264,0.016888472042693933,-0.009339224864712321,0.007498026800688535,-0.008934171271182265,-0.005822051466684286,0.0019297879463582035,0.006136366340741119,-0.0011516947686766343,0.0071848821011354855,0.013341728830533838,0.0013286744449693799,-0.002011222232511045,-0.006308050946337289
660,-0.016398401336737152,-0.015354746883230064,-0.011743224909504307,0.0025807396711746834,-0.009148928205394782,-0.00431337450935473,-0.010782495191880343,-0.010836851811574207,0.001968822742447287,-0.006760656922107273,-0.009644350954351922,-0.010546918793775149,-0.005988725215248678,0.0015703103015033547,0.008693196626575741,0.003827143775172317,-0.0012800094112748184,0.00048695499579139325,-0.006504140991949328,-0.003415827971615499,-0.008903131071599546
680,-0.009634368349837245,0.017146865091824566,-0.014185143317273514,0.01138293437904963,-0.0031258036412936006,-0.003629878365546233,-0.00863029862307883,-0.009175431054619026,-0.008944196746162448,-0.0020858269349355394,-0.008181329947661879,-0.0027591461477948086,-0.005282477690860219,-0.0011529519191122973,0.011702678156598267,-0.0019696273954343726,0.0010140251717012916,-0.0008099659053164032,0.0010615975219383244,-0.0013663515197271181,-0.0009893629586781572
693,0.03722613132167055,-0.020096370194287373,-0.03433493166695314,0.023065206298967383,0.009599403762306906,0.0019825413465480324,0.006823894299679409,0.01906042038039061,-0.006843917910908885,0.008482453904411784,-0.005079273583758663,0.0060465284202513205,0.011390031080407823,-0.0024014423379145455,-0.01700084477776187,-0.0010810282479269517,-0.004575449050219618,-0.01157007988759517,0.01148227572407876,0.0003918753048899504,-0.0034320783263211752
705,0.002890188572134207,0.002887448562856889,-0.0009242324629667564,0.033784599554070385,-0.0009633090453149862,0.0008259109088146488,0.006364928721554861,0.004687526993423035,0.018538649480855155,0.0061095535568529155,-0.003715278462407241,0.0048326146181483405,0.0008979133359505909,-0.003251163305515661,0.024465850789746925,-0.0009813340093580791,0.005605577712048557,0.01188393951573687,0.0002084898142442171,0.007167643476851709,-0.0011004575607444166
710,-0.054796095661044715,0.01738243869006425,-0.013652305436451684,-0.04628933044999684,0.002730984147297022,-0.006115275973548222,0.04480040232201276,0.04519834332203402,0.002102107774716444,0.010516361587172583,-0.001830984844614818,0.012337900404401126,-0.00813864231222766,0.0018415980535175435,-0.022593120640904657,-0.0024852057418974028,0.0028015702156051247,-0.008782209741042095,0.03354444819403554,0.0005370032705292261,0.039130379788468304
720,0.019833524398860616,-0.0018085827672064169,0.03884466811812672,0.047044755002739864,-0.004665099309353593,-0.000579930631608363,-0.005082502532993373,-0.007075764946208949,0.003501813033562371,0.0008431997577460493,-0.0069200045710863375,-0.0010904417447133597,0.00028190290132386054,0.0017361256146404002,0.014562312872940311,-0.0007608398907564152,-0.002911076352784221,0.003664485902561978,-0.007720957822950823,0.002870722453877761,0.006208116342797325
721,-0.052736304683725164,0.013071501779578797,-0.0182689032269991,-0.028119205235431936,-0.0046492448604348625,-0.0061373833335704835,0.003879056067431179,0.003025208803229589,0.007233428558377568,0.006391162223047786,-0.002333446893234168,0.008240521816217665,-0.0032969988600200393,-0.0035699870655969334,-0.03889781568611198,-0.0012660700249864476,-0.00613926701027026,-0.002032618982220242,-0.008631943999336613,0.0018473572424380792,-0.0022611698619124355
733,0.10172735072838635,0.025910699222881136,0.045433744303709604,0.03594061049705914,0.004211704235209766,0.008118629467520577,0.004599593266179056,0.0010522757014339845,0.014147958613843627,-0.0002798974334351101,0.012019231345180402,-0.0012196366949365255,0.03116136343076633,0.015227710785302974,0.01895226592927969,0.005280479180142948,0.018139202389267268,0.024007042628524287,0.010934986178977795,0.005283333508798478,0.028239476464625
736,-0.04539089462411539,0.013744926619984596,-0.0169576712018511,-0.04068999381398584,-0.005534308431329009,-0.008826157985155021,0.006322267166409006,0.002709498293041861,-0.0075974118415965105,0.0012224097410091872,-0.003752684825903998,-0.0006440834471982271,-0.004059898184849686,-0.0017514020775195149,-0.021114921150436033,-0.0018887883820423211,-0.004300471893787972,-0.007322513874192964,-0.011160757214566957,0.0025200194130803764,-0.0019400552652444958
741,0.004400352135633625,0.002813646449611724,0.02508028281163547,0.03464190332297619,-0.0027253622428673905,0.0014856098576944987,0.0007278115638879967,-0.001766076897829123,0.010471194576753362,-0.0003591952134658527,0.004528553451297057,0.003519617380776765,-0.0052782946612882145,-0.0009927310882008556,0.020679841366141146,-0.0010047585728580088,-0.0005740642415383945,0.0059546553864481665,0.006088642638947875,-0.005813012300736204,0.007768941171447636
756,0.001469476061356545,0.01988648806746596,-0.00925126714447174,0.014237747877789388,0.0029764788591779734,-0.0002935721869744157,0.00601440275809523,0.004558609394029531,0.0069747922975466285,0.008125716576398077,-0.001954061797888471,0.004654960876829364,-0.002731957968235861,-0.002079585342721657,0.01595263455138337,-0.0009234334189295624,0.005591939610224586,-0.005006455905316898,-0.0028927480198314014,0.002614439294137583,-0.0043266881412500876
757,0.031792332071082965,-0.012088488297467847,-0.024048723171148367,-0.005110840917749329,-0.0015387056546742883,0.0019191773874322848,-0.006363066219298333,-0.010155661310996607,0.0044774018628493195,-0.0016073096309040125,0.004024958125580156,-0.002617138579822722,-0.01775796185113421,-0.006009378227015816,0.018482193003972327,-0.0018983446472395826,0.010367371537596171,0.004635333941590716,0.011090945115756342,0.0014009377770398145,-0.0045597709125570415
764,-0.045736135844417734,0.015197774389461358,-0.017963466316252834,-0.04159874790097632,-0.0024080710850927288,-0.006168657275136979,0.009979539076327341,0.006741342862907232,-0.0028588039947325685,0.0006287754590073291,-0.0020781164918946614,0.0032452378441695374,0.0018858427128866139,-0.0011618646783034593,-0.027931137681916594,-0.0019132211851626835,-0.0021709509207579456,-0.005243992202723575,-0.008796463472298512,0.005503060202307779,-0.0014744225677037549
771,-0.03504757420025271,0.017475937731790906,-0.014884279796526699,-0.02994212333668628,0.000358915810593885,-0.00041879024037740466,0.009134791518569614,0.0016217617037148102,-0.0042815777147288256,0.0032475689861462343,-0.001630702286418,0.0068867213704498905,-0.008824911050816979,-0.0010667931160713807,-0.03128934644290695,-0.001513773429791172,-0.002522475649547573,-0.00973942046885668,-0.007676753641904952,0.0059835765832610835,0.0006743510066240788
777,0.047613617681191156,-0.011128789202563211,-0.011454639598583753,0.030038501239548054,0.0006766401888813789,0.0019900194710206166,0.003972656676154429,0.002277763516584912,0.0168861493945829,-0.004590124822017003,0.008960393439653557,-0.0006998027742426416,0.004754147514690032,0.004967673057448678,0.03109731490840687,-0.0004686996483178518,0.012175731288959924,0.013571678821909643,0.009567049163405983,-0.004165557090153129,-0.0006864405110331973
778,-0.012833562948378585,-0.01939841690591834,0.03055466790287028,0.014254219341119949,0.005533964736437156,0.00019718660559789214,0.0003468775161479698,0.013011888985458598,-0.013923854468450543,0.007087026400115235,-0.003926795796435272,0.005328554710707749,0.011472919437067616,-0.0012745350321227988,-0.011138639334300536,-0.0011141282012124521,-0.002552651261788412,-0.009407064279656083,0.008535691082470577,0.0009136932639582085,0.0008956206738946548
780,-0.0018682225113940377,-0.014594717498413274,0.009429503871367616,0.0411650721970247,-0.003963169053526201,-0.0007752222647661711,-0.0003817680766701415,-0.0015254252360918485,0.005050623951665898,0.005408196243148211,-0.0035540652992642665,0.0023494610062019207,-0.001960538378108083,-0.0005035355351617455,0.002044503050137223,-0.0010934535672072344,-0.00031529758658791705,0.005630800745695979,-0.005128399965190056,0.0003694960617735887,-0.002531277583097449
781,-0.026143717344622813,-0.011421427368327386,-0.01717819358692509,0.0005141679295968516,-0.0065963792574274295,-0.005531318502566478,-0.012866048320310028,-0.0085417176886844,0.0033544015855244426,-0.006522013378024383,-0.009545925840104701,-0.002018382879592764,-0.006518876302760362,-0.0027098026858146797,0.007207153554223283,-0.0018286541305565151,-0.005195292969316654,-0.0034870083981030577,-0.0032277453999986962,-0.0007104453418264711,-0.015387544836456754
782,0.04742032090293265,-0.007366124800769569,0.0297263568048254,-0.004017144232814474,0.00431372325689324,0.0064958690787508995,0.005146970954037329,-0.005950767643188044,0.010310978621917287,-0.004637546374414967,0.016694455076575423,-0.003065778868620157,-0.003803485172811065,-0.00023130203901246206,0.02846631358189427,-0.0009616993715735589,0.012758761120786914,0.010474296658658773,0.006601932702732682,-0.0001590830415761957,-0.0067604991422109606
798,0.046492723936651145,-0.006292262479144028,-0.04107390921869183,0.00182826439460257,0.007507763686851377,0.0024592858969171515,-0.019267753347971563,-0.012966582328400306,-0.007123408981674686,-0.004028584903300896,0.006800525589542303,-0.0004854106960274862,-0.002617557202995897,-0.014102710632233482,0.018725001574408394,-0.0012402037668766753,0.0024657826723466767,0.009762695827046742,0.005239436515588949,0.0021004062863559624,0.007719469773509218
799,-0.03709787496396956,-0.029967267954100693,-0.015032887360611084,-0.06922842974822487,0.0003959491162362383,-0.0032141682317538313,0.0004811222894136335,-0.0012395202476864142,0.00042470564360939987,0.004857667914542106,-0.002026250377920746,0.0059621796794942835,-0.016156476700216443,0.0013518005450134751,0.0018440464613757967,-0.009373594028363073,-0.01155348369986541,-0.007213654447975841,-0.013697127418030135,0.0021325494070561033,-0.0012255429117072935
816,-0.024752213168544587,0.016227474011669473,-0.013121243800565025,0.002723635193347036,-0.000637905602947626,-0.005327852696828473,0.0005399082804291311,0.009029342170704809,-0.002928155842147504,0.005563852491828242,0.0010828953267721887,0.001206757678988879,0.007720973563374969,-0.0019134175988415336,-0.030698455757621444,-0.0018099251209525845,-0.016580873609955516,-0.0078093405796275306,-0.003455333142723163,0.003457860734677638,-0.009235626846064519
817,-0.007993808057659067,0.009962024568120852,-0.009913622187860937,-0.004486099847687228,-0.006302274700527449,-0.0016552589899742997,-0.0005376563743249108,0.00011575230267965253,-0.0005134471515006566,-0.0007204954213256088,-0.004220846871331787,0.0015415374891426835,-0.003285749780387164,-0.004255634116577767,0.012956089675299723,-0.0018877726430798702,-0.00950041066410904,0.0014388410305809884,-0.00412549509503549,-0.007793431457026827,-0.010852226968704599
824,0.0017386347087119702,-0.0017173971528188759,-0.012424775853572783,0.027286671572727527,-0.002272420941722544,-0.0034962993100765517,-0.003707175514925893,-0.0006634962184824644,0.004959023873773845,0.0034749632252703577,-0.0005979746540242559,0.001171202329687162,-0.004904211657838005,-0.002050591803886732,0.021987682653648335,-0.0011294202925466834,-0.001872379540639031,-0.0014814994702766172,-0.00201909474369927,-0.0013012859368609498,-0.006123725276081586
838,-0.06081819214949803,-0.01586185395717109,0.0076877809645691285,-0.023534933796488532,-0.0030578518143713042,-0.00593592489215041,0.0006839130284424754,-0.004168026932774183,-0.02653671545272317,0.004886551323089065,-0.0024633291223449304,0.0073521294313724185,-0.004808158959043567,-0.0010088071099090712,-0.0041391054564476806,-0.0023137102800751563,-0.0064721230782100745,-0.014274979428697633,-0.011228158978669854,0.0005444759757392603,-0.015008087739896609
842,-0.04221331135402835,0.015946366735304026,-0.014397154761154525,0.0028686168527642052,-0.0027991692160003368,-0.006420976884808454,0.001371060437129472,0.002812051977014107,-0.01080728751403825,0.002577148205949129,0.002507652087188035,0.0018086202603637958,-0.00679731612483323,-0.0018456883192590112,0.0015793668582350052,-0.0018159114784066332,0.0021197051225928477,-0.009361016979447356,-0.0094956578263006,0.003342971282283429,-0.00866824167102493
846,-0.045776840132061805,-0.012696717594939741,0.01592741640010104,-0.03802421454079109,-0.004065060247759789,-0.01038878273013097,-0.010349943721390104,-0.013735599551004896,-0.027873142749717486,-0.00373774325778669,-0.00554967441794588,-0.009551341815733281,-0.012401283091239178,8.258618476133961e-05,-0.00341663384423299,-0.002527764443760816,-0.001797861192156347,-0.015854604826279227,-0.008595907486349575,0.0008251116550678717,-0.013654947113976731
857,0.04818148201999065,-0.0006666205191140762,-0.021634872387556923,0.021940722996024533,0.001275872271545211,0.003979054176213879,-0.006177461046194139,-0.0061151476626525895,-0.003225842279836684,-0.006309591966974324,0.008038541445742453,-0.010788116543133981,-0.0015328172853008937,0.0032097939653081653,-0.004420761063825012,0.004601874467413154,0.003104389642156775,0.000531257619879284,0.0037203654776536157,4.588743670268514e-05,-0.00444385661590502
867,0.032812330588731696,-0.039494747332777254,-0.05601446109612766,-0.014393763940973088,0.005366617782344179,0.001191932712140158,-0.0010822535370635933,0.012610929687219254,-0.012393544715828,0.006305872934423746,-0.006784189135143492,0.005091135533299962,0.006005160485439944,-0.004445672420937967,-0.015209063684472142,-0.0012548502781203298,-0.004085642123884839,-0.015417525491547507,0.006516322732547337,-0.002053024948924218,-0.0035198444142093875
869,-0.037931967192706396,-0.011257383228350761,-0.014373583903516191,-0.07127844916412386,-0.007616136010512946,-0.013102284616848293,0.013731885447058403,0.01589021297437455,0.0005260807802986279,-0.003650411086484837,-0.007679982729109724,-0.004327492624825595,-0.011019117798526566,-3.455323601258442e-05,-0.022997612332067662,-0.004451805245485616,-0.013228345727293913,-0.007558962013252995,-0.01609584156873737,0.002297583461495378,0.016876435803550863
886,-0.013319985610567074,0.021992143705393517,-0.012233255494496689,0.005328671418218676,0.0009456029820825052,-0.0010117492153065655,0.00036319149586233834,0.006163418859050012,-0.005004305401301678,0.003922988873291047,0.0005246075231127634,0.004861591967670051,-0.004683714527020299,0.0011901072048658534,0.0070185594058997935,-0.001254744186529706,-0.005815492109525451,-0.008985937806239973,-0.008490812016286497,0.007732407794916299,-0.00636514745322927
889,-0.04738128136346944,0.013939078323496404,-0.014101632966186344,0.014276559950683065,-0.0005152127626874404,0.0007143259106905475,-0.0007744882305996725,0.00572341987539744,0.0007202445027994031,0.00631916346974549,0.001370054386444508,0.002602646956658532,0.005022672075098456,-0.0016222196412326185,-0.02795891333614435,-0.0015967895626795325,-0.008126730334621754,-0.0022090930443187063,-0.00624815513756829,0.0065610069411349056,-0.00890293709055868
893,-0.0052882389382858715,-0.02155578162451434,0.015627537259317707,0.03575419726345132,-0.0038719447172638867,-0.0049613372600833825,-0.0012305712497459353,-0.0011049205148341912,0.007697488368920631,0.0007695850482414813,-0.007080046724202021,-0.003547261712135139,-0.0006582904719471117,-0.001581249180777604,0.00728922131339857,-0.0008532104989853906,-0.001486014931344073,-0.0024597611295303066,-0.007320316349928077,-0.0004445191053321196,-0.003068098437836966
904,-0.0061648511424419895,-0.012484789167557438,0.0033131611484998303,-0.010188372659332572,-0.00702877157283524,-0.0049596309438049956,-0.014038661001284253,-0.012647706074412497,0.0034683935310562217,-0.00743347016099932,-0.01283648847855261,-0.0046538891643200485,-0.0028241418256567384,-0.001887945288286801,0.021512878527275348,-0.0019305529846724311,-0.002833541985481247,-0.004324494281947295,-0.008562181030275156,-0.0022110463399553737,-0.012618628493696634
914,0.06533979703399212,0.029573209909766546,-0.020082296642892742,0.005733000703856988,0.007774395376996779,0.009118314397468054,0.0022531493911040457,-0.004816902999504009,0.014872500632362744,0.0006374350326993295,0.010141557653758468,0.0006224884271685483,0.0050187261679275254,0.007584164590372211,0.005759287082648256,-0.001778942087246378,0.005733103704682492,0.02370208230126025,0.007644245155769767,0.009766543875364846,0.01824975669991659
926,-0.04112213388656869,-0.019956819514528375,-0.016581074676298612,-0.08481981819494223,-0.012848994312263358,-0.010150437379451205,-0.004663879387358634,-0.011316466570336274,-0.0021262433747665454,-0.00012595982664009853,-0.00425456759190638,-0.007622666037790964,-0.01374801841367855,-0.002766725321848753,-0.022920918702553195,-0.0040495959745373965,-0.007267863424225993,-0.004196129600025813,-0.010519303017514687,-0.00045810220585224215,0.006791497446425865
936,-0.029494181655621503,0.014200075559976141,-0.01409168392618426,0.003440494267406109,-0.001964269866257666,-0.0010586891534850906,8.809856251900782e-05,0.003775705192252872,-0.0009002795282592046,0.004089677724844591,0.002047842204474364,-0.001896753367035444,-0.009084107208659304,-0.0017029777932657452,0.014989975958617664,-0.001582620773990584,-0.017116317950731458,-0.0018045178955998153,-0.016102550582169785,0.003602345878002211,-0.012027060901356777
939,0.05329105397058868,-0.009196919381764701,-0.013137338262308163,0.019099159524171797,-0.003728615316157402,9.557333899579135e-07,-0.0022657188285120354,-0.0002825679619576249,0.016818566167797543,-0.006677156378447506,0.007932757160854748,-0.0015804800345571835,0.00571471402671591,-0.007640760532489992,0.04031833951816253,-0.0006356435181464803,0.014321014680795656,0.01783498043881025,0.007443434579563899,-0.010672243823819372,-0.0025299019568865333
941,0.0001124846764307108,0.017042990106482706,-0.012393271936178962,0.006955471445790238,0.00010382482460840947,-0.006386139435207951,0.006302638212043803,0.005290805364062976,-0.01337264765296169,0.005105969402816868,0.0008234375045230991,0.006625366185534176,-0.007050036173727108,0.0033898874251786994,0.008287623159972952,-0.001835166672823334,-0.0005720582224162741,-0.0025518723817526735,-0.014584434363281672,0.00259882471467904,-0.006334108227836168
943,-0.012790708208436854,0.008958342240020158,0.0004983202682967658,0.022726135027511418,0.004584306538552027,-0.0017894989226738289,0.013098077554188877,0.011868177801362094,0.0037529067924364765,0.007499020306864282,0.004806027333244174,0.009454425930396155,-0.002230395942556811,-0.0019670093474201166,0.016846975762124145,-0.0009946516083641655,-0.0007728189648156558,0.0050000510280798945,-1.2229611307361666e-05,0.003265650309691068,0.0017993443432465029
946,0.0887074968340562,0.025357360738227044,0.04260884371894719,0.031216796952558922,0.00419760248586897,0.01362961006108833,0.008677777924780514,-0.000836765617483195,0.028798892272385218,0.0002905649215945516,0.0178922865806112,0.0014954086421485613,0.011535775182546644,0.018021920473028672,0.03892162288769981,0.0030164251613325633,0.01767207183499721,0.025957175902621258,0.010503440047385909,-0.0016453993504268283,0.02960476902595076
952,-0.0451134116527129,-0.00857362547597063,-0.028495778221366664,0.011947019077987875,-0.0007241130060337752,-0.00037430783109869024,0.008646646537955008,0.0007988482294780397,0.005894652069093809,0.0014448533370872952,-0.004306562560503835,0.0024365553033459265,-0.00637891228154615,-0.0030452291573286063,-0.026428775953679633,-0.0011973355727559465,0.001589761381700896,-0.006250043184153924,-0.0040269874009871386,0.00586932122900464,-0.016544123988815045
965,-0.03348288636515434,-0.026638733266593988,-0.01713703663436945,-0.0812477654042263,-0.005897738593394877,-0.007250419484508938,0.003926975594213218,-0.0014713480281818648,-0.001328976780171729,0.0005840974384545916,-0.0013971405522539726,0.002804227658766081,-0.005965873221857692,-0.0028735680375109496,-0.02666187854771721,-0.006125394617973257,-0.00606553749044906,-0.006640415699026789,-0.0095484001030718,-0.0008862238295830594,0.003616462166099268
988,0.01566407626328214,0.001694554397789716,-0.01502109312023208,-0.052819852059220976,-0.00583606648972534,-0.009357231076059236,-0.004677880705862662,-0.012003170573847796,-0.018754830829374215,-0.0038715893604282315,-0.010777817295079331,-0.009885442077836615,-0.007669983512241743,-0.00032962905507133655,0.021999681461411454,-0.00239153297647249,0.0026705238348836246,-0.004553149367624769,-0.005583620142239169,-0.0041837069227165105,-0.0023613939818739028
994,0.07655503937799893,0.02401255504741414,-0.025151477760307444,0.01699614426453536,0.016005100240924577,0.027494879710205568,0.0031614275896882306,-0.001702407382128115,0.0606528767319827,-0.004281689809052267,0.027073977212338035,0.0021346186505004994,0.01328453988220474,0.018390827336640995,0.032932088659568134,-0.0018612002499128267,0.005904235881405952,0.046377553035158316,0.025186979460495564,0.009136790330185534,0.025990743104937337
1004,-0.03563093797634508,-0.02380718431887999,0.00831203494384738,0.016417538283378122,0.007856023283604258,0.0005600886525530768,0.002358534365733931,0.0186959062535027,-0.015508677021309439,0.006474479885954451,-0.006024877200721335,0.0046162539322122595,0.016487437130120384,-0.0011654601387866136,-0.014480699191946372,-0.0009653543291938149,-0.0012292226270076867,-0.013314339843088305,0.008353510816266691,0.00048299426806252654,-0.030041092030199935
1009,-0.04583083139588666,0.014819728709615844,-0.01695617682645775,-0.03581824300741658,-0.006742197613722283,-0.006738566296318141,0.0067631722127521245,0.005655950853398508,-0.008794274508289561,0.0049708418748610934,-0.002744020797435951,0.006608250258157113,0.002558945074770236,-0.0013217415068652373,0.0005196988861260366,-0.0024120484229581507,-0.004783151473365024,-0.0139073024407503,-0.011549008859985862,0.004464683432884726,-0.0017623224048048769
1018,0.06315874860169884,0.00020412891523506006,-0.006751516185228183,0.04690319342870225,-7.918683658516556e-05,0.0061437770841578756,0.01095393526525811,0.008888988194580633,0.025524875584783616,0.005973880268689982,0.007886359425013438,0.004771449432183772,0.004894731376753328,0.009117361744766015,0.02443356537275605,0.0030391657221957758,0.008698681902148451,0.022849887041583656,-0.0042917324747269,0.011845752382253636,0.007035211684291767
1033,0.017786565934206067,-0.013604558375922693,0.0242507884257509,0.018213462880734426,-0.004530106826689462,0.0024095207960914424,-0.0029992697828862447,-0.003986349350360285,0.009712260420639324,-0.003616567444096006,0.008774331557694382,-0.004828098640831797,0.009062417427516038,0.0019681912036372752,0.02575559699035608,-0.0002740436208318897,0.0010760102324218223,0.006552042126880337,0.0030746448522768334,-0.008811945270309138,-0.001488388951660795
1034,0.05704616113003567,0.008901889347982887,-0.011135468269437752,-0.0009957225943773552,0.00026919202718175936,0.007485599091992015,0.0006560543239783101,0.003984087136537653,0.014861766669924635,0.00589235803058898,0.008773590711543306,0.005950222663999511,0.001142752852078388,0.007324616913267334,0.03393173611938721,-0.0017916370750776878,-0.00488380850657677,0.01690096459244643,0.003785211135694624,0.0035890855444876022,-0.007313683518585776
1043,0.04531641104969083,0.010794973012166338,-0.013085377064567184,0.011302789079983312,0.013568257185098815,0.01629845070049015,-0.013870367278034621,-0.008575397648611158,0.04484334312741566,-0.004517614024299376,0.023302892807877243,-0.0007170466764696926,-0.00886508042427522,-0.015274578286850159,0.03497329265441664,0.0035742224061209526,0.006488542180209151,0.03452559485294018,0.01328798026016699,0.006665709001195523,0.012133647177097941
1061,0.0030232839784252973,-0.0027052378126188616,-0.0022637875613327196,0.03150069263555679,-0.000516251933619003,0.004331079135051255,0.002493336292436652,0.0050478259274126455,0.015817739885513903,0.005896115490593843,-0.0035033509712582146,0.006392743212807659,-0.005542533889971253,0.005043281026860882,0.02537002720815792,0.0030072377848773613,0.0057478388035769965,0.006480107326895563,0.0025926967399900035,0.0009973424305604794,-0.003922927890394021
1073,0.039797036041140356,-0.000948803989327871,-0.032466921033935704,-0.002623646455630251,-0.003261095605538742,0.006716741526169869,-0.021260053270849254,-0.011912000146613764,0.01657246456384172,-0.02052442839797976,0.008257843060707159,-0.009531237446580292,-0.0032034872585819585,0.0006622262510893506,0.03118932703665479,-0.0034867242382483708,0.021013160171294204,0.03892266103665037,0.0051779222084964265,-0.0071026052477895976,0.008328426604839479
1074,-0.01091495977270398,0.017142907519844642,-0.014244647237495656,0.007992048455554368,-0.0029140759706837117,-0.0010579114204514895,9.49578377179705e-05,0.0026756798728325747,0.004846537227508065,0.005383734555519481,0.0022784908455582807,0.0008098732131293218,-0.008773037070678526,0.0022719127391656003,0.011866227787892853,-0.0016739156997505234,-0.01638663457244121,0.0030774677423292475,-0.014581744322522355,0.006424101875318797,-0.0074342376748501235
1079,-0.05944476024393794,-0.03147673822854387,0.022986685782728385,0.01769735526251367,0.007299233455042895,-0.0007642800039124608,0.002998714205231181,0.012015390112628097,-0.011549584099547018,0.005448668332495857,-0.004943550672348351,-2.9298490937037513e-05,0.011108310635096074,-0.0017109341968460966,-0.018100141256195742,-0.0009970586415806793,-0.004033139084104392,-0.010736739858468524,0.0037056347006557645,-0.0001054229479185409,-0.015149466182418792
1084,-0.0013417508922168508,0.0006066562043494628,-0.013179236789843002,-0.031977393045390844,0.010181087977264837,0.0014874626826204462,-0.0017906787648939825,0.022274921444607684,-0.01736456041948088,0.005473217695062828,-0.014351551231904978,0.007192227413083288,0.009749306764396835,-0.002122326887607926,-0.022495889062352604,-0.0011602898277510577,-2.3656877848452494e-05,-0.02343436188712417,0.012965225182843767,-0.0035589665390513402,-0.010560665240088838
1106,-0.0349962726491097,0.011945707937188957,-0.011310061753438277,-0.049005729016365365,0.00886637453727957,-0.007678660005638278,0.025950159489972577,0.02981488545499815,-0.023502779257952112,-0.00366382453792383,-0.03276363133899622,-0.0007896628025847007,0.005577909516894693,-0.009732197375787734,-0.012458801775434267,-0.00133905273656012,-0.01695364627311392,-0.03679938186814951,0.014449396094260578,-0.015901816275170972,0.032270589468257074
1108,0.028557087620447133,-0.0023126964232506,-0.01418796537809385,0.024197087127046758,0.0024828198844659257,0.006614229129333182,-0.0043314339109372215,-0.007334517680488375,0.013649332011530646,5.7341635066734394e-05,0.005550487627970142,-0.0017812557349688519,0.011244726133199663,0.002933331507922787,0.009499285531978216,-0.0013223834735526907,0.012246698487700769,0.014926637185238291,0.0008653195455495677,0.0015688692143839944,0.002227812005831993
1110,-0.0039404043639018485,0.004490081128261636,-0.010553538094667374,0.011730513964057252,-0.001841674510947655,0.003698481477127302,-0.0023344611448374054,-0.0036779935703270894,0.012618730552422335,-0.004857108263902887,0.0057500735999565225,-0.003934032822764095,-0.0020131719379097037,-0.0014749264939143813,0.01342432032819147,-0.0016114604489939665,0.0170954754593609,0.009641395058313833,0.006296938041249689,-0.004812030162214,-0.0048395309599538906
1111,-0.009483814032180647,-0.011576631764669686,-0.014486800810657315,-0.06323106175386328,0.00014978484347381028,-0.0025351975361084557,0.02056277777135534,0.019149429560652038,0.006939036900166968,0.002517786210322868,-0.0027506603950470778,-9.583756490798123e-05,-0.017258618309866164,8.759977390070617e-05,0.01333029418508744,-0.00861272772799282,-0.02144850688454426,-0.008499882142601792,-0.011857624732399898,0.004887284367767677,0.013414592344489051
1113,-0.05201693436457276,-0.006462821967143668,-0.011270704600860881,0.027642513750727744,-0.0014771241251602873,-0.004467012419671051,-0.007843913191618413,-0.011791606820553966,-0.021709021079687148,0.0018303981324078221,-0.007302223352138526,0.004094912546381124,-0.006465328737156142,-0.0029985340656722313,-0.02886396553999333,-0.0018020005649259474,-0.002221875108965037,-0.013909957549882392,-0.010101658402907105,0.0010328345972354213,-0.011587105932005671
1114,-0.06062285035732913,0.00425941375765035,-0.019716430925709575,0.00037819544422603715,-0.00461096597240612,-0.006354407637260806,0.0013825079337220813,0.003739720539726363,-0.00976485045611554,-0.00322954061701239,-0.006923391580126008,2.3778122448447903e-06,-0.005129132575812605,-0.0028289127216629597,-0.023660676226646443,-0.0016947025270633276,-0.0021401668395196792,-0.005464336690643563,-0.01418660736972015,0.0035936703508431833,-0.013016696052749238
1117,-0.049751454710641664,0.010361457766867659,-0.016243859739535082,0.008599042016370788,-0.001458407988162378,-0.007717349970815804,-1.823111889507345e-06,0.005097690806159676,-0.02738278556320225,0.0038186790599661433,0.002221124293429284,0.001574276528599512,0.002264336532755351,-0.0018854648334189505,-0.027454092806606524,-0.001800806232843115,-0.0015891657742176336,-0.007444222111767544,-0.0067688385313390146,0.004234766395191514,-0.010428347648324348
1132,-0.018562097357842047,0.007716898135107612,-0.007576442863648935,0.028076525682344027,5.1425679411636336e-05,-0.0009168560377520407,0.01183590221890654,0.009131367179692802,0.0027989331533353834,0.0073452965645873294,-0.0015838891801763567,0.004939654812174013,-0.005995356972438231,-0.0008585643703580103,-0.03176508728155909,-0.0009733897465366681,0.0056287290413519035,-0.004541578513808986,-0.002543428660774225,0.0060687268992063535,-0.002240434697122282
1137,-0.0646748676041301,-0.010878899848767673,0.02937081942202951,0.023764996645869587,-0.005789391873265117,-0.0034073736426705635,-0.009771878091279405,-0.011421489335759816,-0.004924120666839826,-0.004514891933332308,-0.00525835824438218,-0.003707368742819881,-0.008081761981892442,-0.002853489375584388,-0.03651818379159067,-0.0014581080316042971,-0.0002393643500147391,-0.004126644100474835,-0.01137082720933762,-0.00011511281590969702,-0.011688243556404814
1138,-0.03706585129666138,-0.016144811595848695,-0.015014163108209005,-0.07898122779808517,-0.0028296441242042646,-0.0072546753782916085,0.007333047247443574,0.002658141878494007,-0.0026427166168645046,-0.0018686695332110047,-0.0040519290769987035,0.0008644154227840773,-0.0008116314733479157,-0.0007108179156756478,-0.021842786558937347,-0.0036571140120105383,-0.007181628651722462,-0.029092627870567753,-0.017004499525066025,-0.006841978478785791,0.006986638060772634
1140,-0.027944424705959817,-0.009146016179459765,-0.01012899318762834,0.007516113813145466,-0.005000856428943053,-0.0038528557437518883,-0.010010129160558563,-0.010631084353801157,-0.00031350520266812507,-0.001920301783724767,-0.011354652120884339,-0.0008624513763879804,-0.004924189606794585,-0.00017586354202990152,0.014328543841477881,-0.0025420012150129878,-0.0035275668862897193,-0.0030629764157055206,-0.004614607405391098,-0.003990218476047858,-0.008044770483376169
1142,0.07297513825789338,0.017287696210880766,0.03183025948553365,0.022095687576443767,0.0005815802771834911,0.005608354019435922,0.004366884616756295,-0.00863533121684128,0.01403604888056691,-0.003190385467833465,0.012464195950114458,-0.0043974860856098984,0.0037968289411067246,-0.01375704928189549,0.015737572461146952,0.013850629869834279,0.009071198580535053,0.018569033907633356,0.005867746251640256,-0.019047052119763066,0.018724590862867672
1145,-0.028847944073226016,-0.017769009355157267,-0.01451759420152257,-0.07680019495181568,-0.011208147147153796,-0.0010412208264702371,-0.003931936923989952,-0.01083037973441776,0.0005453417428972784,-0.001552403072693096,-0.0024744413048068737,-0.0008240898760647041,-0.004634592655914958,-0.002639560490729309,0.005888285624857872,-0.00811015817525913,-0.007850169721660336,-0.00017364527847064438,-0.0058041242120489755,-0.0012936688845616119,0.0064294196492187435
1146,-0.03760763261043081,-0.017533168948230867,-0.01450089878024869,-0.08384551297456,-0.007154392106102705,-0.006903916925996611,0.0031431486341449498,-0.004138166038837312,-0.005367671029039229,-0.0004928067615588816,-0.004106724010584912,-0.001997165873596032,-0.005435395098713229,-0.0011098736009751064,-0.01970841739630856,-0.00436157680268991,-0.0030023457427165567,-0.006096615845860924,-0.017218038015968773,0.006662902643142275,0.009501779983657456
1151,0.09912869971957548,0.03135357251431287,0.04613192196383608,0.032286496290790584,0.0032799840004582846,0.013108967582499248,0.00643206217041012,-0.0030785682968766537,0.031747109746293634,-0.00015550927486103206,0.018085011417621217,0.0028861160327599577,0.017555891176569246,0.014926121017953733,0.042762992536180204,0.007043706943633765,0.022348624403065002,0.04792094546283721,0.010854821949114921,-0.006107108145926077,0.029099224112090382
1168,0.0028468668372659068,-0.007301606499210038,-0.009465697272300986,0.02325683163768076,-0.0024890937981882646,-0.0017119836304715363,-0.004637909978499693,-0.008300756449496589,0.0008682068940470345,-0.0024428428814695733,-0.006273506491243097,-0.00011959817783576909,-0.004486973751024265,-0.0026316125741237782,0.023407335798717666,0.005274187007819365,0.004744991870802267,-0.00573237923146678,-0.0017643728261595014,-0.0008321980104261683,-0.00987298714927988
1169,-0.024882287353257482,-0.0022445065009310382,-0.0035718989765859987,0.031600794686238484,5.723517860872107e-05,-0.003834176838435042,-0.006149603453694681,-0.0005192976836434582,-0.018115379397778783,0.004651408211320813,0.00018483231232380604,0.002407372637393337,-0.003473062781577596,-0.001713780785866561,0.014189391732029719,-0.0018755613961729978,0.005509431231185431,0.0015606547279912774,-0.011019622097219895,0.0025635970371175178,-0.007004998247682579
1177,0.03687495963099906,-0.015796583456756254,-0.015246771542771285,-0.009474441246793504,-0.0032638021520557457,0.0034872154973257354,-0.009052827132802293,-0.007569684439957314,0.016446671651993938,-0.006362856185415921,-2.9488219020663564e-05,-0.006797890701947722,-0.015903029162655857,0.0027209114976770366,0.017531354529606916,-0.0023800769633862727,0.003039164364821829,0.013477714426914532,-0.0057401160555292565,0.00018788718712983154,-0.006835402374691739
1178,-0.04927286962320551,0.011016905201159659,-0.014966085616714508,0.008774902714548886,-0.00338452944592575,-0.0054435014391836485,0.0015154226090851352,0.004433980445375596,-0.006181950063571691,0.0036604897515815082,-0.0007564591996288072,0.0016879964438521711,0.00398423815715745,-0.0014701142627546915,-0.02451140158807931,-0.001743606277834715,4.9767987725033436e-05,-0.00472985731348615,-0.0071735328802587615,0.0048348077834697275,-0.009459344349559161
1182,-0.04240204578703697,-0.018138543702227707,-0.012865358113278944,0.018408706533667784,-0.004437576154056728,-0.0055137791512765945,-0.003564677667562819,-0.003619265888155496,-0.0021427636860340727,0.001936710934936343,-0.005608753220814151,0.00039803891246435795,-0.009982603673123834,-0.003506764345916622,-0.05026016694013777,-0.0013754550336102511,-0.0018108090463016425,-0.007630425982260363,-0.005842482993105022,-0.006569192829646795,-0.013610383305848472
1190,0.04644730036685416,0.006375307064220123,0.02579458733807229,0.020148891517795847,0.0013137659144342707,0.005200699565100706,-0.001793755953891889,0.0002849759464135104,0.002129674938869357,-0.0011284872674511349,0.010906574744157922,0.001572019326465295,0.004173789216130359,0.0026277371551219632,0.019035010805425544,-0.0006657098227628921,0.00029886480388228163,0.005186413298764592,0.009137170176981471,-0.0015288257667791072,0.005594171805429937
1197,-0.01932029626880933,-0.008421124888621989,-0.009896539600473488,0.0012592510536876488,-0.007027012895538576,-0.003925432084930094,0.0023452120519402795,-0.0020038113375821353,0.011715094309783467,-0.0023295522709835836,-0.009560993734319255,-0.0031264764951976077,-0.0039514166008686406,-0.0030120915353109012,0.0002905877996846584,-0.002105925429098079,-0.0018234415917680734,0.0020304147902209025,-0.008241922941084284,-0.0038605764143176203,-0.010359859158148766
1204,0.07265819007346465,-0.003405129816773069,-0.029672698543872115,0.03926104249336703,0.012562483648841579,0.006920505170721753,0.011490826419297946,0.02021715066151728,-0.0084656686454926,0.010255216731459314,-0.0043131059040689475,0.009075016865023712,0.012011332920249345,-0.0013216292489113357,-0.014290057234312883,-0.0011416291272348645,0.000900021277835208,-0.011770378904201947,0.01497215947294535,0.0018408945325688818,-0.009157602931382484
1208,-0.02710884959174223,-0.030164200865348222,-0.014681161135375759,-0.08104614842745718,-0.013704324923870104,-0.004950293555681639,-0.002995192127317523,-0.007963525618278027,-0.00021207365375488507,-0.0044864577027937,-0.010945790881732477,-0.009687789680044148,-0.014571023422859639,0.00031537262680274124,0.0028766103512339212,-0.009875608861721048,0.0008956632321411461,0.003312953977913935,-0.014790992374824724,-0.00046735946137630433,-0.00945182946704847
1211,-0.04880932393781848,-0.00643645655425189,-0.007817374607657256,0.02437777931004575,-0.003883820333325616,-0.0016029002047275754,-0.007777280584409709,-0.006760784474575985,-0.003954868428979523,0.004137282463734095,-0.0037878484586474316,0.0026956806556040647,0.0003710914956837996,-0.002914303213612186,-0.03788123129232048,-0.0015671648005331918,0.0005899492911549942,-0.003291685349811928,-0.007473664651007539,0.0027849410577857727,-0.011462943833315649
1220,-0.041727279236147864,0.008465779566344055,0.02616669858912445,0.0031739838577183833,0.0026719989899595476,0.004990910160188378,6.31658135091584e-06,-0.001911703236203266,0.011900161824866586,-0.014846170816717005,0.004156401664045006,-0.00995604284750442,-0.009247659316809802,0.001977036521314517,-0.022309492652668725,-0.0005904836639206223,0.008999791498766,0.0068165545295107675,0.01164124923954887,-0.0066980593019764,0.004049283318440757
1226,-0.05192549400005447,0.006332047047349932,-0.01779768426122814,0.005352486021542689,-0.0006854889412403509,-0.0025215258151973785,0.003386602157559082,0.007936354795364763,-0.009358634176371793,-0.0027394640073214304,0.0005937316917834323,0.0018688856113658404,0.002933189143499817,-0.0017022241101966528,-0.019396070177780587,-0.001931611714048813,-0.003311603022974623,-0.004006883732317306,-0.010205413500377318,0.007934498000972212,-0.01082171941664285
1235,-0.04532094654959565,0.0025152062496667325,-0.01542352691979204,-0.06577015546690773,0.002471385964090871,-0.009933899866672676,-0.005575607535083691,0.0336711045852735,-0.025124656841219915,-0.00013536026493795816,-0.02716532437249157,0.00042624985130686356,0.0028807942599982537,-0.006157418976224846,-0.025686952749199177,-0.001335701179377793,-0.015017409669947029,-0.03722616042106722,0.01192498443912541,-0.013770140910336579,0.022186078148526463
1240,-0.03322618134039516,-0.005334387073266669,-0.01791649560713438,-0.06686928050404987,-0.0015685659801303587,-0.00844816563037341,0.0064968787394971625,0.0013289805782324038,-0.020525191751499108,0.003762466768862964,-0.012772067373334153,0.008173937348600759,0.010593095946892958,0.0004167155566400993,-0.021159533149842105,-0.0014041846880087404,-0.007686701403897018,-0.027383915739710007,0.0034467025162020094,-0.006448785721198646,0.011497293072911247
1249,0.0800215804517552,0.01624936417135757,0.02936502975858275,0.019452470423797195,0.004591514269238246,0.011290433296506705,0.009180879556794537,0.0029774029919900614,0.010128188940356608,0.00015187709465379839,0.014185695128784915,0.0026150483772900655,0.011757581438476591,0.010501322431526319,0.02378215985145829,-0.0004716839257821448,0.015428559528400854,0.01714844329955497,0.01777405871540651,0.005310127298296549,0.01571300864845
1253,-0.012495248268677414,0.00625843352076231,-0.0007156314062387992,0.02165028685713992,-0.0010395263175792023,-0.0034542911868447844,-0.004182711675711061,-0.0028152484849823622,-0.006578590242427822,0.006584048381401431,0.00015116804249259985,0.002770515311061672,-0.002873559487009629,-0.001455059684344633,0.011089419275045885,-0.0014564097954871613,-0.0025490190736525164,0.00652577766622187,-0.0006085047091823981,0.008194911709373968,-0.003030642480288179
1255,0.09044251723263982,0.02190179628671899,0.03122975056178035,0.052358986270364484,0.005047305628532115,0.012001653752280675,0.009725224636509608,0.0039274508749673484,0.025771861009116607,0.0009018467086072234,0.015899015807816566,0.0030619731739281518,0.018543595292035916,0.015155304188346009,0.027159764267035768,-0.0014211167064581787,0.01680136671420968,0.0402668803693507,0.015318106875788686,-0.003811012603654831,0.02454999498118809
1258,-0.010536048943430387,0.018982730329520622,-0.014216870620474538,0.006945693017911481,0.0009817395656466488,-3.619923404329484e-05,0.006184567028742549,0.005926392533750118,0.003609599249551536,0.009354705407938013,0.003952389186364372,0.01264869060666797,-0.007277278052314103,-0.0024591993864021334,0.015614267168831474,-0.0010613330703586144,0.0013873133192299747,0.0007707231128884474,-0.015052326448169425,0.003490324185899567,-0.008087563708354537
1262,-0.009941420946391872,0.017787727501481925,-0.012239246093757856,0.009277022093461937,0.0016412405446328648,0.0007490581955781295,0.005550638845384128,0.0058302911739536965,0.0038164871754199224,0.009115973204200713,0.005157804394281129,0.01213444454492219,-0.0026762242497019883,-0.00012784014249803022,0.01687749024287882,-0.0009134924359454999,-0.0029315186790569215,-0.0024228994156268867,-0.002741198058174632,0.0003229029590460186,-0.00958441956014667
1268,0.09854102375498826,-0.014979925367572661,0.06102587846283313,0.02318609453092648,0.011803227727116622,0.0059366008534027515,0.016767148954355094,0.015271173347429112,-0.007428319390710101,0.01025723653398927,-0.0018519005077422435,0.00866050395453243,0.012118343349075928,-0.0008200918048339645,-0.01075151617105945,-0.0007528623995438011,0.0006005467803865372,-0.006852787838082008,0.013287760281149872,0.0028060853987845746,0.00024056526675224178
1271,0.047680987449255384,0.0005723638745195103,0.02779350928772544,0.030889563621540786,0.0008237076524159193,0.005957907947541514,-0.002795450475890391,-0.0052296392969870455,0.012398584408358601,-0.0017181801166938726,0.0172749263693737,0.0014479055683577257,0.0020929514385190375,0.0037982060177694167,0.004717925933230163,0.0020173160008960167,-0.002921377297697063,0.011297636794568007,0.0020777874316809174,-0.0006656294951235964,0.0067755457722375925
1278,0.024821544571332767,-0.010948531186227229,0.039152350719375874,0.01590238556078475,-0.0040007579290198695,-0.0029017185525262333,-0.0188385809333559,-0.022321632054608073,-0.004029475500008175,-0.01808857140056034,0.0023093669152885353,-0.017785973392618643,-0.007871615592634242,0.0019304271379809279,0.00498285708686069,0.0011524738018965763,-0.00020066414565832246,0.0019042591375097117,0.0051530741728959125,-0.005857900348287899,-0.006192583681776114
1284,0.046346170770777066,-0.0009511529858173163,0.02301605611487105,0.02119293739097145,-0.0012338628526558182,0.0020138521554400766,-0.0025145080670407084,-0.008774040579484393,0.006754085938794674,-0.0043996573343986255,0.014430714907936704,-0.003895092635507069,-0.0012293434521501467,-0.002864288049356389,-0.004291740617662754,0.0007229862609960946,-0.00034596953499374197,0.00748542034641332,0.0057268592381123536,-0.006038399732221933,-0.001979626604125997
1296,-0.011410395812823708,-0.03549308045282004,-0.015011785894436115,-0.086187209020909,-0.016152196928251216,-0.0015755565731538467,-0.003796513792840983,-0.007746888926560303,-0.00014607179641444644,-0.0038400723504963706,-0.0032240810116235252,-0.004031634459572046,-0.0016104426515789782,-0.0027804074150856195,-0.003668643078422065,-0.007691154575215933,-0.006275254466082174,0.004403992541420792,-0.007675347045222338,-0.0023244409737364436,-0.010107357551186169
1309,0.009466134264244773,-0.01806925115069589,-0.017875147095905958,0.03322457846204202,-0.003761234691722564,0.004777425411359673,-0.00730974324360318,-0.008132347475964252,0.006655737630495651,-0.001123246136488092,0.0009231740393920518,-0.0039176701001031235,0.010988182762934855,-0.002501543662393999,6.612201701670983e-05,-0.0016593443255851525,0.00703840155932653,0.0020060411348572418,-0.005037984858729487,0.002166121688283056,-0.005503337094977496
1310,-0.0026011250276650345,0.0025474381738285956,-0.003284545680199926,0.03406631170504397,-0.0032488484687260666,0.0008234751927511752,0.004925180980559957,0.007675796201264688,0.008630233020078891,0.004618365174117685,-0.002132844456435805,0.0036183228698911307,0.0018266026509598987,-0.0034718631208130544,0.023701384136107322,-0.0009626914413854592,-0.006820946685442664,0.004639242278400389,-0.0004602816288189615,0.0029768321888366243,0.0012117550122104604
1317,-0.005990707244156965,-0.0207978321331791,0.03031355785795313,0.02818050024194406,-0.007308143126968503,-0.0061048566899467,-0.006632253504646996,-0.012774521828991681,-0.025626345099231573,-0.0026030601877050684,-0.005778916369833951,-0.009344456554247245,-0.006925104969056974,-0.0009403736925560224,0.013606918251357457,-0.0010027649223934532,-0.004677208584816413,-0.011859747148944279,-0.007980353121662348,-0.00019923992021915636,-0.010461637119763055
1320,0.04183957199329967,-0.023586013071122805,-0.017345022060731026,-0.05122286261491354,-0.009987951820046703,0.0010229659479284693,0.0023866669549551032,-0.003051893287642997,0.019386359366613704,-0.014585928583976795,0.0027691307911908323,-0.011721234740046214,-0.0007498888397338987,-0.0013056430535834807,-0.002119238847556062,-0.003426133398576212,-0.017842595374285678,0.01504810223660229,-0.007752345750097618,-0.01670551841702604,-0.003019934204935453
1328,-0.04136581849088458,-0.015588807451109403,-0.019616627773190773,-0.08001099254345746,-0.00400411793520675,-0.017183104400628507,0.0028905591137097985,-0.003595732677266028,-0.027169739000119365,-0.002654829801031724,-0.012673732301246332,-0.0039331631830899026,0.000953858162773713,-0.0008760428584551506,-0.02491556950409148,-0.002052323144865227,-0.01565914608780645,-0.03892572327237872,-0.002996221825195562,-0.0039244833186668875,0.0074846641038476495
1334,0.08504613215866015,0.01685355389898916,0.055239928209505254,0.024706979126605688,-0.0009695798876586536,0.012902343157053622,0.00719891582126337,-0.00621095295789587,0.024108241953513812,-0.0030459882565472187,0.021034985471574147,-0.00036263122248129774,0.015161880471692797,0.018842268583768487,0.027331015456482817,-0.0008927662380847323,0.021228751619321144,0.034423317408299285,0.012456273372912819,-0.006538420699580456,0.018572414313417197
1339,-0.018047730170320905,0.0019651130846568775,-0.001655803165568841,0.02996408366455057,0.00541180951105332,-0.0017720533355384304,0.013783797258435015,0.013102956376340558,0.00855535353021736,0.007987925116093492,0.00386853929143399,0.01139845828284308,-0.0008595761440921023,-0.0021021936578011946,0.018736065338805757,-0.0009348103338948022,-0.0013705926171002148,0.004938311450020763,0.000941464767286675,0.010332467093343211,-0.0026378273426007582
1345,-0.047373673024460175,0.010762265573865478,-0.015802007861956326,0.00998269122171081,0.0011574131547649814,0.0002340974926480044,0.002765642729161755,0.005618010780949021,-0.005834358237808744,0.007858387597642603,-0.0011800713605362035,0.005043253384333184,0.009859077833139907,-0.002213422770750526,-0.02408105718815051,-0.002083731884270037,-0.008215210183730335,-0.005247574092307445,-0.007098099036689547,0.009540511846116715,-0.010938434898845913
1347,0.05057667905659059,0.002132349373856073,0.02853502895505727,0.020163815347550552,0.003085258977328067,0.005989596535362978,0.004111177405702904,0.0003217597427132546,0.00802232351952739,0.0015057872700720053,0.011648269134310852,0.0019517239406874865,0.0019437451639682025,-0.0014080345424522989,0.023096011789128568,-0.0004704555291300494,0.005950793089194519,0.00390000532845761,0.008263366230944058,0.001434075530238772,0.004453567468833058
1361,0.06105991258901156,0.011124272254543257,-0.03230355190998807,0.013402813226568071,0.0028620558203107296,0.010650061578699877,-0.006382278769194442,-0.020905726124832144,0.02128857818884313,-0.009054904555329984,0.008159935639744731,-0.005062943582495621,0.004427502037871136,0.007939519962722557,0.014282931888355109,-0.0020184180825322073,0.011141182224380373,0.01646580513401659,0.0112582241824326,0.000701253590821409,0.01577837366096901
1366,0.01956571234241892,0.044433650343143824,-0.006070985133457611,-0.04012151532498308,0.04246707147642468,0.020645596957845385,0.004874798575688715,0.0476598595760612,-0.010379780296840977,0.01722808706735151,-0.014740433945464702,0.019886226018931266,0.026046906293374833,-5.25571432194738e-05,-0.015328584679859602,-0.0009804145170392077,0.030173535102404968,-0.01490810466606149,0.040895358927638625,0.0025855540711003755,0.05694467057006534
1378,-0.045787897914806024,0.010777964333030639,-0.01692614714432807,0.00712692926606195,-0.003317960306645489,-0.004810389033729905,-0.0057150328626426015,0.0033376856815306153,6.929211348506214e-05,0.004037652436295502,-0.0005220502554084305,-0.0031689007034015047,-0.010832973920124403,-0.0015655536213330379,-0.03315303216013803,-0.002031602904878582,-0.01575553260565158,-0.005453596166940997,-0.0065669282186138385,0.005409192543733638,-0.011245966703921226
1379,-0.026009191600723795,0.007243995655886976,-0.002517107205397906,0.012316149348016267,0.001693661078595028,-0.0033055881223390316,0.013708989921616422,0.012244222874024331,-0.000782535502113717,0.011428895804704665,0.00014499898674330325,0.010622297589177378,-0.0030130546868014107,-0.002274183539908563,0.013025492818659074,-0.0014347233327589492,-0.002189403567958266,0.006704233653367453,-0.016033500004598408,0.008132195614468287,-0.0010205814659934732
1385,0.024152225028850297,-0.017986178432725524,0.03257366023980012,0.03807840562071874,-0.0022856387667846436,0.0012946422744238362,-0.0050289358825216365,-0.00188196407763229,0.005230629285950954,-0.00204661062345167,0.001476460896896583,-0.0012308139244649396,0.005912266055873658,-0.00026042846021624656,0.013901540669471047,-0.0010640109182986635,0.0025997390134554622,0.006577579537755582,-0.006026879466478476,0.005419427879934347,-0.004882324350665499
1391,-0.029257795508341927,-0.005904048524719201,-0.008554622787002017,0.00708182802021156,-0.005326123992279292,-0.0020707854349745957,-0.008001378672657893,-0.008830223371493844,-0.0005400562922358176,-0.00252880311562933,-0.01052329283536892,-0.00039828557099781393,-0.005008678074410966,-0.002931507595320113,0.013477382509316271,-0.0022007352132277446,-0.003208464751516544,0.001030014049433703,-0.00495069816414798,-0.0050310087681225465,-0.013797181057657325
1393,-0.04727330814306043,0.013189942907796137,-0.013234656031783061,0.007320529581836297,0.0006161402461839316,-0.003813876243597463,0.003723687112005791,0.00668370874276718,-0.0013044082324826433,0.0048552973278151515,0.00438518379500465,0.001036673684239986,0.002852279720273998,-0.0010141879077946213,-0.026296984436139894,-0.0017468425430683964,0.0031625272795528757,-0.0037736534268827883,-0.004861318473250691,0.005128532288301813,-0.008186343198756845
1417,0.05849289719144764,-0.002223717337742528,-0.013569946531795267,0.024186312562723914,0.00020657062016908866,0.008309946055462376,-0.006150439589346206,-0.00869983523131225,0.00524337628285366,0.0006218863626614279,0.0043457197791337875,0.0003773801110992281,0.006776789544516362,0.006216588246911101,0.008449453605028906,-0.001450905636194193,0.013397866992742138,0.010118557617893771,-0.005717064793947486,0.0033277877291754978,-0.0020271432453807846
1421,0.001283824889682137,-0.025290426473778497,-0.016257874616017035,-0.0837567945281097,-0.012597833727544128,-0.0057331490346282975,-0.002299610295393677,-0.009542249422228224,0.0012351462478744678,-0.004122666041241701,-0.002083439704188095,-0.00535229493704719,-0.007474192968258535,-0.0019798134348388884,0.010130667616967912,-0.006048476713154969,-0.007812613861257206,-0.0030375381937864177,-0.012029986956422932,0.002469745487288719,-0.0026962309169869057
1424,-0.002476186837800469,0.009245049557041512,-0.020542679287297007,-0.036033689369161265,-0.004009689803127685,-0.00352643464530388,0.005572300895195781,0.00520189467017417,0.0020943926899619214,-0.0006800594226359636,-0.002683227223224094,-0.0024655745280631435,-0.006314748802307122,-0.002795481361165457,0.01819297751969657,-0.001808187426194081,-0.001756409505346994,0.008667283573118141,-0.008721748262021265,-9.795189096905687e-05,0.03520592059429248
1435,-0.034055465856511945,-0.005716286990586639,-0.015708531453328192,-0.06717043626155857,-0.0004471098137832996,-0.009235463442919638,0.006752100236324452,0.0008679299902269122,-0.0209547681547528,0.0036838566595906743,-0.01068499377614387,0.007180159142259584,0.01280554368092055,0.0008528896357947246,-0.019627061097020827,-0.0015676541600538486,-0.007939448528762227,-0.029411126830883063,0.004501364436704449,-0.007471025899057508,0.012160394144074757
1436,-0.05166094535813812,0.008662610589821327,-0.015326821319754913,-0.0523558747868853,-0.0012822767351917718,-0.011681682712242463,0.02326774384512049,0.021154720236147,-0.0008770362258482578,0.0028832111697391838,-0.0019967366990755408,0.0003731454506953469,-0.003170538839606536,0.002879794292448139,-0.021316461950987672,-0.002860443264600576,-0.003575252014495618,-0.01001517736658883,0.019394224044133494,-0.002987517354195006,0.03032155732161584
1457,0.061645301537254796,0.0015622747294355577,0.037914691796190995,0.015706323719578565,0.0066766552364703104,0.001232782259501448,-0.011941652860474222,-0.00408881632745306,0.0002907729278550164,-0.005718436237975766,0.009310162652876385,-0.005383116810692456,0.001537157877452131,0.0024682796726435184,0.012191788416649274,-0.0007180072886444577,0.0019936799803187454,-0.0022464728976433436,0.012511027359885105,-0.0002170402972814145,0.01422237763706562
1458,-0.0055999424615706065,-0.009379891122645746,0.02093878952340333,0.010710558854700594,-0.0024792701411516303,0.005165640614180802,-0.004248408973513449,-0.00622268506888048,0.006585375998953964,-0.002552667473993324,0.0036381894603948694,-0.0006184512014684174,-0.0018010218457109772,-0.004057133071939063,-0.004558495441726791,-0.0010807247452135015,0.008306381652251673,0.002392189353038248,0.00345791653812654,-0.009165487697194408,-0.01178074787747562
1460,0.036980061932407014,-0.005554531539397658,0.019312463132475557,0.021202304111556033,-0.0037165397385612664,0.0010016791923737856,-0.002539605524391675,-0.007163369584572763,0.006130696362866104,0.0014458397320106541,0.0039242838473415986,0.0004984534835747922,-0.01069745048133882,-0.002504619299070896,0.005766472212766303,0.004072069355000849,-0.004190720733091667,0.00011966652210048778,0.007088401747535471,-0.00893012129210831,-0.0010553159517832
1468,-0.009875598846733738,-0.030553345450703092,-0.01828634603264618,-0.057780387668584295,-0.011764096052652917,-0.001797305006072918,-0.0013541062459421483,-0.00472538939649013,0.003569996773570665,-0.0012061137968311186,0.008861549380786187,0.0014659739448188702,-0.0033824231198337886,-0.0013348772870745052,0.0013449288913284362,-0.0037369097711643915,-0.012500070797883041,-0.0034670864069136086,-0.002507014445807556,-0.00957027169387743,-0.016540328549207287
1471,0.08862204109584468,0.02439598122116479,0.029945186757653345,0.03242192346005794,0.003222461818452018,0.013098638176342376,0.007409033258407191,-0.0021947978763179775,0.0205910929806322,0.0022568427522686816,0.015995731849668574,0.003583386220256273,0.016142508183331898,0.0066356474588246785,0.04315189582063311,-0.002684954530535606,0.014219798997130226,0.040169743238878654,0.012278315621998673,-0.002184553124341164,0.03061946551345727
1477,0.01706600089783734,5.089914909262916e-05,0.04356419854010483,0.025777351984407913,0.00047245930019329307,0.003864956343177255,0.0025340528639085846,-0.0020819976320225917,0.0060500847732447485,0.001358657662008227,0.0007665634595090864,0.0018505523208068554,0.003924747639251791,-0.0015224706032105927,0.007642461723743281,-3.389641381090769e-05,0.0090002322589973,0.004184679539370677,-0.0007642653415717859,0.0069169483940908095,0.005859774923999908
1480,-0.04459970143439051,0.01714304463232537,-0.01374456288108604,0.004421330989765409,-0.00445685986278761,-0.004660563041415173,0.004448008561937513,0.0035427843373554424,-0.008572717599387403,0.0027927825222894853,-0.0028555394136685662,-0.00048736069662140834,0.007392899552134224,-0.001837816571439248,0.003144929889804473,-0.0018115092369589546,-0.006040368086858052,-0.0067050687233140135,-0.012255029525407081,0.002529243804922885,-0.007935615238911281
1481,0.058391144906281056,-0.006695826833750402,0.049786852749545286,0.01858893404505352,0.003162745277382726,-0.0015502954946444447,-0.018790740929421474,-0.015449297737785344,-0.0014861165006459487,-0.009011983856848928,0.007988652304032656,-0.00889355819627923,0.0037514476234200345,-0.006972984716195185,0.016825293725299558,-0.0009206004483212382,0.0022388675131995227,-0.003745707738440274,0.0048899407841686586,2.457371677650144e-05,0.004814139299497242
1487,-0.03941406517371064,-0.002235693851975782,-0.012582358105588014,-0.05839561402514704,-0.004512377936887333,-0.013414538801245044,0.013919955867793021,0.012205741688035232,-0.008589939479198562,-0.004624094061007326,-0.02539823098317413,-0.00980950899475772,-0.006944920311159706,0.0007950081132290166,-0.020064563652901483,-0.0025846903394750598,-0.011179072378500337,-0.010865433733857515,0.004316658888122191,-0.004287542481640685,0.02031664221384119
1489,-0.04946162831152265,0.013112055776246336,-0.0199691898404285,-0.052047204155517474,-0.0057618811253533405,-0.012889899204265304,0.00494264705096441,0.00019743307955252476,-0.0358753062330905,-0.0015274266961637294,-0.0039763966578561846,-0.0009096532327447449,-0.001853926422276544,-0.0014792249187684091,-0.0349534944155377,-0.0015553852110485877,-0.005753776579051077,-0.03258129506711953,-0.010155334162389238,-0.00069710373611656,-0.005382445083777725
1491,-0.01857406270789312,0.015813448783490856,-0.014035289327719056,0.005062904016040193,-0.0017222201314240238,0.00015292582562693725,-0.004121427175930421,0.001408825935051823,0.0011154145763234168,0.0033380202719644103,0.0007518838330122435,0.0013727625680030541,-0.00905458907839801,-0.002603493615646926,0.00693965598300224,-0.001745919197155672,-0.01605308393476747,0.0012210745351174522,-0.013966522328461508,0.004073614952839648,-0.009085261022455028
1497,0.06077853400151184,0.0015813857460091185,-0.012054035450078118,0.032227572657710084,-0.0004947793513377974,-0.0013805565321740687,0.0014363279212710723,-0.004416326876219045,-0.005655586534952306,0.003355645255348918,-0.00429055516508356,0.0028706748594925103,0.0005703078937528971,0.006143053384547557,0.040911795725283466,0.014212832549100085,0.007868030295978769,0.019376095618721365,-0.0015899063730569196,0.0004880712196455761,-0.0050585444814612406
1501,0.02317505498717395,-0.01717840874228443,0.019806547889880902,0.028151975678474626,-0.0025121955401982633,0.0024032954002757376,0.0033808380231914723,1.940991110387813e-05,0.011965558634206558,-0.001848534696543993,0.005648639712636055,0.0010499780737686136,0.00904177496975649,0.0008813526670857641,0.004688325499032544,-0.0004540063813828965,-0.0018546001207357676,0.009982079297410565,0.0005963123142913673,-0.007580617787328378,-0.003631615927320695
1505,-0.05018177136235124,-0.010143180516573693,-0.007136243952693348,0.02699505645613158,-0.003672224993858322,0.0005058026461244935,0.012670928925202248,0.010636050968177529,0.0078039293598044426,0.003766382837987976,-0.00547456642504244,0.00464473162437173,-0.010077240095707794,-0.0035720245197336455,-0.03341208368114394,-0.0017168503349807907,-0.006471590612189288,0.0032020656025881066,-0.006648812493122591,-0.004158434638277413,-0.006497456368848588
1519,-0.01868197813155177,0.01141888700850501,-0.012292542162645076,-0.004068745652252801,-0.002887924928676,-0.0020710756071684955,0.0007363692635306052,0.002395325484409909,-0.00042600162298612077,-0.0023256331598503267,-0.010969254309894722,-0.00043117991605470254,-0.005044572962521841,-0.002820986705002042,0.01215189612331244,-0.0020808036699065725,-0.009225027470478722,-0.00622430410259426,-0.0036259204241946463,-0.00807976151404432,-0.012050716645634339
1527,0.03446801927998194,0.0058186757491847626,0.02547758652551238,-0.008043052394075972,0.0035254834073930397,0.008822590216315974,0.006458194994815187,-0.003310390466092201,0.008996918369137746,0.0008755469987482912,0.014564911890963117,-0.0034345908664937495,-0.004347959110926638,-0.0017723366524015204,0.016554027546423527,-0.0011956808963827824,0.0028748332226081175,0.006854792216396959,0.012066173140112112,0.0007511973380260883,0.011414998615701394
1530,0.06482047733349873,-0.013564276124292292,-0.013925340654133152,0.030783427040462642,-0.0037932233477167188,0.002416182410598253,-0.0007178380262223527,0.001806365967182728,0.01601412634721214,-0.0024466747799726817,0.004088963607811138,-0.0017773137436802244,0.00980360567384963,0.0002909109311690372,-0.03440619041668356,0.0020664013695079575,-0.010013674272154844,0.01808044310394223,-0.004490776036844863,0.008098617260428966,-0.004258707106321822
1531,0.07880856434228861,0.022814134480048553,-0.022605505504407118,0.041097848967615674,0.01016602207477959,0.014467427939583217,0.005069583238600046,0.004354814583775806,0.036774573121046504,0.007979163058164573,0.015880357421619352,0.009064658837486092,0.015641060376742642,0.012155821600312039,0.04281240545232407,0.0027513762689579833,0.020401968940291795,0.03525807806693024,0.015204688059973819,0.007628396378622426,0.031721976842213166
1539,0.042178881856306416,-0.0034655150992352903,-0.014207311977478411,0.014390718746804794,0.00026402016652923524,0.0006845303676973912,-0.008971852103553602,-0.010662557703622894,0.01555218754056071,-0.01194491801173939,0.008519798890883407,-0.01091107439062597,-0.0015891912754517534,0.007114180311439213,0.022643430227127795,-0.0006900462076873736,0.00039528483610013154,0.012213090426738517,0.004901249438594419,-0.0026075378134135007,-0.008912375186071131
1540,-0.03904129569733641,-0.0048959970987539235,-0.010407450147883992,0.016469149068273056,-0.007550206137169653,-0.0021182785090491053,-0.012749893498850043,-0.011890912026665888,-0.0006924939488112614,-0.00749836029676942,-0.007306254675926311,-0.006378316130234794,-0.00823817398047737,-0.003548428217980586,-0.04560324291032998,-0.0014522181576671755,-0.008108925696787991,-0.00896306285750427,-0.00413500028790395,-0.004284687868132551,-0.011418076373539634
1543,0.0042173812591613565,-0.006039912587147001,-0.007403330071485925,-0.0033210255160804536,-0.0039451561702827575,-0.0029764477944894453,0.004961097936780448,0.005683387663251267,0.011870936745509653,0.003417034711291933,-0.003987839143316023,0.003345001895455084,-0.004900515234525642,0.006492093115489297,0.007384896201965034,0.006850575878168001,-0.001074168095314576,0.00120884145223215,-0.003442782248541505,0.0031389826212409842,-0.008051238158868728
1544,-0.03798737291056966,-0.02939429077810445,-0.018487216448836535,-0.08369121052691327,-0.013980977669991148,-0.007678818692513971,-0.0001066749453303828,-0.007316466050564258,-0.0005370370295827342,-0.0011644067571336336,-0.007454470970526188,-0.005765944012352975,-0.014305981766343621,0.0010936142945521966,-0.022254603511646563,-0.00832031032562611,-0.013996838547250263,-0.0021867037750104147,-0.012901846695485233,-0.0025516472491614196,2.6932027297448257e-05
1552,0.07624265350657311,0.01786814480284761,0.05789165138153777,0.016628391848691422,0.0018259310987599519,0.007458947652706058,-0.02388161569244488,-0.009009725984746808,0.026878009748425028,-0.006335272426922245,0.01295711550088015,-0.0039884765869121,0.007765111842993946,0.006945045588657308,0.01423357269299089,0.018811341389942414,0.01804804084407607,0.014058008250373177,0.008871554472505068,-0.009169388901908064,0.01750643682814825
1555,0.03769152208114321,-0.013600490364683537,-0.013705553794812886,0.029592624764026142,-0.001828606087843241,0.0008780889374671119,-0.009179355301495207,-0.008348839957334065,0.01668682772224457,-0.012376526533751929,0.004914900950258812,-0.009677483829915162,-0.0013270531492662486,0.0030578031456278154,0.03078955088567767,-0.0004359167382813212,0.008087315305127163,0.017650287193719125,0.003131705064568422,-0.007711925523908576,-0.005139617685850908
1556,0.016129556939699512,0.00737358599394554,-0.01667196230193781,-0.02022033840341976,0.008154637687634364,0.007266065335044516,-0.002214216409331584,-0.006351552707201904,-0.011574921238881472,0.004403375667415617,0.011593766556949277,-0.0023412425547499538,0.0014056933949211725,-0.0015203361073938026,0.007832552125585153,-0.0011146349892669604,0.0040309257296982535,-0.001846396634255143,-0.0044238065105810164,-0.00030321791108292476,0.004384772364909964
1561,-0.05119500341401391,0.005799042450377954,-0.016016542290361712,-0.0015783684071814718,0.00041876983406609726,-0.013837247224730618,-0.002852210731189757,0.006588611280117789,-0.005432667647660452,0.0003138354974481672,-0.004760030193736782,-0.003078016900276168,0.0007322735194225061,-7.115465471656535e-06,-0.032034704650223775,-0.0017142746842102952,-0.015007200678491301,-0.014480103461764031,-0.003957030643492061,-0.0015537561742824835,-0.013960748901275223
1565,-0.03840046948150274,-0.018449342815345916,-0.0162864817339954,-0.08152722192731772,-0.004641678880718416,-0.01591745664561472,0.004968652432618512,0.00012278221847623173,-0.02335048216932421,-0.00526187329226957,-0.010301299796930721,-0.005186808026986682,-0.004349260238423653,-0.00021549050405297976,-0.0230394406116406,-0.00274717040104008,-0.009258560854818257,-0.03332568882746841,-0.0005026072651696722,-0.008644598987553423,0.006430359594531297
1573,0.04633351311199192,0.0028873578571955247,0.012155569582621695,0.02379608054345084,0.0034857026086677935,0.008763410444017551,0.004246652774276356,0.001357365623986766,0.015444067216279792,-6.535161427265735e-05,0.014020985493875742,0.004542276174064739,0.003980564234867074,-0.0012998219452953208,0.021711984081601656,-0.0001608840892436092,0.011408854110351,0.018401342557640987,0.01699788181276645,0.0002911092371562063,0.010337984847549251
1587,-0.03035851216466938,-0.01683890126930578,-0.01946204494109452,0.021104385561945948,-0.005044369735991268,-0.0017757541238415796,-0.009096876100720692,-0.0082560142825389,-0.0002787805862010373,-0.004002737660175057,-0.008046512123236198,-0.001644156106626724,-0.0061982175753016126,-0.0037608083263458523,-0.05068387017325108,-0.0014283355420343469,-0.006624269452337898,-0.008527913045246577,-0.005440389241820185,-0.004585579210682909,-0.011088486330753539
1588,0.0338560840892464,-0.011381870814401509,-0.012417039499233624,0.04433667033235025,-0.0021864572208056643,0.0043901281281975455,0.005008909061066333,0.003400293620546222,0.011028715685538941,-0.0016275320391650895,0.003910747605224287,0.001154685692368389,0.010760182876475143,0.008114892577919476,0.007807300412842437,-0.0014896079842480958,-0.01464952163758312,0.008567372741856616,-0.007658383108928319,0.005355157853150558,0.002402018362669196
1593,0.008779523609782701,-0.008769715542734957,-0.014031021304141404,0.0011826206203431867,-0.005671156200418181,-0.0032412223766573336,-0.00684233682822537,-0.011027570240445926,-0.004381599580673879,-0.00011515166882929861,-0.012764462011809884,-0.0007233154514426587,-0.003034095869434168,-0.0011615657404905732,0.012151064147292914,-0.0021623913692508266,-0.003448837008949113,-0.005706360600510152,-0.006527732996864302,0.0007297734698533987,-0.004926515476705617
1600,0.05378494777051202,0.008285378926768772,0.04084154181836198,0.037102280727191614,0.002900269387007768,0.00692264055921072,-0.00023394998467409777,-0.005329234007423338,0.01102090528955813,0.0002145218225439294,0.014572868587228527,0.004743884062551729,0.005207873012516586,-0.0010548345658321523,0.018537740449633303,-0.0009657786330058115,0.0040079121427797305,0.012804171207711192,0.016121663747216672,-0.000521820771523096,0.012892810432350075
1610,0.008021053879012925,0.005465908259852767,-0.01889725645522958,-0.0014617900317983868,-0.006419594009021523,0.00046273352578737106,-0.001684416211453481,-0.0016496803987416798,0.013180795860910451,-0.0066349593718868505,0.0034900783559714908,-0.0018591218160918287,-9.866055159136521e-05,-0.003848491908137248,-0.0243527601447596,0.0008512355079972167,-0.019990850778679032,0.011171339198471629,0.002165008120363439,-0.008201743652135178,-0.005608162828566492
1611,-0.03428985891484416,0.0175143151739465,-0.014144903307267214,-0.047258868658312,0.009329510851104032,-0.011240305715263332,0.03265356945405614,0.03268543625126767,-0.015144575602247698,0.004681401070077982,-0.018442592836279345,0.0037603232437407996,0.0358340024980464,0.0039909761684637605,-0.020511152797132014,-0.00148301938885254,-0.01924889692247632,-0.012081807625284853,0.019489954502096653,0.003382867758359964,0.03171274629145216
1618,0.06196591245945115,0.029921216251408395,-0.013401023145220278,0.006299471630379116,0.020939070154367558,0.019274659545304475,-0.0006052917357962428,-0.0036662432643072406,0.033205470897489986,0.0022493184090468786,0.026772747039128717,0.0050890984620420455,0.010322215651343072,0.018678742733328875,0.002555044350997946,-0.002522221102697131,0.016525701349412714,0.04023901568996763,0.02079314771739476,0.008670575961438089,0.020766065266393526
1619,-0.04709105010316847,0.012999940938721864,-0.013506015337407007,-0.00317359450773921,-0.000538630476962112,0.0012936056840626975,0.00046768612710934576,0.002353341908993798,0.0028523416338330776,0.004558951718600497,-0.0012479299925428223,0.0033040914856042034,0.00479323104562269,-0.0026093102124144707,0.00659149437110841,-0.0017133151850339345,-0.008221143157372523,-0.0002471494132399243,-0.012203777864940264,0.0014998682039123424,-0.010146469763762411
1627,0.09072942219382242,0.016841223204145876,0.022445154806490564,0.02947528971528868,0.0029809132134877812,0.009118206342353687,0.0034612078676278203,0.0013408940651325452,0.008091913803909563,0.0010414362661506972,0.008329941947427527,-0.0003741662783701827,0.007460302432248937,0.01144310759972143,0.025918335714765987,0.007799351232514482,0.012798102897758384,0.014718424219975362,0.016312823617618905,0.00030978671848458817,0.016013959410890947
1641,-0.015817068494994826,0.018164287551985864,-0.01703345687071419,-0.052793536517752385,0.012358635707879557,0.003573659989732221,0.00016843274937855312,0.023941864973302814,-0.018125907171665574,0.009881771493153052,-0.014201187471184085,0.0076471445827468185,0.012980733114005005,-0.0021942226173740664,-0.021964335047740348,-0.0011881113349477346,0.0014280161311484108,-0.021950556680333192,0.015134116145906944,-0.0011817114336965062,-0.0025927721485243184
1642,-0.043733607666005696,-0.011668982024054912,-0.012702149255624136,0.018507411580181952,-0.00801565257249507,-0.00021775783779276025,-0.003199304338336333,-0.0018637111452744649,0.0009733511200374778,-0.004483990341397543,-0.008605828513913139,-0.000668687615568615,-0.007584529287845214,-0.004758060159719264,-0.04469632044738432,-0.0016045825714513739,0.0017313443253448213,0.004403993732856861,-0.005753577101157817,-0.005446459831036918,-0.0036266538266124825
1644,0.029313844996015633,-0.005202871477504232,-0.027340707672337886,0.01570018052925491,-0.004026616233794868,-0.000696590202963705,-0.014122416633014154,-0.021222142337180686,-0.0007113262372894269,-0.023288056508525584,0.007173523875432579,-0.014464367791329948,-0.0037965573610546244,0.0029539607985202567,0.024257564346844448,-0.0004158235236491237,0.010276733501556804,-0.004239346562887931,0.0018525328734956758,-0.004989247017384742,-0.0008248546738934692
1657,-0.04192175786942727,-0.0076825077986549676,-0.012150930571364143,-0.05624950511731953,0.006138737958212914,-0.005342908718896524,0.02547534230785402,0.02741607731408408,0.0016657729588681037,0.003339945114880152,-0.0022122953941570243,0.005999375392580646,-0.011225833920990738,-0.0019911266125558313,-0.023291111194809276,-0.0077020774676572045,-0.025251400946467016,0.0031641609936025362,-0.007082386097416702,0.007962067301704678,0.02401246541724845
1662,-0.04655913661094985,-0.01019596760442596,-0.0027389196625119895,-0.0003133489135100831,-0.007808553920060319,-0.006145432168721072,-0.005445156379702212,-0.005879965354240823,0.005262587134745331,-0.005821855086489052,-0.01002555785111781,-0.003690536769543371,-0.005397132446932176,-0.0026992172308780483,0.004350162236786446,-0.002072035214330299,-0.00353764501078615,0.0031922304157455984,-0.010720586403620587,0.00011467081773616883,-0.006991439794131793
1667,0.043490791927706024,0.00993243702289817,0.03589506626865074,0.007575902277255295,-0.006877954733776051,-0.0012844920391464143,-0.03703882740264163,-0.028062906859917688,-0.004246572148647374,-0.027942948447340826,0.004084947168212807,-0.019342121488969896,-0.010235181016222868,0.002451190340953531,0.004178474504311396,-0.004026570853625344,0.008920284221544818,0.0029663615076128734,-0.0021338494120216466,-0.028090375660391374,-0.003774320400493707
1676,-0.04171897374794696,-0.028559782965599537,-0.010012329091629794,0.03587753084144936,0.006427515334159466,0.0018918986078551826,0.006868401692244106,0.017201493010230138,-0.010290121468983386,0.005389207284831059,-0.004194487800588718,0.0014871666922533677,0.01643415493547735,-0.0012454677104503276,-0.02007531719959502,-0.0009231756555186621,-0.00038658734979748035,-0.0102596631712629,0.007848389123195148,-0.0008970690389078584,-0.021638538064162275
1682,-0.011900266252375787,0.011036234873480454,-0.005903328754883432,0.020756997483907753,0.0007621247347356075,-0.00037174185292883523,0.010526254926010097,0.005695723689767078,0.005809781403427792,0.00738160517088204,-0.0010675276368772302,0.004832932238056742,-0.0036716505877984673,-0.0005332010413911803,0.017176423664564594,-0.0010297260828292564,0.006657338713435479,-0.00237047254115339,0.001971237889043209,0.005892324400848565,0.0022700605453621846
1691,-0.00393377360588886,-0.00841404641921713,-0.02873957955389642,0.01653019365596009,-0.004530464219457713,0.0036305963223287564,-0.011793914270258199,-0.012032606217290435,-0.002831924859709147,-0.003781566604355362,0.0004799514223702772,-0.0076988676423886205,-0.000513755134812186,-0.0042222557206534365,0.011919395100369457,-0.0006721224716829965,0.005479334616314304,-0.004600684748943422,0.0011920794509157418,-0.005228946535440855,0.0029698388275903654
1701,-0.02639151879628571,-0.013755289914938658,-0.006388551780675016,0.017954897755072353,0.001043019970206842,-0.005119311354854403,-0.008827351821153684,-0.01114156355583475,-0.019970021276458,0.0024837277998892657,-0.0011018989651893206,0.0017248406425875373,-0.003473098995219175,-0.0019626668162266016,0.0031901814564398025,-0.0019015318874949117,0.0034620810378197574,-0.008761934972502558,-0.004508201695911112,0.004304697227949248,-0.016818911052056365
1709,-0.04604146898333823,0.013395823899473669,-0.014582405939980845,0.007179435753577934,-0.0010365611793136508,0.0011135947621787067,-0.0018783426522952595,0.0030511996642758276,0.0013963157718200137,0.008742876719580864,0.0021241529731344144,0.0026149055545323565,0.006886517330982826,-0.0014935291554405694,-0.02772385685586187,-0.0016379223479975735,-0.007456682342991882,-0.0007076003185625268,-0.006898899488220138,0.005412165013589742,-0.00965315783270853
1712,-0.03867768955038571,-0.02320993477428715,-0.014708219290332636,0.028136933715583155,-0.00750189786335568,-0.0025084577943709973,-0.0108810994184023,-0.013801807933188002,-0.007029157390362002,-0.004769633363438288,-0.010715511123989926,-0.009203939092079736,-0.005059658904553715,-0.003099218894612932,0.0138018471725087,-0.002084181483658085,-0.005851764700157105,-0.006470108054820116,-0.006344399217814498,-0.00391579945226681,-0.011312765487140268
1715,-0.02346571569605203,-0.01280189537358865,-0.011967036119223166,0.02888798110674884,-0.0026150919070227017,-0.0052780875846895016,0.0037544373454761627,0.003968601515698538,-0.0012838187967201976,0.004077045039092013,-0.003812011318690338,0.005577090415283124,-0.010950179386052241,-0.004113776807319596,-0.048138194845824385,-0.0010787803080734193,-0.0018545718482448593,-0.0033372723962492045,-0.0052546251225595595,0.0005110860915851844,-0.010264176938524088
1719,0.09488380534858948,0.035294704334803556,0.05239428977217614,0.037298007706930036,0.005549751634482334,0.01859193573792055,0.00847150311880256,-0.001671452261851698,0.05368784125215143,0.003490870109972235,0.02133828209284786,0.006950135615565785,0.024378807139707845,0.01559850932998586,0.042785130466264434,-0.0009752395950408754,0.011407143125053665,0.04916505336306301,0.010318470604289587,0.010958000398701415,0.039322129136311335
1720,0.04431387532887271,0.0026016067229818417,-0.01861949570461775,0.02805364951087597,-0.000886674100572975,-4.9630203803872064e-05,-0.004090475880343263,-0.006987399215289259,0.016684249978489163,-0.005300327684418988,0.006196589969609363,-0.00400802079550516,-0.0002947597955210313,0.005381544266405172,0.01677578678193953,-0.0007505056750324001,0.011877122358659448,0.01390703491702027,0.013614602714558686,-0.006739729963291836,0.025643320917853315
1723,0.045602735820518776,-0.013301479792741589,-0.01548754675585883,-0.06285611238751955,-0.00842754759648642,-0.0012232989190687248,-0.004870298508168389,-0.007489006830015228,0.01250371545661551,-0.0072948463536292255,0.008805751354622658,-0.009116041643804635,0.020629310584641302,-0.0015728533768688635,0.03174530365902314,-0.003039545834819819,-0.016537194446682973,0.005549626514922465,-0.006688110650553085,-0.015821381746205603,0.002105593259522038
1733,0.01011245117729885,-0.002236763970053062,-0.01335054727775173,0.03530012515332686,-0.0006949325769477355,0.002348191541005349,-0.003347147327948505,-0.007199748577003788,0.014774943601014173,0.0012010855034091605,0.0020833562515599623,-0.0013511437121562153,0.012565642618186245,-0.0007640848085671337,0.013135301873732885,-0.0008872296147535508,0.016880623107648488,0.009597124694923877,-0.0017969654478895336,-0.004049747633163178,0.01576821164751891
1736,-0.008242133727872556,-0.03452399357782667,0.038839139680272014,-0.0009454448807699123,0.008174465387490955,0.0013594862454462486,0.004851036803685815,0.013548561218218822,-0.011880306055911092,0.005301331518313646,-0.003054557955098858,0.0035085352808178526,0.010571804348237776,-0.0012950440663883,-0.014339078553464618,-0.0009397482015845071,-0.0016556199705547669,-0.007829384477150257,0.008218221242136394,0.001494040393988385,-0.007371868139491653
1738,0.08460680695171505,0.029130879919899825,0.0235717706503911,0.04399507300033122,0.004614340815321611,0.007762563139254155,0.011884310720187443,0.0028026726519001953,0.01492140375764734,0.0007551553767271458,0.010550926117682024,0.004226425864587781,0.01704258039284994,0.009500988008725812,0.02425383486029972,0.007468952165812653,0.011807172336753808,0.01190840559640577,0.014233804103972148,0.0020449624881871387,0.03053409670447479
1743,-0.03388631277586626,0.008486432644166087,-0.007265163746150165,-0.028188913191957283,-0.0028010050275992173,-0.00601997996935836,0.009210517148791269,0.007354787812333825,-0.012408353346023375,0.002687717219750425,-0.00317379439017941,0.007172072578795223,-0.008990389762973904,-0.0012190451481927766,0.00038976682798164575,-0.0027449820821948377,-0.0010119861153140165,-0.012809389172042529,-0.011326194234746368,0.004227318691424103,0.0016745873428413915
1747,0.04217222516374932,0.002984693152731097,-0.015741746425726434,0.035122564529796986,0.0019447042785364487,0.006138302398894382,0.0012443888831504069,-0.007447103563223436,0.017896222752575852,-0.0035433211538972386,0.010912713823414038,-0.003389672520745819,-0.0007795950482960734,0.006878523482639593,0.032951232270327466,-0.0005953281299798618,0.016231069610914802,0.014200869667600955,0.005757751434161804,0.0019220172236060762,0.013747396839429485
1757,0.10647241758544056,0.028005588724802237,0.04210432015776746,0.042763965222426065,0.0043008814234374885,0.010615611775044442,0.010800570473765845,0.0022452574280924864,0.015746464596834358,0.0011998573591492346,0.01714135842016333,0.00045406827551943254,0.022068798265141965,0.01583559382689032,0.02554976683007311,-0.0011427238153532927,0.023044057498278505,0.023709981308817022,0.011293182004669547,0.006549584005276756,0.031984937240014236
1758,-0.031176299849196027,0.002146695997786594,-0.012908758642266207,-0.05313564069060675,-0.003651496898557696,-0.012771043527955044,0.02346410925931849,0.01905636403747792,-0.0027961621868999487,-0.004911204295607518,-0.02299563113958868,-0.0031738064931931833,0.0007198819310090699,-0.010078604336978856,-0.02101956835443161,-0.0018617784256997538,-0.009164653003014677,-0.028228732424654197,0.004695668957590869,-0.008364399488226865,0.021765318071224442
1759,0.08773395954889224,0.02432835566891356,0.04870718584372782,0.03341850035818481,0.008088250018097227,0.015209143960254608,0.00813205185915507,0.0014566892665683895,0.05209719428492534,0.0031870101371082172,0.019773924710942765,0.006485708841707378,0.014796789487705268,0.0029422272227833447,0.04009951829352332,-0.0008974944081330705,-0.004482430146777005,0.04009627317579145,0.012737547391663639,0.007131226171478033,0.032021067122337855
1777,0.03883137984729188,-0.011453437423940614,0.029261548092268583,0.015388471474685162,-0.0032978971797700753,0.001275346567423128,-0.003530462200077125,-0.0077060839185381265,0.0013844366907693484,-0.001912839175498675,0.002321665356903395,-0.0031354291500031196,-0.008901732716652759,-0.003248409356789068,0.003686658486811325,-0.0013314324351131291,-0.0032333510622117954,-0.0006474169820631915,-0.008158669234925071,-0.004441170836672654,-0.006279664043790376
1780,0.003417361325787169,-0.01820769749303054,0.010378662783554092,0.037293306121340776,-0.00535269282578696,-0.004518034756634961,0.001696101459990018,0.00130942973051134,0.009901762922413865,-0.0012992365084951985,-0.0026929193869480628,-0.0001731014232203165,-0.007160484904591726,0.002729271177968542,0.021904983593890676,0.0009320277492849982,-0.010888762597415962,0.003527090128530972,-0.008483990071792534,-0.0055794662739140225,0.0008282075151589651
