model,fold,true_label,predicted_label,predicted_probability
RF,1,0,0,0.12
RF,1,1,0,0.17555555555555558
RF,1,0,0,0.07666666666666666
RF,1,1,0,0.057
RF,1,0,0,0.01
RF,1,0,0,0.19916666666666671
RF,1,0,0,0.14
RF,1,0,0,0.11
RF,1,0,0,0.12333333333333334
RF,1,0,0,0.11
RF,1,0,0,0.19
RF,1,0,0,0.02
RF,1,0,0,0.06666666666666667
RF,1,0,0,0.07
RF,1,0,0,0.14333333333333334
RF,1,0,0,0.12
RF,1,0,0,0.2966666666666667
RF,1,0,0,0.041666666666666664
RF,1,0,0,0.08666666666666667
RF,1,0,0,0.13
RF,1,0,0,0.12333333333333334
RF,1,0,1,0.61
RF,1,1,0,0.12666666666666668
RF,1,1,0,0.17333333333333334
RF,1,0,0,0.1175
RF,1,0,0,0.19
RF,1,0,0,0.065
RF,1,0,0,0.11333333333333333
RF,1,0,0,0.10333333333333333
RF,1,1,0,0.07333333333333333
RF,1,0,0,0.38
RF,1,0,0,0.4346666666666667
RF,1,1,1,0.7866666666666666
RF,1,0,0,0.23
RF,1,0,0,0.07
RF,1,0,0,0.09
RF,1,0,0,0.25888888888888884
RF,1,1,0,0.27666666666666667
RF,1,0,0,0.09833333333333333
RF,1,0,0,0.07666666666666666
RF,1,0,0,0.06333333333333334
RF,1,1,0,0.15
RF,1,0,0,0.09777777777777778
RF,1,0,1,0.5466666666666666
RF,1,0,0,0.29333333333333333
RF,1,0,0,0.25333333333333335
RF,1,1,0,0.11666666666666667
RF,1,0,0,0.0797777777777778
RF,1,0,0,0.34
RF,1,1,0,0.06666666666666667
RF,1,1,0,0.13666666666666666
RF,1,0,0,0.17666666666666667
RF,1,0,0,0.16666666666666666
RF,1,0,0,0.0033333333333333335
RF,1,0,0,0.05
RF,1,0,0,0.42333333333333334
RF,1,1,0,0.14333333333333334
RF,1,0,0,0.25333333333333335
RF,1,0,0,0.06666666666666667
RF,1,1,0,0.46
RF,1,0,0,0.2465555555555556
RF,1,1,1,0.8133333333333334
RF,1,0,0,0.4166666666666667
RF,1,0,0,0.02666666666666667
RF,1,0,0,0.19
RF,1,0,0,0.29333333333333333
RF,1,0,0,0.06
RF,1,1,0,0.1
RF,1,1,1,0.6433333333333333
RF,1,0,0,0.22166666666666668
RF,1,0,0,0.10666666666666667
RF,1,0,1,0.7878968253968253
RF,1,0,0,0.2647777777777778
RF,1,0,0,0.021666666666666667
RF,1,0,0,0.06333333333333334
RF,1,1,0,0.33
RF,1,0,0,0.36833333333333335
RF,1,0,0,0.09444444444444444
RF,1,1,0,0.2733333333333333
RF,1,0,0,0.18
RF,1,0,0,0.24666666666666667
RF,1,0,0,0.1428888888888889
RF,1,0,0,0.33666666666666667
RF,1,0,0,0.018055555555555554
RF,1,0,0,0.01972222222222222
RF,1,0,0,0.043333333333333335
RF,1,0,0,0.25
RF,1,0,1,0.5066666666666667
RF,1,0,0,0.2108650793650794
RF,1,1,1,0.5733333333333334
RF,1,0,0,0.266
RF,1,0,0,0.12666666666666668
RF,1,0,0,0.19
RF,1,0,0,0.20766666666666667
RF,1,0,0,0.23666666666666666
RF,1,0,0,0.17333333333333334
RF,1,1,0,0.25333333333333335
RF,1,0,0,0.26388888888888884
RF,1,0,1,0.6933333333333334
RF,1,1,1,0.5760000000000001
RF,1,0,0,0.2833333333333333
RF,1,0,0,0.14666666666666667
RF,1,1,0,0.15666666666666668
RF,1,1,1,0.75
RF,1,0,0,0.04
RF,1,0,0,0.02666666666666667
RF,1,0,0,0.4766666666666667
RF,1,0,0,0.305
RF,1,0,0,0.05333333333333334
RF,1,1,1,0.6633333333333333
RF,1,0,0,0.06666666666666667
RF,1,0,0,0.11666666666666667
RF,1,0,0,0.39
RF,1,0,1,0.5466666666666666
RF,1,1,1,0.64
RF,1,1,1,0.86
RF,1,0,0,0.21666666666666667
RF,1,1,0,0.16
RF,1,1,1,0.5033333333333333
RF,1,1,0,0.41333333333333333
RF,1,0,0,0.030833333333333334
RF,1,0,0,0.32
RF,1,1,0,0.17666666666666667
RF,1,0,0,0.3466666666666667
RF,1,0,0,0.2866666666666667
RF,1,0,0,0.02666666666666667
RF,1,1,1,0.66
RF,1,0,0,0.0033333333333333335
RF,1,0,0,0.24666666666666667
RF,1,0,0,0.12666666666666668
RF,1,0,0,0.31333333333333335
RF,1,0,0,0.32666666666666666
RF,1,0,0,0.12666666666666668
RF,1,0,0,0.12666666666666668
RF,1,0,0,0.10666666666666667
RF,1,1,0,0.2186666666666667
RF,1,0,0,0.22
RF,1,0,0,0.17416666666666666
RF,1,1,0,0.05388888888888888
RF,1,0,0,0.24333333333333335
RF,1,0,0,0.24666666666666667
RF,1,1,0,0.17666666666666667
RF,1,0,0,0.02
RF,1,0,0,0.07
RF,1,0,0,0.26
RF,1,0,0,0.2816666666666667
RF,1,1,0,0.34
RF,1,0,1,0.7666666666666667
RF,1,0,0,0.06666666666666667
RF,1,0,0,0.17
RF,1,1,0,0.19
RF,1,0,0,0.0033333333333333335
RF,1,0,0,0.25666666666666665
RF,1,0,1,0.6866666666666666
RF,1,0,0,0.01
RF,1,0,1,0.5966666666666667
RF,1,0,0,0.15333333333333332
RF,1,0,0,0.23333333333333334
RF,1,0,0,0.21
RF,1,0,0,0.22555555555555554
RF,1,0,0,0.16
RF,1,0,0,0.18666666666666668
RF,1,0,0,0.27666666666666667
RF,1,0,0,0.25666666666666665
RF,1,0,0,0.21
RF,1,0,0,0.23833333333333334
RF,1,0,0,0.33
RF,1,1,0,0.4166666666666667
RF,1,1,0,0.3433333333333333
RF,1,0,0,0.27
RF,1,0,0,0.18
RF,1,1,0,0.19333333333333333
RF,1,0,0,0.09333333333333334
RF,1,0,0,0.29333333333333333
RF,1,0,0,0.20333333333333334
RF,1,0,0,0.06666666666666667
RF,1,0,0,0.11666666666666667
RF,1,0,0,0.29333333333333333
RF,1,0,0,0.16666666666666666
RF,1,0,0,0.0
RF,1,0,0,0.2733333333333333
RF,1,0,0,0.26666666666666666
RF,1,0,0,0.15
RF,1,0,0,0.16833333333333333
RF,1,0,1,0.54
RF,1,0,0,0.27
RF,1,0,0,0.36333333333333334
RF,1,0,0,0.02666666666666667
RF,1,1,0,0.16
RF,1,0,0,0.11666666666666667
RF,1,1,0,0.2833333333333333
RF,1,0,0,0.366
RF,1,1,0,0.45
RF,1,1,0,0.22666666666666666
RF,1,0,0,0.04
RF,1,0,0,0.17777777777777778
RF,1,0,0,0.08666666666666667
RF,1,1,0,0.12
RF,1,1,0,0.37
RF,1,1,0,0.2633333333333333
RF,1,0,0,0.2625
RF,1,0,0,0.05333333333333334
RF,1,1,0,0.3
RF,1,1,0,0.2833333333333333
RF,1,0,0,0.06333333333333334
RF,1,0,0,0.12666666666666668
RF,1,0,0,0.1836111111111111
RF,1,0,0,0.28833333333333333
RF,1,0,0,0.17666666666666667
RF,1,0,0,0.4984074074074072
RF,1,0,0,0.0985
RF,1,0,0,0.18
RF,1,0,0,0.37
RF,1,0,0,0.36333333333333334
RF,1,0,0,0.06333333333333334
RF,1,0,0,0.04
RF,1,1,0,0.32666666666666666
RF,1,1,0,0.3566666666666667
RF,1,0,0,0.11
RF,1,1,0,0.31666666666666665
RF,1,0,0,0.20666666666666667
RF,1,0,0,0.19333333333333333
RF,1,1,0,0.16
RF,1,0,0,0.05
RF,1,0,0,0.11
RF,1,0,0,0.09666666666666666
RF,1,0,0,0.12333333333333334
RF,1,0,1,0.56
RF,1,1,0,0.17333333333333334
RF,1,1,0,0.43333333333333335
RF,1,0,0,0.11833333333333333
RF,1,0,0,0.06666666666666667
RF,1,0,0,0.47
RF,1,0,0,0.01966666666666667
RF,1,0,0,0.13
RF,1,0,0,0.23333333333333334
RF,1,0,0,0.28
RF,1,0,0,0.12
RF,1,0,0,0.06522222222222222
RF,1,0,0,0.19
RF,1,0,0,0.06666666666666667
RF,1,0,0,0.11666666666666667
RF,1,0,0,0.06333333333333334
RF,1,0,0,0.1388888888888889
RF,1,0,0,0.21333333333333335
RF,1,0,0,0.15
RF,1,1,0,0.31666666666666665
RF,1,0,0,0.04744444444444445
RF,1,0,0,0.26666666666666666
RF,1,1,0,0.4066666666666667
RF,1,0,0,0.20333333333333334
RF,1,0,0,0.04666666666666667
RF,1,0,1,0.5266666666666666
RF,1,0,0,0.10333333333333333
RF,1,0,0,0.35730158730158734
RF,1,1,0,0.01
RF,1,0,0,0.1
RF,1,0,0,0.20333333333333334
RF,1,0,0,0.13155555555555556
RF,1,0,0,0.09666666666666666
RF,1,0,0,0.02666666666666667
RF,1,0,0,0.03666666666666667
RF,1,0,0,0.19666666666666666
RF,1,0,0,0.17
RF,1,0,0,0.11
RF,1,0,0,0.26
RF,1,0,0,0.07333333333333333
RF,1,1,0,0.26666666666666666
RF,1,0,0,0.19333333333333333
RF,1,1,0,0.08333333333333333
RF,1,0,0,0.38333333333333336
RF,1,0,0,0.26
RF,1,0,0,0.26
RF,1,1,0,0.2432619047619047
RF,1,0,0,0.25666666666666665
RF,1,0,0,0.07
RF,1,0,0,0.07
RF,1,0,0,0.14666666666666667
RF,1,0,0,0.13666666666666666
RF,1,0,0,0.20666666666666667
RF,1,0,0,0.12
RF,1,0,0,0.08333333333333333
RF,1,0,0,0.19333333333333333
RF,1,0,0,0.03333333333333333
RF,1,0,0,0.056666666666666664
RF,1,0,0,0.11333333333333333
RF,1,1,0,0.25
RF,1,0,0,0.17666666666666667
RF,1,0,0,0.12333333333333334
RF,1,0,0,0.07222222222222222
RF,1,0,0,0.17333333333333334
RF,1,1,0,0.4
RF,1,0,0,0.13
RF,1,1,0,0.043333333333333335
RF,1,0,0,0.28
RF,1,0,0,0.09333333333333334
RF,1,0,0,0.10833333333333334
RF,1,0,0,0.19333333333333333
RF,1,0,0,0.20333333333333334
RF,1,0,0,0.25
RF,1,0,0,0.42333333333333334
RF,1,0,0,0.19666666666666666
RF,1,0,0,0.44
RF,1,1,1,0.7766666666666666
RF,1,1,1,0.8166666666666667
RF,1,0,0,0.21
RF,1,0,0,0.07966666666666668
RF,1,0,0,0.08
RF,1,0,0,0.1113888888888889
RF,1,0,0,0.3466666666666667
RF,1,0,0,0.18666666666666668
RF,1,0,0,0.15
RF,1,0,0,0.16
RF,1,0,0,0.15666666666666668
RF,1,0,0,0.056666666666666664
RF,1,1,0,0.2733333333333333
RF,1,0,0,0.05
RF,1,0,0,0.09
RF,1,0,0,0.27666666666666667
RF,1,1,1,0.5466666666666666
RF,1,0,0,0.24
RF,1,0,0,0.26666666666666666
RF,1,1,0,0.30666666666666664
RF,1,1,0,0.07666666666666666
RF,1,0,0,0.07666666666666666
RF,1,0,0,0.1075
RF,1,0,0,0.18
RF,1,0,0,0.0033333333333333335
RF,1,1,1,0.9333333333333333
RF,1,0,0,0.050833333333333335
RF,1,0,0,0.06
RF,1,0,0,0.17
RF,1,0,0,0.11333333333333333
RF,1,0,0,0.08944444444444444
RF,1,0,0,0.25666666666666665
RF,1,0,0,0.045
RF,1,1,0,0.48333333333333334
RF,1,0,0,0.06666666666666667
RF,1,0,0,0.04666666666666667
RF,1,0,0,0.2633333333333333
RF,1,0,0,0.10666666666666667
RF,1,0,0,0.07666666666666666
RF,1,1,1,0.89
RF,1,1,0,0.05333333333333334
RF,1,0,1,0.6033333333333334
RF,1,0,0,0.16111111111111112
RF,1,0,0,0.26
RF,1,0,0,0.17
RF,1,0,0,0.09666666666666666
RF,1,0,0,0.46
RF,1,0,0,0.3605238095238096
RF,1,1,1,0.5066666666666667
RF,1,0,0,0.11333333333333333
RF,1,1,0,0.14
RF,1,0,0,0.25
RF,1,0,0,0.38
RF,1,0,0,0.10666666666666667
RF,1,0,1,0.6795
RF,1,1,0,0.37666666666666665
RF,1,0,0,0.23333333333333334
RF,1,0,0,0.056666666666666664
RF,1,0,0,0.023333333333333334
RF,1,0,0,0.10666666666666667
RF,1,0,0,0.07
RF,1,0,0,0.14333333333333334
RF,1,0,0,0.4322222222222223
RF,1,0,0,0.09
RF,1,0,0,0.19111111111111112
RF,1,0,0,0.15
RF,1,0,0,0.28
RF,1,0,0,0.12333333333333334
RF,1,0,0,0.03333333333333333
RF,1,0,0,0.06333333333333334
RF,1,0,0,0.055
RF,1,1,1,0.6633333333333333
RF,1,0,0,0.22333333333333333
RF,1,0,0,0.155
RF,1,0,0,0.19666666666666666
RF,1,0,1,0.53
RF,1,0,0,0.23666666666666666
RF,1,0,0,0.13
RF,1,0,0,0.3736111111111111
RF,1,0,0,0.18333333333333332
RF,1,1,0,0.4259047619047619
RF,1,1,0,0.32666666666666666
RF,1,0,0,0.08875
RF,1,0,0,0.29
RF,1,0,0,0.25666666666666665
RF,1,1,0,0.20333333333333334
RF,1,0,0,0.07
RF,1,1,1,0.6133333333333333
RF,1,1,0,0.13666666666666666
RF,1,0,0,0.4166666666666667
RF,1,0,0,0.09666666666666666
RF,1,0,0,0.33
RF,1,1,0,0.17333333333333334
RF,1,1,0,0.31
RF,1,0,0,0.05
RF,1,1,0,0.22
RF,1,0,0,0.25
RF,1,0,0,0.21333333333333335
RF,1,0,0,0.24333333333333335
RF,1,1,0,0.307
RF,1,0,0,0.18
RF,1,1,0,0.32666666666666666
RF,1,0,0,0.09666666666666666
RF,1,0,0,0.11694444444444445
RF,1,1,1,0.5266666666666666
RF,1,1,0,0.15
RF,1,0,0,0.36
RF,1,0,0,0.22583333333333333
RF,1,0,0,0.13666666666666666
RF,1,0,0,0.2
RF,1,0,0,0.06
RF,1,0,0,0.19
RF,1,0,0,0.12333333333333334
RF,1,0,0,0.14333333333333334
RF,1,1,1,0.63
RF,1,0,0,0.13666666666666666
RF,1,0,0,0.10397222222222222
RF,1,0,0,0.16333333333333333
RF,1,0,0,0.21333333333333335
RF,1,0,0,0.2833333333333333
RF,1,0,1,0.96
RF,1,1,0,0.14333333333333334
RF,1,0,0,0.07666666666666666
RF,1,0,0,0.36666666666666664
RF,1,0,0,0.25333333333333335
RF,1,0,0,0.13666666666666666
RF,1,0,1,0.595611111111111
RF,1,0,1,0.6066666666666667
RF,1,0,0,0.39
RF,1,0,0,0.02666666666666667
RF,1,0,0,0.23
RF,1,0,0,0.45189682539682535
RF,1,0,0,0.056666666666666664
RF,1,0,0,0.023333333333333334
RF,1,1,0,0.4266666666666667
RF,1,0,1,0.705
RF,1,0,0,0.08
RF,1,0,1,0.6933333333333334
RF,1,0,0,0.44
RF,1,0,0,0.05
RF,1,0,0,0.24333333333333335
RF,1,0,0,0.22
RF,1,0,0,0.22
RF,1,0,0,0.18333333333333332
RF,1,0,0,0.27166666666666667
RF,1,0,0,0.043333333333333335
RF,1,0,0,0.36883333333333335
RF,1,0,0,0.14
RF,1,0,0,0.12666666666666668
RF,1,0,0,0.20555555555555555
RF,1,1,0,0.18666666666666668
RF,1,0,0,0.10333333333333333
RF,1,0,0,0.09666666666666666
RF,1,0,0,0.4066666666666667
RF,1,1,0,0.19166666666666668
RF,1,0,0,0.3572222222222222
RF,1,0,0,0.25333333333333335
RF,1,0,0,0.15666666666666668
RF,1,1,1,0.6066666666666667
RF,1,0,0,0.4533333333333333
RF,1,0,0,0.11
RF,1,1,1,0.5133333333333333
RF,1,0,0,0.24666666666666667
RF,1,0,0,0.2633333333333333
RF,1,0,0,0.03944444444444444
RF,1,0,0,0.17494444444444443
RF,1,0,0,0.062000000000000006
RF,1,0,0,0.22666666666666666
RF,1,0,0,0.013333333333333334
RF,1,1,0,0.13666666666666666
RF,1,0,0,0.33666666666666667
RF,1,0,0,0.1
RF,1,0,0,0.06555555555555556
RF,1,1,0,0.14666666666666667
RF,1,0,0,0.35
RF,1,0,0,0.24
RF,1,1,0,0.11333333333333333
RF,1,0,0,0.23
RF,1,1,0,0.23
RF,1,1,0,0.30333333333333334
RF,1,0,0,0.3566666666666667
RF,1,0,0,0.11
RF,1,1,0,0.39666666666666667
RF,1,1,0,0.42333333333333334
RF,1,0,0,0.3466666666666667
RF,1,0,0,0.08866666666666667
RF,1,0,0,0.10333333333333333
RF,1,0,0,0.056666666666666664
RF,1,0,0,0.18666666666666668
RF,1,0,0,0.2
RF,1,1,0,0.09666666666666666
RF,1,1,0,0.10333333333333333
RF,1,0,0,0.06666666666666667
RF,1,0,0,0.05333333333333334
RF,1,0,0,0.13333333333333333
RF,1,1,0,0.08666666666666667
RF,1,0,0,0.10333333333333333
RF,1,0,0,0.05222222222222222
RF,1,0,0,0.23
RF,1,1,1,0.9566666666666667
RF,1,0,0,0.06333333333333334
RF,1,0,0,0.41333333333333333
RF,1,1,0,0.42333333333333334
RF,1,0,0,0.023333333333333334
RF,1,0,0,0.23
RF,1,0,0,0.16333333333333333
RF,1,0,0,0.013333333333333334
RF,1,0,0,0.3
RF,1,0,0,0.08299999999999999
RF,1,0,0,0.39983068783068787
RF,1,0,0,0.02
RF,1,0,1,0.8561111111111113
RF,1,0,1,0.6533333333333333
RF,1,0,0,0.24333333333333335
RF,1,1,0,0.11
RF,1,0,0,0.12666666666666668
RF,1,1,0,0.47333333333333333
RF,1,0,0,0.023333333333333334
RF,1,0,0,0.19666666666666666
RF,1,0,0,0.14243650793650794
RF,1,0,0,0.18
RF,1,0,0,0.10333333333333333
RF,1,0,0,0.043333333333333335
RF,1,0,0,0.03444444444444444
RF,1,0,0,0.2371666666666667
RF,1,0,0,0.22333333333333333
RF,1,1,0,0.32
RF,1,1,0,0.36
RF,1,1,1,0.6766666666666666
RF,1,0,0,0.04666666666666667
RF,1,0,0,0.09666666666666666
RF,1,1,0,0.22333333333333333
RF,1,1,0,0.27
RF,1,0,0,0.12666666666666668
RF,1,0,1,0.7381666666666666
RF,1,0,0,0.14666666666666667
RF,1,0,0,0.3933333333333333
RF,1,0,0,0.03444444444444444
RF,1,0,0,0.22333333333333333
RF,1,0,0,0.09333333333333334
RF,1,1,0,0.11333333333333333
RF,1,0,0,0.03333333333333333
RF,1,0,0,0.07666666666666666
RF,1,0,0,0.15666666666666668
RF,1,0,0,0.09333333333333334
RF,1,0,0,0.051111111111111114
RF,1,1,0,0.4766666666666667
RF,1,1,0,0.2833333333333333
RF,1,0,0,0.12333333333333334
RF,1,0,0,0.10333333333333333
RF,1,0,0,0.35888888888888887
RF,1,0,0,0.10333333333333333
RF,1,0,0,0.2
RF,1,1,1,0.65
RF,1,0,0,0.07666666666666666
RF,1,0,0,0.45666666666666667
RF,1,0,0,0.14
RF,1,0,0,0.25
RF,1,0,0,0.14666666666666667
RF,1,1,0,0.08333333333333333
RF,1,0,0,0.22333333333333333
RF,1,1,0,0.33916666666666667
RF,1,0,0,0.12
RF,1,0,0,0.12333333333333334
RF,1,1,0,0.20333333333333334
RF,1,0,0,0.18
RF,1,0,0,0.11
RF,1,0,1,0.6833333333333333
RF,1,0,0,0.5
RF,1,0,0,0.10666666666666667
RF,1,0,0,0.42333333333333334
RF,1,0,0,0.22
RF,1,0,0,0.02
RF,1,0,0,0.08
RF,1,0,0,0.06
RF,1,1,0,0.26
RF,1,0,0,0.2588888888888889
RF,1,0,1,0.52
RF,1,0,0,0.43
RF,1,1,0,0.3433333333333333
RF,1,0,0,0.3933333333333333
RF,1,0,0,0.01
RF,1,0,0,0.4033333333333333
RF,1,0,0,0.09666666666666666
RF,1,1,0,0.49
RF,1,1,0,0.2966666666666667
RF,1,0,0,0.26
RF,1,0,0,0.02
RF,1,0,0,0.04
RF,1,1,0,0.21512698412698408
RF,1,0,0,0.3933333333333333
RF,1,0,0,0.3566666666666667
RF,1,0,0,0.2525
RF,1,0,0,0.32
RF,1,1,0,0.25
RF,1,0,0,0.25
RF,1,0,0,0.09333333333333334
RF,1,0,0,0.11777777777777779
RF,1,0,0,0.33944444444444444
RF,1,0,0,0.13583333333333333
RF,1,0,0,0.13666666666666666
RF,1,0,0,0.29
RF,1,1,0,0.20666666666666667
RF,1,1,0,0.27
RF,1,0,0,0.13333333333333333
RF,1,1,0,0.34
RF,1,0,0,0.1
RF,1,0,0,0.3
RF,1,0,0,0.15
RF,1,0,0,0.38333333333333336
RF,1,0,0,0.02666666666666667
RF,1,0,0,0.29
RF,1,1,0,0.15666666666666668
RF,1,0,0,0.2633333333333333
RF,1,0,0,0.09333333333333334
RF,1,0,0,0.48
RF,1,0,0,0.12666666666666668
RF,1,0,0,0.36333333333333334
RF,1,1,0,0.4766666666666667
RF,1,0,0,0.25333333333333335
RF,1,1,0,0.23333333333333334
RF,1,0,0,0.21333333333333335
RF,1,0,0,0.32666666666666666
RF,1,0,0,0.0
RF,1,0,0,0.006666666666666667
RF,1,0,0,0.24333333333333335
RF,1,0,0,0.2733333333333333
RF,1,0,0,0.24
RF,1,0,0,0.18333333333333332
RF,1,0,0,0.22
RF,1,1,0,0.3933333333333333
RF,1,0,0,0.06
RF,1,0,0,0.26622222222222225
RF,1,0,0,0.15
RF,1,0,1,0.686611111111111
RF,1,0,0,0.39666666666666667
RF,1,1,1,0.51
RF,1,0,0,0.035
RF,1,0,0,0.023333333333333334
RF,1,0,0,0.3668253968253967
RF,1,0,0,0.35
RF,1,0,0,0.05
RF,1,0,0,0.49333333333333335
RF,1,0,0,0.30333333333333334
RF,1,1,0,0.04
RF,1,0,0,0.33666666666666667
RF,1,1,0,0.3333333333333333
RF,1,0,0,0.175
RF,1,0,0,0.2
RF,1,0,0,0.48
RF,1,0,0,0.44
RF,1,0,0,0.3333333333333333
RF,1,0,0,0.043333333333333335
RF,1,0,0,0.44666666666666666
RF,1,0,0,0.32666666666666666
RF,1,0,0,0.17666666666666664
RF,1,1,1,0.5266666666666666
RF,1,0,0,0.24
RF,1,0,0,0.26
RF,1,0,1,0.6449444444444445
RF,1,1,0,0.04666666666666667
RF,1,1,0,0.11
RF,1,0,0,0.17536507936507936
RF,1,0,0,0.18666666666666668
RF,1,0,0,0.03666666666666667
RF,1,0,0,0.22333333333333333
RF,1,0,0,0.22333333333333333
RF,1,0,0,0.27666666666666667
RF,1,0,0,0.2733333333333333
RF,1,1,0,0.20333333333333334
RF,1,0,1,0.58
RF,1,0,0,0.12
RF,1,0,0,0.08249999999999999
RF,1,0,0,0.15
RF,1,0,0,0.13
RF,1,0,0,0.07
RF,1,1,1,0.7633333333333333
RF,1,0,0,0.20666666666666667
RF,1,0,0,0.016666666666666666
RF,1,0,0,0.07666666666666666
RF,1,0,0,0.46
RF,1,0,0,0.11
RF,1,1,1,0.89
RF,1,0,0,0.09666666666666666
RF,1,1,0,0.23666666666666666
RF,1,0,0,0.04
RF,1,0,0,0.01
RF,1,0,0,0.16666666666666666
RF,1,0,0,0.2
RF,1,0,0,0.05822222222222223
RF,1,0,1,0.5733333333333334
RF,1,0,0,0.22666666666666666
RF,1,0,0,0.17333333333333334
RF,1,0,0,0.15666666666666668
RF,1,0,0,0.44122222222222224
RF,1,1,0,0.29333333333333333
RF,1,0,0,0.38333333333333336
RF,1,0,0,0.2325
RF,1,0,0,0.016666666666666666
RF,1,0,0,0.17666666666666667
RF,1,0,0,0.12
RF,1,1,0,0.18916666666666668
RF,1,0,0,0.10666666666666667
RF,1,0,0,0.065
RF,1,0,0,0.25666666666666665
RF,1,0,0,0.0
RF,1,0,0,0.05
RF,1,1,1,0.5833333333333334
RF,1,0,0,0.30666666666666664
RF,1,1,1,0.7433333333333333
RF,1,0,0,0.35
RF,1,0,0,0.03666666666666667
RF,1,1,0,0.15666666666666668
RF,1,1,0,0.3333333333333333
RF,1,0,0,0.15833333333333333
RF,1,0,0,0.06333333333333334
RF,1,0,0,0.25333333333333335
RF,1,0,0,0.06
RF,1,0,0,0.03188888888888889
RF,1,0,0,0.08333333333333333
RF,1,1,0,0.30666666666666664
RF,1,0,0,0.21333333333333335
RF,1,1,0,0.01
RF,1,0,0,0.08
RF,1,0,0,0.22
RF,1,0,0,0.08333333333333333
RF,1,1,0,0.25333333333333335
RF,1,0,0,0.3434682539682539
RF,1,0,0,0.05333333333333334
RF,1,0,0,0.18511111111111112
RF,1,0,0,0.023333333333333334
RF,1,0,0,0.06333333333333334
RF,1,0,0,0.08333333333333333
RF,1,0,0,0.05333333333333334
RF,1,1,0,0.45
RF,1,0,0,0.09555555555555555
RF,1,1,0,0.30333333333333334
RF,1,1,0,0.19333333333333333
RF,1,0,0,0.22666666666666666
RF,1,1,0,0.09
RF,1,0,0,0.21666666666666667
RF,1,1,0,0.07333333333333333
RF,1,0,0,0.2633333333333333
RF,1,0,1,0.5133333333333333
RF,1,0,0,0.12
RF,1,0,0,0.15
RF,1,0,0,0.11666666666666667
RF,1,1,0,0.21333333333333335
RF,1,0,0,0.043333333333333335
RF,1,0,0,0.24666666666666667
RF,1,1,0,0.49
RF,1,0,0,0.07666666666666666
RF,1,1,0,0.21
RF,1,0,0,0.13333333333333333
RF,1,0,0,0.06333333333333334
RF,1,1,0,0.4266666666666667
RF,1,0,1,0.7266666666666667
RF,1,1,0,0.25666666666666665
RF,1,0,0,0.29333333333333333
RF,1,0,1,0.51
RF,1,0,0,0.09
RF,1,1,0,0.02
RF,1,0,0,0.13333333333333333
RF,1,0,0,0.05333333333333334
RF,1,0,0,0.18666666666666668
RF,1,0,1,0.6133333333333333
RF,1,0,0,0.15533333333333335
RF,1,0,0,0.03333333333333333
RF,1,0,0,0.44982539682539663
RF,1,0,0,0.12
RF,1,0,0,0.15
RF,1,0,0,0.06666666666666667
RF,1,0,0,0.18866666666666668
RF,1,0,0,0.17222222222222222
RF,1,0,0,0.15
RF,1,0,0,0.09155555555555556
RF,1,0,0,0.15666666666666668
RF,1,1,0,0.4430555555555556
RF,1,0,0,0.39
RF,1,1,1,0.7566666666666667
RF,1,0,0,0.1
RF,1,0,0,0.4066666666666667
RF,1,0,0,0.14333333333333334
RF,1,0,0,0.03
RF,1,1,0,0.3333333333333333
RF,1,0,0,0.09333333333333334
RF,1,0,0,0.05333333333333334
RF,1,0,0,0.29
RF,1,0,0,0.18333333333333332
RF,1,0,0,0.36333333333333334
RF,1,0,0,0.14
RF,1,0,0,0.24666666666666667
RF,1,1,0,0.37
RF,1,0,1,0.8333333333333334
RF,1,0,0,0.2772222222222222
RF,1,0,0,0.043333333333333335
RF,1,0,0,0.21
RF,1,1,0,0.14666666666666667
RF,1,0,0,0.44666666666666666
RF,1,0,1,0.6433333333333333
RF,1,0,0,0.16
RF,1,0,0,0.07666666666666666
RF,1,0,0,0.14333333333333334
RF,1,0,0,0.056666666666666664
RF,1,1,1,0.6066666666666667
RF,1,0,0,0.16155555555555554
RF,1,1,0,0.26666666666666666
RF,1,0,0,0.2955555555555555
RF,1,0,0,0.21333333333333335
RF,1,0,0,0.38666666666666666
RF,1,1,0,0.09916666666666667
RF,1,0,0,0.43333333333333335
RF,1,0,0,0.17
RF,1,1,1,0.7633333333333333
RF,1,0,1,0.5166666666666667
RF,1,0,0,0.27467460317460324
RF,1,0,0,0.3
RF,1,1,0,0.08
RF,1,0,0,0.2791666666666667
RF,1,0,1,0.5466666666666666
RF,1,0,1,0.63
RF,1,0,0,0.05357142857142856
RF,1,0,0,0.13333333333333333
RF,1,0,0,0.043333333333333335
RF,1,0,0,0.25666666666666665
RF,1,1,0,0.0033333333333333335
RF,1,1,1,0.7133333333333334
RF,1,0,0,0.20833333333333334
RF,1,1,1,0.7333333333333333
RF,1,0,0,0.08
RF,1,0,0,0.1
RF,1,1,0,0.023333333333333334
RF,1,0,0,0.10666666666666667
RF,1,0,0,0.14666666666666667
RF,1,0,0,0.21
RF,1,0,1,0.72
RF,1,0,0,0.17
RF,1,0,0,0.14944444444444444
RF,1,0,0,0.22333333333333333
RF,1,0,0,0.44333333333333336
RF,1,1,1,0.5133333333333333
RF,1,0,0,0.3441666666666667
RF,1,0,0,0.05072222222222223
RF,1,0,0,0.16333333333333333
RF,1,0,0,0.03
RF,1,1,0,0.31333333333333335
RF,1,0,0,0.1
RF,1,0,0,0.33
RF,1,1,1,0.5633333333333334
RF,1,0,0,0.24444444444444446
RF,1,0,0,0.06666666666666667
RF,1,0,0,0.4766666666666667
RF,1,0,0,0.10333333333333333
RF,1,0,0,0.04
RF,1,0,0,0.30666666666666664
RF,1,0,0,0.15666666666666668
RF,1,0,0,0.1511111111111111
RF,1,1,0,0.43333333333333335
RF,1,0,0,0.03333333333333333
RF,1,1,1,0.9166666666666666
RF,1,1,0,0.1883333333333333
RF,1,1,1,0.7466666666666667
RF,1,1,0,0.11666666666666667
RF,1,0,0,0.15
RF,1,1,0,0.4066666666666667
RF,1,0,0,0.06666666666666667
RF,1,1,0,0.18
RF,1,0,0,0.12666666666666668
RF,1,0,0,0.06
RF,1,1,0,0.25333333333333335
RF,1,0,0,0.09
RF,1,1,0,0.24
RF,1,0,0,0.21944444444444444
RF,1,0,0,0.4266666666666667
RF,1,0,0,0.06333333333333334
RF,1,1,0,0.15655555555555556
RF,1,0,0,0.09
RF,1,0,0,0.44
RF,1,1,0,0.37
RF,1,0,0,0.3169444444444444
RF,1,0,0,0.24
RF,1,0,0,0.10333333333333333
RF,1,1,0,0.5
RF,1,0,0,0.023333333333333334
RF,1,1,1,0.6633333333333333
RF,1,0,0,0.48333333333333334
RF,1,0,0,0.31
RF,1,0,0,0.10333333333333333
RF,1,0,0,0.043333333333333335
RF,1,1,1,0.5366666666666666
RF,1,0,0,0.21333333333333335
RF,1,0,0,0.13
RF,1,1,0,0.49666666666666665
RF,1,0,0,0.16333333333333333
RF,1,0,0,0.06
RF,1,0,0,0.3333333333333333
RF,1,0,0,0.23
RF,1,1,0,0.45
RF,1,1,0,0.35
RF,1,0,0,0.04
RF,1,0,0,0.03333333333333333
RF,1,1,0,0.26666666666666666
RF,1,0,0,0.18
RF,1,0,0,0.10333333333333333
RF,1,0,0,0.22333333333333333
RF,1,0,0,0.3333333333333333
RF,1,0,0,0.14666666666666667
RF,1,1,0,0.33
RF,1,0,0,0.26666666666666666
RF,1,0,0,0.31
RF,1,0,0,0.06333333333333334
RF,1,0,0,0.14400000000000002
RF,1,1,1,0.51
RF,1,0,0,0.09
RF,1,0,0,0.24361111111111114
RF,1,1,0,0.22
RF,1,0,0,0.2866666666666667
RF,1,1,0,0.02666666666666667
RF,1,0,0,0.07
RF,1,0,0,0.043333333333333335
RF,1,0,0,0.17
RF,1,1,0,0.32666666666666666
RF,1,1,0,0.2866666666666667
RF,1,0,0,0.016666666666666666
RF,1,1,0,0.0
RF,1,1,1,0.7333333333333333
RF,1,0,0,0.09833333333333333
RF,1,0,0,0.32666666666666666
RF,1,0,0,0.14333333333333334
RF,1,0,0,0.14666666666666667
RF,1,0,0,0.19
RF,1,0,0,0.2633333333333333
RF,1,0,0,0.10666666666666667
RF,1,0,1,0.6033333333333334
RF,1,0,0,0.11666666666666667
RF,1,0,0,0.26666666666666666
RF,1,0,0,0.19
RF,1,0,0,0.19
RF,1,0,0,0.16333333333333333
RF,1,0,0,0.019444444444444445
RF,1,0,0,0.23666666666666666
RF,1,0,0,0.37
RF,1,0,0,0.3466666666666667
RF,1,1,1,0.58
RF,1,0,1,0.5933333333333334
RF,1,0,0,0.18333333333333332
RF,1,0,0,0.045
RF,1,0,0,0.18
RF,1,1,0,0.23
RF,1,0,0,0.14
RF,1,1,0,0.25666666666666665
RF,1,0,0,0.23333333333333334
RF,1,1,0,0.4033333333333333
RF,1,0,0,0.4533333333333333
RF,1,1,0,0.37666666666666665
RF,1,0,0,0.13666666666666666
RF,1,0,0,0.21666666666666667
RF,1,0,0,0.043333333333333335
RF,1,0,0,0.25333333333333335
RF,1,0,0,0.31
RF,1,0,0,0.14666666666666667
RF,1,0,0,0.02
RF,1,0,0,0.06
RF,1,1,0,0.30666666666666664
RF,1,0,0,0.19333333333333333
RF,1,1,1,0.5766666666666667
RF,1,0,0,0.043333333333333335
RF,1,0,0,0.19
RF,1,0,0,0.11333333333333333
RF,1,0,0,0.043333333333333335
RF,1,0,0,0.11634920634920635
RF,1,0,0,0.12166666666666667
RF,1,1,0,0.38
RF,1,0,0,0.06
RF,1,0,0,0.32722222222222225
RF,1,0,0,0.45666666666666667
RF,1,0,0,0.09333333333333334
RF,1,0,0,0.11777777777777776
RF,1,1,0,0.05333333333333334
RF,1,0,0,0.03666666666666667
RF,1,0,0,0.37666666666666665
RF,1,0,0,0.20333333333333334
RF,1,0,0,0.13666666666666666
RF,1,0,0,0.16
RF,1,0,0,0.11916666666666667
RF,1,0,0,0.07388888888888889
RF,1,0,0,0.1246111111111111
RF,1,0,0,0.23
RF,1,0,0,0.12688888888888888
RF,1,0,0,0.18333333333333332
RF,1,0,0,0.15
RF,1,0,0,0.15
RF,1,0,0,0.35583333333333333
RF,1,0,0,0.26
RF,1,0,0,0.23
RF,1,0,0,0.21666666666666667
RF,1,0,1,0.5266666666666666
RF,1,0,0,0.4033333333333333
RF,1,0,0,0.20666666666666667
RF,1,1,0,0.26
RF,1,0,0,0.01
RF,1,0,0,0.43666666666666665
RF,1,0,0,0.13666666666666666
RF,1,0,0,0.2965396825396826
RF,1,0,0,0.22666666666666666
RF,1,0,0,0.023333333333333334
RF,1,0,0,0.13666666666666666
RF,1,0,0,0.33
RF,1,0,0,0.023333333333333334
RF,1,0,0,0.11333333333333333
RF,1,0,0,0.08666666666666667
RF,1,0,1,0.52
RF,1,0,0,0.3466666666666667
RF,1,0,0,0.10333333333333333
RF,1,0,0,0.17333333333333334
RF,1,1,0,0.45666666666666667
RF,1,0,0,0.03
RF,1,1,0,0.09861111111111112
RF,1,1,1,0.6833333333333333
RF,1,0,0,0.31166666666666665
RF,1,1,0,0.37
RF,1,0,0,0.24666666666666667
RF,1,1,0,0.27
RF,1,0,0,0.028333333333333332
RF,1,1,1,0.6133333333333333
RF,1,0,1,0.81
RF,1,0,0,0.07
RF,1,1,1,0.5933333333333334
RF,1,1,0,0.15666666666666668
RF,1,0,0,0.06
RF,1,0,0,0.15333333333333332
RF,1,0,0,0.14
RF,1,0,0,0.19333333333333333
RF,1,0,0,0.07166666666666667
RF,1,0,0,0.15794444444444444
RF,1,1,1,0.7666666666666667
RF,1,0,0,0.23
RF,1,0,0,0.08
RF,1,0,0,0.21333333333333335
RF,1,0,0,0.11944444444444442
RF,1,0,0,0.09666666666666666
RF,1,0,0,0.18333333333333332
RF,1,0,0,0.22333333333333333
RF,1,0,1,0.5166666666666667
RF,1,0,0,0.085
RF,1,0,0,0.25666666666666665
RF,1,0,0,0.45666666666666667
RF,1,0,0,0.30666666666666664
RF,1,0,0,0.14666666666666667
RF,1,1,0,0.20666666666666667
RF,1,0,0,0.2833333333333333
RF,1,0,0,0.18
RF,1,0,0,0.026444444444444444
RF,1,1,1,0.7533333333333333
RF,1,0,0,0.08333333333333333
RF,1,1,0,0.44666666666666666
RF,1,0,0,0.17944444444444446
RF,1,0,0,0.23333333333333334
RF,1,0,0,0.4033333333333333
RF,1,1,0,0.10916666666666666
RF,1,1,0,0.08333333333333333
RF,1,0,0,0.043333333333333335
RF,1,1,0,0.14333333333333334
RF,1,0,0,0.10666666666666667
RF,1,0,0,0.12333333333333334
RF,1,1,0,0.3566666666666667
RF,1,0,0,0.31
RF,1,0,0,0.15
RF,1,0,0,0.05583333333333333
RF,1,0,0,0.16333333333333333
RF,1,0,0,0.2833333333333333
RF,1,0,0,0.2733333333333333
RF,1,0,0,0.056666666666666664
RF,1,0,0,0.43666666666666665
RF,1,0,0,0.4866666666666667
RF,1,0,0,0.05933333333333332
RF,1,0,0,0.4066666666666667
RF,1,0,0,0.14666666666666667
RF,1,0,0,0.21333333333333335
RF,1,0,0,0.3
RF,1,1,0,0.07833333333333334
RF,1,1,0,0.056666666666666664
RF,1,1,1,0.5966666666666667
RF,1,1,0,0.35
RF,1,0,0,0.11333333333333333
RF,1,0,0,0.06
RF,1,0,0,0.08666666666666667
RF,1,0,0,0.03333333333333333
RF,1,0,0,0.09333333333333334
RF,1,1,0,0.33666666666666667
RF,1,0,0,0.09
RF,1,0,0,0.44666666666666666
RF,1,1,0,0.23
RF,1,0,0,0.2733333333333333
RF,1,0,0,0.08805555555555555
RF,1,0,0,0.16333333333333333
RF,1,0,0,0.08333333333333333
RF,1,1,1,0.5433333333333333
RF,1,0,0,0.03666666666666667
RF,1,0,0,0.05333333333333334
RF,1,0,1,0.5766666666666667
RF,1,0,0,0.1225
RF,1,0,0,0.44666666666666666
RF,1,0,0,0.38333333333333336
RF,1,0,0,0.06333333333333334
RF,1,0,0,0.30666666666666664
RF,1,0,0,0.03666666666666667
RF,1,0,0,0.19
RF,1,0,0,0.23333333333333334
RF,1,1,1,0.7066666666666667
RF,1,1,0,0.43111111111111106
RF,1,1,0,0.04744444444444445
RF,1,1,1,0.53
RF,1,1,0,0.35
RF,1,0,0,0.03833333333333333
RF,1,0,0,0.31666666666666665
RF,1,0,0,0.12666666666666668
RF,1,0,0,0.24
RF,1,1,0,0.17333333333333334
RF,1,0,0,0.4866666666666667
RF,1,0,0,0.17
RF,1,0,0,0.26
RF,1,0,0,0.12666666666666668
RF,1,0,0,0.21
RF,1,0,0,0.24
RF,1,0,0,0.02666666666666667
RF,1,0,0,0.37333333333333335
RF,1,1,1,0.5533333333333333
RF,1,0,0,0.07666666666666666
RF,1,0,0,0.10666666666666667
RF,1,0,0,0.13916666666666666
RF,1,0,0,0.11333333333333333
RF,1,0,0,0.013333333333333334
RF,1,0,0,0.27
RF,1,0,1,0.6566666666666666
RF,1,0,0,0.14222222222222222
RF,1,0,0,0.3433333333333333
RF,1,0,0,0.32
RF,1,1,0,0.24666666666666667
RF,1,0,0,0.35
RF,1,0,0,0.12666666666666668
RF,1,0,0,0.12
RF,1,1,1,0.65
RF,1,0,0,0.17666666666666667
RF,1,1,0,0.18
RF,1,0,0,0.18
RF,1,0,0,0.33888888888888885
RF,1,0,0,0.23666666666666666
RF,1,0,0,0.013333333333333334
RF,1,0,0,0.21
RF,1,0,0,0.25666666666666665
RF,1,1,0,0.37583333333333335
RF,1,0,0,0.0911111111111111
RF,1,1,1,0.52
RF,1,0,0,0.31
RF,1,0,0,0.39
RF,1,0,1,0.63
RF,1,0,0,0.18922222222222224
RF,1,0,0,0.08666666666666667
RF,1,0,0,0.03666666666666667
RF,1,0,0,0.04416666666666667
RF,1,0,0,0.1
RF,1,0,0,0.19333333333333333
RF,1,1,0,0.06666666666666667
RF,1,0,0,0.05
RF,1,0,0,0.26
RF,1,0,0,0.315
RF,1,0,0,0.13333333333333333
RF,1,1,0,0.017666666666666667
RF,1,0,0,0.15666666666666668
RF,1,0,0,0.12111111111111111
RF,1,0,0,0.3438888888888889
RF,1,0,0,0.05
RF,1,0,0,0.2733333333333333
RF,1,1,0,0.25
RF,1,0,0,0.03783333333333333
RF,1,0,0,0.21666666666666667
RF,1,1,0,0.15666666666666668
RF,1,1,1,0.5233333333333333
RF,1,1,0,0.3433333333333333
RF,1,0,0,0.12666666666666668
RF,1,1,0,0.4766666666666667
RF,1,1,0,0.15333333333333332
RF,1,0,0,0.10666666666666667
RF,1,0,0,0.08333333333333333
RF,1,0,0,0.0661111111111111
RF,1,0,0,0.13333333333333333
RF,1,0,0,0.27
RF,1,0,0,0.01
RF,1,0,0,0.35
RF,1,0,1,0.6164444444444444
RF,1,1,0,0.19
RF,1,0,0,0.3566666666666667
RF,1,0,0,0.06666666666666667
RF,1,0,0,0.095
RF,1,0,0,0.18
RF,1,1,0,0.34199999999999997
RF,1,1,0,0.12666666666666668
RF,1,0,0,0.09666666666666666
RF,1,0,0,0.06
RF,1,0,0,0.016666666666666666
RF,1,0,0,0.3233333333333333
RF,1,0,0,0.3
RF,1,0,0,0.12
RF,1,0,0,0.056666666666666664
RF,1,1,0,0.08
RF,1,0,0,0.24
RF,1,1,0,0.12666666666666668
RF,1,0,0,0.30666666666666664
RF,1,0,0,0.23666666666666666
RF,1,0,0,0.21
RF,1,0,0,0.3225
RF,1,0,0,0.10666666666666667
RF,1,0,0,0.3933333333333333
RF,1,0,0,0.16666666666666666
RF,1,0,0,0.07666666666666666
RF,1,0,0,0.18333333333333332
RF,1,0,0,0.25666666666666665
RF,1,0,0,0.2833333333333333
RF,1,1,0,0.37
RF,1,1,0,0.16333333333333333
RF,1,0,0,0.07888888888888888
RF,1,0,0,0.24944444444444444
RF,1,1,1,0.6733333333333333
RF,1,1,1,0.7633333333333333
RF,1,0,0,0.28
RF,1,1,0,0.20333333333333334
RF,1,1,0,0.17333333333333334
RF,1,1,0,0.36666666666666664
RF,1,0,0,0.12333333333333334
RF,1,0,0,0.25666666666666665
RF,1,1,0,0.03
RF,1,0,0,0.21
RF,1,0,0,0.18333333333333332
RF,1,0,0,0.07
RF,1,0,0,0.23333333333333334
RF,1,1,0,0.4166666666666667
RF,1,1,0,0.44
RF,1,0,0,0.12333333333333334
RF,1,1,0,0.18666666666666668
RF,1,0,0,0.17666666666666667
RF,1,0,0,0.17333333333333334
RF,1,0,0,0.26666666666666666
RF,1,0,0,0.09666666666666666
RF,1,0,0,0.17366666666666666
RF,1,1,0,0.4666666666666667
RF,1,1,1,0.76
RF,1,1,0,0.14916666666666667
RF,1,0,0,0.11333333333333333
RF,1,1,0,0.48333333333333334
RF,1,0,0,0.09888888888888889
RF,1,0,0,0.04666666666666667
RF,1,0,0,0.14
RF,1,0,0,0.13
RF,1,0,0,0.27
RF,1,0,0,0.3
RF,1,1,0,0.49333333333333335
RF,1,1,0,0.36666666666666664
RF,1,1,0,0.056666666666666664
RF,1,0,0,0.10666666666666667
RF,1,1,0,0.26
RF,1,0,0,0.30333333333333334
RF,1,0,0,0.11294444444444444
RF,1,0,0,0.14666666666666667
RF,1,1,0,0.013333333333333334
RF,1,0,0,0.09
RF,1,0,0,0.0319047619047619
RF,1,0,0,0.26666666666666666
RF,1,0,0,0.13833333333333334
RF,1,0,0,0.31
RF,1,1,0,0.16166666666666665
RF,1,0,0,0.04
RF,1,0,0,0.17333333333333334
RF,1,0,0,0.21
RF,1,0,0,0.02666666666666667
RF,1,0,0,0.21
RF,1,0,0,0.29111111111111115
RF,1,0,0,0.0033333333333333335
RF,1,1,0,0.05888888888888888
RF,1,0,0,0.4866666666666667
RF,1,0,0,0.12666666666666668
RF,1,0,0,0.04
RF,1,1,0,0.4533333333333333
RF,1,0,0,0.41
RF,1,0,0,0.14333333333333334
RF,1,1,0,0.29
RF,1,1,0,0.15666666666666668
RF,1,1,0,0.3296111111111111
RF,1,0,0,0.23
RF,1,0,1,0.7266666666666667
RF,1,0,1,0.5133333333333333
RF,1,1,0,0.2
RF,1,0,0,0.06
RF,1,0,0,0.24666666666666667
RF,1,1,0,0.33
RF,1,0,0,0.4422222222222223
RF,1,0,0,0.19333333333333333
RF,1,1,0,0.21666666666666667
RF,1,1,0,0.03
RF,1,1,1,0.5766666666666667
RF,1,0,0,0.3566666666666667
RF,1,0,0,0.09666666666666666
RF,1,0,0,0.20333333333333334
RF,1,0,0,0.43666666666666665
RF,1,0,0,0.45
RF,1,0,0,0.07666666666666666
RF,1,0,0,0.16
RF,1,0,0,0.19
RF,1,0,1,0.5233333333333333
RF,1,0,0,0.15
RF,1,0,0,0.09
RF,1,0,0,0.21666666666666667
RF,1,0,0,0.26666666666666666
RF,1,1,0,0.35
RF,1,0,0,0.23
RF,1,1,0,0.14333333333333334
RF,1,0,0,0.10666666666666667
RF,1,0,0,0.32
RF,1,0,0,0.023333333333333334
RF,1,0,0,0.13
RF,1,0,0,0.18
RF,1,0,0,0.07666666666666666
RF,1,0,0,0.24722222222222223
RF,1,0,1,0.6566666666666666
RF,1,0,0,0.2966666666666667
RF,1,1,1,0.6466666666666666
RF,1,0,0,0.14
RF,1,0,0,0.17166666666666666
RF,1,0,0,0.38
RF,1,0,0,0.20666666666666667
RF,1,0,0,0.46
RF,1,0,0,0.051666666666666666
RF,1,1,0,0.25333333333333335
RF,1,0,0,0.17
RF,1,0,0,0.2633333333333333
RF,1,1,1,0.6333333333333333
RF,1,0,0,0.09333333333333334
RF,1,0,0,0.08333333333333333
RF,1,1,0,0.13333333333333333
RF,1,0,0,0.19333333333333333
RF,1,0,0,0.18333333333333332
RF,1,0,0,0.19666666666666666
RF,1,0,0,0.05333333333333334
RF,1,0,0,0.11
RF,1,0,0,0.16666666666666666
RF,1,0,0,0.25666666666666665
RF,1,1,0,0.23199999999999998
RF,1,0,0,0.21
RF,1,0,0,0.17666666666666667
RF,1,0,0,0.043333333333333335
RF,1,0,0,0.06333333333333334
RF,1,0,0,0.08333333333333333
RF,1,0,0,0.20666666666666667
RF,1,0,0,0.09333333333333334
RF,1,0,0,0.36333333333333334
RF,1,0,0,0.07
RF,1,1,0,0.4
RF,1,0,0,0.49333333333333335
RF,1,0,0,0.16333333333333333
RF,1,0,0,0.15
RF,1,1,0,0.4558333333333333
RF,1,0,0,0.44333333333333336
RF,1,1,0,0.2525
RF,1,0,0,0.17
RF,1,0,0,0.12333333333333334
RF,1,0,0,0.08
RF,1,1,0,0.18
RF,1,0,0,0.1
RF,1,0,0,0.013333333333333334
RF,1,0,0,0.04666666666666667
RF,1,0,0,0.32
RF,1,0,0,0.05305555555555555
RF,1,0,0,0.33666666666666667
RF,1,0,0,0.13666666666666666
RF,1,0,0,0.07
RF,1,1,0,0.2833333333333333
RF,1,0,0,0.21333333333333335
RF,1,1,0,0.4266666666666667
RF,1,0,0,0.37666666666666665
RF,1,1,0,0.29
RF,1,0,1,0.58
RF,1,0,0,0.1275
RF,1,0,0,0.23666666666666666
RF,1,0,0,0.23
RF,1,0,0,0.37333333333333335
RF,1,0,0,0.21
RF,1,0,0,0.10744444444444445
RF,1,0,0,0.03
RF,1,0,0,0.19
RF,1,1,0,0.4633333333333333
RF,1,0,0,0.13688888888888887
RF,1,0,0,0.20666666666666667
RF,1,0,0,0.32666666666666666
RF,1,1,0,0.07
RF,1,0,0,0.31
RF,1,1,1,0.55
RF,1,0,0,0.16666666666666666
RF,1,0,0,0.20444444444444443
RF,1,1,0,0.27
RF,1,0,1,0.6333333333333333
RF,1,0,0,0.12166666666666667
RF,1,1,1,0.8966666666666666
RF,1,1,1,0.6
RF,1,0,0,0.4673518518518519
RF,1,0,0,0.12333333333333334
RF,1,1,0,0.12
RF,1,1,0,0.17
RF,1,0,0,0.12333333333333334
RF,1,0,0,0.11666666666666667
RF,1,0,0,0.056666666666666664
RF,1,0,0,0.08333333333333333
RF,1,0,0,0.33666666666666667
RF,1,0,0,0.09416666666666666
RF,1,1,0,0.37666666666666665
RF,1,0,0,0.22111111111111115
RF,1,0,1,0.69
RF,1,0,0,0.04
RF,1,0,0,0.36666666666666664
RF,1,0,0,0.09666666666666666
RF,1,0,1,0.7433333333333333
RF,1,1,0,0.11666666666666667
RF,1,0,0,0.26666666666666666
RF,1,0,0,0.15333333333333332
RF,2,0,0,0.04666666666666667
RF,2,0,0,0.15
RF,2,0,0,0.17
RF,2,0,0,0.01
RF,2,0,1,0.7247222222222222
RF,2,1,0,0.4
RF,2,1,0,0.08333333333333333
RF,2,1,1,0.6333333333333333
RF,2,0,0,0.08666666666666667
RF,2,0,0,0.3613888888888889
RF,2,0,0,0.011666666666666667
RF,2,0,0,0.016666666666666666
RF,2,0,1,0.55
RF,2,0,0,0.06666666666666667
RF,2,0,0,0.08666666666666667
RF,2,0,0,0.3333333333333333
RF,2,0,0,0.11333333333333333
RF,2,0,0,0.03638888888888889
RF,2,0,0,0.10666666666666667
RF,2,0,0,0.04405555555555555
RF,2,0,0,0.10666666666666667
RF,2,0,0,0.18333333333333332
RF,2,1,0,0.29333333333333333
RF,2,1,0,0.2633333333333333
RF,2,0,0,0.03666666666666667
RF,2,0,0,0.016666666666666666
RF,2,0,0,0.08555555555555557
RF,2,1,0,0.4266666666666667
RF,2,0,0,0.33
RF,2,0,0,0.23
RF,2,0,0,0.03
RF,2,0,0,0.18333333333333332
RF,2,0,0,0.27666666666666667
RF,2,0,0,0.06333333333333334
RF,2,1,1,0.68
RF,2,0,0,0.25333333333333335
RF,2,0,1,0.61
RF,2,0,1,0.5766666666666667
RF,2,0,0,0.07
RF,2,0,0,0.47333333333333333
RF,2,1,1,0.6833333333333333
RF,2,0,0,0.21
RF,2,1,0,0.4666666666666667
RF,2,0,0,0.02666666666666667
RF,2,0,0,0.17666666666666667
RF,2,1,0,0.10666666666666667
RF,2,0,0,0.12333333333333334
RF,2,0,0,0.31333333333333335
RF,2,0,0,0.08666666666666667
RF,2,0,1,0.5733333333333334
RF,2,0,0,0.47
RF,2,0,0,0.3333333333333333
RF,2,0,0,0.17
RF,2,1,0,0.32
RF,2,0,0,0.13333333333333333
RF,2,0,0,0.34
RF,2,0,0,0.24016666666666667
RF,2,0,0,0.27
RF,2,0,0,0.17
RF,2,1,0,0.3433333333333333
RF,2,0,0,0.15833333333333333
RF,2,0,1,0.712
RF,2,0,0,0.19333333333333333
RF,2,0,0,0.11333333333333333
RF,2,0,0,0.22333333333333333
RF,2,0,0,0.16799999999999998
RF,2,0,0,0.23333333333333334
RF,2,0,1,0.5133333333333333
RF,2,0,0,0.12
RF,2,0,0,0.20333333333333334
RF,2,0,0,0.25666666666666665
RF,2,0,0,0.08372222222222223
RF,2,1,1,0.7633333333333333
RF,2,0,0,0.3
RF,2,0,0,0.12
RF,2,0,0,0.13333333333333333
RF,2,0,0,0.26666666666666666
RF,2,1,0,0.07083333333333332
RF,2,0,0,0.2733333333333333
RF,2,0,0,0.05333333333333334
RF,2,0,0,0.22666666666666666
RF,2,0,0,0.08
RF,2,0,0,0.06666666666666667
RF,2,0,0,0.25333333333333335
RF,2,0,0,0.09666666666666666
RF,2,1,0,0.41
RF,2,0,0,0.03
RF,2,0,0,0.33
RF,2,1,0,0.16333333333333333
RF,2,1,0,0.23
RF,2,0,0,0.11666666666666667
RF,2,0,0,0.30333333333333334
RF,2,0,1,0.67
RF,2,0,0,0.23666666666666666
RF,2,0,0,0.06333333333333334
RF,2,0,0,0.34
RF,2,1,1,0.56
RF,2,0,0,0.26
RF,2,0,0,0.17333333333333334
RF,2,0,0,0.04666666666666667
RF,2,0,0,0.05333333333333334
RF,2,1,0,0.4033333333333333
RF,2,0,0,0.4091666666666667
RF,2,0,0,0.11333333333333333
RF,2,0,0,0.1711111111111111
RF,2,0,0,0.13
RF,2,1,0,0.30666666666666664
RF,2,1,1,0.7
RF,2,0,0,0.4633333333333333
RF,2,0,0,0.23
RF,2,1,0,0.17666666666666667
RF,2,1,0,0.30333333333333334
RF,2,1,0,0.21666666666666667
RF,2,0,0,0.45666666666666667
RF,2,0,0,0.12055555555555557
RF,2,0,0,0.20333333333333334
RF,2,0,0,0.05
RF,2,1,0,0.43666666666666665
RF,2,1,0,0.005
RF,2,1,1,0.5366666666666666
RF,2,0,0,0.15
RF,2,0,0,0.22
RF,2,0,0,0.27555555555555555
RF,2,0,0,0.22333333333333333
RF,2,0,0,0.17
RF,2,0,0,0.07333333333333333
RF,2,1,1,0.9066666666666666
RF,2,0,0,0.20666666666666667
RF,2,1,0,0.13
RF,2,1,0,0.43333333333333335
RF,2,0,0,0.20333333333333334
RF,2,1,1,0.6033333333333334
RF,2,0,0,0.05333333333333334
RF,2,0,0,0.05
RF,2,1,1,0.5633333333333334
RF,2,0,0,0.37
RF,2,1,0,0.02
RF,2,0,1,0.6568888888888889
RF,2,1,0,0.115
RF,2,0,0,0.17666666666666667
RF,2,0,0,0.42333333333333334
RF,2,0,0,0.32666666666666666
RF,2,1,0,0.4033333333333333
RF,2,0,0,0.023333333333333334
RF,2,1,1,0.7166666666666667
RF,2,0,0,0.08333333333333333
RF,2,0,0,0.21333333333333335
RF,2,0,0,0.17333333333333334
RF,2,0,0,0.35
RF,2,0,0,0.17
RF,2,0,0,0.29333333333333333
RF,2,0,0,0.32666666666666666
RF,2,0,0,0.24666666666666667
RF,2,0,0,0.15333333333333332
RF,2,1,0,0.5
RF,2,1,0,0.21333333333333335
RF,2,1,0,0.11166666666666666
RF,2,0,0,0.19055555555555556
RF,2,0,0,0.33
RF,2,0,0,0.1675
RF,2,0,1,0.56
RF,2,0,0,0.03
RF,2,0,0,0.4075
RF,2,0,0,0.09083333333333334
RF,2,0,0,0.023333333333333334
RF,2,0,0,0.13222222222222224
RF,2,0,1,0.5766666666666667
RF,2,0,0,0.3
RF,2,0,0,0.3026111111111111
RF,2,0,1,0.5371666666666667
RF,2,1,0,0.15111111111111108
RF,2,0,0,0.09
RF,2,1,0,0.40084126984126994
RF,2,0,0,0.1925
RF,2,0,0,0.15416666666666667
RF,2,0,0,0.13333333333333333
RF,2,0,0,0.16333333333333333
RF,2,0,0,0.09666666666666666
RF,2,1,0,0.25583333333333336
RF,2,1,0,0.2
RF,2,0,0,0.25333333333333335
RF,2,1,0,0.07
RF,2,0,0,0.21666666666666667
RF,2,0,0,0.06833333333333333
RF,2,0,0,0.04
RF,2,0,0,0.11333333333333333
RF,2,0,0,0.27666666666666667
RF,2,0,0,0.2833333333333333
RF,2,0,0,0.10155555555555554
RF,2,1,0,0.38
RF,2,0,0,0.41333333333333333
RF,2,0,0,0.23
RF,2,0,0,0.06
RF,2,1,0,0.4398015873015874
RF,2,1,1,0.7366666666666667
RF,2,0,0,0.08711111111111111
RF,2,0,0,0.4033333333333333
RF,2,0,0,0.04133333333333333
RF,2,0,0,0.24
RF,2,0,0,0.18666666666666668
RF,2,0,0,0.023333333333333334
RF,2,0,0,0.04833333333333333
RF,2,0,0,0.13
RF,2,1,1,0.6233333333333333
RF,2,0,1,0.6822222222222223
RF,2,0,0,0.13333333333333333
RF,2,0,0,0.04666666666666667
RF,2,0,0,0.02
RF,2,1,0,0.4
RF,2,0,0,0.03666666666666667
RF,2,1,0,0.16088888888888891
RF,2,1,0,0.2833333333333333
RF,2,0,0,0.17
RF,2,1,0,0.25
RF,2,0,0,0.22333333333333333
RF,2,1,1,0.6733333333333333
RF,2,0,0,0.11666666666666667
RF,2,1,0,0.15596825396825392
RF,2,0,0,0.22333333333333333
RF,2,0,0,0.05
RF,2,0,0,0.32666666666666666
RF,2,0,0,0.2788888888888889
RF,2,0,0,0.38333333333333336
RF,2,0,0,0.19666666666666666
RF,2,0,0,0.25666666666666665
RF,2,0,1,0.51
RF,2,0,0,0.21333333333333335
RF,2,1,0,0.13333333333333333
RF,2,0,0,0.17333333333333334
RF,2,0,0,0.04
RF,2,0,0,0.26666666666666666
RF,2,0,0,0.15333333333333332
RF,2,0,0,0.08333333333333333
RF,2,0,0,0.28
RF,2,0,0,0.15333333333333332
RF,2,0,0,0.09666666666666666
RF,2,0,0,0.25333333333333335
RF,2,1,0,0.38333333333333336
RF,2,0,0,0.4633333333333333
RF,2,1,0,0.5
RF,2,0,0,0.21
RF,2,0,0,0.16
RF,2,1,0,0.17666666666666667
RF,2,0,0,0.10666666666666667
RF,2,0,0,0.09777777777777777
RF,2,0,0,0.24333333333333335
RF,2,0,0,0.25666666666666665
RF,2,0,0,0.22666666666666666
RF,2,0,0,0.14333333333333334
RF,2,0,0,0.16411111111111112
RF,2,0,0,0.05333333333333334
RF,2,0,0,0.043333333333333335
RF,2,0,0,0.32666666666666666
RF,2,0,0,0.3333333333333333
RF,2,0,0,0.22
RF,2,0,0,0.14
RF,2,1,0,0.2711904761904762
RF,2,0,0,0.42333333333333334
RF,2,0,0,0.17533333333333334
RF,2,1,1,0.54
RF,2,0,0,0.23333333333333334
RF,2,0,0,0.04777777777777777
RF,2,0,0,0.21333333333333335
RF,2,0,1,0.7633333333333333
RF,2,0,0,0.02666666666666667
RF,2,0,0,0.12666666666666668
RF,2,0,0,0.13333333333333333
RF,2,0,0,0.12666666666666668
RF,2,0,1,0.5533333333333333
RF,2,0,0,0.08333333333333333
RF,2,0,0,0.23111111111111116
RF,2,1,0,0.17
RF,2,0,0,0.023333333333333334
RF,2,1,0,0.115
RF,2,0,0,0.14055555555555554
RF,2,0,0,0.47333333333333333
RF,2,0,0,0.2733333333333333
RF,2,1,0,0.09333333333333334
RF,2,0,0,0.3566666666666667
RF,2,0,0,0.22
RF,2,0,1,0.54
RF,2,0,0,0.25333333333333335
RF,2,0,0,0.10333333333333333
RF,2,0,0,0.23
RF,2,0,0,0.20022222222222222
RF,2,1,0,0.25666666666666665
RF,2,0,0,0.11
RF,2,0,0,0.32
RF,2,0,0,0.11666666666666667
RF,2,0,0,0.051666666666666666
RF,2,0,0,0.04666666666666667
RF,2,0,0,0.06333333333333334
RF,2,0,0,0.19333333333333333
RF,2,1,0,0.06
RF,2,0,0,0.11
RF,2,0,0,0.21416666666666667
RF,2,0,0,0.49333333333333335
RF,2,0,0,0.19666666666666666
RF,2,0,0,0.3433333333333333
RF,2,1,0,0.43333333333333335
RF,2,0,0,0.12
RF,2,0,0,0.16
RF,2,0,0,0.08666666666666667
RF,2,0,0,0.35333333333333333
RF,2,0,0,0.23
RF,2,0,0,0.03166666666666667
RF,2,0,0,0.2633333333333333
RF,2,0,0,0.013333333333333334
RF,2,0,0,0.06333333333333334
RF,2,0,0,0.06
RF,2,0,0,0.19666666666666666
RF,2,0,0,0.115
RF,2,0,0,0.5
RF,2,1,0,0.13666666666666666
RF,2,0,0,0.26666666666666666
RF,2,0,0,0.09333333333333334
RF,2,0,0,0.21
RF,2,0,0,0.23666666666666666
RF,2,0,0,0.24333333333333335
RF,2,0,0,0.20333333333333334
RF,2,0,0,0.19333333333333333
RF,2,1,0,0.23333333333333334
RF,2,1,0,0.13666666666666666
RF,2,0,0,0.06666666666666667
RF,2,0,1,0.8233333333333334
RF,2,1,0,0.3433333333333333
RF,2,0,0,0.28
RF,2,1,0,0.2833333333333333
RF,2,0,0,0.35333333333333333
RF,2,0,0,0.09
RF,2,1,0,0.1
RF,2,0,0,0.13333333333333333
RF,2,0,0,0.12666666666666668
RF,2,1,0,0.09666666666666666
RF,2,0,0,0.07
RF,2,1,1,0.61
RF,2,0,0,0.17
RF,2,1,0,0.02666666666666667
RF,2,0,0,0.09
RF,2,1,1,0.653888888888889
RF,2,1,0,0.35333333333333333
RF,2,0,0,0.08333333333333333
RF,2,1,0,0.23333333333333334
RF,2,0,0,0.11888888888888888
RF,2,1,0,0.3466666666666667
RF,2,0,0,0.30333333333333334
RF,2,0,0,0.05333333333333334
RF,2,0,0,0.04
RF,2,0,0,0.043333333333333335
RF,2,0,0,0.03333333333333333
RF,2,1,0,0.4633333333333333
RF,2,1,1,0.8333333333333334
RF,2,0,0,0.29333333333333333
RF,2,0,0,0.21
RF,2,0,0,0.22
RF,2,0,0,0.4033333333333333
RF,2,0,0,0.1
RF,2,0,0,0.1708333333333333
RF,2,1,0,0.16666666666666666
RF,2,1,0,0.15
RF,2,1,1,0.74
RF,2,0,0,0.32666666666666666
RF,2,0,0,0.19305555555555556
RF,2,1,0,0.10666666666666667
RF,2,0,0,0.21333333333333335
RF,2,0,0,0.19
RF,2,0,0,0.31
RF,2,0,0,0.08666666666666667
RF,2,0,0,0.3
RF,2,0,0,0.14666666666666667
RF,2,1,1,0.66
RF,2,0,0,0.023333333333333334
RF,2,1,1,0.6166666666666667
RF,2,0,0,0.07
RF,2,0,0,0.15333333333333332
RF,2,0,0,0.15666666666666668
RF,2,0,0,0.25
RF,2,0,1,0.5733333333333334
RF,2,0,0,0.4
RF,2,0,0,0.04
RF,2,0,0,0.13666666666666666
RF,2,0,0,0.15666666666666668
RF,2,0,0,0.03
RF,2,0,0,0.43
RF,2,0,0,0.17366666666666666
RF,2,1,0,0.09666666666666666
RF,2,1,1,0.6033333333333334
RF,2,0,0,0.2833333333333333
RF,2,0,0,0.36666666666666664
RF,2,1,0,0.23333333333333334
RF,2,0,0,0.1
RF,2,1,0,0.3433333333333333
RF,2,0,0,0.13833333333333334
RF,2,1,1,0.6772777777777778
RF,2,0,0,0.016666666666666666
RF,2,0,0,0.41
RF,2,0,0,0.11388888888888889
RF,2,1,1,0.5466666666666666
RF,2,0,0,0.23
RF,2,0,0,0.16916666666666666
RF,2,0,0,0.2966666666666667
RF,2,0,1,0.6266666666666667
RF,2,0,0,0.37666666666666665
RF,2,0,0,0.05
RF,2,0,0,0.10333333333333333
RF,2,0,0,0.07444444444444444
RF,2,0,0,0.32666666666666666
RF,2,1,0,0.26
RF,2,0,0,0.09333333333333334
RF,2,1,0,0.43333333333333335
RF,2,1,0,0.3933333333333333
RF,2,1,0,0.3688888888888889
RF,2,0,0,0.20333333333333334
RF,2,1,0,0.34
RF,2,0,0,0.19666666666666666
RF,2,0,0,0.23333333333333334
RF,2,1,0,0.32
RF,2,0,0,0.34
RF,2,0,0,0.3433333333333333
RF,2,0,0,0.17333333333333334
RF,2,0,0,0.18333333333333332
RF,2,0,0,0.15
RF,2,0,1,0.6733333333333333
RF,2,0,0,0.26216666666666666
RF,2,0,0,0.2833333333333333
RF,2,1,0,0.23666666666666666
RF,2,0,0,0.36333333333333334
RF,2,1,0,0.24666666666666667
RF,2,0,0,0.09333333333333334
RF,2,0,0,0.003611111111111111
RF,2,0,0,0.14
RF,2,0,0,0.37333333333333335
RF,2,0,0,0.32666666666666666
RF,2,1,0,0.21
RF,2,0,0,0.12805555555555556
RF,2,1,0,0.4066666666666667
RF,2,0,0,0.16666666666666666
RF,2,0,0,0.023333333333333334
RF,2,0,0,0.3944444444444446
RF,2,0,0,0.13666666666666666
RF,2,0,1,0.6188333333333333
RF,2,0,0,0.35888888888888887
RF,2,0,0,0.19
RF,2,0,0,0.07055555555555557
RF,2,0,0,0.31666666666666665
RF,2,0,0,0.16
RF,2,0,0,0.19666666666666666
RF,2,0,0,0.02
RF,2,0,0,0.11333333333333333
RF,2,0,0,0.3333333333333333
RF,2,0,0,0.10666666666666667
RF,2,0,0,0.17333333333333334
RF,2,0,0,0.10333333333333333
RF,2,0,0,0.043333333333333335
RF,2,0,0,0.25
RF,2,0,0,0.06333333333333334
RF,2,0,0,0.32083333333333336
RF,2,1,0,0.37333333333333335
RF,2,0,0,0.44
RF,2,0,0,0.13
RF,2,0,1,0.53
RF,2,0,0,0.15666666666666668
RF,2,0,0,0.23
RF,2,0,1,0.5966666666666667
RF,2,0,0,0.14166666666666666
RF,2,1,0,0.22777777777777777
RF,2,0,0,0.15596825396825392
RF,2,0,0,0.056666666666666664
RF,2,0,0,0.09333333333333334
RF,2,0,0,0.22666666666666666
RF,2,1,0,0.16
RF,2,1,0,0.2
RF,2,0,0,0.18
RF,2,1,0,0.4033333333333333
RF,2,0,0,0.23
RF,2,0,0,0.15
RF,2,1,0,0.25666666666666665
RF,2,0,0,0.03
RF,2,0,0,0.23272222222222222
RF,2,1,0,0.11666666666666667
RF,2,0,0,0.056666666666666664
RF,2,1,0,0.31666666666666665
RF,2,0,0,0.49666666666666665
RF,2,0,0,0.46
RF,2,0,0,0.44
RF,2,0,0,0.11666666666666667
RF,2,0,0,0.08333333333333333
RF,2,0,0,0.2866666666666667
RF,2,1,0,0.38333333333333336
RF,2,0,0,0.17666666666666667
RF,2,1,1,0.6033333333333334
RF,2,1,0,0.28
RF,2,0,0,0.13666666666666666
RF,2,0,0,0.07522222222222222
RF,2,0,0,0.14833333333333334
RF,2,0,0,0.12666666666666668
RF,2,0,0,0.37
RF,2,0,0,0.27
RF,2,0,1,0.6333333333333333
RF,2,0,0,0.11333333333333333
RF,2,0,0,0.3233333333333333
RF,2,0,0,0.1
RF,2,0,0,0.4533333333333333
RF,2,0,0,0.15333333333333332
RF,2,0,0,0.23666666666666666
RF,2,0,0,0.17
RF,2,0,0,0.23
RF,2,0,1,0.6266666666666667
RF,2,0,0,0.08666666666666667
RF,2,0,0,0.03
RF,2,0,0,0.21361111111111108
RF,2,0,0,0.12
RF,2,1,0,0.36333333333333334
RF,2,0,0,0.17
RF,2,1,0,0.12694444444444444
RF,2,0,0,0.12583333333333332
RF,2,0,1,0.6233333333333333
RF,2,0,0,0.016666666666666666
RF,2,0,0,0.4
RF,2,0,0,0.1557777777777778
RF,2,0,0,0.09333333333333334
RF,2,0,0,0.24666666666666667
RF,2,0,0,0.07333333333333333
RF,2,1,0,0.023333333333333334
RF,2,1,0,0.44022222222222224
RF,2,1,0,0.29
RF,2,1,0,0.23333333333333334
RF,2,0,0,0.12666666666666668
RF,2,1,0,0.4666666666666667
RF,2,0,0,0.24666666666666667
RF,2,0,0,0.06666666666666667
RF,2,0,1,0.62
RF,2,1,1,0.6766666666666666
RF,2,0,0,0.2877777777777778
RF,2,1,0,0.37666666666666665
RF,2,0,0,0.4
RF,2,0,0,0.12666666666666668
RF,2,0,0,0.13666666666666666
RF,2,0,0,0.14666666666666667
RF,2,1,1,0.52
RF,2,0,0,0.19333333333333333
RF,2,1,0,0.33666666666666667
RF,2,0,0,0.23
RF,2,0,0,0.07333333333333333
RF,2,0,0,0.09666666666666666
RF,2,0,0,0.23666666666666666
RF,2,0,0,0.16444444444444442
RF,2,0,1,0.5266666666666666
RF,2,0,0,0.03333333333333333
RF,2,0,0,0.07488888888888887
RF,2,1,1,0.7533333333333333
RF,2,1,0,0.05753968253968254
RF,2,0,0,0.14
RF,2,0,0,0.08
RF,2,1,0,0.26
RF,2,0,0,0.10827777777777778
RF,2,1,0,0.32666666666666666
RF,2,0,0,0.25073809523809526
RF,2,0,0,0.31333333333333335
RF,2,0,0,0.10666666666666667
RF,2,0,0,0.21333333333333335
RF,2,1,0,0.43
RF,2,0,0,0.20666666666666667
RF,2,0,0,0.14833333333333334
RF,2,0,0,0.11333333333333333
RF,2,0,0,0.14444444444444446
RF,2,0,0,0.08499999999999999
RF,2,0,0,0.24333333333333335
RF,2,0,0,0.04666666666666667
RF,2,0,0,0.15666666666666668
RF,2,0,0,0.19333333333333333
RF,2,0,0,0.18333333333333332
RF,2,0,0,0.11333333333333333
RF,2,0,0,0.021111111111111112
RF,2,0,0,0.03333333333333333
RF,2,0,0,0.43666666666666665
RF,2,0,0,0.37555555555555564
RF,2,1,0,0.17666666666666667
RF,2,0,0,0.43333333333333335
RF,2,0,0,0.06333333333333334
RF,2,0,0,0.3466666666666667
RF,2,0,0,0.21
RF,2,0,0,0.22333333333333333
RF,2,0,0,0.11
RF,2,0,0,0.2
RF,2,0,0,0.13916666666666663
RF,2,1,0,0.4
RF,2,0,0,0.21138888888888888
RF,2,0,0,0.42
RF,2,0,0,0.17666666666666667
RF,2,0,0,0.18333333333333332
RF,2,0,0,0.30666666666666664
RF,2,0,0,0.22666666666666666
RF,2,0,0,0.14666666666666667
RF,2,1,0,0.13527777777777777
RF,2,0,0,0.035
RF,2,0,0,0.06
RF,2,1,0,0.36
RF,2,0,0,0.17666666666666667
RF,2,0,0,0.1
RF,2,0,0,0.16
RF,2,0,0,0.32666666666666666
RF,2,1,0,0.39666666666666667
RF,2,0,0,0.09
RF,2,0,0,0.27
RF,2,0,0,0.4666666666666667
RF,2,0,0,0.08333333333333333
RF,2,0,0,0.27666666666666667
RF,2,1,0,0.16333333333333333
RF,2,0,0,0.03
RF,2,0,0,0.030500000000000003
RF,2,0,0,0.16333333333333333
RF,2,0,0,0.08333333333333333
RF,2,1,0,0.17961111111111117
RF,2,0,0,0.08972222222222222
RF,2,0,0,0.16
RF,2,0,0,0.07333333333333333
RF,2,0,0,0.03
RF,2,1,0,0.19
RF,2,0,0,0.4166666666666667
RF,2,0,0,0.09333333333333334
RF,2,0,0,0.06333333333333334
RF,2,0,0,0.3
RF,2,0,0,0.19
RF,2,0,0,0.16333333333333333
RF,2,0,0,0.21777777777777782
RF,2,0,0,0.0468888888888889
RF,2,0,0,0.2633333333333333
RF,2,0,0,0.37333333333333335
RF,2,1,0,0.07666666666666666
RF,2,0,0,0.32
RF,2,0,0,0.11
RF,2,0,0,0.08
RF,2,0,0,0.07
RF,2,1,0,0.4666666666666667
RF,2,0,0,0.24333333333333335
RF,2,0,0,0.05
RF,2,0,0,0.26
RF,2,0,0,0.16333333333333333
RF,2,0,0,0.3
RF,2,0,0,0.03666666666666667
RF,2,0,0,0.19833333333333333
RF,2,1,0,0.02666666666666667
RF,2,0,1,0.56
RF,2,1,0,0.28
RF,2,0,0,0.14416666666666667
RF,2,0,0,0.5
RF,2,1,0,0.30333333333333334
RF,2,0,0,0.07
RF,2,0,0,0.17666666666666667
RF,2,1,0,0.07333333333333333
RF,2,0,0,0.16666666666666666
RF,2,0,0,0.21333333333333335
RF,2,0,0,0.125
RF,2,0,0,0.32666666666666666
RF,2,1,0,0.41333333333333333
RF,2,0,0,0.08944444444444444
RF,2,1,1,0.61
RF,2,0,0,0.09
RF,2,0,0,0.24
RF,2,0,1,0.715
RF,2,1,0,0.2966666666666667
RF,2,1,0,0.15722222222222224
RF,2,0,0,0.29333333333333333
RF,2,0,0,0.43333333333333335
RF,2,0,0,0.44666666666666666
RF,2,0,0,0.05333333333333334
RF,2,1,0,0.22
RF,2,0,0,0.05333333333333334
RF,2,0,0,0.11333333333333333
RF,2,1,0,0.16666666666666666
RF,2,0,0,0.2970436507936509
RF,2,0,0,0.16666666666666666
RF,2,0,0,0.3233333333333333
RF,2,1,0,0.10666666666666667
RF,2,1,0,0.4033333333333333
RF,2,0,0,0.24333333333333335
RF,2,0,1,0.54
RF,2,0,0,0.11355555555555556
RF,2,1,1,0.6066666666666667
RF,2,0,0,0.3433333333333333
RF,2,0,0,0.36333333333333334
RF,2,0,0,0.17333333333333334
RF,2,0,0,0.31210317460317466
RF,2,1,0,0.0825
RF,2,1,0,0.37333333333333335
RF,2,0,0,0.161
RF,2,0,0,0.05
RF,2,0,0,0.11333333333333333
RF,2,0,0,0.13333333333333333
RF,2,0,0,0.10555555555555554
RF,2,1,0,0.29
RF,2,0,0,0.22666666666666666
RF,2,1,0,0.15
RF,2,1,0,0.21666666666666667
RF,2,1,0,0.10666666666666667
RF,2,0,0,0.48
RF,2,0,0,0.14833333333333334
RF,2,0,0,0.08
RF,2,0,0,0.2633333333333333
RF,2,1,0,0.02666666666666667
RF,2,1,0,0.10805555555555557
RF,2,1,0,0.42333333333333334
RF,2,0,0,0.18
RF,2,0,0,0.24333333333333335
RF,2,0,0,0.19666666666666666
RF,2,1,1,0.5033333333333333
RF,2,0,0,0.17
RF,2,0,0,0.09555555555555556
RF,2,0,0,0.16333333333333333
RF,2,1,0,0.11
RF,2,0,0,0.30666666666666664
RF,2,0,0,0.06666666666666667
RF,2,1,1,0.6233333333333333
RF,2,0,0,0.15666666666666668
RF,2,0,0,0.18
RF,2,0,0,0.03333333333333333
RF,2,0,0,0.28372222222222226
RF,2,0,0,0.21
RF,2,0,0,0.02
RF,2,0,0,0.14333333333333334
RF,2,0,0,0.2425
RF,2,0,0,0.175
RF,2,0,0,0.17555555555555558
RF,2,0,0,0.21666666666666667
RF,2,0,0,0.17666666666666667
RF,2,0,0,0.12888888888888891
RF,2,0,0,0.03333333333333333
RF,2,0,0,0.16
RF,2,0,0,0.25333333333333335
RF,2,0,0,0.09
RF,2,0,0,0.48
RF,2,1,1,0.6166666666666667
RF,2,0,0,0.15
RF,2,0,0,0.27
RF,2,0,0,0.0941111111111111
RF,2,0,0,0.4033333333333333
RF,2,0,0,0.14
RF,2,0,0,0.15666666666666668
RF,2,0,0,0.3466666666666667
RF,2,0,0,0.08666666666666667
RF,2,1,0,0.04
RF,2,0,0,0.09888888888888889
RF,2,0,0,0.08333333333333333
RF,2,0,0,0.18
RF,2,0,0,0.14333333333333334
RF,2,0,0,0.48
RF,2,0,0,0.19666666666666666
RF,2,0,0,0.15155555555555558
RF,2,0,0,0.02666666666666667
RF,2,1,0,0.25
RF,2,1,0,0.38
RF,2,0,0,0.2726111111111111
RF,2,0,0,0.15388888888888888
RF,2,0,0,0.13666666666666666
RF,2,0,0,0.06333333333333334
RF,2,0,0,0.09
RF,2,0,0,0.18
RF,2,0,0,0.29
RF,2,0,0,0.2633333333333333
RF,2,0,0,0.06194444444444444
RF,2,0,0,0.19333333333333333
RF,2,0,0,0.20666666666666667
RF,2,1,1,0.6333333333333333
RF,2,1,0,0.27666666666666667
RF,2,0,0,0.23333333333333334
RF,2,0,0,0.44
RF,2,1,1,0.69
RF,2,1,0,0.31333333333333335
RF,2,1,1,0.7733333333333333
RF,2,1,0,0.08666666666666667
RF,2,0,0,0.20666666666666667
RF,2,1,0,0.0275
RF,2,1,0,0.2966666666666667
RF,2,0,0,0.24
RF,2,0,0,0.09333333333333334
RF,2,0,0,0.11
RF,2,0,0,0.19
RF,2,0,0,0.31
RF,2,0,0,0.04666666666666667
RF,2,1,0,0.24666666666666667
RF,2,0,0,0.06
RF,2,0,0,0.11333333333333333
RF,2,0,0,0.36333333333333334
RF,2,1,0,0.15
RF,2,0,0,0.09333333333333334
RF,2,0,0,0.06333333333333334
RF,2,1,0,0.3433333333333333
RF,2,0,0,0.22
RF,2,1,0,0.14
RF,2,0,0,0.19666666666666666
RF,2,1,1,0.6266666666666667
RF,2,0,0,0.15
RF,2,0,0,0.12
RF,2,0,0,0.03027777777777778
RF,2,0,0,0.06694444444444445
RF,2,1,1,0.5833333333333334
RF,2,0,0,0.15
RF,2,0,0,0.24333333333333335
RF,2,0,0,0.31718253968253973
RF,2,0,0,0.16
RF,2,1,0,0.24666666666666667
RF,2,0,0,0.05
RF,2,0,0,0.12333333333333334
RF,2,0,1,0.59
RF,2,0,0,0.03666666666666667
RF,2,0,0,0.14
RF,2,0,0,0.16694444444444442
RF,2,0,0,0.2633333333333333
RF,2,1,0,0.026111111111111113
RF,2,0,0,0.17333333333333334
RF,2,0,0,0.20444444444444443
RF,2,0,0,0.09666666666666666
RF,2,0,0,0.06538888888888889
RF,2,0,0,0.22333333333333333
RF,2,0,0,0.12
RF,2,0,0,0.24811111111111112
RF,2,0,0,0.16666666666666666
RF,2,0,0,0.36333333333333334
RF,2,1,0,0.21333333333333335
RF,2,0,0,0.13333333333333333
RF,2,0,1,0.77
RF,2,0,0,0.13
RF,2,1,0,0.2866666666666667
RF,2,1,1,0.67
RF,2,0,0,0.2866666666666667
RF,2,0,1,0.5463888888888888
RF,2,0,0,0.27579365079365076
RF,2,0,0,0.06666666666666667
RF,2,0,0,0.07666666666666666
RF,2,0,0,0.07666666666666666
RF,2,1,0,0.4866666666666667
RF,2,0,0,0.18333333333333332
RF,2,1,0,0.4066666666666667
RF,2,0,0,0.45
RF,2,0,0,0.05333333333333334
RF,2,0,0,0.11333333333333333
RF,2,1,1,0.5533333333333333
RF,2,0,1,0.8466666666666667
RF,2,0,0,0.12072222222222226
RF,2,0,0,0.29333333333333333
RF,2,0,0,0.3112222222222222
RF,2,0,0,0.13666666666666666
RF,2,0,0,0.1
RF,2,0,0,0.25833333333333336
RF,2,0,0,0.18
RF,2,0,0,0.44
RF,2,0,0,0.07333333333333333
RF,2,1,0,0.2
RF,2,1,0,0.08666666666666667
RF,2,0,0,0.39666666666666667
RF,2,0,0,0.10366666666666667
RF,2,1,0,0.14590476190476187
RF,2,1,0,0.29333333333333333
RF,2,0,0,0.08333333333333333
RF,2,1,0,0.03
RF,2,0,0,0.27
RF,2,0,0,0.34
RF,2,0,0,0.01
RF,2,0,0,0.04833333333333333
RF,2,1,0,0.13
RF,2,0,1,0.5295952380952382
RF,2,0,0,0.49666666666666665
RF,2,0,0,0.2833333333333333
RF,2,0,0,0.14333333333333334
RF,2,0,0,0.31666666666666665
RF,2,1,0,0.4866666666666667
RF,2,0,0,0.014166666666666666
RF,2,0,0,0.24
RF,2,0,0,0.36333333333333334
RF,2,0,0,0.06333333333333334
RF,2,0,0,0.09666666666666666
RF,2,0,0,0.33
RF,2,1,1,0.53
RF,2,0,0,0.40611111111111114
RF,2,0,0,0.37
RF,2,0,0,0.2866666666666667
RF,2,1,1,0.78
RF,2,1,0,0.15166666666666667
RF,2,0,0,0.08
RF,2,0,0,0.22
RF,2,1,0,0.23
RF,2,0,0,0.16
RF,2,0,0,0.16694444444444442
RF,2,0,0,0.163
RF,2,0,0,0.30666666666666664
RF,2,0,0,0.39633333333333337
RF,2,0,0,0.08666666666666667
RF,2,0,0,0.37333333333333335
RF,2,0,0,0.19333333333333333
RF,2,0,0,0.2866666666666667
RF,2,0,0,0.27
RF,2,0,0,0.17666666666666667
RF,2,0,1,0.5533333333333333
RF,2,1,0,0.15666666666666668
RF,2,0,0,0.056666666666666664
RF,2,0,0,0.4533333333333333
RF,2,1,0,0.33
RF,2,0,0,0.18333333333333332
RF,2,0,0,0.26666666666666666
RF,2,0,0,0.13
RF,2,0,1,0.6647222222222223
RF,2,1,0,0.2377777777777778
RF,2,1,1,0.5533333333333333
RF,2,0,0,0.20285714285714285
RF,2,0,0,0.0901111111111111
RF,2,0,0,0.15333333333333332
RF,2,0,0,0.21333333333333335
RF,2,1,0,0.17333333333333334
RF,2,1,0,0.38333333333333336
RF,2,0,0,0.14455555555555558
RF,2,1,0,0.29333333333333333
RF,2,0,0,0.05
RF,2,0,0,0.2866666666666667
RF,2,0,0,0.11333333333333333
RF,2,0,0,0.013333333333333334
RF,2,0,1,0.5566666666666666
RF,2,0,0,0.25333333333333335
RF,2,1,0,0.24777777777777782
RF,2,0,0,0.37333333333333335
RF,2,0,0,0.18333333333333332
RF,2,0,0,0.43333333333333335
RF,2,0,0,0.38333333333333336
RF,2,0,1,0.5833333333333334
RF,2,0,0,0.08
RF,2,0,0,0.04
RF,2,1,1,0.54
RF,2,0,0,0.255
RF,2,0,0,0.11333333333333333
RF,2,0,0,0.1325
RF,2,1,0,0.2866666666666667
RF,2,0,0,0.02022222222222222
RF,2,0,0,0.08333333333333333
RF,2,0,0,0.09
RF,2,0,0,0.15
RF,2,0,0,0.2833333333333333
RF,2,0,0,0.22333333333333333
RF,2,0,0,0.0033333333333333335
RF,2,0,0,0.34
RF,2,0,0,0.02
RF,2,0,0,0.3
RF,2,0,0,0.345
RF,2,0,0,0.22333333333333333
RF,2,1,0,0.49333333333333335
RF,2,1,0,0.2833333333333333
RF,2,0,0,0.04777777777777778
RF,2,0,0,0.10333333333333333
RF,2,0,0,0.027777777777777773
RF,2,0,0,0.39666666666666667
RF,2,0,0,0.058333333333333334
RF,2,1,0,0.32666666666666666
RF,2,0,0,0.13
RF,2,0,0,0.24944444444444447
RF,2,0,1,0.5033333333333333
RF,2,0,1,0.7533333333333333
RF,2,0,0,0.10166666666666667
RF,2,0,0,0.23666666666666666
RF,2,0,0,0.021111111111111112
RF,2,0,0,0.31
RF,2,0,0,0.25333333333333335
RF,2,0,0,0.06333333333333334
RF,2,0,0,0.14
RF,2,0,0,0.23
RF,2,0,0,0.10333333333333333
RF,2,0,0,0.23666666666666666
RF,2,0,0,0.38666666666666666
RF,2,0,0,0.1378452380952381
RF,2,0,1,0.5466666666666666
RF,2,0,0,0.49
RF,2,0,0,0.18666666666666668
RF,2,0,0,0.2
RF,2,1,1,0.5466666666666666
RF,2,0,0,0.018333333333333333
RF,2,0,0,0.03666666666666667
RF,2,1,0,0.20755555555555558
RF,2,0,0,0.22444444444444442
RF,2,0,0,0.043333333333333335
RF,2,0,0,0.23666666666666666
RF,2,0,0,0.048388888888888884
RF,2,0,0,0.158
RF,2,0,0,0.4633333333333333
RF,2,0,0,0.13
RF,2,0,0,0.25
RF,2,0,0,0.10333333333333333
RF,2,0,0,0.1
RF,2,0,0,0.19333333333333333
RF,2,0,0,0.12666666666666668
RF,2,0,0,0.4166666666666667
RF,2,0,0,0.06
RF,2,0,0,0.16
RF,2,0,0,0.04377777777777778
RF,2,1,1,0.5166666666666667
RF,2,1,0,0.3933333333333333
RF,2,0,0,0.36666666666666664
RF,2,1,1,0.67
RF,2,0,0,0.3333333333333333
RF,2,0,0,0.17666666666666667
RF,2,0,0,0.28555555555555556
RF,2,1,0,0.38666666666666666
RF,2,0,0,0.14333333333333334
RF,2,0,0,0.2733333333333333
RF,2,0,0,0.043333333333333335
RF,2,0,0,0.04
RF,2,0,1,0.5533333333333333
RF,2,0,0,0.15666666666666668
RF,2,0,0,0.07
RF,2,0,0,0.4533333333333333
RF,2,0,0,0.03
RF,2,1,0,0.29
RF,2,0,0,0.04666666666666667
RF,2,0,1,0.5633333333333334
RF,2,0,0,0.016666666666666666
RF,2,0,0,0.21666666666666667
RF,2,0,0,0.46
RF,2,1,0,0.2833333333333333
RF,2,1,0,0.4633333333333333
RF,2,0,0,0.09333333333333334
RF,2,1,1,0.8133333333333334
RF,2,0,0,0.41
RF,2,1,0,0.04
RF,2,0,0,0.11666666666666667
RF,2,1,1,0.73
RF,2,0,0,0.31666666666666665
RF,2,0,0,0.12888888888888891
RF,2,0,0,0.18
RF,2,1,0,0.3466666666666667
RF,2,0,0,0.36666666666666664
RF,2,0,0,0.2
RF,2,1,0,0.04666666666666667
RF,2,0,0,0.08666666666666667
RF,2,0,0,0.11
RF,2,0,0,0.11
RF,2,0,0,0.19666666666666666
RF,2,0,0,0.1688888888888889
RF,2,0,0,0.48
RF,2,0,0,0.08666666666666667
RF,2,0,0,0.24
RF,2,0,0,0.07333333333333333
RF,2,0,0,0.2866666666666667
RF,2,0,0,0.20666666666666667
RF,2,1,0,0.3333333333333333
RF,2,0,0,0.25666666666666665
RF,2,0,0,0.14333333333333334
RF,2,0,0,0.23666666666666666
RF,2,0,0,0.23
RF,2,1,1,0.51
RF,2,0,0,0.06333333333333334
RF,2,1,0,0.02
RF,2,0,0,0.12666666666666668
RF,2,1,0,0.39
RF,2,0,0,0.20333333333333334
RF,2,1,0,0.12666666666666668
RF,2,0,0,0.30666666666666664
RF,2,0,0,0.07666666666666666
RF,2,0,0,0.17633333333333334
RF,2,0,0,0.1688888888888889
RF,2,0,0,0.16333333333333333
RF,2,1,0,0.29
RF,2,0,0,0.1
RF,2,0,0,0.08222222222222222
RF,2,0,0,0.48333333333333334
RF,2,0,0,0.29611111111111116
RF,2,0,0,0.19166666666666668
RF,2,0,0,0.16333333333333333
RF,2,0,0,0.06333333333333334
RF,2,0,0,0.08333333333333333
RF,2,0,0,0.23
RF,2,0,0,0.13
RF,2,0,0,0.015944444444444445
RF,2,0,0,0.25333333333333335
RF,2,1,0,0.30333333333333334
RF,2,0,0,0.13666666666666666
RF,2,0,0,0.12594444444444447
RF,2,0,0,0.08333333333333333
RF,2,0,0,0.2763888888888889
RF,2,0,0,0.2966666666666667
RF,2,0,0,0.09
RF,2,0,0,0.37
RF,2,0,0,0.08666666666666667
RF,2,0,0,0.013333333333333334
RF,2,1,0,0.29
RF,2,0,0,0.14666666666666667
RF,2,0,0,0.09
RF,2,0,0,0.03666666666666667
RF,2,0,0,0.3283333333333333
RF,2,1,1,0.5166666666666667
RF,2,1,0,0.12
RF,2,0,0,0.08333333333333333
RF,2,0,1,0.665
RF,2,0,0,0.12333333333333334
RF,2,1,0,0.30333333333333334
RF,2,0,0,0.16333333333333333
RF,2,1,0,0.10043650793650793
RF,2,0,0,0.23
RF,2,1,0,0.16
RF,2,0,0,0.14
RF,2,0,0,0.043333333333333335
RF,2,0,0,0.19333333333333333
RF,2,0,0,0.08666666666666667
RF,2,0,0,0.17
RF,2,0,0,0.36666666666666664
RF,2,0,0,0.06333333333333334
RF,2,1,1,0.6766666666666666
RF,2,0,0,0.12666666666666668
RF,2,0,0,0.02666666666666667
RF,2,0,0,0.38
RF,2,0,0,0.09
RF,2,0,0,0.22
RF,2,0,0,0.23
RF,2,1,0,0.013333333333333334
RF,2,0,0,0.21333333333333335
RF,2,0,0,0.02666666666666667
RF,2,0,1,0.6
RF,2,0,0,0.0425
RF,2,0,0,0.23333333333333334
RF,2,0,0,0.10666666666666667
RF,2,0,0,0.27666666666666667
RF,2,0,0,0.2833333333333333
RF,2,1,0,0.18074074074074076
RF,2,0,0,0.03
RF,2,0,0,0.18
RF,2,1,0,0.006666666666666667
RF,2,0,0,0.44
RF,2,0,0,0.08
RF,2,0,0,0.39
RF,2,0,0,0.19666666666666666
RF,2,0,0,0.13
RF,2,0,0,0.13
RF,2,0,0,0.2312222222222222
RF,2,1,0,0.023333333333333334
RF,2,0,0,0.14
RF,2,1,0,0.33
RF,2,1,0,0.07
RF,2,0,0,0.08666666666666667
RF,2,0,0,0.16666666666666666
RF,2,0,0,0.37
RF,2,0,0,0.1
RF,2,0,0,0.10666666666666667
RF,2,1,0,0.2677777777777778
RF,2,0,0,0.13666666666666666
RF,2,1,0,0.2127777777777778
RF,2,0,0,0.058333333333333334
RF,2,1,0,0.24
RF,2,1,0,0.2633333333333333
RF,2,0,0,0.12111111111111111
RF,2,1,1,0.7366666666666667
RF,2,0,0,0.19
RF,2,0,0,0.20333333333333334
RF,2,0,0,0.07333333333333333
RF,2,1,1,0.5133333333333333
RF,2,0,1,0.5866666666666667
RF,2,0,0,0.21333333333333335
RF,2,0,0,0.38905555555555565
RF,2,1,1,0.5166666666666667
RF,2,1,1,0.69
RF,2,0,0,0.13666666666666666
RF,2,0,0,0.22666666666666666
RF,2,1,0,0.44333333333333336
RF,2,0,0,0.10666666666666667
RF,2,1,0,0.056666666666666664
RF,2,0,0,0.061111111111111116
RF,2,1,1,0.7766666666666666
RF,2,0,0,0.08333333333333333
RF,2,1,0,0.09416666666666666
RF,2,0,0,0.08333333333333333
RF,2,1,1,0.5733333333333334
RF,2,0,0,0.3233333333333333
RF,2,1,0,0.14166666666666666
RF,2,0,0,0.10333333333333333
RF,2,0,0,0.20666666666666667
RF,2,1,0,0.13688888888888887
RF,2,0,0,0.3933333333333333
RF,2,0,0,0.06777777777777778
RF,2,0,0,0.2633333333333333
RF,2,0,0,0.1461111111111111
RF,2,1,0,0.07488888888888887
RF,2,0,0,0.15666666666666668
RF,2,1,0,0.17
RF,2,0,0,0.05
RF,2,0,1,0.6266666666666667
RF,2,0,0,0.16333333333333333
RF,2,0,0,0.14333333333333334
RF,2,0,0,0.18333333333333332
RF,2,0,0,0.03
RF,2,0,0,0.07
RF,2,0,0,0.35388888888888886
RF,2,0,0,0.15333333333333332
RF,2,1,0,0.09
RF,2,1,1,0.8733333333333333
RF,2,0,0,0.08833333333333333
RF,2,0,0,0.31666666666666665
RF,2,0,0,0.10666666666666667
RF,2,0,0,0.23
RF,2,0,0,0.12666666666666668
RF,2,1,0,0.29333333333333333
RF,2,1,0,0.23
RF,2,0,0,0.21666666666666667
RF,2,0,0,0.023333333333333334
RF,2,0,0,0.07333333333333333
RF,2,1,0,0.021666666666666667
RF,2,0,1,0.6733333333333333
RF,2,0,0,0.056666666666666664
RF,2,1,0,0.4166666666666667
RF,2,0,0,0.05333333333333334
RF,2,0,0,0.28
RF,2,0,0,0.09
RF,2,0,0,0.21
RF,2,0,0,0.06333333333333334
RF,2,0,0,0.21666666666666667
RF,2,1,0,0.0
RF,2,0,0,0.27
RF,2,0,0,0.20666666666666667
RF,2,0,0,0.11666666666666667
RF,2,0,0,0.19166666666666668
RF,2,0,0,0.17333333333333334
RF,2,0,0,0.26
RF,2,0,0,0.07
RF,2,0,0,0.019666666666666666
RF,2,0,0,0.05
RF,2,0,0,0.13333333333333333
RF,2,0,0,0.49666666666666665
RF,2,0,0,0.14833333333333334
RF,2,0,0,0.33
RF,2,0,0,0.24166666666666667
RF,2,0,0,0.17666666666666667
RF,2,0,0,0.07333333333333333
RF,2,0,0,0.03666666666666667
RF,2,0,0,0.25333333333333335
RF,2,0,0,0.056666666666666664
RF,2,0,0,0.016666666666666666
RF,2,0,0,0.3286984126984127
RF,2,0,0,0.21666666666666667
RF,2,0,0,0.37333333333333335
RF,2,0,0,0.06666666666666667
RF,2,0,0,0.47333333333333333
RF,2,1,0,0.4777777777777778
RF,2,1,1,0.54
RF,2,1,0,0.14
RF,2,0,0,0.03666666666666667
RF,2,0,0,0.11805555555555557
RF,2,1,0,0.07333333333333333
RF,2,0,0,0.03333333333333333
RF,2,0,0,0.14
RF,2,1,0,0.043333333333333335
RF,2,0,0,0.24333333333333335
RF,2,0,0,0.03833333333333333
RF,2,0,0,0.1
RF,2,0,0,0.17666666666666667
RF,2,1,1,0.51
RF,2,0,0,0.03666666666666667
RF,2,0,0,0.15
RF,2,0,0,0.05333333333333334
RF,2,1,0,0.19333333333333333
RF,2,0,0,0.04
RF,2,0,0,0.13333333333333333
RF,2,0,0,0.16333333333333333
RF,2,0,0,0.33666666666666667
RF,2,1,0,0.41
RF,2,0,0,0.35333333333333333
RF,2,0,0,0.43
RF,2,0,0,0.01
RF,2,0,0,0.15666666666666668
RF,2,0,0,0.08877777777777777
RF,2,0,0,0.24588888888888888
RF,2,0,0,0.16666666666666666
RF,2,0,0,0.10333333333333333
RF,2,0,0,0.06666666666666667
RF,2,0,0,0.23
RF,2,0,0,0.09333333333333334
RF,2,1,0,0.13666666666666666
RF,2,1,0,0.18333333333333332
RF,2,0,0,0.056666666666666664
RF,2,1,0,0.30666666666666664
RF,2,0,0,0.08577777777777777
RF,2,0,0,0.13333333333333333
RF,2,1,0,0.48
RF,2,0,0,0.13333333333333333
RF,2,0,0,0.4766666666666667
RF,2,0,0,0.07
RF,2,1,0,0.2866666666666667
RF,2,0,0,0.06388888888888888
RF,2,0,0,0.09533333333333334
RF,2,0,0,0.04666666666666667
RF,2,0,0,0.45
RF,2,0,0,0.2875
RF,2,0,0,0.18666666666666668
RF,2,1,0,0.13
RF,2,0,0,0.08666666666666667
RF,2,1,0,0.32
RF,2,0,0,0.25
RF,2,0,1,0.9666666666666667
RF,2,0,0,0.2633333333333333
RF,2,0,0,0.18333333333333332
RF,2,0,0,0.16
RF,2,0,1,0.5033333333333333
RF,2,0,0,0.09555555555555556
RF,2,0,0,0.32666666666666666
RF,2,0,0,0.25333333333333335
RF,2,0,0,0.2343333333333333
RF,2,0,0,0.22333333333333333
RF,2,1,0,0.23333333333333334
RF,2,0,0,0.17
RF,2,0,1,0.5266666666666666
RF,2,1,1,0.7733333333333333
RF,2,0,0,0.1
RF,2,0,0,0.4
RF,2,1,0,0.16694444444444445
RF,2,0,0,0.03666666666666667
RF,2,0,0,0.23666666666666666
RF,2,1,0,0.2833333333333333
RF,2,0,0,0.21
RF,2,1,0,0.31166666666666665
RF,2,0,0,0.38666666666666666
RF,2,1,0,0.09899999999999999
RF,2,0,0,0.11444444444444445
RF,2,1,1,0.76
RF,2,0,0,0.17
RF,2,0,0,0.13
RF,2,1,1,0.56
RF,2,0,0,0.16666666666666666
RF,2,0,0,0.13333333333333333
RF,2,0,0,0.13666666666666666
RF,2,0,0,0.3466666666666667
RF,2,0,0,0.27666666666666667
RF,2,0,0,0.24
RF,2,1,0,0.3233333333333333
RF,2,0,0,0.23
RF,2,0,0,0.04
RF,2,1,0,0.17666666666666667
RF,2,1,1,0.6733333333333333
RF,2,1,0,0.42
RF,2,0,0,0.06666666666666667
RF,2,0,0,0.056666666666666664
RF,2,0,0,0.19333333333333333
RF,2,1,1,0.7833333333333333
RF,2,0,0,0.28833333333333333
RF,2,0,0,0.22
RF,2,1,0,0.41333333333333333
RF,2,0,0,0.02666666666666667
RF,2,1,0,0.46
RF,2,0,0,0.31333333333333335
RF,2,0,0,0.2638888888888889
RF,2,1,0,0.24666666666666667
RF,2,1,0,0.30333333333333334
RF,2,0,0,0.3333333333333333
RF,2,0,0,0.16
RF,2,1,1,0.63
RF,2,0,0,0.07666666666666666
RF,2,0,0,0.17333333333333334
RF,2,0,0,0.36
RF,2,0,0,0.22333333333333333
RF,2,0,0,0.21
RF,2,0,0,0.17
RF,2,0,0,0.10666666666666667
RF,2,0,0,0.32666666666666666
RF,2,0,0,0.34
RF,2,0,0,0.26
RF,2,0,0,0.02
RF,2,0,0,0.31333333333333335
RF,2,0,0,0.26
RF,2,1,1,0.7966666666666666
RF,2,0,0,0.05
RF,2,0,0,0.4
RF,2,1,0,0.015555555555555557
RF,2,0,0,0.07333333333333333
RF,2,1,0,0.08333333333333333
RF,2,0,0,0.18
RF,2,0,0,0.06666666666666667
RF,2,1,0,0.14333333333333334
RF,2,0,0,0.15666666666666668
RF,2,0,0,0.18333333333333332
RF,2,0,0,0.07666666666666666
RF,2,1,0,0.10666666666666667
RF,2,0,0,0.22333333333333333
RF,2,0,0,0.22333333333333333
RF,2,0,0,0.45
RF,2,0,1,0.69
RF,2,0,0,0.21333333333333335
RF,2,1,1,0.9466666666666667
RF,2,0,0,0.35333333333333333
RF,2,0,0,0.14666666666666667
RF,2,0,0,0.26666666666666666
RF,2,0,0,0.07333333333333333
RF,2,0,0,0.25333333333333335
RF,2,0,0,0.2947777777777778
RF,2,0,0,0.18333333333333332
RF,2,0,0,0.27
RF,2,1,0,0.3433333333333333
RF,2,0,0,0.09
RF,2,0,0,0.14333333333333334
RF,2,0,1,0.8508333333333333
RF,2,0,0,0.2111111111111111
RF,2,0,0,0.23666666666666666
RF,2,0,0,0.31333333333333335
RF,2,0,0,0.08166666666666667
RF,2,0,0,0.20666666666666667
RF,2,0,0,0.32
RF,2,0,0,0.13
RF,2,0,0,0.235
RF,2,1,0,0.06
RF,2,0,0,0.07
RF,2,0,0,0.08
RF,2,0,0,0.12666666666666668
RF,2,0,1,0.7566666666666667
RF,2,0,0,0.19
RF,2,0,0,0.11
RF,2,0,0,0.33666666666666667
RF,2,0,0,0.20333333333333334
RF,2,0,1,0.63
RF,2,1,0,0.043333333333333335
RF,2,0,0,0.11333333333333333
RF,2,0,0,0.2833333333333333
RF,2,0,0,0.32666666666666666
RF,2,1,1,0.59
RF,2,0,1,0.7266666666666667
RF,2,0,0,0.4633333333333333
RF,2,0,0,0.36333333333333334
RF,2,1,0,0.46
RF,2,0,1,0.65
RF,2,1,0,0.16666666666666666
RF,2,0,0,0.06666666666666667
RF,2,0,0,0.08666666666666667
RF,2,1,0,0.15
RF,2,0,0,0.21666666666666667
RF,2,1,0,0.36333333333333334
RF,3,1,0,0.36333333333333334
RF,3,0,0,0.02
RF,3,0,0,0.2633333333333333
RF,3,0,0,0.03333333333333333
RF,3,0,0,0.36666666666666664
RF,3,0,0,0.16666666666666666
RF,3,0,0,0.03666666666666667
RF,3,1,1,0.55
RF,3,1,1,0.7133333333333334
RF,3,0,0,0.09333333333333334
RF,3,1,0,0.19666666666666666
RF,3,0,0,0.36333333333333334
RF,3,0,0,0.3566666666666667
RF,3,0,0,0.11
RF,3,0,0,0.25333333333333335
RF,3,0,0,0.11
RF,3,0,0,0.3
RF,3,0,1,0.6133333333333333
RF,3,1,0,0.38666666666666666
RF,3,0,0,0.16333333333333333
RF,3,1,1,0.6266666666666667
RF,3,1,1,0.52
RF,3,1,0,0.47
RF,3,1,1,0.87
RF,3,0,0,0.056666666666666664
RF,3,0,0,0.34
RF,3,1,1,0.6833333333333333
RF,3,1,0,0.24
RF,3,1,0,0.19666666666666666
RF,3,0,0,0.17277777777777778
RF,3,0,1,0.5533333333333333
RF,3,1,0,0.2866666666666667
RF,3,1,1,0.5233333333333333
RF,3,0,0,0.16666666666666666
RF,3,1,0,0.11083333333333334
RF,3,1,0,0.12333333333333334
RF,3,1,1,0.55
RF,3,1,1,0.61
RF,3,0,1,0.5866666666666667
RF,3,0,0,0.043333333333333335
RF,3,1,0,0.24333333333333335
RF,3,0,0,0.3333333333333333
RF,3,0,0,0.17666666666666667
RF,3,0,0,0.03333333333333333
RF,3,0,0,0.21333333333333335
RF,3,1,0,0.03666666666666667
RF,3,0,0,0.29333333333333333
RF,3,0,0,0.23666666666666666
RF,3,0,0,0.3933333333333333
RF,3,0,0,0.45
RF,3,0,0,0.4066666666666667
RF,3,0,0,0.06666666666666667
RF,3,1,0,0.19333333333333333
RF,3,0,0,0.006666666666666667
RF,3,0,1,0.57
RF,3,1,1,0.6133333333333333
RF,3,1,1,0.7566666666666667
RF,3,0,0,0.16666666666666666
RF,3,0,0,0.08666666666666667
RF,3,1,0,0.43333333333333335
RF,3,1,0,0.14
RF,3,0,0,0.4111111111111111
RF,3,1,0,0.11333333333333333
RF,3,0,0,0.2966666666666667
RF,3,0,0,0.06333333333333334
RF,3,0,0,0.38333333333333336
RF,3,0,0,0.39
RF,3,0,0,0.09666666666666666
RF,3,0,0,0.02666666666666667
RF,3,0,0,0.48
RF,3,1,0,0.12
RF,3,0,0,0.3933333333333333
RF,3,1,1,0.59
RF,3,1,0,0.05333333333333334
RF,3,0,0,0.0961111111111111
RF,3,0,1,0.5133333333333333
RF,3,0,0,0.41
RF,3,0,0,0.03
RF,3,0,0,0.21333333333333335
RF,3,0,0,0.2966666666666667
RF,3,0,0,0.16666666666666666
RF,3,0,0,0.20666666666666667
RF,3,0,0,0.34
RF,3,1,0,0.4533333333333333
RF,3,0,0,0.27444444444444444
RF,3,0,0,0.07333333333333333
RF,3,0,0,0.043333333333333335
RF,3,1,0,0.15333333333333332
RF,3,0,0,0.11666666666666667
RF,3,0,0,0.43333333333333335
RF,3,0,0,0.12333333333333334
RF,3,0,0,0.1272222222222222
RF,3,0,0,0.04527777777777778
RF,3,0,0,0.13
RF,3,0,0,0.23333333333333334
RF,3,0,0,0.3233333333333333
RF,3,0,0,0.06216666666666666
RF,3,0,0,0.25
RF,3,1,0,0.45666666666666667
RF,3,0,0,0.19666666666666666
RF,3,1,0,0.3
RF,3,0,0,0.07
RF,3,1,1,0.9733333333333334
RF,3,0,1,0.5966666666666667
RF,3,0,0,0.44666666666666666
RF,3,0,0,0.16
RF,3,0,0,0.03333333333333333
RF,3,0,0,0.24333333333333335
RF,3,1,0,0.33218253968253963
RF,3,0,0,0.09
RF,3,1,0,0.36333333333333334
RF,3,0,0,0.06666666666666667
RF,3,0,0,0.10111111111111112
RF,3,0,0,0.09
RF,3,0,0,0.3333333333333333
RF,3,1,1,0.6466666666666666
RF,3,0,1,0.6622222222222222
RF,3,0,0,0.25
RF,3,0,0,0.0033333333333333335
RF,3,0,1,0.7285555555555556
RF,3,1,0,0.43333333333333335
RF,3,0,0,0.11507142857142857
RF,3,0,0,0.2633333333333333
RF,3,1,0,0.34
RF,3,0,0,0.21
RF,3,0,0,0.27666666666666667
RF,3,0,1,0.6033333333333334
RF,3,0,0,0.1
RF,3,0,0,0.26
RF,3,1,0,0.11666666666666667
RF,3,0,0,0.025555555555555554
RF,3,0,0,0.48
RF,3,1,0,0.2733333333333333
RF,3,0,0,0.30333333333333334
RF,3,0,0,0.20333333333333334
RF,3,1,1,0.8233333333333334
RF,3,1,0,0.09333333333333334
RF,3,0,0,0.04
RF,3,0,0,0.41
RF,3,0,0,0.02
RF,3,0,1,0.54
RF,3,1,0,0.33666666666666667
RF,3,1,1,0.587
RF,3,1,1,0.97
RF,3,0,0,0.16666666666666666
RF,3,1,0,0.15166666666666667
RF,3,1,0,0.18333333333333332
RF,3,0,0,0.31666666666666665
RF,3,0,0,0.023333333333333334
RF,3,0,0,0.0
RF,3,1,0,0.27666666666666667
RF,3,0,0,0.4866666666666667
RF,3,0,0,0.32
RF,3,0,0,0.11
RF,3,0,0,0.09666666666666666
RF,3,1,1,0.5266666666666666
RF,3,0,0,0.18333333333333332
RF,3,0,0,0.05
RF,3,0,0,0.06216666666666666
RF,3,0,0,0.043333333333333335
RF,3,0,0,0.030984126984126985
RF,3,0,0,0.09833333333333333
RF,3,0,0,0.12666666666666668
RF,3,0,0,0.04
RF,3,0,0,0.0825
RF,3,0,0,0.49
RF,3,0,0,0.16333333333333333
RF,3,0,0,0.19333333333333333
RF,3,0,0,0.09666666666666666
RF,3,1,0,0.06
RF,3,0,0,0.27
RF,3,0,0,0.05333333333333334
RF,3,0,0,0.05
RF,3,0,0,0.4446666666666667
RF,3,1,0,0.24333333333333335
RF,3,0,0,0.19
RF,3,0,0,0.1
RF,3,0,0,0.23333333333333334
RF,3,0,0,0.42
RF,3,0,0,0.19
RF,3,1,0,0.21666666666666667
RF,3,0,0,0.10666666666666667
RF,3,0,0,0.32
RF,3,0,1,0.5333333333333333
RF,3,0,0,0.08666666666666667
RF,3,0,0,0.43
RF,3,0,0,0.29333333333333333
RF,3,1,0,0.39666666666666667
RF,3,0,0,0.4066666666666667
RF,3,0,0,0.37666666666666665
RF,3,0,0,0.15
RF,3,1,0,0.11333333333333333
RF,3,1,1,0.7766666666666666
RF,3,0,0,0.30333333333333334
RF,3,0,0,0.09333333333333334
RF,3,0,0,0.04666666666666667
RF,3,1,0,0.30666666666666664
RF,3,0,0,0.2966666666666667
RF,3,0,0,0.016666666666666666
RF,3,0,0,0.39666666666666667
RF,3,0,0,0.0033333333333333335
RF,3,0,0,0.09333333333333334
RF,3,0,0,0.043333333333333335
RF,3,0,0,0.19666666666666666
RF,3,0,0,0.23
RF,3,0,0,0.12166666666666667
RF,3,0,0,0.17333333333333334
RF,3,0,0,0.20666666666666667
RF,3,0,0,0.12333333333333334
RF,3,0,0,0.31333333333333335
RF,3,0,0,0.23861111111111113
RF,3,0,0,0.26
RF,3,0,0,0.01777777777777778
RF,3,0,0,0.11666666666666667
RF,3,0,0,0.41
RF,3,0,0,0.24666666666666667
RF,3,0,0,0.06666666666666667
RF,3,1,0,0.21666666666666667
RF,3,0,0,0.09
RF,3,1,0,0.16
RF,3,0,0,0.31333333333333335
RF,3,0,0,0.12
RF,3,0,0,0.056666666666666664
RF,3,0,1,0.72
RF,3,0,1,0.53
RF,3,0,0,0.4116666666666667
RF,3,0,0,0.10666666666666667
RF,3,0,0,0.18
RF,3,1,1,0.7633333333333333
RF,3,0,0,0.16
RF,3,0,0,0.25
RF,3,0,0,0.48
RF,3,0,0,0.28
RF,3,0,0,0.25
RF,3,0,0,0.02666666666666667
RF,3,0,0,0.24
RF,3,1,0,0.33666666666666667
RF,3,1,0,0.12
RF,3,0,0,0.18666666666666668
RF,3,0,0,0.20666666666666667
RF,3,0,0,0.3436111111111111
RF,3,1,1,0.6333333333333333
RF,3,1,1,0.8633333333333333
RF,3,0,0,0.06
RF,3,0,0,0.23666666666666666
RF,3,0,1,0.5933333333333334
RF,3,0,0,0.15638888888888883
RF,3,0,0,0.06333333333333334
RF,3,0,0,0.48
RF,3,0,0,0.4633333333333333
RF,3,0,0,0.4633333333333333
RF,3,0,0,0.07333333333333333
RF,3,0,0,0.33666666666666667
RF,3,0,0,0.19
RF,3,0,1,0.5333333333333333
RF,3,0,0,0.056666666666666664
RF,3,1,0,0.09027777777777779
RF,3,0,0,0.4033333333333333
RF,3,1,1,0.6333333333333333
RF,3,0,0,0.18333333333333332
RF,3,0,0,0.14
RF,3,0,0,0.07241666666666667
RF,3,0,0,0.20666666666666667
RF,3,0,0,0.13166666666666665
RF,3,0,0,0.013333333333333334
RF,3,0,0,0.29
RF,3,0,0,0.205
RF,3,0,0,0.27666666666666667
RF,3,1,0,0.3333333333333333
RF,3,0,0,0.25666666666666665
RF,3,0,0,0.13333333333333333
RF,3,1,1,0.5866666666666667
RF,3,0,0,0.1
RF,3,0,0,0.07333333333333333
RF,3,0,0,0.27666666666666667
RF,3,1,1,0.6166666666666667
RF,3,0,0,0.18666666666666668
RF,3,0,0,0.08666666666666667
RF,3,1,1,0.9733333333333334
RF,3,0,0,0.23333333333333334
RF,3,0,0,0.02666666666666667
RF,3,1,1,0.63
RF,3,0,0,0.07666666666666666
RF,3,0,0,0.10333333333333333
RF,3,0,0,0.2576666666666667
RF,3,0,1,0.6711111111111111
RF,3,0,0,0.16
RF,3,0,0,0.06833333333333333
RF,3,0,0,0.24
RF,3,0,0,0.05333333333333334
RF,3,1,0,0.16333333333333333
RF,3,0,0,0.4766666666666667
RF,3,1,0,0.37333333333333335
RF,3,0,0,0.19
RF,3,0,1,0.5866666666666667
RF,3,0,0,0.09666666666666666
RF,3,0,0,0.36333333333333334
RF,3,0,0,0.145
RF,3,0,0,0.23
RF,3,1,1,0.66
RF,3,0,0,0.49666666666666665
RF,3,0,0,0.07
RF,3,0,0,0.22
RF,3,0,0,0.41
RF,3,1,0,0.41333333333333333
RF,3,1,0,0.31666666666666665
RF,3,0,0,0.21899999999999997
RF,3,0,0,0.17666666666666667
RF,3,1,0,0.37
RF,3,0,0,0.20666666666666667
RF,3,1,1,0.5933333333333334
RF,3,0,0,0.02666666666666667
RF,3,0,0,0.2866666666666667
RF,3,0,0,0.09050000000000001
RF,3,0,0,0.10666666666666667
RF,3,0,0,0.18333333333333332
RF,3,0,0,0.04
RF,3,1,0,0.13
RF,3,1,1,0.5233333333333333
RF,3,0,0,0.030833333333333334
RF,3,0,0,0.3933333333333333
RF,3,0,0,0.20666666666666667
RF,3,1,0,0.23333333333333334
RF,3,0,0,0.18666666666666668
RF,3,0,0,0.14
RF,3,0,1,0.52
RF,3,0,0,0.11088888888888888
RF,3,0,0,0.26166666666666666
RF,3,0,0,0.11166666666666666
RF,3,0,0,0.22333333333333333
RF,3,0,0,0.13666666666666666
RF,3,0,0,0.09333333333333334
RF,3,0,0,0.23055555555555557
RF,3,0,0,0.023333333333333334
RF,3,0,0,0.2633333333333333
RF,3,0,0,0.08666666666666667
RF,3,0,0,0.20333333333333334
RF,3,0,0,0.058333333333333334
RF,3,0,0,0.25
RF,3,0,0,0.27666666666666667
RF,3,0,0,0.5
RF,3,0,0,0.31666666666666665
RF,3,0,0,0.08333333333333333
RF,3,0,0,0.01
RF,3,0,0,0.062222222222222213
RF,3,1,0,0.2966666666666667
RF,3,0,1,0.5683333333333334
RF,3,0,0,0.19333333333333336
RF,3,0,0,0.2633333333333333
RF,3,0,0,0.17
RF,3,0,0,0.27
RF,3,0,1,0.6522222222222221
RF,3,1,0,0.12666666666666668
RF,3,0,0,0.39666666666666667
RF,3,0,0,0.24666666666666667
RF,3,0,0,0.05333333333333334
RF,3,0,0,0.11
RF,3,0,0,0.16
RF,3,1,0,0.17666666666666667
RF,3,0,0,0.35
RF,3,0,0,0.18333333333333332
RF,3,0,0,0.4533333333333333
RF,3,0,0,0.12333333333333334
RF,3,0,0,0.3566666666666667
RF,3,0,0,0.09
RF,3,0,0,0.2
RF,3,0,0,0.09
RF,3,0,0,0.12
RF,3,1,0,0.21666666666666667
RF,3,0,0,0.16
RF,3,1,0,0.11
RF,3,1,0,0.19333333333333333
RF,3,0,0,0.043333333333333335
RF,3,0,0,0.35333333333333333
RF,3,0,1,0.7566666666666667
RF,3,0,0,0.4033333333333333
RF,3,0,0,0.26
RF,3,0,0,0.4666666666666667
RF,3,0,0,0.16333333333333333
RF,3,0,0,0.05
RF,3,0,0,0.38333333333333336
RF,3,0,0,0.42
RF,3,1,0,0.3433333333333333
RF,3,1,0,0.31666666666666665
RF,3,0,0,0.3825
RF,3,0,0,0.17388888888888887
RF,3,0,1,0.9166666666666666
RF,3,0,0,0.02666666666666667
RF,3,0,0,0.11666666666666667
RF,3,0,0,0.005
RF,3,0,0,0.04666666666666667
RF,3,0,0,0.37333333333333335
RF,3,1,1,0.6666666666666666
RF,3,0,0,0.15666666666666668
RF,3,0,0,0.15333333333333332
RF,3,0,0,0.20333333333333334
RF,3,0,1,0.6166666666666667
RF,3,0,0,0.14333333333333334
RF,3,1,0,0.32666666666666666
RF,3,1,1,0.7133333333333334
RF,3,1,1,0.8233333333333334
RF,3,1,0,0.21555555555555553
RF,3,0,0,0.26
RF,3,0,1,0.7968888888888889
RF,3,0,0,0.023333333333333334
RF,3,1,0,0.29333333333333333
RF,3,0,0,0.2580555555555556
RF,3,0,0,0.07
RF,3,0,0,0.10666666666666667
RF,3,0,0,0.07388888888888888
RF,3,1,0,0.48
RF,3,1,0,0.4533333333333333
RF,3,0,0,0.13
RF,3,0,0,0.37333333333333335
RF,3,0,0,0.12
RF,3,0,0,0.06
RF,3,0,0,0.18
RF,3,1,0,0.29833333333333334
RF,3,0,0,0.10666666666666667
RF,3,0,0,0.15333333333333332
RF,3,0,0,0.06333333333333334
RF,3,0,0,0.050472222222222224
RF,3,0,0,0.4766666666666667
RF,3,1,0,0.3200555555555556
RF,3,0,0,0.24333333333333335
RF,3,1,0,0.4166666666666667
RF,3,0,1,0.5633333333333334
RF,3,0,0,0.16444444444444445
RF,3,0,0,0.07333333333333333
RF,3,1,0,0.23833333333333334
RF,3,1,0,0.31666666666666665
RF,3,1,0,0.23666666666666666
RF,3,0,0,0.06111111111111111
RF,3,1,0,0.17
RF,3,1,0,0.37
RF,3,0,0,0.18
RF,3,0,0,0.13666666666666666
RF,3,0,0,0.26666666666666666
RF,3,1,1,0.5666666666666667
RF,3,0,0,0.15333333333333332
RF,3,0,0,0.11
RF,3,0,0,0.10666666666666667
RF,3,1,0,0.24
RF,3,0,1,0.6682222222222223
RF,3,0,0,0.14333333333333334
RF,3,1,0,0.04570634920634921
RF,3,0,0,0.057777777777777775
RF,3,0,0,0.22
RF,3,0,0,0.31
RF,3,0,0,0.03833333333333333
RF,3,0,0,0.33
RF,3,0,0,0.28
RF,3,0,0,0.21666666666666667
RF,3,1,0,0.21
RF,3,1,0,0.49
RF,3,1,0,0.48083333333333333
RF,3,0,0,0.2966666666666667
RF,3,0,0,0.29333333333333333
RF,3,0,0,0.4633333333333333
RF,3,0,0,0.20666666666666667
RF,3,1,0,0.18666666666666668
RF,3,0,1,0.5966666666666667
RF,3,1,0,0.24666666666666667
RF,3,0,1,0.5966666666666667
RF,3,0,0,0.08333333333333333
RF,3,1,0,0.45666666666666667
RF,3,0,0,0.26
RF,3,0,0,0.08333333333333333
RF,3,0,0,0.02
RF,3,0,1,0.53
RF,3,1,1,0.5666666666666667
RF,3,0,0,0.03977777777777778
RF,3,1,0,0.38333333333333336
RF,3,0,0,0.10666666666666667
RF,3,0,0,0.16333333333333333
RF,3,0,0,0.04666666666666667
RF,3,0,0,0.09833333333333333
RF,3,0,1,0.7
RF,3,0,1,0.6566666666666666
RF,3,0,0,0.4766666666666667
RF,3,0,0,0.2633333333333333
RF,3,0,0,0.46
RF,3,0,0,0.48
RF,3,1,0,0.04
RF,3,0,0,0.18
RF,3,0,0,0.13333333333333333
RF,3,0,0,0.09883333333333333
RF,3,1,0,0.21
RF,3,0,0,0.21666666666666667
RF,3,1,0,0.42333333333333334
RF,3,1,0,0.06833333333333333
RF,3,0,0,0.13
RF,3,0,0,0.27666666666666667
RF,3,0,0,0.006666666666666667
RF,3,0,0,0.04570634920634921
RF,3,0,0,0.22333333333333333
RF,3,0,1,0.5066666666666667
RF,3,0,0,0.4766666666666667
RF,3,1,0,0.12666666666666668
RF,3,0,0,0.05
RF,3,0,0,0.19
RF,3,1,1,0.6866666666666666
RF,3,0,0,0.10666666666666667
RF,3,1,0,0.46
RF,3,1,0,0.07333333333333333
RF,3,1,0,0.42333333333333334
RF,3,0,0,0.23333333333333334
RF,3,1,0,0.47
RF,3,0,0,0.03666666666666667
RF,3,0,0,0.24666666666666667
RF,3,0,0,0.2633333333333333
RF,3,0,0,0.07333333333333333
RF,3,1,0,0.27666666666666667
RF,3,0,0,0.03
RF,3,0,0,0.06
RF,3,0,0,0.27
RF,3,1,0,0.14666666666666667
RF,3,0,0,0.17666666666666667
RF,3,0,1,0.5333333333333333
RF,3,0,0,0.30222222222222217
RF,3,0,1,0.51
RF,3,0,0,0.38
RF,3,0,0,0.30333333333333334
RF,3,1,1,0.5766666666666667
RF,3,0,0,0.18
RF,3,0,0,0.22599999999999998
RF,3,1,0,0.11
RF,3,0,0,0.042222222222222223
RF,3,1,0,0.33111111111111113
RF,3,0,0,0.25666666666666665
RF,3,0,0,0.07666666666666666
RF,3,0,0,0.24166666666666667
RF,3,0,0,0.21666666666666667
RF,3,0,0,0.06
RF,3,0,0,0.23333333333333334
RF,3,1,1,0.8766666666666667
RF,3,0,0,0.47333333333333333
RF,3,1,1,0.6833333333333333
RF,3,0,0,0.20333333333333334
RF,3,0,0,0.09333333333333334
RF,3,0,0,0.09666666666666666
RF,3,0,0,0.10722222222222222
RF,3,0,0,0.11666666666666667
RF,3,1,0,0.31333333333333335
RF,3,0,1,0.57
RF,3,1,1,0.51
RF,3,0,0,0.07666666666666666
RF,3,0,0,0.2
RF,3,0,0,0.08111111111111112
RF,3,0,0,0.07666666666666666
RF,3,0,0,0.21
RF,3,0,0,0.06333333333333334
RF,3,0,1,0.65
RF,3,0,0,0.3466666666666667
RF,3,0,0,0.2833333333333333
RF,3,0,1,0.5433333333333333
RF,3,0,0,0.08666666666666667
RF,3,0,0,0.12333333333333334
RF,3,0,0,0.06
RF,3,1,0,0.31666666666666665
RF,3,0,0,0.11
RF,3,0,0,0.4766666666666667
RF,3,0,0,0.31
RF,3,0,0,0.26
RF,3,0,0,0.18333333333333332
RF,3,0,0,0.2733333333333333
RF,3,0,0,0.13666666666666666
RF,3,0,1,0.6433333333333333
RF,3,0,0,0.09
RF,3,1,0,0.33666666666666667
RF,3,1,0,0.08411904761904762
RF,3,0,0,0.25333333333333335
RF,3,1,0,0.26666666666666666
RF,3,1,0,0.2866666666666667
RF,3,1,0,0.11333333333333333
RF,3,0,0,0.22
RF,3,0,0,0.08666666666666667
RF,3,0,0,0.18666666666666668
RF,3,0,0,0.25
RF,3,1,1,0.7633333333333333
RF,3,0,0,0.17666666666666667
RF,3,0,0,0.23666666666666666
RF,3,0,0,0.4
RF,3,0,0,0.12666666666666668
RF,3,0,0,0.4666666666666667
RF,3,1,0,0.27666666666666667
RF,3,0,0,0.03666666666666667
RF,3,1,0,0.06055555555555556
RF,3,0,0,0.10333333333333333
RF,3,0,0,0.17333333333333334
RF,3,0,0,0.08333333333333333
RF,3,0,1,0.6045555555555555
RF,3,0,1,0.5933333333333334
RF,3,1,0,0.39555555555555555
RF,3,0,0,0.02
RF,3,0,0,0.18666666666666668
RF,3,0,0,0.11
RF,3,0,0,0.26666666666666666
RF,3,1,0,0.07666666666666666
RF,3,0,0,0.10666666666666667
RF,3,0,0,0.044444444444444446
RF,3,0,1,0.5066666666666667
RF,3,0,0,0.023333333333333334
RF,3,0,0,0.14666666666666667
RF,3,0,0,0.05333333333333334
RF,3,0,0,0.2633333333333333
RF,3,0,0,0.22
RF,3,1,0,0.3333333333333333
RF,3,0,1,0.6866666666666666
RF,3,0,0,0.22666666666666666
RF,3,1,0,0.13166666666666665
RF,3,1,0,0.32
RF,3,0,0,0.01
RF,3,1,0,0.45666666666666667
RF,3,0,0,0.016666666666666666
RF,3,0,0,0.4533333333333333
RF,3,0,0,0.18666666666666668
RF,3,0,0,0.4666666666666667
RF,3,1,0,0.006666666666666667
RF,3,0,0,0.16333333333333333
RF,3,0,0,0.06333333333333334
RF,3,0,0,0.02666666666666667
RF,3,0,0,0.09616666666666668
RF,3,0,0,0.21333333333333335
RF,3,1,0,0.09
RF,3,0,0,0.11
RF,3,0,0,0.20333333333333334
RF,3,0,0,0.056666666666666664
RF,3,0,0,0.4266666666666667
RF,3,1,0,0.37
RF,3,0,0,0.2866666666666667
RF,3,0,1,0.5916666666666667
RF,3,0,0,0.24333333333333335
RF,3,0,0,0.03333333333333333
RF,3,0,0,0.31666666666666665
RF,3,0,0,0.09
RF,3,1,0,0.4066666666666667
RF,3,0,0,0.08
RF,3,1,0,0.4066666666666667
RF,3,0,0,0.056666666666666664
RF,3,0,0,0.21333333333333335
RF,3,0,0,0.06666666666666667
RF,3,0,0,0.07
RF,3,0,0,0.18333333333333332
RF,3,0,0,0.11111111111111109
RF,3,0,0,0.12400000000000001
RF,3,0,0,0.03666666666666667
RF,3,0,0,0.08333333333333333
RF,3,0,0,0.02666666666666667
RF,3,0,0,0.09
RF,3,0,1,0.5466666666666666
RF,3,0,0,0.12444444444444443
RF,3,0,0,0.4766666666666667
RF,3,0,0,0.20333333333333334
RF,3,0,0,0.042277777777777775
RF,3,0,0,0.33666666666666667
RF,3,0,0,0.08
RF,3,0,0,0.19333333333333333
RF,3,0,0,0.02
RF,3,0,0,0.199
RF,3,1,0,0.14
RF,3,0,0,0.15333333333333332
RF,3,1,0,0.23
RF,3,0,0,0.32
RF,3,0,0,0.056666666666666664
RF,3,0,0,0.24333333333333335
RF,3,0,1,0.5166666666666667
RF,3,1,0,0.09914285714285713
RF,3,1,0,0.39666666666666667
RF,3,0,0,0.08666666666666667
RF,3,0,0,0.11666666666666667
RF,3,0,0,0.15666666666666668
RF,3,0,0,0.42333333333333334
RF,3,1,0,0.31333333333333335
RF,3,1,1,0.5766666666666667
RF,3,0,0,0.15666666666666668
RF,3,0,0,0.24
RF,3,0,0,0.39444444444444443
RF,3,1,0,0.0961111111111111
RF,3,0,0,0.25
RF,3,0,0,0.25333333333333335
RF,3,0,0,0.30333333333333334
RF,3,1,0,0.4066666666666667
RF,3,0,0,0.26
RF,3,0,0,0.2
RF,3,0,0,0.07033333333333334
RF,3,0,0,0.2733333333333333
RF,3,0,0,0.06333333333333334
RF,3,0,0,0.26
RF,3,1,0,0.37666666666666665
RF,3,0,0,0.18
RF,3,1,0,0.0875
RF,3,0,0,0.19
RF,3,0,0,0.22
RF,3,0,0,0.15333333333333332
RF,3,0,0,0.20666666666666667
RF,3,0,0,0.4033333333333333
RF,3,0,0,0.19
RF,3,0,0,0.2633333333333333
RF,3,0,0,0.16
RF,3,0,0,0.3233333333333333
RF,3,0,0,0.15666666666666668
RF,3,0,0,0.043333333333333335
RF,3,1,0,0.10277777777777779
RF,3,0,0,0.26666666666666666
RF,3,0,0,0.2
RF,3,0,0,0.22666666666666666
RF,3,0,0,0.10266666666666667
RF,3,1,0,0.29333333333333333
RF,3,1,0,0.19333333333333333
RF,3,0,0,0.43666666666666665
RF,3,1,0,0.32666666666666666
RF,3,1,0,0.05333333333333334
RF,3,0,0,0.11
RF,3,1,0,0.29333333333333333
RF,3,0,0,0.06
RF,3,0,0,0.24333333333333335
RF,3,0,0,0.2866666666666667
RF,3,0,0,0.03333333333333333
RF,3,0,0,0.26
RF,3,0,0,0.06666666666666667
RF,3,0,0,0.07666666666666666
RF,3,0,0,0.03666666666666667
RF,3,0,0,0.4266666666666667
RF,3,0,1,0.51
RF,3,0,0,0.3333333333333333
RF,3,0,0,0.21388888888888885
RF,3,0,0,0.01
RF,3,1,0,0.27
RF,3,0,0,0.18333333333333332
RF,3,1,0,0.17333333333333334
RF,3,1,0,0.49333333333333335
RF,3,0,0,0.31333333333333335
RF,3,0,0,0.4038888888888889
RF,3,0,0,0.24
RF,3,1,1,0.5383333333333333
RF,3,1,0,0.24333333333333335
RF,3,0,0,0.2077777777777778
RF,3,0,1,0.6533333333333333
RF,3,0,0,0.04
RF,3,0,0,0.25333333333333335
RF,3,0,0,0.3433333333333333
RF,3,0,0,0.06777777777777777
RF,3,0,0,0.16666666666666666
RF,3,1,1,0.54
RF,3,1,1,0.7366666666666667
RF,3,0,0,0.03333333333333333
RF,3,0,0,0.3
RF,3,0,0,0.065
RF,3,0,0,0.07333333333333333
RF,3,0,0,0.06333333333333334
RF,3,0,0,0.24333333333333335
RF,3,0,0,0.03333333333333333
RF,3,0,0,0.07333333333333333
RF,3,0,0,0.30666666666666664
RF,3,1,0,0.24666666666666667
RF,3,0,0,0.15666666666666668
RF,3,0,0,0.39638888888888885
RF,3,0,0,0.14666666666666667
RF,3,0,0,0.08333333333333333
RF,3,0,0,0.19
RF,3,0,0,0.17444444444444446
RF,3,0,0,0.09666666666666666
RF,3,0,0,0.013333333333333334
RF,3,0,0,0.45666666666666667
RF,3,0,0,0.11666666666666667
RF,3,0,0,0.23333333333333334
RF,3,0,0,0.05333333333333334
RF,3,1,0,0.15666666666666668
RF,3,0,0,0.06
RF,3,0,0,0.22
RF,3,0,1,0.5666666666666667
RF,3,0,0,0.22
RF,3,0,0,0.04666666666666667
RF,3,1,0,0.2633333333333333
RF,3,0,0,0.23
RF,3,0,0,0.09083333333333334
RF,3,1,0,0.050015873015873014
RF,3,0,0,0.12666666666666668
RF,3,0,0,0.09666666666666666
RF,3,0,0,0.09333333333333334
RF,3,0,0,0.14666666666666667
RF,3,0,0,0.43666666666666665
RF,3,1,0,0.3566666666666667
RF,3,0,1,0.5233333333333333
RF,3,0,0,0.21
RF,3,0,0,0.14666666666666667
RF,3,1,0,0.39
RF,3,0,0,0.47
RF,3,0,0,0.21333333333333335
RF,3,0,0,0.065
RF,3,1,0,0.19666666666666666
RF,3,0,0,0.08333333333333333
RF,3,0,0,0.27666666666666667
RF,3,0,0,0.235
RF,3,0,0,0.19
RF,3,0,0,0.3797777777777779
RF,3,0,0,0.2837222222222222
RF,3,0,0,0.16333333333333333
RF,3,0,0,0.25666666666666665
RF,3,0,0,0.08
RF,3,1,0,0.28
RF,3,0,0,0.17666666666666667
RF,3,0,0,0.07666666666666666
RF,3,0,0,0.07333333333333333
RF,3,0,0,0.22666666666666666
RF,3,1,0,0.17333333333333334
RF,3,0,0,0.31333333333333335
RF,3,0,0,0.45666666666666667
RF,3,0,0,0.16333333333333333
RF,3,0,1,0.5633333333333334
RF,3,1,0,0.07666666666666666
RF,3,0,0,0.3333333333333333
RF,3,0,1,0.8866666666666667
RF,3,0,0,0.3
RF,3,1,0,0.13
RF,3,0,0,0.11
RF,3,0,0,0.08666666666666667
RF,3,1,0,0.22666666666666666
RF,3,1,1,0.5533333333333333
RF,3,0,0,0.3566666666666667
RF,3,0,0,0.26
RF,3,1,0,0.14666666666666667
RF,3,0,0,0.11333333333333333
RF,3,0,0,0.08333333333333333
RF,3,1,0,0.41333333333333333
RF,3,1,1,0.7433333333333333
RF,3,0,1,0.5866666666666667
RF,3,0,0,0.14333333333333334
RF,3,0,0,0.21333333333333335
RF,3,1,0,0.2
RF,3,0,0,0.13666666666666666
RF,3,0,0,0.054444444444444455
RF,3,0,0,0.07
RF,3,0,0,0.03
RF,3,0,0,0.11333333333333333
RF,3,0,0,0.2633333333333333
RF,3,1,0,0.31333333333333335
RF,3,0,0,0.23666666666666666
RF,3,1,0,0.05333333333333334
RF,3,0,0,0.20444444444444446
RF,3,0,0,0.14333333333333334
RF,3,0,0,0.03
RF,3,0,0,0.07
RF,3,0,0,0.20333333333333334
RF,3,0,0,0.14777777777777779
RF,3,0,0,0.17666666666666667
RF,3,1,0,0.2966666666666667
RF,3,0,0,0.19
RF,3,0,0,0.3466666666666667
RF,3,0,0,0.2733333333333333
RF,3,0,0,0.011666666666666667
RF,3,0,0,0.043333333333333335
RF,3,0,0,0.0786111111111111
RF,3,0,0,0.07666666666666666
RF,3,0,0,0.15666666666666668
RF,3,0,0,0.13333333333333333
RF,3,0,0,0.09666666666666666
RF,3,0,0,0.08644444444444445
RF,3,0,0,0.09
RF,3,0,0,0.22333333333333333
RF,3,0,0,0.14
RF,3,0,0,0.03666666666666667
RF,3,1,0,0.2733333333333333
RF,3,1,0,0.32666666666666666
RF,3,0,0,0.17666666666666667
RF,3,0,0,0.21333333333333335
RF,3,0,0,0.4
RF,3,0,0,0.20333333333333334
RF,3,0,0,0.26666666666666666
RF,3,0,0,0.08555555555555555
RF,3,0,1,0.52
RF,3,0,0,0.15333333333333332
RF,3,0,0,0.36
RF,3,0,0,0.07
RF,3,0,0,0.1338888888888889
RF,3,0,0,0.10333333333333333
RF,3,0,0,0.02
RF,3,0,0,0.11166666666666666
RF,3,1,0,0.21666666666666667
RF,3,0,0,0.20333333333333334
RF,3,0,0,0.11333333333333333
RF,3,0,0,0.12333333333333334
RF,3,0,0,0.10777777777777776
RF,3,0,0,0.19833333333333333
RF,3,0,0,0.17333333333333334
RF,3,0,0,0.11
RF,3,1,0,0.27
RF,3,1,0,0.1395
RF,3,0,0,0.19666666666666666
RF,3,0,0,0.08666666666666667
RF,3,0,0,0.12666666666666668
RF,3,0,0,0.02666666666666667
RF,3,0,0,0.27
RF,3,0,0,0.088
RF,3,0,1,0.7987857142857141
RF,3,1,0,0.18666666666666668
RF,3,1,0,0.04666666666666667
RF,3,0,0,0.44333333333333336
RF,3,0,0,0.20333333333333334
RF,3,1,0,0.09333333333333334
RF,3,0,0,0.022777777777777775
RF,3,0,0,0.14333333333333334
RF,3,0,0,0.26
RF,3,0,0,0.43
RF,3,0,0,0.06888888888888887
RF,3,0,0,0.4
RF,3,1,0,0.24666666666666667
RF,3,0,0,0.056666666666666664
RF,3,0,0,0.09
RF,3,0,0,0.08
RF,3,0,0,0.24
RF,3,1,0,0.27
RF,3,0,0,0.12
RF,3,0,0,0.3933333333333333
RF,3,0,0,0.05333333333333334
RF,3,0,0,0.14666666666666667
RF,3,1,0,0.125
RF,3,0,0,0.05333333333333334
RF,3,0,0,0.0815
RF,3,0,0,0.31
RF,3,1,0,0.31
RF,3,1,1,0.721111111111111
RF,3,1,0,0.33888888888888885
RF,3,0,0,0.07
RF,3,0,0,0.18361111111111109
RF,3,0,0,0.23166666666666666
RF,3,0,0,0.32
RF,3,0,0,0.07333333333333333
RF,3,0,0,0.045
RF,3,0,0,0.30333333333333334
RF,3,0,0,0.21
RF,3,0,0,0.27666666666666667
RF,3,0,0,0.37
RF,3,0,0,0.39666666666666667
RF,3,0,0,0.27
RF,3,0,0,0.26
RF,3,0,0,0.15333333333333332
RF,3,0,0,0.29333333333333333
RF,3,0,0,0.06
RF,3,0,0,0.18666666666666668
RF,3,1,0,0.06333333333333334
RF,3,0,0,0.42
RF,3,1,0,0.1725
RF,3,1,0,0.292
RF,3,0,0,0.10333333333333333
RF,3,0,0,0.21
RF,3,0,0,0.17666666666666667
RF,3,1,0,0.42333333333333334
RF,3,0,0,0.06666666666666667
RF,3,0,1,0.58
RF,3,0,0,0.03
RF,3,0,0,0.30666666666666664
RF,3,0,0,0.07666666666666666
RF,3,1,0,0.11666666666666667
RF,3,0,1,0.6833333333333333
RF,3,0,0,0.23666666666666666
RF,3,0,0,0.03777777777777777
RF,3,0,0,0.12333333333333334
RF,3,1,0,0.16
RF,3,0,0,0.38666666666666666
RF,3,0,0,0.11333333333333333
RF,3,0,0,0.035
RF,3,0,0,0.3433333333333333
RF,3,0,1,0.5566666666666666
RF,3,0,0,0.38333333333333336
RF,3,0,1,0.5933333333333334
RF,3,1,1,0.8566666666666667
RF,3,0,0,0.06444444444444446
RF,3,1,1,0.6633333333333333
RF,3,0,0,0.3433333333333333
RF,3,0,0,0.21333333333333335
RF,3,0,0,0.1113888888888889
RF,3,0,0,0.12333333333333334
RF,3,0,0,0.21666666666666667
RF,3,0,1,0.6266666666666667
RF,3,0,0,0.29333333333333333
RF,3,0,0,0.44333333333333336
RF,3,0,0,0.12
RF,3,0,0,0.051666666666666666
RF,3,1,0,0.3233333333333333
RF,3,1,0,0.26666666666666666
RF,3,1,1,0.54
RF,3,0,0,0.06333333333333334
RF,3,1,0,0.14666666666666667
RF,3,0,0,0.056666666666666664
RF,3,1,1,0.58
RF,3,0,0,0.17
RF,3,0,0,0.19333333333333333
RF,3,0,0,0.08
RF,3,0,0,0.17666666666666667
RF,3,1,0,0.27
RF,3,0,0,0.23
RF,3,0,0,0.1252222222222222
RF,3,1,0,0.25666666666666665
RF,3,0,0,0.20666666666666667
RF,3,0,0,0.37
RF,3,0,1,0.55
RF,3,0,0,0.19666666666666666
RF,3,0,0,0.03
RF,3,0,0,0.05788888888888889
RF,3,1,0,0.13
RF,3,0,1,0.54
RF,3,0,0,0.20666666666666667
RF,3,0,0,0.39666666666666667
RF,3,1,1,0.54
RF,3,1,1,0.66
RF,3,0,1,0.6066666666666667
RF,3,0,0,0.22111111111111115
RF,3,1,0,0.06777777777777777
RF,3,0,0,0.17666666666666667
RF,3,0,0,0.14333333333333334
RF,3,1,1,0.52
RF,3,0,0,0.18666666666666668
RF,3,0,0,0.10666666666666667
RF,3,1,1,0.6633333333333333
RF,3,0,0,0.32
RF,3,1,0,0.2633333333333333
RF,3,0,0,0.17666666666666667
RF,3,0,0,0.11
RF,3,0,0,0.14333333333333334
RF,3,0,0,0.10666666666666667
RF,3,1,0,0.21
RF,3,0,0,0.43666666666666665
RF,3,1,0,0.13666666666666666
RF,3,0,0,0.09
RF,3,0,0,0.48333333333333334
RF,3,0,0,0.19
RF,3,0,0,0.11666666666666667
RF,3,0,0,0.056666666666666664
RF,3,0,0,0.31
RF,3,0,0,0.2733333333333333
RF,3,0,0,0.12333333333333334
RF,3,0,0,0.23333333333333334
RF,3,1,0,0.07666666666666666
RF,3,0,0,0.06666666666666667
RF,3,0,0,0.3233333333333333
RF,3,0,0,0.22666666666666666
RF,3,0,0,0.04022222222222222
RF,3,0,0,0.05
RF,3,0,1,0.5133333333333333
RF,3,0,0,0.11666666666666667
RF,3,0,0,0.13333333333333333
RF,3,1,0,0.26
RF,3,1,1,0.73
RF,3,0,0,0.17
RF,3,0,0,0.30333333333333334
RF,3,0,0,0.0963888888888889
RF,3,1,0,0.24333333333333335
RF,3,0,0,0.23333333333333334
RF,3,1,0,0.15
RF,3,0,1,0.5633333333333334
RF,3,0,0,0.04666666666666667
RF,3,0,0,0.27666666666666667
RF,3,0,1,0.6133333333333333
RF,3,0,1,0.6166666666666667
RF,3,0,0,0.09333333333333334
RF,3,0,0,0.041666666666666664
RF,3,0,0,0.08305555555555555
RF,3,0,0,0.09333333333333334
RF,3,0,0,0.023333333333333334
RF,3,0,0,0.07666666666666666
RF,3,1,0,0.3233333333333333
RF,3,0,0,0.10565079365079365
RF,3,1,0,0.3
RF,3,0,0,0.36666666666666664
RF,3,0,0,0.03266666666666667
RF,3,0,1,0.6166666666666667
RF,3,0,0,0.12666666666666668
RF,3,1,0,0.13666666666666666
RF,3,0,0,0.3466666666666667
RF,3,0,1,0.6433333333333333
RF,3,0,0,0.4472857142857143
RF,3,0,0,0.36
RF,3,0,0,0.3011111111111111
RF,3,1,0,0.20333333333333334
RF,3,0,1,0.53
RF,3,0,0,0.19
RF,3,1,1,0.77
RF,3,1,0,0.39
RF,3,0,0,0.24666666666666667
RF,3,0,0,0.06
RF,3,0,0,0.29333333333333333
RF,3,0,0,0.10833333333333334
RF,3,0,0,0.2833333333333333
RF,3,0,0,0.43
RF,3,0,0,0.2988888888888889
RF,3,0,0,0.21
RF,3,0,0,0.22222222222222224
RF,3,1,1,0.5166666666666667
RF,3,0,0,0.035555555555555556
RF,3,0,0,0.048
RF,3,0,0,0.17855555555555558
RF,3,0,0,0.09333333333333334
RF,3,0,0,0.24
RF,3,0,1,0.6833333333333333
RF,3,0,0,0.08
RF,3,0,1,0.55
RF,3,0,0,0.1
RF,3,0,0,0.13666666666666666
RF,3,0,0,0.24666666666666667
RF,3,0,0,0.3433333333333333
RF,3,0,0,0.28
RF,3,0,0,0.32
RF,3,0,0,0.12994444444444445
RF,3,1,0,0.3027777777777778
RF,3,0,0,0.44333333333333336
RF,3,1,0,0.16666666666666666
RF,3,0,0,0.03722222222222222
RF,3,0,0,0.39213492063492067
RF,3,0,0,0.16066666666666662
RF,3,0,0,0.20666666666666667
RF,3,1,1,0.5366666666666666
RF,3,0,0,0.15
RF,3,1,0,0.3433333333333333
RF,3,1,0,0.13666666666666666
RF,3,1,0,0.4166666666666667
RF,3,0,0,0.17
RF,3,1,0,0.13333333333333333
RF,3,0,0,0.06666666666666667
RF,3,0,0,0.09333333333333334
RF,3,1,0,0.16666666666666666
RF,3,0,0,0.20666666666666667
RF,3,1,0,0.11833333333333333
RF,3,0,0,0.28
RF,3,0,0,0.31
RF,3,0,0,0.30666666666666664
RF,3,0,0,0.25
RF,3,1,0,0.25
RF,3,0,0,0.06333333333333334
RF,3,0,0,0.22
RF,3,0,0,0.37333333333333335
RF,3,0,0,0.006666666666666667
RF,3,0,0,0.10333333333333333
RF,3,0,0,0.03666666666666667
RF,3,0,0,0.202
RF,3,0,0,0.4166666666666667
RF,3,0,1,0.5266666666666666
RF,3,0,0,0.22
RF,3,0,0,0.26
RF,3,0,0,0.07666666666666666
RF,3,0,0,0.14333333333333334
RF,3,0,0,0.08666666666666667
RF,3,0,0,0.1
RF,3,1,0,0.3466666666666667
RF,3,0,0,0.32
RF,3,1,1,0.7533333333333333
RF,3,1,0,0.23022222222222222
RF,3,0,0,0.020555555555555553
RF,3,1,0,0.06333333333333334
RF,3,1,0,0.08666666666666667
RF,3,0,0,0.06416666666666666
RF,3,0,0,0.17666666666666667
RF,3,0,1,0.6666666666666666
RF,3,0,0,0.11277777777777777
RF,3,0,0,0.10333333333333333
RF,3,0,0,0.19
RF,3,0,0,0.05333333333333334
RF,3,0,0,0.18333333333333332
RF,3,0,0,0.31
RF,3,0,0,0.04
RF,3,0,0,0.08333333333333333
RF,3,0,0,0.38666666666666666
RF,3,0,0,0.048
RF,3,0,0,0.18333333333333332
RF,3,0,0,0.20666666666666667
RF,3,0,0,0.18666666666666668
RF,3,1,0,0.01
RF,3,0,0,0.09
RF,3,0,0,0.21333333333333335
RF,3,0,0,0.18
RF,3,0,0,0.11333333333333333
RF,3,1,1,0.6633333333333333
RF,3,0,0,0.23
RF,3,0,0,0.04666666666666667
RF,3,0,0,0.18666666666666668
RF,3,0,0,0.04666666666666667
RF,3,0,1,0.5966666666666667
RF,3,0,0,0.02666666666666667
RF,3,0,0,0.28
RF,3,1,0,0.2
RF,3,1,0,0.02666666666666667
RF,3,1,0,0.48333333333333334
RF,3,0,0,0.13099999999999998
RF,3,0,0,0.041444444444444443
RF,3,0,0,0.26111111111111107
RF,3,0,0,0.215
RF,3,1,0,0.2111111111111111
RF,3,0,0,0.23666666666666666
RF,3,1,0,0.006666666666666667
RF,3,0,0,0.06333333333333334
RF,3,0,0,0.18333333333333332
RF,3,1,0,0.18
RF,3,1,1,0.52
RF,3,0,0,0.4666666666666667
RF,3,1,0,0.25666666666666665
RF,3,0,0,0.0995
RF,3,0,0,0.10666666666666667
RF,3,0,0,0.12333333333333334
RF,3,0,0,0.3364444444444445
RF,3,1,1,0.5166666666666667
RF,3,0,0,0.16111111111111112
RF,3,0,0,0.21666666666666667
RF,3,0,0,0.3411111111111111
RF,3,0,1,0.5266666666666666
RF,3,0,0,0.18
RF,3,0,0,0.12666666666666668
RF,3,0,0,0.15
RF,3,0,0,0.0016666666666666668
RF,3,0,1,0.6
RF,3,1,1,0.7433333333333333
RF,3,0,0,0.26
RF,3,1,1,0.7433333333333333
RF,3,1,0,0.16
RF,3,0,0,0.21
RF,3,0,0,0.062277777777777765
RF,3,0,0,0.15666666666666668
RF,3,1,0,0.12333333333333334
RF,3,0,0,0.0033333333333333335
RF,3,1,0,0.11266666666666665
RF,3,0,0,0.11
RF,3,0,0,0.1927777777777778
RF,3,0,0,0.12333333333333334
RF,3,0,0,0.12666666666666668
RF,3,0,0,0.21
RF,3,0,0,0.10333333333333333
RF,3,0,0,0.25
RF,3,1,1,0.92
RF,3,0,0,0.09666666666666666
RF,3,1,0,0.33
RF,3,0,0,0.12333333333333334
RF,3,0,0,0.11666666666666667
RF,3,0,0,0.44333333333333336
RF,3,0,0,0.05
RF,3,0,0,0.09655555555555555
RF,3,1,0,0.1
RF,3,0,0,0.11
RF,3,1,0,0.47
RF,3,0,0,0.13
RF,3,0,0,0.24
RF,3,1,0,0.03333333333333333
RF,3,0,0,0.16333333333333333
RF,3,1,0,0.242
RF,3,1,0,0.02
RF,3,1,0,0.09
RF,3,0,0,0.10666666666666667
RF,3,0,0,0.03444444444444444
RF,3,1,0,0.32
RF,3,0,0,0.18
RF,3,0,0,0.28
RF,3,1,0,0.42
RF,3,1,0,0.16666666666666666
RF,3,0,0,0.36333333333333334
RF,3,0,0,0.11333333333333333
RF,3,0,1,0.5183849206349206
RF,3,0,0,0.3433333333333333
RF,3,1,0,0.16666666666666666
RF,3,0,0,0.12555555555555556
RF,3,0,0,0.25666666666666665
RF,3,0,0,0.2866666666666667
RF,3,0,0,0.1525
RF,3,0,0,0.17222222222222225
RF,3,0,0,0.1101111111111111
RF,3,1,0,0.20666666666666667
RF,3,0,0,0.2866666666666667
RF,3,1,0,0.09333333333333334
RF,3,1,0,0.5
RF,3,1,1,0.7166666666666667
RF,3,0,0,0.023333333333333334
RF,3,1,0,0.23
RF,3,0,0,0.27
RF,3,0,0,0.07
RF,3,1,0,0.22333333333333333
RF,3,0,0,0.19666666666666666
RF,3,0,0,0.31333333333333335
RF,3,1,0,0.42333333333333334
RF,3,0,0,0.47
RF,3,0,0,0.15
RF,3,0,0,0.09666666666666666
RF,3,1,0,0.44
RF,3,0,0,0.21666666666666667
RF,3,0,0,0.22333333333333333
RF,3,0,0,0.19333333333333333
RF,3,0,0,0.06
RF,3,1,0,0.13333333333333333
RF,3,0,0,0.043333333333333335
RF,3,0,0,0.013333333333333334
RF,3,0,0,0.17222222222222222
RF,3,0,0,0.21333333333333335
RF,3,0,0,0.19666666666666666
RF,3,0,0,0.10333333333333333
RF,3,0,0,0.23666666666666666
RF,3,1,1,0.6333333333333333
RF,3,1,0,0.38333333333333336
RF,3,1,1,0.5266666666666666
RF,3,0,0,0.023333333333333334
RF,3,1,0,0.3233333333333333
RF,3,0,0,0.13
RF,3,0,0,0.27022222222222225
RF,3,0,0,0.09333333333333334
RF,3,0,0,0.14
RF,3,0,0,0.30522222222222223
RF,3,0,0,0.04
RF,3,0,0,0.2733333333333333
RF,3,0,0,0.2866666666666667
RF,3,0,0,0.16333333333333333
RF,3,0,0,0.33666666666666667
RF,3,0,0,0.16
RF,3,0,1,0.54
RF,3,0,0,0.04666666666666667
RF,3,0,0,0.33666666666666667
RF,3,0,0,0.05
RF,3,0,0,0.30333333333333334
RF,3,1,0,0.27666666666666667
RF,3,0,0,0.4033333333333333
RF,3,0,0,0.17333333333333334
RF,3,0,0,0.05333333333333334
RF,3,0,0,0.16
RF,3,0,0,0.13666666666666666
RF,3,0,0,0.21333333333333335
RF,3,0,0,0.14
RF,3,0,0,0.13
RF,3,1,0,0.18333333333333332
RF,3,0,1,0.63
RF,3,0,0,0.3
RF,3,0,0,0.18666666666666668
RF,3,0,0,0.15166666666666667
RF,3,0,0,0.1922222222222222
RF,3,0,0,0.18333333333333332
RF,3,0,0,0.19
RF,3,1,0,0.21
RF,3,0,0,0.14333333333333334
RF,3,0,0,0.3933333333333333
RF,3,0,0,0.04938888888888889
RF,3,0,0,0.08
RF,3,0,1,0.59
RF,3,0,0,0.013333333333333334
RF,3,0,0,0.21333333333333335
RF,3,0,0,0.3
RF,3,1,0,0.11666666666666667
RF,3,0,0,0.06666666666666667
RF,3,1,0,0.24333333333333335
RF,3,0,0,0.46
RF,3,1,0,0.27666666666666667
RF,3,0,0,0.05
RF,3,0,0,0.05705555555555555
RF,3,0,0,0.09433333333333334
RF,3,1,0,0.41
RF,3,0,0,0.041666666666666664
RF,3,0,0,0.17666666666666667
RF,3,0,0,0.43444444444444447
RF,3,1,0,0.09333333333333334
RF,3,0,0,0.35333333333333333
RF,3,0,0,0.46
RF,3,0,0,0.09
RF,3,1,1,0.5433333333333333
RF,3,0,0,0.05333333333333334
RF,3,1,1,0.6166666666666667
RF,3,0,0,0.09666666666666666
RF,3,0,0,0.03333333333333333
RF,3,0,0,0.15
RF,3,0,0,0.18
RF,3,0,0,0.35
RF,3,1,0,0.17
RF,3,0,0,0.25333333333333335
RF,3,0,0,0.4066666666666667
RF,3,0,0,0.4922222222222223
RF,3,1,0,0.24666666666666667
RF,3,0,0,0.058333333333333334
RF,3,0,0,0.16666666666666666
RF,3,0,0,0.43333333333333335
RF,3,0,0,0.10333333333333333
RF,3,0,0,0.04666666666666667
RF,3,0,0,0.06
RF,3,0,0,0.33
RF,3,0,0,0.10333333333333333
RF,3,0,0,0.09666666666666666
RF,3,0,0,0.10333333333333333
RF,3,0,0,0.24
RF,3,1,0,0.17
RF,3,0,0,0.15
RF,3,0,0,0.47333333333333333
RF,3,0,0,0.07666666666666666
RF,3,0,0,0.4033333333333333
RF,3,0,0,0.028333333333333332
RF,3,1,0,0.30666666666666664
RF,3,0,0,0.09333333333333334
RF,3,0,0,0.22666666666666666
RF,3,0,0,0.14333333333333334
RF,3,0,0,0.06
RF,3,0,0,0.20666666666666667
RF,3,1,0,0.38333333333333336
RF,3,0,0,0.13
RF,3,0,0,0.23666666666666666
RF,3,1,0,0.03222222222222222
RF,3,0,1,0.6166666666666667
RF,3,0,0,0.14
RF,3,0,0,0.09666666666666666
RF,3,0,0,0.14666666666666667
RF,3,0,0,0.49
RF,3,0,0,0.38333333333333336
RF,3,0,0,0.21
RF,3,0,1,0.55
RF,3,0,1,0.5766666666666667
RF,3,0,1,0.56
RF,3,0,0,0.06
RF,3,0,0,0.2633333333333333
RF,3,0,0,0.30666666666666664
RF,3,0,0,0.23166666666666666
RF,3,0,0,0.2833333333333333
RF,3,0,0,0.14333333333333334
RF,3,0,0,0.19333333333333333
RF,3,0,0,0.23333333333333334
RF,3,0,0,0.11555555555555558
RF,3,0,0,0.18
RF,3,0,0,0.24666666666666667
RF,3,0,0,0.04
RF,3,0,0,0.2866666666666667
RF,3,0,1,0.7694444444444445
RF,3,0,0,0.25666666666666665
RF,3,0,0,0.34
RF,3,0,0,0.4633333333333333
RF,3,0,0,0.059722222222222225
RF,3,0,0,0.34
RF,3,0,0,0.016666666666666666
RF,4,0,0,0.4166666666666667
RF,4,0,0,0.16444444444444442
RF,4,0,0,0.09277777777777778
RF,4,0,0,0.17666666666666667
RF,4,1,0,0.4166666666666667
RF,4,0,0,0.1061111111111111
RF,4,0,0,0.21666666666666667
RF,4,0,0,0.03333333333333333
RF,4,0,1,0.7666666666666667
RF,4,0,0,0.19333333333333333
RF,4,0,0,0.32
RF,4,0,0,0.26666666666666666
RF,4,0,0,0.45666666666666667
RF,4,0,0,0.023333333333333334
RF,4,0,1,0.5966666666666667
RF,4,1,0,0.25666666666666665
RF,4,1,0,0.22666666666666666
RF,4,0,0,0.12666666666666668
RF,4,0,0,0.043333333333333335
RF,4,0,0,0.013333333333333334
RF,4,0,0,0.17333333333333334
RF,4,0,0,0.21666666666666667
RF,4,0,0,0.02666666666666667
RF,4,0,0,0.4
RF,4,0,0,0.28
RF,4,0,0,0.25333333333333335
RF,4,1,0,0.45666666666666667
RF,4,0,0,0.36333333333333334
RF,4,0,0,0.34
RF,4,0,0,0.06666666666666667
RF,4,0,0,0.10666666666666667
RF,4,0,0,0.031111111111111107
RF,4,1,0,0.34
RF,4,0,0,0.48
RF,4,1,1,0.6466666666666666
RF,4,0,0,0.2722222222222222
RF,4,0,0,0.23333333333333334
RF,4,0,0,0.02
RF,4,1,0,0.18
RF,4,0,0,0.37
RF,4,0,0,0.3233333333333333
RF,4,0,1,0.5269444444444444
RF,4,0,0,0.30333333333333334
RF,4,0,0,0.2225
RF,4,0,0,0.3233333333333333
RF,4,0,0,0.07333333333333333
RF,4,0,0,0.08333333333333333
RF,4,1,1,0.7566666666666667
RF,4,0,0,0.36
RF,4,0,0,0.01
RF,4,1,0,0.06899999999999999
RF,4,1,0,0.48333333333333334
RF,4,0,0,0.15
RF,4,0,0,0.26666666666666666
RF,4,0,0,0.19333333333333333
RF,4,0,0,0.17666666666666667
RF,4,0,0,0.3466666666666667
RF,4,0,0,0.16666666666666666
RF,4,1,0,0.46888888888888897
RF,4,0,1,0.6533333333333333
RF,4,0,1,0.7527777777777778
RF,4,0,0,0.13
RF,4,1,0,0.06
RF,4,1,0,0.24333333333333335
RF,4,0,0,0.3233333333333333
RF,4,0,0,0.22333333333333333
RF,4,0,0,0.2733333333333333
RF,4,1,0,0.38333333333333336
RF,4,0,0,0.25666666666666665
RF,4,0,0,0.12
RF,4,0,0,0.03666666666666667
RF,4,1,0,0.25
RF,4,1,0,0.27
RF,4,1,0,0.33
RF,4,1,0,0.48
RF,4,0,0,0.17
RF,4,0,0,0.28
RF,4,0,0,0.24333333333333335
RF,4,0,0,0.4633333333333333
RF,4,0,0,0.12333333333333334
RF,4,0,0,0.22
RF,4,0,0,0.13705555555555557
RF,4,0,0,0.16333333333333333
RF,4,0,0,0.19666666666666666
RF,4,0,0,0.08884920634920634
RF,4,1,0,0.4066666666666667
RF,4,1,0,0.18666666666666668
RF,4,1,1,0.6133333333333333
RF,4,0,0,0.2866666666666667
RF,4,0,0,0.3238253968253968
RF,4,0,0,0.25333333333333335
RF,4,1,0,0.056666666666666664
RF,4,0,0,0.16333333333333333
RF,4,1,0,0.23333333333333334
RF,4,1,1,0.67
RF,4,0,0,0.09
RF,4,0,0,0.15666666666666668
RF,4,1,0,0.16
RF,4,0,0,0.16
RF,4,0,0,0.41588888888888886
RF,4,0,0,0.05333333333333334
RF,4,0,0,0.0775
RF,4,0,0,0.15
RF,4,0,0,0.09333333333333334
RF,4,0,0,0.21
RF,4,0,0,0.19333333333333333
RF,4,0,0,0.09
RF,4,0,0,0.10333333333333333
RF,4,0,0,0.21333333333333335
RF,4,0,0,0.12
RF,4,0,0,0.2
RF,4,0,0,0.07666666666666666
RF,4,0,0,0.26666666666666666
RF,4,0,0,0.02
RF,4,0,0,0.19555555555555557
RF,4,0,0,0.21
RF,4,0,0,0.14333333333333334
RF,4,0,0,0.18
RF,4,0,0,0.11333333333333333
RF,4,0,0,0.18666666666666668
RF,4,0,0,0.165
RF,4,0,0,0.30666666666666664
RF,4,0,0,0.4266666666666667
RF,4,0,0,0.29
RF,4,0,0,0.10333333333333333
RF,4,0,0,0.2866666666666667
RF,4,0,0,0.0033333333333333335
RF,4,1,0,0.31266666666666665
RF,4,1,1,0.7166666666666667
RF,4,0,0,0.18666666666666668
RF,4,0,0,0.36666666666666664
RF,4,0,0,0.25666666666666665
RF,4,1,0,0.4798412698412699
RF,4,0,0,0.30666666666666664
RF,4,0,0,0.013333333333333334
RF,4,0,0,0.31
RF,4,0,0,0.14666666666666667
RF,4,0,0,0.11333333333333333
RF,4,0,1,0.5766666666666667
RF,4,0,0,0.30333333333333334
RF,4,0,0,0.09
RF,4,0,0,0.21
RF,4,1,0,0.07666666666666666
RF,4,0,0,0.09333333333333334
RF,4,0,1,0.7733333333333333
RF,4,0,0,0.30333333333333334
RF,4,0,0,0.25666666666666665
RF,4,0,0,0.37333333333333335
RF,4,0,0,0.20333333333333334
RF,4,0,0,0.2633333333333333
RF,4,1,0,0.22333333333333333
RF,4,0,0,0.09666666666666666
RF,4,0,0,0.45
RF,4,0,0,0.08833333333333333
RF,4,1,0,0.17333333333333334
RF,4,0,0,0.22333333333333333
RF,4,0,0,0.43333333333333335
RF,4,1,1,0.54
RF,4,0,0,0.08333333333333333
RF,4,0,0,0.38277777777777783
RF,4,1,0,0.19
RF,4,0,0,0.07333333333333333
RF,4,0,0,0.11333333333333333
RF,4,1,0,0.23666666666666666
RF,4,0,0,0.38
RF,4,0,0,0.2
RF,4,0,1,0.5266666666666666
RF,4,0,0,0.19
RF,4,0,0,0.034555555555555555
RF,4,0,0,0.17333333333333334
RF,4,0,0,0.06666666666666667
RF,4,0,0,0.09333333333333334
RF,4,0,0,0.12666666666666668
RF,4,0,0,0.25666666666666665
RF,4,1,0,0.16
RF,4,0,0,0.2733333333333333
RF,4,0,0,0.06611111111111112
RF,4,0,0,0.06666666666666667
RF,4,1,0,0.34
RF,4,0,0,0.30333333333333334
RF,4,0,0,0.23666666666666666
RF,4,0,0,0.1
RF,4,1,0,0.2594444444444444
RF,4,0,0,0.43333333333333335
RF,4,1,0,0.16
RF,4,1,1,0.8066666666666666
RF,4,0,0,0.15
RF,4,0,0,0.24666666666666667
RF,4,0,0,0.41333333333333333
RF,4,0,0,0.05333333333333334
RF,4,1,1,0.94
RF,4,0,0,0.045
RF,4,0,0,0.16333333333333333
RF,4,0,0,0.18333333333333332
RF,4,1,0,0.09
RF,4,0,1,0.5333333333333333
RF,4,0,1,0.6933333333333334
RF,4,0,0,0.17
RF,4,0,0,0.017777777777777778
RF,4,0,0,0.33
RF,4,0,0,0.22333333333333333
RF,4,0,0,0.05333333333333334
RF,4,0,0,0.06
RF,4,1,0,0.15666666666666668
RF,4,0,0,0.02
RF,4,0,0,0.1806111111111111
RF,4,0,0,0.31666666666666665
RF,4,1,0,0.39
RF,4,0,0,0.13
RF,4,0,0,0.05333333333333334
RF,4,1,0,0.3566666666666667
RF,4,0,0,0.13666666666666666
RF,4,0,0,0.14333333333333334
RF,4,0,0,0.023333333333333334
RF,4,1,1,0.56
RF,4,0,0,0.14666666666666667
RF,4,0,0,0.12333333333333334
RF,4,1,1,0.52
RF,4,0,0,0.43666666666666665
RF,4,0,0,0.10083333333333333
RF,4,0,0,0.14333333333333334
RF,4,0,0,0.11333333333333333
RF,4,0,0,0.17666666666666667
RF,4,1,0,0.10666666666666667
RF,4,0,0,0.23
RF,4,0,0,0.16
RF,4,0,0,0.25
RF,4,1,0,0.30333333333333334
RF,4,0,0,0.2346666666666667
RF,4,1,0,0.22
RF,4,1,0,0.2633333333333333
RF,4,0,0,0.36333333333333334
RF,4,0,0,0.06
RF,4,0,0,0.27
RF,4,0,0,0.25666666666666665
RF,4,0,0,0.11666666666666667
RF,4,0,0,0.11
RF,4,0,0,0.2061111111111111
RF,4,0,0,0.24
RF,4,0,0,0.23055555555555557
RF,4,1,0,0.04666666666666667
RF,4,0,0,0.02666666666666667
RF,4,0,0,0.04666666666666667
RF,4,0,0,0.06666666666666667
RF,4,0,0,0.11
RF,4,0,0,0.15666666666666668
RF,4,0,0,0.2833333333333333
RF,4,0,0,0.44
RF,4,1,0,0.13
RF,4,1,0,0.06
RF,4,0,0,0.05333333333333334
RF,4,1,0,0.41333333333333333
RF,4,1,1,0.5733333333333334
RF,4,1,0,0.13593650793650794
RF,4,1,1,0.66
RF,4,0,0,0.3333333333333333
RF,4,0,0,0.24812698412698406
RF,4,0,0,0.19
RF,4,0,1,0.5088888888888888
RF,4,0,0,0.2059444444444444
RF,4,0,0,0.31992063492063494
RF,4,0,0,0.17
RF,4,1,0,0.10666666666666667
RF,4,0,0,0.10333333333333333
RF,4,0,0,0.12
RF,4,0,0,0.023333333333333334
RF,4,0,0,0.17666666666666667
RF,4,0,0,0.2733333333333333
RF,4,0,0,0.25333333333333335
RF,4,0,0,0.32666666666666666
RF,4,0,1,0.7066666666666667
RF,4,0,1,0.7766666666666666
RF,4,0,0,0.10666666666666667
RF,4,0,0,0.3466666666666667
RF,4,0,0,0.16333333333333333
RF,4,0,0,0.09666666666666666
RF,4,0,0,0.12
RF,4,0,0,0.4033333333333333
RF,4,0,0,0.22
RF,4,0,0,0.18
RF,4,0,0,0.26666666666666666
RF,4,0,0,0.23333333333333334
RF,4,0,0,0.02
RF,4,1,0,0.16666666666666666
RF,4,0,0,0.05
RF,4,1,0,0.3333333333333333
RF,4,0,0,0.17166666666666666
RF,4,1,0,0.08600000000000001
RF,4,0,0,0.1025
RF,4,0,1,0.6133333333333333
RF,4,0,0,0.27999999999999997
RF,4,0,0,0.24666666666666667
RF,4,0,0,0.21
RF,4,0,1,0.6933333333333334
RF,4,0,0,0.18666666666666668
RF,4,1,1,0.7966666666666666
RF,4,0,0,0.21555555555555553
RF,4,0,0,0.32388888888888884
RF,4,1,0,0.47333333333333333
RF,4,0,0,0.20666666666666667
RF,4,1,0,0.08333333333333333
RF,4,0,0,0.33577777777777773
RF,4,0,0,0.31666666666666665
RF,4,0,0,0.17929365079365076
RF,4,1,0,0.06666666666666667
RF,4,1,0,0.2966666666666667
RF,4,1,0,0.3433333333333333
RF,4,0,0,0.4175079365079365
RF,4,1,0,0.30666666666666664
RF,4,0,0,0.38666666666666666
RF,4,0,0,0.27
RF,4,0,1,0.6066666666666667
RF,4,1,0,0.43666666666666665
RF,4,0,0,0.08
RF,4,0,0,0.1
RF,4,0,0,0.14333333333333334
RF,4,0,0,0.19333333333333333
RF,4,0,1,0.6273809523809524
RF,4,0,0,0.08777777777777777
RF,4,0,0,0.13666666666666666
RF,4,0,0,0.12
RF,4,0,0,0.054444444444444455
RF,4,1,0,0.02316666666666667
RF,4,0,0,0.08333333333333333
RF,4,0,0,0.023333333333333334
RF,4,1,0,0.016666666666666666
RF,4,0,0,0.16666666666666666
RF,4,0,0,0.36333333333333334
RF,4,1,0,0.14333333333333334
RF,4,0,0,0.02666666666666667
RF,4,0,0,0.04
RF,4,0,0,0.38
RF,4,1,0,0.23
RF,4,0,0,0.16333333333333333
RF,4,0,0,0.16
RF,4,0,0,0.23666666666666666
RF,4,1,1,0.9666666666666667
RF,4,0,0,0.26666666666666666
RF,4,0,0,0.22333333333333333
RF,4,0,1,0.6094126984126985
RF,4,0,0,0.45916666666666667
RF,4,0,0,0.20777777777777778
RF,4,0,0,0.22333333333333333
RF,4,1,0,0.42333333333333334
RF,4,0,0,0.23666666666666666
RF,4,0,0,0.13333333333333333
RF,4,0,0,0.17277777777777778
RF,4,0,1,0.5466666666666666
RF,4,0,0,0.07333333333333333
RF,4,0,0,0.21333333333333335
RF,4,1,0,0.06333333333333334
RF,4,0,0,0.22333333333333333
RF,4,0,0,0.17
RF,4,0,0,0.2866666666666667
RF,4,0,0,0.07333333333333333
RF,4,0,0,0.06
RF,4,0,0,0.21666666666666667
RF,4,0,0,0.38333333333333336
RF,4,0,0,0.12666666666666668
RF,4,1,0,0.31772222222222224
RF,4,0,0,0.051111111111111114
RF,4,1,0,0.18333333333333332
RF,4,0,0,0.18333333333333332
RF,4,0,0,0.25333333333333335
RF,4,0,1,0.5166666666666667
RF,4,0,0,0.11105555555555556
RF,4,0,1,0.6207777777777779
RF,4,0,0,0.37333333333333335
RF,4,0,0,0.15
RF,4,0,0,0.12666666666666668
RF,4,1,1,0.5366666666666666
RF,4,0,0,0.14666666666666667
RF,4,0,0,0.2633333333333333
RF,4,0,0,0.10972222222222222
RF,4,0,0,0.05
RF,4,0,0,0.14
RF,4,1,0,0.027944444444444442
RF,4,1,0,0.09
RF,4,0,0,0.09095238095238095
RF,4,1,0,0.31333333333333335
RF,4,1,0,0.31666666666666665
RF,4,0,0,0.0285
RF,4,0,0,0.24
RF,4,0,0,0.15333333333333332
RF,4,0,0,0.12
RF,4,1,0,0.44666666666666666
RF,4,0,0,0.1473809523809524
RF,4,1,1,0.5133333333333333
RF,4,1,0,0.37333333333333335
RF,4,1,0,0.11
RF,4,1,0,0.3
RF,4,0,0,0.07666666666666666
RF,4,0,0,0.33
RF,4,0,1,0.56
RF,4,0,0,0.36
RF,4,0,0,0.33
RF,4,1,0,0.38666666666666666
RF,4,0,0,0.17666666666666667
RF,4,0,0,0.31333333333333335
RF,4,0,0,0.18666666666666668
RF,4,0,0,0.36
RF,4,1,0,0.24666666666666667
RF,4,0,0,0.043333333333333335
RF,4,0,0,0.31311111111111106
RF,4,0,0,0.06
RF,4,1,0,0.37666666666666665
RF,4,0,0,0.125
RF,4,1,0,0.13333333333333333
RF,4,1,0,0.42
RF,4,0,0,0.31333333333333335
RF,4,0,0,0.25666666666666665
RF,4,0,0,0.07333333333333333
RF,4,0,0,0.31
RF,4,0,0,0.155
RF,4,0,0,0.058333333333333334
RF,4,0,0,0.16666666666666666
RF,4,0,0,0.04488888888888889
RF,4,0,0,0.14333333333333334
RF,4,0,0,0.3333333333333333
RF,4,0,0,0.02
RF,4,0,0,0.27666666666666667
RF,4,0,0,0.09333333333333334
RF,4,0,0,0.24666666666666667
RF,4,0,0,0.43666666666666665
RF,4,0,0,0.34
RF,4,0,0,0.11
RF,4,0,0,0.3402222222222222
RF,4,0,0,0.26
RF,4,0,0,0.1961111111111111
RF,4,0,0,0.5
RF,4,0,0,0.06333333333333334
RF,4,0,0,0.3
RF,4,1,0,0.2966666666666667
RF,4,0,0,0.1
RF,4,0,0,0.12444444444444443
RF,4,0,0,0.20333333333333334
RF,4,1,0,0.2
RF,4,0,0,0.02
RF,4,0,0,0.29
RF,4,1,0,0.45
RF,4,0,0,0.19666666666666666
RF,4,0,0,0.3488888888888889
RF,4,0,0,0.09333333333333334
RF,4,0,0,0.11666666666666667
RF,4,1,0,0.14333333333333334
RF,4,0,0,0.27666666666666667
RF,4,0,0,0.37
RF,4,0,0,0.4033333333333333
RF,4,0,0,0.22333333333333333
RF,4,0,0,0.16833333333333333
RF,4,1,0,0.26666666666666666
RF,4,0,0,0.07666666666666666
RF,4,0,0,0.04666666666666667
RF,4,0,0,0.5
RF,4,0,0,0.37
RF,4,0,0,0.016666666666666666
RF,4,0,0,0.056666666666666664
RF,4,0,0,0.013333333333333334
RF,4,0,0,0.18333333333333332
RF,4,0,0,0.17111111111111113
RF,4,1,0,0.12666666666666668
RF,4,0,0,0.21666666666666667
RF,4,1,0,0.3
RF,4,0,0,0.17166666666666666
RF,4,0,0,0.20238095238095236
RF,4,0,0,0.14233333333333337
RF,4,0,0,0.16333333333333333
RF,4,0,0,0.12
RF,4,1,1,0.6733333333333333
RF,4,0,0,0.18333333333333332
RF,4,0,0,0.07
RF,4,1,1,0.5366666666666666
RF,4,0,0,0.03833333333333333
RF,4,1,0,0.2833333333333333
RF,4,0,0,0.2966666666666667
RF,4,0,0,0.13333333333333333
RF,4,0,0,0.3933333333333333
RF,4,0,0,0.30666666666666664
RF,4,0,0,0.028333333333333332
RF,4,0,0,0.18
RF,4,1,1,0.71
RF,4,0,0,0.42
RF,4,0,0,0.12666666666666668
RF,4,0,0,0.33
RF,4,0,0,0.08333333333333333
RF,4,0,0,0.08466666666666667
RF,4,0,0,0.4766666666666667
RF,4,1,1,0.9266666666666666
RF,4,0,0,0.2966666666666667
RF,4,0,0,0.07833333333333332
RF,4,0,0,0.013333333333333334
RF,4,0,0,0.18
RF,4,0,0,0.16333333333333333
RF,4,0,0,0.07333333333333333
RF,4,0,0,0.19333333333333333
RF,4,0,0,0.09277777777777776
RF,4,0,0,0.03
RF,4,0,0,0.07333333333333333
RF,4,0,0,0.021666666666666667
RF,4,1,0,0.5
RF,4,0,0,0.10333333333333333
RF,4,0,0,0.2833333333333333
RF,4,0,0,0.03666666666666667
RF,4,0,0,0.2833333333333333
RF,4,0,0,0.04
RF,4,1,0,0.3433333333333333
RF,4,0,0,0.12805555555555556
RF,4,1,0,0.3433333333333333
RF,4,1,0,0.42
RF,4,0,0,0.05333333333333334
RF,4,0,0,0.06666666666666667
RF,4,0,0,0.3433333333333333
RF,4,1,0,0.33666666666666667
RF,4,0,0,0.16666666666666666
RF,4,0,0,0.016666666666666666
RF,4,0,0,0.43
RF,4,0,0,0.36388888888888893
RF,4,1,1,0.6033333333333334
RF,4,0,0,0.15333333333333332
RF,4,0,0,0.02666666666666667
RF,4,0,0,0.24666666666666667
RF,4,0,0,0.15333333333333332
RF,4,0,0,0.37
RF,4,0,0,0.26
RF,4,0,0,0.04777777777777778
RF,4,0,0,0.06018253968253968
RF,4,0,0,0.3566666666666667
RF,4,1,0,0.14333333333333334
RF,4,0,0,0.16
RF,4,1,0,0.10666666666666667
RF,4,0,0,0.14
RF,4,0,0,0.043000000000000003
RF,4,0,0,0.14333333333333334
RF,4,0,0,0.03
RF,4,0,0,0.13833333333333334
RF,4,0,0,0.06666666666666667
RF,4,0,0,0.056666666666666664
RF,4,0,0,0.18
RF,4,0,0,0.22666666666666666
RF,4,0,1,0.6433333333333333
RF,4,0,0,0.15333333333333332
RF,4,1,0,0.3466666666666667
RF,4,1,0,0.19666666666666666
RF,4,0,0,0.5
RF,4,0,0,0.23333333333333334
RF,4,0,0,0.2833333333333333
RF,4,1,1,0.5133333333333333
RF,4,0,1,0.5033333333333333
RF,4,0,1,0.65
RF,4,1,1,0.5633333333333334
RF,4,0,0,0.2683333333333333
RF,4,0,0,0.1902777777777778
RF,4,0,0,0.023333333333333334
RF,4,1,0,0.23
RF,4,0,0,0.15833333333333333
RF,4,0,0,0.12666666666666668
RF,4,0,0,0.16333333333333333
RF,4,1,1,0.6233333333333333
RF,4,0,1,0.5333333333333333
RF,4,0,0,0.29
RF,4,0,1,0.8466666666666667
RF,4,0,0,0.3983333333333333
RF,4,0,0,0.06333333333333334
RF,4,0,0,0.12333333333333334
RF,4,0,0,0.03
RF,4,1,1,0.8533333333333334
RF,4,0,0,0.4522222222222223
RF,4,1,0,0.04666666666666667
RF,4,0,0,0.37
RF,4,0,1,0.6133333333333333
RF,4,0,0,0.25666666666666665
RF,4,0,0,0.25
RF,4,0,0,0.11
RF,4,0,0,0.4666666666666667
RF,4,0,0,0.13833333333333334
RF,4,0,0,0.023333333333333334
RF,4,1,1,0.5533333333333333
RF,4,0,0,0.15666666666666668
RF,4,1,0,0.19666666666666666
RF,4,0,0,0.17666666666666667
RF,4,1,1,0.7566666666666667
RF,4,1,0,0.30333333333333334
RF,4,0,0,0.17944444444444446
RF,4,0,0,0.16
RF,4,1,0,0.22333333333333333
RF,4,0,0,0.445
RF,4,1,0,0.06333333333333334
RF,4,0,0,0.12
RF,4,0,0,0.07
RF,4,0,0,0.056666666666666664
RF,4,0,0,0.18333333333333332
RF,4,0,0,0.04
RF,4,0,0,0.34
RF,4,0,0,0.06
RF,4,0,1,0.6766666666666666
RF,4,0,0,0.2625
RF,4,0,0,0.23
RF,4,1,0,0.20333333333333334
RF,4,1,0,0.29
RF,4,0,0,0.42
RF,4,0,1,0.5033333333333333
RF,4,0,0,0.09333333333333334
RF,4,0,0,0.1
RF,4,0,0,0.46888888888888897
RF,4,0,0,0.12
RF,4,0,0,0.25333333333333335
RF,4,1,0,0.23
RF,4,0,0,0.02422222222222222
RF,4,0,0,0.28
RF,4,0,0,0.14
RF,4,0,0,0.021666666666666667
RF,4,0,0,0.0033333333333333335
RF,4,1,0,0.39666666666666667
RF,4,1,0,0.35
RF,4,1,0,0.33666666666666667
RF,4,0,0,0.1608333333333333
RF,4,0,0,0.05333333333333334
RF,4,0,0,0.19666666666666666
RF,4,0,1,0.6666666666666666
RF,4,0,0,0.02
RF,4,1,0,0.19
RF,4,0,0,0.17
RF,4,0,0,0.3466666666666667
RF,4,1,0,0.10666666666666667
RF,4,1,0,0.04055555555555556
RF,4,0,0,0.28
RF,4,0,0,0.15
RF,4,0,0,0.12666666666666668
RF,4,0,0,0.07333333333333333
RF,4,1,0,0.19
RF,4,1,0,0.4066666666666667
RF,4,0,0,0.4666666666666667
RF,4,0,0,0.1
RF,4,0,0,0.17
RF,4,0,0,0.015
RF,4,0,0,0.285
RF,4,0,0,0.13666666666666666
RF,4,0,0,0.08166666666666667
RF,4,0,1,0.6266666666666667
RF,4,0,0,0.14
RF,4,0,0,0.14333333333333334
RF,4,0,0,0.05333333333333334
RF,4,1,0,0.37
RF,4,0,0,0.19833333333333333
RF,4,0,0,0.49333333333333335
RF,4,1,0,0.2833333333333333
RF,4,0,1,0.68
RF,4,1,0,0.10666666666666667
RF,4,0,0,0.31
RF,4,0,0,0.09
RF,4,1,1,0.6533333333333333
RF,4,0,0,0.11666666666666667
RF,4,0,0,0.20666666666666667
RF,4,0,0,0.2076666666666667
RF,4,0,0,0.03666666666666667
RF,4,0,0,0.04
RF,4,1,0,0.3458333333333333
RF,4,1,0,0.27666666666666667
RF,4,1,0,0.47333333333333333
RF,4,0,0,0.25666666666666665
RF,4,0,0,0.16583333333333333
RF,4,0,0,0.14666666666666667
RF,4,0,0,0.18
RF,4,0,0,0.26666666666666666
RF,4,0,0,0.33666666666666667
RF,4,0,0,0.4033333333333333
RF,4,0,0,0.14
RF,4,0,0,0.06222222222222223
RF,4,0,0,0.04666666666666667
RF,4,0,0,0.12666666666666668
RF,4,0,0,0.39666666666666667
RF,4,0,0,0.06
RF,4,0,0,0.02
RF,4,1,1,0.6866666666666666
RF,4,0,0,0.08333333333333333
RF,4,0,0,0.18
RF,4,1,0,0.24333333333333335
RF,4,1,0,0.05
RF,4,0,0,0.15333333333333332
RF,4,0,0,0.12
RF,4,1,0,0.36333333333333334
RF,4,0,0,0.43666666666666665
RF,4,1,0,0.49333333333333335
RF,4,0,0,0.16
RF,4,0,0,0.055
RF,4,0,0,0.11888888888888888
RF,4,1,0,0.12333333333333334
RF,4,1,0,0.37666666666666665
RF,4,0,0,0.07333333333333333
RF,4,0,0,0.32666666666666666
RF,4,0,0,0.12
RF,4,0,1,0.7233333333333334
RF,4,0,0,0.08416666666666667
RF,4,0,0,0.006666666666666667
RF,4,0,1,0.548888888888889
RF,4,0,1,0.5183333333333333
RF,4,0,0,0.155484126984127
RF,4,1,1,0.53
RF,4,0,0,0.07277777777777777
RF,4,0,0,0.17
RF,4,1,0,0.42333333333333334
RF,4,0,1,0.56
RF,4,0,0,0.03
RF,4,0,1,0.5884365079365079
RF,4,1,0,0.30666666666666664
RF,4,0,0,0.2733333333333333
RF,4,0,0,0.39666666666666667
RF,4,0,0,0.4866666666666667
RF,4,0,0,0.16333333333333333
RF,4,1,0,0.09206349206349206
RF,4,0,0,0.13
RF,4,0,0,0.12666666666666668
RF,4,1,0,0.11333333333333333
RF,4,0,0,0.13666666666666666
RF,4,0,0,0.06666666666666667
RF,4,0,0,0.03611111111111111
RF,4,1,0,0.16511111111111113
RF,4,0,0,0.23
RF,4,1,0,0.35
RF,4,0,0,0.011666666666666667
RF,4,0,0,0.06
RF,4,0,0,0.17716666666666667
RF,4,1,0,0.11333333333333333
RF,4,1,0,0.06833333333333333
RF,4,0,0,0.14666666666666667
RF,4,0,0,0.041666666666666664
RF,4,1,0,0.2966666666666667
RF,4,0,0,0.006666666666666667
RF,4,0,0,0.34555555555555556
RF,4,1,0,0.26666666666666666
RF,4,0,0,0.07333333333333333
RF,4,0,0,0.22333333333333333
RF,4,0,0,0.13194444444444445
RF,4,0,1,0.7166666666666667
RF,4,1,1,0.59
RF,4,0,0,0.26666666666666666
RF,4,0,0,0.17666666666666667
RF,4,1,1,0.5133333333333333
RF,4,1,1,0.6
RF,4,0,0,0.11333333333333333
RF,4,0,0,0.07333333333333333
RF,4,1,0,0.22333333333333333
RF,4,0,0,0.32666666666666666
RF,4,1,0,0.05
RF,4,0,0,0.12666666666666668
RF,4,0,0,0.31666666666666665
RF,4,0,0,0.25666666666666665
RF,4,0,0,0.14
RF,4,1,1,0.5166666666666667
RF,4,0,0,0.4633333333333333
RF,4,0,0,0.14666666666666667
RF,4,0,0,0.32166666666666666
RF,4,0,0,0.25666666666666665
RF,4,0,0,0.09666666666666666
RF,4,0,0,0.016666666666666666
RF,4,0,0,0.11555555555555558
RF,4,0,0,0.17333333333333334
RF,4,1,1,0.7233333333333334
RF,4,0,0,0.15666666666666668
RF,4,1,0,0.21666666666666667
RF,4,0,0,0.16
RF,4,1,1,0.565
RF,4,1,0,0.27666666666666667
RF,4,0,0,0.26
RF,4,0,0,0.12333333333333334
RF,4,0,0,0.19666666666666666
RF,4,0,0,0.2633333333333333
RF,4,0,0,0.44
RF,4,0,0,0.11333333333333333
RF,4,0,0,0.07
RF,4,0,0,0.023333333333333334
RF,4,0,0,0.07333333333333333
RF,4,1,0,0.26
RF,4,0,0,0.20333333333333334
RF,4,0,0,0.21
RF,4,1,0,0.10722222222222223
RF,4,0,0,0.18666666666666668
RF,4,0,0,0.035833333333333335
RF,4,0,0,0.05333333333333334
RF,4,1,0,0.43666666666666665
RF,4,0,0,0.08333333333333333
RF,4,0,0,0.27666666666666667
RF,4,0,0,0.12333333333333334
RF,4,0,0,0.31333333333333335
RF,4,0,0,0.36666666666666664
RF,4,0,0,0.24
RF,4,0,0,0.13666666666666666
RF,4,1,0,0.043333333333333335
RF,4,0,0,0.10333333333333333
RF,4,0,0,0.18305555555555558
RF,4,0,0,0.09666666666666666
RF,4,0,0,0.043333333333333335
RF,4,1,0,0.45666666666666667
RF,4,0,0,0.10666666666666667
RF,4,0,0,0.16333333333333333
RF,4,1,0,0.18
RF,4,0,0,0.28
RF,4,1,0,0.20666666666666667
RF,4,1,1,0.6633333333333333
RF,4,0,0,0.2866666666666667
RF,4,0,0,0.25333333333333335
RF,4,0,0,0.02
RF,4,0,0,0.22666666666666666
RF,4,0,0,0.20333333333333334
RF,4,0,0,0.043333333333333335
RF,4,0,0,0.06
RF,4,1,0,0.25
RF,4,0,0,0.21
RF,4,0,0,0.11333333333333331
RF,4,0,1,0.5333333333333333
RF,4,0,0,0.11666666666666667
RF,4,0,0,0.14
RF,4,0,0,0.11666666666666667
RF,4,0,0,0.12
RF,4,0,0,0.31666666666666665
RF,4,1,0,0.13333333333333333
RF,4,0,0,0.25
RF,4,0,0,0.1522222222222222
RF,4,0,0,0.32966666666666666
RF,4,0,0,0.12
RF,4,0,0,0.036111111111111115
RF,4,0,0,0.06666666666666667
RF,4,0,0,0.14833333333333334
RF,4,0,0,0.3035555555555555
RF,4,0,0,0.19666666666666666
RF,4,0,0,0.37666666666666665
RF,4,0,0,0.10666666666666667
RF,4,0,0,0.03666666666666667
RF,4,0,0,0.15
RF,4,0,0,0.14666666666666667
RF,4,0,0,0.04
RF,4,1,0,0.15966666666666665
RF,4,0,1,0.6933333333333334
RF,4,0,0,0.11666666666666667
RF,4,0,0,0.39
RF,4,0,0,0.14
RF,4,0,0,0.24666666666666667
RF,4,1,0,0.05
RF,4,0,0,0.17400000000000002
RF,4,1,0,0.41
RF,4,0,0,0.2733333333333333
RF,4,1,0,0.16333333333333333
RF,4,0,0,0.08666666666666667
RF,4,1,0,0.08666666666666667
RF,4,1,0,0.21
RF,4,1,0,0.14333333333333334
RF,4,0,0,0.06833333333333333
RF,4,0,0,0.25888888888888884
RF,4,0,0,0.06666666666666667
RF,4,0,0,0.06333333333333334
RF,4,0,0,0.06666666666666667
RF,4,1,0,0.15666666666666668
RF,4,1,1,0.53
RF,4,0,0,0.14333333333333334
RF,4,0,0,0.16666666666666666
RF,4,0,0,0.20666666666666667
RF,4,0,0,0.4166666666666667
RF,4,0,0,0.27666666666666667
RF,4,0,0,0.26476190476190475
RF,4,0,1,0.8133333333333334
RF,4,0,0,0.17333333333333334
RF,4,0,0,0.38333333333333336
RF,4,0,0,0.08622222222222221
RF,4,0,0,0.21666666666666667
RF,4,1,0,0.34
RF,4,0,0,0.14666666666666667
RF,4,0,0,0.11666666666666667
RF,4,1,0,0.21333333333333335
RF,4,0,0,0.006666666666666667
RF,4,0,0,0.16333333333333333
RF,4,1,0,0.37333333333333335
RF,4,1,1,0.55
RF,4,1,1,0.6433333333333333
RF,4,0,1,0.6133333333333333
RF,4,0,0,0.30333333333333334
RF,4,0,1,0.5466666666666666
RF,4,0,0,0.3433333333333333
RF,4,0,0,0.01
RF,4,0,0,0.32666666666666666
RF,4,1,0,0.39
RF,4,0,0,0.005555555555555555
RF,4,0,0,0.27
RF,4,0,0,0.06666666666666667
RF,4,0,0,0.31333333333333335
RF,4,0,0,0.05333333333333334
RF,4,0,0,0.18555555555555556
RF,4,0,1,0.5133333333333333
RF,4,0,0,0.09
RF,4,0,0,0.10333333333333333
RF,4,0,0,0.13
RF,4,0,0,0.2633333333333333
RF,4,0,0,0.15
RF,4,1,0,0.12666666666666668
RF,4,0,0,0.25333333333333335
RF,4,1,0,0.44333333333333336
RF,4,1,0,0.31055555555555553
RF,4,0,0,0.15666666666666665
RF,4,0,0,0.2966666666666667
RF,4,1,0,0.08666666666666667
RF,4,0,0,0.20333333333333334
RF,4,1,1,0.7366666666666667
RF,4,1,0,0.16333333333333333
RF,4,1,0,0.36
RF,4,0,0,0.12
RF,4,0,0,0.11166666666666666
RF,4,0,1,0.55
RF,4,1,0,0.18
RF,4,0,0,0.25
RF,4,0,0,0.065
RF,4,1,1,0.5166666666666667
RF,4,1,0,0.016666666666666666
RF,4,0,0,0.09
RF,4,0,0,0.06333333333333334
RF,4,0,0,0.43416666666666665
RF,4,0,0,0.08333333333333333
RF,4,0,0,0.16
RF,4,0,0,0.23666666666666666
RF,4,0,0,0.11777777777777776
RF,4,0,1,0.5166666666666667
RF,4,0,0,0.08
RF,4,1,0,0.22
RF,4,1,0,0.18333333333333332
RF,4,1,0,0.48333333333333334
RF,4,1,1,0.5133333333333333
RF,4,0,1,0.5166666666666667
RF,4,0,0,0.12
RF,4,0,0,0.2
RF,4,0,0,0.09666666666666666
RF,4,1,0,0.47333333333333333
RF,4,1,0,0.23666666666666666
RF,4,0,0,0.28
RF,4,0,0,0.06333333333333334
RF,4,0,0,0.04904761904761905
RF,4,1,1,0.7033333333333334
RF,4,0,0,0.4
RF,4,0,0,0.47333333333333333
RF,4,0,1,0.5066666666666667
RF,4,0,0,0.1
RF,4,0,0,0.35333333333333333
RF,4,0,0,0.1
RF,4,0,0,0.07
RF,4,0,0,0.3566666666666667
RF,4,0,0,0.03666666666666667
RF,4,0,0,0.12666666666666668
RF,4,0,0,0.15
RF,4,0,0,0.36
RF,4,1,0,0.04472222222222222
RF,4,0,0,0.05242857142857143
RF,4,0,0,0.20666666666666667
RF,4,0,0,0.17333333333333334
RF,4,0,0,0.11555555555555558
RF,4,0,0,0.18333333333333332
RF,4,0,1,0.5433333333333333
RF,4,0,0,0.06666666666666667
RF,4,0,0,0.09666666666666666
RF,4,0,0,0.09333333333333334
RF,4,1,0,0.4266666666666667
RF,4,0,0,0.3534285714285714
RF,4,0,0,0.08333333333333333
RF,4,0,0,0.13
RF,4,1,1,0.5266666666666666
RF,4,0,0,0.02805555555555556
RF,4,0,0,0.17666666666666667
RF,4,0,0,0.036222222222222225
RF,4,0,0,0.18666666666666668
RF,4,0,0,0.0825
RF,4,1,1,0.5772222222222222
RF,4,0,0,0.09
RF,4,0,0,0.2
RF,4,1,1,0.8066666666666666
RF,4,0,0,0.10333333333333333
RF,4,0,0,0.043333333333333335
RF,4,0,0,0.36666666666666664
RF,4,1,1,0.5033333333333333
RF,4,0,0,0.14666666666666667
RF,4,1,0,0.2475
RF,4,0,0,0.14722222222222223
RF,4,1,0,0.21333333333333335
RF,4,0,0,0.03666666666666667
RF,4,0,0,0.11666666666666667
RF,4,1,0,0.4766666666666667
RF,4,0,0,0.21
RF,4,0,0,0.17333333333333334
RF,4,1,0,0.08571428571428572
RF,4,0,0,0.1
RF,4,1,0,0.365
RF,4,1,0,0.06718253968253968
RF,4,0,0,0.20333333333333334
RF,4,0,0,0.17294444444444446
RF,4,0,1,0.51
RF,4,0,0,0.07833333333333334
RF,4,1,0,0.3466666666666667
RF,4,0,0,0.14
RF,4,0,1,0.7133333333333334
RF,4,1,0,0.23666666666666666
RF,4,0,0,0.44
RF,4,0,0,0.28
RF,4,1,1,0.6766666666666666
RF,4,0,0,0.2
RF,4,1,0,0.3616666666666667
RF,4,1,0,0.03333333333333333
RF,4,0,1,0.6383333333333333
RF,4,0,0,0.20666666666666667
RF,4,0,0,0.3
RF,4,0,0,0.16961111111111113
RF,4,0,0,0.49666666666666665
RF,4,0,0,0.20333333333333334
RF,4,1,0,0.36333333333333334
RF,4,1,1,0.7266666666666667
RF,4,1,0,0.06833333333333333
RF,4,0,0,0.38
RF,4,0,0,0.05333333333333334
RF,4,0,0,0.03666666666666667
RF,4,1,0,0.24812698412698406
RF,4,1,0,0.3333333333333333
RF,4,0,1,0.6233333333333333
RF,4,0,1,0.64
RF,4,0,0,0.4666666666666667
RF,4,0,0,0.0976984126984127
RF,4,0,0,0.44333333333333336
RF,4,0,0,0.010499999999999999
RF,4,0,0,0.13
RF,4,0,0,0.1272222222222222
RF,4,0,0,0.15333333333333332
RF,4,0,0,0.05
RF,4,0,0,0.39666666666666667
RF,4,1,0,0.14666666666666667
RF,4,0,0,0.2733333333333333
RF,4,0,0,0.1
RF,4,0,0,0.07
RF,4,1,0,0.24333333333333335
RF,4,0,0,0.3333333333333333
RF,4,1,0,0.29333333333333333
RF,4,0,0,0.29333333333333333
RF,4,0,0,0.03
RF,4,0,0,0.205
RF,4,0,0,0.016666666666666666
RF,4,0,0,0.10333333333333333
RF,4,0,0,0.19333333333333333
RF,4,1,0,0.10333333333333333
RF,4,0,0,0.4666666666666667
RF,4,0,0,0.013333333333333334
RF,4,0,0,0.19333333333333333
RF,4,0,0,0.16666666666666666
RF,4,1,0,0.25222222222222224
RF,4,0,0,0.13833333333333334
RF,4,0,0,0.05904761904761905
RF,4,0,0,0.20666666666666667
RF,4,0,0,0.21333333333333335
RF,4,0,0,0.043333333333333335
RF,4,0,0,0.31333333333333335
RF,4,1,0,0.45666666666666667
RF,4,0,0,0.08666666666666667
RF,4,0,0,0.35
RF,4,0,0,0.11333333333333333
RF,4,0,0,0.09666666666666666
RF,4,0,1,0.63
RF,4,0,0,0.2633333333333333
RF,4,0,0,0.14333333333333334
RF,4,0,0,0.2633333333333333
RF,4,0,0,0.01
RF,4,0,1,0.7433333333333333
RF,4,0,0,0.06333333333333334
RF,4,0,0,0.1
RF,4,0,0,0.09
RF,4,0,0,0.2966666666666667
RF,4,1,0,0.31666666666666665
RF,4,1,1,0.62
RF,4,1,0,0.2866666666666667
RF,4,1,0,0.3782777777777778
RF,4,0,0,0.17
RF,4,0,0,0.3627777777777778
RF,4,0,0,0.30666666666666664
RF,4,0,0,0.03
RF,4,1,1,0.7533333333333333
RF,4,0,0,0.22
RF,4,0,0,0.16666666666666666
RF,4,0,0,0.023333333333333334
RF,4,0,0,0.18666666666666668
RF,4,1,0,0.13666666666666666
RF,4,1,0,0.30333333333333334
RF,4,0,0,0.19
RF,4,0,0,0.17333333333333334
RF,4,0,0,0.13666666666666666
RF,4,0,0,0.10333333333333333
RF,4,0,0,0.49666666666666665
RF,4,1,0,0.44333333333333336
RF,4,1,1,0.7633333333333333
RF,4,0,0,0.23
RF,4,0,0,0.29472222222222216
RF,4,0,1,0.7633333333333333
RF,4,0,1,0.84
RF,4,0,0,0.13005555555555556
RF,4,0,0,0.17111111111111113
RF,4,0,0,0.006666666666666667
RF,4,0,0,0.1
RF,4,1,0,0.12333333333333334
RF,4,0,0,0.30666666666666664
RF,4,1,0,0.4
RF,4,0,0,0.36
RF,4,0,0,0.10666666666666667
RF,4,0,0,0.11
RF,4,1,1,0.6933333333333334
RF,4,0,0,0.3466666666666667
RF,4,0,0,0.15666666666666668
RF,4,0,0,0.30666666666666664
RF,4,0,0,0.43666666666666665
RF,4,0,0,0.14
RF,4,1,0,0.12666666666666668
RF,4,0,0,0.18333333333333332
RF,4,0,0,0.28
RF,4,0,0,0.15722222222222224
RF,4,0,0,0.42333333333333334
RF,4,0,0,0.38
RF,4,0,0,0.17444444444444443
RF,4,0,0,0.44333333333333336
RF,4,0,0,0.08333333333333333
RF,4,1,0,0.21666666666666667
RF,4,0,0,0.18666666666666668
RF,4,0,0,0.3933333333333333
RF,4,1,0,0.27
RF,4,0,0,0.02
RF,4,0,0,0.2
RF,4,0,0,0.22
RF,4,1,1,0.6
RF,4,0,0,0.19666666666666666
RF,4,1,0,0.2
RF,4,0,0,0.03666666666666667
RF,4,0,0,0.25666666666666665
RF,4,0,0,0.13666666666666666
RF,4,0,0,0.30666666666666664
RF,4,0,0,0.2833333333333333
RF,4,0,0,0.2866666666666667
RF,4,0,0,0.0
RF,4,0,0,0.07726190476190477
RF,4,0,0,0.02666666666666667
RF,4,0,0,0.34
RF,4,0,0,0.28
RF,4,0,0,0.34
RF,4,0,0,0.19666666666666666
RF,4,0,0,0.23833333333333334
RF,4,0,0,0.05333333333333334
RF,4,0,1,0.5477777777777777
RF,4,1,0,0.11333333333333333
RF,4,0,0,0.04666666666666667
RF,4,0,0,0.13333333333333333
RF,4,0,0,0.05
RF,4,0,0,0.05
RF,4,1,0,0.32666666666666666
RF,4,0,0,0.14666666666666667
RF,4,0,0,0.2733333333333333
RF,4,0,0,0.057222222222222216
RF,4,1,0,0.108
RF,4,1,0,0.44666666666666666
RF,4,0,0,0.04
RF,4,1,0,0.44333333333333336
RF,4,0,0,0.4533333333333333
RF,4,0,0,0.043333333333333335
RF,4,0,0,0.08666666666666667
RF,4,0,0,0.20055555555555557
RF,4,0,0,0.1806111111111111
RF,4,0,0,0.14333333333333334
RF,4,0,0,0.20333333333333334
RF,4,0,0,0.26666666666666666
RF,4,0,0,0.44333333333333336
RF,4,0,0,0.18333333333333332
RF,4,1,0,0.28
RF,4,0,0,0.13666666666666666
RF,4,0,0,0.08666666666666667
RF,4,0,0,0.16666666666666666
RF,4,1,0,0.25333333333333335
RF,4,0,0,0.09
RF,4,1,0,0.17929365079365076
RF,4,0,0,0.04
RF,4,0,0,0.16666666666666666
RF,4,0,1,0.7080555555555557
RF,4,0,0,0.21333333333333335
RF,4,1,0,0.43333333333333335
RF,4,1,0,0.36333333333333334
RF,4,0,0,0.2833333333333333
RF,4,0,0,0.04055555555555555
RF,4,0,0,0.16522222222222221
RF,4,0,1,0.5101587301587301
RF,4,0,0,0.21666666666666667
RF,4,0,0,0.07333333333333333
RF,4,1,0,0.27
RF,4,0,0,0.05
RF,4,0,0,0.15333333333333332
RF,4,0,0,0.27666666666666667
RF,4,0,0,0.24333333333333335
RF,4,0,0,0.11666666666666667
RF,4,0,0,0.24
RF,4,1,1,0.89
RF,4,0,0,0.16666666666666666
RF,4,0,0,0.2833333333333333
RF,4,0,0,0.28944444444444445
RF,4,0,0,0.04666666666666667
RF,4,0,0,0.23
RF,4,0,0,0.21666666666666667
RF,4,0,0,0.39
RF,4,0,0,0.08
RF,4,0,0,0.056666666666666664
RF,4,0,0,0.3778333333333333
RF,4,0,0,0.3045952380952381
RF,4,0,0,0.14333333333333334
RF,4,1,0,0.32666666666666666
RF,4,1,1,0.6233333333333333
RF,4,0,0,0.07
RF,4,0,0,0.17
RF,4,0,0,0.12666666666666668
RF,4,0,0,0.14666666666666667
RF,4,0,0,0.01
RF,4,1,0,0.25
RF,4,0,0,0.09333333333333334
RF,4,0,0,0.2916666666666667
RF,4,1,0,0.49
RF,4,0,0,0.13
RF,4,1,0,0.18
RF,4,1,0,0.04
RF,4,1,0,0.4866666666666667
RF,4,0,0,0.06
RF,4,0,0,0.13666666666666666
RF,4,0,0,0.16015873015873017
RF,4,0,0,0.07333333333333333
RF,4,0,0,0.10666666666666667
RF,4,0,0,0.05333333333333334
RF,4,0,0,0.155
RF,4,1,0,0.19666666666666666
RF,4,0,0,0.33666666666666667
RF,4,0,0,0.225
RF,4,0,0,0.06
RF,4,0,0,0.20333333333333334
RF,4,0,0,0.21
RF,4,0,1,0.7005555555555555
RF,4,0,0,0.22666666666666666
RF,4,1,0,0.15
RF,4,0,0,0.24666666666666667
RF,4,1,0,0.36666666666666664
RF,4,0,0,0.06666666666666667
RF,4,1,0,0.16333333333333333
RF,4,1,0,0.31333333333333335
RF,4,0,0,0.14
RF,4,1,0,0.06666666666666667
RF,4,0,0,0.17333333333333334
RF,4,0,0,0.0054444444444444445
RF,4,0,0,0.08333333333333333
RF,4,1,0,0.14333333333333334
RF,4,0,0,0.1
RF,4,0,0,0.43
RF,4,0,0,0.11666666666666667
RF,4,0,0,0.14
RF,4,1,0,0.48333333333333334
RF,4,0,0,0.1
RF,4,0,0,0.12
RF,4,0,0,0.18
RF,4,0,0,0.2733333333333333
RF,4,0,0,0.21333333333333335
RF,4,0,1,0.6666666666666666
RF,4,0,0,0.235
RF,4,0,0,0.15
RF,4,0,0,0.14666666666666667
RF,4,0,0,0.023333333333333334
RF,4,1,0,0.30666666666666664
RF,4,0,0,0.09
RF,4,0,0,0.02666666666666667
RF,4,0,0,0.15666666666666668
RF,4,0,0,0.13
RF,4,0,0,0.23333333333333334
RF,4,1,0,0.11666666666666667
RF,4,1,0,0.2733333333333333
RF,4,0,0,0.035
RF,4,1,1,0.73
RF,4,0,0,0.03666666666666667
RF,4,0,0,0.19333333333333333
RF,4,0,0,0.29333333333333333
RF,4,0,0,0.19666666666666666
RF,4,0,0,0.11333333333333333
RF,4,0,0,0.25
RF,4,0,0,0.11
RF,4,0,0,0.3933333333333333
RF,4,0,0,0.08
RF,4,0,0,0.18666666666666668
RF,4,0,0,0.08666666666666667
RF,4,0,0,0.01
RF,4,1,0,0.49333333333333335
RF,4,1,0,0.39
RF,4,0,0,0.22333333333333333
RF,4,0,0,0.09333333333333334
RF,4,1,0,0.4066666666666667
RF,4,0,0,0.11881746031746034
RF,4,0,0,0.2833333333333333
RF,4,0,0,0.06666666666666667
RF,4,0,0,0.23622222222222225
RF,4,1,0,0.04
RF,4,0,0,0.44333333333333336
RF,4,0,0,0.12666666666666668
RF,4,0,0,0.18333333333333332
RF,4,0,0,0.09111111111111111
RF,4,0,0,0.3055555555555556
RF,4,0,0,0.3672777777777778
RF,4,0,0,0.05333333333333334
RF,4,1,0,0.1061111111111111
RF,4,0,0,0.18
RF,4,0,1,0.5533333333333333
RF,4,1,0,0.12666666666666668
RF,4,0,0,0.32
RF,4,1,0,0.4066666666666667
RF,4,0,0,0.04555555555555555
RF,4,0,0,0.09799999999999999
RF,4,0,0,0.39666666666666667
RF,4,0,0,0.06
RF,4,0,0,0.4266666666666667
RF,4,0,0,0.05138888888888889
RF,4,0,0,0.04682539682539683
RF,4,1,0,0.3333333333333333
RF,4,0,0,0.23
RF,4,0,0,0.43333333333333335
RF,4,0,0,0.45
RF,4,0,0,0.4
RF,4,0,0,0.19
RF,4,0,0,0.21
RF,4,1,0,0.47
RF,4,0,1,0.6333333333333333
RF,4,1,1,0.5833333333333334
RF,4,0,0,0.061111111111111116
RF,4,0,0,0.41
RF,4,0,0,0.21666666666666667
RF,4,0,0,0.3933333333333333
RF,4,0,0,0.03
RF,4,0,1,0.53
RF,4,0,0,0.21
RF,4,0,0,0.24333333333333335
RF,4,0,0,0.25
RF,4,1,1,0.6133333333333333
RF,4,0,0,0.045
RF,4,0,0,0.25
RF,4,0,0,0.1200396825396825
RF,4,1,0,0.3566666666666667
RF,4,0,0,0.1325
RF,4,0,1,0.6366666666666667
RF,4,1,0,0.16
RF,4,0,0,0.0525
RF,4,0,0,0.12666666666666668
RF,4,0,0,0.14666666666666667
RF,4,0,0,0.20666666666666667
RF,4,0,0,0.27311111111111114
RF,4,0,0,0.02666666666666667
RF,4,0,0,0.14
RF,4,0,0,0.22716666666666668
RF,4,1,0,0.045
RF,4,1,0,0.30666666666666664
RF,4,0,0,0.03666666666666667
RF,4,0,0,0.30333333333333334
RF,4,1,0,0.1453730158730159
RF,4,0,0,0.07
RF,4,0,0,0.19333333333333333
RF,4,0,1,0.6646031746031746
RF,4,1,0,0.16666666666666666
RF,4,0,0,0.07333333333333333
RF,4,0,0,0.22333333333333333
RF,4,0,0,0.25
RF,4,0,0,0.23
RF,4,0,0,0.4266666666666667
RF,4,1,0,0.42333333333333334
RF,4,0,0,0.17333333333333334
RF,4,0,0,0.06
RF,4,0,0,0.33
RF,4,0,0,0.016666666666666666
RF,4,0,0,0.14666666666666667
RF,4,0,0,0.06857142857142856
RF,4,1,0,0.19333333333333333
RF,4,0,0,0.101
RF,4,1,0,0.2966666666666667
RF,4,0,0,0.21222222222222223
RF,4,0,0,0.17333333333333334
RF,4,0,0,0.19583333333333333
RF,4,1,0,0.05333333333333334
RF,4,0,0,0.08333333333333333
RF,4,0,0,0.041277777777777774
RF,4,1,0,0.2025
RF,4,1,0,0.22
RF,4,0,0,0.3701587301587302
RF,4,0,0,0.09333333333333334
RF,4,0,0,0.4266666666666667
RF,4,0,0,0.07333333333333333
RF,4,0,0,0.235
RF,4,0,0,0.18716666666666668
RF,4,0,0,0.12333333333333334
RF,4,0,0,0.31333333333333335
RF,4,0,0,0.14333333333333334
RF,4,0,0,0.12
RF,4,0,0,0.25333333333333335
RF,4,0,0,0.1
RF,4,0,1,0.8966666666666666
RF,4,0,0,0.05
RF,4,0,0,0.25666666666666665
RF,4,0,0,0.060460317460317464
RF,4,0,0,0.13333333333333333
RF,4,0,0,0.013333333333333334
RF,4,1,0,0.07333333333333333
RF,4,1,0,0.24666666666666667
RF,4,0,0,0.06365079365079365
RF,4,0,0,0.06166666666666667
RF,4,0,0,0.18333333333333332
RF,4,0,0,0.37333333333333335
RF,4,0,0,0.21
RF,4,0,1,0.55
RF,4,0,0,0.12333333333333334
RF,4,0,0,0.41333333333333333
RF,4,0,0,0.21333333333333335
RF,4,0,0,0.04666666666666667
RF,4,1,0,0.395
RF,4,0,0,0.34
RF,4,1,1,0.5433333333333333
RF,4,0,0,0.11
RF,4,0,0,0.36333333333333334
RF,4,1,0,0.018333333333333333
RF,4,0,0,0.08666666666666667
RF,4,0,0,0.2024444444444444
RF,4,1,1,0.8766666666666667
RF,4,0,0,0.04666666666666667
RF,4,0,0,0.25333333333333335
RF,4,1,1,0.6166666666666667
RF,4,0,0,0.21333333333333335
RF,4,0,0,0.14666666666666667
RF,5,1,1,0.5133333333333333
RF,5,0,0,0.3730555555555555
RF,5,0,0,0.2633333333333333
RF,5,1,0,0.21666666666666667
RF,5,1,0,0.2866666666666667
RF,5,0,0,0.013333333333333334
RF,5,0,0,0.29
RF,5,1,0,0.08666666666666667
RF,5,0,0,0.175
RF,5,0,0,0.12
RF,5,0,0,0.32666666666666666
RF,5,0,0,0.15
RF,5,0,1,0.5725
RF,5,0,0,0.16333333333333333
RF,5,0,0,0.07333333333333333
RF,5,0,0,0.08333333333333333
RF,5,1,0,0.1386111111111111
RF,5,0,0,0.13
RF,5,0,0,0.2733333333333333
RF,5,0,0,0.09
RF,5,1,1,0.5788888888888889
RF,5,0,0,0.18
RF,5,0,1,0.64
RF,5,0,0,0.27416666666666667
RF,5,0,1,0.6283333333333333
RF,5,0,0,0.20666666666666667
RF,5,0,0,0.31666666666666665
RF,5,0,0,0.06666666666666667
RF,5,0,0,0.30333333333333334
RF,5,1,0,0.22333333333333333
RF,5,1,0,0.17
RF,5,0,0,0.15666666666666668
RF,5,0,0,0.06305555555555555
RF,5,1,0,0.3233333333333333
RF,5,0,0,0.31666666666666665
RF,5,0,0,0.11833333333333333
RF,5,1,0,0.25333333333333335
RF,5,0,0,0.08333333333333333
RF,5,1,0,0.19333333333333333
RF,5,0,0,0.061111111111111116
RF,5,1,0,0.42333333333333334
RF,5,1,1,0.6433333333333333
RF,5,1,0,0.24666666666666667
RF,5,0,1,0.7094444444444444
RF,5,0,0,0.08333333333333333
RF,5,0,0,0.07333333333333333
RF,5,0,0,0.22666666666666666
RF,5,0,0,0.30333333333333334
RF,5,1,1,0.66
RF,5,0,0,0.14
RF,5,0,0,0.36333333333333334
RF,5,0,0,0.15333333333333332
RF,5,1,0,0.057777777777777775
RF,5,1,0,0.37
RF,5,0,0,0.07666666666666666
RF,5,0,0,0.18333333333333332
RF,5,0,0,0.26666666666666666
RF,5,0,0,0.13666666666666666
RF,5,0,0,0.07
RF,5,0,0,0.25666666666666665
RF,5,0,0,0.03666666666666667
RF,5,0,0,0.05
RF,5,0,0,0.1
RF,5,0,0,0.04666666666666667
RF,5,0,0,0.08
RF,5,0,0,0.07333333333333333
RF,5,0,0,0.20333333333333334
RF,5,0,0,0.05222222222222222
RF,5,0,0,0.13
RF,5,0,0,0.10666666666666667
RF,5,0,0,0.14333333333333334
RF,5,0,0,0.21666666666666667
RF,5,0,0,0.27666666666666667
RF,5,0,0,0.24666666666666667
RF,5,0,0,0.08
RF,5,0,0,0.04666666666666667
RF,5,0,0,0.2175
RF,5,1,1,0.5933333333333334
RF,5,0,0,0.054
RF,5,0,0,0.06111111111111111
RF,5,0,0,0.023333333333333334
RF,5,1,0,0.38
RF,5,0,0,0.24444444444444446
RF,5,0,0,0.10833333333333334
RF,5,0,0,0.20666666666666667
RF,5,0,0,0.145
RF,5,1,1,0.57
RF,5,1,0,0.49507142857142855
RF,5,0,1,0.6333333333333333
RF,5,1,0,0.4266666666666667
RF,5,0,0,0.041666666666666664
RF,5,0,0,0.19666666666666666
RF,5,0,0,0.12
RF,5,0,0,0.14333333333333334
RF,5,0,0,0.2633333333333333
RF,5,1,0,0.38666666666666666
RF,5,0,0,0.056666666666666664
RF,5,0,0,0.08333333333333333
RF,5,0,0,0.2733333333333333
RF,5,1,1,0.5166666666666667
RF,5,0,0,0.16
RF,5,0,0,0.19
RF,5,0,0,0.29333333333333333
RF,5,1,0,0.06
RF,5,0,0,0.37
RF,5,1,0,0.3466666666666667
RF,5,1,0,0.13333333333333333
RF,5,0,0,0.09333333333333334
RF,5,0,0,0.32
RF,5,0,0,0.37666666666666665
RF,5,0,0,0.19666666666666666
RF,5,1,0,0.25
RF,5,0,0,0.17
RF,5,0,0,0.19
RF,5,0,0,0.10666666666666667
RF,5,0,0,0.07
RF,5,1,0,0.13333333333333333
RF,5,0,0,0.15877777777777777
RF,5,0,0,0.26666666666666666
RF,5,0,0,0.23333333333333334
RF,5,0,0,0.0275
RF,5,0,0,0.26
RF,5,0,0,0.056666666666666664
RF,5,0,0,0.06
RF,5,0,0,0.20333333333333334
RF,5,0,0,0.07666666666666666
RF,5,0,0,0.10166666666666667
RF,5,1,0,0.15333333333333332
RF,5,0,0,0.10333333333333333
RF,5,1,0,0.19
RF,5,0,0,0.03333333333333333
RF,5,0,0,0.12555555555555556
RF,5,0,0,0.12866666666666668
RF,5,0,0,0.46362301587301574
RF,5,0,0,0.23094444444444442
RF,5,0,0,0.20666666666666667
RF,5,0,0,0.14666666666666667
RF,5,0,0,0.16
RF,5,0,0,0.17
RF,5,0,0,0.37666666666666665
RF,5,0,0,0.33
RF,5,1,0,0.4066666666666667
RF,5,0,0,0.4461111111111111
RF,5,0,0,0.10666666666666667
RF,5,0,0,0.14333333333333334
RF,5,1,0,0.3
RF,5,0,1,0.5633333333333334
RF,5,0,0,0.15333333333333332
RF,5,0,1,0.7033333333333334
RF,5,0,0,0.22
RF,5,0,0,0.16
RF,5,0,0,0.44333333333333336
RF,5,0,0,0.16666666666666666
RF,5,0,0,0.075
RF,5,0,0,0.13
RF,5,0,0,0.16
RF,5,0,0,0.21
RF,5,0,0,0.29333333333333333
RF,5,1,1,0.6166666666666667
RF,5,0,0,0.28
RF,5,0,0,0.1118888888888889
RF,5,0,0,0.2708333333333333
RF,5,0,0,0.21
RF,5,0,0,0.10666666666666667
RF,5,0,0,0.36666666666666664
RF,5,0,0,0.11666666666666667
RF,5,0,0,0.35
RF,5,0,0,0.09888888888888889
RF,5,0,0,0.14333333333333334
RF,5,0,0,0.19333333333333333
RF,5,1,0,0.43333333333333335
RF,5,0,0,0.13333333333333333
RF,5,0,0,0.08
RF,5,1,0,0.2
RF,5,0,1,0.6066666666666667
RF,5,1,1,0.7466666666666667
RF,5,0,0,0.12333333333333334
RF,5,1,0,0.4766666666666667
RF,5,0,0,0.03333333333333333
RF,5,0,0,0.03333333333333333
RF,5,0,0,0.14
RF,5,0,0,0.15
RF,5,0,0,0.16333333333333333
RF,5,0,0,0.035
RF,5,0,0,0.30666666666666664
RF,5,1,0,0.04
RF,5,1,0,0.19
RF,5,0,0,0.31
RF,5,0,0,0.31666666666666665
RF,5,1,0,0.28
RF,5,0,0,0.27
RF,5,0,0,0.12527777777777777
RF,5,0,0,0.19333333333333333
RF,5,0,0,0.17
RF,5,0,0,0.07
RF,5,0,0,0.05333333333333334
RF,5,0,0,0.24
RF,5,0,0,0.1
RF,5,0,1,0.6358333333333334
RF,5,0,0,0.13333333333333333
RF,5,0,0,0.36666666666666664
RF,5,0,0,0.27666666666666667
RF,5,0,1,0.6633333333333333
RF,5,0,0,0.4216666666666667
RF,5,0,0,0.016666666666666666
RF,5,0,0,0.03666666666666667
RF,5,0,0,0.04
RF,5,0,0,0.2733333333333333
RF,5,0,0,0.056666666666666664
RF,5,1,0,0.2866666666666667
RF,5,0,0,0.04
RF,5,0,0,0.1375
RF,5,1,0,0.25555555555555554
RF,5,0,0,0.25
RF,5,0,0,0.04
RF,5,0,0,0.23
RF,5,1,1,0.9533333333333334
RF,5,1,0,0.34
RF,5,1,0,0.25666666666666665
RF,5,0,0,0.1
RF,5,0,0,0.24333333333333335
RF,5,0,0,0.14333333333333334
RF,5,0,0,0.04644444444444445
RF,5,1,0,0.08
RF,5,1,0,0.13
RF,5,1,0,0.3566666666666667
RF,5,0,0,0.09666666666666666
RF,5,0,0,0.17666666666666667
RF,5,1,0,0.14
RF,5,0,0,0.29244444444444445
RF,5,0,0,0.07027777777777777
RF,5,0,0,0.27666666666666667
RF,5,0,0,0.20333333333333334
RF,5,1,0,0.02
RF,5,0,0,0.36353968253968244
RF,5,0,0,0.006666666666666667
RF,5,1,0,0.2866666666666667
RF,5,1,0,0.25666666666666665
RF,5,0,0,0.29
RF,5,0,0,0.21
RF,5,0,0,0.4033333333333333
RF,5,0,1,0.52
RF,5,1,0,0.15666666666666668
RF,5,1,0,0.21555555555555553
RF,5,0,0,0.13333333333333333
RF,5,0,0,0.30666666666666664
RF,5,0,0,0.2966666666666667
RF,5,0,0,0.056333333333333326
RF,5,0,0,0.06
RF,5,1,0,0.32666666666666666
RF,5,0,0,0.11333333333333333
RF,5,1,0,0.49
RF,5,0,0,0.03333333333333333
RF,5,0,0,0.21666666666666667
RF,5,0,0,0.02666666666666667
RF,5,0,0,0.02666666666666667
RF,5,0,0,0.03666666666666667
RF,5,0,0,0.0
RF,5,1,0,0.08555555555555557
RF,5,0,0,0.04
RF,5,0,0,0.21333333333333335
RF,5,0,0,0.09333333333333334
RF,5,1,0,0.20666666666666667
RF,5,0,0,0.11
RF,5,0,0,0.17333333333333334
RF,5,0,0,0.22
RF,5,0,0,0.32666666666666666
RF,5,0,0,0.1125
RF,5,0,0,0.3433333333333333
RF,5,0,0,0.17
RF,5,0,0,0.1935
RF,5,0,0,0.1
RF,5,1,0,0.08
RF,5,0,0,0.04666666666666667
RF,5,1,1,0.6466666666666666
RF,5,0,0,0.24666666666666667
RF,5,0,0,0.1211111111111111
RF,5,1,0,0.33
RF,5,1,0,0.41
RF,5,0,0,0.09666666666666666
RF,5,0,0,0.3466666666666667
RF,5,0,0,0.03666666666666667
RF,5,1,0,0.056666666666666664
RF,5,0,0,0.014666666666666668
RF,5,0,0,0.07
RF,5,0,0,0.18833333333333332
RF,5,0,0,0.20166666666666666
RF,5,0,0,0.32
RF,5,0,0,0.3
RF,5,0,0,0.04
RF,5,0,0,0.06930555555555556
RF,5,0,0,0.16833333333333333
RF,5,0,0,0.07333333333333333
RF,5,0,0,0.2866666666666667
RF,5,0,0,0.04611111111111111
RF,5,0,0,0.2297777777777778
RF,5,0,0,0.19111111111111112
RF,5,0,0,0.3222222222222222
RF,5,0,0,0.13
RF,5,0,0,0.1405
RF,5,0,0,0.12333333333333334
RF,5,1,0,0.21333333333333335
RF,5,0,0,0.21333333333333335
RF,5,0,0,0.15333333333333332
RF,5,0,0,0.20666666666666667
RF,5,0,0,0.33666666666666667
RF,5,0,0,0.04666666666666667
RF,5,1,0,0.22333333333333333
RF,5,0,0,0.06
RF,5,0,0,0.24666666666666667
RF,5,0,0,0.2733333333333333
RF,5,0,0,0.37666666666666665
RF,5,0,0,0.14333333333333334
RF,5,0,0,0.10333333333333333
RF,5,0,0,0.1236111111111111
RF,5,0,0,0.23333333333333334
RF,5,0,0,0.23
RF,5,0,0,0.145
RF,5,0,0,0.22666666666666666
RF,5,0,0,0.26
RF,5,0,0,0.11
RF,5,0,0,0.15666666666666668
RF,5,0,0,0.08666666666666667
RF,5,0,0,0.016666666666666666
RF,5,0,0,0.20666666666666667
RF,5,1,0,0.23666666666666666
RF,5,1,0,0.2866666666666667
RF,5,1,1,0.9066666666666666
RF,5,1,0,0.2633333333333333
RF,5,1,0,0.13333333333333333
RF,5,1,0,0.30666666666666664
RF,5,1,1,0.5466666666666666
RF,5,1,0,0.31166666666666665
RF,5,0,0,0.08722222222222223
RF,5,0,0,0.2558888888888889
RF,5,1,0,0.09
RF,5,1,0,0.2763333333333334
RF,5,0,0,0.18
RF,5,0,0,0.18
RF,5,0,0,0.03666666666666667
RF,5,0,0,0.2702777777777778
RF,5,1,0,0.016666666666666666
RF,5,1,0,0.3333333333333333
RF,5,1,0,0.2577777777777778
RF,5,0,0,0.25333333333333335
RF,5,0,0,0.16333333333333333
RF,5,0,0,0.20333333333333334
RF,5,0,0,0.2733333333333333
RF,5,0,0,0.31666666666666665
RF,5,1,0,0.19333333333333333
RF,5,0,0,0.38333333333333336
RF,5,0,0,0.38333333333333336
RF,5,0,0,0.23
RF,5,0,0,0.2866666666666667
RF,5,0,0,0.125
RF,5,0,0,0.45
RF,5,1,0,0.41333333333333333
RF,5,1,0,0.12083333333333333
RF,5,0,0,0.03
RF,5,0,0,0.08666666666666667
RF,5,0,0,0.07666666666666666
RF,5,0,0,0.025555555555555557
RF,5,0,0,0.065
RF,5,0,0,0.2593333333333333
RF,5,0,1,0.6533333333333333
RF,5,0,0,0.07
RF,5,0,0,0.056666666666666664
RF,5,0,0,0.33
RF,5,0,0,0.20666666666666667
RF,5,0,0,0.0788888888888889
RF,5,0,0,0.4766666666666667
RF,5,0,0,0.0033333333333333335
RF,5,0,0,0.02
RF,5,0,0,0.04666666666666667
RF,5,0,0,0.15333333333333332
RF,5,0,0,0.2633333333333333
RF,5,1,0,0.18666666666666668
RF,5,0,0,0.23
RF,5,0,0,0.07666666666666666
RF,5,0,0,0.05333333333333334
RF,5,0,0,0.27
RF,5,0,0,0.35
RF,5,0,1,0.5566666666666666
RF,5,0,0,0.06222222222222223
RF,5,0,0,0.4
RF,5,0,0,0.043333333333333335
RF,5,0,0,0.36666666666666664
RF,5,1,0,0.2
RF,5,0,0,0.04616666666666667
RF,5,0,0,0.49666666666666665
RF,5,0,0,0.19
RF,5,0,0,0.3
RF,5,1,0,0.47
RF,5,0,0,0.36666666666666664
RF,5,0,0,0.13
RF,5,1,0,0.14666666666666667
RF,5,1,0,0.4533333333333333
RF,5,1,0,0.46
RF,5,0,0,0.13333333333333333
RF,5,0,0,0.38666666666666666
RF,5,0,0,0.21333333333333335
RF,5,1,1,0.7433333333333333
RF,5,1,0,0.18666666666666668
RF,5,0,0,0.18333333333333332
RF,5,1,0,0.135
RF,5,0,0,0.12333333333333334
RF,5,0,0,0.09666666666666666
RF,5,0,0,0.11
RF,5,0,0,0.07833333333333334
RF,5,1,0,0.30111111111111116
RF,5,0,0,0.352
RF,5,0,0,0.18
RF,5,0,0,0.26666666666666666
RF,5,0,0,0.16666666666666666
RF,5,0,0,0.03666666666666667
RF,5,0,0,0.06666666666666667
RF,5,0,0,0.38
RF,5,0,0,0.16666666666666666
RF,5,0,0,0.16666666666666666
RF,5,0,0,0.0913888888888889
RF,5,1,0,0.2733333333333333
RF,5,0,0,0.32866666666666666
RF,5,1,0,0.1252222222222222
RF,5,0,0,0.21333333333333335
RF,5,0,0,0.22666666666666666
RF,5,0,1,0.8215
RF,5,0,0,0.18
RF,5,0,0,0.14
RF,5,0,0,0.38666666666666666
RF,5,0,0,0.22666666666666666
RF,5,0,0,0.07911111111111112
RF,5,1,0,0.37333333333333335
RF,5,0,0,0.06333333333333334
RF,5,0,0,0.014444444444444444
RF,5,0,0,0.41
RF,5,0,0,0.3238888888888889
RF,5,1,0,0.13333333333333333
RF,5,0,0,0.29
RF,5,1,0,0.34
RF,5,0,0,0.08
RF,5,0,0,0.12666666666666668
RF,5,0,0,0.24666666666666667
RF,5,0,0,0.13666666666666666
RF,5,1,0,0.20666666666666667
RF,5,0,0,0.21666666666666667
RF,5,0,0,0.08333333333333333
RF,5,0,0,0.1
RF,5,0,0,0.2966666666666667
RF,5,0,0,0.18666666666666668
RF,5,0,0,0.23555555555555557
RF,5,0,0,0.33666666666666667
RF,5,0,0,0.21722222222222218
RF,5,0,0,0.043333333333333335
RF,5,0,0,0.14
RF,5,0,0,0.25666666666666665
RF,5,0,0,0.05
RF,5,0,0,0.2833333333333333
RF,5,0,0,0.14777777777777776
RF,5,0,0,0.02
RF,5,1,0,0.23
RF,5,1,1,0.5233333333333333
RF,5,1,0,0.4066666666666667
RF,5,0,0,0.43666666666666665
RF,5,0,0,0.06394444444444446
RF,5,0,0,0.018333333333333333
RF,5,0,0,0.22333333333333333
RF,5,0,0,0.24
RF,5,0,0,0.18333333333333332
RF,5,1,0,0.11222222222222224
RF,5,1,0,0.10333333333333333
RF,5,1,0,0.36666666666666664
RF,5,1,0,0.0625
RF,5,0,1,0.5066666666666667
RF,5,0,0,0.33
RF,5,0,0,0.39666666666666667
RF,5,0,0,0.09083333333333334
RF,5,0,0,0.11666666666666667
RF,5,0,0,0.01
RF,5,0,0,0.08666666666666667
RF,5,0,0,0.13333333333333333
RF,5,0,0,0.12888888888888891
RF,5,0,0,0.18666666666666668
RF,5,1,0,0.37
RF,5,0,0,0.11833333333333333
RF,5,0,0,0.3466666666666667
RF,5,0,0,0.49333333333333335
RF,5,1,0,0.43666666666666665
RF,5,1,0,0.19333333333333333
RF,5,0,0,0.12333333333333334
RF,5,1,0,0.06666666666666667
RF,5,1,0,0.07722222222222222
RF,5,1,1,0.72
RF,5,1,0,0.2866666666666667
RF,5,1,0,0.14666666666666667
RF,5,1,0,0.47333333333333333
RF,5,1,0,0.16277777777777777
RF,5,0,0,0.24
RF,5,0,0,0.18666666666666668
RF,5,0,0,0.03833333333333333
RF,5,1,0,0.19
RF,5,1,0,0.15
RF,5,1,0,0.24555555555555553
RF,5,0,0,0.08333333333333333
RF,5,0,0,0.26
RF,5,0,0,0.3433333333333333
RF,5,0,0,0.08333333333333333
RF,5,0,0,0.16
RF,5,0,0,0.4766666666666667
RF,5,0,0,0.08494444444444443
RF,5,0,0,0.07333333333333333
RF,5,0,0,0.21
RF,5,0,0,0.027777777777777773
RF,5,1,0,0.09422222222222222
RF,5,0,1,0.5433333333333333
RF,5,0,0,0.07333333333333333
RF,5,0,0,0.06666666666666667
RF,5,0,1,0.5897777777777778
RF,5,0,0,0.14305555555555555
RF,5,0,0,0.10666666666666667
RF,5,0,0,0.23561111111111113
RF,5,0,0,0.30333333333333334
RF,5,0,0,0.16
RF,5,0,1,0.6433333333333333
RF,5,0,0,0.05384920634920635
RF,5,0,0,0.22333333333333333
RF,5,1,0,0.10444444444444444
RF,5,0,0,0.1925
RF,5,0,0,0.43333333333333335
RF,5,0,0,0.036944444444444446
RF,5,1,0,0.16
RF,5,0,0,0.11
RF,5,0,0,0.07
RF,5,0,0,0.035555555555555556
RF,5,0,0,0.17555555555555558
RF,5,0,0,0.235
RF,5,1,1,0.5733333333333334
RF,5,1,0,0.37666666666666665
RF,5,0,0,0.055555555555555546
RF,5,0,0,0.4533333333333333
RF,5,1,0,0.23666666666666666
RF,5,1,1,0.6333333333333333
RF,5,0,0,0.07
RF,5,0,0,0.17166666666666666
RF,5,1,1,0.8333333333333334
RF,5,1,1,0.57
RF,5,0,1,0.7333333333333333
RF,5,1,0,0.43600000000000005
RF,5,1,0,0.10611111111111111
RF,5,0,0,0.16666666666666666
RF,5,0,0,0.3655555555555555
RF,5,0,0,0.17333333333333334
RF,5,0,0,0.13222222222222224
RF,5,1,1,0.9766666666666667
RF,5,0,0,0.23
RF,5,0,0,0.4266666666666667
RF,5,1,1,0.6466666666666666
RF,5,0,0,0.12666666666666668
RF,5,0,0,0.19
RF,5,0,0,0.30333333333333334
RF,5,0,0,0.34888888888888886
RF,5,0,0,0.11583333333333333
RF,5,0,0,0.24
RF,5,0,0,0.4266666666666667
RF,5,1,1,0.97
RF,5,1,0,0.09333333333333334
RF,5,0,0,0.17666666666666667
RF,5,0,0,0.17333333333333334
RF,5,0,0,0.19
RF,5,1,0,0.25333333333333335
RF,5,0,0,0.22666666666666666
RF,5,0,0,0.01
RF,5,0,0,0.22
RF,5,0,0,0.20333333333333334
RF,5,0,0,0.3433333333333333
RF,5,0,0,0.05
RF,5,0,0,0.2633333333333333
RF,5,0,0,0.05333333333333334
RF,5,0,0,0.06733333333333334
RF,5,0,0,0.26666666666666666
RF,5,0,0,0.27927777777777785
RF,5,0,0,0.14
RF,5,0,0,0.36666666666666664
RF,5,0,0,0.3466666666666667
RF,5,0,0,0.17666666666666667
RF,5,0,0,0.3
RF,5,0,0,0.16
RF,5,0,0,0.11333333333333333
RF,5,1,0,0.13
RF,5,0,0,0.02666666666666667
RF,5,0,1,0.6833333333333333
RF,5,0,0,0.03722222222222222
RF,5,1,0,0.31333333333333335
RF,5,0,0,0.0033333333333333335
RF,5,0,0,0.23
RF,5,1,0,0.05
RF,5,0,0,0.19
RF,5,0,0,0.27666666666666667
RF,5,1,1,0.6466666666666666
RF,5,0,0,0.22
RF,5,1,0,0.17
RF,5,0,0,0.04666666666666667
RF,5,0,0,0.043333333333333335
RF,5,0,1,0.5333333333333333
RF,5,0,0,0.33666666666666667
RF,5,0,0,0.13722222222222222
RF,5,0,0,0.046
RF,5,0,0,0.043333333333333335
RF,5,0,0,0.12
RF,5,0,0,0.094
RF,5,1,0,0.3333333333333333
RF,5,0,0,0.1
RF,5,0,0,0.11333333333333333
RF,5,1,1,0.7186666666666667
RF,5,0,0,0.17666666666666667
RF,5,0,0,0.35333333333333333
RF,5,0,0,0.16666666666666666
RF,5,0,0,0.25
RF,5,1,0,0.08
RF,5,0,0,0.20111111111111113
RF,5,0,1,0.66
RF,5,0,0,0.4076666666666667
RF,5,0,0,0.06666666666666667
RF,5,0,1,0.5766666666666667
RF,5,0,0,0.1317777777777778
RF,5,0,0,0.38
RF,5,0,0,0.07666666666666666
RF,5,0,0,0.31333333333333335
RF,5,1,0,0.17666666666666667
RF,5,0,0,0.04666666666666667
RF,5,0,1,0.52
RF,5,0,0,0.0
RF,5,0,0,0.30333333333333334
RF,5,0,0,0.03333333333333333
RF,5,0,0,0.39666666666666667
RF,5,0,0,0.33666666666666667
RF,5,0,0,0.37
RF,5,0,0,0.14
RF,5,0,0,0.45
RF,5,0,0,0.24333333333333335
RF,5,0,0,0.024666666666666667
RF,5,0,0,0.08666666666666667
RF,5,0,0,0.09
RF,5,0,0,0.34
RF,5,0,0,0.09666666666666666
RF,5,0,0,0.16333333333333333
RF,5,0,0,0.23
RF,5,0,0,0.13333333333333333
RF,5,0,0,0.13666666666666666
RF,5,0,0,0.11222222222222224
RF,5,0,0,0.3233333333333333
RF,5,0,0,0.18
RF,5,1,1,0.5233333333333333
RF,5,0,0,0.08666666666666667
RF,5,0,1,0.5233333333333333
RF,5,0,0,0.24333333333333335
RF,5,0,0,0.08666666666666667
RF,5,0,0,0.20666666666666667
RF,5,1,0,0.49333333333333335
RF,5,1,0,0.23666666666666666
RF,5,0,0,0.30666666666666664
RF,5,1,0,0.32666666666666666
RF,5,1,0,0.23388888888888887
RF,5,0,0,0.10333333333333333
RF,5,0,0,0.03
RF,5,0,0,0.33666666666666667
RF,5,1,0,0.18666666666666668
RF,5,0,0,0.26
RF,5,1,1,0.7733333333333333
RF,5,1,0,0.45666666666666667
RF,5,0,0,0.06666666666666667
RF,5,0,0,0.36
RF,5,0,0,0.24
RF,5,1,1,0.5133333333333333
RF,5,0,1,0.5333333333333333
RF,5,0,0,0.14666666666666667
RF,5,1,1,0.7666666666666667
RF,5,0,0,0.26666666666666666
RF,5,0,0,0.35
RF,5,0,0,0.13533333333333333
RF,5,0,0,0.16
RF,5,0,0,0.2966666666666667
RF,5,0,0,0.16666666666666666
RF,5,0,0,0.023333333333333334
RF,5,0,0,0.18666666666666668
RF,5,1,0,0.23666666666666666
RF,5,0,0,0.13
RF,5,1,0,0.22833333333333333
RF,5,1,0,0.44
RF,5,0,0,0.31333333333333335
RF,5,0,0,0.21666666666666667
RF,5,0,0,0.12
RF,5,0,0,0.10333333333333333
RF,5,0,0,0.3235079365079365
RF,5,0,0,0.30866666666666664
RF,5,0,0,0.016666666666666666
RF,5,1,0,0.2675
RF,5,0,0,0.03666666666666667
RF,5,0,0,0.11666666666666667
RF,5,0,0,0.19333333333333333
RF,5,0,0,0.20666666666666667
RF,5,0,0,0.07333333333333333
RF,5,0,0,0.10166666666666667
RF,5,0,0,0.126
RF,5,0,0,0.14
RF,5,0,0,0.07
RF,5,0,0,0.18333333333333332
RF,5,0,0,0.021666666666666667
RF,5,1,0,0.35333333333333333
RF,5,1,0,0.15333333333333332
RF,5,0,0,0.2
RF,5,0,0,0.25666666666666665
RF,5,0,0,0.09333333333333334
RF,5,0,0,0.17466666666666666
RF,5,1,0,0.24666666666666667
RF,5,0,0,0.10983333333333334
RF,5,0,0,0.16333333333333333
RF,5,0,0,0.02666666666666667
RF,5,0,0,0.2966666666666667
RF,5,0,0,0.16
RF,5,0,0,0.37333333333333335
RF,5,0,1,0.5066666666666667
RF,5,0,0,0.3
RF,5,0,0,0.17666666666666667
RF,5,0,0,0.33
RF,5,0,0,0.20555555555555555
RF,5,0,1,0.6933333333333334
RF,5,0,0,0.16
RF,5,0,0,0.29333333333333333
RF,5,0,0,0.25
RF,5,0,0,0.14
RF,5,0,0,0.14083333333333334
RF,5,0,0,0.2633333333333333
RF,5,0,0,0.24666666666666667
RF,5,0,0,0.31666666666666665
RF,5,0,0,0.11
RF,5,0,0,0.2633333333333333
RF,5,0,0,0.25105555555555553
RF,5,1,1,0.5133333333333333
RF,5,1,0,0.13333333333333333
RF,5,1,0,0.09333333333333334
RF,5,0,0,0.17333333333333334
RF,5,0,0,0.15666666666666668
RF,5,1,0,0.2813333333333334
RF,5,0,0,0.35
RF,5,0,0,0.1375
RF,5,1,0,0.4
RF,5,0,0,0.19333333333333333
RF,5,1,1,0.7866666666666666
RF,5,0,0,0.14444444444444446
RF,5,1,0,0.2833333333333333
RF,5,1,0,0.09916666666666667
RF,5,0,0,0.1305
RF,5,1,0,0.42
RF,5,0,0,0.18666666666666668
RF,5,0,0,0.19333333333333333
RF,5,0,0,0.2733333333333333
RF,5,0,0,0.14
RF,5,0,0,0.21196031746031743
RF,5,0,0,0.30333333333333334
RF,5,0,0,0.32666666666666666
RF,5,1,0,0.48333333333333334
RF,5,1,0,0.43
RF,5,0,1,0.6233333333333333
RF,5,0,0,0.17666666666666667
RF,5,0,0,0.15
RF,5,0,1,0.5022222222222222
RF,5,0,0,0.16
RF,5,0,0,0.29333333333333333
RF,5,0,0,0.2733333333333333
RF,5,0,0,0.31333333333333335
RF,5,0,0,0.23
RF,5,0,0,0.34
RF,5,0,0,0.24333333333333335
RF,5,0,0,0.20666666666666667
RF,5,0,0,0.12
RF,5,1,0,0.29333333333333333
RF,5,0,0,0.16666666666666666
RF,5,0,0,0.10166666666666667
RF,5,0,0,0.07572222222222222
RF,5,0,0,0.13
RF,5,0,0,0.19
RF,5,0,0,0.3333333333333333
RF,5,0,0,0.3233333333333333
RF,5,1,0,0.06333333333333334
RF,5,0,0,0.09666666666666666
RF,5,0,0,0.13333333333333333
RF,5,0,0,0.056666666666666664
RF,5,0,0,0.07
RF,5,0,0,0.15
RF,5,1,0,0.26
RF,5,1,0,0.18333333333333332
RF,5,0,0,0.08
RF,5,0,0,0.03
RF,5,1,0,0.37666666666666665
RF,5,0,0,0.45666666666666667
RF,5,0,0,0.12
RF,5,0,0,0.056666666666666664
RF,5,0,0,0.06
RF,5,1,0,0.1
RF,5,0,0,0.33
RF,5,0,0,0.32666666666666666
RF,5,0,0,0.26
RF,5,1,0,0.44666666666666666
RF,5,0,1,0.5368333333333334
RF,5,0,0,0.24666666666666667
RF,5,0,0,0.056666666666666664
RF,5,0,0,0.22
RF,5,1,0,0.20866666666666667
RF,5,0,0,0.04
RF,5,1,0,0.22333333333333333
RF,5,1,0,0.09333333333333334
RF,5,0,1,0.5433333333333333
RF,5,0,0,0.11333333333333333
RF,5,1,0,0.36333333333333334
RF,5,0,0,0.20333333333333334
RF,5,0,0,0.25
RF,5,0,0,0.15333333333333332
RF,5,0,0,0.07666666666666666
RF,5,1,0,0.08
RF,5,0,0,0.14
RF,5,1,0,0.48333333333333334
RF,5,1,1,0.6733333333333333
RF,5,1,1,0.75
RF,5,0,0,0.4666666666666667
RF,5,1,0,0.25
RF,5,0,0,0.11333333333333333
RF,5,0,0,0.35333333333333333
RF,5,0,0,0.04
RF,5,1,1,0.5133333333333333
RF,5,0,0,0.22838888888888895
RF,5,1,0,0.14333333333333334
RF,5,1,0,0.23
RF,5,0,0,0.11255555555555555
RF,5,0,0,0.10055555555555556
RF,5,0,0,0.28
RF,5,0,0,0.05333333333333334
RF,5,1,0,0.17333333333333334
RF,5,1,1,0.9366666666666666
RF,5,0,0,0.18
RF,5,0,0,0.18333333333333332
RF,5,1,0,0.23333333333333334
RF,5,0,0,0.06166666666666667
RF,5,0,0,0.056666666666666664
RF,5,0,0,0.3115555555555556
RF,5,1,0,0.4166666666666667
RF,5,0,0,0.13533333333333333
RF,5,0,0,0.18333333333333332
RF,5,0,0,0.05333333333333334
RF,5,1,0,0.33
RF,5,1,1,0.8733333333333333
RF,5,0,0,0.10333333333333333
RF,5,1,1,0.92
RF,5,0,0,0.08666666666666667
RF,5,0,0,0.17666666666666667
RF,5,0,0,0.18666666666666668
RF,5,0,0,0.20333333333333334
RF,5,0,0,0.05
RF,5,0,0,0.24333333333333335
RF,5,0,0,0.20333333333333334
RF,5,0,0,0.49333333333333335
RF,5,0,0,0.10666666666666667
RF,5,0,0,0.21666666666666667
RF,5,0,0,0.3243333333333333
RF,5,1,0,0.19666666666666666
RF,5,0,0,0.07
RF,5,0,0,0.13666666666666666
RF,5,0,0,0.11
RF,5,0,0,0.13972222222222222
RF,5,0,0,0.10333333333333333
RF,5,0,0,0.12666666666666668
RF,5,0,0,0.36333333333333334
RF,5,0,0,0.2838888888888889
RF,5,0,0,0.24333333333333335
RF,5,0,0,0.4533333333333333
RF,5,1,0,0.24666666666666667
RF,5,0,1,0.6666666666666666
RF,5,1,1,0.5733333333333334
RF,5,0,0,0.27
RF,5,0,0,0.24
RF,5,0,0,0.08
RF,5,0,0,0.3333333333333333
RF,5,0,0,0.17666666666666667
RF,5,0,0,0.02033333333333333
RF,5,0,0,0.41852380952380974
RF,5,0,0,0.49333333333333335
RF,5,0,0,0.29
RF,5,0,0,0.35
RF,5,0,0,0.19666666666666666
RF,5,0,0,0.09333333333333334
RF,5,0,0,0.03
RF,5,0,0,0.23
RF,5,0,1,0.6633333333333333
RF,5,1,0,0.31
RF,5,0,0,0.24333333333333335
RF,5,1,0,0.10666666666666667
RF,5,0,0,0.23333333333333334
RF,5,0,0,0.034166666666666665
RF,5,0,0,0.25333333333333335
RF,5,0,0,0.17666666666666667
RF,5,1,0,0.20666666666666667
RF,5,0,0,0.09
RF,5,0,0,0.15
RF,5,0,0,0.25
RF,5,0,0,0.17333333333333334
RF,5,0,0,0.07294444444444445
RF,5,0,0,0.23666666666666666
RF,5,0,0,0.2633333333333333
RF,5,1,0,0.41
RF,5,0,0,0.14333333333333334
RF,5,0,0,0.45
RF,5,0,0,0.09166666666666666
RF,5,0,0,0.13333333333333333
RF,5,1,0,0.04633333333333334
RF,5,0,0,0.12333333333333334
RF,5,1,0,0.14333333333333334
RF,5,0,0,0.10666666666666667
RF,5,1,0,0.11283333333333334
RF,5,0,1,0.5133333333333333
RF,5,1,0,0.32
RF,5,0,0,0.26666666666666666
RF,5,0,0,0.14666666666666667
RF,5,0,0,0.024444444444444442
RF,5,1,0,0.12333333333333334
RF,5,0,0,0.13799999999999998
RF,5,1,0,0.16666666666666666
RF,5,0,0,0.08
RF,5,1,0,0.19
RF,5,0,0,0.043333333333333335
RF,5,0,0,0.06333333333333334
RF,5,1,0,0.21555555555555558
RF,5,0,0,0.22
RF,5,0,0,0.09333333333333334
RF,5,1,1,0.5066666666666667
RF,5,0,0,0.2633333333333333
RF,5,1,0,0.14333333333333334
RF,5,1,0,0.14
RF,5,0,0,0.43666666666666665
RF,5,0,0,0.23833333333333334
RF,5,0,0,0.25333333333333335
RF,5,0,1,0.5733333333333334
RF,5,0,0,0.06
RF,5,0,0,0.21
RF,5,0,1,0.7133333333333334
RF,5,0,0,0.03472222222222222
RF,5,0,0,0.10833333333333334
RF,5,0,1,0.5261111111111111
RF,5,1,0,0.3466666666666667
RF,5,1,0,0.09333333333333334
RF,5,0,1,0.61
RF,5,0,1,0.5728333333333332
RF,5,0,0,0.18
RF,5,0,0,0.18333333333333332
RF,5,0,0,0.29333333333333333
RF,5,1,1,0.5333333333333333
RF,5,0,0,0.43333333333333335
RF,5,0,0,0.16
RF,5,0,0,0.12666666666666668
RF,5,1,0,0.42
RF,5,0,0,0.10666666666666667
RF,5,0,1,0.5460079365079364
RF,5,0,0,0.027777777777777773
RF,5,0,0,0.22
RF,5,0,0,0.01
RF,5,1,0,0.19
RF,5,0,0,0.22666666666666666
RF,5,0,0,0.23
RF,5,1,0,0.4666666666666667
RF,5,0,0,0.23
RF,5,0,0,0.16444444444444445
RF,5,1,0,0.3933333333333333
RF,5,0,0,0.31666666666666665
RF,5,0,0,0.18666666666666668
RF,5,1,0,0.2041111111111111
RF,5,0,0,0.06666666666666667
RF,5,0,0,0.08
RF,5,0,0,0.23666666666666666
RF,5,0,0,0.04666666666666667
RF,5,1,1,0.59
RF,5,0,0,0.04
RF,5,0,0,0.34
RF,5,0,0,0.13333333333333333
RF,5,0,0,0.4166666666666667
RF,5,0,0,0.03
RF,5,0,0,0.02666666666666667
RF,5,1,0,0.34
RF,5,0,0,0.09
RF,5,1,0,0.48333333333333334
RF,5,1,0,0.20166666666666666
RF,5,0,0,0.23
RF,5,1,0,0.19333333333333333
RF,5,0,0,0.33
RF,5,0,0,0.2866666666666667
RF,5,1,0,0.21383333333333335
RF,5,0,0,0.30666666666666664
RF,5,0,0,0.18
RF,5,0,1,0.61
RF,5,0,0,0.05
RF,5,0,0,0.10666666666666667
RF,5,0,0,0.33
RF,5,1,1,0.5133333333333333
RF,5,0,0,0.15666666666666668
RF,5,0,0,0.3233333333333333
RF,5,0,0,0.09333333333333334
RF,5,0,0,0.06333333333333334
RF,5,1,0,0.42333333333333334
RF,5,1,0,0.165
RF,5,1,0,0.35
RF,5,1,0,0.19666666666666666
RF,5,0,0,0.35
RF,5,1,1,0.55
RF,5,1,0,0.25666666666666665
RF,5,0,0,0.15
RF,5,0,0,0.14666666666666667
RF,5,0,0,0.10666666666666667
RF,5,0,0,0.22
RF,5,1,0,0.2866666666666667
RF,5,0,0,0.30666666666666664
RF,5,1,0,0.29
RF,5,0,0,0.10333333333333333
RF,5,0,0,0.19333333333333333
RF,5,0,0,0.20333333333333334
RF,5,0,0,0.23333333333333334
RF,5,1,0,0.15
RF,5,0,0,0.03333333333333333
RF,5,0,0,0.13
RF,5,0,0,0.05
RF,5,0,0,0.26666666666666666
RF,5,0,0,0.32
RF,5,0,0,0.12
RF,5,0,0,0.3088888888888889
RF,5,1,1,0.6066666666666667
RF,5,0,0,0.09666666666666666
RF,5,0,0,0.2872222222222222
RF,5,0,1,0.5066666666666667
RF,5,0,0,0.25
RF,5,0,0,0.11333333333333333
RF,5,0,0,0.19666666666666666
RF,5,0,0,0.19
RF,5,1,0,0.22333333333333333
RF,5,1,0,0.02
RF,5,0,0,0.23833333333333334
RF,5,1,0,0.19666666666666666
RF,5,1,0,0.4166666666666667
RF,5,0,0,0.17666666666666667
RF,5,0,0,0.2833333333333333
RF,5,1,0,0.18666666666666668
RF,5,0,0,0.2774444444444445
RF,5,0,0,0.08666666666666667
RF,5,0,0,0.03
RF,5,0,0,0.19
RF,5,0,0,0.1922222222222222
RF,5,0,0,0.2633333333333333
RF,5,1,0,0.21
RF,5,0,0,0.10666666666666667
RF,5,0,0,0.06
RF,5,0,0,0.3566666666666667
RF,5,0,0,0.15333333333333332
RF,5,0,0,0.4533333333333333
RF,5,1,0,0.09194444444444445
RF,5,0,0,0.13333333333333333
RF,5,0,0,0.16333333333333333
RF,5,0,0,0.34
RF,5,0,0,0.056666666666666664
RF,5,0,0,0.31333333333333335
RF,5,0,0,0.013333333333333334
RF,5,0,0,0.01
RF,5,1,0,0.39666666666666667
RF,5,0,0,0.021666666666666667
RF,5,1,0,0.18
RF,5,0,0,0.3933333333333333
RF,5,1,0,0.19666666666666666
RF,5,0,0,0.11666666666666667
RF,5,0,0,0.11333333333333333
RF,5,0,0,0.09
RF,5,0,0,0.12666666666666668
RF,5,1,0,0.35
RF,5,0,0,0.13555555555555557
RF,5,0,0,0.19333333333333333
RF,5,0,0,0.3433333333333333
RF,5,0,0,0.27
RF,5,0,0,0.31333333333333335
RF,5,0,0,0.44
RF,5,0,0,0.26666666666666666
RF,5,1,1,0.7933333333333333
RF,5,0,0,0.06333333333333334
RF,5,0,0,0.38333333333333336
RF,5,0,0,0.32666666666666666
RF,5,0,0,0.08666666666666667
RF,5,0,0,0.013333333333333334
RF,5,0,0,0.2
RF,5,0,0,0.16
RF,5,0,0,0.2961111111111111
RF,5,0,0,0.44666666666666666
RF,5,1,0,0.37666666666666665
RF,5,0,0,0.1311111111111111
RF,5,0,1,0.59
RF,5,1,0,0.18333333333333332
RF,5,0,0,0.11666666666666667
RF,5,1,1,0.72
RF,5,1,0,0.20666666666666667
RF,5,0,0,0.08666666666666667
RF,5,0,0,0.44333333333333336
RF,5,1,0,0.15583333333333335
RF,5,1,1,0.7033333333333334
RF,5,0,0,0.19333333333333333
RF,5,0,0,0.20666666666666667
RF,5,1,0,0.18
RF,5,0,0,0.21333333333333335
RF,5,0,0,0.07666666666666666
RF,5,0,0,0.38666666666666666
RF,5,1,0,0.31333333333333335
RF,5,0,0,0.41944444444444445
RF,5,0,0,0.37666666666666665
RF,5,0,0,0.23666666666666666
RF,5,0,0,0.24333333333333335
RF,5,0,0,0.06333333333333334
RF,5,0,0,0.31333333333333335
RF,5,1,0,0.17
RF,5,0,0,0.42333333333333334
RF,5,0,0,0.08666666666666667
RF,5,0,0,0.12333333333333334
RF,5,0,1,0.5366666666666666
RF,5,1,0,0.45666666666666667
RF,5,0,0,0.2783333333333333
RF,5,0,0,0.10333333333333333
RF,5,0,0,0.07166666666666667
RF,5,0,0,0.06422222222222224
RF,5,1,0,0.15516666666666667
RF,5,0,0,0.03333333333333333
RF,5,0,0,0.26
RF,5,0,0,0.14166666666666666
RF,5,0,0,0.19
RF,5,1,0,0.095
RF,5,1,1,0.8
RF,5,0,0,0.06
RF,5,0,0,0.08666666666666667
RF,5,0,0,0.18833333333333332
RF,5,0,0,0.25
RF,5,1,0,0.34
RF,5,0,0,0.11666666666666667
RF,5,1,0,0.44666666666666666
RF,5,0,0,0.06455555555555556
RF,5,0,0,0.12666666666666668
RF,5,0,0,0.2
RF,5,1,0,0.12
RF,5,0,0,0.15333333333333332
RF,5,0,0,0.15333333333333332
RF,5,1,1,0.5633333333333334
RF,5,0,0,0.11
RF,5,1,1,0.5533333333333333
RF,5,0,1,0.5563888888888889
RF,5,0,0,0.28
RF,5,1,0,0.15666666666666668
RF,5,0,0,0.05333333333333334
RF,5,0,0,0.09333333333333334
RF,5,1,0,0.21166666666666667
RF,5,0,0,0.43333333333333335
RF,5,0,0,0.12916666666666668
RF,5,0,0,0.41333333333333333
RF,5,0,0,0.2
RF,5,0,0,0.22333333333333333
RF,5,0,0,0.275
RF,5,1,0,0.08
RF,5,0,0,0.3433333333333333
RF,5,0,0,0.10833333333333334
RF,5,0,0,0.05
RF,5,0,0,0.15
RF,5,0,0,0.16666666666666666
RF,5,0,0,0.24666666666666667
RF,5,0,0,0.34
RF,5,0,0,0.23
RF,5,0,0,0.07
RF,5,0,0,0.2465
RF,5,0,1,0.5133333333333333
RF,5,0,0,0.48100000000000004
RF,5,0,0,0.4766666666666667
RF,5,0,0,0.20416666666666666
RF,5,0,0,0.12333333333333334
RF,5,0,0,0.3
RF,5,0,0,0.14666666666666667
RF,5,1,0,0.23333333333333334
RF,5,0,0,0.14333333333333334
RF,5,0,0,0.26916666666666667
RF,5,0,0,0.21333333333333335
RF,5,0,0,0.10166666666666667
RF,5,1,1,0.5833333333333334
RF,5,0,0,0.08666666666666667
RF,5,1,1,0.52
RF,5,0,0,0.4
RF,5,0,0,0.2633333333333333
RF,5,1,0,0.14333333333333334
RF,5,0,0,0.38
RF,5,0,0,0.28
RF,5,0,0,0.13
RF,5,0,0,0.4666666666666667
RF,5,0,0,0.24
RF,5,0,0,0.04666666666666667
RF,5,0,0,0.4766666666666667
RF,5,1,1,0.8425
RF,5,1,0,0.36666666666666664
RF,5,0,0,0.13333333333333333
RF,5,0,0,0.12666666666666668
RF,5,0,0,0.18422222222222223
RF,5,0,1,0.7466666666666667
RF,5,0,0,0.21
RF,5,0,0,0.15
RF,5,0,0,0.2633333333333333
RF,5,0,0,0.11333333333333333
RF,5,0,0,0.17450000000000002
RF,5,0,0,0.085
RF,5,0,0,0.30333333333333334
RF,5,1,0,0.3466666666666667
RF,5,0,0,0.16
RF,5,0,0,0.06333333333333334
RF,5,0,1,0.58
RF,5,0,0,0.16666666666666666
RF,5,0,0,0.07333333333333333
RF,5,1,0,0.04666666666666667
RF,5,0,0,0.2866666666666667
RF,5,0,0,0.3333333333333333
RF,5,1,0,0.07200000000000001
RF,5,0,0,0.12
RF,5,0,1,0.525
RF,5,0,0,0.065
RF,5,0,0,0.22544444444444442
RF,5,1,0,0.20666666666666667
RF,5,0,0,0.27666666666666667
RF,5,0,0,0.11
RF,5,0,0,0.16
RF,5,1,0,0.2633333333333333
RF,5,0,0,0.18333333333333332
RF,5,1,0,0.39666666666666667
RF,5,0,0,0.08666666666666667
RF,5,0,0,0.4025
RF,5,0,0,0.225
RF,5,0,0,0.21
RF,5,0,0,0.09
RF,5,0,0,0.13666666666666666
RF,5,0,0,0.04
RF,5,0,0,0.3172222222222222
RF,5,0,0,0.05
RF,5,0,0,0.32
RF,5,0,0,0.3333333333333333
RF,5,1,0,0.2733333333333333
RF,5,0,0,0.13333333333333333
RF,5,0,0,0.22833333333333333
RF,5,0,0,0.12
RF,5,0,0,0.08666666666666667
RF,5,1,0,0.27
RF,5,0,0,0.42
RF,5,0,0,0.4666666666666667
RF,5,0,0,0.2783333333333333
RF,5,0,0,0.30333333333333334
RF,5,0,0,0.06999999999999999
RF,5,1,0,0.25333333333333335
RF,5,0,0,0.07
RF,5,0,1,0.5283333333333333
RF,5,0,0,0.19333333333333333
RF,5,0,0,0.13333333333333333
RF,5,0,0,0.4
RF,5,0,0,0.14
RF,5,0,0,0.14666666666666667
RF,5,0,1,0.6633333333333333
RF,5,0,0,0.016666666666666666
RF,5,0,0,0.25333333333333335
RF,5,0,1,0.52
RF,5,0,0,0.16805555555555557
RF,5,0,0,0.29
RF,5,0,0,0.20666666666666667
RF,5,1,0,0.25666666666666665
RF,5,1,0,0.46
RF,5,1,0,0.03666666666666667
RF,5,0,0,0.013333333333333334
RF,5,0,0,0.16
RF,5,0,0,0.10555555555555556
RF,5,0,0,0.08666666666666667
RF,5,0,0,0.27
RF,5,1,1,0.6633333333333333
RF,5,1,0,0.32666666666666666
RF,5,0,0,0.11
RF,5,1,0,0.05333333333333334
RF,5,0,0,0.06583333333333333
RF,5,0,0,0.05333333333333334
RF,5,1,0,0.42916666666666664
RF,5,0,0,0.16666666666666666
RF,5,0,0,0.056666666666666664
RF,5,0,1,0.58
RF,5,1,0,0.22333333333333333
RF,5,0,0,0.16333333333333333
RF,5,0,0,0.11833333333333333
RF,5,0,0,0.19
RF,5,0,0,0.02666666666666667
RF,5,0,0,0.12666666666666668
RF,5,1,1,0.7533333333333333
RF,5,0,1,0.7633333333333333
RF,5,0,0,0.21
RF,5,1,0,0.20666666666666667
RF,5,0,0,0.12666666666666668
RF,5,1,0,0.22
RF,5,0,0,0.03666666666666667
RF,5,0,0,0.19666666666666666
RF,5,0,0,0.008333333333333333
RF,5,0,0,0.3466666666666667
RF,5,0,0,0.06333333333333334
RF,5,0,0,0.2
RF,5,0,1,0.9
RF,5,1,0,0.2966666666666667
RF,5,0,0,0.07333333333333333
RF,5,0,1,0.7127222222222223
RF,5,1,0,0.32666666666666666
RF,5,0,0,0.10333333333333333
RF,5,1,0,0.19111111111111115
RF,5,0,0,0.13333333333333333
RF,5,0,0,0.1
RF,5,0,0,0.06
RF,5,0,0,0.03333333333333333
RF,5,0,0,0.043333333333333335
RF,5,0,0,0.2866666666666667
RF,5,1,0,0.20666666666666667
RF,5,0,0,0.29
RF,5,1,0,0.16
RF,5,0,0,0.24666666666666667
RF,5,0,0,0.48333333333333334
RF,5,1,0,0.03133333333333333
RF,5,1,0,0.007777777777777777
RF,5,0,1,0.6433333333333333
RF,5,0,0,0.10333333333333333
RF,5,0,0,0.31666666666666665
RF,5,1,1,0.5366666666666666
RF,5,0,0,0.0725
RF,5,0,0,0.18333333333333332
RF,5,0,0,0.08666666666666667
RF,5,0,0,0.42
RF,5,0,0,0.08
RF,5,1,0,0.43
RF,5,1,1,0.5666666666666667
RF,5,0,0,0.33666666666666667
RF,5,0,0,0.2
RF,5,0,0,0.09166666666666666
RF,5,1,0,0.44333333333333336
RF,5,0,0,0.13
RF,5,0,0,0.30666666666666664
RF,5,0,0,0.13
RF,5,0,0,0.18
RF,5,1,0,0.23666666666666666
RF,5,0,0,0.45666666666666667
RF,5,0,0,0.22333333333333333
RF,5,0,0,0.31333333333333335
RF,5,0,0,0.10333333333333333
RF,5,0,0,0.01
RF,5,0,0,0.13
RF,5,0,1,0.8766666666666667
RF,5,0,0,0.19666666666666666
RF,5,0,0,0.31666666666666665
RF,5,0,0,0.07
RF,5,0,0,0.013333333333333334
RF,5,0,0,0.19666666666666666
RF,5,0,0,0.08333333333333333
RF,5,1,0,0.15111111111111108
RF,5,0,0,0.16333333333333333
RF,5,0,0,0.17833333333333334
RF,5,1,1,0.6833333333333333
RF,5,0,0,0.2633333333333333
RF,5,1,0,0.2
RF,5,0,0,0.105
RF,5,0,0,0.04
RF,5,0,0,0.24666666666666667
RF,5,0,0,0.4033333333333333
RF,5,1,0,0.1612222222222222
RF,5,0,1,0.77
RF,5,1,0,0.3075555555555555
RF,5,0,0,0.17666666666666667
RF,5,1,0,0.27
RF,5,0,0,0.08666666666666667
RF,5,0,1,0.66
RF,5,0,0,0.38
RF,5,0,0,0.1911111111111111
RF,5,0,0,0.14333333333333334
RF,5,0,1,0.74
RF,5,1,0,0.17333333333333334
RF,5,0,0,0.23333333333333334
RF,5,1,0,0.41333333333333333
RF,5,0,0,0.30333333333333334
RF,5,0,0,0.11333333333333333
RF,5,0,0,0.21333333333333335
RF,5,0,0,0.15333333333333332
RF,5,0,0,0.08333333333333333
RF,5,0,0,0.07333333333333333
RF,5,0,0,0.30894444444444435
RF,5,0,0,0.28222222222222226
RF,5,0,0,0.013333333333333334
RF,5,0,0,0.23
RF,5,0,0,0.1248888888888889
RF,5,0,1,0.6166666666666667
RF,5,0,0,0.36333333333333334
RF,5,0,0,0.08
RF,5,0,0,0.11861111111111113
RF,5,0,0,0.31233333333333335
RF,5,0,0,0.17333333333333334
RF,5,0,0,0.11333333333333333
RF,5,0,0,0.12333333333333334
RF,5,0,0,0.23
RF,5,0,0,0.10833333333333334
RF,5,0,0,0.12333333333333334
RF,5,0,0,0.12333333333333334
RF,5,0,0,0.3333333333333333
RF,5,1,0,0.49333333333333335
RF,5,0,0,0.21666666666666667
RF,5,0,0,0.06088888888888889
RF,5,0,0,0.13216666666666665
RF,5,0,0,0.14
RF,5,0,0,0.25333333333333335
RF,5,0,0,0.18333333333333332
RF,5,1,0,0.10333333333333333
RF,5,0,0,0.09
RF,5,0,0,0.16666666666666666
RF,5,0,0,0.1272222222222222
RF,5,0,0,0.09
RF,5,0,0,0.16
RF,5,0,0,0.16666666666666666
RF,5,0,0,0.27666666666666667
RF,5,0,0,0.20666666666666667
RF,5,0,0,0.24666666666666667
RF,5,0,0,0.13333333333333333
RF,5,0,0,0.16666666666666666
XGB,1,0,0,0.009065312333405018
XGB,1,1,0,0.09590649604797363
XGB,1,0,0,0.003895916510373354
XGB,1,1,0,0.011823472566902637
XGB,1,0,0,0.016315000131726265
XGB,1,0,0,0.17143535614013672
XGB,1,0,0,0.020710613578557968
XGB,1,0,0,0.22324714064598083
XGB,1,0,0,0.008876987732946873
XGB,1,0,0,0.07782448083162308
XGB,1,0,0,0.017988627776503563
XGB,1,0,0,0.0021491374354809523
XGB,1,0,0,0.0019500701455399394
XGB,1,0,0,0.06818953156471252
XGB,1,0,0,0.010195783339440823
XGB,1,0,0,0.0992676243185997
XGB,1,0,0,0.29977378249168396
XGB,1,0,0,0.0054972171783447266
XGB,1,0,0,0.03460559993982315
XGB,1,0,0,0.007576058153063059
XGB,1,0,0,0.05717872828245163
XGB,1,0,1,0.9801263213157654
XGB,1,1,0,0.09877222031354904
XGB,1,1,0,0.0293740127235651
XGB,1,0,0,0.001962807262316346
XGB,1,0,0,0.2303566038608551
XGB,1,0,0,0.004759112372994423
XGB,1,0,0,0.06494363397359848
XGB,1,0,0,0.13117218017578125
XGB,1,1,0,0.03577025234699249
XGB,1,0,1,0.8781548738479614
XGB,1,0,1,0.6472597718238831
XGB,1,1,1,0.8758359551429749
XGB,1,0,0,0.32841119170188904
XGB,1,0,0,0.011131629347801208
XGB,1,0,0,0.01989007741212845
XGB,1,0,0,0.051400188356637955
XGB,1,1,1,0.8392549157142639
XGB,1,0,0,0.032944176346063614
XGB,1,0,0,0.1774669736623764
XGB,1,0,0,0.17459169030189514
XGB,1,1,0,0.06916981190443039
XGB,1,0,0,0.014270312152802944
XGB,1,0,1,0.5572301745414734
XGB,1,0,1,0.5207788348197937
XGB,1,0,0,0.05703657492995262
XGB,1,1,0,0.2629213333129883
XGB,1,0,0,0.011033917777240276
XGB,1,0,0,0.0418112613260746
XGB,1,1,0,0.041430845856666565
XGB,1,1,0,0.17179341614246368
XGB,1,0,0,0.1486893743276596
XGB,1,0,0,0.03581300377845764
XGB,1,0,0,0.01590174250304699
XGB,1,0,0,0.028118837624788284
XGB,1,0,0,0.21661680936813354
XGB,1,1,0,0.12184862047433853
XGB,1,0,0,0.09424170851707458
XGB,1,0,0,0.029194148257374763
XGB,1,1,1,0.6899903416633606
XGB,1,0,1,0.5169827342033386
XGB,1,1,1,0.9075673818588257
XGB,1,0,0,0.1907062977552414
XGB,1,0,0,0.001071060192771256
XGB,1,0,0,0.3089287281036377
XGB,1,0,0,0.020390968769788742
XGB,1,0,0,0.005839905235916376
XGB,1,1,0,0.026340147480368614
XGB,1,1,0,0.21192587912082672
XGB,1,0,0,0.12277466058731079
XGB,1,0,0,0.03814347833395004
XGB,1,0,0,0.3531884253025055
XGB,1,0,0,0.1094123125076294
XGB,1,0,0,0.007856260985136032
XGB,1,0,0,0.012800788506865501
XGB,1,1,0,0.2216663360595703
XGB,1,0,0,0.12993115186691284
XGB,1,0,0,0.02077469974756241
XGB,1,1,0,0.3933585584163666
XGB,1,0,0,0.17390233278274536
XGB,1,0,0,0.022141167894005775
XGB,1,0,0,0.11644858866930008
XGB,1,0,0,0.33066925406455994
XGB,1,0,0,0.057575419545173645
XGB,1,0,0,0.019371218979358673
XGB,1,0,0,0.0034818274434655905
XGB,1,0,0,0.05145346745848656
XGB,1,0,1,0.9029653072357178
XGB,1,0,0,0.41927364468574524
XGB,1,1,1,0.8324383497238159
XGB,1,0,0,0.03331194072961807
XGB,1,0,0,0.03831804543733597
XGB,1,0,0,0.1704767346382141
XGB,1,0,0,0.058472804725170135
XGB,1,0,0,0.14016839861869812
XGB,1,0,0,0.0042421892285346985
XGB,1,1,0,0.23229219019412994
XGB,1,0,0,0.21116216480731964
XGB,1,0,1,0.9148445725440979
XGB,1,1,1,0.9105613827705383
XGB,1,0,0,0.04028058424592018
XGB,1,0,0,0.00811280868947506
XGB,1,1,0,0.013489198870956898
XGB,1,1,1,0.8271671533584595
XGB,1,0,0,0.07849402725696564
XGB,1,0,0,0.0028651116881519556
XGB,1,0,0,0.4236275255680084
XGB,1,0,0,0.22016435861587524
XGB,1,0,0,0.002595186000689864
XGB,1,1,1,0.8535553812980652
XGB,1,0,0,0.10086165368556976
XGB,1,0,0,0.07033520936965942
XGB,1,0,0,0.38911962509155273
XGB,1,0,0,0.4993574619293213
XGB,1,1,1,0.9619126319885254
XGB,1,1,1,0.9809678196907043
XGB,1,0,0,0.0033855107612907887
XGB,1,1,0,0.011182727292180061
XGB,1,1,1,0.6892775893211365
XGB,1,1,1,0.951944887638092
XGB,1,0,0,0.0292934849858284
XGB,1,0,0,0.21398618817329407
XGB,1,1,0,0.21517367660999298
XGB,1,0,0,0.49089786410331726
XGB,1,0,0,0.12130334973335266
XGB,1,0,0,0.006292999256402254
XGB,1,1,1,0.7439558506011963
XGB,1,0,0,0.11590325087308884
XGB,1,0,0,0.2932707667350769
XGB,1,0,0,0.13127925992012024
XGB,1,0,0,0.009682874195277691
XGB,1,0,0,0.01692650094628334
XGB,1,0,0,0.0068902610801160336
XGB,1,0,0,0.055264465510845184
XGB,1,0,0,7.083928358042613e-05
XGB,1,1,0,0.2698877453804016
XGB,1,0,0,0.15958303213119507
XGB,1,0,0,0.2395544946193695
XGB,1,1,0,0.002406492829322815
XGB,1,0,0,0.052899137139320374
XGB,1,0,0,0.09075374156236649
XGB,1,1,0,0.12936049699783325
XGB,1,0,0,0.05231492221355438
XGB,1,0,0,0.01961182989180088
XGB,1,0,0,0.25183242559432983
XGB,1,0,0,0.1151893213391304
XGB,1,1,0,0.4703274369239807
XGB,1,0,1,0.997593104839325
XGB,1,0,0,0.011572785675525665
XGB,1,0,0,0.06891617178916931
XGB,1,1,0,0.01510653831064701
XGB,1,0,0,0.003159040119498968
XGB,1,0,0,0.2558513283729553
XGB,1,0,1,0.6171121597290039
XGB,1,0,0,0.11826158314943314
XGB,1,0,1,0.7975616455078125
XGB,1,0,0,0.09717333316802979
XGB,1,0,0,0.04170259088277817
XGB,1,0,0,0.37430739402770996
XGB,1,0,0,0.08290083706378937
XGB,1,0,0,0.026043953374028206
XGB,1,0,0,0.03160771727561951
XGB,1,0,1,0.5565321445465088
XGB,1,0,0,0.06522980332374573
XGB,1,0,0,0.42775410413742065
XGB,1,0,0,0.16266708076000214
XGB,1,0,1,0.6217995882034302
XGB,1,1,1,0.5393315553665161
XGB,1,1,0,0.40969938039779663
XGB,1,0,0,0.1420648992061615
XGB,1,0,0,0.18541496992111206
XGB,1,1,0,0.07951667159795761
XGB,1,0,0,0.2865806818008423
XGB,1,0,0,0.06884882599115372
XGB,1,0,0,0.1448134332895279
XGB,1,0,0,0.016626005992293358
XGB,1,0,0,0.004536841996014118
XGB,1,0,0,0.05527687445282936
XGB,1,0,0,0.2564981281757355
XGB,1,0,0,0.010948454961180687
XGB,1,0,0,0.06063312292098999
XGB,1,0,0,0.01036891434341669
XGB,1,0,0,0.005809909198433161
XGB,1,0,0,0.00887383334338665
XGB,1,0,1,0.916309654712677
XGB,1,0,0,0.06336675584316254
XGB,1,0,0,0.23256240785121918
XGB,1,0,0,0.006016251631081104
XGB,1,1,0,0.05844518169760704
XGB,1,0,0,0.05558672547340393
XGB,1,1,0,0.025123922154307365
XGB,1,0,1,0.5253801941871643
XGB,1,1,1,0.7688412070274353
XGB,1,1,0,0.015393255278468132
XGB,1,0,0,0.008699409663677216
XGB,1,0,0,0.004249713383615017
XGB,1,0,0,0.004012787248939276
XGB,1,1,0,0.1399637907743454
XGB,1,1,0,0.3399977385997772
XGB,1,1,0,0.09446972608566284
XGB,1,0,0,0.018519025295972824
XGB,1,0,0,0.006146123167127371
XGB,1,1,0,0.17584989964962006
XGB,1,1,0,0.10561653971672058
XGB,1,0,0,0.013578586280345917
XGB,1,0,0,0.01288481242954731
XGB,1,0,0,0.35249170660972595
XGB,1,0,0,0.1563166081905365
XGB,1,0,0,0.004147781524807215
XGB,1,0,0,0.37482258677482605
XGB,1,0,0,0.18167200684547424
XGB,1,0,0,0.06694494187831879
XGB,1,0,0,0.0854627788066864
XGB,1,0,0,0.236515074968338
XGB,1,0,0,0.01726210117340088
XGB,1,0,0,0.0032967734150588512
XGB,1,1,0,0.06367763876914978
XGB,1,1,0,0.25999194383621216
XGB,1,0,0,0.004813024774193764
XGB,1,1,0,0.08452070504426956
XGB,1,0,0,0.07858926057815552
XGB,1,0,0,0.19264695048332214
XGB,1,1,0,0.19496029615402222
XGB,1,0,0,0.03029855340719223
XGB,1,0,0,0.0398978516459465
XGB,1,0,0,0.0051041943952441216
XGB,1,0,0,0.0001836645824369043
XGB,1,0,1,0.8023369908332825
XGB,1,1,0,0.01503919530659914
XGB,1,1,0,0.291540265083313
XGB,1,0,0,0.01137460209429264
XGB,1,0,0,0.003225964494049549
XGB,1,0,0,0.18851087987422943
XGB,1,0,0,0.1340494006872177
XGB,1,0,0,0.03194489702582359
XGB,1,0,0,0.17486807703971863
XGB,1,0,0,0.12005450576543808
XGB,1,0,0,0.1634141206741333
XGB,1,0,0,0.025611190125346184
XGB,1,0,0,0.010315833613276482
XGB,1,0,0,0.052471891045570374
XGB,1,0,0,0.03459823131561279
XGB,1,0,0,0.014620862901210785
XGB,1,0,0,0.00872134231030941
XGB,1,0,0,0.03258970007300377
XGB,1,0,0,0.0335497185587883
XGB,1,1,0,0.2457163780927658
XGB,1,0,0,0.07887660712003708
XGB,1,0,0,0.00259744212962687
XGB,1,1,0,0.1524503231048584
XGB,1,0,0,0.07312674075365067
XGB,1,0,0,0.0025127825792878866
XGB,1,0,1,0.8498630523681641
XGB,1,0,0,0.06366647034883499
XGB,1,0,0,0.16674575209617615
XGB,1,1,0,0.07247282564640045
XGB,1,0,0,0.04898630827665329
XGB,1,0,0,0.012361438944935799
XGB,1,0,0,0.05066000670194626
XGB,1,0,0,0.0038573346100747585
XGB,1,0,0,0.001787451677955687
XGB,1,0,0,0.0021313366014510393
XGB,1,0,0,0.2000962197780609
XGB,1,0,0,0.022979874163866043
XGB,1,0,0,0.04103776067495346
XGB,1,0,0,0.011608889326453209
XGB,1,0,0,0.02965283952653408
XGB,1,1,0,0.07575872540473938
XGB,1,0,0,0.01826823689043522
XGB,1,1,0,0.005111199337989092
XGB,1,0,0,0.09740076959133148
XGB,1,0,0,0.015422727912664413
XGB,1,0,0,0.02955932728946209
XGB,1,1,0,0.2893012762069702
XGB,1,0,0,0.009819808416068554
XGB,1,0,0,0.01369381695985794
XGB,1,0,0,0.01470895390957594
XGB,1,0,0,0.06547317653894424
XGB,1,0,0,0.004940118174999952
XGB,1,0,1,0.707877516746521
XGB,1,0,0,0.06402947753667831
XGB,1,0,0,0.06433572620153427
XGB,1,0,0,0.00856058020144701
XGB,1,0,0,0.06440969556570053
XGB,1,0,0,0.002409732434898615
XGB,1,0,0,0.00544458394870162
XGB,1,1,0,0.4011422395706177
XGB,1,0,0,0.28770536184310913
XGB,1,0,0,0.016521550714969635
XGB,1,0,0,0.006153834518045187
XGB,1,0,0,0.04325171187520027
XGB,1,1,0,0.03314656391739845
XGB,1,0,0,0.11854273080825806
XGB,1,1,0,0.006395461969077587
XGB,1,0,0,0.22522616386413574
XGB,1,0,0,0.003184298053383827
XGB,1,0,0,0.04543514922261238
XGB,1,0,0,0.011095664463937283
XGB,1,0,0,0.3523538410663605
XGB,1,0,0,0.20854216814041138
XGB,1,0,0,0.12030181288719177
XGB,1,0,0,0.1736871749162674
XGB,1,0,0,0.33885622024536133
XGB,1,1,1,0.8647274971008301
XGB,1,1,1,0.8904935717582703
XGB,1,0,0,0.03118332289159298
XGB,1,0,0,0.016175424680113792
XGB,1,0,0,0.02172156237065792
XGB,1,0,0,0.10961038619279861
XGB,1,0,0,0.005027004051953554
XGB,1,0,0,0.3891201913356781
XGB,1,0,0,0.027225112542510033
XGB,1,0,0,0.16670119762420654
XGB,1,0,0,0.024053288623690605
XGB,1,0,0,0.11184699833393097
XGB,1,1,0,0.03505919873714447
XGB,1,0,0,0.00893469899892807
XGB,1,0,0,0.0012765864375978708
XGB,1,0,0,0.022563857957720757
XGB,1,1,1,0.984713613986969
XGB,1,0,0,0.05279397591948509
XGB,1,0,1,0.527684211730957
XGB,1,1,0,0.040083542466163635
XGB,1,1,0,0.0052207643166184425
XGB,1,0,0,0.026831790804862976
XGB,1,0,0,0.048728521913290024
XGB,1,0,0,0.06778953969478607
XGB,1,0,0,0.009635630995035172
XGB,1,1,1,0.9947760105133057
XGB,1,0,0,0.009762104600667953
XGB,1,0,0,0.0032971168402582407
XGB,1,0,0,0.13275028765201569
XGB,1,0,0,0.05204083397984505
XGB,1,0,0,0.08094616234302521
XGB,1,0,0,0.09123925864696503
XGB,1,0,0,0.011327961459755898
XGB,1,1,0,0.3203273117542267
XGB,1,0,0,0.027449999004602432
XGB,1,0,0,0.003141539404168725
XGB,1,0,0,0.1309676319360733
XGB,1,0,0,0.06572943925857544
XGB,1,0,0,0.009007875807583332
XGB,1,1,1,0.898339569568634
XGB,1,1,0,0.015244010835886002
XGB,1,0,1,0.7780629396438599
XGB,1,0,0,0.12784171104431152
XGB,1,0,0,0.17434945702552795
XGB,1,0,0,0.018911320716142654
XGB,1,0,0,0.010990222916007042
XGB,1,0,1,0.5329204201698303
XGB,1,0,0,0.1854218691587448
XGB,1,1,1,0.8749493956565857
XGB,1,0,0,0.0614735372364521
XGB,1,1,0,0.010057860054075718
XGB,1,0,0,0.017890045419335365
XGB,1,0,0,0.3239961266517639
XGB,1,0,0,0.005170060321688652
XGB,1,0,1,0.5607136487960815
XGB,1,1,0,0.15761275589466095
XGB,1,0,0,0.26763850450515747
XGB,1,0,0,0.022684844210743904
XGB,1,0,0,0.005484973080456257
XGB,1,0,0,0.038205601274967194
XGB,1,0,0,0.005195883568376303
XGB,1,0,0,0.03424466401338577
XGB,1,0,0,0.1679808348417282
XGB,1,0,0,0.010964973829686642
XGB,1,0,0,0.049212828278541565
XGB,1,0,0,0.007304911036044359
XGB,1,0,0,0.15489931404590607
XGB,1,0,0,0.006803350988775492
XGB,1,0,0,0.017185276374220848
XGB,1,0,0,0.011557681486010551
XGB,1,0,0,0.024941548705101013
XGB,1,1,1,0.9551281929016113
XGB,1,0,0,0.30239173769950867
XGB,1,0,0,0.03957501798868179
XGB,1,0,0,0.025756478309631348
XGB,1,0,0,0.11918247491121292
XGB,1,0,0,0.2512114644050598
XGB,1,0,0,0.02688857540488243
XGB,1,0,0,0.1992320418357849
XGB,1,0,0,0.012460949830710888
XGB,1,1,1,0.8874234557151794
XGB,1,1,0,0.10321944206953049
XGB,1,0,0,0.005424269940704107
XGB,1,0,0,0.1144283190369606
XGB,1,0,0,0.26974692940711975
XGB,1,1,0,0.33504828810691833
XGB,1,0,0,0.017009928822517395
XGB,1,1,0,0.39802446961402893
XGB,1,1,0,0.006614157930016518
XGB,1,0,1,0.8049026131629944
XGB,1,0,0,0.08768173307180405
XGB,1,0,0,0.028632355853915215
XGB,1,1,0,0.019182788208127022
XGB,1,1,0,0.07950740307569504
XGB,1,0,0,0.0003736714425031096
XGB,1,1,0,0.07060187309980392
XGB,1,0,0,0.02329554781317711
XGB,1,0,0,0.1640772521495819
XGB,1,0,0,0.31805136799812317
XGB,1,1,0,0.11296286433935165
XGB,1,0,0,0.15990710258483887
XGB,1,1,1,0.6620896458625793
XGB,1,0,0,0.03158584609627724
XGB,1,0,0,0.1322138011455536
XGB,1,1,1,0.5313387513160706
XGB,1,1,0,0.00918976403772831
XGB,1,0,1,0.7767173647880554
XGB,1,0,0,0.21736706793308258
XGB,1,0,0,0.02436808869242668
XGB,1,0,0,0.054605476558208466
XGB,1,0,0,0.0001089975776267238
XGB,1,0,0,0.021151170134544373
XGB,1,0,0,0.032166678458452225
XGB,1,0,0,0.02210872247815132
XGB,1,1,1,0.6164790391921997
XGB,1,0,0,0.026297831907868385
XGB,1,0,0,0.013748474419116974
XGB,1,0,0,0.05304828658699989
XGB,1,0,0,0.013421496376395226
XGB,1,0,0,0.14800645411014557
XGB,1,0,1,0.7467811703681946
XGB,1,1,0,0.07730809599161148
XGB,1,0,0,0.01086473185569048
XGB,1,0,1,0.6043732166290283
XGB,1,0,1,0.6818753480911255
XGB,1,0,0,0.017430981621146202
XGB,1,0,0,0.37302130460739136
XGB,1,0,1,0.7859302759170532
XGB,1,0,0,0.39142102003097534
XGB,1,0,0,0.002643903950229287
XGB,1,0,0,0.21724385023117065
XGB,1,0,0,0.33247146010398865
XGB,1,0,0,0.0062406025826931
XGB,1,0,0,0.0025742510333657265
XGB,1,1,0,0.03634365275502205
XGB,1,0,1,0.7437581419944763
XGB,1,0,0,0.017955956980586052
XGB,1,0,1,0.782203733921051
XGB,1,0,0,0.10832466185092926
XGB,1,0,0,0.012144663371145725
XGB,1,0,0,0.039174001663923264
XGB,1,0,1,0.5323396325111389
XGB,1,0,0,0.12870009243488312
XGB,1,0,0,0.0854601338505745
XGB,1,0,0,0.13917769491672516
XGB,1,0,0,0.003944398835301399
XGB,1,0,0,0.3722515404224396
XGB,1,0,0,0.026732906699180603
XGB,1,0,0,0.03340735659003258
XGB,1,0,0,0.09654941409826279
XGB,1,1,0,0.07111416757106781
XGB,1,0,0,0.008729830384254456
XGB,1,0,0,0.003425793955102563
XGB,1,0,0,0.11364416033029556
XGB,1,1,0,0.041570115834474564
XGB,1,0,0,0.4567357897758484
XGB,1,0,0,0.05423503741621971
XGB,1,0,0,0.0072915866039693356
XGB,1,1,1,0.9749208688735962
XGB,1,0,0,0.363461971282959
XGB,1,0,0,0.03462320566177368
XGB,1,1,0,0.1932164877653122
XGB,1,0,0,0.046100325882434845
XGB,1,0,0,0.2138006091117859
XGB,1,0,0,0.2616177201271057
XGB,1,0,0,0.30123811960220337
XGB,1,0,0,0.006300747860223055
XGB,1,0,0,0.08666933327913284
XGB,1,0,0,0.026264304295182228
XGB,1,1,0,0.014446202665567398
XGB,1,0,0,0.08779704570770264
XGB,1,0,0,0.024041594937443733
XGB,1,0,0,0.0045317672193050385
XGB,1,1,0,0.0022618845105171204
XGB,1,0,0,0.37744438648223877
XGB,1,0,0,0.28339633345603943
XGB,1,1,0,0.058434661477804184
XGB,1,0,0,0.21108607947826385
XGB,1,1,0,0.2823026478290558
XGB,1,1,0,0.039092663675546646
XGB,1,0,0,0.13723993301391602
XGB,1,0,0,0.02099192515015602
XGB,1,1,0,0.09050679206848145
XGB,1,1,1,0.788710355758667
XGB,1,0,1,0.6833536624908447
XGB,1,0,0,0.09038874506950378
XGB,1,0,0,0.03506827354431152
XGB,1,0,0,0.0030079742427915335
XGB,1,0,0,0.022101398557424545
XGB,1,0,0,0.015918182209134102
XGB,1,1,0,0.004045254085212946
XGB,1,1,0,0.013137675821781158
XGB,1,0,0,0.00747148459777236
XGB,1,0,0,0.023441176861524582
XGB,1,0,0,0.136432945728302
XGB,1,1,0,0.02285216934978962
XGB,1,0,0,0.053717758506536484
XGB,1,0,0,0.008627595379948616
XGB,1,0,0,0.4372220039367676
XGB,1,1,1,0.9628579616546631
XGB,1,0,0,0.00427568843588233
XGB,1,0,0,0.06118439882993698
XGB,1,1,0,0.14570721983909607
XGB,1,0,0,0.004408739972859621
XGB,1,0,0,0.0767875537276268
XGB,1,0,0,0.017115414142608643
XGB,1,0,0,0.004353977739810944
XGB,1,0,0,0.18911835551261902
XGB,1,0,0,0.008603358641266823
XGB,1,0,0,0.17633908987045288
XGB,1,0,0,0.01063980907201767
XGB,1,0,1,0.6580780744552612
XGB,1,0,1,0.7928360104560852
XGB,1,0,0,0.15737475454807281
XGB,1,1,0,0.0022891981061547995
XGB,1,0,0,0.007978063076734543
XGB,1,1,1,0.7264161109924316
XGB,1,0,0,0.0009786068694666028
XGB,1,0,0,0.315376877784729
XGB,1,0,0,0.08292192220687866
XGB,1,0,0,0.00316601968370378
XGB,1,0,0,0.010023890063166618
XGB,1,0,0,0.03950893133878708
XGB,1,0,0,0.00884287804365158
XGB,1,0,0,0.09850611537694931
XGB,1,0,0,0.0021857665851712227
XGB,1,1,0,0.046122804284095764
XGB,1,1,0,0.49270060658454895
XGB,1,1,1,0.9553990364074707
XGB,1,0,0,0.032937485724687576
XGB,1,0,0,0.0871753841638565
XGB,1,1,0,0.0013869742397218943
XGB,1,1,0,0.3910219967365265
XGB,1,0,0,0.08153586089611053
XGB,1,0,0,0.37017831206321716
XGB,1,0,0,0.052431199699640274
XGB,1,0,0,0.42707720398902893
XGB,1,0,0,0.07889803498983383
XGB,1,0,0,0.03747176378965378
XGB,1,0,0,0.008058678358793259
XGB,1,1,0,0.03094688057899475
XGB,1,0,0,0.002333896467462182
XGB,1,0,0,0.012465210631489754
XGB,1,0,0,0.0074711693450808525
XGB,1,0,0,0.14921873807907104
XGB,1,0,0,0.020798318088054657
XGB,1,1,1,0.7128992080688477
XGB,1,1,0,0.038924381136894226
XGB,1,0,0,0.09806017577648163
XGB,1,0,0,0.010731866583228111
XGB,1,0,0,0.31636136770248413
XGB,1,0,0,0.021679040044546127
XGB,1,0,0,0.027075545862317085
XGB,1,1,1,0.9233052134513855
XGB,1,0,0,0.034191057085990906
XGB,1,0,1,0.8728411793708801
XGB,1,0,0,0.006105910986661911
XGB,1,0,0,0.046375736594200134
XGB,1,0,0,0.003673887811601162
XGB,1,1,0,0.17336758971214294
XGB,1,0,0,0.019135642796754837
XGB,1,1,0,0.11131181567907333
XGB,1,0,0,0.09882884472608566
XGB,1,0,0,0.11451797187328339
XGB,1,1,0,0.08808339387178421
XGB,1,0,0,0.021170509979128838
XGB,1,0,0,0.074268639087677
XGB,1,0,1,0.9950463771820068
XGB,1,0,1,0.8457683324813843
XGB,1,0,0,0.028584018349647522
XGB,1,0,0,0.3097357749938965
XGB,1,0,0,0.06188661605119705
XGB,1,0,0,0.0011102647986263037
XGB,1,0,0,0.003434796817600727
XGB,1,0,0,0.004149418789893389
XGB,1,1,0,0.13923436403274536
XGB,1,0,0,0.0387263260781765
XGB,1,0,1,0.5911762118339539
XGB,1,0,1,0.5799434185028076
XGB,1,1,0,0.0737961009144783
XGB,1,0,0,0.43140003085136414
XGB,1,0,0,0.0792049840092659
XGB,1,0,1,0.7098814845085144
XGB,1,0,0,0.019139364361763
XGB,1,1,0,0.0666804313659668
XGB,1,1,0,0.15969723463058472
XGB,1,0,0,0.07655830681324005
XGB,1,0,0,0.016280340030789375
XGB,1,0,0,0.0011282799532637
XGB,1,1,0,0.018175387755036354
XGB,1,0,0,0.160674050450325
XGB,1,0,0,0.029284702613949776
XGB,1,0,0,0.04820723831653595
XGB,1,0,1,0.5392695069313049
XGB,1,1,1,0.5495733618736267
XGB,1,0,0,0.21919718384742737
XGB,1,0,0,0.185919851064682
XGB,1,0,0,0.05616038292646408
XGB,1,0,0,0.44188928604125977
XGB,1,0,0,0.0029210157226771116
XGB,1,0,0,0.004416702780872583
XGB,1,0,0,0.2513342499732971
XGB,1,1,0,0.03801204264163971
XGB,1,1,0,0.21436801552772522
XGB,1,0,0,0.048801105469465256
XGB,1,1,0,0.053986456245183945
XGB,1,0,0,0.005516792647540569
XGB,1,0,0,0.2828928232192993
XGB,1,0,0,0.07570533454418182
XGB,1,0,0,0.009781330823898315
XGB,1,0,0,0.0007413034327328205
XGB,1,0,0,0.1746096909046173
XGB,1,1,0,0.04379705712199211
XGB,1,0,0,0.04506924748420715
XGB,1,0,0,0.09246770292520523
XGB,1,0,0,0.09796058386564255
XGB,1,0,0,0.17695188522338867
XGB,1,0,0,0.16916422545909882
XGB,1,1,1,0.8161345720291138
XGB,1,0,0,0.017649663612246513
XGB,1,1,0,0.030410001054406166
XGB,1,0,0,0.05302189663052559
XGB,1,0,0,0.3310863971710205
XGB,1,0,0,0.002959564095363021
XGB,1,0,0,0.012444366700947285
XGB,1,0,0,0.03256254643201828
XGB,1,0,0,0.10126025229692459
XGB,1,0,0,0.04934120550751686
XGB,1,0,0,0.022863218560814857
XGB,1,0,0,0.14148353040218353
XGB,1,1,1,0.6899903416633606
XGB,1,0,0,0.011521918699145317
XGB,1,0,0,0.05031284689903259
XGB,1,0,0,0.06924248486757278
XGB,1,0,1,0.5933160781860352
XGB,1,0,0,0.28036490082740784
XGB,1,1,1,0.5097424983978271
XGB,1,0,0,0.06561464071273804
XGB,1,0,0,0.0037761845160275698
XGB,1,0,0,0.06047618389129639
XGB,1,0,0,0.47929030656814575
XGB,1,0,0,0.011014998890459538
XGB,1,0,1,0.5689969062805176
XGB,1,0,0,0.1319415420293808
XGB,1,1,0,0.014565431512892246
XGB,1,0,0,0.07186674326658249
XGB,1,1,0,0.4853457510471344
XGB,1,0,0,0.019837623462080956
XGB,1,0,0,0.07753995805978775
XGB,1,0,1,0.6321665048599243
XGB,1,0,1,0.6804729700088501
XGB,1,0,0,0.06292203813791275
XGB,1,0,0,0.00994758028537035
XGB,1,0,1,0.9664153456687927
XGB,1,0,0,0.07009681314229965
XGB,1,0,0,0.09614979475736618
XGB,1,1,1,0.9279550909996033
XGB,1,0,0,0.12767010927200317
XGB,1,0,0,0.3151475787162781
XGB,1,0,0,0.33700031042099
XGB,1,1,0,0.02653546817600727
XGB,1,1,0,0.03617153316736221
XGB,1,0,0,0.0237044095993042
XGB,1,0,0,0.04626428708434105
XGB,1,0,0,0.017411597073078156
XGB,1,0,0,0.0648692399263382
XGB,1,0,0,0.01244931947439909
XGB,1,0,0,0.321734756231308
XGB,1,0,0,0.4165477752685547
XGB,1,1,0,0.01924467459321022
XGB,1,0,0,0.2865651845932007
XGB,1,0,0,0.0004296083643566817
XGB,1,0,0,0.04170256480574608
XGB,1,0,0,0.12954369187355042
XGB,1,0,0,0.2051188200712204
XGB,1,0,0,0.006063617300242186
XGB,1,1,1,0.8942802548408508
XGB,1,0,0,0.07266875356435776
XGB,1,0,0,0.0038490542210638523
XGB,1,0,0,0.03224975988268852
XGB,1,0,1,0.7644070982933044
XGB,1,0,0,0.018283914774656296
XGB,1,1,1,0.9558057188987732
XGB,1,0,0,0.009424049407243729
XGB,1,1,0,0.12371477484703064
XGB,1,0,0,0.0025733672082424164
XGB,1,0,0,0.0027304564137011766
XGB,1,0,0,0.048829831182956696
XGB,1,0,0,0.004678748548030853
XGB,1,0,0,0.07626672089099884
XGB,1,0,0,0.21236291527748108
XGB,1,0,0,0.02241731993854046
XGB,1,0,0,0.0567283108830452
XGB,1,0,0,0.1511022299528122
XGB,1,0,1,0.5622248649597168
XGB,1,1,0,0.12108336389064789
XGB,1,0,0,0.4137454628944397
XGB,1,0,0,0.1910056471824646
XGB,1,0,0,0.012161322869360447
XGB,1,0,0,0.02291290834546089
XGB,1,0,0,0.027854710817337036
XGB,1,1,0,0.03753187507390976
XGB,1,0,0,0.009997389279305935
XGB,1,0,0,0.0009827263420447707
XGB,1,0,0,0.09355764836072922
XGB,1,0,0,0.013187529519200325
XGB,1,0,0,0.21960054337978363
XGB,1,1,1,0.5412258505821228
XGB,1,0,0,0.01498660072684288
XGB,1,1,1,0.8066625595092773
XGB,1,0,0,0.04059350863099098
XGB,1,0,0,0.06861014664173126
XGB,1,1,0,0.08042529225349426
XGB,1,1,1,0.6070296168327332
XGB,1,0,0,0.006189123261719942
XGB,1,0,0,0.02555122599005699
XGB,1,0,0,0.2891392409801483
XGB,1,0,0,0.030944041907787323
XGB,1,0,0,0.07121936231851578
XGB,1,0,0,0.00021552795078605413
XGB,1,1,0,0.1144670620560646
XGB,1,0,0,0.004753428511321545
XGB,1,1,0,0.0022341455332934856
XGB,1,0,0,0.0020804626401513815
XGB,1,0,0,0.27540069818496704
XGB,1,0,0,0.0236371923238039
XGB,1,1,0,0.23367097973823547
XGB,1,0,0,0.1972401738166809
XGB,1,0,0,0.0007418147870339453
XGB,1,0,0,0.10740295052528381
XGB,1,0,0,0.12325987964868546
XGB,1,0,0,0.007951512932777405
XGB,1,0,0,0.006933711469173431
XGB,1,0,0,0.004249073565006256
XGB,1,1,0,0.07295722514390945
XGB,1,0,0,0.031131694093346596
XGB,1,1,0,0.2844677269458771
XGB,1,1,0,0.29799067974090576
XGB,1,0,0,0.1668989211320877
XGB,1,1,0,0.01002752035856247
XGB,1,0,0,0.046795494854450226
XGB,1,1,0,0.0023293420672416687
XGB,1,0,0,0.0036864392459392548
XGB,1,0,1,0.9673284888267517
XGB,1,0,0,0.22399303317070007
XGB,1,0,0,0.036993902176618576
XGB,1,0,0,0.052137341350317
XGB,1,1,0,0.10181397199630737
XGB,1,0,0,0.018331367522478104
XGB,1,0,0,0.015355085954070091
XGB,1,1,0,0.1259908676147461
XGB,1,0,0,0.0003451607481110841
XGB,1,1,0,0.03826967626810074
XGB,1,0,0,0.03558150678873062
XGB,1,0,0,0.014877326786518097
XGB,1,1,0,0.07307833433151245
XGB,1,0,1,0.7014516592025757
XGB,1,1,0,0.19637377560138702
XGB,1,0,0,0.01752430386841297
XGB,1,0,1,0.576556384563446
XGB,1,0,0,0.018104378134012222
XGB,1,1,0,4.990781599190086e-05
XGB,1,0,0,0.009581944905221462
XGB,1,0,0,0.004959420766681433
XGB,1,0,0,0.011655614711344242
XGB,1,0,0,0.1467682123184204
XGB,1,0,0,0.0053035300225019455
XGB,1,0,0,0.0022414950653910637
XGB,1,0,0,0.3084491491317749
XGB,1,0,0,0.01996426284313202
XGB,1,0,0,0.07333240658044815
XGB,1,0,0,0.0706590861082077
XGB,1,0,0,0.016350915655493736
XGB,1,0,0,0.005980012938380241
XGB,1,0,0,0.045064013451337814
XGB,1,0,0,0.00104813976213336
XGB,1,0,0,0.09495493024587631
XGB,1,1,1,0.5238893032073975
XGB,1,0,1,0.5158392786979675
XGB,1,1,1,0.9569704532623291
XGB,1,0,0,0.10528244823217392
XGB,1,0,0,0.14482058584690094
XGB,1,0,0,0.0631563663482666
XGB,1,0,0,0.008261258713901043
XGB,1,1,0,0.3899346590042114
XGB,1,0,0,0.03665110096335411
XGB,1,0,0,0.010826095007359982
XGB,1,0,0,0.033490050584077835
XGB,1,0,0,0.10251598060131073
XGB,1,0,0,0.4178837835788727
XGB,1,0,0,0.03769930452108383
XGB,1,0,0,0.2361541986465454
XGB,1,1,0,0.04801138490438461
XGB,1,0,1,0.6936750411987305
XGB,1,0,0,0.21740782260894775
XGB,1,0,0,0.0065244403667747974
XGB,1,0,0,0.21744608879089355
XGB,1,1,0,0.06888814270496368
XGB,1,0,0,0.16833312809467316
XGB,1,0,1,0.5386613011360168
XGB,1,0,0,0.014066853560507298
XGB,1,0,0,0.009084641933441162
XGB,1,0,0,0.03845551609992981
XGB,1,0,0,0.01126725785434246
XGB,1,1,1,0.8938135504722595
XGB,1,0,0,0.16818760335445404
XGB,1,1,0,0.12306796759366989
XGB,1,0,0,0.10898301005363464
XGB,1,0,0,0.01289471983909607
XGB,1,0,0,0.07095636427402496
XGB,1,1,0,0.3779331147670746
XGB,1,0,0,0.3711077868938446
XGB,1,0,0,0.005794872995465994
XGB,1,1,1,0.9166809916496277
XGB,1,0,1,0.9249067306518555
XGB,1,0,0,0.2011827528476715
XGB,1,0,0,0.09081938862800598
XGB,1,1,0,0.001675293780863285
XGB,1,0,0,0.04710208624601364
XGB,1,0,1,0.5793406367301941
XGB,1,0,1,0.9001767039299011
XGB,1,0,0,0.010901757515966892
XGB,1,0,0,0.05311964079737663
XGB,1,0,0,0.007073855958878994
XGB,1,0,0,0.07588532567024231
XGB,1,1,0,0.0897262692451477
XGB,1,1,0,0.395782470703125
XGB,1,0,0,0.09073751419782639
XGB,1,1,1,0.9288405776023865
XGB,1,0,0,0.054120343178510666
XGB,1,0,0,0.10875187069177628
XGB,1,1,0,0.0003360531118232757
XGB,1,0,0,0.09768249094486237
XGB,1,0,0,0.010744023136794567
XGB,1,0,0,0.10053105652332306
XGB,1,0,1,0.8873084783554077
XGB,1,0,0,0.0580267459154129
XGB,1,0,0,0.019755208864808083
XGB,1,0,0,0.0025057231541723013
XGB,1,0,0,0.14546476304531097
XGB,1,1,0,0.49799421429634094
XGB,1,0,0,0.3675031363964081
XGB,1,0,0,0.04293432459235191
XGB,1,0,0,0.04190164804458618
XGB,1,0,0,0.02853737585246563
XGB,1,1,0,0.12851494550704956
XGB,1,0,0,0.02509153075516224
XGB,1,0,0,0.013149537146091461
XGB,1,1,1,0.809928297996521
XGB,1,0,0,0.42131954431533813
XGB,1,0,0,0.08222699165344238
XGB,1,0,1,0.85944002866745
XGB,1,0,0,0.03143218532204628
XGB,1,0,0,6.622129149036482e-05
XGB,1,0,0,0.10076285898685455
XGB,1,0,0,0.009926258586347103
XGB,1,0,0,0.039969414472579956
XGB,1,1,0,0.29603078961372375
XGB,1,0,0,0.0022715027444064617
XGB,1,1,1,0.9954761862754822
XGB,1,1,0,0.01659688912332058
XGB,1,1,1,0.8643665313720703
XGB,1,1,0,0.03205760568380356
XGB,1,0,0,0.03738997504115105
XGB,1,1,0,0.2708688974380493
XGB,1,0,0,0.006229880265891552
XGB,1,1,0,0.0463271327316761
XGB,1,0,0,0.09323547035455704
XGB,1,0,0,0.017002739012241364
XGB,1,1,0,0.2082660049200058
XGB,1,0,0,0.05856702849268913
XGB,1,1,0,0.1067984402179718
XGB,1,0,0,0.04091024398803711
XGB,1,0,1,0.9269415736198425
XGB,1,0,0,0.1949477642774582
XGB,1,1,0,0.27378228306770325
XGB,1,0,0,0.02434118278324604
XGB,1,0,0,0.06378107517957687
XGB,1,1,0,0.08650307357311249
XGB,1,0,0,0.11760387569665909
XGB,1,0,0,0.44565117359161377
XGB,1,0,0,0.00955967977643013
XGB,1,1,1,0.932946503162384
XGB,1,0,0,0.0016816244460642338
XGB,1,1,0,0.30099520087242126
XGB,1,0,0,0.2694798707962036
XGB,1,0,0,0.16130459308624268
XGB,1,0,0,0.10384193062782288
XGB,1,0,0,0.06620216369628906
XGB,1,1,1,0.8439520001411438
XGB,1,0,0,0.2840462625026703
XGB,1,0,0,0.09045775979757309
XGB,1,1,1,0.8086082339286804
XGB,1,0,0,0.051767464727163315
XGB,1,0,0,0.004149635788053274
XGB,1,0,0,0.32429009675979614
XGB,1,0,0,0.0362672433257103
XGB,1,1,1,0.6112678050994873
XGB,1,1,0,0.2501926124095917
XGB,1,0,0,0.059040192514657974
XGB,1,0,0,0.011642043478786945
XGB,1,1,0,0.15509416162967682
XGB,1,0,0,0.00885868538171053
XGB,1,0,0,0.004734625108540058
XGB,1,0,0,0.02908080443739891
XGB,1,0,0,0.2655527591705322
XGB,1,0,0,0.002432606415823102
XGB,1,1,0,0.3089253902435303
XGB,1,0,0,0.20254288613796234
XGB,1,0,0,0.09168660640716553
XGB,1,0,0,0.016460368409752846
XGB,1,0,0,0.029379867017269135
XGB,1,1,1,0.5720487833023071
XGB,1,0,0,0.03874373435974121
XGB,1,0,0,0.1299436390399933
XGB,1,1,0,0.08366455882787704
XGB,1,0,0,0.22161759436130524
XGB,1,1,0,0.0032034774776548147
XGB,1,0,0,0.11414871364831924
XGB,1,0,0,0.012921859510242939
XGB,1,0,0,0.11565284430980682
XGB,1,1,0,0.11580880731344223
XGB,1,1,0,0.4135802388191223
XGB,1,0,0,0.04629075154662132
XGB,1,1,0,0.09813714772462845
XGB,1,1,1,0.8807282447814941
XGB,1,0,0,0.011030557565391064
XGB,1,0,0,0.30580005049705505
XGB,1,0,0,0.018916934728622437
XGB,1,0,0,0.020191119983792305
XGB,1,0,0,0.006810369435697794
XGB,1,0,0,0.16510139405727386
XGB,1,0,0,0.223033607006073
XGB,1,0,1,0.8275901675224304
XGB,1,0,0,0.00989760085940361
XGB,1,0,0,0.26861822605133057
XGB,1,0,0,0.03785689175128937
XGB,1,0,0,0.21300381422042847
XGB,1,0,0,0.14081504940986633
XGB,1,0,0,0.03385303169488907
XGB,1,0,0,0.13435718417167664
XGB,1,0,0,0.32931801676750183
XGB,1,0,0,0.08954265713691711
XGB,1,1,1,0.7554887533187866
XGB,1,0,1,0.7506799101829529
XGB,1,0,0,0.2397567182779312
XGB,1,0,0,0.02352035790681839
XGB,1,0,0,0.04206951707601547
XGB,1,1,0,0.08579789847135544
XGB,1,0,0,0.006740301847457886
XGB,1,1,0,0.021643580868840218
XGB,1,0,0,0.2699366807937622
XGB,1,1,0,0.17860038578510284
XGB,1,0,1,0.7849825024604797
XGB,1,1,0,0.2313307225704193
XGB,1,0,0,0.022181108593940735
XGB,1,0,0,0.1019509807229042
XGB,1,0,0,0.020853368565440178
XGB,1,0,0,0.04683341830968857
XGB,1,0,0,0.34200602769851685
XGB,1,0,0,0.007515743840485811
XGB,1,0,0,0.005336579866707325
XGB,1,0,0,0.16242210566997528
XGB,1,1,0,0.0646318793296814
XGB,1,0,0,0.2545596957206726
XGB,1,1,1,0.6628493070602417
XGB,1,0,0,0.0069198403507471085
XGB,1,0,0,0.031441789120435715
XGB,1,0,0,0.02397148124873638
XGB,1,0,0,0.059040192514657974
XGB,1,0,0,0.0053925844840705395
XGB,1,0,0,0.015191694721579552
XGB,1,1,0,0.019252577796578407
XGB,1,0,0,0.0072465138509869576
XGB,1,0,1,0.7909532189369202
XGB,1,0,1,0.5452812314033508
XGB,1,0,0,0.008629675954580307
XGB,1,0,0,0.11552713066339493
XGB,1,1,0,0.0161818228662014
XGB,1,0,0,0.033321406692266464
XGB,1,0,1,0.7024623155593872
XGB,1,0,0,0.014322193339467049
XGB,1,0,0,0.00656081410124898
XGB,1,0,0,0.13462486863136292
XGB,1,0,0,0.19813743233680725
XGB,1,0,0,0.018273331224918365
XGB,1,0,0,0.13536898791790009
XGB,1,0,0,0.010922590270638466
XGB,1,0,0,0.04776090383529663
XGB,1,0,0,0.0229463092982769
XGB,1,0,0,0.0383792407810688
XGB,1,0,0,0.018473293632268906
XGB,1,0,1,0.6845910549163818
XGB,1,0,0,0.03219043090939522
XGB,1,0,0,0.10951631516218185
XGB,1,0,1,0.8013496398925781
XGB,1,0,0,0.23756644129753113
XGB,1,0,0,0.47176945209503174
XGB,1,0,0,0.11812978982925415
XGB,1,1,0,0.3434131443500519
XGB,1,0,0,0.00040122392238117754
XGB,1,0,0,0.28787916898727417
XGB,1,0,0,0.0036405071150511503
XGB,1,0,0,0.3372185528278351
XGB,1,0,0,0.05473677068948746
XGB,1,0,0,0.028460422530770302
XGB,1,0,0,0.10529433190822601
XGB,1,0,0,0.2937803566455841
XGB,1,0,0,0.033330563455820084
XGB,1,0,0,0.02654876373708248
XGB,1,0,0,0.23152944445610046
XGB,1,0,1,0.6183791160583496
XGB,1,0,0,0.264216810464859
XGB,1,0,0,0.038260795176029205
XGB,1,0,0,0.0068761990405619144
XGB,1,1,0,0.28733763098716736
XGB,1,0,0,0.0026868146378546953
XGB,1,1,0,0.012905132956802845
XGB,1,1,1,0.9070498943328857
XGB,1,0,0,0.31385496258735657
XGB,1,1,0,0.3793736398220062
XGB,1,0,0,0.2972729206085205
XGB,1,1,0,0.17782333493232727
XGB,1,0,0,0.02825619839131832
XGB,1,1,1,0.949823260307312
XGB,1,0,1,0.9755873084068298
XGB,1,0,0,0.0007179804961197078
XGB,1,1,1,0.9019503593444824
XGB,1,1,0,0.027389932423830032
XGB,1,0,0,0.006314307916909456
XGB,1,0,0,0.06476074457168579
XGB,1,0,0,0.005087953060865402
XGB,1,0,0,0.07421544194221497
XGB,1,0,0,0.003355951514095068
XGB,1,0,1,0.7910674810409546
XGB,1,1,1,0.9395191669464111
XGB,1,0,0,0.04741977900266647
XGB,1,0,0,0.03810359537601471
XGB,1,0,1,0.5883116126060486
XGB,1,0,0,0.4003286063671112
XGB,1,0,0,0.004318784922361374
XGB,1,0,0,0.22945885360240936
XGB,1,0,0,0.04499903321266174
XGB,1,0,1,0.6908314228057861
XGB,1,0,0,0.011431479826569557
XGB,1,0,0,0.04555144160985947
XGB,1,0,0,0.11692076176404953
XGB,1,0,0,0.14116443693637848
XGB,1,0,0,0.2320459634065628
XGB,1,1,0,0.04534507915377617
XGB,1,0,0,0.1653847098350525
XGB,1,0,0,0.10017053782939911
XGB,1,0,0,0.0034461040049791336
XGB,1,1,1,0.977493166923523
XGB,1,0,0,0.03480321541428566
XGB,1,1,1,0.584932267665863
XGB,1,0,0,0.13404755294322968
XGB,1,0,0,0.13614237308502197
XGB,1,0,0,0.007695009931921959
XGB,1,1,0,0.2682885229587555
XGB,1,1,0,0.017627684399485588
XGB,1,0,0,0.042545292526483536
XGB,1,1,0,0.05017946660518646
XGB,1,0,0,0.008184235543012619
XGB,1,0,0,0.08895585685968399
XGB,1,1,1,0.8530980944633484
XGB,1,0,0,0.170670747756958
XGB,1,0,0,0.15237553417682648
XGB,1,0,0,0.052855778485536575
XGB,1,0,0,0.2446601241827011
XGB,1,0,0,0.017367256805300713
XGB,1,0,0,0.2205277383327484
XGB,1,0,0,0.18171975016593933
XGB,1,0,0,0.14822912216186523
XGB,1,0,1,0.6622359752655029
XGB,1,0,0,0.17022043466567993
XGB,1,0,0,0.21039152145385742
XGB,1,0,0,0.013453647494316101
XGB,1,0,0,0.1108822450041771
XGB,1,0,0,0.3244403004646301
XGB,1,1,0,0.07326015084981918
XGB,1,1,0,0.002078448189422488
XGB,1,1,1,0.6336185932159424
XGB,1,1,0,0.163262277841568
XGB,1,0,0,0.14097270369529724
XGB,1,0,0,0.002768926555290818
XGB,1,0,0,0.012525596655905247
XGB,1,0,0,0.0009345836006104946
XGB,1,0,0,0.007192579563707113
XGB,1,1,0,0.17360448837280273
XGB,1,0,0,0.013255856931209564
XGB,1,0,0,0.22087974846363068
XGB,1,1,0,0.004865193273872137
XGB,1,0,0,0.06069714203476906
XGB,1,0,0,0.3258571922779083
XGB,1,0,1,0.5593417882919312
XGB,1,0,0,0.08442161232233047
XGB,1,1,1,0.8294720649719238
XGB,1,0,0,0.13875357806682587
XGB,1,0,0,0.0034667346626520157
XGB,1,0,1,0.6848946809768677
XGB,1,0,0,0.006200396455824375
XGB,1,0,0,0.21968814730644226
XGB,1,0,0,0.13622869551181793
XGB,1,0,0,0.10226815193891525
XGB,1,0,0,0.11173021793365479
XGB,1,0,0,0.009301484562456608
XGB,1,0,0,0.28340020775794983
XGB,1,0,0,0.019843678921461105
XGB,1,1,1,0.840470552444458
XGB,1,1,0,0.4629325270652771
XGB,1,1,0,0.07887660712003708
XGB,1,1,0,0.05042551830410957
XGB,1,1,0,0.0734894797205925
XGB,1,0,0,0.012395699508488178
XGB,1,0,1,0.5940098166465759
XGB,1,0,0,0.09697853028774261
XGB,1,0,1,0.7875173687934875
XGB,1,1,0,0.003592242021113634
XGB,1,0,0,0.17921724915504456
XGB,1,0,0,0.03507480397820473
XGB,1,0,0,0.008497672155499458
XGB,1,0,0,0.06734850257635117
XGB,1,0,0,0.029291629791259766
XGB,1,0,0,0.018793977797031403
XGB,1,0,0,0.009320794604718685
XGB,1,0,0,0.3572099804878235
XGB,1,1,1,0.8803988099098206
XGB,1,0,0,0.020275339484214783
XGB,1,0,0,0.008342817425727844
XGB,1,0,0,0.038636792451143265
XGB,1,0,0,0.004717512056231499
XGB,1,0,0,0.04196305200457573
XGB,1,0,0,0.4528343975543976
XGB,1,0,1,0.8947858214378357
XGB,1,0,0,0.08885574340820312
XGB,1,0,1,0.5646170973777771
XGB,1,0,0,0.1315246820449829
XGB,1,1,0,0.2820718288421631
XGB,1,0,0,0.27479204535484314
XGB,1,0,0,0.028111224994063377
XGB,1,0,0,0.16915763914585114
XGB,1,1,1,0.7733025550842285
XGB,1,0,0,0.051926709711551666
XGB,1,1,0,0.013331588357686996
XGB,1,0,0,0.01566566340625286
XGB,1,0,1,0.7529968619346619
XGB,1,0,0,0.11628574132919312
XGB,1,0,0,0.0017478582449257374
XGB,1,0,0,0.16164807975292206
XGB,1,0,0,0.3407214879989624
XGB,1,1,0,0.030691735446453094
XGB,1,0,0,0.006498217582702637
XGB,1,1,0,0.3977753520011902
XGB,1,0,0,0.27135786414146423
XGB,1,0,0,0.26379090547561646
XGB,1,0,1,0.578014612197876
XGB,1,0,0,0.09054409712553024
XGB,1,0,0,0.03158191591501236
XGB,1,0,0,0.01011111680418253
XGB,1,0,0,0.056302398443222046
XGB,1,0,0,0.0027425207663327456
XGB,1,0,0,0.01561476569622755
XGB,1,1,0,0.027028556913137436
XGB,1,0,0,0.005050249397754669
XGB,1,0,0,0.02366838976740837
XGB,1,0,0,0.18367411196231842
XGB,1,0,0,0.009006262756884098
XGB,1,1,0,0.01760462112724781
XGB,1,0,0,0.18804296851158142
XGB,1,0,0,0.209462508559227
XGB,1,0,0,0.4687051773071289
XGB,1,0,0,0.020088152959942818
XGB,1,0,0,0.11844388395547867
XGB,1,1,0,0.21442776918411255
XGB,1,0,0,0.23450815677642822
XGB,1,0,0,0.1982247233390808
XGB,1,1,0,0.01701766438782215
XGB,1,1,1,0.5045786499977112
XGB,1,1,1,0.6977836489677429
XGB,1,0,0,0.001157086226157844
XGB,1,1,0,0.44821828603744507
XGB,1,1,0,0.19936136901378632
XGB,1,0,0,0.02756468951702118
XGB,1,0,0,0.013897058553993702
XGB,1,0,0,0.14418922364711761
XGB,1,0,0,0.07512597739696503
XGB,1,0,0,0.037988387048244476
XGB,1,0,0,0.012399803847074509
XGB,1,0,0,0.09110566973686218
XGB,1,0,0,0.3294312655925751
XGB,1,1,0,0.07407955080270767
XGB,1,0,0,0.38434576988220215
XGB,1,0,0,0.008040649816393852
XGB,1,0,0,0.005667875986546278
XGB,1,0,0,0.01897864043712616
XGB,1,1,0,0.3053361773490906
XGB,1,1,0,0.019792456179857254
XGB,1,0,0,0.092230886220932
XGB,1,0,0,0.02817961573600769
XGB,1,0,0,0.016219008713960648
XGB,1,0,0,0.04356510937213898
XGB,1,0,0,0.10128286480903625
XGB,1,0,0,0.02657228149473667
XGB,1,0,0,0.000158923416165635
XGB,1,1,0,0.27814966440200806
XGB,1,0,0,0.21164099872112274
XGB,1,1,0,0.013137593865394592
XGB,1,0,0,0.13239514827728271
XGB,1,0,0,0.030892373993992805
XGB,1,0,0,0.01962124928832054
XGB,1,0,0,0.42566701769828796
XGB,1,0,0,0.01981535740196705
XGB,1,0,0,0.27528396248817444
XGB,1,0,0,0.03288568556308746
XGB,1,0,0,0.03479558974504471
XGB,1,0,0,0.0030475715175271034
XGB,1,0,0,0.3882391154766083
XGB,1,0,0,0.026662517338991165
XGB,1,1,0,0.10887687653303146
XGB,1,1,0,0.12907980382442474
XGB,1,0,0,0.05351794511079788
XGB,1,0,0,0.25950342416763306
XGB,1,1,1,0.8832955360412598
XGB,1,1,0,0.4659149646759033
XGB,1,0,0,0.19800403714179993
XGB,1,1,0,0.07883577048778534
XGB,1,1,0,0.0021671876311302185
XGB,1,1,1,0.5675089955329895
XGB,1,0,0,0.04207747429609299
XGB,1,0,0,0.06421442329883575
XGB,1,1,0,0.04472365230321884
XGB,1,0,0,0.04728737846016884
XGB,1,0,0,0.43939483165740967
XGB,1,0,0,0.022864853963255882
XGB,1,0,0,0.07579759508371353
XGB,1,1,1,0.6145992875099182
XGB,1,1,0,0.41844186186790466
XGB,1,0,0,0.007854127325117588
XGB,1,1,0,0.008708815090358257
XGB,1,0,0,0.01716548390686512
XGB,1,0,0,0.016014300286769867
XGB,1,0,0,0.012415304780006409
XGB,1,0,0,0.05264460667967796
XGB,1,0,0,0.05155281350016594
XGB,1,1,0,0.42638516426086426
XGB,1,1,1,0.751797080039978
XGB,1,1,0,0.01553725078701973
XGB,1,0,0,0.030529160052537918
XGB,1,1,0,0.40145769715309143
XGB,1,0,0,0.09728209674358368
XGB,1,0,0,0.012260692194104195
XGB,1,0,0,0.07555021345615387
XGB,1,0,0,0.021784305572509766
XGB,1,0,0,0.011522261425852776
XGB,1,0,0,0.06602530926465988
XGB,1,1,0,0.3241387605667114
XGB,1,1,0,0.0301174558699131
XGB,1,1,0,0.2053065448999405
XGB,1,0,0,0.0055410838685929775
XGB,1,1,0,0.2768188714981079
XGB,1,0,0,0.04066222161054611
XGB,1,0,0,0.21037159860134125
XGB,1,0,0,0.03397781029343605
XGB,1,1,0,0.17547954618930817
XGB,1,0,0,0.11479770392179489
XGB,1,0,0,0.013766525313258171
XGB,1,0,0,0.09686106443405151
XGB,1,0,0,0.03805334493517876
XGB,1,0,1,0.507643461227417
XGB,1,1,0,0.008758083917200565
XGB,1,0,0,0.20666299760341644
XGB,1,0,0,0.05574696511030197
XGB,1,0,0,0.05059671774506569
XGB,1,0,0,0.04731733351945877
XGB,1,0,0,0.04061606153845787
XGB,1,0,0,0.12404222041368484
XGB,1,0,0,0.0072213574312627316
XGB,1,1,0,0.006326739676296711
XGB,1,0,0,0.22978150844573975
XGB,1,0,0,0.03894820064306259
XGB,1,0,0,0.00862629059702158
XGB,1,1,0,0.3818254768848419
XGB,1,0,0,0.454781174659729
XGB,1,0,0,0.20019783079624176
XGB,1,1,0,0.04274219274520874
XGB,1,1,0,0.024872751906514168
XGB,1,1,0,0.15474247932434082
XGB,1,0,0,0.007833951152861118
XGB,1,0,1,0.9121958613395691
XGB,1,0,0,0.3399445116519928
XGB,1,1,0,0.06324898451566696
XGB,1,0,0,0.010934161022305489
XGB,1,0,0,0.10406535863876343
XGB,1,1,0,0.39434731006622314
XGB,1,0,0,0.42672035098075867
XGB,1,0,0,0.062411803752183914
XGB,1,1,0,0.11325329542160034
XGB,1,1,0,0.010655310936272144
XGB,1,1,1,0.939537525177002
XGB,1,0,0,0.2276461124420166
XGB,1,0,0,0.22182270884513855
XGB,1,0,0,0.1926247626543045
XGB,1,0,0,0.1412743479013443
XGB,1,0,1,0.7663363814353943
XGB,1,0,0,0.013659083284437656
XGB,1,0,0,0.08486805856227875
XGB,1,0,0,0.07461365312337875
XGB,1,0,0,0.23995621502399445
XGB,1,0,0,0.009295664727687836
XGB,1,0,0,0.03804557025432587
XGB,1,0,0,0.17845572531223297
XGB,1,0,0,0.0834895446896553
XGB,1,1,0,0.18214011192321777
XGB,1,0,1,0.7922672629356384
XGB,1,1,0,0.013167568482458591
XGB,1,0,0,0.0033776878844946623
XGB,1,0,0,0.4235691428184509
XGB,1,0,0,0.03555017709732056
XGB,1,0,0,0.013436627574265003
XGB,1,0,0,0.0022343953605741262
XGB,1,0,0,0.009334854781627655
XGB,1,0,0,0.2666093409061432
XGB,1,0,1,0.9139450192451477
XGB,1,0,0,0.3259255588054657
XGB,1,1,1,0.931011974811554
XGB,1,0,0,0.033799462020397186
XGB,1,0,0,0.18288934230804443
XGB,1,0,0,0.16004744172096252
XGB,1,0,0,0.1100170835852623
XGB,1,0,1,0.701225996017456
XGB,1,0,0,0.010227090679109097
XGB,1,1,0,0.08879487961530685
XGB,1,0,0,0.0010341337183490396
XGB,1,0,0,0.023930851370096207
XGB,1,1,1,0.7787244319915771
XGB,1,0,0,0.12728379666805267
XGB,1,0,0,0.02735321782529354
XGB,1,1,0,0.010560723021626472
XGB,1,0,0,0.21736763417720795
XGB,1,0,0,0.050173692405223846
XGB,1,0,0,0.21358519792556763
XGB,1,0,0,0.035400569438934326
XGB,1,0,0,0.01368536427617073
XGB,1,0,0,0.06592638790607452
XGB,1,0,0,0.09719788283109665
XGB,1,1,0,0.2223011553287506
XGB,1,0,0,0.01025659590959549
XGB,1,0,0,0.08362632244825363
XGB,1,0,0,0.06363150477409363
XGB,1,0,0,0.008852433413267136
XGB,1,0,0,0.11459340900182724
XGB,1,0,0,0.10227403789758682
XGB,1,0,0,0.021738529205322266
XGB,1,0,0,0.036332882940769196
XGB,1,0,0,0.010185889899730682
XGB,1,1,0,0.06189443916082382
XGB,1,0,1,0.9230309724807739
XGB,1,0,0,0.040910493582487106
XGB,1,0,0,0.14087721705436707
XGB,1,1,0,0.2217123657464981
XGB,1,0,0,0.23938533663749695
XGB,1,1,0,0.027557499706745148
XGB,1,0,0,0.15240547060966492
XGB,1,0,0,0.03358420357108116
XGB,1,0,0,0.055774178355932236
XGB,1,1,0,0.052254244685173035
XGB,1,0,0,0.006833624094724655
XGB,1,0,0,0.0446893572807312
XGB,1,0,0,0.014492903836071491
XGB,1,0,0,0.19917531311511993
XGB,1,0,0,0.03883729502558708
XGB,1,0,0,0.06545069813728333
XGB,1,0,0,0.03567750006914139
XGB,1,0,0,0.011344313621520996
XGB,1,1,0,0.06904347985982895
XGB,1,0,0,0.1564309298992157
XGB,1,1,1,0.8453083038330078
XGB,1,0,0,0.318991482257843
XGB,1,1,0,0.32216712832450867
XGB,1,0,1,0.694404661655426
XGB,1,0,0,0.012928240932524204
XGB,1,0,0,0.018923219293355942
XGB,1,0,0,0.035455189645290375
XGB,1,0,0,0.3654402196407318
XGB,1,0,0,0.01819123886525631
XGB,1,0,0,0.2652308940887451
XGB,1,0,0,0.03701149672269821
XGB,1,0,0,0.22063295543193817
XGB,1,1,1,0.6157446503639221
XGB,1,0,0,0.024467047303915024
XGB,1,0,0,0.019513171166181564
XGB,1,0,0,0.05977313593029976
XGB,1,1,0,0.038380712270736694
XGB,1,0,0,0.42906808853149414
XGB,1,1,1,0.7781083583831787
XGB,1,0,0,0.04626097530126572
XGB,1,0,0,0.04964933171868324
XGB,1,1,1,0.6421602964401245
XGB,1,0,0,0.3429343104362488
XGB,1,0,0,0.07102320343255997
XGB,1,1,1,0.8363233208656311
XGB,1,1,1,0.9631379842758179
XGB,1,0,0,0.1449662297964096
XGB,1,0,0,0.07828189432621002
XGB,1,1,0,0.05647224560379982
XGB,1,1,0,0.19848495721817017
XGB,1,0,0,0.007689415942877531
XGB,1,0,0,0.1625140756368637
XGB,1,0,0,0.02675432339310646
XGB,1,0,0,0.009080732241272926
XGB,1,0,0,0.12424690276384354
XGB,1,0,0,0.01985962502658367
XGB,1,1,0,0.13325485587120056
XGB,1,0,0,0.017153339460492134
XGB,1,0,0,0.30266547203063965
XGB,1,0,0,0.09936990588903427
XGB,1,0,0,0.03299976885318756
XGB,1,0,0,0.009421360678970814
XGB,1,0,0,0.2567594349384308
XGB,1,1,0,0.05580438673496246
XGB,1,0,1,0.6941202878952026
XGB,1,0,0,0.034346114844083786
XGB,2,0,0,0.002411523601040244
XGB,2,0,0,0.05016808956861496
XGB,2,0,0,0.13316906988620758
XGB,2,0,0,0.025140009820461273
XGB,2,0,1,0.6414058208465576
XGB,2,1,1,0.544317901134491
XGB,2,1,0,0.005763295106589794
XGB,2,1,1,0.9900836944580078
XGB,2,0,0,0.045913174748420715
XGB,2,0,0,0.07385186851024628
XGB,2,0,0,0.00657273456454277
XGB,2,0,0,0.0009181700297631323
XGB,2,0,1,0.885642945766449
XGB,2,0,0,0.021497942507267
XGB,2,0,0,0.006516381166875362
XGB,2,0,0,0.11853258311748505
XGB,2,0,0,0.04101422429084778
XGB,2,0,0,0.08897599577903748
XGB,2,0,0,0.06366817653179169
XGB,2,0,0,0.053733646869659424
XGB,2,0,0,0.00215131975710392
XGB,2,0,0,0.14685332775115967
XGB,2,1,0,0.4917137026786804
XGB,2,1,0,0.13719794154167175
XGB,2,0,0,0.04906585067510605
XGB,2,0,0,0.0065850503742694855
XGB,2,0,0,0.02999740280210972
XGB,2,1,0,0.2855938971042633
XGB,2,0,0,0.37376028299331665
XGB,2,0,0,0.00511335302144289
XGB,2,0,0,0.001342171337455511
XGB,2,0,0,0.10506711155176163
XGB,2,0,0,0.1171310767531395
XGB,2,0,0,0.02310682274401188
XGB,2,1,1,0.7273135781288147
XGB,2,0,0,0.3853593170642853
XGB,2,0,1,0.7600313425064087
XGB,2,0,1,0.9186107516288757
XGB,2,0,0,0.022909114137291908
XGB,2,0,0,0.07719205319881439
XGB,2,1,1,0.5994815826416016
XGB,2,0,0,0.13779152929782867
XGB,2,1,0,0.09612282365560532
XGB,2,0,0,0.0341443195939064
XGB,2,0,0,0.15663839876651764
XGB,2,1,0,0.03411485627293587
XGB,2,0,0,0.0019041163614019752
XGB,2,0,0,0.30530962347984314
XGB,2,0,0,0.022013669833540916
XGB,2,0,0,0.17483878135681152
XGB,2,0,1,0.901334822177887
XGB,2,0,0,0.1543550342321396
XGB,2,0,0,0.031231660395860672
XGB,2,1,0,0.14870460331439972
XGB,2,0,0,0.0022770001087337732
XGB,2,0,0,0.015948282554745674
XGB,2,0,0,0.07666072994470596
XGB,2,0,0,0.2900923192501068
XGB,2,0,0,0.2875366806983948
XGB,2,1,0,0.13765043020248413
XGB,2,0,0,0.03175748512148857
XGB,2,0,1,0.5101999640464783
XGB,2,0,0,0.09251413494348526
XGB,2,0,1,0.5814930200576782
XGB,2,0,0,0.031909652054309845
XGB,2,0,0,0.16785967350006104
XGB,2,0,0,0.4451393187046051
XGB,2,0,0,0.43059468269348145
XGB,2,0,0,0.025653813034296036
XGB,2,0,0,0.1575658917427063
XGB,2,0,0,0.2924964129924774
XGB,2,0,0,0.07162967324256897
XGB,2,1,1,0.8866458535194397
XGB,2,0,0,0.4063917398452759
XGB,2,0,0,0.027781786397099495
XGB,2,0,0,0.09543480724096298
XGB,2,0,0,0.10643956065177917
XGB,2,1,0,0.22580558061599731
XGB,2,0,0,0.05754624307155609
XGB,2,0,0,0.0034924419596791267
XGB,2,0,0,0.06784090399742126
XGB,2,0,0,0.0013509419513866305
XGB,2,0,0,0.044681746512651443
XGB,2,0,0,0.009409192949533463
XGB,2,0,0,0.009612643159925938
XGB,2,1,1,0.5191076397895813
XGB,2,0,0,0.001210816204547882
XGB,2,0,0,0.08595805615186691
XGB,2,1,0,0.08197237551212311
XGB,2,1,0,0.047982145100831985
XGB,2,0,0,0.010526265017688274
XGB,2,0,0,0.003036312060430646
XGB,2,0,1,0.8657891154289246
XGB,2,0,0,0.041603412479162216
XGB,2,0,0,0.0031493008136749268
XGB,2,0,0,0.11642257869243622
XGB,2,1,1,0.7059159874916077
XGB,2,0,0,0.09568780660629272
XGB,2,0,0,0.012148989364504814
XGB,2,0,0,0.001634980901144445
XGB,2,0,0,0.14177155494689941
XGB,2,1,0,0.33590462803840637
XGB,2,0,0,0.22242873907089233
XGB,2,0,0,0.010776262730360031
XGB,2,0,0,0.023412704467773438
XGB,2,0,0,0.01631808467209339
XGB,2,1,0,0.22782555222511292
XGB,2,1,1,0.8278732895851135
XGB,2,0,0,0.18202440440654755
XGB,2,0,0,0.3224841356277466
XGB,2,1,0,0.013205399736762047
XGB,2,1,0,0.13245241343975067
XGB,2,1,0,0.000482728035422042
XGB,2,0,0,0.07557349652051926
XGB,2,0,0,0.0170967485755682
XGB,2,0,0,0.028277209028601646
XGB,2,0,0,0.022670181468129158
XGB,2,1,0,0.050888240337371826
XGB,2,1,0,0.09990695118904114
XGB,2,1,1,0.8227748274803162
XGB,2,0,0,0.01722262054681778
XGB,2,0,0,0.1611899733543396
XGB,2,0,0,0.34047427773475647
XGB,2,0,0,0.22646525502204895
XGB,2,0,0,0.45419666171073914
XGB,2,0,0,0.08174887299537659
XGB,2,1,1,0.9757658243179321
XGB,2,0,0,0.029794396832585335
XGB,2,1,0,0.23134107887744904
XGB,2,1,1,0.5398662686347961
XGB,2,0,0,0.025950925424695015
XGB,2,1,0,0.16227173805236816
XGB,2,0,0,0.013386065140366554
XGB,2,0,0,0.010061925277113914
XGB,2,1,1,0.6092838644981384
XGB,2,0,1,0.5778551697731018
XGB,2,1,0,0.08745469152927399
XGB,2,0,1,0.6913278102874756
XGB,2,1,0,0.13890409469604492
XGB,2,0,0,0.07232996076345444
XGB,2,0,0,0.1145656406879425
XGB,2,0,1,0.5537974834442139
XGB,2,1,0,0.3553944528102875
XGB,2,0,0,0.0026179025880992413
XGB,2,1,1,0.7750023007392883
XGB,2,0,0,0.10670100152492523
XGB,2,0,0,0.2807343006134033
XGB,2,0,0,0.1882886290550232
XGB,2,0,0,0.3193070888519287
XGB,2,0,0,0.009779617190361023
XGB,2,0,0,0.4476977586746216
XGB,2,0,0,0.06832361966371536
XGB,2,0,0,0.013581952080130577
XGB,2,0,0,0.019384542480111122
XGB,2,1,0,0.36934539675712585
XGB,2,1,0,0.1389005333185196
XGB,2,1,0,0.03499021381139755
XGB,2,0,0,0.0052910298109054565
XGB,2,0,0,0.44085627794265747
XGB,2,0,0,0.11865990608930588
XGB,2,0,0,0.014771876856684685
XGB,2,0,0,0.009972876869142056
XGB,2,0,0,0.15519927442073822
XGB,2,0,0,0.031843673437833786
XGB,2,0,0,0.004593652207404375
XGB,2,0,0,0.04944727197289467
XGB,2,0,1,0.7238940000534058
XGB,2,0,0,0.19607597589492798
XGB,2,0,0,0.4512786567211151
XGB,2,0,0,0.3515317440032959
XGB,2,1,0,0.01747533492743969
XGB,2,0,0,0.02759331464767456
XGB,2,1,0,0.33376190066337585
XGB,2,0,0,0.22363080084323883
XGB,2,0,0,0.061304617673158646
XGB,2,0,0,0.008786186575889587
XGB,2,0,0,0.017353655770421028
XGB,2,0,0,0.04340667650103569
XGB,2,1,0,0.04864712432026863
XGB,2,1,0,0.0539243146777153
XGB,2,0,0,0.06114449352025986
XGB,2,1,0,0.06367941945791245
XGB,2,0,0,0.017663003876805305
XGB,2,0,0,0.0020081878174096346
XGB,2,0,0,0.0008876429637894034
XGB,2,0,0,0.0025049461983144283
XGB,2,0,0,0.031423505395650864
XGB,2,0,0,0.13787320256233215
XGB,2,0,0,0.0021219076588749886
XGB,2,1,1,0.8912047147750854
XGB,2,0,0,0.09731088578701019
XGB,2,0,1,0.5587388873100281
XGB,2,0,0,0.001732668257318437
XGB,2,1,0,0.3370055854320526
XGB,2,1,1,0.8457766175270081
XGB,2,0,0,0.07073577493429184
XGB,2,0,0,0.3500145375728607
XGB,2,0,0,0.10044315457344055
XGB,2,0,0,0.04928768426179886
XGB,2,0,0,0.0470844991505146
XGB,2,0,0,0.0026905303820967674
XGB,2,0,0,0.045308493077754974
XGB,2,0,0,0.05618998780846596
XGB,2,1,1,0.9481244683265686
XGB,2,0,1,0.5860356688499451
XGB,2,0,0,0.0910152718424797
XGB,2,0,0,0.001892094500362873
XGB,2,0,0,0.0009702491806820035
XGB,2,1,0,0.12494045495986938
XGB,2,0,0,0.007162205409258604
XGB,2,1,0,0.38769420981407166
XGB,2,1,0,0.2221069037914276
XGB,2,0,0,0.02429080754518509
XGB,2,1,0,0.18648475408554077
XGB,2,0,0,0.06540975719690323
XGB,2,1,1,0.8702588081359863
XGB,2,0,0,0.02164306677877903
XGB,2,1,0,0.1231251209974289
XGB,2,0,0,0.08495339006185532
XGB,2,0,0,0.03330341726541519
XGB,2,0,0,0.17676398158073425
XGB,2,0,0,0.29848742485046387
XGB,2,0,0,0.03043551743030548
XGB,2,0,0,0.018164051696658134
XGB,2,0,0,0.3101128935813904
XGB,2,0,0,0.22277578711509705
XGB,2,0,0,0.0020962359849363565
XGB,2,1,0,0.2261965125799179
XGB,2,0,0,0.14906193315982819
XGB,2,0,0,0.014890491031110287
XGB,2,0,0,0.26094475388526917
XGB,2,0,0,0.0036807903088629246
XGB,2,0,0,0.07940324395895004
XGB,2,0,0,0.14289651811122894
XGB,2,0,0,0.061543360352516174
XGB,2,0,0,0.03470012545585632
XGB,2,0,1,0.5087107419967651
XGB,2,1,1,0.7242441773414612
XGB,2,0,0,0.03943142667412758
XGB,2,1,1,0.9062151312828064
XGB,2,0,0,0.1485700160264969
XGB,2,0,0,0.0441674068570137
XGB,2,1,0,0.04539753496646881
XGB,2,0,0,0.030808046460151672
XGB,2,0,0,0.039567843079566956
XGB,2,0,0,0.07607588171958923
XGB,2,0,1,0.6367591023445129
XGB,2,0,0,0.008792621083557606
XGB,2,0,0,0.017137285321950912
XGB,2,0,0,0.24702228605747223
XGB,2,0,0,0.0038649900816380978
XGB,2,0,0,0.0028450447134673595
XGB,2,0,0,0.007021376863121986
XGB,2,0,0,0.026369953528046608
XGB,2,0,0,0.3503110706806183
XGB,2,0,0,0.04270212724804878
XGB,2,1,0,0.11897799372673035
XGB,2,0,0,0.4673003554344177
XGB,2,0,0,0.17976711690425873
XGB,2,1,0,0.2457268089056015
XGB,2,0,0,0.015511959791183472
XGB,2,0,0,0.0033007808960974216
XGB,2,0,1,0.5114080905914307
XGB,2,0,1,0.8945992588996887
XGB,2,0,0,0.004642791114747524
XGB,2,0,0,0.009166530333459377
XGB,2,0,0,0.14669305086135864
XGB,2,0,0,0.05240991711616516
XGB,2,0,1,0.6140702962875366
XGB,2,0,0,0.005661027505993843
XGB,2,0,0,0.0671265572309494
XGB,2,1,0,0.054555829614400864
XGB,2,0,0,0.014325350522994995
XGB,2,1,0,0.0852472335100174
XGB,2,0,0,0.053519438952207565
XGB,2,0,1,0.7430182099342346
XGB,2,0,0,0.09836595505475998
XGB,2,1,0,0.2169148176908493
XGB,2,0,0,0.052578069269657135
XGB,2,0,0,0.04637155309319496
XGB,2,0,1,0.8086854815483093
XGB,2,0,0,0.2728962004184723
XGB,2,0,0,0.0065979426726698875
XGB,2,0,0,0.040353305637836456
XGB,2,0,0,0.2398930788040161
XGB,2,1,0,0.1395702064037323
XGB,2,0,0,8.99122460396029e-05
XGB,2,0,0,0.11372311413288116
XGB,2,0,0,0.010882723145186901
XGB,2,0,0,0.03411899507045746
XGB,2,0,0,0.002277449704706669
XGB,2,0,0,0.01691381074488163
XGB,2,0,0,0.126764178276062
XGB,2,1,0,0.01921321265399456
XGB,2,0,0,0.00804983638226986
XGB,2,0,0,0.39263486862182617
XGB,2,0,1,0.8886337876319885
XGB,2,0,0,0.025394979864358902
XGB,2,0,0,0.11350426077842712
XGB,2,1,0,0.25795698165893555
XGB,2,0,0,0.006774821784347296
XGB,2,0,0,0.04663970321416855
XGB,2,0,0,0.01390551682561636
XGB,2,0,0,0.28824764490127563
XGB,2,0,0,0.028400536626577377
XGB,2,0,0,0.033486030995845795
XGB,2,0,0,0.06250974535942078
XGB,2,0,0,0.10325239598751068
XGB,2,0,0,0.001962187234312296
XGB,2,0,0,0.003329942934215069
XGB,2,0,0,0.0324285514652729
XGB,2,0,0,0.020496651530265808
XGB,2,0,1,0.8076977133750916
XGB,2,1,0,0.07455294579267502
XGB,2,0,1,0.6416274905204773
XGB,2,0,0,0.028803421184420586
XGB,2,0,0,0.027781374752521515
XGB,2,0,0,0.005870150867849588
XGB,2,0,0,0.22280366718769073
XGB,2,0,0,0.01891525276005268
XGB,2,0,0,0.06404723972082138
XGB,2,1,0,0.11579752713441849
XGB,2,1,0,0.31431320309638977
XGB,2,0,0,0.004269610624760389
XGB,2,0,1,0.9784409999847412
XGB,2,1,0,0.04762726277112961
XGB,2,0,0,0.035416651517152786
XGB,2,1,1,0.8196672201156616
XGB,2,0,1,0.8611718416213989
XGB,2,0,0,0.05154762789607048
XGB,2,1,0,0.00879450049251318
XGB,2,0,0,0.09081382304430008
XGB,2,0,0,0.01883862540125847
XGB,2,1,0,0.035472322255373
XGB,2,0,0,0.060643360018730164
XGB,2,1,0,0.45306915044784546
XGB,2,0,0,0.0024605749640613794
XGB,2,1,0,0.0011958304094150662
XGB,2,0,0,0.014431159012019634
XGB,2,1,0,0.4179556965827942
XGB,2,1,0,0.22112838923931122
XGB,2,0,0,0.03194645792245865
XGB,2,1,0,0.18189609050750732
XGB,2,0,0,0.04174664244055748
XGB,2,1,0,0.18219412863254547
XGB,2,0,0,0.08510890603065491
XGB,2,0,0,0.010660694912075996
XGB,2,0,0,0.0012427641777321696
XGB,2,0,0,0.004206430166959763
XGB,2,0,0,0.008373877964913845
XGB,2,1,1,0.9019758105278015
XGB,2,1,1,0.658603847026825
XGB,2,0,0,0.21976499259471893
XGB,2,0,0,0.09251526743173599
XGB,2,0,0,0.06031828746199608
XGB,2,0,0,0.1077195480465889
XGB,2,0,0,0.016488593071699142
XGB,2,0,0,0.0424150675535202
XGB,2,1,0,0.08778755366802216
XGB,2,1,0,0.3355206549167633
XGB,2,1,1,0.5741379857063293
XGB,2,0,0,0.09443099796772003
XGB,2,0,0,0.40830400586128235
XGB,2,1,0,0.025098631158471107
XGB,2,0,0,0.0016002466436475515
XGB,2,0,0,0.059842031449079514
XGB,2,0,0,0.2523992955684662
XGB,2,0,0,0.0032248347997665405
XGB,2,0,1,0.8979517817497253
XGB,2,0,0,0.12803888320922852
XGB,2,1,1,0.7640597224235535
XGB,2,0,0,0.0020408895798027515
XGB,2,1,0,0.07059043645858765
XGB,2,0,0,0.003392690559849143
XGB,2,0,0,0.0020591835491359234
XGB,2,0,0,0.08012527227401733
XGB,2,0,0,0.01695478893816471
XGB,2,0,1,0.8596141934394836
XGB,2,0,0,0.018509915098547935
XGB,2,0,0,0.011881901882588863
XGB,2,0,0,0.01111207902431488
XGB,2,0,0,0.015324396081268787
XGB,2,0,0,0.0006770690670236945
XGB,2,0,1,0.8766336441040039
XGB,2,0,0,0.054374080151319504
XGB,2,1,0,0.007891674526035786
XGB,2,1,1,0.993151068687439
XGB,2,0,0,0.15766333043575287
XGB,2,0,1,0.557735025882721
XGB,2,1,0,0.16873766481876373
XGB,2,0,0,0.05220991000533104
XGB,2,1,0,0.14959950745105743
XGB,2,0,0,0.04326989874243736
XGB,2,1,1,0.8679719567298889
XGB,2,0,0,0.022147124633193016
XGB,2,0,1,0.6624680757522583
XGB,2,0,0,0.06148481369018555
XGB,2,1,0,0.14300546050071716
XGB,2,0,0,0.29874294996261597
XGB,2,0,0,0.3596000075340271
XGB,2,0,0,0.012430673465132713
XGB,2,0,1,0.7167366743087769
XGB,2,0,0,0.03649304434657097
XGB,2,0,0,0.017338993027806282
XGB,2,0,0,0.14335200190544128
XGB,2,0,0,0.0023265036288648844
XGB,2,0,1,0.5996236801147461
XGB,2,1,0,0.42314159870147705
XGB,2,0,0,0.021842844784259796
XGB,2,1,0,0.3891446590423584
XGB,2,1,0,0.4449686110019684
XGB,2,1,1,0.5132221579551697
XGB,2,0,0,0.011088698171079159
XGB,2,1,0,0.038960523903369904
XGB,2,0,0,0.043824322521686554
XGB,2,0,0,0.07676071673631668
XGB,2,1,0,0.26401543617248535
XGB,2,0,0,0.10182774811983109
XGB,2,0,0,0.21052035689353943
XGB,2,0,0,0.10378880053758621
XGB,2,0,0,0.2174488604068756
XGB,2,0,0,0.06403843313455582
XGB,2,0,1,0.7431420087814331
XGB,2,0,0,0.038731276988983154
XGB,2,0,0,0.4472525417804718
XGB,2,1,0,0.1267429143190384
XGB,2,0,1,0.6878666877746582
XGB,2,1,0,0.4667853116989136
XGB,2,0,0,0.06671572476625443
XGB,2,0,0,0.050330985337495804
XGB,2,0,0,0.022322839125990868
XGB,2,0,0,0.1384507268667221
XGB,2,0,0,0.22720938920974731
XGB,2,1,0,0.014881051145493984
XGB,2,0,0,0.09598071128129959
XGB,2,1,0,0.11453768610954285
XGB,2,0,0,0.01526838168501854
XGB,2,0,0,0.004245453979820013
XGB,2,0,1,0.5611862540245056
XGB,2,0,0,0.10050211101770401
XGB,2,0,0,0.3275124430656433
XGB,2,0,1,0.5304138660430908
XGB,2,0,0,0.018265513703227043
XGB,2,0,0,0.020428955554962158
XGB,2,0,0,0.033802758902311325
XGB,2,0,0,0.011187279596924782
XGB,2,0,0,0.039026521146297455
XGB,2,0,0,0.004189890809357166
XGB,2,0,0,0.015138091519474983
XGB,2,0,0,0.13963674008846283
XGB,2,0,0,0.013708644546568394
XGB,2,0,0,0.12158389389514923
XGB,2,0,0,0.052548617124557495
XGB,2,0,0,0.030540458858013153
XGB,2,0,0,0.06720332056283951
XGB,2,0,0,0.0014311566483229399
XGB,2,0,0,0.1903454065322876
XGB,2,1,1,0.8323851227760315
XGB,2,0,1,0.5922389626502991
XGB,2,0,0,0.03693204000592232
XGB,2,0,1,0.8677321672439575
XGB,2,0,0,0.05070815607905388
XGB,2,0,0,0.015455510467290878
XGB,2,0,0,0.35687798261642456
XGB,2,0,0,0.005672043189406395
XGB,2,1,0,0.06041437014937401
XGB,2,0,0,0.1231251209974289
XGB,2,0,0,0.010090158320963383
XGB,2,0,0,0.020665396004915237
XGB,2,0,0,0.0465097576379776
XGB,2,1,0,0.023141637444496155
XGB,2,1,0,0.18112660944461823
XGB,2,0,0,0.03330949693918228
XGB,2,1,1,0.6932262778282166
XGB,2,0,0,0.0629182830452919
XGB,2,0,0,0.1435801386833191
XGB,2,1,0,0.06576015055179596
XGB,2,0,0,0.02743622474372387
XGB,2,0,0,0.22190424799919128
XGB,2,1,0,0.04842828959226608
XGB,2,0,0,0.013479216024279594
XGB,2,1,0,0.35176265239715576
XGB,2,0,1,0.8596993088722229
XGB,2,0,0,0.25994768738746643
XGB,2,0,0,0.22292563319206238
XGB,2,0,0,0.0407445915043354
XGB,2,0,0,0.04957698658108711
XGB,2,0,0,0.1922733336687088
XGB,2,1,0,0.21521812677383423
XGB,2,0,0,0.25187987089157104
XGB,2,1,0,0.31523561477661133
XGB,2,1,0,0.04986174777150154
XGB,2,0,0,0.03275866061449051
XGB,2,0,0,0.021700354292988777
XGB,2,0,0,0.09766212850809097
XGB,2,0,0,0.02760263904929161
XGB,2,0,0,0.11755051463842392
XGB,2,0,0,0.3420325517654419
XGB,2,0,1,0.7170209884643555
XGB,2,0,0,0.02236119471490383
XGB,2,0,0,0.07124647498130798
XGB,2,0,0,0.017237307503819466
XGB,2,0,1,0.504947304725647
XGB,2,0,0,0.1016196757555008
XGB,2,0,0,0.13239344954490662
XGB,2,0,0,0.08157332241535187
XGB,2,0,1,0.5077659487724304
XGB,2,0,1,0.730691134929657
XGB,2,0,0,0.015110965818166733
XGB,2,0,0,0.03201808035373688
XGB,2,0,0,0.1238543689250946
XGB,2,0,0,0.021294768899679184
XGB,2,1,0,0.16558270156383514
XGB,2,0,0,0.1587129831314087
XGB,2,1,0,0.18836963176727295
XGB,2,0,0,0.016126863658428192
XGB,2,0,1,0.5165486335754395
XGB,2,0,0,0.0008798015187494457
XGB,2,0,1,0.7439292073249817
XGB,2,0,0,0.0979260802268982
XGB,2,0,0,0.01671963930130005
XGB,2,0,0,0.12910297513008118
XGB,2,0,0,0.03145204856991768
XGB,2,1,0,0.07905072718858719
XGB,2,1,0,0.21786217391490936
XGB,2,1,0,0.15876810252666473
XGB,2,1,0,0.00542157469317317
XGB,2,0,0,0.020783236250281334
XGB,2,1,0,0.496826171875
XGB,2,0,0,0.2485644817352295
XGB,2,0,0,0.10629644989967346
XGB,2,0,1,0.78910231590271
XGB,2,1,1,0.9019284248352051
XGB,2,0,0,0.07524668425321579
XGB,2,1,0,0.3960760831832886
XGB,2,0,0,0.03202654793858528
XGB,2,0,0,0.025127248838543892
XGB,2,0,0,0.22367225587368011
XGB,2,0,0,0.02213101089000702
XGB,2,1,1,0.7983339428901672
XGB,2,0,0,0.026606915518641472
XGB,2,1,0,0.22578924894332886
XGB,2,0,0,0.2703615128993988
XGB,2,0,0,0.05001165717840195
XGB,2,0,0,0.019543400034308434
XGB,2,0,0,0.038166195154190063
XGB,2,0,0,0.28520041704177856
XGB,2,0,1,0.7853760123252869
XGB,2,0,0,0.019276631996035576
XGB,2,0,0,0.3481541574001312
XGB,2,1,1,0.9142900705337524
XGB,2,1,0,0.06911579519510269
XGB,2,0,0,0.0839032307267189
XGB,2,0,0,0.025284674018621445
XGB,2,1,0,0.12544704973697662
XGB,2,0,0,0.21007247269153595
XGB,2,1,1,0.6552952527999878
XGB,2,0,0,0.3557416796684265
XGB,2,0,0,0.21630513668060303
XGB,2,0,0,0.020888447761535645
XGB,2,0,0,0.4733806848526001
XGB,2,1,1,0.7975801229476929
XGB,2,0,0,0.032767403870821
XGB,2,0,0,0.03134453296661377
XGB,2,0,0,0.019841736182570457
XGB,2,0,0,0.007861755788326263
XGB,2,0,0,0.06845296174287796
XGB,2,0,0,0.17280098795890808
XGB,2,0,0,0.009666942991316319
XGB,2,0,0,0.08850881457328796
XGB,2,0,0,0.14536477625370026
XGB,2,0,0,0.0797070562839508
XGB,2,0,0,0.14531584084033966
XGB,2,0,0,0.0011881273239850998
XGB,2,0,0,0.010588223114609718
XGB,2,0,0,0.22535546123981476
XGB,2,0,0,0.19025248289108276
XGB,2,1,0,0.20318220555782318
XGB,2,0,0,0.15310022234916687
XGB,2,0,0,0.02658975124359131
XGB,2,0,0,0.23987987637519836
XGB,2,0,0,0.21069838106632233
XGB,2,0,0,0.10316375643014908
XGB,2,0,0,0.05126246437430382
XGB,2,0,0,0.03341272473335266
XGB,2,0,0,0.010853690095245838
XGB,2,1,0,0.0934959352016449
XGB,2,0,0,0.22122937440872192
XGB,2,0,0,0.4516045153141022
XGB,2,0,0,0.0579795204102993
XGB,2,0,0,0.030015286058187485
XGB,2,0,0,0.02910076454281807
XGB,2,0,0,0.04923974350094795
XGB,2,0,0,0.11492069810628891
XGB,2,1,0,0.031036710366606712
XGB,2,0,0,0.0017698371084406972
XGB,2,0,0,0.03280387073755264
XGB,2,1,0,0.07989562302827835
XGB,2,0,0,0.11011693626642227
XGB,2,0,0,0.09806329756975174
XGB,2,0,0,0.011794999241828918
XGB,2,0,0,0.22226294875144958
XGB,2,1,1,0.6962680816650391
XGB,2,0,0,0.01721394620835781
XGB,2,0,0,0.12361294776201248
XGB,2,0,0,0.12347780913114548
XGB,2,0,0,0.06924281269311905
XGB,2,0,0,0.21484963595867157
XGB,2,1,0,0.02690161019563675
XGB,2,0,0,0.0004527524288278073
XGB,2,0,0,0.0025381313171237707
XGB,2,0,0,0.0646471157670021
XGB,2,0,0,0.007956313900649548
XGB,2,1,0,0.2391427904367447
XGB,2,0,0,0.04294895753264427
XGB,2,0,0,0.25027018785476685
XGB,2,0,0,0.047899551689624786
XGB,2,0,0,0.009433647617697716
XGB,2,1,0,0.02252604067325592
XGB,2,0,1,0.7150253653526306
XGB,2,0,0,0.009837391786277294
XGB,2,0,0,0.034302856773138046
XGB,2,0,0,0.11126109957695007
XGB,2,0,0,0.3053640127182007
XGB,2,0,0,0.11938337981700897
XGB,2,0,0,0.01931489072740078
XGB,2,0,0,0.11468826234340668
XGB,2,0,0,0.003195621306076646
XGB,2,0,1,0.5129309892654419
XGB,2,1,0,0.05325077474117279
XGB,2,0,0,0.05708719417452812
XGB,2,0,0,0.058270473033189774
XGB,2,0,0,0.00796502735465765
XGB,2,0,0,0.03712191805243492
XGB,2,1,0,0.080071359872818
XGB,2,0,0,0.2989128530025482
XGB,2,0,0,0.01572091318666935
XGB,2,0,0,0.04068586230278015
XGB,2,0,0,0.019703680649399757
XGB,2,0,0,0.07813069969415665
XGB,2,0,0,0.006298303138464689
XGB,2,0,0,0.008296254090964794
XGB,2,1,0,0.026486897841095924
XGB,2,0,0,0.43845871090888977
XGB,2,1,0,0.04457680508494377
XGB,2,0,0,0.16333803534507751
XGB,2,0,1,0.7000418305397034
XGB,2,1,0,0.009396716952323914
XGB,2,0,0,0.08401699364185333
XGB,2,0,0,0.035743337124586105
XGB,2,1,0,0.1116122156381607
XGB,2,0,0,0.34822922945022583
XGB,2,0,0,0.09144097566604614
XGB,2,0,0,0.007760227657854557
XGB,2,0,0,0.17952832579612732
XGB,2,1,0,0.011023505590856075
XGB,2,0,0,0.24713240563869476
XGB,2,1,1,0.8037648797035217
XGB,2,0,0,0.01888258010149002
XGB,2,0,0,0.11105430871248245
XGB,2,0,1,0.778055727481842
XGB,2,1,0,0.0538911409676075
XGB,2,1,0,0.06923267245292664
XGB,2,0,0,0.4751308858394623
XGB,2,0,1,0.5677130222320557
XGB,2,0,0,0.47175687551498413
XGB,2,0,0,0.012825077399611473
XGB,2,1,0,0.32930585741996765
XGB,2,0,0,0.005277274642139673
XGB,2,0,0,0.05320719629526138
XGB,2,1,0,0.043571677058935165
XGB,2,0,0,0.09917452186346054
XGB,2,0,0,0.24096810817718506
XGB,2,0,0,0.1534966379404068
XGB,2,1,0,0.004608793184161186
XGB,2,1,1,0.5720033645629883
XGB,2,0,0,0.0036571072414517403
XGB,2,0,1,0.956902265548706
XGB,2,0,0,0.06453751027584076
XGB,2,1,1,0.692983090877533
XGB,2,0,0,0.026729589328169823
XGB,2,0,0,0.2507648766040802
XGB,2,0,0,0.2981972098350525
XGB,2,0,0,0.12661685049533844
XGB,2,1,0,0.018689990043640137
XGB,2,1,0,0.43063846230506897
XGB,2,0,0,0.05310729518532753
XGB,2,0,0,0.018922965973615646
XGB,2,0,0,0.05210205167531967
XGB,2,0,0,0.06300833821296692
XGB,2,0,0,0.04336525499820709
XGB,2,1,0,0.42156893014907837
XGB,2,0,0,0.1733342856168747
XGB,2,1,0,0.2633206844329834
XGB,2,1,0,0.04081437364220619
XGB,2,1,0,0.07226187735795975
XGB,2,0,1,0.9219905138015747
XGB,2,0,0,0.03010481782257557
XGB,2,0,0,0.02791593410074711
XGB,2,0,0,0.03747779130935669
XGB,2,1,0,0.006541911046952009
XGB,2,1,0,0.05982280895113945
XGB,2,1,0,0.02114628441631794
XGB,2,0,0,0.06296755373477936
XGB,2,0,0,0.13286632299423218
XGB,2,0,0,0.2710774540901184
XGB,2,1,1,0.7431777119636536
XGB,2,0,0,0.09551561623811722
XGB,2,0,0,0.09109976887702942
XGB,2,0,0,0.023951048031449318
XGB,2,1,0,0.019643140956759453
XGB,2,0,0,0.10862117260694504
XGB,2,0,0,0.0022645031567662954
XGB,2,1,1,0.8209151029586792
XGB,2,0,0,0.2022199183702469
XGB,2,0,0,0.012852266430854797
XGB,2,0,0,0.0016608885489404202
XGB,2,0,0,0.24075569212436676
XGB,2,0,0,0.4067937731742859
XGB,2,0,0,0.017052797600626945
XGB,2,0,0,0.03042946569621563
XGB,2,0,0,0.3557980954647064
XGB,2,0,0,0.07519198209047318
XGB,2,0,0,0.0019607972353696823
XGB,2,0,0,0.07106836885213852
XGB,2,0,0,0.10232079774141312
XGB,2,0,0,0.011095847934484482
XGB,2,0,0,0.0011221995810046792
XGB,2,0,0,0.13071244955062866
XGB,2,0,0,0.23718351125717163
XGB,2,0,0,0.01901763118803501
XGB,2,0,1,0.5448629856109619
XGB,2,1,1,0.9231218099594116
XGB,2,0,0,0.12071045488119125
XGB,2,0,0,0.23938804864883423
XGB,2,0,0,0.01987714134156704
XGB,2,0,0,0.14775602519512177
XGB,2,0,0,0.02002357691526413
XGB,2,0,0,0.0009157690219581127
XGB,2,0,1,0.5496026873588562
XGB,2,0,0,0.012345533818006516
XGB,2,1,0,0.03988829627633095
XGB,2,0,0,0.09905976802110672
XGB,2,0,0,0.023631790652871132
XGB,2,0,0,0.14550867676734924
XGB,2,0,0,0.09054116159677505
XGB,2,0,1,0.6335276365280151
XGB,2,0,0,0.10916970670223236
XGB,2,0,0,0.27439236640930176
XGB,2,0,0,0.018200501799583435
XGB,2,1,0,0.026598088443279266
XGB,2,1,1,0.5417025685310364
XGB,2,0,0,0.2535657286643982
XGB,2,0,0,0.014906160533428192
XGB,2,0,0,0.09559854120016098
XGB,2,0,0,0.00556357903406024
XGB,2,0,0,0.002407519845291972
XGB,2,0,0,0.039887428283691406
XGB,2,0,0,0.1507858783006668
XGB,2,0,0,0.06335755437612534
XGB,2,0,0,0.019063111394643784
XGB,2,0,0,0.021305907517671585
XGB,2,0,0,0.03690541163086891
XGB,2,1,0,0.29939818382263184
XGB,2,1,0,0.10580697655677795
XGB,2,0,0,0.14118586480617523
XGB,2,0,0,0.1418318897485733
XGB,2,1,0,0.4004591405391693
XGB,2,1,0,0.011098510585725307
XGB,2,1,1,0.9162907600402832
XGB,2,1,0,0.0171542726457119
XGB,2,0,0,0.007382817566394806
XGB,2,1,0,0.05217777192592621
XGB,2,1,0,0.027796216309070587
XGB,2,0,0,0.11953597515821457
XGB,2,0,0,0.013320151716470718
XGB,2,0,0,0.017542365938425064
XGB,2,0,0,0.328701913356781
XGB,2,0,0,0.236652210354805
XGB,2,0,0,0.1833874136209488
XGB,2,1,0,0.127993643283844
XGB,2,0,0,0.0029809491243213415
XGB,2,0,0,0.008202331140637398
XGB,2,0,1,0.8220850825309753
XGB,2,1,0,0.03171660378575325
XGB,2,0,0,0.011091871187090874
XGB,2,0,0,0.053893402218818665
XGB,2,1,0,0.23347507417201996
XGB,2,0,0,0.337496280670166
XGB,2,1,0,0.03609331697225571
XGB,2,0,0,0.01774684526026249
XGB,2,1,1,0.8816784620285034
XGB,2,0,0,0.026608848944306374
XGB,2,0,0,0.01698683761060238
XGB,2,0,0,0.011887825094163418
XGB,2,0,0,0.0582110695540905
XGB,2,1,1,0.6965794563293457
XGB,2,0,0,0.14340715110301971
XGB,2,0,0,0.387246310710907
XGB,2,0,0,0.2353186458349228
XGB,2,0,0,0.02037041261792183
XGB,2,1,0,0.2370516061782837
XGB,2,0,0,0.004433262161910534
XGB,2,0,0,0.023312842473387718
XGB,2,0,1,0.9743455052375793
XGB,2,0,0,0.003084860509261489
XGB,2,0,0,0.0823184922337532
XGB,2,0,0,0.358681321144104
XGB,2,0,0,0.16698478162288666
XGB,2,1,0,0.05278020352125168
XGB,2,0,0,0.019377369433641434
XGB,2,0,0,0.048053693026304245
XGB,2,0,0,0.10414859652519226
XGB,2,0,0,0.09641118347644806
XGB,2,0,0,0.020134873688220978
XGB,2,0,0,0.09697873890399933
XGB,2,0,0,0.2293296754360199
XGB,2,0,0,0.4823872447013855
XGB,2,0,0,0.4998025596141815
XGB,2,1,0,0.15620802342891693
XGB,2,0,0,0.08123813569545746
XGB,2,0,1,0.9726274013519287
XGB,2,0,0,0.25577953457832336
XGB,2,1,0,0.13768711686134338
XGB,2,1,1,0.7670995593070984
XGB,2,0,0,0.09522916376590729
XGB,2,0,1,0.8204299211502075
XGB,2,0,0,0.3120715022087097
XGB,2,0,0,0.06499575078487396
XGB,2,0,0,0.04509105905890465
XGB,2,0,0,0.13748960196971893
XGB,2,1,1,0.8499543070793152
XGB,2,0,0,0.044657886028289795
XGB,2,1,0,0.0961163192987442
XGB,2,0,0,0.08771079778671265
XGB,2,0,0,0.001306814723648131
XGB,2,0,0,0.10643438994884491
XGB,2,1,1,0.9431545734405518
XGB,2,0,1,0.9906079769134521
XGB,2,0,0,0.08422558754682541
XGB,2,0,0,0.25777849555015564
XGB,2,0,0,0.29010817408561707
XGB,2,0,0,0.0064437538385391235
XGB,2,0,0,0.007215237244963646
XGB,2,0,0,0.08927683532238007
XGB,2,0,0,0.02240263856947422
XGB,2,0,0,0.3317810595035553
XGB,2,0,0,0.07183675467967987
XGB,2,1,0,0.008276093751192093
XGB,2,1,0,0.0036953238304704428
XGB,2,0,0,0.0028716321103274822
XGB,2,0,0,0.07789719849824905
XGB,2,1,0,0.25222668051719666
XGB,2,1,0,0.30469638109207153
XGB,2,0,0,0.02414119243621826
XGB,2,1,0,0.16679583489894867
XGB,2,0,0,0.03140931949019432
XGB,2,0,0,0.057828016579151154
XGB,2,0,0,0.02606569603085518
XGB,2,0,0,0.06392411887645721
XGB,2,1,0,0.013790207915008068
XGB,2,0,1,0.8351227045059204
XGB,2,0,0,0.05437016114592552
XGB,2,0,0,0.015652300789952278
XGB,2,0,0,0.07816392928361893
XGB,2,0,0,0.051129307597875595
XGB,2,1,0,0.40261977910995483
XGB,2,0,0,0.014387622475624084
XGB,2,0,0,0.12490354478359222
XGB,2,0,1,0.7549413442611694
XGB,2,0,0,0.07020656019449234
XGB,2,0,0,0.001511894864961505
XGB,2,0,0,0.44051310420036316
XGB,2,1,1,0.5330063700675964
XGB,2,0,0,0.12912645936012268
XGB,2,0,0,0.0504247285425663
XGB,2,0,0,0.09771034866571426
XGB,2,1,1,0.9950836896896362
XGB,2,1,0,0.11503656208515167
XGB,2,0,0,0.13261602818965912
XGB,2,0,0,0.00392810208722949
XGB,2,1,0,0.07525680214166641
XGB,2,0,0,0.10128658264875412
XGB,2,0,0,0.2484416663646698
XGB,2,0,0,0.10370323807001114
XGB,2,0,0,0.03502698615193367
XGB,2,0,1,0.7234392762184143
XGB,2,0,0,0.014947948977351189
XGB,2,0,0,0.19353868067264557
XGB,2,0,0,0.4372590184211731
XGB,2,0,0,0.3500117361545563
XGB,2,0,0,0.38164880871772766
XGB,2,0,0,0.05713604390621185
XGB,2,0,0,0.32385772466659546
XGB,2,1,0,0.11700519919395447
XGB,2,0,0,0.09143988788127899
XGB,2,0,0,0.15559089183807373
XGB,2,1,0,0.012196154333651066
XGB,2,0,0,0.017477840185165405
XGB,2,0,0,0.14295093715190887
XGB,2,0,0,0.07593224197626114
XGB,2,0,0,0.3381751477718353
XGB,2,1,0,0.15157200396060944
XGB,2,1,1,0.7705561518669128
XGB,2,0,0,0.026661619544029236
XGB,2,0,0,0.03416525572538376
XGB,2,0,0,0.0707794651389122
XGB,2,0,0,0.07808555662631989
XGB,2,1,0,0.03081013821065426
XGB,2,1,0,0.18319876492023468
XGB,2,0,0,0.22580558061599731
XGB,2,1,0,0.13320903480052948
XGB,2,0,0,0.01001314539462328
XGB,2,0,0,0.3778606951236725
XGB,2,0,0,0.02638660930097103
XGB,2,0,0,0.0030536679551005363
XGB,2,0,1,0.7618301510810852
XGB,2,0,0,0.04839540645480156
XGB,2,1,0,0.05979110673069954
XGB,2,0,0,0.24325071275234222
XGB,2,0,0,0.04130964353680611
XGB,2,0,0,0.07332354784011841
XGB,2,0,0,0.09409356862306595
XGB,2,0,1,0.9371858239173889
XGB,2,0,0,0.03695104643702507
XGB,2,0,0,0.017036404460668564
XGB,2,1,1,0.9375669360160828
XGB,2,0,0,0.028136279433965683
XGB,2,0,0,0.19165389239788055
XGB,2,0,0,0.21137316524982452
XGB,2,1,0,0.19917938113212585
XGB,2,0,0,0.007223436608910561
XGB,2,0,0,0.07784087210893631
XGB,2,0,0,0.004613238386809826
XGB,2,0,0,0.1593770533800125
XGB,2,0,0,0.27825555205345154
XGB,2,0,0,0.03593882918357849
XGB,2,0,0,0.0008872957550920546
XGB,2,0,0,0.0033022400457412004
XGB,2,0,0,0.0231663566082716
XGB,2,0,0,0.0329272635281086
XGB,2,0,0,0.22813628613948822
XGB,2,0,0,0.1311548501253128
XGB,2,1,0,0.008728456683456898
XGB,2,1,0,0.27328330278396606
XGB,2,0,0,0.0034298452083021402
XGB,2,0,0,0.051984407007694244
XGB,2,0,0,0.017824513837695122
XGB,2,0,0,0.4219529330730438
XGB,2,0,0,0.0028514559380710125
XGB,2,1,0,0.04590555280447006
XGB,2,0,0,0.15488667786121368
XGB,2,0,0,0.045583516359329224
XGB,2,0,1,0.7909421920776367
XGB,2,0,1,0.988941490650177
XGB,2,0,0,0.11612357199192047
XGB,2,0,0,0.0772455483675003
XGB,2,0,0,0.01528190914541483
XGB,2,0,0,0.16343514621257782
XGB,2,0,0,0.051743458956480026
XGB,2,0,0,0.045669104903936386
XGB,2,0,0,0.024175316095352173
XGB,2,0,0,0.39565128087997437
XGB,2,0,0,0.016857333481311798
XGB,2,0,0,0.0036506112664937973
XGB,2,0,1,0.666571319103241
XGB,2,0,0,0.15251028537750244
XGB,2,0,1,0.6060169339179993
XGB,2,0,0,0.25507622957229614
XGB,2,0,0,0.056647468358278275
XGB,2,0,0,0.03395111858844757
XGB,2,1,1,0.6013402938842773
XGB,2,0,0,0.01953074522316456
XGB,2,0,0,0.014746573753654957
XGB,2,1,0,0.10119044780731201
XGB,2,0,0,0.14759854972362518
XGB,2,0,0,0.0058077056892216206
XGB,2,0,0,0.012931284494698048
XGB,2,0,0,0.008378888480365276
XGB,2,0,0,0.04708891734480858
XGB,2,0,1,0.6801288723945618
XGB,2,0,0,0.03831532225012779
XGB,2,0,0,0.016451455652713776
XGB,2,0,0,0.015520760789513588
XGB,2,0,0,0.007402576506137848
XGB,2,0,0,0.026644425466656685
XGB,2,0,0,0.0009670614963397384
XGB,2,0,0,0.09631051123142242
XGB,2,0,0,0.009001144208014011
XGB,2,0,1,0.5589932203292847
XGB,2,0,0,0.2152320295572281
XGB,2,1,0,0.03362063318490982
XGB,2,1,0,0.04551508650183678
XGB,2,0,0,0.0693783313035965
XGB,2,1,0,0.406485378742218
XGB,2,0,0,0.03197493776679039
XGB,2,0,0,0.0924491360783577
XGB,2,0,0,0.08808157593011856
XGB,2,1,0,0.16621658205986023
XGB,2,0,0,0.01164216361939907
XGB,2,0,0,0.20532961189746857
XGB,2,0,0,0.0603819265961647
XGB,2,0,0,0.007837450131773949
XGB,2,0,0,0.4338187873363495
XGB,2,0,0,0.03515837341547012
XGB,2,0,0,0.04262848570942879
XGB,2,0,0,0.31846627593040466
XGB,2,0,0,0.0008179238648153841
XGB,2,1,0,0.000723648292478174
XGB,2,0,0,0.1443813294172287
XGB,2,0,1,0.730188250541687
XGB,2,0,0,0.0016903363866731524
XGB,2,0,0,0.04611576348543167
XGB,2,0,0,0.3419766128063202
XGB,2,1,0,0.05126740038394928
XGB,2,1,1,0.6847220063209534
XGB,2,0,0,0.00449329661205411
XGB,2,1,1,0.996575653553009
XGB,2,0,1,0.8614624738693237
XGB,2,1,0,0.025968831032514572
XGB,2,0,0,0.009690256789326668
XGB,2,1,1,0.9600065350532532
XGB,2,0,0,0.49815765023231506
XGB,2,0,0,0.03354192525148392
XGB,2,0,0,0.2222314476966858
XGB,2,1,0,0.174348384141922
XGB,2,0,0,0.08908161520957947
XGB,2,0,0,0.03534727916121483
XGB,2,1,0,0.009512959979474545
XGB,2,0,0,0.00767135014757514
XGB,2,0,0,0.05338727682828903
XGB,2,0,0,0.023797515779733658
XGB,2,0,0,0.4793017506599426
XGB,2,0,0,0.03443768993020058
XGB,2,0,0,0.49284684658050537
XGB,2,0,0,0.11806857585906982
XGB,2,0,0,0.24281130731105804
XGB,2,0,0,0.006214441731572151
XGB,2,0,0,0.09392306208610535
XGB,2,0,0,0.04072180762887001
XGB,2,1,0,0.031200187280774117
XGB,2,0,0,0.15074822306632996
XGB,2,0,0,0.05789680778980255
XGB,2,0,0,0.041274525225162506
XGB,2,0,0,0.2150174379348755
XGB,2,1,1,0.6496018767356873
XGB,2,0,0,0.0018098697764798999
XGB,2,1,0,0.0028631656896322966
XGB,2,0,0,0.3148694634437561
XGB,2,1,0,0.248807892203331
XGB,2,0,0,0.0019867196679115295
XGB,2,1,0,0.04880485683679581
XGB,2,0,0,0.06067461892962456
XGB,2,0,0,0.029484082013368607
XGB,2,0,0,0.10234949737787247
XGB,2,0,0,0.05863878130912781
XGB,2,0,0,0.022641921415925026
XGB,2,1,0,0.04350831359624863
XGB,2,0,0,0.013525675982236862
XGB,2,0,0,0.08426696062088013
XGB,2,0,1,0.591414749622345
XGB,2,0,0,0.1855909675359726
XGB,2,0,0,0.29643896222114563
XGB,2,0,0,0.057327479124069214
XGB,2,0,0,0.005520859733223915
XGB,2,0,0,0.003024172503501177
XGB,2,0,0,0.004477854818105698
XGB,2,0,0,0.01486473809927702
XGB,2,0,0,0.010387750342488289
XGB,2,0,0,0.14695030450820923
XGB,2,1,1,0.6155304908752441
XGB,2,0,0,0.11545180529356003
XGB,2,0,0,0.05391461029648781
XGB,2,0,0,0.025515956804156303
XGB,2,0,0,0.2691870331764221
XGB,2,0,0,0.01432613842189312
XGB,2,0,0,0.022709589451551437
XGB,2,0,0,0.02097354456782341
XGB,2,0,0,0.0027218975592404604
XGB,2,0,0,0.024213863536715508
XGB,2,1,0,0.05260835215449333
XGB,2,0,0,0.023235280066728592
XGB,2,0,0,0.007089050952345133
XGB,2,0,0,0.001216672477312386
XGB,2,0,1,0.6165220737457275
XGB,2,1,1,0.8610931634902954
XGB,2,1,0,0.06154286861419678
XGB,2,0,0,0.16276805102825165
XGB,2,0,1,0.5982338190078735
XGB,2,0,0,0.007098269183188677
XGB,2,1,0,0.07056690007448196
XGB,2,0,0,0.04559936746954918
XGB,2,1,0,0.22456477582454681
XGB,2,0,0,0.09227515012025833
XGB,2,1,0,0.05687451735138893
XGB,2,0,0,0.029439985752105713
XGB,2,0,0,0.002098185010254383
XGB,2,0,0,0.07288509607315063
XGB,2,0,0,0.018077388405799866
XGB,2,0,0,0.034524738788604736
XGB,2,0,0,0.14697779715061188
XGB,2,0,0,0.09018178284168243
XGB,2,1,1,0.869171142578125
XGB,2,0,0,0.03291601687669754
XGB,2,0,0,0.014709617011249065
XGB,2,0,0,0.34649065136909485
XGB,2,0,0,0.01787996105849743
XGB,2,0,0,0.02445322647690773
XGB,2,0,0,0.3117176592350006
XGB,2,1,0,0.008856701664626598
XGB,2,0,0,0.03964300826191902
XGB,2,0,0,0.01336470153182745
XGB,2,0,0,0.43343448638916016
XGB,2,0,0,0.005018263123929501
XGB,2,0,0,0.25275635719299316
XGB,2,0,0,0.03264586627483368
XGB,2,0,0,0.14231377840042114
XGB,2,0,0,0.34212762117385864
XGB,2,1,0,0.2583405673503876
XGB,2,0,0,0.0036623007617890835
XGB,2,0,0,0.15678149461746216
XGB,2,1,0,0.00883254874497652
XGB,2,0,0,0.09342019259929657
XGB,2,0,0,0.0025583216920495033
XGB,2,0,0,0.4083666503429413
XGB,2,0,0,0.13929182291030884
XGB,2,0,0,0.05804608762264252
XGB,2,0,0,0.37657028436660767
XGB,2,0,0,0.005303615238517523
XGB,2,1,0,0.015710504725575447
XGB,2,0,0,0.03431931510567665
XGB,2,1,0,0.12418553978204727
XGB,2,1,0,0.009308763779699802
XGB,2,0,0,0.018541287630796432
XGB,2,0,0,0.07600472122430801
XGB,2,0,0,0.25390517711639404
XGB,2,0,0,0.09976742416620255
XGB,2,0,0,0.007112125866115093
XGB,2,1,0,0.05595347285270691
XGB,2,0,0,0.02365703694522381
XGB,2,1,0,0.20982640981674194
XGB,2,0,0,0.0421866700053215
XGB,2,1,0,0.016193509101867676
XGB,2,1,0,0.11619330197572708
XGB,2,0,0,0.01647421531379223
XGB,2,1,0,0.3759922683238983
XGB,2,0,0,0.06756286323070526
XGB,2,0,1,0.621855616569519
XGB,2,0,0,0.06293933093547821
XGB,2,1,1,0.5905614495277405
XGB,2,0,0,0.4771599769592285
XGB,2,0,0,0.03365611284971237
XGB,2,0,0,0.26661163568496704
XGB,2,1,0,0.1579154133796692
XGB,2,1,1,0.9287785291671753
XGB,2,0,0,0.006342499982565641
XGB,2,0,0,0.11739193648099899
XGB,2,1,0,0.26197221875190735
XGB,2,0,0,0.0010674421209841967
XGB,2,1,0,0.0055630565620958805
XGB,2,0,0,0.003675497369840741
XGB,2,1,1,0.9478150010108948
XGB,2,0,0,0.06864912807941437
XGB,2,1,0,0.014454677700996399
XGB,2,0,0,0.006873141974210739
XGB,2,1,1,0.749268114566803
XGB,2,0,0,0.20035420358181
XGB,2,1,0,0.01541035808622837
XGB,2,0,0,0.059379853308200836
XGB,2,0,0,0.03871016576886177
XGB,2,1,0,0.010569102130830288
XGB,2,0,0,0.3769301474094391
XGB,2,0,0,0.0024540142621845007
XGB,2,0,0,0.18283356726169586
XGB,2,0,0,0.11988671869039536
XGB,2,1,0,0.3481541574001312
XGB,2,0,0,0.055417511612176895
XGB,2,1,0,0.01951458677649498
XGB,2,0,0,0.0036402838304638863
XGB,2,0,1,0.5846752524375916
XGB,2,0,0,0.03385566920042038
XGB,2,0,0,0.004610972944647074
XGB,2,0,0,0.111418217420578
XGB,2,0,0,0.12553399801254272
XGB,2,0,0,0.023735491558909416
XGB,2,0,0,0.3620372712612152
XGB,2,0,0,0.227962926030159
XGB,2,1,0,0.0058065555058419704
XGB,2,1,1,0.9807666540145874
XGB,2,0,0,0.005791519768536091
XGB,2,0,0,0.06221788749098778
XGB,2,0,0,0.12414466589689255
XGB,2,0,0,0.10374951362609863
XGB,2,0,0,0.012487100437283516
XGB,2,1,0,0.11373171955347061
XGB,2,1,0,0.004103115759789944
XGB,2,0,0,0.005239549558609724
XGB,2,0,0,0.040410883724689484
XGB,2,0,0,0.006378551945090294
XGB,2,1,0,0.014926697127521038
XGB,2,0,1,0.8952525854110718
XGB,2,0,0,0.005505186505615711
XGB,2,1,0,0.006306402385234833
XGB,2,0,0,0.003985168412327766
XGB,2,0,0,0.12395784258842468
XGB,2,0,0,0.015366784296929836
XGB,2,0,0,0.010384893044829369
XGB,2,0,0,0.0461433008313179
XGB,2,0,0,0.2067628800868988
XGB,2,1,0,0.004704794380813837
XGB,2,0,0,0.024532802402973175
XGB,2,0,0,0.24354185163974762
XGB,2,0,0,0.05210772901773453
XGB,2,0,0,0.11125459522008896
XGB,2,0,0,0.0025802769232541323
XGB,2,0,0,0.03452768176794052
XGB,2,0,0,0.030191387981176376
XGB,2,0,0,0.0043408069759607315
XGB,2,0,0,0.0015944706974551082
XGB,2,0,0,0.017081722617149353
XGB,2,0,0,0.4014911353588104
XGB,2,0,0,0.12345823645591736
XGB,2,0,0,0.11253795772790909
XGB,2,0,0,0.2193363904953003
XGB,2,0,0,0.14563189446926117
XGB,2,0,0,0.006714486517012119
XGB,2,0,0,0.007158211898058653
XGB,2,0,0,0.24030964076519012
XGB,2,0,0,0.021347464993596077
XGB,2,0,0,0.01737038977444172
XGB,2,0,0,0.1447209119796753
XGB,2,0,0,0.019886935129761696
XGB,2,0,0,0.1558789163827896
XGB,2,0,0,0.04018135368824005
XGB,2,0,0,0.35786208510398865
XGB,2,1,0,0.34343478083610535
XGB,2,1,1,0.8809710144996643
XGB,2,1,0,0.028886578977108
XGB,2,0,0,0.004648618865758181
XGB,2,0,0,0.01512834895402193
XGB,2,1,0,0.00944526121020317
XGB,2,0,0,0.0025499346666038036
XGB,2,0,0,0.1179203987121582
XGB,2,1,0,0.025306306779384613
XGB,2,0,0,0.4543052315711975
XGB,2,0,0,0.0039716679602861404
XGB,2,0,0,0.021058712154626846
XGB,2,0,0,0.011465916410088539
XGB,2,1,0,0.4131164252758026
XGB,2,0,0,0.012340186163783073
XGB,2,0,0,0.02861790545284748
XGB,2,0,0,0.004371670540422201
XGB,2,1,0,0.25029873847961426
XGB,2,0,0,0.012981629930436611
XGB,2,0,0,0.2281256467103958
XGB,2,0,0,0.32389336824417114
XGB,2,0,0,0.025254543870687485
XGB,2,1,0,0.18525901436805725
XGB,2,0,0,0.38853827118873596
XGB,2,0,0,0.05120941996574402
XGB,2,0,0,0.0005644100019708276
XGB,2,0,0,0.10622411966323853
XGB,2,0,0,0.0686660036444664
XGB,2,0,0,0.2760550379753113
XGB,2,0,0,0.05432175099849701
XGB,2,0,0,0.12984050810337067
XGB,2,0,0,0.0036573156248778105
XGB,2,0,0,0.022601252421736717
XGB,2,0,0,0.027067776769399643
XGB,2,1,0,0.08493491262197495
XGB,2,1,0,0.08600985258817673
XGB,2,0,0,0.04316607490181923
XGB,2,1,1,0.9257399439811707
XGB,2,0,0,0.0332515686750412
XGB,2,0,0,0.02015426754951477
XGB,2,1,0,0.3013150095939636
XGB,2,0,0,0.0726778656244278
XGB,2,0,0,0.4349735677242279
XGB,2,0,0,0.010414051823318005
XGB,2,1,0,0.314327597618103
XGB,2,0,0,0.0032517339568585157
XGB,2,0,0,0.007876796647906303
XGB,2,0,0,0.02869030460715294
XGB,2,0,0,0.23360252380371094
XGB,2,0,0,0.371211439371109
XGB,2,0,0,0.25931236147880554
XGB,2,1,0,0.08236716687679291
XGB,2,0,0,0.0035197220277041197
XGB,2,1,0,0.1402142345905304
XGB,2,0,0,0.06668183952569962
XGB,2,0,1,0.996778666973114
XGB,2,0,0,0.3122918903827667
XGB,2,0,0,0.2291414886713028
XGB,2,0,0,0.03812186419963837
XGB,2,0,0,0.24082009494304657
XGB,2,0,0,0.06581585854291916
XGB,2,0,0,0.05930321663618088
XGB,2,0,0,0.08497355133295059
XGB,2,0,0,0.10240510106086731
XGB,2,0,0,0.06607016175985336
XGB,2,1,0,0.10698691010475159
XGB,2,0,0,0.06086714193224907
XGB,2,0,1,0.5181019306182861
XGB,2,1,1,0.6881217956542969
XGB,2,0,0,0.00963620562106371
XGB,2,0,0,0.43924012780189514
XGB,2,1,0,0.08176121860742569
XGB,2,0,0,0.02220594882965088
XGB,2,0,0,0.22787174582481384
XGB,2,1,0,0.010781516321003437
XGB,2,0,0,0.13187547028064728
XGB,2,1,0,0.004956679884344339
XGB,2,0,0,0.06538819521665573
XGB,2,1,0,0.01064832042902708
XGB,2,0,0,0.06418351829051971
XGB,2,1,1,0.733778178691864
XGB,2,0,0,0.031184809282422066
XGB,2,0,0,0.07373280078172684
XGB,2,1,1,0.8104671239852905
XGB,2,0,0,0.011247795075178146
XGB,2,0,0,0.03193938359618187
XGB,2,0,0,0.026907427236437798
XGB,2,0,0,0.35958534479141235
XGB,2,0,0,0.027850452810525894
XGB,2,0,0,0.3728414475917816
XGB,2,1,0,0.13218949735164642
XGB,2,0,0,0.06268578767776489
XGB,2,0,0,0.012682844884693623
XGB,2,1,0,0.0872902125120163
XGB,2,1,1,0.7803802490234375
XGB,2,1,1,0.6810694932937622
XGB,2,0,0,0.06010480225086212
XGB,2,0,0,0.0014688825467601418
XGB,2,0,0,0.2259596884250641
XGB,2,1,1,0.9155334234237671
XGB,2,0,0,0.26609930396080017
XGB,2,0,0,0.09892575442790985
XGB,2,1,0,0.4897780120372772
XGB,2,0,0,0.023890754207968712
XGB,2,1,0,0.47533997893333435
XGB,2,0,0,0.060841429978609085
XGB,2,0,0,0.2438851147890091
XGB,2,1,0,0.24065347015857697
XGB,2,1,0,0.4174421727657318
XGB,2,0,0,0.1214582622051239
XGB,2,0,0,0.07544853538274765
XGB,2,1,1,0.9000598192214966
XGB,2,0,0,0.019779330119490623
XGB,2,0,0,0.10187682509422302
XGB,2,0,1,0.8272510170936584
XGB,2,0,0,0.02321598492562771
XGB,2,0,0,0.1635913848876953
XGB,2,0,0,0.08206836134195328
XGB,2,0,0,0.040323179215192795
XGB,2,0,0,0.1411241739988327
XGB,2,0,0,0.3516053855419159
XGB,2,0,0,0.20494678616523743
XGB,2,0,0,0.015898706391453743
XGB,2,0,0,0.056066013872623444
XGB,2,0,0,0.29092589020729065
XGB,2,1,1,0.6646317839622498
XGB,2,0,0,0.004576939158141613
XGB,2,0,1,0.5828061103820801
XGB,2,1,0,0.032162781804800034
XGB,2,0,0,0.009452763944864273
XGB,2,1,0,0.015155703760683537
XGB,2,0,0,0.014684827998280525
XGB,2,0,0,0.007977836765348911
XGB,2,1,0,0.04967202618718147
XGB,2,0,0,0.14492204785346985
XGB,2,0,0,0.19177189469337463
XGB,2,0,0,0.034739088267087936
XGB,2,1,0,0.0029648789204657078
XGB,2,0,0,0.10039962828159332
XGB,2,0,0,0.1424977034330368
XGB,2,0,1,0.6537337303161621
XGB,2,0,1,0.8459145426750183
XGB,2,0,0,0.25025415420532227
XGB,2,1,1,0.9903283715248108
XGB,2,0,1,0.7626583576202393
XGB,2,0,0,0.0609569288790226
XGB,2,0,0,0.16382521390914917
XGB,2,0,0,0.0014515130314975977
XGB,2,0,0,0.33345264196395874
XGB,2,0,0,0.3273128867149353
XGB,2,0,0,0.07867037504911423
XGB,2,0,0,0.03867846727371216
XGB,2,1,0,0.17514951527118683
XGB,2,0,0,0.03666926175355911
XGB,2,0,0,0.000699035357683897
XGB,2,0,1,0.8015278577804565
XGB,2,0,0,0.01838906854391098
XGB,2,0,0,0.07888509333133698
XGB,2,0,0,0.3450855612754822
XGB,2,0,0,0.0032450829166918993
XGB,2,0,0,0.030741959810256958
XGB,2,0,0,0.04236063361167908
XGB,2,0,0,0.0376010499894619
XGB,2,0,0,0.22866596281528473
XGB,2,1,0,0.000806130119599402
XGB,2,0,0,0.04992406442761421
XGB,2,0,0,0.005000656470656395
XGB,2,0,0,0.04668905586004257
XGB,2,0,1,0.7113322019577026
XGB,2,0,0,0.24361056089401245
XGB,2,0,0,0.025851119309663773
XGB,2,0,0,0.0542282909154892
XGB,2,0,0,0.0674009695649147
XGB,2,0,1,0.8841288089752197
XGB,2,1,0,0.07143142074346542
XGB,2,0,0,0.04016527533531189
XGB,2,0,0,0.13102492690086365
XGB,2,0,1,0.5570964813232422
XGB,2,1,1,0.9757707118988037
XGB,2,0,1,0.8634383082389832
XGB,2,0,1,0.6188934445381165
XGB,2,0,1,0.733469545841217
XGB,2,1,0,0.4839453399181366
XGB,2,0,1,0.8521636724472046
XGB,2,1,0,0.0068658096715807915
XGB,2,0,0,0.020373092964291573
XGB,2,0,0,0.009780661202967167
XGB,2,1,0,0.11637882143259048
XGB,2,0,0,0.02663654088973999
XGB,2,1,0,0.23351474106311798
XGB,3,1,0,0.3231196105480194
XGB,3,0,0,0.015362406149506569
XGB,3,0,0,0.15514397621154785
XGB,3,0,0,0.0031209206208586693
XGB,3,0,0,0.4379470646381378
XGB,3,0,0,0.06889801472425461
XGB,3,0,0,0.0015092756366357207
XGB,3,1,1,0.813158392906189
XGB,3,1,1,0.9946451187133789
XGB,3,0,0,0.019217660650610924
XGB,3,1,0,0.025900982320308685
XGB,3,0,0,0.2623499631881714
XGB,3,0,0,0.1288568675518036
XGB,3,0,0,0.010880926623940468
XGB,3,0,0,0.17834869027137756
XGB,3,0,0,0.23343847692012787
XGB,3,0,1,0.5056469440460205
XGB,3,0,1,0.5933161973953247
XGB,3,1,0,0.153366357088089
XGB,3,0,0,0.06380397081375122
XGB,3,1,1,0.9327030181884766
XGB,3,1,0,0.11027052998542786
XGB,3,1,0,0.26377540826797485
XGB,3,1,1,0.6955140829086304
XGB,3,0,0,0.013556083664298058
XGB,3,0,1,0.7184770107269287
XGB,3,1,1,0.9041974544525146
XGB,3,1,0,0.013690352439880371
XGB,3,1,0,0.31349608302116394
XGB,3,0,0,0.007047152146697044
XGB,3,0,1,0.8582360148429871
XGB,3,1,0,0.09387841075658798
XGB,3,1,1,0.8972827196121216
XGB,3,0,0,0.07751458883285522
XGB,3,1,0,0.03440413996577263
XGB,3,1,0,0.08494723588228226
XGB,3,1,1,0.6565794944763184
XGB,3,1,1,0.5924566388130188
XGB,3,0,0,0.14679481089115143
XGB,3,0,0,0.0027780926320701838
XGB,3,1,0,0.10559019446372986
XGB,3,0,1,0.5693434476852417
XGB,3,0,0,0.04907605051994324
XGB,3,0,0,0.019389605149626732
XGB,3,0,0,0.035642124712467194
XGB,3,1,0,0.001968330005183816
XGB,3,0,0,0.032741427421569824
XGB,3,0,0,0.1165972426533699
XGB,3,0,1,0.7417584657669067
XGB,3,0,0,0.4250359535217285
XGB,3,0,0,0.3659016191959381
XGB,3,0,0,0.014897662214934826
XGB,3,1,0,0.2571502923965454
XGB,3,0,0,0.0007610212196595967
XGB,3,0,1,0.7541989088058472
XGB,3,1,1,0.9035900831222534
XGB,3,1,1,0.8737711906433105
XGB,3,0,0,0.042493294924497604
XGB,3,0,0,0.01039982121437788
XGB,3,1,0,0.4464128911495209
XGB,3,1,0,0.08416993916034698
XGB,3,0,1,0.5802431106567383
XGB,3,1,0,0.011198293417692184
XGB,3,0,0,0.0243463646620512
XGB,3,0,0,0.09117903560400009
XGB,3,0,0,0.01857065223157406
XGB,3,0,0,0.43313729763031006
XGB,3,0,0,0.0016219984972849488
XGB,3,0,0,0.004588056355714798
XGB,3,0,1,0.560438871383667
XGB,3,1,0,0.09665180742740631
XGB,3,0,1,0.6127399206161499
XGB,3,1,1,0.8110406398773193
XGB,3,1,0,0.002920250641182065
XGB,3,0,0,0.020365480333566666
XGB,3,0,0,0.16774214804172516
XGB,3,0,0,0.18562167882919312
XGB,3,0,0,0.008457986637949944
XGB,3,0,0,0.2837298512458801
XGB,3,0,0,0.3324759006500244
XGB,3,0,0,0.0619218535721302
XGB,3,0,0,0.11253365874290466
XGB,3,0,0,0.41391056776046753
XGB,3,1,1,0.6180009841918945
XGB,3,0,0,0.03910541161894798
XGB,3,0,0,0.06856346130371094
XGB,3,0,0,0.034187834709882736
XGB,3,1,0,0.08309692144393921
XGB,3,0,0,0.06448706984519958
XGB,3,0,0,0.05568983405828476
XGB,3,0,0,0.057254351675510406
XGB,3,0,0,0.11188085377216339
XGB,3,0,0,0.01362243015319109
XGB,3,0,0,0.15054745972156525
XGB,3,0,0,0.017251376062631607
XGB,3,0,0,0.004829160403460264
XGB,3,0,0,0.08931369334459305
XGB,3,0,0,0.2644285559654236
XGB,3,1,0,0.10034231841564178
XGB,3,0,0,0.23305220901966095
XGB,3,1,0,0.25501665472984314
XGB,3,0,0,0.010007251985371113
XGB,3,1,1,0.9902557730674744
XGB,3,0,1,0.6517817974090576
XGB,3,0,0,0.2730244994163513
XGB,3,0,0,0.12015636265277863
XGB,3,0,0,0.00459539657458663
XGB,3,0,0,0.22429262101650238
XGB,3,1,0,0.2718407213687897
XGB,3,0,0,0.012300682254135609
XGB,3,1,0,0.10491125285625458
XGB,3,0,0,0.008204810321331024
XGB,3,0,0,0.011282115243375301
XGB,3,0,0,0.028343968093395233
XGB,3,0,0,0.04764663428068161
XGB,3,1,1,0.6908386945724487
XGB,3,0,0,0.30813655257225037
XGB,3,0,0,0.07288321107625961
XGB,3,0,0,0.10130263864994049
XGB,3,0,1,0.5883342623710632
XGB,3,1,1,0.8784464001655579
XGB,3,0,0,0.04177412763237953
XGB,3,0,0,0.006957104429602623
XGB,3,1,0,0.3904127776622772
XGB,3,0,0,0.053973037749528885
XGB,3,0,0,0.07020305842161179
XGB,3,0,1,0.73166823387146
XGB,3,0,0,0.0025435704737901688
XGB,3,0,0,0.016334449872374535
XGB,3,1,0,0.007072305306792259
XGB,3,0,0,0.004234453663229942
XGB,3,0,0,0.26335984468460083
XGB,3,1,0,0.22011040151119232
XGB,3,0,1,0.6986299753189087
XGB,3,0,0,0.12853410840034485
XGB,3,1,1,0.9042884111404419
XGB,3,1,0,0.020798813551664352
XGB,3,0,0,0.131086528301239
XGB,3,0,0,0.2667391002178192
XGB,3,0,0,0.02192509174346924
XGB,3,0,0,0.28331783413887024
XGB,3,1,0,0.12234938889741898
XGB,3,1,1,0.6182705163955688
XGB,3,1,1,0.9984460473060608
XGB,3,0,0,0.010844534263014793
XGB,3,1,0,0.24120618402957916
XGB,3,1,0,0.06342929601669312
XGB,3,0,0,0.1981065720319748
XGB,3,0,0,0.009403244592249393
XGB,3,0,0,0.0037921760231256485
XGB,3,1,0,0.08082877099514008
XGB,3,0,0,0.3226344883441925
XGB,3,0,1,0.7270643711090088
XGB,3,0,0,0.06587637960910797
XGB,3,0,0,0.019951581954956055
XGB,3,1,0,0.13917896151542664
XGB,3,0,0,0.05567939579486847
XGB,3,0,0,0.019718045368790627
XGB,3,0,0,0.16391485929489136
XGB,3,0,0,0.07852093130350113
XGB,3,0,0,0.09992322325706482
XGB,3,0,0,0.0658484548330307
XGB,3,0,0,0.1953878402709961
XGB,3,0,0,0.004892908502370119
XGB,3,0,0,0.00678351940587163
XGB,3,0,0,0.26228830218315125
XGB,3,0,0,0.19296808540821075
XGB,3,0,0,0.2667577266693115
XGB,3,0,0,0.0015223281225189567
XGB,3,1,0,0.008814415894448757
XGB,3,0,0,0.12273508310317993
XGB,3,0,0,0.10736726969480515
XGB,3,0,0,0.0011159897549077868
XGB,3,0,0,0.09257642179727554
XGB,3,1,0,0.3419448137283325
XGB,3,0,0,0.002859257161617279
XGB,3,0,0,0.00464597437530756
XGB,3,0,0,0.002554805250838399
XGB,3,0,0,0.17525772750377655
XGB,3,0,0,0.015924375504255295
XGB,3,1,0,0.004779314622282982
XGB,3,0,0,0.0002366745175095275
XGB,3,0,0,0.01770903915166855
XGB,3,0,1,0.5633230209350586
XGB,3,0,0,0.02163686230778694
XGB,3,0,0,0.06724196672439575
XGB,3,0,0,0.41991421580314636
XGB,3,1,0,0.4758893549442291
XGB,3,0,0,0.15122494101524353
XGB,3,0,0,0.3567507863044739
XGB,3,0,0,0.03209768235683441
XGB,3,1,0,0.05368155613541603
XGB,3,1,1,0.8672686815261841
XGB,3,0,0,0.40397706627845764
XGB,3,0,0,0.048995278775691986
XGB,3,0,0,0.011417461559176445
XGB,3,1,0,0.4707554578781128
XGB,3,0,0,0.2144269347190857
XGB,3,0,0,0.08818965405225754
XGB,3,0,0,0.07918499410152435
XGB,3,0,0,0.004437896888703108
XGB,3,0,0,0.014361962676048279
XGB,3,0,0,0.0011166284093633294
XGB,3,0,0,0.2132091075181961
XGB,3,0,0,0.032352108508348465
XGB,3,0,0,0.04432225599884987
XGB,3,0,0,0.0051059722900390625
XGB,3,0,0,0.011194111779332161
XGB,3,0,0,0.0005166424671187997
XGB,3,0,1,0.702564001083374
XGB,3,0,0,0.1570843607187271
XGB,3,0,0,0.16734342277050018
XGB,3,0,0,0.014544474892318249
XGB,3,0,0,0.0921047106385231
XGB,3,0,1,0.6168777346611023
XGB,3,0,0,0.06815904378890991
XGB,3,0,0,0.025921007618308067
XGB,3,1,0,0.0023865951225161552
XGB,3,0,0,0.06222287937998772
XGB,3,1,0,0.004454435780644417
XGB,3,0,0,0.08905168622732162
XGB,3,0,0,0.11604732275009155
XGB,3,0,0,0.06726282835006714
XGB,3,0,1,0.7400862574577332
XGB,3,0,1,0.8511252403259277
XGB,3,0,0,0.3156985938549042
XGB,3,0,0,0.013203777372837067
XGB,3,0,0,0.09019216895103455
XGB,3,1,1,0.9470357894897461
XGB,3,0,0,0.012456678785383701
XGB,3,0,0,0.011152529157698154
XGB,3,0,1,0.9299288988113403
XGB,3,0,0,0.2660505771636963
XGB,3,0,0,0.2601253390312195
XGB,3,0,0,0.03991205617785454
XGB,3,0,0,0.13638362288475037
XGB,3,1,0,0.4428580403327942
XGB,3,1,0,0.20105592906475067
XGB,3,0,0,0.059100568294525146
XGB,3,0,0,0.101610466837883
XGB,3,0,0,0.20776423811912537
XGB,3,1,1,0.8582191467285156
XGB,3,1,1,0.978165328502655
XGB,3,0,0,0.0038727468345314264
XGB,3,0,0,0.056173693388700485
XGB,3,0,1,0.591930627822876
XGB,3,0,0,0.041700925678014755
XGB,3,0,0,0.0040443590842187405
XGB,3,0,0,0.27121686935424805
XGB,3,0,0,0.2971761226654053
XGB,3,0,1,0.836818277835846
XGB,3,0,0,0.07847747206687927
XGB,3,0,0,0.1997833251953125
XGB,3,0,0,0.06227206438779831
XGB,3,0,1,0.6359031200408936
XGB,3,0,0,0.0012706296984106302
XGB,3,1,0,0.1234179139137268
XGB,3,0,0,0.4316772520542145
XGB,3,1,1,0.5974320769309998
XGB,3,0,0,0.05967041477560997
XGB,3,0,0,0.21202372014522552
XGB,3,0,0,0.011788669973611832
XGB,3,0,0,0.00422670179978013
XGB,3,0,0,0.021421566605567932
XGB,3,0,0,0.04000558704137802
XGB,3,0,0,0.06436928361654282
XGB,3,0,0,0.04410885274410248
XGB,3,0,0,0.03317146375775337
XGB,3,1,1,0.5601521134376526
XGB,3,0,0,0.46287909150123596
XGB,3,0,0,0.03292567655444145
XGB,3,1,1,0.8953839540481567
XGB,3,0,0,0.06146274134516716
XGB,3,0,0,0.007068234495818615
XGB,3,0,0,0.07595551013946533
XGB,3,1,1,0.8030708432197571
XGB,3,0,0,0.0904247835278511
XGB,3,0,0,0.002032971242442727
XGB,3,1,1,0.9888806343078613
XGB,3,0,0,0.06949646770954132
XGB,3,0,0,0.0035386711824685335
XGB,3,1,0,0.3886609375476837
XGB,3,0,0,0.043650247156620026
XGB,3,0,0,0.050939030945301056
XGB,3,0,0,0.07373789697885513
XGB,3,0,1,0.7233090400695801
XGB,3,0,0,0.03646429255604744
XGB,3,0,0,0.0009558671154081821
XGB,3,0,0,0.11295583099126816
XGB,3,0,0,0.002693326212465763
XGB,3,1,0,0.2821643352508545
XGB,3,0,0,0.46474581956863403
XGB,3,1,0,0.34462034702301025
XGB,3,0,0,0.15779824554920197
XGB,3,0,0,0.3602559268474579
XGB,3,0,0,0.007252783514559269
XGB,3,0,0,0.32442229986190796
XGB,3,0,0,0.10013489425182343
XGB,3,0,0,0.2987608015537262
XGB,3,1,1,0.8830980062484741
XGB,3,0,0,0.20211096107959747
XGB,3,0,0,0.0023037493228912354
XGB,3,0,0,0.06971866637468338
XGB,3,0,1,0.7863174676895142
XGB,3,1,0,0.47987255454063416
XGB,3,1,0,0.1654888093471527
XGB,3,0,0,0.1577589511871338
XGB,3,0,0,0.0074958233162760735
XGB,3,1,0,0.46620410680770874
XGB,3,0,0,0.03243507444858551
XGB,3,1,1,0.9191490411758423
XGB,3,0,0,0.052698999643325806
XGB,3,0,0,0.02118097059428692
XGB,3,0,0,0.1574835330247879
XGB,3,0,0,0.0005672091501764953
XGB,3,0,0,0.002822019625455141
XGB,3,0,0,0.015112542547285557
XGB,3,1,0,0.02727578766644001
XGB,3,1,0,0.013692330569028854
XGB,3,0,0,0.005462623201310635
XGB,3,0,0,0.3951777219772339
XGB,3,0,0,0.1311841905117035
XGB,3,1,0,0.08936523646116257
XGB,3,0,0,0.20549684762954712
XGB,3,0,0,0.08779013901948929
XGB,3,0,0,0.26935073733329773
XGB,3,0,0,0.026628147810697556
XGB,3,0,0,0.008991834707558155
XGB,3,0,0,0.010278517380356789
XGB,3,0,0,0.2525261640548706
XGB,3,0,0,0.00959059689193964
XGB,3,0,0,0.04376295208930969
XGB,3,0,0,0.09132041782140732
XGB,3,0,0,0.01020889077335596
XGB,3,0,0,0.14638075232505798
XGB,3,0,0,0.0012702546082437038
XGB,3,0,0,0.014639918692409992
XGB,3,0,0,0.026342201977968216
XGB,3,0,0,0.471358984708786
XGB,3,0,0,0.0007775916019454598
XGB,3,0,1,0.6086089611053467
XGB,3,0,0,0.377434641122818
XGB,3,0,0,0.008453157730400562
XGB,3,0,0,0.0033649138640612364
XGB,3,0,0,0.017231719568371773
XGB,3,1,0,0.06600017100572586
XGB,3,0,1,0.743303120136261
XGB,3,0,0,0.051924221217632294
XGB,3,0,0,0.13468791544437408
XGB,3,0,0,0.005992056801915169
XGB,3,0,0,0.20183348655700684
XGB,3,0,0,0.23095501959323883
XGB,3,1,0,0.06949205696582794
XGB,3,0,1,0.6052468419075012
XGB,3,0,0,0.043060895055532455
XGB,3,0,0,0.25503769516944885
XGB,3,0,0,0.04230967164039612
XGB,3,0,0,0.4479961693286896
XGB,3,1,0,0.09631143510341644
XGB,3,0,0,0.03347734361886978
XGB,3,0,0,0.002295723184943199
XGB,3,0,1,0.6951958537101746
XGB,3,0,0,0.004923676140606403
XGB,3,0,1,0.6050151586532593
XGB,3,0,0,0.017710043117403984
XGB,3,0,1,0.8148812055587769
XGB,3,0,0,0.011916745454072952
XGB,3,0,0,0.035746607929468155
XGB,3,1,0,0.07386159151792526
XGB,3,0,0,0.010027416050434113
XGB,3,1,0,0.016343209892511368
XGB,3,1,0,0.12831878662109375
XGB,3,0,0,0.006185082718729973
XGB,3,0,1,0.5833804607391357
XGB,3,0,1,0.9853362441062927
XGB,3,0,1,0.6698578596115112
XGB,3,0,0,0.24638283252716064
XGB,3,0,0,0.0799679234623909
XGB,3,0,0,0.11774717271327972
XGB,3,0,0,0.0057836370542645454
XGB,3,0,0,0.17233005166053772
XGB,3,0,0,0.49470674991607666
XGB,3,1,0,0.17868995666503906
XGB,3,1,0,0.06568826735019684
XGB,3,0,0,0.05319313332438469
XGB,3,0,0,0.022930027917027473
XGB,3,0,1,0.9677057862281799
XGB,3,0,0,0.003092450089752674
XGB,3,0,0,0.008226631209254265
XGB,3,0,0,0.11467819660902023
XGB,3,0,0,0.007562851067632437
XGB,3,0,1,0.5114073753356934
XGB,3,1,1,0.9442077875137329
XGB,3,0,0,0.014558382332324982
XGB,3,0,0,0.0308045856654644
XGB,3,0,0,0.009578162804245949
XGB,3,0,1,0.8631967306137085
XGB,3,0,0,0.0120373060926795
XGB,3,1,0,0.2514754831790924
XGB,3,1,1,0.8574025630950928
XGB,3,1,1,0.8819820284843445
XGB,3,1,0,0.04167479649186134
XGB,3,0,0,0.16703151166439056
XGB,3,0,0,0.41452842950820923
XGB,3,0,0,0.019387289881706238
XGB,3,1,0,0.20775383710861206
XGB,3,0,0,0.34924134612083435
XGB,3,0,0,0.008134317584335804
XGB,3,0,0,0.16971755027770996
XGB,3,0,0,0.0010084621608257294
XGB,3,1,1,0.5089128017425537
XGB,3,1,0,0.36224570870399475
XGB,3,0,0,0.03693009912967682
XGB,3,0,0,0.34239283204078674
XGB,3,0,0,0.008168254047632217
XGB,3,0,0,0.00484364852309227
XGB,3,0,0,0.1291971355676651
XGB,3,1,0,0.4297485649585724
XGB,3,0,0,0.0501391664147377
XGB,3,0,0,0.05845768749713898
XGB,3,0,0,0.0018220492638647556
XGB,3,0,0,0.04859933629631996
XGB,3,0,0,0.43318766355514526
XGB,3,1,1,0.6158517003059387
XGB,3,0,0,0.018915299326181412
XGB,3,1,0,0.016915643587708473
XGB,3,0,1,0.5903485417366028
XGB,3,0,0,0.06413912028074265
XGB,3,0,0,0.055914074182510376
XGB,3,1,0,0.03479092940688133
XGB,3,1,0,0.12969021499156952
XGB,3,1,0,0.01836935058236122
XGB,3,0,0,0.04846692457795143
XGB,3,1,0,0.06780026853084564
XGB,3,1,0,0.20461800694465637
XGB,3,0,0,0.0006727111176587641
XGB,3,0,0,0.03332625329494476
XGB,3,0,0,0.0036420519463717937
XGB,3,1,1,0.941378653049469
XGB,3,0,0,0.41850221157073975
XGB,3,0,0,0.028066325932741165
XGB,3,0,0,0.010455012321472168
XGB,3,1,0,0.027674291282892227
XGB,3,0,1,0.5059529542922974
XGB,3,0,0,0.14107196033000946
XGB,3,1,0,0.19812549650669098
XGB,3,0,0,0.009954583831131458
XGB,3,0,0,0.001988522708415985
XGB,3,0,0,0.031445812433958054
XGB,3,0,0,0.0033225335646420717
XGB,3,0,0,0.21171535551548004
XGB,3,0,0,0.06508281826972961
XGB,3,0,0,0.17364899814128876
XGB,3,1,1,0.5249192714691162
XGB,3,1,1,0.9500669836997986
XGB,3,1,1,0.5514197945594788
XGB,3,0,0,0.36011043190956116
XGB,3,0,0,0.034074269235134125
XGB,3,0,1,0.5164898037910461
XGB,3,0,0,0.148166686296463
XGB,3,1,0,0.024337418377399445
XGB,3,0,1,0.9113129377365112
XGB,3,1,1,0.5016650557518005
XGB,3,0,0,0.25132688879966736
XGB,3,0,0,0.024279633536934853
XGB,3,1,0,0.17479649186134338
XGB,3,0,0,0.049415796995162964
XGB,3,0,0,0.08583176881074905
XGB,3,0,0,0.018737200647592545
XGB,3,0,1,0.5793979167938232
XGB,3,1,0,0.39523741602897644
XGB,3,0,0,0.01334647461771965
XGB,3,1,1,0.8852227330207825
XGB,3,0,0,0.03966342285275459
XGB,3,0,0,0.015318994410336018
XGB,3,0,0,0.0048546018078923225
XGB,3,0,0,0.08769338577985764
XGB,3,0,0,0.3591398000717163
XGB,3,0,1,0.9538474678993225
XGB,3,0,0,0.3694579601287842
XGB,3,0,0,0.3077402114868164
XGB,3,0,0,0.11893787980079651
XGB,3,0,0,0.1726224720478058
XGB,3,1,0,0.055047959089279175
XGB,3,0,0,0.0073529682122170925
XGB,3,0,0,0.0041989427991211414
XGB,3,0,0,0.07485668361186981
XGB,3,1,0,0.005984731018543243
XGB,3,0,0,0.20900215208530426
XGB,3,1,0,0.061043255031108856
XGB,3,1,0,0.07335272431373596
XGB,3,0,0,0.21240217983722687
XGB,3,0,0,0.07033272832632065
XGB,3,0,0,0.0389850027859211
XGB,3,0,0,0.19812549650669098
XGB,3,0,0,0.022233692929148674
XGB,3,0,0,0.3729831874370575
XGB,3,0,1,0.5988702774047852
XGB,3,1,0,0.12661024928092957
XGB,3,0,0,0.004472770728170872
XGB,3,0,0,0.14359132945537567
XGB,3,1,1,0.9920279383659363
XGB,3,0,0,0.02472834661602974
XGB,3,1,1,0.5232014060020447
XGB,3,1,0,0.05688225477933884
XGB,3,1,0,0.38599351048469543
XGB,3,0,0,0.007783625274896622
XGB,3,1,0,0.28785839676856995
XGB,3,0,0,0.011432810686528683
XGB,3,0,0,0.3833019733428955
XGB,3,0,0,0.137447327375412
XGB,3,0,0,0.10193019360303879
XGB,3,1,0,0.43179234862327576
XGB,3,0,0,0.07240715622901917
XGB,3,0,0,0.006135838571935892
XGB,3,0,0,0.04601629450917244
XGB,3,1,0,0.013646195642650127
XGB,3,0,0,0.1291971355676651
XGB,3,0,1,0.6833379864692688
XGB,3,0,0,0.1482623964548111
XGB,3,0,0,0.18278764188289642
XGB,3,0,0,0.24916553497314453
XGB,3,0,0,0.032010357826948166
XGB,3,1,1,0.8056386113166809
XGB,3,0,0,0.006626902613788843
XGB,3,0,0,0.13421958684921265
XGB,3,1,0,0.030820099636912346
XGB,3,0,0,0.015190839767456055
XGB,3,1,0,0.18482419848442078
XGB,3,0,0,0.08077463507652283
XGB,3,0,0,0.009522534906864166
XGB,3,0,0,0.01715022139251232
XGB,3,0,0,0.014978662133216858
XGB,3,0,0,0.0028226638678461313
XGB,3,0,0,0.08014556765556335
XGB,3,1,1,0.8048452734947205
XGB,3,0,1,0.9150180220603943
XGB,3,1,1,0.7232993245124817
XGB,3,0,0,0.03921794518828392
XGB,3,0,0,0.03660508245229721
XGB,3,0,0,0.003440102329477668
XGB,3,0,0,0.12370575219392776
XGB,3,0,0,0.08076205104589462
XGB,3,1,0,0.3360520303249359
XGB,3,0,0,0.4676505923271179
XGB,3,1,0,0.29614973068237305
XGB,3,0,0,0.005306554492563009
XGB,3,0,0,0.019721994176506996
XGB,3,0,0,0.009356053546071053
XGB,3,0,0,0.0005333874723874032
XGB,3,0,0,0.05127033218741417
XGB,3,0,0,0.10439860075712204
XGB,3,0,1,0.5185015797615051
XGB,3,0,0,0.1837436556816101
XGB,3,0,1,0.8270788788795471
XGB,3,0,1,0.6376357674598694
XGB,3,0,0,0.01927550509572029
XGB,3,0,0,0.005781515035778284
XGB,3,0,0,0.005175901111215353
XGB,3,1,0,0.03724535182118416
XGB,3,0,0,0.009204215370118618
XGB,3,0,0,0.49179452657699585
XGB,3,0,0,0.020605942234396935
XGB,3,0,0,0.13255354762077332
XGB,3,0,0,0.2951390743255615
XGB,3,0,0,0.1446254402399063
XGB,3,0,0,0.011960433796048164
XGB,3,0,1,0.7368220090866089
XGB,3,0,0,0.010419730097055435
XGB,3,1,0,0.2933369278907776
XGB,3,1,0,0.12555401027202606
XGB,3,0,0,0.06069007143378258
XGB,3,1,0,0.36638912558555603
XGB,3,1,0,0.362366259098053
XGB,3,1,0,0.02425164356827736
XGB,3,0,0,0.011313145980238914
XGB,3,0,0,0.09056328237056732
XGB,3,0,0,0.07257074862718582
XGB,3,0,0,0.269103080034256
XGB,3,1,1,0.7883052229881287
XGB,3,0,0,0.05370784178376198
XGB,3,0,0,0.005208342336118221
XGB,3,0,1,0.5935970544815063
XGB,3,0,0,0.0322265699505806
XGB,3,0,0,0.25416967272758484
XGB,3,1,0,0.10003220289945602
XGB,3,0,0,0.017195016145706177
XGB,3,1,0,0.05410752817988396
XGB,3,0,0,0.0048348261043429375
XGB,3,0,0,0.09120587259531021
XGB,3,0,0,0.07626677304506302
XGB,3,0,1,0.6237090826034546
XGB,3,0,0,0.38437986373901367
XGB,3,1,1,0.6019322872161865
XGB,3,0,0,0.012935398146510124
XGB,3,0,0,0.0388505682349205
XGB,3,0,0,0.004833105485886335
XGB,3,0,0,0.19122807681560516
XGB,3,1,0,0.016811732202768326
XGB,3,0,0,0.0050285570323467255
XGB,3,0,0,0.01206900179386139
XGB,3,0,0,0.29077810049057007
XGB,3,0,0,0.016240287572145462
XGB,3,0,0,0.0023523028939962387
XGB,3,0,0,0.011108794249594212
XGB,3,0,0,0.0031137042678892612
XGB,3,0,0,0.034930720925331116
XGB,3,1,0,0.1816129833459854
XGB,3,0,0,0.3391502797603607
XGB,3,0,1,0.5665587186813354
XGB,3,1,0,0.08548886328935623
XGB,3,1,0,0.2547212839126587
XGB,3,0,0,0.0009373060893267393
XGB,3,1,0,0.06517072767019272
XGB,3,0,0,0.002203844953328371
XGB,3,0,0,0.2257232666015625
XGB,3,0,0,0.024428464472293854
XGB,3,0,0,0.3064896762371063
XGB,3,1,0,0.02371717430651188
XGB,3,0,0,0.08209530264139175
XGB,3,0,0,0.019933119416236877
XGB,3,0,0,0.007537578698247671
XGB,3,0,0,0.006574973464012146
XGB,3,0,0,0.09986472129821777
XGB,3,1,0,0.02335856296122074
XGB,3,0,0,0.04444771260023117
XGB,3,0,0,0.01786300353705883
XGB,3,0,0,0.013573892414569855
XGB,3,0,1,0.7294095158576965
XGB,3,1,0,0.19181038439273834
XGB,3,0,0,0.20574796199798584
XGB,3,0,1,0.7574502825737
XGB,3,0,0,0.07178352028131485
XGB,3,0,0,0.0037667592987418175
XGB,3,0,1,0.6506658792495728
XGB,3,0,0,0.06798835843801498
XGB,3,1,1,0.82194983959198
XGB,3,0,0,0.0527678020298481
XGB,3,1,0,0.22557871043682098
XGB,3,0,0,0.08760184794664383
XGB,3,0,0,0.13393309712409973
XGB,3,0,0,0.015463952906429768
XGB,3,0,0,0.017796743661165237
XGB,3,0,0,0.1773459017276764
XGB,3,0,0,0.09861134737730026
XGB,3,0,0,0.02951212041079998
XGB,3,0,0,0.006447675172239542
XGB,3,0,0,0.0025801691226661205
XGB,3,0,0,0.0025265300646424294
XGB,3,0,0,0.027896132320165634
XGB,3,0,1,0.9030380845069885
XGB,3,0,0,0.08829698711633682
XGB,3,0,0,0.35705670714378357
XGB,3,0,0,0.18961551785469055
XGB,3,0,0,0.24302999675273895
XGB,3,0,0,0.2983952462673187
XGB,3,0,0,0.003769374219700694
XGB,3,0,0,0.04284324869513512
XGB,3,0,0,0.0020986911840736866
XGB,3,0,0,0.046968236565589905
XGB,3,1,0,0.010743886232376099
XGB,3,0,0,0.049412354826927185
XGB,3,1,0,0.08642082661390305
XGB,3,0,0,0.23698043823242188
XGB,3,0,0,0.0031818272545933723
XGB,3,0,0,0.23732148110866547
XGB,3,0,0,0.23606190085411072
XGB,3,1,0,0.048544738441705704
XGB,3,1,0,0.2590973675251007
XGB,3,0,0,0.0012930193915963173
XGB,3,0,0,0.08592616021633148
XGB,3,0,0,0.06586453318595886
XGB,3,0,0,0.08125898987054825
XGB,3,1,0,0.023852337151765823
XGB,3,1,1,0.9540294408798218
XGB,3,0,0,0.002251353580504656
XGB,3,0,0,0.14586535096168518
XGB,3,0,1,0.5858868956565857
XGB,3,1,0,0.058518532663583755
XGB,3,0,0,0.050481509417295456
XGB,3,0,0,0.20789825916290283
XGB,3,0,1,0.621496319770813
XGB,3,1,0,0.43590980768203735
XGB,3,0,0,0.055857572704553604
XGB,3,0,0,0.006808327976614237
XGB,3,0,0,0.023835206404328346
XGB,3,0,0,0.08275299519300461
XGB,3,0,0,0.013401477597653866
XGB,3,0,0,0.19838914275169373
XGB,3,1,0,0.06719136983156204
XGB,3,0,0,0.22512805461883545
XGB,3,1,0,0.06057215854525566
XGB,3,0,0,0.08925849944353104
XGB,3,0,0,0.17023107409477234
XGB,3,0,0,0.05114857107400894
XGB,3,0,0,0.21003024280071259
XGB,3,0,0,0.3334551155567169
XGB,3,0,0,0.027247069403529167
XGB,3,0,0,0.18078017234802246
XGB,3,0,0,0.07366155833005905
XGB,3,0,0,0.4312461018562317
XGB,3,0,0,0.024073341861367226
XGB,3,0,0,0.004239589907228947
XGB,3,1,0,0.10900665819644928
XGB,3,0,0,0.011928794905543327
XGB,3,0,0,0.05194348841905594
XGB,3,0,0,0.014781413599848747
XGB,3,0,0,0.15009641647338867
XGB,3,1,0,0.023716969415545464
XGB,3,1,0,0.010441238060593605
XGB,3,0,0,0.21653300523757935
XGB,3,1,0,0.07783769071102142
XGB,3,1,0,0.015607527457177639
XGB,3,0,0,0.05727611854672432
XGB,3,1,0,0.20445717871189117
XGB,3,0,0,0.16687874495983124
XGB,3,0,0,0.03859085589647293
XGB,3,0,0,0.08994530886411667
XGB,3,0,0,0.0012918795691803098
XGB,3,0,0,0.24793462455272675
XGB,3,0,0,0.030312757939100266
XGB,3,0,0,0.0967676043510437
XGB,3,0,0,0.05345573276281357
XGB,3,0,0,0.4969363808631897
XGB,3,0,0,0.2954059839248657
XGB,3,0,0,0.1823102980852127
XGB,3,0,0,0.005829402711242437
XGB,3,0,0,0.019070107489824295
XGB,3,1,0,0.12203226238489151
XGB,3,0,0,0.11644644290208817
XGB,3,1,0,0.09256377816200256
XGB,3,1,0,0.3149752616882324
XGB,3,0,0,0.10723866522312164
XGB,3,0,0,0.37524935603141785
XGB,3,0,0,0.29741528630256653
XGB,3,1,1,0.6853716373443604
XGB,3,1,0,0.012755254283547401
XGB,3,0,0,0.3311295509338379
XGB,3,0,1,0.6536860466003418
XGB,3,0,0,0.012829679064452648
XGB,3,0,0,0.0020545588340610266
XGB,3,0,0,0.01239884551614523
XGB,3,0,0,0.05730840936303139
XGB,3,0,0,0.16511836647987366
XGB,3,1,1,0.7393350601196289
XGB,3,1,1,0.876400351524353
XGB,3,0,0,0.002449746709316969
XGB,3,0,0,0.047162674367427826
XGB,3,0,0,0.02127322368323803
XGB,3,0,0,0.0016280233394354582
XGB,3,0,0,0.003368246601894498
XGB,3,0,0,0.366952121257782
XGB,3,0,0,0.01113891787827015
XGB,3,0,0,0.028812609612941742
XGB,3,0,0,0.11883919686079025
XGB,3,1,0,0.47883450984954834
XGB,3,0,0,0.06487329304218292
XGB,3,0,0,0.11436838656663895
XGB,3,0,0,0.0952640101313591
XGB,3,0,0,0.3097681999206543
XGB,3,0,0,0.043693918734788895
XGB,3,0,0,0.46183133125305176
XGB,3,0,0,0.0010770002845674753
XGB,3,0,0,0.0016639637760818005
XGB,3,0,0,0.3143674433231354
XGB,3,0,0,0.05882028117775917
XGB,3,0,0,0.22212865948677063
XGB,3,0,0,0.01874777115881443
XGB,3,1,0,0.010683763772249222
XGB,3,0,0,0.03128548339009285
XGB,3,0,0,0.1517828404903412
XGB,3,0,1,0.7411102056503296
XGB,3,0,0,0.20206789672374725
XGB,3,0,0,0.005382601637393236
XGB,3,1,0,0.011804367415606976
XGB,3,0,0,0.22914470732212067
XGB,3,0,0,0.06005598232150078
XGB,3,1,0,0.007448873482644558
XGB,3,0,0,0.011710220016539097
XGB,3,0,0,0.009931250475347042
XGB,3,0,0,0.0037645194679498672
XGB,3,0,0,0.21122652292251587
XGB,3,0,0,0.2716027796268463
XGB,3,1,0,0.23649153113365173
XGB,3,0,1,0.5210638642311096
XGB,3,0,0,0.18111926317214966
XGB,3,0,0,0.013516798615455627
XGB,3,1,0,0.029332099482417107
XGB,3,0,1,0.944111704826355
XGB,3,0,0,0.33026817440986633
XGB,3,0,0,0.005167333874851465
XGB,3,1,0,0.04599848389625549
XGB,3,0,0,0.006534678861498833
XGB,3,0,0,0.021436667069792747
XGB,3,0,0,0.17837172746658325
XGB,3,0,0,0.35127538442611694
XGB,3,0,0,0.2683914601802826
XGB,3,0,0,0.15857455134391785
XGB,3,0,0,0.030399054288864136
XGB,3,0,0,0.13584588468074799
XGB,3,0,0,0.04619625210762024
XGB,3,1,0,0.16571804881095886
XGB,3,0,0,0.016032081097364426
XGB,3,0,0,0.01276309322565794
XGB,3,0,0,0.05426269397139549
XGB,3,0,0,0.06393997371196747
XGB,3,1,0,0.009252666495740414
XGB,3,0,0,0.18890108168125153
XGB,3,0,0,0.27669042348861694
XGB,3,0,1,0.7447699308395386
XGB,3,0,1,0.6549072861671448
XGB,3,1,0,0.14430664479732513
XGB,3,0,0,0.1670532524585724
XGB,3,0,1,0.8288721442222595
XGB,3,0,0,0.020172784104943275
XGB,3,1,0,0.018332237377762794
XGB,3,0,0,0.009777069091796875
XGB,3,0,0,0.009793258272111416
XGB,3,1,0,0.06393997371196747
XGB,3,1,1,0.6811807155609131
XGB,3,0,0,0.06139763072133064
XGB,3,0,1,0.5070632696151733
XGB,3,1,0,0.07004734873771667
XGB,3,0,0,0.07924425601959229
XGB,3,0,0,0.01174803264439106
XGB,3,1,1,0.5053113698959351
XGB,3,1,0,0.3499164581298828
XGB,3,0,1,0.5274447798728943
XGB,3,0,0,0.07306738942861557
XGB,3,0,0,0.26178067922592163
XGB,3,1,0,0.05161212757229805
XGB,3,0,0,0.11026105284690857
XGB,3,0,0,0.006280839443206787
XGB,3,0,0,0.0051001887768507
XGB,3,0,0,0.005223987624049187
XGB,3,0,0,0.14673498272895813
XGB,3,0,0,0.24637848138809204
XGB,3,1,0,0.1962912231683731
XGB,3,0,0,0.2077697068452835
XGB,3,1,0,0.014001408591866493
XGB,3,0,0,0.1461731642484665
XGB,3,0,0,0.02859090454876423
XGB,3,0,0,0.011798395775258541
XGB,3,0,0,0.0005297712632454932
XGB,3,0,0,0.020337771624326706
XGB,3,0,0,0.02664867229759693
XGB,3,0,0,0.0031752686481922865
XGB,3,1,0,0.05508328974246979
XGB,3,0,0,0.1042371392250061
XGB,3,0,0,0.4226374626159668
XGB,3,0,0,0.023270292207598686
XGB,3,0,0,0.014544474892318249
XGB,3,0,0,0.01781199499964714
XGB,3,0,0,0.18064002692699432
XGB,3,0,0,0.004460928030312061
XGB,3,0,0,0.015413396991789341
XGB,3,0,0,0.017544733360409737
XGB,3,0,0,0.002861490473151207
XGB,3,0,0,0.07916764169931412
XGB,3,0,0,0.06747506558895111
XGB,3,0,0,0.12497144192457199
XGB,3,0,0,0.0067138150334358215
XGB,3,0,0,0.006185754202306271
XGB,3,1,0,0.11342544108629227
XGB,3,1,0,0.3762863874435425
XGB,3,0,0,0.09250407665967941
XGB,3,0,0,0.03244898095726967
XGB,3,0,1,0.9522313475608826
XGB,3,0,0,0.18316355347633362
XGB,3,0,0,0.0018091205274686217
XGB,3,0,0,0.02478947304189205
XGB,3,0,1,0.5983737707138062
XGB,3,0,0,0.14380735158920288
XGB,3,0,0,0.11792296916246414
XGB,3,0,0,0.013606767170131207
XGB,3,0,0,0.0386626198887825
XGB,3,0,0,0.14116251468658447
XGB,3,0,0,0.016093961894512177
XGB,3,0,0,0.0478694923222065
XGB,3,1,0,0.10497507452964783
XGB,3,0,0,0.03956545889377594
XGB,3,0,0,0.007381140254437923
XGB,3,0,0,0.13161276280879974
XGB,3,0,0,0.10014057159423828
XGB,3,0,0,0.11081043630838394
XGB,3,0,0,0.03385498374700546
XGB,3,0,0,0.021666154265403748
XGB,3,1,0,0.30414679646492004
XGB,3,1,0,0.2952122986316681
XGB,3,0,0,0.22807173430919647
XGB,3,0,0,0.005831567570567131
XGB,3,0,0,0.012327051721513271
XGB,3,0,0,0.018724365159869194
XGB,3,0,0,0.06537830084562302
XGB,3,0,0,0.0019087146501988173
XGB,3,0,0,0.49820634722709656
XGB,3,1,0,0.06411418318748474
XGB,3,1,0,0.028991280123591423
XGB,3,0,1,0.8765795826911926
XGB,3,0,0,0.007051084190607071
XGB,3,1,0,0.032219402492046356
XGB,3,0,0,0.005529317073523998
XGB,3,0,0,0.08955295383930206
XGB,3,0,0,0.039335936307907104
XGB,3,0,0,0.2963253855705261
XGB,3,0,0,0.0025628216098994017
XGB,3,0,0,0.06715509295463562
XGB,3,1,0,0.13726013898849487
XGB,3,0,0,0.03843719884753227
XGB,3,0,0,0.07171442359685898
XGB,3,0,0,0.04167428985238075
XGB,3,0,1,0.5227257609367371
XGB,3,1,0,0.2053290456533432
XGB,3,0,0,0.005144997499883175
XGB,3,0,1,0.717812716960907
XGB,3,0,0,0.002528283977881074
XGB,3,0,0,0.046545106917619705
XGB,3,1,0,0.023448606953024864
XGB,3,0,0,0.0036864480935037136
XGB,3,0,0,0.03351316228508949
XGB,3,0,0,0.09658192098140717
XGB,3,1,0,0.011219707317650318
XGB,3,1,0,0.18431296944618225
XGB,3,1,0,0.1429825872182846
XGB,3,0,0,0.010459234938025475
XGB,3,0,0,0.14906001091003418
XGB,3,0,0,0.14542259275913239
XGB,3,0,1,0.5862617492675781
XGB,3,0,0,0.009138854220509529
XGB,3,0,0,0.0248494241386652
XGB,3,0,0,0.07147888094186783
XGB,3,0,0,0.12060629576444626
XGB,3,0,0,0.1840323805809021
XGB,3,0,0,0.32451799511909485
XGB,3,0,0,0.13917958736419678
XGB,3,0,0,0.00553897675126791
XGB,3,0,0,0.3044005036354065
XGB,3,0,0,0.10514308512210846
XGB,3,0,1,0.5572368502616882
XGB,3,0,0,0.011468369513750076
XGB,3,0,0,0.2171017825603485
XGB,3,1,0,0.0008658600854687393
XGB,3,0,0,0.41228634119033813
XGB,3,1,0,0.04200315475463867
XGB,3,1,1,0.5240631103515625
XGB,3,0,0,0.1884821355342865
XGB,3,0,0,0.07016085088253021
XGB,3,0,0,0.030830448493361473
XGB,3,1,0,0.34014493227005005
XGB,3,0,0,0.017592979595065117
XGB,3,0,1,0.9348245859146118
XGB,3,0,0,0.0035666499752551317
XGB,3,0,0,0.05856965854763985
XGB,3,0,0,0.002724389312788844
XGB,3,1,0,0.05281814932823181
XGB,3,0,1,0.8059033751487732
XGB,3,0,0,0.002721145749092102
XGB,3,0,0,0.019240256398916245
XGB,3,0,0,0.02139938250184059
XGB,3,1,0,0.10724487155675888
XGB,3,0,1,0.7420706152915955
XGB,3,0,0,0.015822110697627068
XGB,3,0,0,0.05436268076300621
XGB,3,0,0,0.03510892763733864
XGB,3,0,1,0.5430558919906616
XGB,3,0,0,0.048131003975868225
XGB,3,0,0,0.45932134985923767
XGB,3,1,1,0.9822738766670227
XGB,3,0,0,0.0022141688968986273
XGB,3,1,1,0.8318724036216736
XGB,3,0,0,0.26189368963241577
XGB,3,0,0,0.29307010769844055
XGB,3,0,0,0.01775907538831234
XGB,3,0,0,0.05525517836213112
XGB,3,0,0,0.013239998370409012
XGB,3,0,1,0.6707595586776733
XGB,3,0,0,0.23778554797172546
XGB,3,0,1,0.7271508574485779
XGB,3,0,0,0.05994855612516403
XGB,3,0,0,0.014845331199467182
XGB,3,1,0,0.3029097020626068
XGB,3,1,0,0.11472776532173157
XGB,3,1,1,0.7616131901741028
XGB,3,0,0,0.006272012367844582
XGB,3,1,0,0.17344316840171814
XGB,3,0,0,0.0015852473443374038
XGB,3,1,1,0.8881434202194214
XGB,3,0,0,0.023364154621958733
XGB,3,0,0,0.08269978314638138
XGB,3,0,0,0.05871622636914253
XGB,3,0,0,0.0037379637360572815
XGB,3,1,0,0.053640082478523254
XGB,3,0,0,0.0824364423751831
XGB,3,0,0,0.05626455694437027
XGB,3,1,0,0.054882749915122986
XGB,3,0,0,0.02190159447491169
XGB,3,0,1,0.5867781639099121
XGB,3,0,0,0.20008864998817444
XGB,3,0,0,0.03572120517492294
XGB,3,0,0,0.023936957120895386
XGB,3,0,0,0.009516686201095581
XGB,3,1,0,0.021434875205159187
XGB,3,0,1,0.9186738729476929
XGB,3,0,0,0.0458686500787735
XGB,3,0,0,0.2818745970726013
XGB,3,1,0,0.0521763451397419
XGB,3,1,1,0.8405827283859253
XGB,3,0,1,0.9690107703208923
XGB,3,0,0,0.029039399698376656
XGB,3,1,0,0.001432310789823532
XGB,3,0,0,0.012402969412505627
XGB,3,0,0,0.2121860235929489
XGB,3,1,1,0.5392070412635803
XGB,3,0,0,0.09300165623426437
XGB,3,0,0,0.03554043918848038
XGB,3,1,1,0.9795291423797607
XGB,3,0,0,0.22929178178310394
XGB,3,1,0,0.12327735871076584
XGB,3,0,0,0.2401459664106369
XGB,3,0,0,0.04273555800318718
XGB,3,0,0,0.116054005920887
XGB,3,0,0,0.0012070690281689167
XGB,3,1,0,0.2502623498439789
XGB,3,0,0,0.09491539001464844
XGB,3,1,0,0.052251823246479034
XGB,3,0,0,0.019698085263371468
XGB,3,0,0,0.29645079374313354
XGB,3,0,0,0.2672531008720398
XGB,3,0,0,0.012209432199597359
XGB,3,0,0,0.00849778950214386
XGB,3,0,0,0.18232205510139465
XGB,3,0,0,0.04788454622030258
XGB,3,0,0,0.053395312279462814
XGB,3,0,0,0.02770772948861122
XGB,3,1,0,0.04319329559803009
XGB,3,0,0,0.001085861586034298
XGB,3,0,0,0.03359628841280937
XGB,3,0,0,0.058612558990716934
XGB,3,0,0,0.025083445012569427
XGB,3,0,0,0.004379589110612869
XGB,3,0,1,0.6858238577842712
XGB,3,0,0,0.023576611652970314
XGB,3,0,0,0.013859645463526249
XGB,3,1,0,0.05708006024360657
XGB,3,1,1,0.9706017374992371
XGB,3,0,0,0.35797420144081116
XGB,3,0,0,0.39427894353866577
XGB,3,0,0,0.13157787919044495
XGB,3,1,0,0.05162740498781204
XGB,3,0,0,0.47276389598846436
XGB,3,1,0,0.03006802313029766
XGB,3,0,0,0.3080842196941376
XGB,3,0,0,0.007607388310134411
XGB,3,0,0,0.0115109384059906
XGB,3,0,1,0.8585110902786255
XGB,3,0,0,0.432257741689682
XGB,3,0,0,0.000571307260543108
XGB,3,0,0,0.031999487429857254
XGB,3,0,0,0.0233012605458498
XGB,3,0,0,0.004501077346503735
XGB,3,0,0,0.020565088838338852
XGB,3,0,0,0.017386162653565407
XGB,3,1,0,0.4934489130973816
XGB,3,0,0,0.10187891870737076
XGB,3,1,0,0.2616252601146698
XGB,3,0,0,0.026621166616678238
XGB,3,0,0,0.003183146473020315
XGB,3,0,0,0.40538454055786133
XGB,3,0,0,0.010312357917428017
XGB,3,1,0,0.008125204592943192
XGB,3,0,1,0.5638510584831238
XGB,3,0,1,0.7672330141067505
XGB,3,0,1,0.5159373879432678
XGB,3,0,0,0.04730231314897537
XGB,3,0,0,0.05892888456583023
XGB,3,1,0,0.12400072067975998
XGB,3,0,0,0.3176894187927246
XGB,3,0,0,0.010362502187490463
XGB,3,1,1,0.8572410941123962
XGB,3,1,0,0.4507003128528595
XGB,3,0,0,0.08074946701526642
XGB,3,0,0,0.011399327777326107
XGB,3,0,0,0.3704541325569153
XGB,3,0,0,0.00858041737228632
XGB,3,0,1,0.6965014934539795
XGB,3,0,0,0.48330116271972656
XGB,3,0,0,0.17294085025787354
XGB,3,0,0,0.1113017275929451
XGB,3,0,0,0.10683617740869522
XGB,3,1,1,0.6675792336463928
XGB,3,0,0,0.025729551911354065
XGB,3,0,0,0.020057152956724167
XGB,3,0,0,0.08969840407371521
XGB,3,0,0,0.0032380709890276194
XGB,3,0,0,0.0052817221730947495
XGB,3,0,1,0.762326717376709
XGB,3,0,0,0.021018126979470253
XGB,3,0,1,0.9149395823478699
XGB,3,0,0,0.04948743060231209
XGB,3,0,0,0.026817481964826584
XGB,3,0,0,0.03886973857879639
XGB,3,0,0,0.03850475698709488
XGB,3,0,0,0.17494946718215942
XGB,3,0,0,0.33620399236679077
XGB,3,0,0,0.06333741545677185
XGB,3,1,0,0.06640516966581345
XGB,3,0,1,0.717495858669281
XGB,3,1,0,0.06575582921504974
XGB,3,0,0,0.021840445697307587
XGB,3,0,0,0.2798764407634735
XGB,3,0,0,0.10346291959285736
XGB,3,0,0,0.04226343333721161
XGB,3,1,1,0.8358121514320374
XGB,3,0,0,0.016999559476971626
XGB,3,1,0,0.3288605809211731
XGB,3,1,0,0.07280976325273514
XGB,3,1,0,0.06054193526506424
XGB,3,0,0,0.032592397183179855
XGB,3,1,0,0.2750161588191986
XGB,3,0,0,0.10143594443798065
XGB,3,0,0,0.005959899164736271
XGB,3,1,0,0.08985058218240738
XGB,3,0,0,0.015041908249258995
XGB,3,1,0,0.15014681220054626
XGB,3,0,0,0.030499834567308426
XGB,3,0,0,0.4113101363182068
XGB,3,0,0,0.13536550104618073
XGB,3,0,0,0.0020105717703700066
XGB,3,1,0,0.025354797020554543
XGB,3,0,0,0.015048847533762455
XGB,3,0,0,0.08592578768730164
XGB,3,0,0,0.3079984784126282
XGB,3,0,0,0.012616457417607307
XGB,3,0,0,0.015160360373556614
XGB,3,0,0,0.005988621152937412
XGB,3,0,0,0.14080044627189636
XGB,3,0,0,0.11679895967245102
XGB,3,0,0,0.44343698024749756
XGB,3,0,0,0.04392915591597557
XGB,3,0,0,0.04216327890753746
XGB,3,0,0,0.015127744525671005
XGB,3,0,0,0.041893135756254196
XGB,3,0,0,0.009993165731430054
XGB,3,0,0,0.04842258617281914
XGB,3,1,0,0.07263302803039551
XGB,3,0,0,0.11707023531198502
XGB,3,1,1,0.9599080681800842
XGB,3,1,0,0.08910374343395233
XGB,3,0,0,0.009163286536931992
XGB,3,1,0,0.0665501207113266
XGB,3,1,0,0.017802663147449493
XGB,3,0,0,0.2498229742050171
XGB,3,0,0,0.06132696196436882
XGB,3,0,1,0.9645700454711914
XGB,3,0,0,0.055460672825574875
XGB,3,0,0,0.016888774931430817
XGB,3,0,0,0.38488441705703735
XGB,3,0,0,0.0029271214734762907
XGB,3,0,0,0.3846944272518158
XGB,3,0,0,0.07480388134717941
XGB,3,0,0,0.14159594476222992
XGB,3,0,0,0.00955281499773264
XGB,3,0,1,0.7349568605422974
XGB,3,0,0,0.019166341051459312
XGB,3,0,0,0.17914551496505737
XGB,3,0,1,0.6402913331985474
XGB,3,0,0,0.03711235150694847
XGB,3,1,0,0.05163643881678581
XGB,3,0,0,0.0034670429304242134
XGB,3,0,0,0.17821379005908966
XGB,3,0,0,0.03629685193300247
XGB,3,0,0,0.3661987781524658
XGB,3,1,1,0.5533154010772705
XGB,3,0,0,0.025615284219384193
XGB,3,0,0,0.0031817457638680935
XGB,3,0,0,0.03513023257255554
XGB,3,0,0,0.0005330725689418614
XGB,3,0,1,0.5652422904968262
XGB,3,0,0,0.013567361049354076
XGB,3,0,0,0.18117347359657288
XGB,3,1,0,0.029724717140197754
XGB,3,1,0,0.0059646498411893845
XGB,3,1,0,0.3243071436882019
XGB,3,0,0,0.08932559937238693
XGB,3,0,0,0.009533051401376724
XGB,3,0,0,0.07780776172876358
XGB,3,0,0,0.17737233638763428
XGB,3,1,0,0.12880997359752655
XGB,3,0,0,0.06710982322692871
XGB,3,1,0,0.02674943208694458
XGB,3,0,0,0.01586257666349411
XGB,3,0,0,0.007387927733361721
XGB,3,1,0,0.14949297904968262
XGB,3,1,0,0.29788902401924133
XGB,3,0,1,0.6744097471237183
XGB,3,1,0,0.07551218569278717
XGB,3,0,0,0.004089308436959982
XGB,3,0,0,0.02248324826359749
XGB,3,0,0,0.036562900990247726
XGB,3,0,0,0.07697387784719467
XGB,3,1,0,0.06181437149643898
XGB,3,0,0,0.09872616082429886
XGB,3,0,0,0.019567176699638367
XGB,3,0,0,0.19818302989006042
XGB,3,0,0,0.33707550168037415
XGB,3,0,0,0.02030091919004917
XGB,3,0,0,0.008843200281262398
XGB,3,0,0,0.007975309155881405
XGB,3,0,0,0.007900968194007874
XGB,3,0,1,0.7350274920463562
XGB,3,1,1,0.607262372970581
XGB,3,0,0,0.005598211660981178
XGB,3,1,0,0.36835309863090515
XGB,3,1,0,0.010971595533192158
XGB,3,0,0,0.20079860091209412
XGB,3,0,0,0.011991595849394798
XGB,3,0,0,0.05904041603207588
XGB,3,1,0,0.04039978235960007
XGB,3,0,0,0.0034482628107070923
XGB,3,1,0,0.2764330804347992
XGB,3,0,0,0.2679084837436676
XGB,3,0,0,0.2710839509963989
XGB,3,0,0,0.032910581678152084
XGB,3,0,0,0.0535043440759182
XGB,3,0,0,0.20297932624816895
XGB,3,0,0,0.08821990340948105
XGB,3,0,0,0.008340781554579735
XGB,3,1,1,0.907218337059021
XGB,3,0,0,0.06684526056051254
XGB,3,1,0,0.09556476026773453
XGB,3,0,0,0.048597969114780426
XGB,3,0,0,0.006457503419369459
XGB,3,0,1,0.5763776898384094
XGB,3,0,0,0.015988832339644432
XGB,3,0,0,0.024122148752212524
XGB,3,1,0,0.0035250126384198666
XGB,3,0,0,0.09328582137823105
XGB,3,1,1,0.556562602519989
XGB,3,0,0,0.056332312524318695
XGB,3,0,0,0.0006562486523762345
XGB,3,1,0,0.012230481021106243
XGB,3,0,0,0.03772828355431557
XGB,3,1,0,0.07175204902887344
XGB,3,1,0,0.031069105491042137
XGB,3,1,0,0.016097474843263626
XGB,3,0,0,0.003037543734535575
XGB,3,0,0,0.02277938835322857
XGB,3,1,0,0.1828307956457138
XGB,3,0,0,0.01922510750591755
XGB,3,0,1,0.5042486190795898
XGB,3,1,1,0.5651420950889587
XGB,3,1,0,0.09155017137527466
XGB,3,0,1,0.7789887189865112
XGB,3,0,0,0.056607436388731
XGB,3,0,0,0.42146798968315125
XGB,3,0,0,0.34624701738357544
XGB,3,1,0,0.1404387354850769
XGB,3,0,0,0.07218915224075317
XGB,3,0,0,0.01167514082044363
XGB,3,0,0,0.2102385312318802
XGB,3,0,0,0.08770535886287689
XGB,3,0,0,0.10787138342857361
XGB,3,0,0,0.012703340500593185
XGB,3,1,0,0.008218511007726192
XGB,3,0,0,0.33153635263442993
XGB,3,1,0,0.05882028117775917
XGB,3,1,0,0.46597549319267273
XGB,3,1,1,0.5169607400894165
XGB,3,0,0,0.03185013309121132
XGB,3,1,0,0.23801931738853455
XGB,3,0,0,0.04233618080615997
XGB,3,0,0,0.016622280701994896
XGB,3,1,0,0.06398523598909378
XGB,3,0,0,0.00514460913836956
XGB,3,0,0,0.24192790687084198
XGB,3,1,1,0.6913803219795227
XGB,3,0,0,0.48842981457710266
XGB,3,0,0,0.0047334725968539715
XGB,3,0,0,0.010288858786225319
XGB,3,1,0,0.33128732442855835
XGB,3,0,0,0.27372780442237854
XGB,3,0,0,0.03679880127310753
XGB,3,0,0,0.04202290251851082
XGB,3,0,0,0.031811509281396866
XGB,3,1,0,0.0400843471288681
XGB,3,0,0,0.021355535835027695
XGB,3,0,0,0.0012034022947773337
XGB,3,0,0,0.12093451619148254
XGB,3,0,0,0.008387644775211811
XGB,3,0,0,0.18158015608787537
XGB,3,0,0,0.0012292512692511082
XGB,3,0,0,0.05047927051782608
XGB,3,1,1,0.8475865125656128
XGB,3,1,1,0.6342259645462036
XGB,3,1,0,0.02709456905722618
XGB,3,0,0,0.001751862931996584
XGB,3,1,0,0.10380331426858902
XGB,3,0,0,0.0062160794623196125
XGB,3,0,0,0.33770596981048584
XGB,3,0,0,0.015105382539331913
XGB,3,0,0,0.07185061275959015
XGB,3,0,0,0.36349111795425415
XGB,3,0,0,0.011954535730183125
XGB,3,0,0,0.3495774567127228
XGB,3,0,0,0.10616537928581238
XGB,3,0,0,0.24234047532081604
XGB,3,0,0,0.2847239375114441
XGB,3,0,0,0.026511142030358315
XGB,3,0,1,0.5849737524986267
XGB,3,0,0,0.0009376093512400985
XGB,3,0,1,0.5788036584854126
XGB,3,0,0,0.07689111679792404
XGB,3,0,0,0.18861714005470276
XGB,3,1,0,0.14119260013103485
XGB,3,0,0,0.0036827002186328173
XGB,3,0,0,0.01055824663490057
XGB,3,0,0,0.004705287516117096
XGB,3,0,0,0.10694508254528046
XGB,3,0,0,0.0016852578846737742
XGB,3,0,0,0.13824036717414856
XGB,3,0,0,0.011202084831893444
XGB,3,0,0,0.1500341296195984
XGB,3,1,0,0.03974757716059685
XGB,3,0,1,0.9539093375205994
XGB,3,0,0,0.19516831636428833
XGB,3,0,0,0.006656298879534006
XGB,3,0,0,0.02101844921708107
XGB,3,0,0,0.024806885048747063
XGB,3,0,0,0.011376586742699146
XGB,3,0,0,0.015491999685764313
XGB,3,1,0,0.06257560104131699
XGB,3,0,0,0.2860768735408783
XGB,3,0,1,0.5986761450767517
XGB,3,0,0,0.018477199599146843
XGB,3,0,0,0.03955795243382454
XGB,3,0,0,0.35105034708976746
XGB,3,0,0,0.004221170209348202
XGB,3,0,0,0.03415190801024437
XGB,3,0,0,0.07792984694242477
XGB,3,1,0,0.10849212110042572
XGB,3,0,0,0.02355913445353508
XGB,3,1,0,0.020092841237783432
XGB,3,0,0,0.2232370674610138
XGB,3,1,0,0.15091808140277863
XGB,3,0,0,0.00607434893026948
XGB,3,0,0,0.0027092678938061
XGB,3,0,0,0.01156002376228571
XGB,3,1,0,0.16948336362838745
XGB,3,0,0,0.005601195618510246
XGB,3,0,0,0.01287894882261753
XGB,3,0,0,0.2786409258842468
XGB,3,1,0,0.04133613035082817
XGB,3,0,0,0.33065712451934814
XGB,3,0,1,0.8667758107185364
XGB,3,0,0,0.07053056359291077
XGB,3,1,1,0.7037137150764465
XGB,3,0,0,0.0006158614996820688
XGB,3,1,1,0.6190963983535767
XGB,3,0,0,0.11014971882104874
XGB,3,0,0,0.002491322113201022
XGB,3,0,1,0.5190441608428955
XGB,3,0,0,0.04301067814230919
XGB,3,0,0,0.11907496303319931
XGB,3,1,0,0.30032071471214294
XGB,3,0,0,0.20789684355258942
XGB,3,0,0,0.42622649669647217
XGB,3,0,0,0.35270431637763977
XGB,3,1,0,0.18775886297225952
XGB,3,0,0,0.009121433831751347
XGB,3,0,0,0.049011725932359695
XGB,3,0,0,0.2034379243850708
XGB,3,0,0,0.04879751056432724
XGB,3,0,0,0.016992071643471718
XGB,3,0,0,0.02051243558526039
XGB,3,0,1,0.8935489654541016
XGB,3,0,0,0.0781923159956932
XGB,3,0,0,0.013729562051594257
XGB,3,0,0,0.04876607656478882
XGB,3,0,0,0.029399819672107697
XGB,3,1,0,0.4804575443267822
XGB,3,0,0,0.004402440506964922
XGB,3,0,0,0.4117560386657715
XGB,3,0,0,0.008941533043980598
XGB,3,0,0,0.16213667392730713
XGB,3,0,0,0.009381970390677452
XGB,3,1,0,0.11144939810037613
XGB,3,0,0,0.04230599105358124
XGB,3,0,0,0.005910928826779127
XGB,3,0,0,0.00864145252853632
XGB,3,0,0,0.3710140883922577
XGB,3,0,0,0.027335209771990776
XGB,3,1,0,0.06677919626235962
XGB,3,0,0,0.09641295671463013
XGB,3,0,0,0.020362498238682747
XGB,3,1,0,0.02416815795004368
XGB,3,0,0,0.10089866816997528
XGB,3,0,0,0.014679232612252235
XGB,3,0,0,0.013528883457183838
XGB,3,0,0,0.0797591581940651
XGB,3,0,1,0.8255396485328674
XGB,3,0,0,0.2054435759782791
XGB,3,0,0,0.09785538166761398
XGB,3,0,1,0.9255463480949402
XGB,3,0,1,0.9445990324020386
XGB,3,0,1,0.5214998126029968
XGB,3,0,0,0.052601199597120285
XGB,3,0,0,0.021589819341897964
XGB,3,0,0,0.04119684547185898
XGB,3,0,0,0.14547815918922424
XGB,3,0,0,0.1153339371085167
XGB,3,0,0,0.023071760311722755
XGB,3,0,0,0.29758182168006897
XGB,3,0,0,0.012188856489956379
XGB,3,0,0,0.006636200938373804
XGB,3,0,0,0.00498173339292407
XGB,3,0,0,0.0027520654257386923
XGB,3,0,0,0.022838300094008446
XGB,3,0,0,0.12891246378421783
XGB,3,0,1,0.978129506111145
XGB,3,0,0,0.1469271332025528
XGB,3,0,0,0.21588537096977234
XGB,3,0,1,0.5895106196403503
XGB,3,0,0,0.014647390693426132
XGB,3,0,0,0.17850148677825928
XGB,3,0,0,0.03386123850941658
XGB,4,0,1,0.7104721069335938
XGB,4,0,0,0.061563797295093536
XGB,4,0,0,0.0053954957984387875
XGB,4,0,0,0.32955479621887207
XGB,4,1,1,0.6770331859588623
XGB,4,0,0,0.008147462271153927
XGB,4,0,0,0.19403262436389923
XGB,4,0,0,0.0017724876524880528
XGB,4,0,1,0.9349842071533203
XGB,4,0,0,0.20872804522514343
XGB,4,0,0,0.40789487957954407
XGB,4,0,0,0.3336889147758484
XGB,4,0,1,0.7008181214332581
XGB,4,0,0,0.013076556846499443
XGB,4,0,1,0.8918308019638062
XGB,4,1,0,0.23074492812156677
XGB,4,1,0,0.016076846048235893
XGB,4,0,0,0.01435952726751566
XGB,4,0,0,0.018276089802384377
XGB,4,0,0,0.006402768660336733
XGB,4,0,0,0.12582650780677795
XGB,4,0,0,0.014263029210269451
XGB,4,0,0,0.01077724527567625
XGB,4,0,0,0.4316527247428894
XGB,4,0,0,0.056634288281202316
XGB,4,0,0,0.4599230885505676
XGB,4,1,0,0.4900180995464325
XGB,4,0,0,0.3363408148288727
XGB,4,0,0,0.3358781635761261
XGB,4,0,0,0.07223694771528244
XGB,4,0,0,0.07248729467391968
XGB,4,0,0,0.03197779506444931
XGB,4,1,0,0.06798667460680008
XGB,4,0,1,0.8242180943489075
XGB,4,1,1,0.9823388457298279
XGB,4,0,0,0.003656759625300765
XGB,4,0,0,0.08525970578193665
XGB,4,0,0,0.007413806859403849
XGB,4,1,0,0.1347755789756775
XGB,4,0,0,0.3256842792034149
XGB,4,0,0,0.09094738215208054
XGB,4,0,0,0.26899608969688416
XGB,4,0,0,0.10876984149217606
XGB,4,0,0,0.03876442834734917
XGB,4,0,0,0.2521742284297943
XGB,4,0,0,0.0305375587195158
XGB,4,0,0,0.07254592329263687
XGB,4,1,1,0.9949890971183777
XGB,4,0,1,0.9302047491073608
XGB,4,0,0,0.015253505669534206
XGB,4,1,0,0.028910044580698013
XGB,4,1,1,0.9415364861488342
XGB,4,0,0,0.12267963588237762
XGB,4,0,0,0.15926027297973633
XGB,4,0,0,0.07682078331708908
XGB,4,0,0,0.06422997266054153
XGB,4,0,1,0.5128672122955322
XGB,4,0,0,0.015004504472017288
XGB,4,1,1,0.8201431035995483
XGB,4,0,0,0.2191479355096817
XGB,4,0,1,0.8188279271125793
XGB,4,0,0,0.024918867275118828
XGB,4,1,0,0.08716744929552078
XGB,4,1,0,0.007072462700307369
XGB,4,0,0,0.06376913189888
XGB,4,0,0,0.056619204580783844
XGB,4,0,0,0.12686319649219513
XGB,4,1,1,0.576414942741394
XGB,4,0,0,0.052254125475883484
XGB,4,0,0,0.06371048837900162
XGB,4,0,0,0.003471368458122015
XGB,4,1,0,0.14926709234714508
XGB,4,1,0,0.03828328475356102
XGB,4,1,0,0.08629366010427475
XGB,4,1,1,0.5601239800453186
XGB,4,0,0,0.012520483694970608
XGB,4,0,0,0.17645828425884247
XGB,4,0,0,0.1049288883805275
XGB,4,0,0,0.043516259640455246
XGB,4,0,0,0.010484128259122372
XGB,4,0,0,0.3313291072845459
XGB,4,0,0,0.029812561348080635
XGB,4,0,0,0.14523495733737946
XGB,4,0,0,0.018298877403140068
XGB,4,0,0,0.11229747533798218
XGB,4,1,0,0.322802871465683
XGB,4,1,0,0.18907569348812103
XGB,4,1,1,0.9390600323677063
XGB,4,0,0,0.26376578211784363
XGB,4,0,0,0.1459943801164627
XGB,4,0,0,0.4106547236442566
XGB,4,1,0,0.030898384749889374
XGB,4,0,0,0.01856442727148533
XGB,4,1,0,0.3486190438270569
XGB,4,1,1,0.8242393136024475
XGB,4,0,0,0.034999724477529526
XGB,4,0,0,0.013541872613132
XGB,4,1,0,0.0625004991889
XGB,4,0,0,0.04085574671626091
XGB,4,0,0,0.16274839639663696
XGB,4,0,0,0.021429600194096565
XGB,4,0,0,0.012151273898780346
XGB,4,0,0,0.030796721577644348
XGB,4,0,0,0.009697173722088337
XGB,4,0,0,0.16932055354118347
XGB,4,0,0,0.386716365814209
XGB,4,0,0,0.20565509796142578
XGB,4,0,0,0.07983003556728363
XGB,4,0,0,0.1884053498506546
XGB,4,0,0,0.00668863020837307
XGB,4,0,0,0.049971211701631546
XGB,4,0,0,0.11437065154314041
XGB,4,0,0,0.05870440602302551
XGB,4,0,0,0.03147109970450401
XGB,4,0,0,0.4659873843193054
XGB,4,0,0,0.07040895521640778
XGB,4,0,0,0.14495031535625458
XGB,4,0,0,0.11686801165342331
XGB,4,0,0,0.020235758274793625
XGB,4,0,0,0.05892850086092949
XGB,4,0,0,0.05170484259724617
XGB,4,0,0,0.03911322355270386
XGB,4,0,0,0.09784957766532898
XGB,4,0,0,0.38746994733810425
XGB,4,0,0,0.0974259003996849
XGB,4,0,0,0.0573231466114521
XGB,4,0,0,0.08607619255781174
XGB,4,1,0,0.12987343966960907
XGB,4,1,1,0.9969173669815063
XGB,4,0,0,0.019280333071947098
XGB,4,0,0,0.08919189125299454
XGB,4,0,0,0.10510024428367615
XGB,4,1,1,0.5156541466712952
XGB,4,0,0,0.19297820329666138
XGB,4,0,0,0.0026601257268339396
XGB,4,0,0,0.06511235982179642
XGB,4,0,0,0.006699713878333569
XGB,4,0,0,0.11487103253602982
XGB,4,0,0,0.2254229187965393
XGB,4,0,0,0.22088104486465454
XGB,4,0,0,0.002190263941884041
XGB,4,0,0,0.013680737465620041
XGB,4,1,0,0.027630962431430817
XGB,4,0,0,0.002534888219088316
XGB,4,0,1,0.696053147315979
XGB,4,0,0,0.2968921363353729
XGB,4,0,0,0.4493456780910492
XGB,4,0,1,0.5783815979957581
XGB,4,0,0,0.09797528386116028
XGB,4,0,0,0.37050843238830566
XGB,4,1,0,0.017407085746526718
XGB,4,0,0,0.013681651093065739
XGB,4,0,0,0.05565808713436127
XGB,4,0,0,0.024025708436965942
XGB,4,1,0,0.0036481304559856653
XGB,4,0,0,0.17736880481243134
XGB,4,0,0,0.3792470395565033
XGB,4,1,0,0.15825875103473663
XGB,4,0,0,0.07429613173007965
XGB,4,0,0,0.4038086533546448
XGB,4,1,0,0.0851825401186943
XGB,4,0,0,0.017673281952738762
XGB,4,0,0,0.08116244524717331
XGB,4,1,0,0.3874521255493164
XGB,4,0,0,0.1277388036251068
XGB,4,0,0,0.09788045287132263
XGB,4,0,1,0.8710534572601318
XGB,4,0,0,0.21539561450481415
XGB,4,0,0,0.0157481636852026
XGB,4,0,0,0.008637923747301102
XGB,4,0,0,0.014527331106364727
XGB,4,0,0,0.11746815592050552
XGB,4,0,0,0.05886507034301758
XGB,4,0,0,0.11414165049791336
XGB,4,1,0,0.03393230214715004
XGB,4,0,1,0.7903629541397095
XGB,4,0,0,0.021167108789086342
XGB,4,0,0,0.018666688352823257
XGB,4,1,0,0.4189172387123108
XGB,4,0,0,0.14233335852622986
XGB,4,0,0,0.10335558652877808
XGB,4,0,0,0.034895963966846466
XGB,4,1,0,0.011351782828569412
XGB,4,0,0,0.4444062113761902
XGB,4,1,0,0.059771548956632614
XGB,4,1,1,0.957039475440979
XGB,4,0,0,0.019514156505465508
XGB,4,0,0,0.021073732525110245
XGB,4,0,0,0.36644643545150757
XGB,4,0,0,0.020860686898231506
XGB,4,1,1,0.9813206791877747
XGB,4,0,0,0.011857572942972183
XGB,4,0,0,0.07729154825210571
XGB,4,0,0,0.05012112483382225
XGB,4,1,0,0.0025093620643019676
XGB,4,0,0,0.23166361451148987
XGB,4,0,1,0.5196545124053955
XGB,4,0,0,0.11234385520219803
XGB,4,0,0,0.009453697130084038
XGB,4,0,0,0.16270217299461365
XGB,4,0,0,0.08256664127111435
XGB,4,0,0,0.00823067408055067
XGB,4,0,0,0.009201841428875923
XGB,4,1,0,0.01623702049255371
XGB,4,0,0,0.0012153387069702148
XGB,4,0,0,0.05300522595643997
XGB,4,0,0,0.4322536289691925
XGB,4,1,0,0.3757604956626892
XGB,4,0,0,0.033723700791597366
XGB,4,0,0,0.03865303471684456
XGB,4,1,1,0.6169185638427734
XGB,4,0,0,0.03245840594172478
XGB,4,0,0,0.017966294661164284
XGB,4,0,0,0.004213940817862749
XGB,4,1,1,0.6562495231628418
XGB,4,0,0,0.008139828220009804
XGB,4,0,0,0.08758209645748138
XGB,4,1,0,0.23465347290039062
XGB,4,0,0,0.080722875893116
XGB,4,0,0,0.0330803208053112
XGB,4,0,0,0.3354959189891815
XGB,4,0,0,0.11447244137525558
XGB,4,0,0,0.1703992336988449
XGB,4,1,0,0.019077008590102196
XGB,4,0,0,0.027873007580637932
XGB,4,0,0,0.009935738518834114
XGB,4,0,0,0.09997562319040298
XGB,4,1,0,0.2561289668083191
XGB,4,0,0,0.4723139703273773
XGB,4,1,0,0.008259949274361134
XGB,4,1,0,0.22055387496948242
XGB,4,0,0,0.22491663694381714
XGB,4,0,0,0.013686657883226871
XGB,4,0,0,0.14654101431369781
XGB,4,0,0,0.014655258506536484
XGB,4,0,0,0.004123232327401638
XGB,4,0,0,0.012286282144486904
XGB,4,0,0,0.11419905722141266
XGB,4,0,0,0.022622667253017426
XGB,4,0,0,0.14926734566688538
XGB,4,1,0,0.04220869764685631
XGB,4,0,0,0.012695048935711384
XGB,4,0,0,0.004442985635250807
XGB,4,0,0,0.0015138317830860615
XGB,4,0,0,0.02744057960808277
XGB,4,0,0,0.21289871633052826
XGB,4,0,0,0.23299576342105865
XGB,4,0,1,0.770518958568573
XGB,4,1,0,0.035868920385837555
XGB,4,1,0,0.013162823393940926
XGB,4,0,0,0.01658588834106922
XGB,4,1,1,0.5580032467842102
XGB,4,1,0,0.2670285105705261
XGB,4,1,0,0.15746498107910156
XGB,4,1,1,0.9535204768180847
XGB,4,0,0,0.43920525908470154
XGB,4,0,0,0.014416307210922241
XGB,4,0,0,0.3959796130657196
XGB,4,0,1,0.8453382849693298
XGB,4,0,0,0.039314769208431244
XGB,4,0,0,0.2579789161682129
XGB,4,0,0,0.09284703433513641
XGB,4,1,0,0.020760172978043556
XGB,4,0,0,0.0385684110224247
XGB,4,0,0,0.0655454769730568
XGB,4,0,0,0.002011470263823867
XGB,4,0,0,0.13665039837360382
XGB,4,0,0,0.059252265840768814
XGB,4,0,0,0.14322426915168762
XGB,4,0,0,0.1457623690366745
XGB,4,0,1,0.9406042695045471
XGB,4,0,1,0.8999261856079102
XGB,4,0,0,0.10442221164703369
XGB,4,0,0,0.4831606447696686
XGB,4,0,0,0.04120770841836929
XGB,4,0,0,0.03954192250967026
XGB,4,0,0,0.1570618748664856
XGB,4,0,1,0.9334855079650879
XGB,4,0,0,0.013182870112359524
XGB,4,0,0,0.012095586396753788
XGB,4,0,0,0.1579059511423111
XGB,4,0,1,0.6618815660476685
XGB,4,0,0,0.007606218568980694
XGB,4,1,0,0.08275241404771805
XGB,4,0,0,0.0011666779173538089
XGB,4,1,0,0.14722725749015808
XGB,4,0,0,0.03423957899212837
XGB,4,1,0,0.13992522656917572
XGB,4,0,0,0.017016427591443062
XGB,4,0,1,0.8903053998947144
XGB,4,0,0,0.18676161766052246
XGB,4,0,0,0.09915108978748322
XGB,4,0,0,0.05670170485973358
XGB,4,0,1,0.7418926954269409
XGB,4,0,0,0.3500451147556305
XGB,4,1,1,0.9885903000831604
XGB,4,0,0,0.05471177026629448
XGB,4,0,0,0.2975635528564453
XGB,4,1,0,0.4102388322353363
XGB,4,0,0,0.21276003122329712
XGB,4,1,0,0.3006736934185028
XGB,4,0,0,0.22315506637096405
XGB,4,0,0,0.1352958381175995
XGB,4,0,0,0.4332864284515381
XGB,4,1,0,0.02641414850950241
XGB,4,1,0,0.27866172790527344
XGB,4,1,0,0.20758236944675446
XGB,4,0,0,0.306640088558197
XGB,4,1,1,0.5353904366493225
XGB,4,0,0,0.08653669059276581
XGB,4,0,0,0.02668668143451214
XGB,4,0,0,0.22685912251472473
XGB,4,1,1,0.8775900602340698
XGB,4,0,0,0.07504575699567795
XGB,4,0,0,0.17121490836143494
XGB,4,0,0,0.02800368331372738
XGB,4,0,0,0.1977449506521225
XGB,4,0,1,0.5058010220527649
XGB,4,0,0,0.005302296951413155
XGB,4,0,0,0.18794159591197968
XGB,4,0,0,0.0011591684306040406
XGB,4,0,0,0.029166189953684807
XGB,4,1,0,0.032843876630067825
XGB,4,0,0,0.05547516420483589
XGB,4,0,0,0.01671082153916359
XGB,4,1,0,0.005501776002347469
XGB,4,0,0,0.14455556869506836
XGB,4,0,0,0.33460700511932373
XGB,4,1,0,0.12005981057882309
XGB,4,0,0,0.0005474265781231225
XGB,4,0,0,0.0029133581556379795
XGB,4,0,1,0.5428735613822937
XGB,4,1,0,0.1462877094745636
XGB,4,0,0,0.1530948281288147
XGB,4,0,0,0.1560116410255432
XGB,4,0,0,0.10902668535709381
XGB,4,1,1,0.9968475699424744
XGB,4,0,0,0.1627519577741623
XGB,4,0,0,0.029610341414809227
XGB,4,0,1,0.6032509803771973
XGB,4,0,1,0.7660342454910278
XGB,4,0,0,0.1949649304151535
XGB,4,0,0,0.13613928854465485
XGB,4,1,0,0.42854008078575134
XGB,4,0,0,0.002358336467295885
XGB,4,0,0,0.15187229216098785
XGB,4,0,0,0.0781564936041832
XGB,4,0,1,0.7275011539459229
XGB,4,0,0,0.0022623795084655285
XGB,4,0,0,0.2495550662279129
XGB,4,1,0,0.007000114768743515
XGB,4,0,0,0.014719219878315926
XGB,4,0,0,0.04080131649971008
XGB,4,0,0,0.11489485949277878
XGB,4,0,0,0.014249185100197792
XGB,4,0,0,0.1535300463438034
XGB,4,0,0,0.009483464062213898
XGB,4,0,0,0.18082652986049652
XGB,4,0,0,0.002408742206171155
XGB,4,1,0,0.3230021595954895
XGB,4,0,0,0.00950949639081955
XGB,4,1,0,0.025143491104245186
XGB,4,0,0,0.07853814959526062
XGB,4,0,0,0.11095127463340759
XGB,4,0,1,0.5503352284431458
XGB,4,0,0,0.08232665061950684
XGB,4,0,0,0.37940314412117004
XGB,4,0,0,0.17212426662445068
XGB,4,0,0,0.15986594557762146
XGB,4,0,0,0.02009752206504345
XGB,4,1,0,0.21968157589435577
XGB,4,0,0,0.07996083796024323
XGB,4,0,0,0.0277254618704319
XGB,4,0,0,0.02464081346988678
XGB,4,0,0,0.00953628495335579
XGB,4,0,0,0.12284982949495316
XGB,4,1,0,0.012528498657047749
XGB,4,1,0,0.025540458038449287
XGB,4,0,0,0.03873968496918678
XGB,4,1,0,0.10506076365709305
XGB,4,1,0,0.49626103043556213
XGB,4,0,0,0.12219271063804626
XGB,4,0,0,0.20182177424430847
XGB,4,0,0,0.004737731534987688
XGB,4,0,0,0.011224739253520966
XGB,4,1,0,0.2490215301513672
XGB,4,0,0,0.22162243723869324
XGB,4,1,1,0.8940340280532837
XGB,4,1,0,0.045245274901390076
XGB,4,1,0,0.18384721875190735
XGB,4,1,0,0.0762789323925972
XGB,4,0,0,0.028942016884684563
XGB,4,0,1,0.7103843092918396
XGB,4,0,0,0.3029656410217285
XGB,4,0,1,0.7226592898368835
XGB,4,0,0,0.14168201386928558
XGB,4,1,0,0.2516297698020935
XGB,4,0,0,0.01427633035928011
XGB,4,0,0,0.47953328490257263
XGB,4,0,0,0.07619181275367737
XGB,4,0,0,0.3255980908870697
XGB,4,1,0,0.3574399948120117
XGB,4,0,0,0.0011720608454197645
XGB,4,0,0,0.11824385821819305
XGB,4,0,0,0.01621272601187229
XGB,4,1,1,0.5338273644447327
XGB,4,0,0,0.03181018680334091
XGB,4,1,0,0.153982013463974
XGB,4,1,1,0.5173066854476929
XGB,4,0,0,0.057746101170778275
XGB,4,0,0,0.18655215203762054
XGB,4,0,0,0.014922427944839
XGB,4,0,0,0.046186983585357666
XGB,4,0,0,0.03445269167423248
XGB,4,0,0,0.015780873596668243
XGB,4,0,0,0.3226237893104553
XGB,4,0,0,0.12561948597431183
XGB,4,0,0,0.1529102623462677
XGB,4,0,1,0.7475757598876953
XGB,4,0,0,0.007459665182977915
XGB,4,0,0,0.14670111238956451
XGB,4,0,0,0.011968240141868591
XGB,4,0,0,0.038892462849617004
XGB,4,0,0,0.1256987750530243
XGB,4,0,0,0.058319397270679474
XGB,4,0,0,0.08214550465345383
XGB,4,0,0,0.22846437990665436
XGB,4,0,0,0.45308467745780945
XGB,4,0,0,0.04851529374718666
XGB,4,0,0,0.46012216806411743
XGB,4,0,0,0.031220441684126854
XGB,4,0,0,0.19178232550621033
XGB,4,1,0,0.27817246317863464
XGB,4,0,0,0.002241118811070919
XGB,4,0,0,0.004310582764446735
XGB,4,0,0,0.3127896189689636
XGB,4,1,0,0.257649689912796
XGB,4,0,0,0.009065050631761551
XGB,4,0,0,0.17201544344425201
XGB,4,1,0,0.22606447339057922
XGB,4,0,0,0.09284286201000214
XGB,4,0,0,0.17096476256847382
XGB,4,0,0,0.017374875023961067
XGB,4,0,0,0.016166100278496742
XGB,4,1,0,0.027077296748757362
XGB,4,0,0,0.22198662161827087
XGB,4,0,1,0.6183422803878784
XGB,4,0,1,0.6002033948898315
XGB,4,0,0,0.03914524242281914
XGB,4,0,0,0.15315108001232147
XGB,4,1,0,0.08814137428998947
XGB,4,0,0,0.022267241030931473
XGB,4,0,0,0.02144022285938263
XGB,4,0,1,0.7143762111663818
XGB,4,0,1,0.8943620324134827
XGB,4,0,0,0.00229918141849339
XGB,4,0,0,0.0029203782323747873
XGB,4,0,0,0.013784535229206085
XGB,4,0,0,0.2189018279314041
XGB,4,0,0,0.007764190901070833
XGB,4,1,0,0.05433151125907898
XGB,4,0,0,0.030964989215135574
XGB,4,1,0,0.06610994040966034
XGB,4,0,0,0.42481130361557007
XGB,4,0,0,0.009148561395704746
XGB,4,0,0,0.3750265836715698
XGB,4,0,0,0.04002080485224724
XGB,4,0,0,0.013271470554172993
XGB,4,1,1,0.9891639947891235
XGB,4,0,0,0.022901562973856926
XGB,4,0,0,0.008080441504716873
XGB,4,1,0,0.12706923484802246
XGB,4,0,0,0.003682472975924611
XGB,4,1,0,0.07164343446493149
XGB,4,0,0,0.42588359117507935
XGB,4,0,0,0.019919337704777718
XGB,4,0,1,0.6450976729393005
XGB,4,0,0,0.058844443410634995
XGB,4,0,0,0.016917197033762932
XGB,4,0,0,0.020336346700787544
XGB,4,1,1,0.9515610337257385
XGB,4,0,0,0.4697851240634918
XGB,4,0,0,0.01628902554512024
XGB,4,0,0,0.11712630093097687
XGB,4,0,0,0.019584160298109055
XGB,4,0,0,0.1804022192955017
XGB,4,0,1,0.6696735620498657
XGB,4,1,1,0.9938793182373047
XGB,4,0,0,0.08892723172903061
XGB,4,0,0,0.140938863158226
XGB,4,0,0,0.004419487901031971
XGB,4,0,0,0.06563917547464371
XGB,4,0,0,0.01183365099132061
XGB,4,0,0,0.018639538437128067
XGB,4,0,0,0.008350544609129429
XGB,4,0,0,0.08704692870378494
XGB,4,0,0,0.022060619667172432
XGB,4,0,0,0.002507543656975031
XGB,4,0,0,0.004718917887657881
XGB,4,1,0,0.3556213974952698
XGB,4,0,0,0.026430167257785797
XGB,4,0,0,0.023229559883475304
XGB,4,0,0,0.003511207876726985
XGB,4,0,1,0.5662949681282043
XGB,4,0,0,0.006599830463528633
XGB,4,1,0,0.09690483659505844
XGB,4,0,0,0.06698034703731537
XGB,4,1,0,0.4788646996021271
XGB,4,1,1,0.6903067827224731
XGB,4,0,0,0.019512295722961426
XGB,4,0,0,0.012268385849893093
XGB,4,0,0,0.04445577412843704
XGB,4,1,0,0.03623577207326889
XGB,4,0,0,0.1477283239364624
XGB,4,0,0,0.00015182557399384677
XGB,4,0,0,0.4942774474620819
XGB,4,0,1,0.6620337963104248
XGB,4,1,1,0.5129837393760681
XGB,4,0,0,0.016871927306056023
XGB,4,0,0,0.003353466046974063
XGB,4,0,0,0.41279682517051697
XGB,4,0,0,0.01696997508406639
XGB,4,0,1,0.5256946086883545
XGB,4,0,0,0.026610814034938812
XGB,4,0,0,0.004276910796761513
XGB,4,0,0,0.09298728406429291
XGB,4,0,0,0.0880216434597969
XGB,4,1,0,0.07265209406614304
XGB,4,0,0,0.04174281656742096
XGB,4,1,0,0.02054310031235218
XGB,4,0,0,0.03964054584503174
XGB,4,0,0,0.025178954005241394
XGB,4,0,0,0.0138288214802742
XGB,4,0,0,0.07952791452407837
XGB,4,0,0,0.08191082626581192
XGB,4,0,0,0.031012678518891335
XGB,4,0,0,0.0025878327433019876
XGB,4,0,0,0.013286765664815903
XGB,4,0,0,0.26364666223526
XGB,4,0,1,0.7096649408340454
XGB,4,0,0,0.23657727241516113
XGB,4,1,0,0.416051983833313
XGB,4,1,0,0.21186327934265137
XGB,4,0,1,0.506718635559082
XGB,4,0,0,0.0024408497847616673
XGB,4,0,0,0.10532452166080475
XGB,4,1,1,0.5204871892929077
XGB,4,0,1,0.8378049731254578
XGB,4,0,1,0.7409283518791199
XGB,4,1,1,0.8965263366699219
XGB,4,0,0,0.2604750394821167
XGB,4,0,0,0.4014330208301544
XGB,4,0,0,0.0005552991642616689
XGB,4,1,0,0.18042735755443573
XGB,4,0,0,0.05338722839951515
XGB,4,0,0,0.12336864322423935
XGB,4,0,0,0.10423322021961212
XGB,4,1,1,0.8823102712631226
XGB,4,0,0,0.06562399864196777
XGB,4,0,0,0.016659578308463097
XGB,4,0,1,0.982082188129425
XGB,4,0,0,0.3824002742767334
XGB,4,0,0,0.014965533278882504
XGB,4,0,0,0.2845693826675415
XGB,4,0,0,0.03568580374121666
XGB,4,1,1,0.6741182804107666
XGB,4,0,1,0.6427717208862305
XGB,4,1,0,0.04494571313261986
XGB,4,0,1,0.5169397592544556
XGB,4,0,1,0.7544699907302856
XGB,4,0,0,0.42616310715675354
XGB,4,0,0,0.09968214482069016
XGB,4,0,0,0.061091843992471695
XGB,4,0,0,0.40146535634994507
XGB,4,0,0,0.08394203335046768
XGB,4,0,0,0.09802468866109848
XGB,4,1,1,0.5549290776252747
XGB,4,0,0,0.040502678602933884
XGB,4,1,0,0.09380821883678436
XGB,4,0,0,0.08881932497024536
XGB,4,1,1,0.9848039150238037
XGB,4,1,0,0.09035113453865051
XGB,4,0,0,0.14395497739315033
XGB,4,0,0,0.03420092910528183
XGB,4,1,0,0.002699806122109294
XGB,4,0,1,0.6808728575706482
XGB,4,1,0,0.011643151752650738
XGB,4,0,0,0.006007003132253885
XGB,4,0,0,0.0020305830985307693
XGB,4,0,0,0.10740645229816437
XGB,4,0,0,0.06233162432909012
XGB,4,0,0,0.07223068177700043
XGB,4,0,0,0.311519593000412
XGB,4,0,0,0.07631361484527588
XGB,4,0,0,0.31444311141967773
XGB,4,0,0,0.011317477561533451
XGB,4,0,0,0.06656190007925034
XGB,4,1,0,0.10806858539581299
XGB,4,1,0,0.11542803794145584
XGB,4,0,0,0.01631343923509121
XGB,4,0,1,0.807922899723053
XGB,4,0,0,0.03204706683754921
XGB,4,0,0,0.04009158909320831
XGB,4,0,1,0.8201431035995483
XGB,4,0,0,0.03533060476183891
XGB,4,0,0,0.10867776721715927
XGB,4,1,0,0.39723557233810425
XGB,4,0,0,0.00246238149702549
XGB,4,0,0,0.021373474970459938
XGB,4,0,0,0.19359347224235535
XGB,4,0,0,0.0051272157579660416
XGB,4,0,0,0.024362873286008835
XGB,4,1,1,0.6704807281494141
XGB,4,1,1,0.6990554928779602
XGB,4,1,0,0.2829923927783966
XGB,4,0,0,0.022725246846675873
XGB,4,0,0,0.11556922644376755
XGB,4,0,0,0.11078798025846481
XGB,4,0,1,0.9921552538871765
XGB,4,0,0,0.005081797018647194
XGB,4,1,0,0.06131056696176529
XGB,4,0,0,0.015514802187681198
XGB,4,0,0,0.023645512759685516
XGB,4,1,0,0.01902383752167225
XGB,4,1,0,0.017564231529831886
XGB,4,0,0,0.26550790667533875
XGB,4,0,0,0.04802978038787842
XGB,4,0,0,0.12415783852338791
XGB,4,0,0,0.006895434111356735
XGB,4,1,0,0.13111115992069244
XGB,4,1,0,0.076897531747818
XGB,4,0,0,0.34871208667755127
XGB,4,0,0,0.02208908088505268
XGB,4,0,0,0.017800195142626762
XGB,4,0,0,0.030116872861981392
XGB,4,0,0,0.05906497314572334
XGB,4,0,0,0.03464803844690323
XGB,4,0,0,0.017019379884004593
XGB,4,0,1,0.8928494453430176
XGB,4,0,0,0.019978269934654236
XGB,4,0,0,0.1204325407743454
XGB,4,0,0,0.010542069561779499
XGB,4,1,0,0.2443767637014389
XGB,4,0,0,0.008072366937994957
XGB,4,0,0,0.20545609295368195
XGB,4,1,0,0.1814306676387787
XGB,4,0,0,0.3753720223903656
XGB,4,1,0,0.058514129370450974
XGB,4,0,0,0.04273343086242676
XGB,4,0,0,0.0837177038192749
XGB,4,1,1,0.8455219864845276
XGB,4,0,0,0.001696413615718484
XGB,4,0,0,0.0956183448433876
XGB,4,0,0,0.1902438849210739
XGB,4,0,0,0.01882348023355007
XGB,4,0,0,0.011720030568540096
XGB,4,1,0,0.20828796923160553
XGB,4,1,0,0.004925652872771025
XGB,4,1,0,0.46825873851776123
XGB,4,0,0,0.04785696789622307
XGB,4,0,0,0.0052045788615942
XGB,4,0,0,0.038935307413339615
XGB,4,0,0,0.1727907657623291
XGB,4,0,0,0.02547307312488556
XGB,4,0,0,0.028114739805459976
XGB,4,0,0,0.24710658192634583
XGB,4,0,0,0.2227018177509308
XGB,4,0,0,0.013753971084952354
XGB,4,0,0,0.01934904046356678
XGB,4,0,0,0.0031041030306369066
XGB,4,0,1,0.510597825050354
XGB,4,0,0,0.057366080582141876
XGB,4,0,0,0.016231218352913857
XGB,4,1,1,0.9120930433273315
XGB,4,0,0,0.003710507182404399
XGB,4,0,0,0.11747021228075027
XGB,4,1,0,0.01620274968445301
XGB,4,1,0,0.02043115347623825
XGB,4,0,0,0.061175957322120667
XGB,4,0,0,0.004138574004173279
XGB,4,1,0,0.06998001784086227
XGB,4,0,1,0.7976623177528381
XGB,4,1,0,0.3326681852340698
XGB,4,0,0,0.029086945578455925
XGB,4,0,0,0.061224982142448425
XGB,4,0,0,0.14156600832939148
XGB,4,1,0,0.043726008385419846
XGB,4,1,0,0.14792460203170776
XGB,4,0,0,0.029961584135890007
XGB,4,0,0,0.3720114529132843
XGB,4,0,0,0.04189372435212135
XGB,4,0,1,0.762420117855072
XGB,4,0,0,0.030003653839230537
XGB,4,0,0,0.002200504532083869
XGB,4,0,1,0.592698335647583
XGB,4,0,0,0.07977044582366943
XGB,4,0,0,0.3278585970401764
XGB,4,1,0,0.08262934535741806
XGB,4,0,0,0.24632257223129272
XGB,4,0,0,0.010109017603099346
XGB,4,1,0,0.20275264978408813
XGB,4,0,1,0.7086312174797058
XGB,4,0,0,0.007594597525894642
XGB,4,0,0,0.1209103912115097
XGB,4,1,0,0.08319371193647385
XGB,4,0,0,0.13690093159675598
XGB,4,0,0,0.27094751596450806
XGB,4,0,1,0.7962050437927246
XGB,4,0,0,0.18474870920181274
XGB,4,1,0,0.12747471034526825
XGB,4,0,0,0.030464205890893936
XGB,4,0,0,0.05617557466030121
XGB,4,1,0,0.010618828237056732
XGB,4,0,0,0.00621913792565465
XGB,4,0,0,0.01829998753964901
XGB,4,0,0,0.025407902896404266
XGB,4,1,0,0.1702219694852829
XGB,4,0,0,0.013097427785396576
XGB,4,1,0,0.19793811440467834
XGB,4,0,0,0.006465076468884945
XGB,4,0,0,0.020973769947886467
XGB,4,0,0,0.09103093296289444
XGB,4,1,0,0.11115611344575882
XGB,4,1,0,0.10794184356927872
XGB,4,0,0,0.0476444847881794
XGB,4,0,0,0.00336456042714417
XGB,4,1,0,0.22122906148433685
XGB,4,0,0,0.1322188526391983
XGB,4,0,0,0.2899593412876129
XGB,4,1,0,0.0029252057429403067
XGB,4,0,0,0.002372163813561201
XGB,4,0,0,0.12576963007450104
XGB,4,0,0,0.13273955881595612
XGB,4,0,1,0.5232871770858765
XGB,4,1,1,0.8888868093490601
XGB,4,0,0,0.15097805857658386
XGB,4,0,0,0.024380333721637726
XGB,4,1,1,0.8181381225585938
XGB,4,1,1,0.6917051076889038
XGB,4,0,0,0.12647268176078796
XGB,4,0,0,0.0014993894146755338
XGB,4,1,0,0.31321775913238525
XGB,4,0,0,0.1760965883731842
XGB,4,1,0,0.010207738727331161
XGB,4,0,0,0.010136294178664684
XGB,4,0,0,0.00822234433144331
XGB,4,0,0,0.003959314897656441
XGB,4,0,0,0.030400197952985764
XGB,4,1,1,0.911512553691864
XGB,4,0,1,0.7769144773483276
XGB,4,0,0,0.02268744632601738
XGB,4,0,0,0.48022881150245667
XGB,4,0,0,0.17089959979057312
XGB,4,0,0,0.04214583337306976
XGB,4,0,0,0.007263104431331158
XGB,4,0,0,0.05990059673786163
XGB,4,0,0,0.29911506175994873
XGB,4,1,1,0.9510608911514282
XGB,4,0,0,0.027104567736387253
XGB,4,1,0,0.1283712387084961
XGB,4,0,0,0.10690763592720032
XGB,4,1,0,0.2743982970714569
XGB,4,1,0,0.03164864704012871
XGB,4,0,0,0.1463761031627655
XGB,4,0,0,0.026593366637825966
XGB,4,0,0,0.0803193673491478
XGB,4,0,0,0.13315992057323456
XGB,4,0,0,0.3653097450733185
XGB,4,0,0,0.04476981610059738
XGB,4,0,0,0.036846037954092026
XGB,4,0,0,0.019131386652588844
XGB,4,0,0,0.006146708969026804
XGB,4,1,0,0.29445698857307434
XGB,4,0,0,0.024747276678681374
XGB,4,0,0,0.38721904158592224
XGB,4,1,0,0.042922407388687134
XGB,4,0,0,0.032117534428834915
XGB,4,0,0,0.06723814457654953
XGB,4,0,0,0.009189493954181671
XGB,4,1,0,0.4623781144618988
XGB,4,0,0,0.007684475742280483
XGB,4,0,0,0.024052264168858528
XGB,4,0,0,0.009792093187570572
XGB,4,0,0,0.06943768262863159
XGB,4,0,0,0.06016898527741432
XGB,4,0,0,0.030034324154257774
XGB,4,0,0,0.06607284396886826
XGB,4,1,0,0.02220749668776989
XGB,4,0,0,0.0035319754388183355
XGB,4,0,0,0.07351839542388916
XGB,4,0,0,0.0030716850887984037
XGB,4,0,0,0.08439432084560394
XGB,4,1,1,0.5408396124839783
XGB,4,0,0,0.005788876675069332
XGB,4,0,0,0.006694879848510027
XGB,4,1,0,0.21665729582309723
XGB,4,0,0,0.08323705196380615
XGB,4,1,0,0.026315512135624886
XGB,4,1,1,0.5177856087684631
XGB,4,0,0,0.0645001232624054
XGB,4,0,0,0.02823185734450817
XGB,4,0,0,0.008927017450332642
XGB,4,0,0,0.3301551043987274
XGB,4,0,0,0.06273623555898666
XGB,4,0,0,0.010123576037585735
XGB,4,0,0,0.00801610667258501
XGB,4,1,0,0.01067068800330162
XGB,4,0,1,0.5288283824920654
XGB,4,0,0,0.05293167382478714
XGB,4,0,0,0.03368678689002991
XGB,4,0,0,0.037375982850790024
XGB,4,0,0,0.01392022892832756
XGB,4,0,0,0.0049993544816970825
XGB,4,0,0,0.4417969882488251
XGB,4,0,1,0.5189244151115417
XGB,4,1,0,0.019813068211078644
XGB,4,0,0,0.3820205628871918
XGB,4,0,0,0.005346946883946657
XGB,4,0,0,0.03627089411020279
XGB,4,0,0,0.012524351477622986
XGB,4,0,0,0.0018934204708784819
XGB,4,0,0,0.04092622175812721
XGB,4,0,0,0.2054528295993805
XGB,4,0,0,0.15616275370121002
XGB,4,0,0,0.3046960234642029
XGB,4,0,0,0.006786125246435404
XGB,4,0,0,0.10746999084949493
XGB,4,0,0,0.0032985759899020195
XGB,4,0,0,0.019014589488506317
XGB,4,0,0,0.06505917757749557
XGB,4,0,0,0.007302660029381514
XGB,4,1,0,0.029020247980952263
XGB,4,0,1,0.9384807348251343
XGB,4,0,0,0.012242336757481098
XGB,4,0,1,0.8578740954399109
XGB,4,0,0,0.07167231291532516
XGB,4,0,0,0.052222032099962234
XGB,4,1,0,0.05802846699953079
XGB,4,0,0,0.005162235349416733
XGB,4,1,0,0.4306369423866272
XGB,4,0,0,0.018842652440071106
XGB,4,1,0,0.026816530153155327
XGB,4,0,0,0.017196418717503548
XGB,4,1,0,0.052931662648916245
XGB,4,1,0,0.08938133716583252
XGB,4,1,0,0.19997860491275787
XGB,4,0,0,0.006064427550882101
XGB,4,0,0,0.04426386207342148
XGB,4,0,0,0.030176348984241486
XGB,4,0,0,0.04053676128387451
XGB,4,0,0,0.00456267548725009
XGB,4,1,0,0.0009152557468041778
XGB,4,1,1,0.8294521570205688
XGB,4,0,0,0.0004414984432514757
XGB,4,0,0,0.3233940303325653
XGB,4,0,0,0.06195707991719246
XGB,4,0,1,0.613389253616333
XGB,4,0,0,0.1566765010356903
XGB,4,0,0,0.17741268873214722
XGB,4,0,1,0.5698789358139038
XGB,4,0,0,0.02405707538127899
XGB,4,0,0,0.33877992630004883
XGB,4,0,0,0.2519834637641907
XGB,4,0,0,0.019670123234391212
XGB,4,1,0,0.26862916350364685
XGB,4,0,0,0.4537183940410614
XGB,4,0,0,0.0011421850649639964
XGB,4,1,0,0.008793631568551064
XGB,4,0,0,0.0041292631067335606
XGB,4,0,0,0.1803906261920929
XGB,4,1,1,0.6973013281822205
XGB,4,1,0,0.43202611804008484
XGB,4,1,1,0.9125924110412598
XGB,4,0,1,0.781001091003418
XGB,4,0,0,0.03882512450218201
XGB,4,0,0,0.23470976948738098
XGB,4,0,0,0.16110655665397644
XGB,4,0,0,0.002072712639346719
XGB,4,0,0,0.008881527930498123
XGB,4,1,0,0.37127816677093506
XGB,4,0,0,0.005501253996044397
XGB,4,0,0,0.3882265090942383
XGB,4,0,0,0.03475024923682213
XGB,4,0,0,0.180968776345253
XGB,4,0,0,0.011279163882136345
XGB,4,0,0,0.4620271325111389
XGB,4,0,1,0.5981708765029907
XGB,4,0,0,0.1250012367963791
XGB,4,0,0,0.002032388001680374
XGB,4,0,0,0.08661426603794098
XGB,4,0,0,0.12717777490615845
XGB,4,0,0,0.006368942558765411
XGB,4,1,0,0.02918170392513275
XGB,4,0,1,0.5329901576042175
XGB,4,1,1,0.5556035041809082
XGB,4,1,0,0.1101248636841774
XGB,4,0,0,0.10208231210708618
XGB,4,0,0,0.052051857113838196
XGB,4,1,0,0.19194082915782928
XGB,4,0,0,0.0927455797791481
XGB,4,1,1,0.9484069347381592
XGB,4,1,0,0.03498265892267227
XGB,4,1,0,0.04517620801925659
XGB,4,0,0,0.028999099507927895
XGB,4,0,0,0.010236893780529499
XGB,4,0,1,0.9093614220619202
XGB,4,1,0,0.10708129405975342
XGB,4,0,0,0.21960900723934174
XGB,4,0,0,0.04118919372558594
XGB,4,1,0,0.4449850022792816
XGB,4,1,0,0.05085163190960884
XGB,4,0,0,0.0025093620643019676
XGB,4,0,0,0.053951799869537354
XGB,4,0,1,0.6943934559822083
XGB,4,0,0,0.016703473404049873
XGB,4,0,0,0.002155352383852005
XGB,4,0,0,0.07481122016906738
XGB,4,0,0,0.06640715152025223
XGB,4,0,1,0.9111886620521545
XGB,4,0,0,0.035151176154613495
XGB,4,1,0,0.25212979316711426
XGB,4,1,0,0.1887877732515335
XGB,4,1,0,0.2949213981628418
XGB,4,1,0,0.3356035053730011
XGB,4,0,1,0.6872839331626892
XGB,4,0,0,0.025449851527810097
XGB,4,0,0,0.05389765650033951
XGB,4,0,0,0.016063183546066284
XGB,4,1,1,0.9341326951980591
XGB,4,1,0,0.024989061057567596
XGB,4,0,0,0.012317697517573833
XGB,4,0,0,0.05477491393685341
XGB,4,0,0,0.014739439822733402
XGB,4,1,1,0.7787615060806274
XGB,4,0,0,0.4420222043991089
XGB,4,0,0,0.2360972762107849
XGB,4,0,0,0.4396907687187195
XGB,4,0,0,0.024641288444399834
XGB,4,0,0,0.2198493331670761
XGB,4,0,0,0.026079637929797173
XGB,4,0,0,0.13289667665958405
XGB,4,0,0,0.17220494151115417
XGB,4,0,0,0.004356293007731438
XGB,4,0,0,0.12469242513179779
XGB,4,0,0,0.013562697917222977
XGB,4,0,0,0.21441029012203217
XGB,4,1,0,0.012333905324339867
XGB,4,0,0,0.05984688177704811
XGB,4,0,0,0.10875044018030167
XGB,4,0,0,0.12844528257846832
XGB,4,0,0,0.00789616722613573
XGB,4,0,0,0.056820593774318695
XGB,4,0,1,0.5088008642196655
XGB,4,0,0,0.006317162420600653
XGB,4,0,0,0.008799277245998383
XGB,4,0,0,0.07269766181707382
XGB,4,1,1,0.7184463739395142
XGB,4,0,0,0.2846112549304962
XGB,4,0,0,0.02643636427819729
XGB,4,0,0,0.13096550107002258
XGB,4,1,0,0.03460471332073212
XGB,4,0,0,0.018263423815369606
XGB,4,0,0,0.015174660831689835
XGB,4,0,0,0.011210327036678791
XGB,4,0,0,0.029313411563634872
XGB,4,0,0,0.0024452272336930037
XGB,4,1,1,0.6070927381515503
XGB,4,0,0,0.1745704561471939
XGB,4,0,0,0.015489868819713593
XGB,4,1,0,0.3132895231246948
XGB,4,0,0,0.05419597774744034
XGB,4,0,0,0.002941335551440716
XGB,4,0,0,0.15093044936656952
XGB,4,1,1,0.6431657671928406
XGB,4,0,0,0.05810251832008362
XGB,4,1,0,0.03174496814608574
XGB,4,0,0,0.02600732259452343
XGB,4,1,0,0.052296992391347885
XGB,4,0,0,0.004171527922153473
XGB,4,0,0,0.029180528596043587
XGB,4,1,0,0.43519771099090576
XGB,4,0,0,0.03295811638236046
XGB,4,0,0,0.12263639271259308
XGB,4,1,0,0.047112029045820236
XGB,4,0,0,0.013707748614251614
XGB,4,1,1,0.6679818034172058
XGB,4,1,0,0.25048699975013733
XGB,4,0,0,0.0887177512049675
XGB,4,0,0,0.1915573626756668
XGB,4,0,1,0.8715336322784424
XGB,4,0,0,0.004345378372818232
XGB,4,1,0,0.2014201134443283
XGB,4,0,0,0.007323631551116705
XGB,4,0,1,0.8944869637489319
XGB,4,1,0,0.003815900534391403
XGB,4,0,0,0.2934649586677551
XGB,4,0,0,0.331683874130249
XGB,4,1,1,0.8832840919494629
XGB,4,0,0,0.10567065328359604
XGB,4,1,0,0.39387914538383484
XGB,4,1,0,0.0005908641614951193
XGB,4,0,0,0.4951675534248352
XGB,4,0,0,0.025440238416194916
XGB,4,0,0,0.40792134404182434
XGB,4,0,0,0.1329539567232132
XGB,4,0,0,0.4512621760368347
XGB,4,0,0,0.07556886970996857
XGB,4,1,0,0.004167965613305569
XGB,4,1,1,0.9924851059913635
XGB,4,1,0,0.01904143951833248
XGB,4,0,1,0.5962597131729126
XGB,4,0,0,0.00886235386133194
XGB,4,0,0,0.013959470205008984
XGB,4,1,0,0.014416307210922241
XGB,4,1,0,0.42427974939346313
XGB,4,0,1,0.9112361669540405
XGB,4,0,1,0.6386004090309143
XGB,4,0,1,0.6962844729423523
XGB,4,0,0,0.015475594438612461
XGB,4,0,1,0.5385140776634216
XGB,4,0,0,0.014784219674766064
XGB,4,0,0,0.03049592487514019
XGB,4,0,0,0.03250965103507042
XGB,4,0,0,0.019179141148924828
XGB,4,0,0,0.029360543936491013
XGB,4,0,0,0.34793058037757874
XGB,4,1,0,0.023276813328266144
XGB,4,0,0,0.30362942814826965
XGB,4,0,0,0.006405714899301529
XGB,4,0,0,0.221238374710083
XGB,4,1,0,0.2589838206768036
XGB,4,0,1,0.6603521704673767
XGB,4,1,0,0.09359560906887054
XGB,4,0,0,0.180214524269104
XGB,4,0,0,0.0007587076397612691
XGB,4,0,0,0.03885819762945175
XGB,4,0,0,0.020893368870019913
XGB,4,0,0,0.06509306281805038
XGB,4,0,0,0.005384278949350119
XGB,4,1,0,0.016910426318645477
XGB,4,0,1,0.6145583391189575
XGB,4,0,0,0.018459094688296318
XGB,4,0,0,0.06353643536567688
XGB,4,0,0,0.018514208495616913
XGB,4,1,0,0.13002897799015045
XGB,4,0,0,0.12025731801986694
XGB,4,0,0,0.01050348300486803
XGB,4,0,0,0.009111118502914906
XGB,4,0,0,0.03192996233701706
XGB,4,0,0,0.04337013140320778
XGB,4,0,0,0.13929173350334167
XGB,4,1,0,0.4037908613681793
XGB,4,0,0,0.030788058415055275
XGB,4,0,0,0.042482152581214905
XGB,4,0,0,0.026182735338807106
XGB,4,0,0,0.07264356315135956
XGB,4,0,1,0.9218000173568726
XGB,4,0,0,0.4319244623184204
XGB,4,0,0,0.018668632954359055
XGB,4,0,1,0.5468796491622925
XGB,4,0,0,0.002454101573675871
XGB,4,0,1,0.9768974781036377
XGB,4,0,0,0.024501482024788857
XGB,4,0,0,0.011739205569028854
XGB,4,0,0,0.0008786889375187457
XGB,4,0,0,0.23024140298366547
XGB,4,1,1,0.596802294254303
XGB,4,1,1,0.9739142656326294
XGB,4,1,0,0.4656065106391907
XGB,4,1,0,0.13353699445724487
XGB,4,0,0,0.04435808211565018
XGB,4,0,1,0.751996636390686
XGB,4,0,0,0.39059677720069885
XGB,4,0,0,0.07122714072465897
XGB,4,1,1,0.9411637783050537
XGB,4,0,0,0.010478263720870018
XGB,4,0,0,0.08461152762174606
XGB,4,0,0,0.0011583699379116297
XGB,4,0,0,0.0023629823699593544
XGB,4,1,0,0.02136181853711605
XGB,4,1,0,0.26303941011428833
XGB,4,0,0,0.10182709246873856
XGB,4,0,0,0.23995132744312286
XGB,4,0,0,0.0023101510014384985
XGB,4,0,0,0.1777670979499817
XGB,4,0,1,0.6188810467720032
XGB,4,1,1,0.7463164329528809
XGB,4,1,1,0.9228554368019104
XGB,4,0,0,0.12698963284492493
XGB,4,0,0,0.17699970304965973
XGB,4,0,1,0.9829899072647095
XGB,4,0,1,0.9638301730155945
XGB,4,0,0,0.08543151617050171
XGB,4,0,0,0.229248508810997
XGB,4,0,0,0.0024849192705005407
XGB,4,0,0,0.020944485440850258
XGB,4,1,0,0.04131689667701721
XGB,4,0,0,0.44874143600463867
XGB,4,1,0,0.16116607189178467
XGB,4,0,0,0.33149540424346924
XGB,4,0,0,0.1505681425333023
XGB,4,0,0,0.03965182974934578
XGB,4,1,1,0.9689619541168213
XGB,4,0,0,0.28880685567855835
XGB,4,0,0,0.24293826520442963
XGB,4,0,0,0.019425522536039352
XGB,4,0,0,0.14011681079864502
XGB,4,0,0,0.09566441178321838
XGB,4,1,0,0.03659285977482796
XGB,4,0,0,0.11798342317342758
XGB,4,0,0,0.02726261503994465
XGB,4,0,0,0.06663255393505096
XGB,4,0,1,0.574463963508606
XGB,4,0,0,0.158582404255867
XGB,4,0,0,0.08977124094963074
XGB,4,0,1,0.945279061794281
XGB,4,0,0,0.02712523564696312
XGB,4,1,0,0.014561837539076805
XGB,4,0,0,0.12722767889499664
XGB,4,0,0,0.07520143687725067
XGB,4,1,0,0.4203379154205322
XGB,4,0,0,0.009346874430775642
XGB,4,0,0,0.01950925774872303
XGB,4,0,0,0.06903024762868881
XGB,4,1,1,0.7241736054420471
XGB,4,0,0,0.22691597044467926
XGB,4,1,0,0.01597333326935768
XGB,4,0,0,0.007492876145988703
XGB,4,0,0,0.4537670314311981
XGB,4,0,0,0.049986980855464935
XGB,4,0,0,0.005527778062969446
XGB,4,0,0,0.43943339586257935
XGB,4,0,0,0.0470275804400444
XGB,4,0,0,0.051151081919670105
XGB,4,0,0,0.02696167305111885
XGB,4,0,0,0.012792464345693588
XGB,4,0,0,0.015784472227096558
XGB,4,0,1,0.6389521360397339
XGB,4,0,1,0.6965008974075317
XGB,4,0,0,0.1422210931777954
XGB,4,0,0,0.06521514803171158
XGB,4,0,0,0.019982201978564262
XGB,4,0,0,0.45848968625068665
XGB,4,1,0,0.06277044862508774
XGB,4,0,0,0.008667799644172192
XGB,4,0,0,0.11843988299369812
XGB,4,0,0,0.015135645866394043
XGB,4,0,0,0.000650455302093178
XGB,4,1,0,0.24882425367832184
XGB,4,0,0,0.006371438503265381
XGB,4,0,0,0.09583774954080582
XGB,4,0,0,0.08168848603963852
XGB,4,1,0,0.0976015031337738
XGB,4,1,0,0.47175171971321106
XGB,4,0,0,0.007708697579801083
XGB,4,1,0,0.2721675634384155
XGB,4,0,0,0.4830719530582428
XGB,4,0,0,0.008507111109793186
XGB,4,0,0,0.025973299518227577
XGB,4,0,0,0.015799924731254578
XGB,4,0,0,0.01322338730096817
XGB,4,0,0,0.01698586717247963
XGB,4,0,0,0.09850479662418365
XGB,4,0,0,0.17597369849681854
XGB,4,0,0,0.02615358494222164
XGB,4,0,0,0.04062585532665253
XGB,4,1,0,0.209051713347435
XGB,4,0,0,0.011772021651268005
XGB,4,0,0,0.016098281368613243
XGB,4,0,0,0.007423996925354004
XGB,4,1,0,0.12667344510555267
XGB,4,0,0,0.0036028583999723196
XGB,4,1,0,0.4332864284515381
XGB,4,0,0,0.07449912279844284
XGB,4,0,0,0.12309550493955612
XGB,4,0,1,0.5970396995544434
XGB,4,0,0,0.009526368230581284
XGB,4,1,0,0.4641141891479492
XGB,4,1,0,0.1772223711013794
XGB,4,0,0,0.02495751902461052
XGB,4,0,0,0.14201611280441284
XGB,4,0,0,0.03755428269505501
XGB,4,0,0,0.36850816011428833
XGB,4,0,0,0.0334981232881546
XGB,4,0,0,0.006018767599016428
XGB,4,1,0,0.1452295333147049
XGB,4,0,0,0.022950340062379837
XGB,4,0,0,0.011220411397516727
XGB,4,0,0,0.4887605905532837
XGB,4,0,0,0.07631152868270874
XGB,4,0,0,0.007054122630506754
XGB,4,0,0,0.020382078364491463
XGB,4,1,1,0.9300892353057861
XGB,4,0,0,0.06521429121494293
XGB,4,0,0,0.021640244871377945
XGB,4,0,0,0.03030533529818058
XGB,4,0,0,0.015563025139272213
XGB,4,0,0,0.17901325225830078
XGB,4,0,0,0.12826001644134521
XGB,4,0,1,0.5327163338661194
XGB,4,0,0,0.057570893317461014
XGB,4,0,0,0.02384699136018753
XGB,4,0,0,0.22310547530651093
XGB,4,0,0,0.25036507844924927
XGB,4,0,0,0.14559978246688843
XGB,4,1,0,0.1746058613061905
XGB,4,1,0,0.48171907663345337
XGB,4,0,0,0.007889185100793839
XGB,4,0,0,0.05738556385040283
XGB,4,0,0,0.006431995891034603
XGB,4,0,0,0.23833677172660828
XGB,4,0,0,0.00906643457710743
XGB,4,1,0,0.02637464366853237
XGB,4,0,0,0.018430791795253754
XGB,4,0,1,0.6796960830688477
XGB,4,1,1,0.8724075555801392
XGB,4,0,0,0.018785998225212097
XGB,4,1,0,0.004423295613378286
XGB,4,1,0,0.0938228890299797
XGB,4,1,0,0.3426012694835663
XGB,4,0,0,0.06863771378993988
XGB,4,0,0,0.0361061654984951
XGB,4,0,0,0.10415039956569672
XGB,4,0,0,0.023919621482491493
XGB,4,0,0,0.008200178854167461
XGB,4,0,0,0.056417543441057205
XGB,4,0,0,0.04657885804772377
XGB,4,1,0,0.110108882188797
XGB,4,0,0,0.08618716895580292
XGB,4,0,0,0.08296982198953629
XGB,4,0,0,0.03340459614992142
XGB,4,0,0,0.021318787708878517
XGB,4,0,0,0.031671714037656784
XGB,4,0,1,0.9182331562042236
XGB,4,0,0,0.06908397376537323
XGB,4,1,0,0.006471395026892424
XGB,4,0,0,0.21543145179748535
XGB,4,1,0,0.048048678785562515
XGB,4,0,0,0.0037044782657176256
XGB,4,1,0,0.06220492720603943
XGB,4,1,0,0.30001574754714966
XGB,4,0,0,0.08221700042486191
XGB,4,1,0,0.003169142408296466
XGB,4,0,0,0.025801170617341995
XGB,4,0,0,0.0066572823561728
XGB,4,0,0,0.05296507850289345
XGB,4,1,0,0.07881179451942444
XGB,4,0,0,0.030589699745178223
XGB,4,0,1,0.8854365348815918
XGB,4,0,0,0.06611905246973038
XGB,4,0,0,0.125635027885437
XGB,4,1,0,0.45864489674568176
XGB,4,0,0,0.17061035335063934
XGB,4,0,0,0.06529488414525986
XGB,4,0,0,0.04324181005358696
XGB,4,0,0,0.01901261880993843
XGB,4,0,0,0.0470610037446022
XGB,4,0,1,0.8007566332817078
XGB,4,0,0,0.058740001171827316
XGB,4,0,0,0.03550688549876213
XGB,4,0,0,0.04008135944604874
XGB,4,0,0,0.004380801226943731
XGB,4,1,0,0.04821716994047165
XGB,4,0,0,0.0054411920718848705
XGB,4,0,0,0.00806580949574709
XGB,4,0,0,0.03329052776098251
XGB,4,0,0,0.02569480426609516
XGB,4,0,0,0.019934507086873055
XGB,4,1,0,0.041950393468141556
XGB,4,1,0,0.3232075273990631
XGB,4,0,0,0.019790565595030785
XGB,4,1,1,0.7831589579582214
XGB,4,0,0,0.003343588439747691
XGB,4,0,0,0.09827344864606857
XGB,4,0,0,0.3464744985103607
XGB,4,0,0,0.12537527084350586
XGB,4,0,0,0.019979652017354965
XGB,4,0,1,0.5041506886482239
XGB,4,0,0,0.0023223524913191795
XGB,4,0,0,0.24855512380599976
XGB,4,0,0,0.005696260370314121
XGB,4,0,0,0.28229382634162903
XGB,4,0,0,0.09738308936357498
XGB,4,0,0,0.002840828849002719
XGB,4,1,0,0.3349511921405792
XGB,4,1,0,0.37436434626579285
XGB,4,0,0,0.03250247612595558
XGB,4,0,0,0.025965820997953415
XGB,4,1,0,0.19692406058311462
XGB,4,0,0,0.037645258009433746
XGB,4,0,0,0.3191654086112976
XGB,4,0,0,0.01005640346556902
XGB,4,0,0,0.15556393563747406
XGB,4,1,0,0.009147376753389835
XGB,4,0,0,0.2486880123615265
XGB,4,0,0,0.08898425102233887
XGB,4,0,0,0.08338475972414017
XGB,4,0,0,0.09215117245912552
XGB,4,0,1,0.5687918663024902
XGB,4,0,1,0.5780260562896729
XGB,4,0,0,0.008206742815673351
XGB,4,1,0,0.3009408712387085
XGB,4,0,0,0.262533038854599
XGB,4,0,1,0.9730595350265503
XGB,4,1,0,0.00796898826956749
XGB,4,0,1,0.5541302561759949
XGB,4,1,0,0.13964006304740906
XGB,4,0,0,0.03613182157278061
XGB,4,0,0,0.006017868872731924
XGB,4,0,0,0.26211223006248474
XGB,4,0,0,0.08992107212543488
XGB,4,0,0,0.04950178787112236
XGB,4,0,0,0.23986731469631195
XGB,4,0,0,0.07049104571342468
XGB,4,1,0,0.3880670666694641
XGB,4,0,0,0.045697253197431564
XGB,4,0,0,0.20020005106925964
XGB,4,0,1,0.510039746761322
XGB,4,0,0,0.18996557593345642
XGB,4,0,0,0.2611907422542572
XGB,4,0,0,0.06356891989707947
XGB,4,1,0,0.10214899480342865
XGB,4,0,1,0.8450071215629578
XGB,4,1,1,0.8891400694847107
XGB,4,0,0,0.013356694020330906
XGB,4,0,1,0.779676079750061
XGB,4,0,0,0.12624892592430115
XGB,4,0,0,0.08523104339838028
XGB,4,0,0,0.0244291964918375
XGB,4,0,1,0.7321938872337341
XGB,4,0,0,0.021364400163292885
XGB,4,0,0,0.04143628105521202
XGB,4,0,0,0.0974138081073761
XGB,4,1,1,0.7164066433906555
XGB,4,0,0,0.25091323256492615
XGB,4,0,0,0.05336939916014671
XGB,4,0,0,0.04841598495841026
XGB,4,1,0,0.06147104874253273
XGB,4,0,0,0.01171895395964384
XGB,4,0,0,0.36725157499313354
XGB,4,1,0,0.013988188467919827
XGB,4,0,0,0.06299880892038345
XGB,4,0,0,0.0641978532075882
XGB,4,0,0,0.043684668838977814
XGB,4,0,0,0.11129385977983475
XGB,4,0,0,0.06944438815116882
XGB,4,0,0,0.014704062603414059
XGB,4,0,0,0.05452752485871315
XGB,4,0,0,0.05620671808719635
XGB,4,1,0,0.25091323256492615
XGB,4,1,0,0.21074827015399933
XGB,4,0,0,0.006151176057755947
XGB,4,0,0,0.020871255546808243
XGB,4,1,0,0.07291656732559204
XGB,4,0,0,0.023252902552485466
XGB,4,0,0,0.05880317464470863
XGB,4,0,0,0.31605151295661926
XGB,4,1,0,0.4208155572414398
XGB,4,0,0,0.025291332975029945
XGB,4,0,0,0.035600949078798294
XGB,4,0,0,0.019827427342534065
XGB,4,0,0,0.3221815824508667
XGB,4,0,1,0.853155791759491
XGB,4,1,0,0.35410869121551514
XGB,4,0,0,0.05546097457408905
XGB,4,0,0,0.004447628278285265
XGB,4,0,0,0.24415160715579987
XGB,4,0,0,0.07293278723955154
XGB,4,0,0,0.08404907584190369
XGB,4,0,0,0.03590211272239685
XGB,4,1,0,0.05354263260960579
XGB,4,0,0,0.006794181186705828
XGB,4,1,0,0.4690578877925873
XGB,4,0,0,0.34193184971809387
XGB,4,0,0,0.1670999377965927
XGB,4,0,1,0.670701801776886
XGB,4,1,0,0.04241028428077698
XGB,4,0,0,0.04617064446210861
XGB,4,0,0,0.18816986680030823
XGB,4,1,0,0.10007083415985107
XGB,4,1,0,0.2935846149921417
XGB,4,0,1,0.6420601010322571
XGB,4,0,0,0.012692509219050407
XGB,4,0,1,0.882766604423523
XGB,4,0,0,0.03689388185739517
XGB,4,0,0,0.13329079747200012
XGB,4,0,0,0.023972658440470695
XGB,4,0,0,0.055060237646102905
XGB,4,0,0,0.3133009076118469
XGB,4,0,0,0.03486515209078789
XGB,4,0,0,0.0105079784989357
XGB,4,0,0,0.16699936985969543
XGB,4,0,0,0.04145697504281998
XGB,4,0,1,0.9935786724090576
XGB,4,0,0,0.03936797007918358
XGB,4,0,0,0.15927280485630035
XGB,4,0,0,0.053693171590566635
XGB,4,0,0,0.02021002024412155
XGB,4,0,0,0.00132184533867985
XGB,4,1,0,0.023965585976839066
XGB,4,1,0,0.09523269534111023
XGB,4,0,0,0.10810989141464233
XGB,4,0,0,0.0014032331528142095
XGB,4,0,0,0.20254701375961304
XGB,4,0,0,0.054104819893836975
XGB,4,0,0,0.1827404946088791
XGB,4,0,1,0.7686986923217773
XGB,4,0,0,0.059885624796152115
XGB,4,0,1,0.5966494083404541
XGB,4,0,0,0.01696496456861496
XGB,4,0,0,0.03773394599556923
XGB,4,1,0,0.4368167519569397
XGB,4,0,0,0.032835669815540314
XGB,4,1,1,0.8629775047302246
XGB,4,0,0,0.0015064068138599396
XGB,4,0,0,0.03527120128273964
XGB,4,1,0,0.0043733869679272175
XGB,4,0,0,0.04675936698913574
XGB,4,0,0,0.30566537380218506
XGB,4,1,1,0.9665933847427368
XGB,4,0,0,0.010218647308647633
XGB,4,0,0,0.22549468278884888
XGB,4,1,1,0.9900282025337219
XGB,4,0,0,0.04901174455881119
XGB,4,0,0,0.01118983794003725
XGB,5,1,0,0.4011988341808319
XGB,5,0,0,0.2782072424888611
XGB,5,0,0,0.02182447537779808
XGB,5,1,0,0.25608447194099426
XGB,5,1,0,0.027914317324757576
XGB,5,0,0,0.10803060978651047
XGB,5,0,0,0.11082765460014343
XGB,5,1,0,0.009361451491713524
XGB,5,0,0,0.05416024476289749
XGB,5,0,0,0.05656053498387337
XGB,5,0,0,0.21260535717010498
XGB,5,0,0,0.03798440843820572
XGB,5,0,0,0.22468578815460205
XGB,5,0,0,0.09064266085624695
XGB,5,0,0,0.017791343852877617
XGB,5,0,0,0.00890071876347065
XGB,5,1,0,0.09214700013399124
XGB,5,0,0,0.11205165088176727
XGB,5,0,0,0.2970331907272339
XGB,5,0,0,0.10882403701543808
XGB,5,1,0,0.29999375343322754
XGB,5,0,0,0.21115368604660034
XGB,5,0,1,0.9254078269004822
XGB,5,0,0,0.17907722294330597
XGB,5,0,0,0.22039242088794708
XGB,5,0,0,0.08878917247056961
XGB,5,0,0,0.09898476302623749
XGB,5,0,0,0.1438574492931366
XGB,5,0,0,0.1412656456232071
XGB,5,1,0,0.11614701896905899
XGB,5,1,0,0.2320440113544464
XGB,5,0,0,0.04069719836115837
XGB,5,0,0,0.02414519339799881
XGB,5,1,0,0.06962435692548752
XGB,5,0,0,0.27559909224510193
XGB,5,0,0,0.0025810515508055687
XGB,5,1,0,0.01906915009021759
XGB,5,0,0,0.015319038182497025
XGB,5,1,0,0.18611234426498413
XGB,5,0,0,0.0007817198056727648
XGB,5,1,1,0.5146844387054443
XGB,5,1,1,0.895555853843689
XGB,5,1,0,0.11007412523031235
XGB,5,0,1,0.5255340337753296
XGB,5,0,0,0.053160637617111206
XGB,5,0,0,0.07196372747421265
XGB,5,0,0,0.05013608559966087
XGB,5,0,0,0.003358143614605069
XGB,5,1,1,0.8359716534614563
XGB,5,0,0,0.08718518912792206
XGB,5,0,0,0.037563756108284
XGB,5,0,0,0.050142377614974976
XGB,5,1,0,0.20726054906845093
XGB,5,1,0,0.27393999695777893
XGB,5,0,0,0.03581086918711662
XGB,5,0,0,0.3432439863681793
XGB,5,0,0,0.10312491655349731
XGB,5,0,0,0.040013331919908524
XGB,5,0,0,0.0230158269405365
XGB,5,0,0,0.14495651423931122
XGB,5,0,0,0.00521500501781702
XGB,5,0,0,0.07027237862348557
XGB,5,0,0,0.0112396739423275
XGB,5,0,0,0.0015814458020031452
XGB,5,0,0,0.013021685183048248
XGB,5,0,0,0.012465246021747589
XGB,5,0,0,0.07813277840614319
XGB,5,0,0,0.022190036252141
XGB,5,0,0,0.017113126814365387
XGB,5,0,0,0.011907726526260376
XGB,5,0,0,0.026313306763768196
XGB,5,0,0,0.22230495512485504
XGB,5,0,0,0.17149873077869415
XGB,5,0,0,0.17709238827228546
XGB,5,0,0,0.017263945192098618
XGB,5,0,0,0.02263125590980053
XGB,5,0,0,0.08601612597703934
XGB,5,1,1,0.8273619413375854
XGB,5,0,0,0.06704599410295486
XGB,5,0,0,0.02356228418648243
XGB,5,0,0,0.01894751377403736
XGB,5,1,1,0.6135379672050476
XGB,5,0,0,0.33382460474967957
XGB,5,0,0,0.04678251966834068
XGB,5,0,0,0.009197646751999855
XGB,5,0,0,0.004391952883452177
XGB,5,1,1,0.961013913154602
XGB,5,1,1,0.5575359463691711
XGB,5,0,1,0.8479292392730713
XGB,5,1,0,0.2320396453142166
XGB,5,0,0,0.051428988575935364
XGB,5,0,0,0.15921452641487122
XGB,5,0,0,0.009680867195129395
XGB,5,0,0,0.02668002061545849
XGB,5,0,0,0.06298933923244476
XGB,5,1,0,0.07563644647598267
XGB,5,0,0,0.0327928252518177
XGB,5,0,0,0.0014544713776558638
XGB,5,0,0,0.3044106066226959
XGB,5,1,1,0.7406554818153381
XGB,5,0,0,0.12781700491905212
XGB,5,0,0,0.034501105546951294
XGB,5,0,0,0.27359890937805176
XGB,5,1,0,0.010147592052817345
XGB,5,0,0,0.04624873399734497
XGB,5,1,0,0.11486034840345383
XGB,5,1,0,0.03805316239595413
XGB,5,0,0,0.00986503716558218
XGB,5,0,0,0.15185658633708954
XGB,5,0,0,0.23044492304325104
XGB,5,0,0,0.13519836962223053
XGB,5,1,0,0.02184646762907505
XGB,5,0,0,0.2218681126832962
XGB,5,0,0,0.1260828971862793
XGB,5,0,0,0.03477373719215393
XGB,5,0,0,0.06818580627441406
XGB,5,1,0,0.04397788271307945
XGB,5,0,0,0.15496599674224854
XGB,5,0,0,0.1668393462896347
XGB,5,0,0,0.28026115894317627
XGB,5,0,0,0.02145872823894024
XGB,5,0,0,0.003440874395892024
XGB,5,0,0,0.0024052467197179794
XGB,5,0,0,0.049040548503398895
XGB,5,0,0,0.08129475265741348
XGB,5,0,0,0.0011294730938971043
XGB,5,0,0,0.010614085011184216
XGB,5,1,0,0.02035694383084774
XGB,5,0,0,0.04979515075683594
XGB,5,1,0,0.03648613765835762
XGB,5,0,0,0.004711882211267948
XGB,5,0,0,0.059177324175834656
XGB,5,0,0,0.024212386459112167
XGB,5,0,1,0.6089690327644348
XGB,5,0,0,0.03236394748091698
XGB,5,0,0,0.03172051161527634
XGB,5,0,0,0.07857487350702286
XGB,5,0,0,0.021231401711702347
XGB,5,0,0,0.021794499829411507
XGB,5,0,1,0.7286961674690247
XGB,5,0,0,0.03883812576532364
XGB,5,1,0,0.17810316383838654
XGB,5,0,0,0.47155728936195374
XGB,5,0,0,0.022900449112057686
XGB,5,0,0,0.25205570459365845
XGB,5,1,0,0.08587557822465897
XGB,5,0,1,0.7155110239982605
XGB,5,0,0,0.04469309374690056
XGB,5,0,0,0.33970150351524353
XGB,5,0,0,0.020023947581648827
XGB,5,0,0,0.016209676861763
XGB,5,0,0,0.4530779719352722
XGB,5,0,0,0.025017686188220978
XGB,5,0,0,0.20654429495334625
XGB,5,0,0,0.033533718436956406
XGB,5,0,0,0.02895451709628105
XGB,5,0,0,0.05529820919036865
XGB,5,0,0,0.4279404282569885
XGB,5,1,1,0.9726584553718567
XGB,5,0,1,0.7580547332763672
XGB,5,0,0,0.058334484696388245
XGB,5,0,0,0.03592592850327492
XGB,5,0,0,0.09913092851638794
XGB,5,0,0,0.11803444474935532
XGB,5,0,0,0.3589284121990204
XGB,5,0,0,0.08455862104892731
XGB,5,0,0,0.08738004416227341
XGB,5,0,0,0.004506710916757584
XGB,5,0,0,0.01606099121272564
XGB,5,0,0,0.04324626922607422
XGB,5,1,0,0.22450223565101624
XGB,5,0,0,0.013541273772716522
XGB,5,0,0,0.00458828080445528
XGB,5,1,0,0.005457685329020023
XGB,5,0,1,0.8007287979125977
XGB,5,1,1,0.9317565560340881
XGB,5,0,0,0.010493987239897251
XGB,5,1,1,0.554475724697113
XGB,5,0,0,0.007314256392419338
XGB,5,0,0,0.0087603023275733
XGB,5,0,0,0.07772286981344223
XGB,5,0,0,0.011149111203849316
XGB,5,0,0,0.012072687037289143
XGB,5,0,0,0.06344513595104218
XGB,5,0,0,0.39401695132255554
XGB,5,1,0,0.01371463481336832
XGB,5,1,0,0.17573633790016174
XGB,5,0,0,0.20899641513824463
XGB,5,0,0,0.12041802704334259
XGB,5,1,0,0.07071595638990402
XGB,5,0,0,0.05943705886602402
XGB,5,0,0,0.019002869725227356
XGB,5,0,0,0.02794904261827469
XGB,5,0,0,0.018583228811621666
XGB,5,0,0,0.012922540307044983
XGB,5,0,0,0.012633695267140865
XGB,5,0,0,0.23458461463451385
XGB,5,0,0,0.04553806781768799
XGB,5,0,1,0.5382157564163208
XGB,5,0,0,0.013841611333191395
XGB,5,0,0,0.06746724992990494
XGB,5,0,0,0.12136845290660858
XGB,5,0,1,0.6580787897109985
XGB,5,0,0,0.05930054560303688
XGB,5,0,0,0.0009430081117898226
XGB,5,0,0,0.029808219522237778
XGB,5,0,0,0.00016873751883395016
XGB,5,0,0,0.03361468389630318
XGB,5,0,0,0.09949823468923569
XGB,5,1,0,0.3406781256198883
XGB,5,0,0,0.037563297897577286
XGB,5,0,0,0.051678404211997986
XGB,5,1,0,0.3715924620628357
XGB,5,0,0,0.1868867129087448
XGB,5,0,0,0.012829557992517948
XGB,5,0,0,0.04890504479408264
XGB,5,1,1,0.999406099319458
XGB,5,1,0,0.14128099381923676
XGB,5,1,0,0.23439854383468628
XGB,5,0,0,0.043175749480724335
XGB,5,0,0,0.10363516956567764
XGB,5,0,0,0.08218629658222198
XGB,5,0,0,0.019038071855902672
XGB,5,1,0,0.028889214619994164
XGB,5,1,0,0.03216913715004921
XGB,5,1,1,0.6261117458343506
XGB,5,0,0,0.026940783485770226
XGB,5,0,0,0.001181921805255115
XGB,5,1,0,0.004891703370958567
XGB,5,0,0,0.36339569091796875
XGB,5,0,0,0.02547220140695572
XGB,5,0,0,0.14497725665569305
XGB,5,0,0,0.1287796050310135
XGB,5,1,0,0.007629938889294863
XGB,5,0,0,0.2539190649986267
XGB,5,0,0,0.007787043694406748
XGB,5,1,1,0.6412384510040283
XGB,5,1,0,0.18822193145751953
XGB,5,0,0,0.03344741463661194
XGB,5,0,0,0.16357822716236115
XGB,5,0,0,0.04897310212254524
XGB,5,0,0,0.35936757922172546
XGB,5,1,0,0.42709699273109436
XGB,5,1,0,0.06542449444532394
XGB,5,0,0,0.03678636625409126
XGB,5,0,0,0.43119850754737854
XGB,5,0,0,0.17776450514793396
XGB,5,0,0,0.014875229448080063
XGB,5,0,0,0.0027426655869930983
XGB,5,1,0,0.18198108673095703
XGB,5,0,0,0.07146978378295898
XGB,5,1,1,0.6085571050643921
XGB,5,0,0,0.0004320157750044018
XGB,5,0,0,0.014419404789805412
XGB,5,0,0,0.0007347688660956919
XGB,5,0,0,0.009000536054372787
XGB,5,0,0,0.018804047256708145
XGB,5,0,0,0.0025945049710571766
XGB,5,1,0,0.11877715587615967
XGB,5,0,0,0.019504519179463387
XGB,5,0,0,0.08999893069267273
XGB,5,0,0,0.049373455345630646
XGB,5,1,0,0.14107519388198853
XGB,5,0,0,0.054282769560813904
XGB,5,0,0,0.07755166292190552
XGB,5,0,0,0.05605211481451988
XGB,5,0,0,0.3723348081111908
XGB,5,0,0,0.1769361048936844
XGB,5,0,1,0.8685934543609619
XGB,5,0,0,0.32210472226142883
XGB,5,0,0,0.2622233033180237
XGB,5,0,0,0.00598059082403779
XGB,5,1,0,0.04140854254364967
XGB,5,0,0,0.022499697282910347
XGB,5,1,1,0.903631865978241
XGB,5,0,0,0.011169896461069584
XGB,5,0,0,0.002871045144274831
XGB,5,1,0,0.0075217499397695065
XGB,5,1,1,0.5444704294204712
XGB,5,0,0,0.08039025962352753
XGB,5,0,0,0.1075972318649292
XGB,5,0,0,0.007787614595144987
XGB,5,1,0,0.028545130044221878
XGB,5,0,0,0.009961132891476154
XGB,5,0,0,0.02564232051372528
XGB,5,0,0,0.17922309041023254
XGB,5,0,0,0.04572402313351631
XGB,5,0,0,0.10877592861652374
XGB,5,0,0,0.04028734192252159
XGB,5,0,0,0.00282415933907032
XGB,5,0,0,0.061246853321790695
XGB,5,0,0,0.09981754422187805
XGB,5,0,0,0.01669478230178356
XGB,5,0,0,0.2170763462781906
XGB,5,0,0,0.033234573900699615
XGB,5,0,0,0.16419106721878052
XGB,5,0,0,0.08040110021829605
XGB,5,0,0,0.35975155234336853
XGB,5,0,0,0.016040930524468422
XGB,5,0,0,0.18914173543453217
XGB,5,0,0,0.008142045699059963
XGB,5,1,0,0.1563332974910736
XGB,5,0,0,0.05683492124080658
XGB,5,0,0,0.030253684148192406
XGB,5,0,0,0.26750001311302185
XGB,5,0,0,0.1918012648820877
XGB,5,0,0,0.03785743936896324
XGB,5,1,0,0.13254742324352264
XGB,5,0,0,0.004485841374844313
XGB,5,0,0,0.39073672890663147
XGB,5,0,0,0.07175171375274658
XGB,5,0,0,0.04253028705716133
XGB,5,0,0,0.02073090896010399
XGB,5,0,0,0.09134657680988312
XGB,5,0,0,0.02761501632630825
XGB,5,0,0,0.03734681382775307
XGB,5,0,0,0.0703686997294426
XGB,5,0,0,0.02684955857694149
XGB,5,0,0,0.20024290680885315
XGB,5,0,0,0.17937368154525757
XGB,5,0,0,0.10009930282831192
XGB,5,0,0,0.037443533539772034
XGB,5,0,0,0.02456844598054886
XGB,5,0,0,0.1863333135843277
XGB,5,0,0,0.07537497580051422
XGB,5,1,0,0.11652505397796631
XGB,5,1,0,0.2811705768108368
XGB,5,1,1,0.9993836879730225
XGB,5,1,0,0.2115832269191742
XGB,5,1,0,0.0004252961080055684
XGB,5,1,0,0.04723886400461197
XGB,5,1,1,0.8872333765029907
XGB,5,1,0,0.2320638746023178
XGB,5,0,0,0.006890685297548771
XGB,5,0,0,0.10960812866687775
XGB,5,1,0,0.011198610067367554
XGB,5,1,0,0.12252582609653473
XGB,5,0,0,0.06576666980981827
XGB,5,0,0,0.024016479030251503
XGB,5,0,0,0.0015797843225300312
XGB,5,0,0,0.23252886533737183
XGB,5,1,0,0.031404975801706314
XGB,5,1,0,0.22480441629886627
XGB,5,1,0,0.053681373596191406
XGB,5,0,0,0.03285239264369011
XGB,5,0,0,0.036365460604429245
XGB,5,0,0,0.06320572644472122
XGB,5,0,0,0.02033817581832409
XGB,5,0,0,0.0159931480884552
XGB,5,1,0,0.009570715017616749
XGB,5,0,1,0.611328661441803
XGB,5,0,0,0.02979564294219017
XGB,5,0,0,0.35791081190109253
XGB,5,0,0,0.48403608798980713
XGB,5,0,0,0.009354661218822002
XGB,5,0,0,0.468744158744812
XGB,5,1,0,0.37300822138786316
XGB,5,1,0,0.029799997806549072
XGB,5,0,0,0.05095351114869118
XGB,5,0,0,0.015418969094753265
XGB,5,0,0,0.011267571710050106
XGB,5,0,0,0.003921016585081816
XGB,5,0,0,0.1459178924560547
XGB,5,0,0,0.06878197938203812
XGB,5,0,1,0.9059049487113953
XGB,5,0,0,0.012455852702260017
XGB,5,0,0,0.03769562020897865
XGB,5,0,0,0.44818758964538574
XGB,5,0,1,0.508273720741272
XGB,5,0,0,0.155475452542305
XGB,5,0,1,0.6646450161933899
XGB,5,0,0,0.005682791117578745
XGB,5,0,0,0.036895882338285446
XGB,5,0,0,0.01815883256494999
XGB,5,0,0,0.021455954760313034
XGB,5,0,0,0.16362248361110687
XGB,5,1,0,0.07569584250450134
XGB,5,0,0,0.13331283628940582
XGB,5,0,0,0.0004722767334897071
XGB,5,0,0,0.05856863781809807
XGB,5,0,0,0.20878872275352478
XGB,5,0,1,0.5594684481620789
XGB,5,0,0,0.4465053081512451
XGB,5,0,0,0.02178003266453743
XGB,5,0,0,0.2561323344707489
XGB,5,0,0,0.012345300987362862
XGB,5,0,1,0.6413030028343201
XGB,5,1,0,0.10324248671531677
XGB,5,0,0,0.000894994183909148
XGB,5,0,1,0.508487343788147
XGB,5,0,0,0.022812699899077415
XGB,5,0,0,0.16353362798690796
XGB,5,1,1,0.733966052532196
XGB,5,0,0,0.015946321189403534
XGB,5,0,0,0.0016181814717128873
XGB,5,1,0,0.004144275560975075
XGB,5,1,0,0.46044084429740906
XGB,5,1,1,0.8046907186508179
XGB,5,0,0,0.04040239751338959
XGB,5,0,0,0.20569513738155365
XGB,5,0,0,0.2810101807117462
XGB,5,1,1,0.9044012427330017
XGB,5,1,0,0.0966348797082901
XGB,5,0,0,0.015079107135534286
XGB,5,1,0,0.03737721964716911
XGB,5,0,0,0.06260107457637787
XGB,5,0,0,0.03136778622865677
XGB,5,0,0,0.07789254188537598
XGB,5,0,0,0.10813697427511215
XGB,5,1,0,0.26431238651275635
XGB,5,0,0,0.36233872175216675
XGB,5,0,0,0.007326478138566017
XGB,5,0,0,0.23161372542381287
XGB,5,0,0,0.014523099176585674
XGB,5,0,0,0.03560928627848625
XGB,5,0,0,0.0039520664140582085
XGB,5,0,1,0.6977193355560303
XGB,5,0,0,0.001786992303095758
XGB,5,0,0,0.08090410381555557
XGB,5,0,0,0.06974951177835464
XGB,5,1,0,0.0784168541431427
XGB,5,0,0,0.05616374686360359
XGB,5,1,0,0.09064693748950958
XGB,5,0,0,0.14565064013004303
XGB,5,0,0,0.05866626650094986
XGB,5,0,1,0.5970950126647949
XGB,5,0,0,0.03418297693133354
XGB,5,0,0,0.020040782168507576
XGB,5,0,0,0.25161078572273254
XGB,5,0,0,0.17533178627490997
XGB,5,0,0,0.023969637230038643
XGB,5,1,0,0.04526679590344429
XGB,5,0,0,0.00314102740958333
XGB,5,0,0,0.002916802419349551
XGB,5,0,1,0.6031811833381653
XGB,5,0,0,0.32765859365463257
XGB,5,1,0,0.004049432929605246
XGB,5,0,0,0.025418806821107864
XGB,5,1,0,0.15658240020275116
XGB,5,0,0,0.005453025456517935
XGB,5,0,0,0.034181397408246994
XGB,5,0,0,0.427457720041275
XGB,5,0,0,0.03524985536932945
XGB,5,1,0,0.02142537198960781
XGB,5,0,0,0.2531457841396332
XGB,5,0,0,0.1310536414384842
XGB,5,0,0,0.038155458867549896
XGB,5,0,1,0.5165061950683594
XGB,5,0,0,0.22849945724010468
XGB,5,0,0,0.14407244324684143
XGB,5,0,1,0.6969965100288391
XGB,5,0,0,0.046073149889707565
XGB,5,0,0,0.0043278164230287075
XGB,5,0,0,0.06964519619941711
XGB,5,0,0,0.1946772187948227
XGB,5,0,0,0.02605154924094677
XGB,5,0,0,0.038209788501262665
XGB,5,0,0,0.34127724170684814
XGB,5,0,0,0.002824479015544057
XGB,5,1,0,0.42125752568244934
XGB,5,1,1,0.6619699001312256
XGB,5,1,0,0.22539082169532776
XGB,5,0,0,0.44518935680389404
XGB,5,0,0,0.02869848906993866
XGB,5,0,0,0.007474178913980722
XGB,5,0,0,0.0039827353321015835
XGB,5,0,0,0.24765318632125854
XGB,5,0,0,0.019793769344687462
XGB,5,1,0,0.2767702639102936
XGB,5,1,0,0.06695102900266647
XGB,5,1,0,0.23404423892498016
XGB,5,1,0,0.05458507314324379
XGB,5,0,1,0.8873676657676697
XGB,5,0,0,0.4067780673503876
XGB,5,0,0,0.2116905003786087
XGB,5,0,0,0.013479361310601234
XGB,5,0,0,0.02759205549955368
XGB,5,0,0,0.0025733697693794966
XGB,5,0,0,0.021150652319192886
XGB,5,0,0,0.031496018171310425
XGB,5,0,0,0.07195549458265305
XGB,5,0,0,0.004852890502661467
XGB,5,1,0,0.21665944159030914
XGB,5,0,0,0.07450205087661743
XGB,5,0,0,0.3813804090023041
XGB,5,0,1,0.775662899017334
XGB,5,1,0,0.11310755461454391
XGB,5,1,0,0.152119442820549
XGB,5,0,0,0.0754954144358635
XGB,5,1,0,0.0023060378152877092
XGB,5,1,0,0.009412389248609543
XGB,5,1,1,0.602002739906311
XGB,5,1,0,0.010731694288551807
XGB,5,1,0,0.0008637987193651497
XGB,5,1,1,0.8793634176254272
XGB,5,1,0,0.26412802934646606
XGB,5,0,0,0.22120922803878784
XGB,5,0,0,0.043383434414863586
XGB,5,0,0,0.011025730520486832
XGB,5,1,1,0.6408693194389343
XGB,5,1,0,0.021227093413472176
XGB,5,1,0,0.011034896597266197
XGB,5,0,0,0.024596169590950012
XGB,5,0,0,0.31788283586502075
XGB,5,0,0,0.026226544752717018
XGB,5,0,0,0.002435943577438593
XGB,5,0,0,0.08644597232341766
XGB,5,0,0,0.08726876229047775
XGB,5,0,0,0.01619047112762928
XGB,5,0,0,0.18255555629730225
XGB,5,0,0,0.013999545015394688
XGB,5,0,0,0.003969250246882439
XGB,5,1,0,0.0161065012216568
XGB,5,0,1,0.722513735294342
XGB,5,0,0,0.01540050096809864
XGB,5,0,0,0.009763570502400398
XGB,5,0,1,0.8579457402229309
XGB,5,0,0,0.003581519238650799
XGB,5,0,0,0.05017012730240822
XGB,5,0,0,0.05300300940871239
XGB,5,0,0,0.07835586369037628
XGB,5,0,0,0.10775114595890045
XGB,5,0,1,0.5936288237571716
XGB,5,0,0,0.023952234536409378
XGB,5,0,0,0.13974756002426147
XGB,5,1,0,0.021574759855866432
XGB,5,0,0,0.0751550942659378
XGB,5,0,0,0.33162733912467957
XGB,5,0,0,0.02866162732243538
XGB,5,1,0,0.02338150329887867
XGB,5,0,0,0.0017093305941671133
XGB,5,0,0,0.012960690073668957
XGB,5,0,0,0.0053762514144182205
XGB,5,0,0,0.07860742509365082
XGB,5,0,0,0.1421319544315338
XGB,5,1,1,0.8420935273170471
XGB,5,1,0,0.2139027714729309
XGB,5,0,0,0.0035417613107711077
XGB,5,0,0,0.26435840129852295
XGB,5,1,0,0.062411803752183914
XGB,5,1,1,0.9901931285858154
XGB,5,0,0,0.11191368848085403
XGB,5,0,0,0.24641790986061096
XGB,5,1,1,0.9123948812484741
XGB,5,1,0,0.2761579751968384
XGB,5,0,1,0.8839825391769409
XGB,5,1,0,0.4862660765647888
XGB,5,1,0,0.17990443110466003
XGB,5,0,0,0.045147236436605453
XGB,5,0,1,0.5460533499717712
XGB,5,0,0,0.049339570105075836
XGB,5,0,0,0.055584508925676346
XGB,5,1,1,0.9838809967041016
XGB,5,0,0,0.4255821406841278
XGB,5,0,0,0.1746094822883606
XGB,5,1,1,0.823685884475708
XGB,5,0,0,0.005045311059802771
XGB,5,0,0,0.1627403199672699
XGB,5,0,0,0.2432386428117752
XGB,5,0,1,0.5664938688278198
XGB,5,0,0,0.0275985449552536
XGB,5,0,0,0.18587103486061096
XGB,5,0,0,0.11397751420736313
XGB,5,1,1,0.9981985688209534
XGB,5,1,0,0.1635580062866211
XGB,5,0,0,0.16813825070858002
XGB,5,0,0,0.0022654212079942226
XGB,5,0,0,0.04882044345140457
XGB,5,1,0,0.00465909531340003
XGB,5,0,0,0.011997347697615623
XGB,5,0,0,0.007194918114691973
XGB,5,0,0,0.22962625324726105
XGB,5,0,0,0.02583559788763523
XGB,5,0,0,0.25147879123687744
XGB,5,0,0,0.012507067061960697
XGB,5,0,0,0.09411509335041046
XGB,5,0,0,0.04450347647070885
XGB,5,0,0,0.054870061576366425
XGB,5,0,0,0.16185390949249268
XGB,5,0,0,0.2293563336133957
XGB,5,0,0,0.0020665328484028578
XGB,5,0,0,0.3335241377353668
XGB,5,0,1,0.6205506920814514
XGB,5,0,0,0.13551265001296997
XGB,5,0,0,0.13955746591091156
XGB,5,0,0,0.2000722885131836
XGB,5,0,0,0.09736952185630798
XGB,5,1,0,0.07470432668924332
XGB,5,0,0,0.004789295140653849
XGB,5,0,1,0.9917089343070984
XGB,5,0,0,0.08980245143175125
XGB,5,1,0,0.03746743127703667
XGB,5,0,0,0.0046668280847370625
XGB,5,0,0,0.4202541708946228
XGB,5,1,0,0.0010653157951310277
XGB,5,0,0,0.21998555958271027
XGB,5,0,0,0.14324767887592316
XGB,5,1,1,0.8906019330024719
XGB,5,0,0,0.053660716861486435
XGB,5,1,0,0.010227549821138382
XGB,5,0,0,0.013130857609212399
XGB,5,0,0,0.16218425333499908
XGB,5,0,0,0.36593884229660034
XGB,5,0,0,0.04267997667193413
XGB,5,0,0,0.05808154121041298
XGB,5,0,0,0.017993446439504623
XGB,5,0,0,0.017384419217705727
XGB,5,0,0,0.046369537711143494
XGB,5,0,0,0.03553785756230354
XGB,5,1,0,0.3190532326698303
XGB,5,0,0,0.03300862014293671
XGB,5,0,0,0.0385906957089901
XGB,5,1,1,0.7587980031967163
XGB,5,0,0,0.010846237652003765
XGB,5,0,0,0.23866833746433258
XGB,5,0,0,0.003172954311594367
XGB,5,0,0,0.3963703513145447
XGB,5,1,0,0.034902580082416534
XGB,5,0,0,0.02764458954334259
XGB,5,0,1,0.8125290870666504
XGB,5,0,1,0.5841500759124756
XGB,5,0,0,0.15225541591644287
XGB,5,0,0,0.42371705174446106
XGB,5,0,0,0.17162002623081207
XGB,5,0,0,0.07285159081220627
XGB,5,0,0,0.002784044947475195
XGB,5,0,0,0.22934354841709137
XGB,5,1,0,0.036874208599328995
XGB,5,0,0,0.0005584551836363971
XGB,5,0,1,0.5060481429100037
XGB,5,0,0,0.029108572751283646
XGB,5,0,0,0.0035252971574664116
XGB,5,0,0,0.0027061610016971827
XGB,5,0,0,0.3917621970176697
XGB,5,0,0,0.06757692247629166
XGB,5,0,0,0.3945637345314026
XGB,5,0,0,0.10944081842899323
XGB,5,0,1,0.6821671724319458
XGB,5,0,0,0.05862101912498474
XGB,5,0,0,0.025513064116239548
XGB,5,0,0,0.012154554016888142
XGB,5,0,0,0.014295896515250206
XGB,5,0,0,0.12332891672849655
XGB,5,0,0,0.03889460861682892
XGB,5,0,0,0.059843096882104874
XGB,5,0,0,0.020629016682505608
XGB,5,0,0,0.014920899644494057
XGB,5,0,0,0.09205947816371918
XGB,5,0,0,0.07602270692586899
XGB,5,0,0,0.1407908797264099
XGB,5,0,0,0.09368794411420822
XGB,5,1,1,0.9869405627250671
XGB,5,0,0,0.022722050547599792
XGB,5,0,1,0.9304168820381165
XGB,5,0,0,0.1780465692281723
XGB,5,0,0,0.043096285313367844
XGB,5,0,0,0.01114130299538374
XGB,5,1,0,0.3901772201061249
XGB,5,1,0,0.13928626477718353
XGB,5,0,0,0.23603002727031708
XGB,5,1,0,0.12371629476547241
XGB,5,1,0,0.06213618069887161
XGB,5,0,0,0.0037508548703044653
XGB,5,0,0,0.005780459847301245
XGB,5,0,0,0.04048885405063629
XGB,5,1,0,0.09729847311973572
XGB,5,0,0,0.20102843642234802
XGB,5,1,1,0.9667197465896606
XGB,5,1,0,0.42993253469467163
XGB,5,0,0,0.012917505577206612
XGB,5,0,0,0.397921621799469
XGB,5,0,0,0.01112744677811861
XGB,5,1,1,0.7586517333984375
XGB,5,0,0,0.18639014661312103
XGB,5,0,0,0.25340697169303894
XGB,5,1,1,0.9795489311218262
XGB,5,0,0,0.017734546214342117
XGB,5,0,0,0.09234245121479034
XGB,5,0,0,0.02179441787302494
XGB,5,0,0,0.0345115028321743
XGB,5,0,0,0.00508553721010685
XGB,5,0,0,0.28370335698127747
XGB,5,0,0,0.03611868619918823
XGB,5,0,0,0.14604414999485016
XGB,5,1,0,0.021322596818208694
XGB,5,0,0,0.03657744079828262
XGB,5,1,0,0.49726399779319763
XGB,5,1,1,0.7887974977493286
XGB,5,0,1,0.6808330416679382
XGB,5,0,0,0.024757729843258858
XGB,5,0,0,0.010966164059937
XGB,5,0,0,0.011536427773535252
XGB,5,0,0,0.06442873179912567
XGB,5,0,1,0.5561941266059875
XGB,5,0,0,0.013220190070569515
XGB,5,1,0,0.0583961121737957
XGB,5,0,0,0.004252609796822071
XGB,5,0,0,0.06341030448675156
XGB,5,0,0,0.03548876941204071
XGB,5,0,0,0.019536111503839493
XGB,5,0,0,0.007635949179530144
XGB,5,0,0,0.001009358442388475
XGB,5,0,0,0.09242183715105057
XGB,5,0,0,0.03104802407324314
XGB,5,0,0,0.09419327974319458
XGB,5,0,0,0.013494822196662426
XGB,5,0,0,0.004101117141544819
XGB,5,1,0,0.1305093616247177
XGB,5,1,0,0.052266109734773636
XGB,5,0,0,0.013533402234315872
XGB,5,0,0,0.08604797720909119
XGB,5,0,0,0.042204007506370544
XGB,5,0,0,0.18774698674678802
XGB,5,1,0,0.11634727567434311
XGB,5,0,0,0.022781096398830414
XGB,5,0,0,0.07024165242910385
XGB,5,0,0,0.014392133802175522
XGB,5,0,0,0.06413330137729645
XGB,5,0,0,0.1630242019891739
XGB,5,0,0,0.007642698474228382
XGB,5,0,0,0.3619356155395508
XGB,5,0,0,0.32530727982521057
XGB,5,0,0,0.08386567234992981
XGB,5,0,0,0.00814617145806551
XGB,5,0,0,0.13835908472537994
XGB,5,0,1,0.952377438545227
XGB,5,0,0,0.12500353157520294
XGB,5,0,0,0.219334676861763
XGB,5,0,0,0.07862963527441025
XGB,5,0,0,0.1548759937286377
XGB,5,0,0,0.014659624546766281
XGB,5,0,0,0.18207687139511108
XGB,5,0,0,0.4472988247871399
XGB,5,0,0,0.3608742952346802
XGB,5,0,0,0.03702014684677124
XGB,5,0,0,0.02151934988796711
XGB,5,0,0,0.16369660198688507
XGB,5,1,1,0.7403183579444885
XGB,5,1,0,0.05113038420677185
XGB,5,1,0,0.006610233802348375
XGB,5,0,0,0.08888400346040726
XGB,5,0,0,0.4487989842891693
XGB,5,1,0,0.3199705481529236
XGB,5,0,0,0.23751409351825714
XGB,5,0,0,0.03190673515200615
XGB,5,1,0,0.1085614338517189
XGB,5,0,0,0.1720310002565384
XGB,5,1,1,0.847263514995575
XGB,5,0,0,0.13359284400939941
XGB,5,1,0,0.04002562537789345
XGB,5,1,0,0.1210039034485817
XGB,5,0,0,0.01705164462327957
XGB,5,1,1,0.5052639245986938
XGB,5,0,0,0.041642263531684875
XGB,5,0,0,0.1466054916381836
XGB,5,0,0,0.04406997561454773
XGB,5,0,0,0.009011601097881794
XGB,5,0,0,0.3743690848350525
XGB,5,0,1,0.5769965648651123
XGB,5,0,0,0.1461264044046402
XGB,5,1,1,0.6993393301963806
XGB,5,1,0,0.28887462615966797
XGB,5,0,0,0.19038520753383636
XGB,5,0,0,0.08793126046657562
XGB,5,0,0,0.06907489895820618
XGB,5,0,1,0.5656629204750061
XGB,5,0,0,0.013227744027972221
XGB,5,0,0,0.23044608533382416
XGB,5,0,0,0.1628197282552719
XGB,5,0,0,0.034022971987724304
XGB,5,0,0,0.15213418006896973
XGB,5,0,1,0.5826691389083862
XGB,5,0,0,0.17654405534267426
XGB,5,0,0,0.0103758554905653
XGB,5,0,0,0.09540632367134094
XGB,5,1,0,0.2508980929851532
XGB,5,0,0,0.12397710233926773
XGB,5,0,0,0.024011975154280663
XGB,5,0,0,0.20266418159008026
XGB,5,0,0,0.020994892343878746
XGB,5,0,0,0.10710696130990982
XGB,5,0,0,0.27612370252609253
XGB,5,0,0,0.21790924668312073
XGB,5,1,0,0.014269238337874413
XGB,5,0,0,0.010174708440899849
XGB,5,0,0,0.1053302064538002
XGB,5,0,0,0.002103684237226844
XGB,5,0,0,0.05007493868470192
XGB,5,0,0,0.07967404276132584
XGB,5,1,0,0.11893970519304276
XGB,5,1,0,0.07349228858947754
XGB,5,0,0,0.032512929290533066
XGB,5,0,0,0.03144947811961174
XGB,5,1,0,0.22078953683376312
XGB,5,0,1,0.5862730145454407
XGB,5,0,0,0.010633176192641258
XGB,5,0,0,0.01251142006367445
XGB,5,0,0,0.029169445857405663
XGB,5,1,0,0.1923569291830063
XGB,5,0,0,0.30268752574920654
XGB,5,0,0,0.1350620836019516
XGB,5,0,0,0.029260894283652306
XGB,5,1,1,0.5971299409866333
XGB,5,0,0,0.41969868540763855
XGB,5,0,0,0.04106494039297104
XGB,5,0,0,0.01621941290795803
XGB,5,0,0,0.1124684065580368
XGB,5,1,0,0.42587658762931824
XGB,5,0,0,0.005497279576957226
XGB,5,1,0,0.09591687470674515
XGB,5,1,0,0.009185561910271645
XGB,5,0,0,0.42894741892814636
XGB,5,0,0,0.002784032840281725
XGB,5,1,0,0.46876245737075806
XGB,5,0,0,0.15746796131134033
XGB,5,0,0,0.017009051516652107
XGB,5,0,0,0.0035632061772048473
XGB,5,0,0,0.006052351091057062
XGB,5,1,0,0.05979502201080322
XGB,5,0,0,0.054758213460445404
XGB,5,1,1,0.6155064105987549
XGB,5,1,1,0.995763897895813
XGB,5,1,1,0.9370599985122681
XGB,5,0,1,0.6408969759941101
XGB,5,1,0,0.0855846107006073
XGB,5,0,0,0.1295548379421234
XGB,5,0,0,0.11679961532354355
XGB,5,0,0,0.020213894546031952
XGB,5,1,0,0.26565244793891907
XGB,5,0,0,0.0420486144721508
XGB,5,1,0,0.057144831866025925
XGB,5,1,0,0.0046257758513092995
XGB,5,0,0,0.03126015141606331
XGB,5,0,0,0.03088950924575329
XGB,5,0,0,0.08461285382509232
XGB,5,0,0,0.014185615815222263
XGB,5,1,0,0.01093623973429203
XGB,5,1,1,0.960507333278656
XGB,5,0,0,0.12445692718029022
XGB,5,0,0,0.06952013075351715
XGB,5,1,0,0.08533404022455215
XGB,5,0,0,0.049292635172605515
XGB,5,0,0,0.08057565242052078
XGB,5,0,0,0.08756084740161896
XGB,5,1,1,0.745363175868988
XGB,5,0,0,0.026232928037643433
XGB,5,0,0,0.08395355194807053
XGB,5,0,0,0.06386791914701462
XGB,5,1,0,0.35639727115631104
XGB,5,1,1,0.9932658672332764
XGB,5,0,0,0.005660788156092167
XGB,5,1,1,0.9423189163208008
XGB,5,0,0,0.02423105388879776
XGB,5,0,0,0.0981404036283493
XGB,5,0,0,0.05910811200737953
XGB,5,0,0,0.05778253823518753
XGB,5,0,0,0.03661316633224487
XGB,5,0,0,0.11456023156642914
XGB,5,0,0,0.10043791681528091
XGB,5,0,1,0.5447931289672852
XGB,5,0,0,0.036538004875183105
XGB,5,0,0,0.04892223700881004
XGB,5,0,1,0.6455923914909363
XGB,5,1,0,0.12568899989128113
XGB,5,0,0,0.062322184443473816
XGB,5,0,0,0.07394018769264221
XGB,5,0,0,0.1688900738954544
XGB,5,0,0,0.024029767140746117
XGB,5,0,0,0.0002674307907000184
XGB,5,0,0,0.04682052135467529
XGB,5,0,1,0.5523489117622375
XGB,5,0,0,0.2620986998081207
XGB,5,0,0,0.07184945046901703
XGB,5,0,1,0.6331000328063965
XGB,5,1,0,0.01398615725338459
XGB,5,0,1,0.93015456199646
XGB,5,1,1,0.8261767625808716
XGB,5,0,0,0.24997377395629883
XGB,5,0,0,0.1823437511920929
XGB,5,0,0,0.004819720983505249
XGB,5,0,0,0.04676361754536629
XGB,5,0,0,0.05301160365343094
XGB,5,0,0,0.04237442836165428
XGB,5,0,0,0.35135990381240845
XGB,5,0,0,0.08192961663007736
XGB,5,0,0,0.36207401752471924
XGB,5,0,0,0.12293839454650879
XGB,5,0,0,0.20103885233402252
XGB,5,0,0,0.01307692565023899
XGB,5,0,0,0.01144402101635933
XGB,5,0,0,0.005380416754633188
XGB,5,0,1,0.9371906518936157
XGB,5,1,0,0.3958814740180969
XGB,5,0,0,0.08784966915845871
XGB,5,1,0,0.10851927101612091
XGB,5,0,0,0.017997153103351593
XGB,5,0,0,0.011016848497092724
XGB,5,0,0,0.14854776859283447
XGB,5,0,0,0.06849850714206696
XGB,5,1,0,0.013194535858929157
XGB,5,0,0,0.0612211637198925
XGB,5,0,0,0.01031102892011404
XGB,5,0,0,0.11190298944711685
XGB,5,0,0,0.03311851620674133
XGB,5,0,0,0.023453781381249428
XGB,5,0,0,0.2270321249961853
XGB,5,0,0,0.1001783013343811
XGB,5,1,1,0.6375977396965027
XGB,5,0,0,0.04840866103768349
XGB,5,0,1,0.744348406791687
XGB,5,0,0,0.03832673653960228
XGB,5,0,0,0.0021945470944046974
XGB,5,1,0,0.03853432834148407
XGB,5,0,0,0.006584975402802229
XGB,5,1,0,0.09054121375083923
XGB,5,0,0,0.10851927101612091
XGB,5,1,0,0.014666887000203133
XGB,5,0,1,0.6325443983078003
XGB,5,1,0,0.3270376920700073
XGB,5,0,0,0.3960520923137665
XGB,5,0,0,0.0034843513276427984
XGB,5,0,0,0.01679767668247223
XGB,5,1,0,0.03626914322376251
XGB,5,0,0,0.01771923527121544
XGB,5,1,0,0.3259640336036682
XGB,5,0,0,0.0590955875813961
XGB,5,1,0,0.18910159170627594
XGB,5,0,0,0.006994899827986956
XGB,5,0,0,0.053902655839920044
XGB,5,1,0,0.1196635365486145
XGB,5,0,0,0.0394921600818634
XGB,5,0,0,0.040706783533096313
XGB,5,1,1,0.5349426865577698
XGB,5,0,0,0.4708312451839447
XGB,5,1,0,0.10983794927597046
XGB,5,1,0,0.03201249614357948
XGB,5,0,1,0.6101356744766235
XGB,5,0,0,0.13530240952968597
XGB,5,0,0,0.010427201166749
XGB,5,0,1,0.8285291790962219
XGB,5,0,0,0.050031065940856934
XGB,5,0,0,0.00029761038604192436
XGB,5,0,1,0.8983395099639893
XGB,5,0,0,0.01838173158466816
XGB,5,0,0,0.016464129090309143
XGB,5,0,0,0.36266806721687317
XGB,5,1,0,0.1764398217201233
XGB,5,1,0,0.0007461963687092066
XGB,5,0,1,0.8157321214675903
XGB,5,0,0,0.4805234968662262
XGB,5,0,0,0.12432264536619186
XGB,5,0,0,0.19521227478981018
XGB,5,0,0,0.4228701889514923
XGB,5,1,0,0.31182026863098145
XGB,5,0,0,0.3888123333454132
XGB,5,0,0,0.24209636449813843
XGB,5,0,0,0.033721137791872025
XGB,5,1,1,0.7199746370315552
XGB,5,0,0,0.13837124407291412
XGB,5,0,1,0.5411669611930847
XGB,5,0,0,0.004793633706867695
XGB,5,0,0,0.17937219142913818
XGB,5,0,0,0.010899653658270836
XGB,5,1,0,0.20224611461162567
XGB,5,0,0,0.16636547446250916
XGB,5,0,0,0.21091119945049286
XGB,5,1,1,0.6517356038093567
XGB,5,0,0,0.11810541152954102
XGB,5,0,0,0.390442818403244
XGB,5,1,1,0.5488656163215637
XGB,5,0,0,0.06453747302293777
XGB,5,0,0,0.024985989555716515
XGB,5,1,0,0.08772348612546921
XGB,5,0,0,0.006121301557868719
XGB,5,0,0,0.049960728734731674
XGB,5,0,0,0.0400124229490757
XGB,5,0,0,0.027599642053246498
XGB,5,1,1,0.9621493816375732
XGB,5,0,0,0.016162196174263954
XGB,5,0,0,0.20645423233509064
XGB,5,0,0,0.02875114604830742
XGB,5,0,0,0.4824054539203644
XGB,5,0,0,0.013165425509214401
XGB,5,0,0,0.025293806567788124
XGB,5,1,0,0.02502470090985298
XGB,5,0,0,0.01088623981922865
XGB,5,1,0,0.3673158288002014
XGB,5,1,0,0.016575198620557785
XGB,5,0,0,0.42786848545074463
XGB,5,1,0,0.24008020758628845
XGB,5,0,0,0.0910162702202797
XGB,5,0,1,0.6893454790115356
XGB,5,1,0,0.11831437051296234
XGB,5,0,0,0.4568999409675598
XGB,5,0,0,0.01815127208828926
XGB,5,0,1,0.6030588746070862
XGB,5,0,0,0.012331313453614712
XGB,5,0,0,0.008602463640272617
XGB,5,0,0,0.08198802173137665
XGB,5,1,0,0.09778384119272232
XGB,5,0,0,0.05642510950565338
XGB,5,0,0,0.14183418452739716
XGB,5,0,0,0.014265858568251133
XGB,5,0,0,0.05302039161324501
XGB,5,1,0,0.03991503268480301
XGB,5,1,0,0.12547369301319122
XGB,5,1,0,0.37047523260116577
XGB,5,1,0,0.02548973262310028
XGB,5,0,0,0.026303144171833992
XGB,5,1,1,0.5801669359207153
XGB,5,1,0,0.31252890825271606
XGB,5,0,0,0.11948410421609879
XGB,5,0,0,0.1899736523628235
XGB,5,0,0,0.003519469639286399
XGB,5,0,0,0.14988519251346588
XGB,5,1,0,0.0017143600853160024
XGB,5,0,0,0.2979332208633423
XGB,5,1,0,0.013290591537952423
XGB,5,0,0,0.03650554642081261
XGB,5,0,0,0.029512053355574608
XGB,5,0,0,0.03990253433585167
XGB,5,0,0,0.18084397912025452
XGB,5,1,0,0.004074717406183481
XGB,5,0,0,0.13046365976333618
XGB,5,0,0,0.029645109549164772
XGB,5,0,0,0.013421464711427689
XGB,5,0,0,0.16715413331985474
XGB,5,0,1,0.5159212350845337
XGB,5,0,0,0.08333595097064972
XGB,5,0,0,0.2630925178527832
XGB,5,1,1,0.9341648817062378
XGB,5,0,0,0.010206062346696854
XGB,5,0,0,0.45919519662857056
XGB,5,0,0,0.32610225677490234
XGB,5,0,0,0.10078434646129608
XGB,5,0,0,0.017141839489340782
XGB,5,0,0,0.13327421247959137
XGB,5,0,0,0.02882194146513939
XGB,5,1,0,0.056936100125312805
XGB,5,1,0,0.02743513137102127
XGB,5,0,0,0.006561864633113146
XGB,5,1,0,0.10014709830284119
XGB,5,1,0,0.1692592203617096
XGB,5,0,0,0.057203952223062515
XGB,5,0,0,0.0417100228369236
XGB,5,1,0,0.3832437992095947
XGB,5,0,0,0.14616698026657104
XGB,5,0,0,0.006588004995137453
XGB,5,0,0,0.012851063162088394
XGB,5,0,0,0.0292190108448267
XGB,5,0,0,0.07529740035533905
XGB,5,0,0,0.2996927499771118
XGB,5,1,0,0.05220775306224823
XGB,5,0,0,0.002241951646283269
XGB,5,0,0,0.010235922411084175
XGB,5,0,0,0.2563595771789551
XGB,5,0,0,0.01909308135509491
XGB,5,0,1,0.8737974762916565
XGB,5,1,0,0.01189530547708273
XGB,5,0,0,0.013368840329349041
XGB,5,0,0,0.05461122840642929
XGB,5,0,0,0.41874372959136963
XGB,5,0,0,0.06141093000769615
XGB,5,0,0,0.09473644942045212
XGB,5,0,0,0.001372919767163694
XGB,5,0,0,0.008733396418392658
XGB,5,1,1,0.7101407051086426
XGB,5,0,0,0.0025462578050792217
XGB,5,1,0,0.013594888150691986
XGB,5,0,1,0.5575403571128845
XGB,5,1,0,0.02846493199467659
XGB,5,0,0,0.0824546068906784
XGB,5,0,0,0.07789254188537598
XGB,5,0,0,0.009376765228807926
XGB,5,0,0,0.056618910282850266
XGB,5,1,0,0.20420889556407928
XGB,5,0,0,0.06716564297676086
XGB,5,0,0,0.008829493075609207
XGB,5,0,0,0.15053898096084595
XGB,5,0,0,0.16430839896202087
XGB,5,0,0,0.3885227143764496
XGB,5,0,0,0.15883369743824005
XGB,5,0,0,0.1046808660030365
XGB,5,1,1,0.9905439019203186
XGB,5,0,0,0.00419799005612731
XGB,5,0,1,0.6462655067443848
XGB,5,0,0,0.43236032128334045
XGB,5,0,0,0.013011853210628033
XGB,5,0,0,0.002680844161659479
XGB,5,0,0,0.4295596182346344
XGB,5,0,0,0.04107222706079483
XGB,5,0,0,0.4241724908351898
XGB,5,0,0,0.39536577463150024
XGB,5,1,0,0.47149527072906494
XGB,5,0,0,0.01888122409582138
XGB,5,0,1,0.7706125974655151
XGB,5,1,0,0.10739075392484665
XGB,5,0,0,0.03222395479679108
XGB,5,1,1,0.6504157185554504
XGB,5,1,0,0.19459965825080872
XGB,5,0,0,0.02543049305677414
XGB,5,0,1,0.6641677021980286
XGB,5,1,0,0.0030669081024825573
XGB,5,1,1,0.9278576374053955
XGB,5,0,0,0.09960503876209259
XGB,5,0,0,0.07410871237516403
XGB,5,1,0,0.031981613487005234
XGB,5,0,0,0.06581570208072662
XGB,5,0,0,0.047143712639808655
XGB,5,0,0,0.31928369402885437
XGB,5,1,1,0.529803991317749
XGB,5,0,0,0.27349036931991577
XGB,5,0,0,0.12786245346069336
XGB,5,0,0,0.01969287171959877
XGB,5,0,1,0.6050012707710266
XGB,5,0,0,0.0103835454210639
XGB,5,0,0,0.34731975197792053
XGB,5,1,0,0.11530748009681702
XGB,5,0,0,0.42221498489379883
XGB,5,0,0,0.09938374906778336
XGB,5,0,0,0.02284827269613743
XGB,5,0,1,0.5535349249839783
XGB,5,1,0,0.35903865098953247
XGB,5,0,0,0.0992807075381279
XGB,5,0,0,0.04876156523823738
XGB,5,0,0,0.03804831951856613
XGB,5,0,0,0.019254472106695175
XGB,5,1,0,0.22713296115398407
XGB,5,0,0,0.0033391087781637907
XGB,5,0,0,0.46186569333076477
XGB,5,0,0,0.04793637990951538
XGB,5,0,0,0.007918416522443295
XGB,5,1,0,0.017236217856407166
XGB,5,1,1,0.9791319370269775
XGB,5,0,0,0.0033922973088920116
XGB,5,0,0,0.010988284833729267
XGB,5,0,0,0.17222213745117188
XGB,5,0,0,0.23251284658908844
XGB,5,1,0,0.3059578239917755
XGB,5,0,0,0.0327785350382328
XGB,5,1,1,0.8513830900192261
XGB,5,0,0,0.18738777935504913
XGB,5,0,0,0.01958410069346428
XGB,5,0,0,0.0740945115685463
XGB,5,1,0,0.039126183837652206
XGB,5,0,0,0.02770998515188694
XGB,5,0,0,0.03076566942036152
XGB,5,1,1,0.6804676651954651
XGB,5,0,0,0.013346278108656406
XGB,5,1,1,0.8304958939552307
XGB,5,0,1,0.6671167612075806
XGB,5,0,0,0.11911799013614655
XGB,5,1,0,0.1252058893442154
XGB,5,0,0,0.0013601486571133137
XGB,5,0,0,0.025421619415283203
XGB,5,1,0,0.024389347061514854
XGB,5,0,0,0.035550594329833984
XGB,5,0,0,0.2941790521144867
XGB,5,0,0,0.06499963998794556
XGB,5,0,0,0.009372211992740631
XGB,5,0,0,0.032183270901441574
XGB,5,0,0,0.02820390649139881
XGB,5,1,0,0.03883451968431473
XGB,5,0,0,0.168919637799263
XGB,5,0,0,0.14872238039970398
XGB,5,0,0,0.0010782747995108366
XGB,5,0,0,0.04274039342999458
XGB,5,0,0,0.08614105731248856
XGB,5,0,0,0.4154495596885681
XGB,5,0,0,0.1532953679561615
XGB,5,0,0,0.023629363626241684
XGB,5,0,0,0.03533726558089256
XGB,5,0,0,0.17997822165489197
XGB,5,0,0,0.46519848704338074
XGB,5,0,1,0.5160202980041504
XGB,5,0,0,0.32072415947914124
XGB,5,0,0,0.2916909158229828
XGB,5,0,0,0.0169362872838974
XGB,5,0,0,0.14287209510803223
XGB,5,0,0,0.028093570843338966
XGB,5,1,0,0.06780840456485748
XGB,5,0,0,0.11708774417638779
XGB,5,0,0,0.2794633209705353
XGB,5,0,0,0.04588678106665611
XGB,5,0,0,0.010903716087341309
XGB,5,1,1,0.9326719045639038
XGB,5,0,0,0.008997078984975815
XGB,5,1,1,0.8451416492462158
XGB,5,0,0,0.009219618514180183
XGB,5,0,0,0.027949552983045578
XGB,5,1,0,0.0846114382147789
XGB,5,0,0,0.09512005746364594
XGB,5,0,0,0.13366156816482544
XGB,5,0,0,0.0938885509967804
XGB,5,0,1,0.7643401622772217
XGB,5,0,0,0.3177276849746704
XGB,5,0,0,0.19542716443538666
XGB,5,0,1,0.504479706287384
XGB,5,1,1,0.5970950126647949
XGB,5,1,1,0.6221491694450378
XGB,5,0,0,0.03024461306631565
XGB,5,0,0,0.06848375499248505
XGB,5,0,0,0.031572312116622925
XGB,5,0,1,0.8164035081863403
XGB,5,0,0,0.0771598219871521
XGB,5,0,0,0.08425800502300262
XGB,5,0,0,0.11856142431497574
XGB,5,0,0,0.000434506859164685
XGB,5,0,0,0.12143018841743469
XGB,5,0,0,0.028764957562088966
XGB,5,0,0,0.10342609137296677
XGB,5,1,0,0.3798760771751404
XGB,5,0,0,0.0727621391415596
XGB,5,0,0,0.026811989024281502
XGB,5,0,1,0.844669759273529
XGB,5,0,0,0.14312204718589783
XGB,5,0,0,0.04795398935675621
XGB,5,1,0,0.000386464613256976
XGB,5,0,0,0.11914278566837311
XGB,5,0,0,0.016040222719311714
XGB,5,1,0,0.29905179142951965
XGB,5,0,0,0.0876508504152298
XGB,5,0,1,0.673330545425415
XGB,5,0,0,0.0054952469654381275
XGB,5,0,0,0.09837699681520462
XGB,5,1,0,0.00766014214605093
XGB,5,0,0,0.10041248053312302
XGB,5,0,0,0.0012664124369621277
XGB,5,0,0,0.032003387808799744
XGB,5,1,0,0.003805166343227029
XGB,5,0,0,0.047283630818128586
XGB,5,1,1,0.614447832107544
XGB,5,0,0,0.07558754086494446
XGB,5,0,0,0.31162258982658386
XGB,5,0,0,0.0035552242770791054
XGB,5,0,0,0.1120116114616394
XGB,5,0,0,0.015978610143065453
XGB,5,0,0,0.06948012113571167
XGB,5,0,0,0.02386164292693138
XGB,5,0,0,0.15843527019023895
XGB,5,0,0,0.011225174181163311
XGB,5,0,0,0.2036626935005188
XGB,5,0,0,0.05346725881099701
XGB,5,1,0,0.31022921204566956
XGB,5,0,0,0.03803981840610504
XGB,5,0,0,0.10419262945652008
XGB,5,0,0,0.04038105905056
XGB,5,0,0,0.014115948230028152
XGB,5,1,0,0.3203546106815338
XGB,5,0,0,0.029057292267680168
XGB,5,0,1,0.9166898727416992
XGB,5,0,0,0.3760075569152832
XGB,5,0,0,0.08307395130395889
XGB,5,0,0,0.030174436047673225
XGB,5,1,0,0.18003202974796295
XGB,5,0,0,0.011158394627273083
XGB,5,0,0,0.2783649265766144
XGB,5,0,0,0.24681973457336426
XGB,5,0,0,0.006345079280436039
XGB,5,0,0,0.2123221755027771
XGB,5,0,0,0.015261600725352764
XGB,5,0,0,0.3585824966430664
XGB,5,0,0,0.49796777963638306
XGB,5,0,0,0.004806565120816231
XGB,5,0,1,0.5066277980804443
XGB,5,0,0,0.19458723068237305
XGB,5,0,0,0.04142090305685997
XGB,5,0,0,0.4873410761356354
XGB,5,0,0,0.17724201083183289
XGB,5,1,0,0.0928456112742424
XGB,5,1,1,0.5579572916030884
XGB,5,1,0,0.0016661054687574506
XGB,5,0,0,0.08366354554891586
XGB,5,0,0,0.01557630393654108
XGB,5,0,0,0.0008730294066481292
XGB,5,0,0,0.007198761682957411
XGB,5,0,0,0.09538157284259796
XGB,5,1,1,0.9399315714836121
XGB,5,1,0,0.06408044695854187
XGB,5,0,0,0.01802271418273449
XGB,5,1,0,0.010272296145558357
XGB,5,0,0,0.23320777714252472
XGB,5,0,0,0.08003481477499008
XGB,5,1,0,0.28359922766685486
XGB,5,0,0,0.0272735096514225
XGB,5,0,0,0.01127806305885315
XGB,5,0,1,0.8085654973983765
XGB,5,1,0,0.03973677381873131
XGB,5,0,0,0.06343793869018555
XGB,5,0,0,0.040535591542720795
XGB,5,0,0,0.042355090379714966
XGB,5,0,0,0.006950539071112871
XGB,5,0,0,0.031374357640743256
XGB,5,1,1,0.8647671341896057
XGB,5,0,1,0.6459263563156128
XGB,5,0,0,0.01611567661166191
XGB,5,1,0,0.14618384838104248
XGB,5,0,0,0.010784323327243328
XGB,5,1,0,0.1673559546470642
XGB,5,0,0,0.0670166090130806
XGB,5,0,0,0.08194436877965927
XGB,5,0,0,0.007497143000364304
XGB,5,0,1,0.8017613291740417
XGB,5,0,0,0.015259308740496635
XGB,5,0,0,0.12601742148399353
XGB,5,0,1,0.9852758646011353
XGB,5,1,1,0.599000096321106
XGB,5,0,0,0.04946006461977959
XGB,5,0,0,0.4425658881664276
XGB,5,1,0,0.25252702832221985
XGB,5,0,0,0.00022453279234468937
XGB,5,1,0,0.017438864335417747
XGB,5,0,0,0.15599548816680908
XGB,5,0,0,0.022978156805038452
XGB,5,0,0,0.010576874017715454
XGB,5,0,0,0.00703990925103426
XGB,5,0,0,0.01713445782661438
XGB,5,0,0,0.007146692369133234
XGB,5,1,0,0.20043252408504486
XGB,5,0,0,0.045973148196935654
XGB,5,1,0,0.14707030355930328
XGB,5,0,0,0.023485228419303894
XGB,5,0,0,0.20252898335456848
XGB,5,1,0,0.014883232302963734
XGB,5,1,0,0.007268380373716354
XGB,5,0,1,0.818183422088623
XGB,5,0,0,0.016005489975214005
XGB,5,0,0,0.40223217010498047
XGB,5,1,0,0.44336575269699097
XGB,5,0,0,0.007407251745462418
XGB,5,0,0,0.020794540643692017
XGB,5,0,0,0.026843639090657234
XGB,5,0,1,0.7458351850509644
XGB,5,0,0,0.004265007097274065
XGB,5,1,0,0.056830357760190964
XGB,5,1,1,0.6415961384773254
XGB,5,0,0,0.24672996997833252
XGB,5,0,0,0.012528244405984879
XGB,5,0,0,0.11582410335540771
XGB,5,1,0,0.41295546293258667
XGB,5,0,0,0.16160061955451965
XGB,5,0,0,0.22314314544200897
XGB,5,0,0,0.015069223009049892
XGB,5,0,0,0.06952802836894989
XGB,5,1,0,0.20212632417678833
XGB,5,0,0,0.46184206008911133
XGB,5,0,0,0.019431650638580322
XGB,5,0,0,0.19257992506027222
XGB,5,0,0,0.0036748407874256372
XGB,5,0,0,0.023201370611786842
XGB,5,0,0,0.028686435893177986
XGB,5,0,1,0.9778878092765808
XGB,5,0,0,0.0554521270096302
XGB,5,0,0,0.1869947612285614
XGB,5,0,0,0.0112714609131217
XGB,5,0,0,0.003501772414892912
XGB,5,0,0,0.4153425693511963
XGB,5,0,0,0.0003521039616316557
XGB,5,1,0,0.001005234313197434
XGB,5,0,0,0.07984228432178497
XGB,5,0,0,0.17569400370121002
XGB,5,1,1,0.9959076642990112
XGB,5,0,0,0.05283733457326889
XGB,5,1,0,0.1748034656047821
XGB,5,0,0,0.032287973910570145
XGB,5,0,0,0.02355988137423992
XGB,5,0,0,0.01718299835920334
XGB,5,0,0,0.437434583902359
XGB,5,1,0,0.19532513618469238
XGB,5,0,1,0.8351713418960571
XGB,5,1,0,0.037482935935258865
XGB,5,0,0,0.005045081488788128
XGB,5,1,0,0.09116403758525848
XGB,5,0,0,0.09257415682077408
XGB,5,0,1,0.8236326575279236
XGB,5,0,0,0.14949406683444977
XGB,5,0,0,0.07089119404554367
XGB,5,0,0,0.035207752138376236
XGB,5,0,1,0.9743561148643494
XGB,5,1,0,0.18432210385799408
XGB,5,0,0,0.020720912143588066
XGB,5,1,0,0.024689318612217903
XGB,5,0,0,0.04416203126311302
XGB,5,0,0,0.011180893518030643
XGB,5,0,0,0.03661027178168297
XGB,5,0,0,0.08684945106506348
XGB,5,0,0,0.024492856115102768
XGB,5,0,0,0.006476314272731543
XGB,5,0,0,0.022357452660799026
XGB,5,0,0,0.33212605118751526
XGB,5,0,0,0.00393816689029336
XGB,5,0,0,0.30081212520599365
XGB,5,0,0,0.18506598472595215
XGB,5,0,0,0.21371746063232422
XGB,5,0,0,0.050700485706329346
XGB,5,0,0,0.07419198006391525
XGB,5,0,0,0.058066532015800476
XGB,5,0,0,0.06265442073345184
XGB,5,0,0,0.19606418907642365
XGB,5,0,0,0.04806164652109146
XGB,5,0,0,0.0023470502346754074
XGB,5,0,0,0.07950542122125626
XGB,5,0,0,0.1388993114233017
XGB,5,0,0,0.07226680219173431
XGB,5,0,0,0.03409118205308914
XGB,5,0,0,0.3603716194629669
XGB,5,1,1,0.9667466878890991
XGB,5,0,0,0.41038069128990173
XGB,5,0,0,0.0003542184713296592
XGB,5,0,0,0.03658972680568695
XGB,5,0,0,0.020966138690710068
XGB,5,0,0,0.13019803166389465
XGB,5,0,0,0.08490485697984695
XGB,5,1,0,0.07668223232030869
XGB,5,0,0,0.07993847876787186
XGB,5,0,0,0.018651915714144707
XGB,5,0,0,0.08806518465280533
XGB,5,0,0,0.0045916116796433926
XGB,5,0,0,0.020841989666223526
XGB,5,0,0,0.41841644048690796
XGB,5,0,0,0.1352245807647705
XGB,5,0,0,0.12679745256900787
XGB,5,0,0,0.13170763850212097
XGB,5,0,0,0.060472920536994934
XGB,5,0,0,0.010286174714565277
LGBM,1,0,0,0.03142523837287849
LGBM,1,1,0,0.13544486308319237
LGBM,1,0,0,0.006319074314302887
LGBM,1,1,0,0.016595800271869233
LGBM,1,0,0,0.06223886402895781
LGBM,1,0,0,0.13872781784148885
LGBM,1,0,0,0.08433148964954496
LGBM,1,0,0,0.15448735357945068
LGBM,1,0,0,0.04505104439499909
LGBM,1,0,0,0.12789957230226087
LGBM,1,0,0,0.023015121710238652
LGBM,1,0,0,0.007371545519706549
LGBM,1,0,0,0.014690620925997934
LGBM,1,0,0,0.060761794994059155
LGBM,1,0,0,0.015054574058440889
LGBM,1,0,0,0.0858917736730948
LGBM,1,0,0,0.05758208036685871
LGBM,1,0,0,0.025159562938213493
LGBM,1,0,0,0.19671834623591772
LGBM,1,0,0,0.03595263364970275
LGBM,1,0,0,0.15102844688768882
LGBM,1,0,1,0.762127950772106
LGBM,1,1,0,0.25669373698989956
LGBM,1,1,0,0.020465361826521877
LGBM,1,0,0,0.018746899393660997
LGBM,1,0,0,0.1744232513240294
LGBM,1,0,0,0.036494790142252535
LGBM,1,0,0,0.3522136122561819
LGBM,1,0,0,0.1583698843410057
LGBM,1,1,0,0.06376843127285006
LGBM,1,0,1,0.5237411288661138
LGBM,1,0,0,0.31871085505373153
LGBM,1,1,0,0.4639828520850697
LGBM,1,0,0,0.3390444349251914
LGBM,1,0,0,0.04681531795063218
LGBM,1,0,0,0.03991161129307234
LGBM,1,0,0,0.08640286050396619
LGBM,1,1,0,0.37855525958483677
LGBM,1,0,0,0.06314854453093946
LGBM,1,0,0,0.08061012658248437
LGBM,1,0,0,0.16991147828970238
LGBM,1,1,0,0.33414864337404676
LGBM,1,0,0,0.0615264243553822
LGBM,1,0,1,0.7883636860959133
LGBM,1,0,0,0.36223062446808146
LGBM,1,0,0,0.19100673609729507
LGBM,1,1,0,0.2129988613559291
LGBM,1,0,0,0.012773506897666367
LGBM,1,0,0,0.1036835200802494
LGBM,1,1,0,0.04303007753074239
LGBM,1,1,0,0.16615886790521375
LGBM,1,0,0,0.1472433259848478
LGBM,1,0,0,0.056809341951246255
LGBM,1,0,0,0.10321105800298358
LGBM,1,0,0,0.026148905385618156
LGBM,1,0,0,0.17697610717830897
LGBM,1,1,0,0.2395797195493876
LGBM,1,0,0,0.1511518866587033
LGBM,1,0,0,0.0925520047698593
LGBM,1,1,0,0.44958018425976337
LGBM,1,0,0,0.34210011242330907
LGBM,1,1,1,0.9047755585814713
LGBM,1,0,0,0.3425727790315299
LGBM,1,0,0,0.01312551473337183
LGBM,1,0,0,0.21288183791849327
LGBM,1,0,0,0.09533725067687034
LGBM,1,0,0,0.011994643533968867
LGBM,1,1,0,0.10487045125320656
LGBM,1,1,1,0.7371586886076722
LGBM,1,0,0,0.20754418096690233
LGBM,1,0,0,0.14194624737421047
LGBM,1,0,0,0.28325432339622847
LGBM,1,0,0,0.0976941781250935
LGBM,1,0,0,0.010389396095084387
LGBM,1,0,0,0.03340805849570953
LGBM,1,1,0,0.23377649048842947
LGBM,1,0,0,0.22316466793408726
LGBM,1,0,0,0.03982063500200504
LGBM,1,1,0,0.32164673868473387
LGBM,1,0,0,0.1061242043463888
LGBM,1,0,0,0.06454152148244095
LGBM,1,0,0,0.15057353544718208
LGBM,1,0,0,0.3172077760069757
LGBM,1,0,0,0.09936191524931987
LGBM,1,0,0,0.036188129954847645
LGBM,1,0,0,0.011630655261059776
LGBM,1,0,0,0.25702536474327786
LGBM,1,0,1,0.774955981565529
LGBM,1,0,0,0.2485182388328663
LGBM,1,1,1,0.775025022696704
LGBM,1,0,0,0.2781564604994371
LGBM,1,0,0,0.1183197171888415
LGBM,1,0,0,0.1976527275863751
LGBM,1,0,0,0.06099614070086319
LGBM,1,0,0,0.12467278485266638
LGBM,1,0,0,0.01734413542562092
LGBM,1,1,0,0.11034517611875429
LGBM,1,0,0,0.4218456965805556
LGBM,1,0,1,0.8258362605549754
LGBM,1,1,1,0.545604942175046
LGBM,1,0,0,0.12095624146139233
LGBM,1,0,0,0.045480291601382845
LGBM,1,1,0,0.04643788371241457
LGBM,1,1,1,0.8516677891371375
LGBM,1,0,0,0.08505542288132166
LGBM,1,0,0,0.040646600835091626
LGBM,1,0,1,0.5879133160688799
LGBM,1,0,0,0.1200907282731208
LGBM,1,0,0,0.009290409933230647
LGBM,1,1,1,0.7402310610067346
LGBM,1,0,0,0.05489818667725038
LGBM,1,0,0,0.030252719849251503
LGBM,1,0,0,0.12767778395996202
LGBM,1,0,1,0.7967287175677815
LGBM,1,1,1,0.8804398092197616
LGBM,1,1,1,0.9569495305798583
LGBM,1,0,0,0.018445826877958513
LGBM,1,1,0,0.07226462134723483
LGBM,1,1,1,0.5986879149591361
LGBM,1,1,0,0.4106974408664378
LGBM,1,0,0,0.07993007569035879
LGBM,1,0,1,0.502106887444826
LGBM,1,1,0,0.13844894838332186
LGBM,1,0,1,0.6031047359062923
LGBM,1,0,0,0.05786834372586784
LGBM,1,0,0,0.01821489818289125
LGBM,1,1,1,0.8070306259994815
LGBM,1,0,0,0.1753398929411314
LGBM,1,0,0,0.3816699215724799
LGBM,1,0,0,0.08300419957072981
LGBM,1,0,0,0.08291059400787552
LGBM,1,0,0,0.14907953206045385
LGBM,1,0,0,0.02534534951273465
LGBM,1,0,0,0.1540581020835087
LGBM,1,0,0,0.002725681990913922
LGBM,1,1,0,0.20783412320674063
LGBM,1,0,0,0.15039994645826898
LGBM,1,0,0,0.20286015212712086
LGBM,1,1,0,0.015688593105919347
LGBM,1,0,0,0.11038127356012105
LGBM,1,0,0,0.22917001671899265
LGBM,1,1,0,0.2515734824291981
LGBM,1,0,0,0.08648243843542557
LGBM,1,0,0,0.02737262517484613
LGBM,1,0,0,0.23785925260239835
LGBM,1,0,0,0.24692469884309817
LGBM,1,1,0,0.4432663858632283
LGBM,1,0,1,0.884942851351237
LGBM,1,0,0,0.007656032460441477
LGBM,1,0,0,0.14161691045201874
LGBM,1,1,0,0.11087194402744734
LGBM,1,0,0,0.005843904862691007
LGBM,1,0,0,0.4802896238356713
LGBM,1,0,1,0.5518296034988163
LGBM,1,0,0,0.15023970359831354
LGBM,1,0,1,0.7665647243775559
LGBM,1,0,0,0.21595375121630553
LGBM,1,0,0,0.042883068633312545
LGBM,1,0,0,0.2754193594372907
LGBM,1,0,0,0.055852845752521814
LGBM,1,0,0,0.05874986890936854
LGBM,1,0,0,0.11345781251350277
LGBM,1,0,0,0.3450908419855543
LGBM,1,0,0,0.17973329304249475
LGBM,1,0,0,0.2964144189687155
LGBM,1,0,0,0.04664168918446864
LGBM,1,0,0,0.35713645495073937
LGBM,1,1,0,0.36125851728741615
LGBM,1,1,1,0.5002069447409835
LGBM,1,0,0,0.26332502789455736
LGBM,1,0,0,0.29567770632433393
LGBM,1,1,0,0.05707086624778178
LGBM,1,0,0,0.19074764633198277
LGBM,1,0,0,0.05609017854133863
LGBM,1,0,0,0.19910666041894293
LGBM,1,0,0,0.049835435080904864
LGBM,1,0,0,0.0709827805965752
LGBM,1,0,0,0.13087443180035105
LGBM,1,0,0,0.13060836231006714
LGBM,1,0,0,0.028519980340340218
LGBM,1,0,0,0.15821053864604148
LGBM,1,0,0,0.18433290088683818
LGBM,1,0,0,0.013126196250013886
LGBM,1,0,0,0.048777800931733575
LGBM,1,0,1,0.5975655101901992
LGBM,1,0,0,0.11013130463083301
LGBM,1,0,0,0.24193101483289858
LGBM,1,0,0,0.06810251170484319
LGBM,1,1,0,0.1462600560463113
LGBM,1,0,0,0.08667263426315275
LGBM,1,1,0,0.2768904263453172
LGBM,1,0,0,0.2533213967579526
LGBM,1,1,1,0.5587570753059821
LGBM,1,1,0,0.051203534999312586
LGBM,1,0,0,0.013136895584846226
LGBM,1,0,0,0.01862271694348974
LGBM,1,0,0,0.030552292625603147
LGBM,1,1,0,0.08634931533223775
LGBM,1,1,1,0.5123791980533549
LGBM,1,1,0,0.09731742362693444
LGBM,1,0,0,0.009861139094761339
LGBM,1,0,0,0.02153624033478837
LGBM,1,1,0,0.25863253179864937
LGBM,1,1,0,0.11608512745219167
LGBM,1,0,0,0.051699951000692274
LGBM,1,0,0,0.09730003810913877
LGBM,1,0,0,0.1501962972486669
LGBM,1,0,0,0.10935336668131955
LGBM,1,0,0,0.07284919249908238
LGBM,1,0,0,0.3042314778395965
LGBM,1,0,0,0.17865286488534404
LGBM,1,0,0,0.15308877731030296
LGBM,1,0,0,0.19319625681175967
LGBM,1,0,0,0.17657462462058274
LGBM,1,0,0,0.10220842683472398
LGBM,1,0,0,0.010499614491520015
LGBM,1,1,0,0.07978216884872374
LGBM,1,1,0,0.1539299953476522
LGBM,1,0,0,0.016388116893767832
LGBM,1,1,0,0.29283032678440607
LGBM,1,0,0,0.18522524601949863
LGBM,1,0,0,0.24116179000578153
LGBM,1,1,0,0.08332322143089312
LGBM,1,0,0,0.019703478002250856
LGBM,1,0,0,0.08308270213377146
LGBM,1,0,0,0.07788728110560539
LGBM,1,0,0,0.0020317088386335026
LGBM,1,0,1,0.5316385403925964
LGBM,1,1,0,0.12034271437645032
LGBM,1,1,1,0.5634079843129697
LGBM,1,0,0,0.021280389095743663
LGBM,1,0,0,0.022157874066875114
LGBM,1,0,0,0.4280028465726703
LGBM,1,0,0,0.1736382275000546
LGBM,1,0,0,0.06238428334783895
LGBM,1,0,0,0.20158748767671533
LGBM,1,0,0,0.25972778864537543
LGBM,1,0,0,0.28412234333084413
LGBM,1,0,0,0.04861484188793516
LGBM,1,0,0,0.13509289044688266
LGBM,1,0,0,0.06667024664578575
LGBM,1,0,0,0.13049284604343506
LGBM,1,0,0,0.05407692819382258
LGBM,1,0,0,0.05494200803725799
LGBM,1,0,0,0.17129118429673248
LGBM,1,0,0,0.08286707904444271
LGBM,1,1,0,0.36245684961941244
LGBM,1,0,0,0.105280066392687
LGBM,1,0,0,0.014901533710144473
LGBM,1,1,0,0.4586658766023933
LGBM,1,0,0,0.14244194033828064
LGBM,1,0,0,0.03244209124614391
LGBM,1,0,1,0.7171142860635976
LGBM,1,0,0,0.08469163142781443
LGBM,1,0,0,0.1921736593568808
LGBM,1,1,0,0.0962013589666014
LGBM,1,0,0,0.03986901723448922
LGBM,1,0,0,0.0786984478020731
LGBM,1,0,0,0.06493000240635324
LGBM,1,0,0,0.02693418946112165
LGBM,1,0,0,0.014892206986314
LGBM,1,0,0,0.04110273211270349
LGBM,1,0,0,0.17376479326096958
LGBM,1,0,0,0.026668053411346045
LGBM,1,0,0,0.031163918413208605
LGBM,1,0,0,0.05497338131901203
LGBM,1,0,0,0.027301200162551588
LGBM,1,1,0,0.08334400988495906
LGBM,1,0,0,0.062474927571285574
LGBM,1,1,0,0.011360593586909648
LGBM,1,0,0,0.056383385432848064
LGBM,1,0,0,0.11278501515220932
LGBM,1,0,0,0.12970431237968738
LGBM,1,1,0,0.26929978215029765
LGBM,1,0,0,0.04445515416486089
LGBM,1,0,0,0.03380077053047511
LGBM,1,0,0,0.10446695410337759
LGBM,1,0,0,0.060708003099856904
LGBM,1,0,0,0.07639212307704212
LGBM,1,0,0,0.35157276299542217
LGBM,1,0,0,0.12309280823182053
LGBM,1,0,0,0.04676143622127058
LGBM,1,0,0,0.05573651134331801
LGBM,1,0,0,0.039314549000930545
LGBM,1,0,0,0.013722457980765823
LGBM,1,0,0,0.032200338007049016
LGBM,1,1,0,0.4154190793970936
LGBM,1,0,0,0.1503460909022207
LGBM,1,0,0,0.048950369242272286
LGBM,1,0,0,0.03541485199493061
LGBM,1,0,0,0.29923195379169626
LGBM,1,1,0,0.12162199724462434
LGBM,1,0,0,0.1361351310190583
LGBM,1,1,0,0.014123658948567621
LGBM,1,0,0,0.24941185207265493
LGBM,1,0,0,0.041680826766182205
LGBM,1,0,0,0.046073814056116214
LGBM,1,0,0,0.07369884405976465
LGBM,1,0,0,0.35914174232984464
LGBM,1,0,0,0.457977533391911
LGBM,1,0,0,0.2671369252903409
LGBM,1,0,0,0.24787019168968197
LGBM,1,0,0,0.36437247599720884
LGBM,1,1,1,0.9251546047501006
LGBM,1,1,1,0.8121616756220272
LGBM,1,0,0,0.11256440252186821
LGBM,1,0,0,0.03271504885292193
LGBM,1,0,0,0.03532350946171846
LGBM,1,0,0,0.1571759448439091
LGBM,1,0,0,0.013371643742378684
LGBM,1,0,0,0.22739337893729375
LGBM,1,0,0,0.016084213105369796
LGBM,1,0,0,0.08923332877702754
LGBM,1,0,0,0.09615021480067469
LGBM,1,0,0,0.07766893533324351
LGBM,1,1,0,0.1436757649047215
LGBM,1,0,0,0.02352375440514778
LGBM,1,0,0,0.014511651540024305
LGBM,1,0,0,0.12713437348225107
LGBM,1,1,1,0.9039964949903865
LGBM,1,0,0,0.03154991358179098
LGBM,1,0,0,0.2526171108406905
LGBM,1,1,0,0.12408978046667468
LGBM,1,1,0,0.012397844736245247
LGBM,1,0,0,0.10802698477456942
LGBM,1,0,0,0.05882501713254485
LGBM,1,0,0,0.14148500826246807
LGBM,1,0,0,0.015648486046592195
LGBM,1,1,1,0.9862887295293595
LGBM,1,0,0,0.0392403533361729
LGBM,1,0,0,0.007160945600789242
LGBM,1,0,0,0.20821955589624974
LGBM,1,0,0,0.15176304732010584
LGBM,1,0,0,0.15528534069898733
LGBM,1,0,0,0.07368779732126286
LGBM,1,0,0,0.014164367776114774
LGBM,1,1,1,0.525835884889002
LGBM,1,0,0,0.07146603490207874
LGBM,1,0,0,0.01403828195988198
LGBM,1,0,0,0.22709029523485064
LGBM,1,0,0,0.06585663331626382
LGBM,1,0,0,0.030607412420177504
LGBM,1,1,1,0.915185560919409
LGBM,1,1,0,0.04519403785671622
LGBM,1,0,0,0.4725740649189385
LGBM,1,0,0,0.3453511594799643
LGBM,1,0,0,0.16135634447873476
LGBM,1,0,0,0.08285256064754688
LGBM,1,0,0,0.03067890205837476
LGBM,1,0,0,0.27173250063773724
LGBM,1,0,0,0.190831652566588
LGBM,1,1,0,0.47508162179146024
LGBM,1,0,0,0.1055845192844904
LGBM,1,1,0,0.053232451230027074
LGBM,1,0,0,0.006536526026027759
LGBM,1,0,0,0.08466777307258583
LGBM,1,0,0,0.049600260326048355
LGBM,1,0,0,0.38347515896169326
LGBM,1,1,0,0.4923593776789688
LGBM,1,0,0,0.30653372732663065
LGBM,1,0,0,0.08878004705077737
LGBM,1,0,0,0.014171081997933283
LGBM,1,0,0,0.027663385618816722
LGBM,1,0,0,0.02423014194180023
LGBM,1,0,0,0.20874151510248198
LGBM,1,0,0,0.43775776601008787
LGBM,1,0,0,0.055760042331983416
LGBM,1,0,0,0.09374315641879907
LGBM,1,0,0,0.0395243167782885
LGBM,1,0,0,0.40499177074923454
LGBM,1,0,0,0.03635099654822338
LGBM,1,0,0,0.016123889621534302
LGBM,1,0,0,0.01666915728726842
LGBM,1,0,0,0.023414757891015863
LGBM,1,1,1,0.7998178577217451
LGBM,1,0,0,0.25593757683155705
LGBM,1,0,0,0.07427296462232802
LGBM,1,0,0,0.19404749262602203
LGBM,1,0,0,0.11650930149816341
LGBM,1,0,1,0.5234808298827864
LGBM,1,0,0,0.08327661178999517
LGBM,1,0,0,0.197786085431141
LGBM,1,0,0,0.07468157762333444
LGBM,1,1,0,0.47152318633936485
LGBM,1,1,0,0.2545465312530783
LGBM,1,0,0,0.04065862105711856
LGBM,1,0,0,0.1592886171685085
LGBM,1,0,0,0.4247593406671722
LGBM,1,1,0,0.2908611704553251
LGBM,1,0,0,0.08124475154048151
LGBM,1,1,1,0.725401307212158
LGBM,1,1,0,0.0163300207880116
LGBM,1,0,0,0.3333770692069974
LGBM,1,0,0,0.13076378364914645
LGBM,1,0,0,0.4053068700518983
LGBM,1,1,0,0.04811147549564905
LGBM,1,1,0,0.1752696018554531
LGBM,1,0,0,0.01621290740685054
LGBM,1,1,0,0.15656294099790383
LGBM,1,0,0,0.23388700632346537
LGBM,1,0,0,0.19084898744346265
LGBM,1,0,0,0.2678420809537566
LGBM,1,1,0,0.3055302429909267
LGBM,1,0,0,0.2252333860659038
LGBM,1,1,1,0.6036540185238799
LGBM,1,0,0,0.06722769269199373
LGBM,1,0,0,0.16871263136783965
LGBM,1,1,1,0.7301813567706921
LGBM,1,1,0,0.1536750934758451
LGBM,1,0,1,0.5245608641952713
LGBM,1,0,0,0.15747460621434356
LGBM,1,0,0,0.0779885474629516
LGBM,1,0,0,0.05848008253278279
LGBM,1,0,0,0.001727498009250105
LGBM,1,0,0,0.09070322857753732
LGBM,1,0,0,0.03833199172940274
LGBM,1,0,0,0.05273770335224121
LGBM,1,1,1,0.9430921433907947
LGBM,1,0,0,0.07761880053219285
LGBM,1,0,0,0.03919778356865968
LGBM,1,0,0,0.10286911153471963
LGBM,1,0,0,0.09569933045346911
LGBM,1,0,0,0.20087898768762033
LGBM,1,0,0,0.3449641434192058
LGBM,1,1,0,0.10956782919037246
LGBM,1,0,0,0.07334752239487818
LGBM,1,0,0,0.4370014026927633
LGBM,1,0,0,0.22844561065149838
LGBM,1,0,0,0.1226333215033437
LGBM,1,0,0,0.25690328659786765
LGBM,1,0,1,0.6072722180601812
LGBM,1,0,0,0.3562701026866927
LGBM,1,0,0,0.02070268191097321
LGBM,1,0,0,0.19010280098558532
LGBM,1,0,0,0.25218185626570433
LGBM,1,0,0,0.034017815893923366
LGBM,1,0,0,0.00659195282644397
LGBM,1,1,0,0.21465771953136717
LGBM,1,0,1,0.6733155757507396
LGBM,1,0,0,0.09911383173450142
LGBM,1,0,0,0.32730082716024367
LGBM,1,0,0,0.09195611266381747
LGBM,1,0,0,0.024412617379875858
LGBM,1,0,0,0.15843330211828702
LGBM,1,0,0,0.23888617666501186
LGBM,1,0,0,0.2828972513673065
LGBM,1,0,0,0.23099551654341202
LGBM,1,0,0,0.09325911670946072
LGBM,1,0,0,0.012222362849775093
LGBM,1,0,0,0.30790293754721626
LGBM,1,0,0,0.021800476964962383
LGBM,1,0,0,0.040529766867058725
LGBM,1,0,0,0.12152747536535008
LGBM,1,1,0,0.22432041770676658
LGBM,1,0,0,0.04205489924273186
LGBM,1,0,0,0.0415627360306029
LGBM,1,0,0,0.3922721251448269
LGBM,1,1,0,0.09981261430474023
LGBM,1,0,1,0.6162016206259011
LGBM,1,0,0,0.11695164856824404
LGBM,1,0,0,0.050736317919718485
LGBM,1,1,1,0.9127881127538019
LGBM,1,0,0,0.4536265350626378
LGBM,1,0,0,0.017890260017404156
LGBM,1,1,0,0.41664301913220214
LGBM,1,0,0,0.37493304338834
LGBM,1,0,0,0.26350150599623506
LGBM,1,0,0,0.2338609074512362
LGBM,1,0,0,0.2393126949311142
LGBM,1,0,0,0.07034104386303149
LGBM,1,0,0,0.2947726120805781
LGBM,1,0,0,0.028042231092323042
LGBM,1,1,0,0.02331556137407874
LGBM,1,0,0,0.048037598000216813
LGBM,1,0,0,0.07041358324184292
LGBM,1,0,0,0.04139748172228542
LGBM,1,1,0,0.017613187743395882
LGBM,1,0,0,0.470720096590519
LGBM,1,0,0,0.22579652521646987
LGBM,1,1,0,0.04938206299592926
LGBM,1,0,0,0.25853170175565704
LGBM,1,1,0,0.27831358899791503
LGBM,1,1,0,0.13740823801588517
LGBM,1,0,0,0.2891823095897055
LGBM,1,0,0,0.13401614497948117
LGBM,1,1,1,0.5279663526630054
LGBM,1,1,0,0.24699464953270062
LGBM,1,0,0,0.3302956191731844
LGBM,1,0,0,0.07494250462779596
LGBM,1,0,0,0.0275135688001719
LGBM,1,0,0,0.005666826229981031
LGBM,1,0,0,0.21318551519640466
LGBM,1,0,0,0.01791908007438039
LGBM,1,1,0,0.02705635881300727
LGBM,1,1,0,0.04825663796887179
LGBM,1,0,0,0.051432744771801764
LGBM,1,0,0,0.06108933170542445
LGBM,1,0,0,0.1159278084142165
LGBM,1,1,0,0.09672565972359358
LGBM,1,0,0,0.028993021719586547
LGBM,1,0,0,0.013297616577681439
LGBM,1,0,1,0.5100630693071435
LGBM,1,1,1,0.9636707575164247
LGBM,1,0,0,0.017497109129293666
LGBM,1,0,0,0.25711584920618924
LGBM,1,1,0,0.30907732347822886
LGBM,1,0,0,0.024997793606123437
LGBM,1,0,0,0.06541893875985841
LGBM,1,0,0,0.059299838230604134
LGBM,1,0,0,0.010632760476916287
LGBM,1,0,0,0.4436414809351339
LGBM,1,0,0,0.11093911848323251
LGBM,1,0,0,0.26897033186383495
LGBM,1,0,0,0.022100899496048383
LGBM,1,0,0,0.4515816395733728
LGBM,1,0,0,0.4399121163051458
LGBM,1,0,0,0.2634749990339334
LGBM,1,1,0,0.009134463706271087
LGBM,1,0,0,0.051733304900026325
LGBM,1,1,0,0.06235824894958076
LGBM,1,0,0,0.002351044530996211
LGBM,1,0,0,0.17189406921941516
LGBM,1,0,0,0.08906239870495831
LGBM,1,0,0,0.006610055405441366
LGBM,1,0,0,0.02993498031549289
LGBM,1,0,0,0.051251555424954534
LGBM,1,0,0,0.008992971216252718
LGBM,1,0,0,0.3409446987163428
LGBM,1,0,0,0.057257204782102694
LGBM,1,1,0,0.021768622825786572
LGBM,1,1,0,0.1955808347055346
LGBM,1,1,1,0.90049863039169
LGBM,1,0,0,0.10056059525592861
LGBM,1,0,0,0.034201137076064696
LGBM,1,1,0,0.0544940388267379
LGBM,1,1,1,0.5529350928210279
LGBM,1,0,0,0.08712581212129053
LGBM,1,0,0,0.38373786263803106
LGBM,1,0,0,0.11520299471445977
LGBM,1,0,0,0.19125798242507197
LGBM,1,0,0,0.0791698772886615
LGBM,1,0,0,0.099124316033766
LGBM,1,0,0,0.07421216138472508
LGBM,1,1,0,0.12815455315226235
LGBM,1,0,0,0.0047332208928649614
LGBM,1,0,0,0.029411899077776752
LGBM,1,0,0,0.09112090581924202
LGBM,1,0,0,0.12104984045442785
LGBM,1,0,0,0.01897256349407439
LGBM,1,1,1,0.7596904892628649
LGBM,1,1,0,0.10939011222207465
LGBM,1,0,0,0.08300827457075824
LGBM,1,0,0,0.021361183109105585
LGBM,1,0,0,0.2786612354583754
LGBM,1,0,0,0.06697307955617289
LGBM,1,0,0,0.1450692121904468
LGBM,1,1,1,0.844087875524863
LGBM,1,0,0,0.027711262732247336
LGBM,1,0,1,0.8090817241225745
LGBM,1,0,0,0.03323445524606037
LGBM,1,0,0,0.13807414454468
LGBM,1,0,0,0.03304981149008038
LGBM,1,1,0,0.27967431926492914
LGBM,1,0,0,0.04175842274775156
LGBM,1,1,0,0.17534047099258923
LGBM,1,0,0,0.1758332979727131
LGBM,1,0,0,0.04395627353025124
LGBM,1,1,0,0.1571544879597582
LGBM,1,0,0,0.0566509012926055
LGBM,1,0,0,0.11967587354100384
LGBM,1,0,1,0.9619835163796033
LGBM,1,0,1,0.5827633879358156
LGBM,1,0,0,0.17472475023747172
LGBM,1,0,1,0.5011922038428536
LGBM,1,0,0,0.0989395166840099
LGBM,1,0,0,0.011595971797044382
LGBM,1,0,0,0.01570462120717142
LGBM,1,0,0,0.013835063070946755
LGBM,1,1,0,0.275255177068737
LGBM,1,0,0,0.39367831357999217
LGBM,1,0,0,0.3496659998279235
LGBM,1,0,1,0.5369263395822667
LGBM,1,1,0,0.15656317313542914
LGBM,1,0,0,0.31412562925761406
LGBM,1,0,0,0.099413163996005
LGBM,1,0,0,0.4899653568606541
LGBM,1,0,0,0.06828142661614245
LGBM,1,1,0,0.2954621050209523
LGBM,1,1,0,0.24603859600920125
LGBM,1,0,0,0.020930217047153758
LGBM,1,0,0,0.03360311577695727
LGBM,1,0,0,0.004209731310080858
LGBM,1,1,0,0.0434206539749125
LGBM,1,0,0,0.3085819428065616
LGBM,1,0,0,0.21945969899999695
LGBM,1,0,0,0.182443963383488
LGBM,1,0,0,0.3833226239958914
LGBM,1,1,1,0.5091552241829089
LGBM,1,0,0,0.07307535722422308
LGBM,1,0,0,0.1235786614422697
LGBM,1,0,0,0.05170719066840214
LGBM,1,0,0,0.314091741658002
LGBM,1,0,0,0.03568906700831956
LGBM,1,0,0,0.010366483115232633
LGBM,1,0,0,0.4238657336137274
LGBM,1,1,0,0.02946121880817327
LGBM,1,1,0,0.30150453246011644
LGBM,1,0,0,0.08992937412224027
LGBM,1,1,0,0.18863628148512598
LGBM,1,0,0,0.008381955603150266
LGBM,1,0,0,0.30318326526491046
LGBM,1,0,0,0.23057974752606825
LGBM,1,0,0,0.025161410294275686
LGBM,1,0,0,0.005562442907682091
LGBM,1,0,0,0.4072783836366134
LGBM,1,1,0,0.03161382033890625
LGBM,1,0,0,0.06589748894345251
LGBM,1,0,0,0.014705286600366622
LGBM,1,0,0,0.18538645971524317
LGBM,1,0,0,0.33456494795469505
LGBM,1,0,0,0.2507379625984816
LGBM,1,1,1,0.6655571804775317
LGBM,1,0,0,0.06294654098676733
LGBM,1,1,0,0.10444043839634853
LGBM,1,0,0,0.10405464251337462
LGBM,1,0,0,0.4663885729250998
LGBM,1,0,0,0.007346961036423842
LGBM,1,0,0,0.059043158946105706
LGBM,1,0,0,0.043688972750985516
LGBM,1,0,0,0.05716747014914949
LGBM,1,0,0,0.223984932817294
LGBM,1,0,0,0.06288764837309546
LGBM,1,0,0,0.08060363740202589
LGBM,1,1,0,0.4537951196750666
LGBM,1,0,0,0.055860250317719136
LGBM,1,0,0,0.21777917534256386
LGBM,1,0,0,0.08915278213981881
LGBM,1,0,1,0.5172587709120962
LGBM,1,0,0,0.23427061358728488
LGBM,1,1,1,0.6295134565340975
LGBM,1,0,0,0.13771120452216112
LGBM,1,0,0,0.0075586782385176346
LGBM,1,0,0,0.1572500300613274
LGBM,1,0,0,0.3633681490472118
LGBM,1,0,0,0.030757433987952425
LGBM,1,0,1,0.7873396218429174
LGBM,1,0,0,0.30134069658896684
LGBM,1,1,0,0.02743811704763198
LGBM,1,0,0,0.15426815846881364
LGBM,1,1,0,0.40624266089916256
LGBM,1,0,0,0.05489078013468182
LGBM,1,0,0,0.19629068347185627
LGBM,1,0,0,0.4412373733069681
LGBM,1,0,0,0.33484433202112335
LGBM,1,0,0,0.07447833507181227
LGBM,1,0,0,0.014458738019206597
LGBM,1,0,1,0.7333076235290509
LGBM,1,0,0,0.25568346903139916
LGBM,1,0,0,0.2193602909475261
LGBM,1,1,0,0.31213668603089334
LGBM,1,0,0,0.30848451270060695
LGBM,1,0,0,0.22990814338530477
LGBM,1,0,0,0.37882086466722203
LGBM,1,1,0,0.055264047581230484
LGBM,1,1,0,0.03952360712311775
LGBM,1,0,0,0.024369017326088257
LGBM,1,0,0,0.13346236199265946
LGBM,1,0,0,0.022341292659981096
LGBM,1,0,0,0.13317425301706062
LGBM,1,0,0,0.04187011620899728
LGBM,1,0,0,0.4112137004361509
LGBM,1,0,0,0.2589601136155475
LGBM,1,1,0,0.07409652530640289
LGBM,1,0,1,0.5465277933308289
LGBM,1,0,0,0.008976970077546114
LGBM,1,0,0,0.06606168349222273
LGBM,1,0,0,0.1326232442556579
LGBM,1,0,0,0.10077264584949891
LGBM,1,0,0,0.06697215465542206
LGBM,1,1,1,0.8709914447239624
LGBM,1,0,0,0.1767383812747363
LGBM,1,0,0,0.010927861675988993
LGBM,1,0,0,0.03899876892251347
LGBM,1,0,1,0.699760024798882
LGBM,1,0,0,0.010823493828288356
LGBM,1,1,1,0.8486123971864054
LGBM,1,0,0,0.03675584541031326
LGBM,1,1,0,0.042545270042864854
LGBM,1,0,0,0.0073291364569738286
LGBM,1,0,0,0.02052166095900068
LGBM,1,0,0,0.06153034150627154
LGBM,1,0,0,0.13032321220629964
LGBM,1,0,0,0.12871956332907492
LGBM,1,0,0,0.15101017761581562
LGBM,1,0,0,0.06530279797565879
LGBM,1,0,0,0.03207226456048314
LGBM,1,0,0,0.1603671389785635
LGBM,1,0,1,0.6057652881758939
LGBM,1,1,0,0.1490404771852177
LGBM,1,0,0,0.3430550505759449
LGBM,1,0,0,0.2810940609160851
LGBM,1,0,0,0.054209931504879634
LGBM,1,0,0,0.0558827317450222
LGBM,1,0,0,0.04961212102595435
LGBM,1,1,0,0.22470014672522157
LGBM,1,0,0,0.11772752928164822
LGBM,1,0,0,0.0045524464269968605
LGBM,1,0,0,0.24062452691708577
LGBM,1,0,0,0.02034795197371178
LGBM,1,0,0,0.23267200929968138
LGBM,1,1,0,0.16975379507845464
LGBM,1,0,0,0.0851305573399563
LGBM,1,1,1,0.7718158678701118
LGBM,1,0,0,0.0924825950959479
LGBM,1,0,0,0.1118729260377722
LGBM,1,1,0,0.13686352841343594
LGBM,1,1,0,0.3253784592089754
LGBM,1,0,0,0.017846138125160203
LGBM,1,0,0,0.023228877782776196
LGBM,1,0,0,0.1434176569982198
LGBM,1,0,0,0.01948410606248473
LGBM,1,0,0,0.18833332974891634
LGBM,1,0,0,0.0029185195536816236
LGBM,1,1,0,0.1508539799530361
LGBM,1,0,0,0.09423819222258188
LGBM,1,1,0,0.006823238668138474
LGBM,1,0,0,0.04113847586940181
LGBM,1,0,0,0.4515406352417505
LGBM,1,0,0,0.09273212181607111
LGBM,1,1,0,0.2871619362351085
LGBM,1,0,0,0.20506655780259256
LGBM,1,0,0,0.0032792275811650254
LGBM,1,0,0,0.15474589739233285
LGBM,1,0,0,0.2116993013386046
LGBM,1,0,0,0.033898390103045885
LGBM,1,0,0,0.04560722337969695
LGBM,1,0,0,0.015357298093217628
LGBM,1,1,0,0.4062962087912311
LGBM,1,0,0,0.037356031410531086
LGBM,1,1,0,0.3305439267773815
LGBM,1,1,0,0.11416558214673013
LGBM,1,0,0,0.26779774658220856
LGBM,1,1,0,0.04155180049660828
LGBM,1,0,1,0.7483382095023047
LGBM,1,1,0,0.048132139539463326
LGBM,1,0,0,0.03496888500669457
LGBM,1,0,1,0.692594358674402
LGBM,1,0,0,0.12037719376363089
LGBM,1,0,0,0.20007533839619987
LGBM,1,0,0,0.04924338710407468
LGBM,1,1,0,0.32177039420344683
LGBM,1,0,0,0.0699287417982063
LGBM,1,0,0,0.02669600434330977
LGBM,1,1,1,0.5833643288756682
LGBM,1,0,0,0.01173649541362959
LGBM,1,1,0,0.04203774398519532
LGBM,1,0,0,0.0554974897068637
LGBM,1,0,0,0.02919142547732751
LGBM,1,1,0,0.17495658765338554
LGBM,1,0,1,0.7459131326197374
LGBM,1,1,0,0.37207297282157015
LGBM,1,0,0,0.09772660680351015
LGBM,1,0,1,0.7250364032681792
LGBM,1,0,0,0.062055446337669705
LGBM,1,1,0,0.007757414044613285
LGBM,1,0,0,0.04736516969327864
LGBM,1,0,0,0.023025868077929147
LGBM,1,0,0,0.019312727364894415
LGBM,1,0,1,0.8262032721843118
LGBM,1,0,0,0.012189074108274944
LGBM,1,0,0,0.010446049192300662
LGBM,1,0,0,0.295057268937349
LGBM,1,0,0,0.04660640877659603
LGBM,1,0,0,0.04825343693874719
LGBM,1,0,0,0.035601433386321484
LGBM,1,0,0,0.029390186853140883
LGBM,1,0,0,0.09502665875855204
LGBM,1,0,0,0.11554997261960341
LGBM,1,0,0,0.012384650205500378
LGBM,1,0,0,0.2770900379897724
LGBM,1,1,1,0.56962305046478
LGBM,1,0,0,0.34844435146709984
LGBM,1,1,1,0.9019326978038187
LGBM,1,0,0,0.14003521287110574
LGBM,1,0,0,0.32129453339109365
LGBM,1,0,0,0.30215432532857434
LGBM,1,0,0,0.00930370654294076
LGBM,1,1,0,0.39308044702243555
LGBM,1,0,0,0.07899632713457015
LGBM,1,0,0,0.025453296663910756
LGBM,1,0,0,0.3361358659938921
LGBM,1,0,0,0.14680298911064765
LGBM,1,0,0,0.23638452604272409
LGBM,1,0,0,0.06793004501383829
LGBM,1,0,0,0.24569911954454457
LGBM,1,1,0,0.2345713397568058
LGBM,1,0,0,0.4827456690531665
LGBM,1,0,0,0.20777754064455659
LGBM,1,0,0,0.0353917443056406
LGBM,1,0,0,0.12735146625157234
LGBM,1,1,0,0.1896068290720082
LGBM,1,0,1,0.5551274422974701
LGBM,1,0,1,0.8351000080340735
LGBM,1,0,0,0.0742762777641249
LGBM,1,0,0,0.021798475731589866
LGBM,1,0,0,0.07007064561456003
LGBM,1,0,0,0.031489754652434074
LGBM,1,1,1,0.5903372689170425
LGBM,1,0,0,0.1590436801001086
LGBM,1,1,0,0.17885832019288495
LGBM,1,0,0,0.13127882054096504
LGBM,1,0,0,0.06868144824731232
LGBM,1,0,0,0.2943858757764432
LGBM,1,1,0,0.24479423252683893
LGBM,1,0,0,0.32592353845494476
LGBM,1,0,0,0.05838852998388201
LGBM,1,1,1,0.8779215275903088
LGBM,1,0,1,0.827001787452597
LGBM,1,0,0,0.23606186186486336
LGBM,1,0,0,0.18265908110196374
LGBM,1,1,0,0.007783800869675698
LGBM,1,0,0,0.07511893774559725
LGBM,1,0,1,0.8379999718448817
LGBM,1,0,0,0.4478110768835503
LGBM,1,0,0,0.034526032688771705
LGBM,1,0,0,0.06931539089849245
LGBM,1,0,0,0.051567209954976705
LGBM,1,0,0,0.35605964587941014
LGBM,1,1,0,0.13076378364914645
LGBM,1,1,1,0.503616102399698
LGBM,1,0,0,0.09320248228038147
LGBM,1,1,1,0.8010638854614369
LGBM,1,0,0,0.08117051323882446
LGBM,1,0,0,0.12059551835382387
LGBM,1,1,0,0.009849488576735479
LGBM,1,0,0,0.163606310044509
LGBM,1,0,0,0.08739927934695621
LGBM,1,0,0,0.23012118965601736
LGBM,1,0,1,0.9368872096631861
LGBM,1,0,0,0.12510170180091018
LGBM,1,0,0,0.010368138909516924
LGBM,1,0,0,0.010443528605306198
LGBM,1,0,0,0.09218603731518248
LGBM,1,1,1,0.6702836830649531
LGBM,1,0,0,0.1810314270255374
LGBM,1,0,0,0.0476674388134761
LGBM,1,0,0,0.08981663917525827
LGBM,1,0,0,0.02426678413719772
LGBM,1,1,0,0.28749865654010054
LGBM,1,0,0,0.0875939752220802
LGBM,1,0,0,0.1552412176257749
LGBM,1,1,1,0.7589107067507649
LGBM,1,0,0,0.48945512872109276
LGBM,1,0,0,0.1186358505361869
LGBM,1,0,1,0.8740942663469373
LGBM,1,0,0,0.09644635819994864
LGBM,1,0,0,0.0013649450924343217
LGBM,1,0,0,0.2452793453195047
LGBM,1,0,0,0.056788491727741267
LGBM,1,0,0,0.0643707985009849
LGBM,1,1,0,0.21689350279436473
LGBM,1,0,0,0.0070392755309053485
LGBM,1,1,1,0.9720368818562043
LGBM,1,1,0,0.0829596714511291
LGBM,1,1,1,0.6501992797587696
LGBM,1,1,0,0.10014272985570884
LGBM,1,0,0,0.10655901382875194
LGBM,1,1,0,0.06796769758158751
LGBM,1,0,0,0.021985784224807677
LGBM,1,1,0,0.26438155196465146
LGBM,1,0,0,0.23301493922452113
LGBM,1,0,0,0.046997298231210786
LGBM,1,1,0,0.24857755427336337
LGBM,1,0,0,0.07935692680348155
LGBM,1,1,0,0.1368370894133667
LGBM,1,0,0,0.09695104212743189
LGBM,1,0,1,0.5775134114471828
LGBM,1,0,0,0.15279519768678965
LGBM,1,1,0,0.2382513963347618
LGBM,1,0,0,0.11870853476568889
LGBM,1,0,0,0.2449704828598828
LGBM,1,1,0,0.20046697116534984
LGBM,1,0,0,0.09525563921228997
LGBM,1,0,0,0.25484804270149175
LGBM,1,0,0,0.0758601250896718
LGBM,1,1,1,0.8373154648032801
LGBM,1,0,0,0.0134003167661519
LGBM,1,1,0,0.4066093623741161
LGBM,1,0,1,0.5217274173528536
LGBM,1,0,0,0.47619369483459295
LGBM,1,0,0,0.16390000260159182
LGBM,1,0,0,0.03869137692156998
LGBM,1,1,1,0.7832735450989998
LGBM,1,0,0,0.38445779225306026
LGBM,1,0,0,0.08124749446750364
LGBM,1,1,1,0.6604222216208799
LGBM,1,0,0,0.07965975819520492
LGBM,1,0,0,0.07269467856896018
LGBM,1,0,0,0.31830104078572974
LGBM,1,0,0,0.16273024067293101
LGBM,1,1,0,0.48837038587598885
LGBM,1,1,0,0.3120755347209897
LGBM,1,0,0,0.1467551049272375
LGBM,1,0,0,0.01565447014177769
LGBM,1,1,0,0.2294202715982743
LGBM,1,0,0,0.032579266102877695
LGBM,1,0,0,0.01630269649577948
LGBM,1,0,0,0.08664249769665613
LGBM,1,0,0,0.029146272767197393
LGBM,1,0,0,0.01781714680621216
LGBM,1,1,0,0.49465481456149557
LGBM,1,0,0,0.21060886220280345
LGBM,1,0,0,0.11222433309531903
LGBM,1,0,0,0.03972472348452793
LGBM,1,0,0,0.04016758329450915
LGBM,1,1,0,0.41460104396821384
LGBM,1,0,0,0.1595181063913893
LGBM,1,0,0,0.05782317868233771
LGBM,1,1,0,0.056990102988528114
LGBM,1,0,0,0.21620282553669729
LGBM,1,1,0,0.024118610000412967
LGBM,1,0,0,0.16062414345547976
LGBM,1,0,0,0.10466388646738424
LGBM,1,0,0,0.06296408001340564
LGBM,1,1,0,0.20793819156758944
LGBM,1,1,0,0.2690256116603066
LGBM,1,0,0,0.03860542995505132
LGBM,1,1,0,0.18438205398664403
LGBM,1,1,1,0.8402591409581158
LGBM,1,0,0,0.05875104685678873
LGBM,1,0,0,0.280601582667051
LGBM,1,0,0,0.03500850939536221
LGBM,1,0,0,0.17725236907518804
LGBM,1,0,0,0.005610225356221901
LGBM,1,0,0,0.1613939112052663
LGBM,1,0,0,0.2837064679499435
LGBM,1,0,1,0.7514381831187985
LGBM,1,0,0,0.04174259232962228
LGBM,1,0,0,0.19838704984695196
LGBM,1,0,0,0.016519688905312507
LGBM,1,0,0,0.31672609587128187
LGBM,1,0,0,0.06507232896190887
LGBM,1,0,0,0.05960560469105645
LGBM,1,0,0,0.10963351010614313
LGBM,1,0,0,0.3627957150514962
LGBM,1,0,0,0.2139517923209459
LGBM,1,1,1,0.8583930122901302
LGBM,1,0,1,0.6249669678328889
LGBM,1,0,0,0.13902027607913853
LGBM,1,0,0,0.029036767974638177
LGBM,1,0,0,0.08497402978085296
LGBM,1,1,0,0.10580566758332655
LGBM,1,0,0,0.11003172882392198
LGBM,1,1,0,0.1775594273891754
LGBM,1,0,0,0.3177166048162735
LGBM,1,1,0,0.053534740897663316
LGBM,1,0,0,0.24780166206744672
LGBM,1,1,0,0.40425848212567567
LGBM,1,0,0,0.1367290493506212
LGBM,1,0,0,0.09893555111213609
LGBM,1,0,0,0.0818951321156279
LGBM,1,0,0,0.13473246236390043
LGBM,1,0,0,0.4105487765662095
LGBM,1,0,0,0.07370557304627959
LGBM,1,0,0,0.014089891410103465
LGBM,1,0,0,0.2282016572617167
LGBM,1,1,0,0.39698848204632137
LGBM,1,0,0,0.0866545718524405
LGBM,1,1,1,0.6460757023212728
LGBM,1,0,0,0.024083156722253047
LGBM,1,0,0,0.19853220665746263
LGBM,1,0,0,0.13009742365543034
LGBM,1,0,0,0.17831540454053527
LGBM,1,0,0,0.031839416356087336
LGBM,1,0,0,0.07572821619939292
LGBM,1,1,0,0.3360016027315739
LGBM,1,0,0,0.02318784790983732
LGBM,1,0,0,0.4176922496714688
LGBM,1,0,0,0.3275714688199901
LGBM,1,0,0,0.02474498198402049
LGBM,1,0,0,0.1038248393091992
LGBM,1,1,0,0.010889860760133412
LGBM,1,0,0,0.07487178806443785
LGBM,1,0,1,0.5318191479326553
LGBM,1,0,0,0.03138019901571793
LGBM,1,0,0,0.02764583041998385
LGBM,1,0,0,0.08958206530622709
LGBM,1,0,0,0.2678491163726901
LGBM,1,0,0,0.03300658980852262
LGBM,1,0,0,0.16734769569616154
LGBM,1,0,0,0.010714790352460798
LGBM,1,0,0,0.10011468887534707
LGBM,1,0,0,0.06466078653373805
LGBM,1,0,0,0.03935685718195723
LGBM,1,0,0,0.06582710904195495
LGBM,1,0,1,0.7034388731707819
LGBM,1,0,0,0.1268797674439191
LGBM,1,0,0,0.009143392298075268
LGBM,1,0,0,0.2148857488244556
LGBM,1,0,1,0.7035075169084387
LGBM,1,0,0,0.38808816445028704
LGBM,1,0,0,0.13417071225895777
LGBM,1,1,0,0.23145874459885593
LGBM,1,0,0,0.006519966260708932
LGBM,1,0,1,0.6066480385881605
LGBM,1,0,0,0.04367957801509018
LGBM,1,0,0,0.3679056639102013
LGBM,1,0,0,0.12310400775432558
LGBM,1,0,0,0.06683838092450332
LGBM,1,0,0,0.11434712971420827
LGBM,1,0,0,0.3336217399128824
LGBM,1,0,0,0.07385901953358678
LGBM,1,0,0,0.07864719593703429
LGBM,1,0,0,0.08314505181626095
LGBM,1,0,0,0.34745656041355794
LGBM,1,0,0,0.32345324890060956
LGBM,1,0,0,0.07379608500005706
LGBM,1,0,0,0.09150785418327338
LGBM,1,1,0,0.24485644071358123
LGBM,1,0,0,0.006217515938615404
LGBM,1,1,0,0.284960185519001
LGBM,1,1,1,0.6568105735856521
LGBM,1,0,0,0.27755189682213305
LGBM,1,1,0,0.38074387150574446
LGBM,1,0,0,0.28869998386023565
LGBM,1,1,0,0.4686523517262442
LGBM,1,0,0,0.03630265878159273
LGBM,1,1,1,0.5648122499892573
LGBM,1,0,1,0.953052495502052
LGBM,1,0,0,0.008335092590735763
LGBM,1,1,1,0.7791939549698548
LGBM,1,1,0,0.19112604959603613
LGBM,1,0,0,0.019990361027689734
LGBM,1,0,0,0.06539260780979309
LGBM,1,0,0,0.04548510369194871
LGBM,1,0,0,0.4478375144855143
LGBM,1,0,0,0.02646947258359786
LGBM,1,0,0,0.276922706491657
LGBM,1,1,1,0.900239341429876
LGBM,1,0,0,0.08681467575586665
LGBM,1,0,0,0.05992346255853414
LGBM,1,0,0,0.32212395556202494
LGBM,1,0,0,0.309169006997716
LGBM,1,0,0,0.06999678093409692
LGBM,1,0,0,0.2755351209124643
LGBM,1,0,0,0.10234836353247746
LGBM,1,0,0,0.43872972053374076
LGBM,1,0,0,0.03464611160900299
LGBM,1,0,0,0.22535032046097983
LGBM,1,0,0,0.2424956988993146
LGBM,1,0,0,0.08927928503579716
LGBM,1,0,0,0.16213634126865445
LGBM,1,1,0,0.03426049647933965
LGBM,1,0,0,0.42367200257226006
LGBM,1,0,0,0.10145867959351336
LGBM,1,0,0,0.018767372450528844
LGBM,1,1,1,0.9238617287315768
LGBM,1,0,0,0.02099405439009999
LGBM,1,1,1,0.587930726097819
LGBM,1,0,0,0.1864672189411141
LGBM,1,0,0,0.3299478854317296
LGBM,1,0,0,0.4354770946323698
LGBM,1,1,0,0.2505556798795969
LGBM,1,1,0,0.02239450142304
LGBM,1,0,0,0.026643861615373715
LGBM,1,1,0,0.04877951020690374
LGBM,1,0,0,0.03682348635945926
LGBM,1,0,0,0.1952373049866551
LGBM,1,1,0,0.35119836532065446
LGBM,1,0,0,0.4431354148360742
LGBM,1,0,0,0.26300239407074805
LGBM,1,0,0,0.030216459093353607
LGBM,1,0,0,0.17518326811958637
LGBM,1,0,0,0.21138380692808195
LGBM,1,0,0,0.23120514394952096
LGBM,1,0,0,0.0626004123791126
LGBM,1,0,1,0.5827993344648997
LGBM,1,0,0,0.49619751787345984
LGBM,1,0,0,0.24257971332960543
LGBM,1,0,0,0.2634784082729033
LGBM,1,0,0,0.1175714972873135
LGBM,1,0,0,0.22472983182008036
LGBM,1,0,0,0.46796415815845127
LGBM,1,1,0,0.07552399959695151
LGBM,1,1,0,0.007510898477599114
LGBM,1,1,0,0.4900838341905631
LGBM,1,1,0,0.3922343992115343
LGBM,1,0,0,0.08568290674209587
LGBM,1,0,0,0.04718988837284978
LGBM,1,0,0,0.07090758372106881
LGBM,1,0,0,0.022476761321553913
LGBM,1,0,0,0.02917156329140356
LGBM,1,1,0,0.17646378702412607
LGBM,1,0,0,0.04661352750776998
LGBM,1,0,0,0.1412377513872579
LGBM,1,1,0,0.07310528440124404
LGBM,1,0,0,0.1189350291949082
LGBM,1,0,0,0.25548084851418695
LGBM,1,0,0,0.30891492683102084
LGBM,1,0,0,0.04251021921668106
LGBM,1,1,1,0.8704001759918099
LGBM,1,0,0,0.12225200790005922
LGBM,1,0,0,0.04769261317622428
LGBM,1,0,0,0.4720521681749795
LGBM,1,0,0,0.0170936543224731
LGBM,1,0,0,0.1653542902152386
LGBM,1,0,0,0.4228252912522538
LGBM,1,0,0,0.1677711176355595
LGBM,1,0,0,0.27138444056705613
LGBM,1,0,0,0.02396586950079101
LGBM,1,0,0,0.2785343527311191
LGBM,1,0,0,0.05742223206265996
LGBM,1,1,1,0.7587340527322365
LGBM,1,1,1,0.769648791926752
LGBM,1,1,0,0.105280066392687
LGBM,1,1,0,0.2583469645464177
LGBM,1,1,0,0.2882511083537952
LGBM,1,0,0,0.02003783266660609
LGBM,1,0,0,0.3961946546937311
LGBM,1,0,0,0.09592277246425207
LGBM,1,0,0,0.49907320619136014
LGBM,1,1,0,0.009518157564775798
LGBM,1,0,0,0.43830545651910247
LGBM,1,0,0,0.04257531104434002
LGBM,1,0,0,0.09370646620942223
LGBM,1,0,0,0.20443495251570304
LGBM,1,0,0,0.08129603422456563
LGBM,1,0,0,0.1493511247267238
LGBM,1,0,0,0.01061076643993728
LGBM,1,0,1,0.6583981910093999
LGBM,1,1,1,0.8902197777955118
LGBM,1,0,0,0.04860227455485429
LGBM,1,0,0,0.021489454897056906
LGBM,1,0,0,0.04405527397210987
LGBM,1,0,0,0.05573039584009069
LGBM,1,0,0,0.11157174014280688
LGBM,1,0,0,0.238229566938953
LGBM,1,0,1,0.7112804740867715
LGBM,1,0,0,0.12815349213063312
LGBM,1,0,0,0.3445476016143269
LGBM,1,0,0,0.11898531311448401
LGBM,1,1,0,0.13761882356118965
LGBM,1,0,0,0.328545752651337
LGBM,1,0,0,0.10233814284130605
LGBM,1,0,0,0.26189537592018025
LGBM,1,1,1,0.5526561917744157
LGBM,1,0,0,0.12198685234734298
LGBM,1,1,0,0.16245312605810475
LGBM,1,0,0,0.04875007909266114
LGBM,1,0,0,0.4662641805609779
LGBM,1,0,0,0.2796210986220512
LGBM,1,0,0,0.002442845928367912
LGBM,1,0,0,0.15118240337219044
LGBM,1,0,0,0.44472377053550666
LGBM,1,1,0,0.1411586232758283
LGBM,1,0,0,0.03503929035956046
LGBM,1,1,0,0.4572214494013118
LGBM,1,0,0,0.09720437389709044
LGBM,1,0,0,0.32407122708927294
LGBM,1,0,1,0.7734580091405922
LGBM,1,0,0,0.197892155155318
LGBM,1,0,0,0.05839893357422077
LGBM,1,0,0,0.04075216224341549
LGBM,1,0,0,0.06579585378799552
LGBM,1,0,0,0.005371394686911156
LGBM,1,0,0,0.15335851727150165
LGBM,1,1,0,0.03411831902238623
LGBM,1,0,0,0.07253561834679931
LGBM,1,0,0,0.06716386909858875
LGBM,1,0,0,0.27456052118259244
LGBM,1,0,0,0.06861760359815731
LGBM,1,1,0,0.05713869109657
LGBM,1,0,0,0.2813759416396689
LGBM,1,0,0,0.1925425502567694
LGBM,1,0,0,0.3902033625114286
LGBM,1,0,0,0.06802233236934682
LGBM,1,0,0,0.1524815769366687
LGBM,1,1,0,0.3398878720927343
LGBM,1,0,0,0.17176220303348808
LGBM,1,0,0,0.26412787694501966
LGBM,1,1,0,0.069434108492905
LGBM,1,1,0,0.3446168818507432
LGBM,1,1,0,0.4408881704277662
LGBM,1,0,0,0.003009227316632404
LGBM,1,1,1,0.5251257584962504
LGBM,1,1,0,0.13427871712090927
LGBM,1,0,0,0.12016032813450583
LGBM,1,0,0,0.08760106682826871
LGBM,1,0,0,0.11908460630610718
LGBM,1,0,0,0.1677363242032013
LGBM,1,0,0,0.07041847521555074
LGBM,1,0,0,0.01671218850100077
LGBM,1,0,0,0.31231881297480035
LGBM,1,0,0,0.19688898542898037
LGBM,1,1,0,0.395211271607223
LGBM,1,0,1,0.5267321748544326
LGBM,1,0,0,0.004396309354312514
LGBM,1,0,0,0.02205072411278647
LGBM,1,0,0,0.05160669932556933
LGBM,1,1,0,0.2106996887892821
LGBM,1,1,0,0.11623866707909127
LGBM,1,0,0,0.2297280763563592
LGBM,1,0,0,0.10431013732960263
LGBM,1,0,0,0.015603507905166748
LGBM,1,0,0,0.2608810607274042
LGBM,1,0,0,0.11468809338831186
LGBM,1,0,0,0.057213410730338816
LGBM,1,0,0,0.006821868511492738
LGBM,1,1,0,0.37036678317606214
LGBM,1,0,0,0.13454472088197317
LGBM,1,1,0,0.061235757308827285
LGBM,1,0,0,0.24468934411579663
LGBM,1,0,0,0.07986292180416579
LGBM,1,0,0,0.11642694376390914
LGBM,1,0,0,0.4653130909573942
LGBM,1,0,0,0.026173714432659187
LGBM,1,0,0,0.1461678721649282
LGBM,1,0,0,0.04831366348052481
LGBM,1,0,0,0.07361303563227936
LGBM,1,0,0,0.032500137392281386
LGBM,1,0,0,0.3821019919910854
LGBM,1,0,0,0.034522240308279446
LGBM,1,1,0,0.32923878887373537
LGBM,1,1,0,0.12445342455834425
LGBM,1,0,0,0.06746411809276852
LGBM,1,0,0,0.1680755199166578
LGBM,1,1,1,0.7844893324132481
LGBM,1,1,1,0.6138699621187932
LGBM,1,0,0,0.4098994728063318
LGBM,1,1,0,0.129584771893768
LGBM,1,1,0,0.02129525995733662
LGBM,1,1,0,0.3821564850989269
LGBM,1,0,0,0.04112239506521611
LGBM,1,0,0,0.06298881269886614
LGBM,1,1,0,0.06701347038239747
LGBM,1,0,0,0.03516581721588089
LGBM,1,0,0,0.4172109714647449
LGBM,1,0,0,0.08158257881012382
LGBM,1,0,0,0.06042446314143867
LGBM,1,1,1,0.7299319560596416
LGBM,1,1,0,0.4767776595775549
LGBM,1,0,0,0.08313044285703956
LGBM,1,1,0,0.03678530518161035
LGBM,1,0,0,0.07815300950688306
LGBM,1,0,0,0.047663773775353475
LGBM,1,0,0,0.09460717279999147
LGBM,1,0,0,0.13892941093347122
LGBM,1,0,0,0.08668040750122442
LGBM,1,1,0,0.14587393252938197
LGBM,1,1,1,0.6013038906110486
LGBM,1,1,0,0.02720216884893552
LGBM,1,0,0,0.09053434243634004
LGBM,1,1,0,0.49436722585310394
LGBM,1,0,0,0.0778766889557168
LGBM,1,0,0,0.026800470452117565
LGBM,1,0,0,0.09875863694461387
LGBM,1,0,0,0.03432023151685041
LGBM,1,0,0,0.04253595971060351
LGBM,1,0,0,0.13283914991456341
LGBM,1,1,0,0.38640182415934965
LGBM,1,1,0,0.10164838399026048
LGBM,1,1,0,0.24286742126523875
LGBM,1,0,0,0.017525553367601185
LGBM,1,1,0,0.2733859622611528
LGBM,1,0,0,0.08832765790471234
LGBM,1,0,0,0.1641372876391807
LGBM,1,0,0,0.05846467541498873
LGBM,1,1,0,0.23267200929968138
LGBM,1,0,0,0.05964552846117307
LGBM,1,0,0,0.04022923298269118
LGBM,1,0,0,0.07619797009389051
LGBM,1,0,0,0.07010232746635468
LGBM,1,0,0,0.3041426411014628
LGBM,1,1,0,0.13190362114048584
LGBM,1,0,0,0.2845741988504453
LGBM,1,0,0,0.19755957539742627
LGBM,1,0,0,0.15018798185870172
LGBM,1,0,0,0.0592369092562805
LGBM,1,0,0,0.17202131918483698
LGBM,1,0,0,0.22427252046107019
LGBM,1,0,0,0.007340604735671231
LGBM,1,1,0,0.02545796586402071
LGBM,1,0,0,0.1347539833523684
LGBM,1,0,0,0.060063599733450504
LGBM,1,0,0,0.02939779688628768
LGBM,1,1,0,0.19193889511087617
LGBM,1,0,0,0.2849780328892208
LGBM,1,0,0,0.2342527661840665
LGBM,1,1,0,0.12206348046990373
LGBM,1,1,0,0.02792353192551315
LGBM,1,1,0,0.22790918454415152
LGBM,1,0,0,0.03548291804616804
LGBM,1,0,1,0.8730708716157016
LGBM,1,0,0,0.4132689621843336
LGBM,1,1,0,0.16109370213435406
LGBM,1,0,0,0.028160133903733675
LGBM,1,0,0,0.34218216183610106
LGBM,1,1,0,0.31708490537253997
LGBM,1,0,0,0.36161444007052224
LGBM,1,0,0,0.08302818373317392
LGBM,1,1,0,0.12048511415025615
LGBM,1,1,0,0.013289843587076458
LGBM,1,1,0,0.4705829158903348
LGBM,1,0,0,0.17967945733652493
LGBM,1,0,0,0.19281620642050878
LGBM,1,0,0,0.10328607751032952
LGBM,1,0,0,0.21279622866286063
LGBM,1,0,0,0.4850955981517182
LGBM,1,0,0,0.059361822003433214
LGBM,1,0,0,0.09900126494309433
LGBM,1,0,0,0.06230699928840143
LGBM,1,0,0,0.17668213697751153
LGBM,1,0,0,0.05823215288269282
LGBM,1,0,0,0.013773840333691615
LGBM,1,0,0,0.12455976351822812
LGBM,1,0,0,0.258220729345357
LGBM,1,1,0,0.29499336317971386
LGBM,1,0,0,0.15282532217606937
LGBM,1,1,0,0.042822148981241245
LGBM,1,0,0,0.021503231627220266
LGBM,1,0,0,0.1770912419331302
LGBM,1,0,0,0.016806034036867916
LGBM,1,0,0,0.07576526254282061
LGBM,1,0,0,0.014606641277157939
LGBM,1,0,0,0.024274530441639817
LGBM,1,0,0,0.2856588857484588
LGBM,1,0,1,0.6868374689319283
LGBM,1,0,1,0.5480064146767526
LGBM,1,1,1,0.8922044564255476
LGBM,1,0,0,0.032068469682439066
LGBM,1,0,0,0.325714313730229
LGBM,1,0,0,0.4265401735393483
LGBM,1,0,0,0.07741173610927832
LGBM,1,0,1,0.6793172580305588
LGBM,1,0,0,0.05152516395227055
LGBM,1,1,0,0.2055289699470453
LGBM,1,0,0,0.004741415085082883
LGBM,1,0,0,0.10452938171197262
LGBM,1,1,1,0.6788997905968013
LGBM,1,0,0,0.1238874547688847
LGBM,1,0,0,0.05304514294494131
LGBM,1,1,0,0.09403626052588088
LGBM,1,0,0,0.2028818145079009
LGBM,1,0,0,0.20310118659213777
LGBM,1,0,0,0.2629878018900944
LGBM,1,0,0,0.04332178455160604
LGBM,1,0,0,0.07274840164664201
LGBM,1,0,0,0.1756723548809142
LGBM,1,0,0,0.17760102155738994
LGBM,1,1,0,0.21972041824696997
LGBM,1,0,0,0.0565059456602507
LGBM,1,0,0,0.18100233646286176
LGBM,1,0,0,0.09865972865273745
LGBM,1,0,0,0.02875349326418959
LGBM,1,0,0,0.14041974171037674
LGBM,1,0,0,0.12593359084498343
LGBM,1,0,0,0.0612241759496826
LGBM,1,0,0,0.2450062277594942
LGBM,1,0,0,0.11206379925961471
LGBM,1,1,1,0.6960936863383846
LGBM,1,0,1,0.7883005082747956
LGBM,1,0,0,0.20758152256795825
LGBM,1,0,0,0.027993439112212897
LGBM,1,1,1,0.7792159774312941
LGBM,1,0,0,0.26586592297663564
LGBM,1,1,0,0.052738795899394925
LGBM,1,0,0,0.11525488120624033
LGBM,1,0,0,0.0663708528081636
LGBM,1,0,0,0.16693438262647994
LGBM,1,1,0,0.08565160140851975
LGBM,1,0,0,0.0937587066456475
LGBM,1,0,0,0.030016969426637514
LGBM,1,0,0,0.012129118738959069
LGBM,1,0,0,0.316602815919979
LGBM,1,0,0,0.045617115393075364
LGBM,1,0,0,0.14731047277915804
LGBM,1,0,0,0.09934722872464515
LGBM,1,0,0,0.13270571749637
LGBM,1,1,0,0.14380951822886726
LGBM,1,0,0,0.1597210734164343
LGBM,1,1,1,0.5252568165304171
LGBM,1,0,0,0.11063750997291426
LGBM,1,1,0,0.25190010672189866
LGBM,1,0,1,0.9361679945014633
LGBM,1,0,0,0.011605001121420584
LGBM,1,0,0,0.10645410765987974
LGBM,1,0,0,0.13688481223922833
LGBM,1,0,0,0.4011511873993715
LGBM,1,0,0,0.13070679472726265
LGBM,1,0,0,0.25889167044944583
LGBM,1,0,0,0.01586205679174238
LGBM,1,0,0,0.3020327880074143
LGBM,1,1,0,0.45621750218881174
LGBM,1,0,0,0.08737034068627565
LGBM,1,0,0,0.11033899885752328
LGBM,1,0,0,0.22560955642684757
LGBM,1,1,0,0.05015318066676634
LGBM,1,0,1,0.5660913627105533
LGBM,1,1,1,0.5722179401859792
LGBM,1,0,0,0.2398347571257547
LGBM,1,0,0,0.17180208304231193
LGBM,1,1,0,0.259821371403913
LGBM,1,0,0,0.2689083384149707
LGBM,1,0,0,0.05711334816167259
LGBM,1,1,1,0.8316378225164063
LGBM,1,1,1,0.892339575245412
LGBM,1,0,0,0.30979811818470676
LGBM,1,0,0,0.07450879016899584
LGBM,1,1,0,0.14922763683854268
LGBM,1,1,0,0.19891467616342903
LGBM,1,0,0,0.027348210529340354
LGBM,1,0,0,0.067810549871223
LGBM,1,0,0,0.1052676442962647
LGBM,1,0,0,0.0399211782613771
LGBM,1,0,0,0.46099663168316896
LGBM,1,0,0,0.0539626785910558
LGBM,1,1,0,0.15423878848083422
LGBM,1,0,0,0.20746260438864558
LGBM,1,0,0,0.35661341856406453
LGBM,1,0,0,0.07295624808737146
LGBM,1,0,0,0.18417777719003717
LGBM,1,0,0,0.024985837546520197
LGBM,1,0,0,0.18120719563820825
LGBM,1,1,0,0.06025066625064375
LGBM,1,0,0,0.3070942801714481
LGBM,1,0,0,0.07048543519390771
LGBM,2,0,0,0.007663761758769574
LGBM,2,0,0,0.06423817313002386
LGBM,2,0,0,0.14275123392147707
LGBM,2,0,0,0.028181300194496148
LGBM,2,0,0,0.40743728087203585
LGBM,2,1,1,0.5556489659687999
LGBM,2,1,0,0.016633489014248475
LGBM,2,1,1,0.6745388087050345
LGBM,2,0,0,0.04045486249567795
LGBM,2,0,0,0.07979453204220954
LGBM,2,0,0,0.06460513092916045
LGBM,2,0,0,0.006268673413334758
LGBM,2,0,1,0.9310527197186675
LGBM,2,0,0,0.026713383701129877
LGBM,2,0,0,0.03526834020409801
LGBM,2,0,0,0.23909016070614467
LGBM,2,0,0,0.05069534018968797
LGBM,2,0,0,0.10422726338523346
LGBM,2,0,0,0.04445449874234199
LGBM,2,0,0,0.08671336804285416
LGBM,2,0,0,0.005591498885622696
LGBM,2,0,0,0.09083688391950286
LGBM,2,1,0,0.4688925299486645
LGBM,2,1,0,0.32674593215379044
LGBM,2,0,0,0.08195447004224694
LGBM,2,0,0,0.06278213796984995
LGBM,2,0,0,0.01212877251501008
LGBM,2,1,1,0.5614012756901672
LGBM,2,0,0,0.11111462967453209
LGBM,2,0,0,0.008589747677348054
LGBM,2,0,0,0.0051158782753286235
LGBM,2,0,0,0.21360959344855393
LGBM,2,0,0,0.06879778473495833
LGBM,2,0,0,0.09145304418551055
LGBM,2,1,1,0.9211576600781844
LGBM,2,0,0,0.26158210136411836
LGBM,2,0,1,0.8609764677917382
LGBM,2,0,0,0.46533788526511055
LGBM,2,0,0,0.039598300602778316
LGBM,2,0,0,0.19914514489259202
LGBM,2,1,1,0.6180503860171198
LGBM,2,0,0,0.17857666423695442
LGBM,2,1,0,0.15471108745439066
LGBM,2,0,0,0.05231332797410614
LGBM,2,0,0,0.09545209836867702
LGBM,2,1,0,0.11313250100295301
LGBM,2,0,0,0.004344567001387809
LGBM,2,0,0,0.21191281830678813
LGBM,2,0,0,0.07246963963128371
LGBM,2,0,0,0.28517213711131095
LGBM,2,0,1,0.5004595552553149
LGBM,2,0,0,0.13188599821861685
LGBM,2,0,0,0.07393159772415693
LGBM,2,1,0,0.08853076301898795
LGBM,2,0,0,0.021727549172168317
LGBM,2,0,0,0.22790610005398204
LGBM,2,0,0,0.19960312142274206
LGBM,2,0,0,0.21527191958047023
LGBM,2,0,0,0.1812422680874946
LGBM,2,1,0,0.1492241286562156
LGBM,2,0,0,0.1886021489593241
LGBM,2,0,0,0.3346808365293689
LGBM,2,0,0,0.06751948208430175
LGBM,2,0,0,0.1793599389199531
LGBM,2,0,0,0.10881355318603132
LGBM,2,0,0,0.06821520139357255
LGBM,2,0,0,0.13699242466501915
LGBM,2,0,0,0.3298744217479892
LGBM,2,0,0,0.0301704745897824
LGBM,2,0,0,0.29060122914388664
LGBM,2,0,0,0.1643731713106135
LGBM,2,0,0,0.11888872647050928
LGBM,2,1,1,0.8274159082945816
LGBM,2,0,0,0.2880400693067948
LGBM,2,0,0,0.049128230443796495
LGBM,2,0,0,0.3016464396339816
LGBM,2,0,0,0.2681146315618216
LGBM,2,1,0,0.17380309718898304
LGBM,2,0,0,0.20475424700801473
LGBM,2,0,0,0.06938287367202145
LGBM,2,0,0,0.10473591943649109
LGBM,2,0,0,0.015670219961303036
LGBM,2,0,0,0.11121489781824039
LGBM,2,0,0,0.12465813683838861
LGBM,2,0,0,0.06099256434214003
LGBM,2,1,1,0.774682795458684
LGBM,2,0,0,0.013823715703954634
LGBM,2,0,0,0.1913100118459792
LGBM,2,1,0,0.20527831229413301
LGBM,2,1,0,0.25065741104919786
LGBM,2,0,0,0.007243459834419891
LGBM,2,0,0,0.0704617252822659
LGBM,2,0,1,0.6875818741466893
LGBM,2,0,0,0.08070582604039177
LGBM,2,0,0,0.011936082523523872
LGBM,2,0,0,0.1409200047871156
LGBM,2,1,1,0.6182402437859638
LGBM,2,0,0,0.11179032339488115
LGBM,2,0,0,0.043608970897976204
LGBM,2,0,0,0.007731041970217502
LGBM,2,0,0,0.02139207052132757
LGBM,2,1,0,0.1974391388279276
LGBM,2,0,0,0.3734381048326839
LGBM,2,0,0,0.12204674348574565
LGBM,2,0,0,0.12385494705000435
LGBM,2,0,0,0.10463903958764335
LGBM,2,1,0,0.18392247383582908
LGBM,2,1,1,0.9002849174646256
LGBM,2,0,0,0.3677038090453016
LGBM,2,0,0,0.27590750773064876
LGBM,2,1,0,0.04306580386658394
LGBM,2,1,0,0.20056791583624034
LGBM,2,1,0,0.002146826108686442
LGBM,2,0,0,0.482246887978722
LGBM,2,0,0,0.010845586183151698
LGBM,2,0,0,0.03467717118104217
LGBM,2,0,0,0.04137470318947214
LGBM,2,1,0,0.17843751872295935
LGBM,2,1,0,0.08636206624367876
LGBM,2,1,0,0.47508674133511347
LGBM,2,0,0,0.10029792176327057
LGBM,2,0,0,0.18770185051079513
LGBM,2,0,0,0.2502170661433979
LGBM,2,0,0,0.271820330293405
LGBM,2,0,0,0.26631411257209026
LGBM,2,0,0,0.19372175944373174
LGBM,2,1,1,0.9740270895602827
LGBM,2,0,0,0.13987066911774163
LGBM,2,1,0,0.19787840392226355
LGBM,2,1,0,0.4404557371356285
LGBM,2,0,0,0.0325726352916576
LGBM,2,1,1,0.5448937866634
LGBM,2,0,0,0.024482598129568045
LGBM,2,0,0,0.016299851447597585
LGBM,2,1,1,0.6345853222160943
LGBM,2,0,0,0.29860170626166455
LGBM,2,1,0,0.1630649559088785
LGBM,2,0,1,0.5066817394683227
LGBM,2,1,0,0.10482821539553804
LGBM,2,0,0,0.1361502898478068
LGBM,2,0,0,0.2395048055896336
LGBM,2,0,0,0.34870872766138883
LGBM,2,1,0,0.26082120714264395
LGBM,2,0,0,0.004610771620758505
LGBM,2,1,0,0.4859341672285928
LGBM,2,0,0,0.12193869207405025
LGBM,2,0,0,0.21071402401819975
LGBM,2,0,0,0.28655790965904854
LGBM,2,0,0,0.4015961490305406
LGBM,2,0,0,0.0679130985174101
LGBM,2,0,0,0.3787518596773017
LGBM,2,0,0,0.07113161800038179
LGBM,2,0,0,0.12920981689045566
LGBM,2,0,0,0.10794600206447012
LGBM,2,1,1,0.621571725685172
LGBM,2,1,0,0.1708898750704645
LGBM,2,1,0,0.17187865204166486
LGBM,2,0,0,0.04637004701605652
LGBM,2,0,0,0.13304665938489468
LGBM,2,0,0,0.12420265066542276
LGBM,2,0,0,0.207935570030431
LGBM,2,0,0,0.04215988149821328
LGBM,2,0,0,0.1973604651388338
LGBM,2,0,0,0.04407611248883024
LGBM,2,0,0,0.0065445845852602665
LGBM,2,0,0,0.03571056395246641
LGBM,2,0,0,0.46076656033601904
LGBM,2,0,0,0.24997959959711524
LGBM,2,0,0,0.2828727868662925
LGBM,2,0,0,0.34895906256575654
LGBM,2,1,0,0.07321279634241849
LGBM,2,0,0,0.06398072101562693
LGBM,2,1,0,0.3627041970433805
LGBM,2,0,0,0.1508830536541393
LGBM,2,0,0,0.1396725380262541
LGBM,2,0,0,0.026778462096618074
LGBM,2,0,0,0.08606588813719251
LGBM,2,0,0,0.07263438333409013
LGBM,2,1,0,0.25437637200425905
LGBM,2,1,0,0.11530215660235775
LGBM,2,0,0,0.19593376000079718
LGBM,2,1,0,0.08962646093916429
LGBM,2,0,0,0.12439891627978991
LGBM,2,0,0,0.03040083923912424
LGBM,2,0,0,0.00397755867565376
LGBM,2,0,0,0.010972801336979584
LGBM,2,0,0,0.03444528746023965
LGBM,2,0,0,0.34707376623434233
LGBM,2,0,0,0.013566551909778443
LGBM,2,1,0,0.2506477563935515
LGBM,2,0,0,0.04245039658772096
LGBM,2,0,1,0.600199430866952
LGBM,2,0,0,0.015715758355832127
LGBM,2,1,0,0.3539679548660195
LGBM,2,1,1,0.7093049764699636
LGBM,2,0,0,0.12569063021034424
LGBM,2,0,0,0.440281600529127
LGBM,2,0,0,0.22176429616395962
LGBM,2,0,0,0.03916930649956057
LGBM,2,0,0,0.05347932318881188
LGBM,2,0,0,0.0025862194802089918
LGBM,2,0,0,0.12028780633360765
LGBM,2,0,0,0.0775123596540671
LGBM,2,1,1,0.9249764314956376
LGBM,2,0,1,0.5067889026498471
LGBM,2,0,0,0.20889391599916676
LGBM,2,0,0,0.011304593990564505
LGBM,2,0,0,0.0036509904224462054
LGBM,2,1,0,0.23608607128236983
LGBM,2,0,0,0.0240003699590433
LGBM,2,1,1,0.5603990245822768
LGBM,2,1,0,0.09337775490051574
LGBM,2,0,0,0.038963473631650564
LGBM,2,1,0,0.2700803642558827
LGBM,2,0,0,0.11032867705710137
LGBM,2,1,1,0.906097593431079
LGBM,2,0,0,0.05307378514774578
LGBM,2,1,0,0.17198943604643074
LGBM,2,0,0,0.09032032727902024
LGBM,2,0,0,0.02101003116125445
LGBM,2,0,0,0.15258603033318782
LGBM,2,0,0,0.22993591884542627
LGBM,2,0,0,0.010468100747920388
LGBM,2,0,0,0.16134326875209185
LGBM,2,0,0,0.2150706284429815
LGBM,2,0,0,0.21024550849384163
LGBM,2,0,0,0.030687200586048676
LGBM,2,1,0,0.30071952843517635
LGBM,2,0,0,0.1384257658455266
LGBM,2,0,0,0.011423428767282173
LGBM,2,0,0,0.20520292214315447
LGBM,2,0,0,0.02029593140524994
LGBM,2,0,0,0.03218089734969839
LGBM,2,0,0,0.29361021292586
LGBM,2,0,0,0.09402186399624393
LGBM,2,0,0,0.21844832699414302
LGBM,2,0,0,0.23681611775203343
LGBM,2,1,1,0.5589983874921439
LGBM,2,0,0,0.298768993111585
LGBM,2,1,1,0.826559861121024
LGBM,2,0,0,0.11022464975334988
LGBM,2,0,0,0.21060085653978874
LGBM,2,1,0,0.032584842287474915
LGBM,2,0,0,0.030480136750236655
LGBM,2,0,0,0.09843788670864566
LGBM,2,0,0,0.1686181571316005
LGBM,2,0,0,0.3442219286542664
LGBM,2,0,0,0.055894463171014076
LGBM,2,0,0,0.050851473414209244
LGBM,2,0,0,0.2711055984724294
LGBM,2,0,0,0.011353993841384682
LGBM,2,0,0,0.007715168600267545
LGBM,2,0,0,0.06710552058555992
LGBM,2,0,0,0.03841288218493761
LGBM,2,0,0,0.10143982025696509
LGBM,2,0,0,0.06713064181245786
LGBM,2,1,0,0.3149831826818134
LGBM,2,0,0,0.4614505394399743
LGBM,2,0,0,0.14275442042212136
LGBM,2,1,0,0.3105990671140409
LGBM,2,0,0,0.040305321245946935
LGBM,2,0,0,0.022352439947212758
LGBM,2,0,0,0.4142690159432671
LGBM,2,0,1,0.91431268938556
LGBM,2,0,0,0.010905681498201005
LGBM,2,0,0,0.0362667265051554
LGBM,2,0,0,0.22528408013690293
LGBM,2,0,0,0.11475194594631863
LGBM,2,0,1,0.647114130395356
LGBM,2,0,0,0.06872979794411876
LGBM,2,0,0,0.16079945414725644
LGBM,2,1,0,0.2031763313791438
LGBM,2,0,0,0.006307809675564565
LGBM,2,1,0,0.12292624612858986
LGBM,2,0,0,0.1065996311614129
LGBM,2,0,1,0.5417341132087695
LGBM,2,0,0,0.2383281891816829
LGBM,2,1,0,0.22285964772423383
LGBM,2,0,0,0.1477472617049609
LGBM,2,0,0,0.10171403887202421
LGBM,2,0,1,0.5117241260945066
LGBM,2,0,0,0.25082018999812533
LGBM,2,0,0,0.06782306894283396
LGBM,2,0,0,0.13496585657862423
LGBM,2,0,0,0.1232145641487525
LGBM,2,1,0,0.25387028492986036
LGBM,2,0,0,0.002479966323310748
LGBM,2,0,0,0.15301554489091979
LGBM,2,0,0,0.12317157253659658
LGBM,2,0,0,0.05779679736096152
LGBM,2,0,0,0.021963081796753527
LGBM,2,0,0,0.02358906928025898
LGBM,2,0,0,0.11204254309850671
LGBM,2,1,0,0.07724556222725147
LGBM,2,0,0,0.024559683284176598
LGBM,2,0,0,0.17685298433567295
LGBM,2,0,1,0.8227006621632215
LGBM,2,0,0,0.07096007396269717
LGBM,2,0,0,0.0960757602451172
LGBM,2,1,0,0.39728437033130526
LGBM,2,0,0,0.015812453099442705
LGBM,2,0,0,0.06521078262269368
LGBM,2,0,0,0.05315865740317049
LGBM,2,0,0,0.1397689819051897
LGBM,2,0,0,0.18445361347984268
LGBM,2,0,0,0.08506690770862832
LGBM,2,0,0,0.10785507689577092
LGBM,2,0,0,0.22128036990950517
LGBM,2,0,0,0.01382140622325794
LGBM,2,0,0,0.041483251143795696
LGBM,2,0,0,0.06711555560028247
LGBM,2,0,0,0.05606192184626611
LGBM,2,0,1,0.7641521149202685
LGBM,2,1,0,0.11281557923331946
LGBM,2,0,0,0.2511895247069636
LGBM,2,0,0,0.016950135287992347
LGBM,2,0,0,0.07591207076125865
LGBM,2,0,0,0.20881745894741188
LGBM,2,0,0,0.392071550959894
LGBM,2,0,0,0.07182023535975661
LGBM,2,0,0,0.08275799281865656
LGBM,2,1,0,0.10127615929393291
LGBM,2,1,0,0.1056995971225196
LGBM,2,0,0,0.021457498553534435
LGBM,2,0,1,0.8574327682114018
LGBM,2,1,0,0.024158383696738426
LGBM,2,0,0,0.1877989076053247
LGBM,2,1,0,0.16807576750301376
LGBM,2,0,1,0.5444915180585379
LGBM,2,0,0,0.10746278974494142
LGBM,2,1,0,0.0307650200264847
LGBM,2,0,0,0.1385679330484503
LGBM,2,0,0,0.026045446889650343
LGBM,2,1,0,0.14638560503553627
LGBM,2,0,0,0.09279259914290548
LGBM,2,1,0,0.42986305318776447
LGBM,2,0,0,0.38378876080848867
LGBM,2,1,0,0.002006142961867828
LGBM,2,0,0,0.08085325800415324
LGBM,2,1,0,0.35107984709799417
LGBM,2,1,0,0.43648160227028515
LGBM,2,0,0,0.05410591002861373
LGBM,2,1,0,0.21052573540123393
LGBM,2,0,0,0.11139752869717053
LGBM,2,1,0,0.22787164088129488
LGBM,2,0,0,0.28957098704587664
LGBM,2,0,0,0.027204868644734922
LGBM,2,0,0,0.011844679725546878
LGBM,2,0,0,0.030178350846745746
LGBM,2,0,0,0.016144688837880665
LGBM,2,1,1,0.6804752328355506
LGBM,2,1,1,0.7793294517843498
LGBM,2,0,0,0.4555954155150557
LGBM,2,0,0,0.42116482116148557
LGBM,2,0,0,0.05421266068543535
LGBM,2,0,0,0.2809904008918833
LGBM,2,0,0,0.045266144896831895
LGBM,2,0,0,0.22691137974756515
LGBM,2,1,0,0.022908362725161422
LGBM,2,1,0,0.32565224559540284
LGBM,2,1,0,0.43909094923015135
LGBM,2,0,0,0.20393888116403047
LGBM,2,0,0,0.19692607112822538
LGBM,2,1,0,0.021857831851879554
LGBM,2,0,0,0.005773559673500932
LGBM,2,0,0,0.1541371593565125
LGBM,2,0,1,0.5560196314382633
LGBM,2,0,0,0.031871730131054335
LGBM,2,0,1,0.538268503200346
LGBM,2,0,0,0.18296535967020464
LGBM,2,1,0,0.4976374418965558
LGBM,2,0,0,0.02149881813219477
LGBM,2,1,0,0.11497239104617736
LGBM,2,0,0,0.01417949818205164
LGBM,2,0,0,0.01192630589128573
LGBM,2,0,0,0.09151180929280722
LGBM,2,0,0,0.12032131255103333
LGBM,2,0,0,0.4777628000804724
LGBM,2,0,0,0.10078343655369637
LGBM,2,0,0,0.0356540833801267
LGBM,2,0,0,0.011364255298639842
LGBM,2,0,0,0.010092119005076358
LGBM,2,0,0,0.004280094768022556
LGBM,2,0,0,0.4392580477445215
LGBM,2,0,0,0.05059052565764727
LGBM,2,1,0,0.050084348763390615
LGBM,2,1,1,0.9944235839464929
LGBM,2,0,0,0.1809589633825653
LGBM,2,0,0,0.35465310342608364
LGBM,2,1,0,0.024091326123824502
LGBM,2,0,0,0.20647498698166253
LGBM,2,1,0,0.13724962818653985
LGBM,2,0,0,0.035066956692102205
LGBM,2,1,1,0.8027675877850939
LGBM,2,0,0,0.016857838232535616
LGBM,2,0,1,0.772600383320208
LGBM,2,0,0,0.0773818015302924
LGBM,2,1,0,0.46853340160658996
LGBM,2,0,0,0.2379863517552985
LGBM,2,0,0,0.14412288855279823
LGBM,2,0,0,0.42548871127139654
LGBM,2,0,1,0.680645254888706
LGBM,2,0,0,0.10907151062671684
LGBM,2,0,0,0.052078128197716
LGBM,2,0,0,0.035142449468200186
LGBM,2,0,0,0.01671075616201674
LGBM,2,0,0,0.41739371227899635
LGBM,2,1,0,0.23350461403150766
LGBM,2,0,0,0.028340598336423287
LGBM,2,1,0,0.4604799792366215
LGBM,2,1,1,0.6081019894836692
LGBM,2,1,0,0.3374172937044764
LGBM,2,0,0,0.012091735689789223
LGBM,2,1,0,0.3583187437875731
LGBM,2,0,0,0.20332315267987966
LGBM,2,0,0,0.09018725293234427
LGBM,2,1,0,0.33244405262507615
LGBM,2,0,0,0.13937040613694038
LGBM,2,0,0,0.15240724434681144
LGBM,2,0,0,0.09508229019459301
LGBM,2,0,0,0.15261407807699673
LGBM,2,0,0,0.18114808765093587
LGBM,2,0,1,0.6534421436084366
LGBM,2,0,0,0.09356082039624619
LGBM,2,0,0,0.16921820456492317
LGBM,2,1,0,0.16671488538524545
LGBM,2,0,1,0.5036983441865909
LGBM,2,1,0,0.33808190352873285
LGBM,2,0,0,0.04793433207348126
LGBM,2,0,0,0.08430395719226501
LGBM,2,0,0,0.06629621670108533
LGBM,2,0,0,0.3545270453392991
LGBM,2,0,0,0.3440438847405358
LGBM,2,1,0,0.07373119702002091
LGBM,2,0,0,0.14632045491999504
LGBM,2,1,0,0.11188607769239954
LGBM,2,0,0,0.03421745381345268
LGBM,2,0,0,0.005961207716280996
LGBM,2,0,0,0.34737444196429823
LGBM,2,0,0,0.1297669580211273
LGBM,2,0,0,0.21266143033233798
LGBM,2,0,1,0.5132606416654861
LGBM,2,0,0,0.08236934887324
LGBM,2,0,0,0.048265462601491935
LGBM,2,0,0,0.11506248449728582
LGBM,2,0,0,0.06163974215565479
LGBM,2,0,0,0.10809826431745882
LGBM,2,0,0,0.006977227266710379
LGBM,2,0,0,0.0651276022741523
LGBM,2,0,0,0.386158988821822
LGBM,2,0,0,0.03451413660949758
LGBM,2,0,0,0.14549041826881742
LGBM,2,0,0,0.1296514477170847
LGBM,2,0,0,0.08586497044433719
LGBM,2,0,0,0.11486411785969013
LGBM,2,0,0,0.008468543189254659
LGBM,2,0,0,0.42128815155020816
LGBM,2,1,1,0.6154912504612932
LGBM,2,0,0,0.33891903917434585
LGBM,2,0,0,0.06739213905557148
LGBM,2,0,1,0.8679399270876114
LGBM,2,0,0,0.06138450396553924
LGBM,2,0,0,0.06771197816589584
LGBM,2,0,1,0.5317888025329356
LGBM,2,0,0,0.058625048954399094
LGBM,2,1,0,0.11852259692873274
LGBM,2,0,0,0.17198943604643074
LGBM,2,0,0,0.017561955823607537
LGBM,2,0,0,0.06448750745654903
LGBM,2,0,0,0.030547292770915623
LGBM,2,1,0,0.05850911406001118
LGBM,2,1,0,0.1260199965281789
LGBM,2,0,0,0.04682779616814183
LGBM,2,1,0,0.47811594533395546
LGBM,2,0,0,0.2078787704388315
LGBM,2,0,0,0.2394564486319346
LGBM,2,1,0,0.11850375695030291
LGBM,2,0,0,0.02442976009612726
LGBM,2,0,0,0.4192121499971457
LGBM,2,1,0,0.15258143126673707
LGBM,2,0,0,0.029332266907859113
LGBM,2,1,0,0.46898455262796795
LGBM,2,0,0,0.3954625413877543
LGBM,2,0,0,0.45094936156399135
LGBM,2,0,0,0.3411698617744385
LGBM,2,0,0,0.06025198683183662
LGBM,2,0,0,0.09079615965560031
LGBM,2,0,0,0.1955328484128077
LGBM,2,1,0,0.18756997517824472
LGBM,2,0,0,0.21812469235840298
LGBM,2,1,0,0.16777685685495902
LGBM,2,1,0,0.15589781899160038
LGBM,2,0,0,0.12326613999924693
LGBM,2,0,0,0.07410821543372699
LGBM,2,0,0,0.15693024321380053
LGBM,2,0,0,0.1842691463854528
LGBM,2,0,0,0.18967548723854616
LGBM,2,0,0,0.0525772341879762
LGBM,2,0,1,0.7156133641024285
LGBM,2,0,0,0.059664879525276826
LGBM,2,0,0,0.39888971833397757
LGBM,2,0,0,0.031242144350815838
LGBM,2,0,0,0.4818247664249524
LGBM,2,0,0,0.1002616577955846
LGBM,2,0,0,0.2387170736953892
LGBM,2,0,0,0.025729689550127943
LGBM,2,0,0,0.15129942999274568
LGBM,2,0,1,0.5626384513684649
LGBM,2,0,0,0.048885462392494916
LGBM,2,0,0,0.028294383969640284
LGBM,2,0,0,0.09744367056021362
LGBM,2,0,0,0.03584517605880777
LGBM,2,1,0,0.26787764216702453
LGBM,2,0,0,0.2222367444188698
LGBM,2,1,0,0.18857625418494722
LGBM,2,0,0,0.04572714570754612
LGBM,2,0,0,0.4600314953229542
LGBM,2,0,0,0.002515530173878826
LGBM,2,0,1,0.6652751399894047
LGBM,2,0,0,0.08583863643408249
LGBM,2,0,0,0.0533889807424992
LGBM,2,0,0,0.221635016402088
LGBM,2,0,0,0.020297770941010627
LGBM,2,1,0,0.10000269161853632
LGBM,2,1,1,0.5700075129042631
LGBM,2,1,0,0.17295074974014302
LGBM,2,1,0,0.013392892866592433
LGBM,2,0,0,0.03803215573312617
LGBM,2,1,1,0.5355507593173587
LGBM,2,0,0,0.48117720606915537
LGBM,2,0,0,0.1494405714405698
LGBM,2,0,1,0.8233477125292903
LGBM,2,1,1,0.7752085083575033
LGBM,2,0,0,0.22172117161525617
LGBM,2,1,0,0.1967362132992944
LGBM,2,0,0,0.12277081484211542
LGBM,2,0,0,0.07171051644439908
LGBM,2,0,0,0.3102341287915415
LGBM,2,0,0,0.07753232535676499
LGBM,2,1,1,0.6196202855909473
LGBM,2,0,0,0.04660441475409709
LGBM,2,1,0,0.37220197301474
LGBM,2,0,0,0.265827382665815
LGBM,2,0,0,0.032711720423324916
LGBM,2,0,0,0.1179837775614052
LGBM,2,0,0,0.11078615261222224
LGBM,2,0,0,0.27602666817526617
LGBM,2,0,1,0.7613004088065737
LGBM,2,0,0,0.02457765817710108
LGBM,2,0,0,0.2459002720467289
LGBM,2,1,1,0.8451181212281133
LGBM,2,1,0,0.17907569369589768
LGBM,2,0,0,0.14525016813021366
LGBM,2,0,0,0.026300083295366247
LGBM,2,1,0,0.12015213450607337
LGBM,2,0,0,0.2711055984724294
LGBM,2,1,0,0.21602783804534015
LGBM,2,0,0,0.2819624954064354
LGBM,2,0,0,0.319460053788404
LGBM,2,0,0,0.06773070941518428
LGBM,2,0,0,0.2806633603092351
LGBM,2,1,0,0.4022572640766034
LGBM,2,0,0,0.06981803425122166
LGBM,2,0,0,0.03922679110195232
LGBM,2,0,0,0.0359942470004269
LGBM,2,0,0,0.01978491220249816
LGBM,2,0,0,0.06180860225052274
LGBM,2,0,0,0.4256752596750731
LGBM,2,0,0,0.028591668816255168
LGBM,2,0,0,0.1204554080557542
LGBM,2,0,0,0.11849414688307888
LGBM,2,0,0,0.0243207959640757
LGBM,2,0,0,0.15794943930906988
LGBM,2,0,0,0.00507024389635169
LGBM,2,0,0,0.052895817682002355
LGBM,2,0,0,0.4597018557353272
LGBM,2,0,0,0.34737444196429823
LGBM,2,1,0,0.2472820136277613
LGBM,2,0,0,0.2233793132404673
LGBM,2,0,0,0.06310592419578946
LGBM,2,0,0,0.38048295672937626
LGBM,2,0,0,0.16742820970691552
LGBM,2,0,0,0.12313667013065274
LGBM,2,0,0,0.10212502250330523
LGBM,2,0,0,0.27706031677759685
LGBM,2,0,0,0.107327523037535
LGBM,2,1,0,0.3439587014827745
LGBM,2,0,0,0.25739064189354377
LGBM,2,0,0,0.47330425661253595
LGBM,2,0,0,0.33600647288550856
LGBM,2,0,0,0.0617001500891327
LGBM,2,0,0,0.08316555140276535
LGBM,2,0,0,0.17281479042191555
LGBM,2,0,0,0.39457917087889893
LGBM,2,1,0,0.11745524632484436
LGBM,2,0,0,0.021457405351123768
LGBM,2,0,0,0.048137998512352356
LGBM,2,1,0,0.11313333961683428
LGBM,2,0,0,0.24310134003632455
LGBM,2,0,0,0.07177770675004633
LGBM,2,0,0,0.022988798029471926
LGBM,2,0,0,0.231648591623901
LGBM,2,1,1,0.6700688749016654
LGBM,2,0,0,0.06991285138803181
LGBM,2,0,0,0.49206951114869335
LGBM,2,0,1,0.5960683750794479
LGBM,2,0,0,0.0680128419721705
LGBM,2,0,0,0.22590902256548545
LGBM,2,1,0,0.0694740172692728
LGBM,2,0,0,0.005755674790083304
LGBM,2,0,0,0.01772572839321931
LGBM,2,0,0,0.0840196285805876
LGBM,2,0,0,0.009101619092959395
LGBM,2,1,0,0.2967414134791511
LGBM,2,0,0,0.07853154301366799
LGBM,2,0,0,0.18342858867246378
LGBM,2,0,0,0.08947385938330023
LGBM,2,0,0,0.03198076555214193
LGBM,2,1,0,0.12228086835229612
LGBM,2,0,1,0.5162544127608094
LGBM,2,0,0,0.023818133198592766
LGBM,2,0,0,0.06854780809477912
LGBM,2,0,0,0.0645617203385345
LGBM,2,0,0,0.29828503629358477
LGBM,2,0,0,0.1995962053883216
LGBM,2,0,0,0.09145167058488698
LGBM,2,0,0,0.11051859688641537
LGBM,2,0,0,0.034703269591375735
LGBM,2,0,0,0.39551392022292314
LGBM,2,1,0,0.16276192453846394
LGBM,2,0,0,0.4057844616852339
LGBM,2,0,0,0.07563879207855738
LGBM,2,0,0,0.03511972783149549
LGBM,2,0,0,0.03459063351256759
LGBM,2,1,0,0.42159978865028175
LGBM,2,0,0,0.12722014622723346
LGBM,2,0,0,0.025919537531985393
LGBM,2,0,0,0.13294887811881523
LGBM,2,0,0,0.04745770883363215
LGBM,2,0,0,0.24329926983286643
LGBM,2,0,0,0.08618067894116882
LGBM,2,0,0,0.04853747045570297
LGBM,2,1,0,0.03058358676826427
LGBM,2,0,0,0.28132732628172835
LGBM,2,1,0,0.07222579423794664
LGBM,2,0,0,0.2458104969099242
LGBM,2,0,1,0.7552390591356504
LGBM,2,1,0,0.026938276424121117
LGBM,2,0,0,0.01898365786244626
LGBM,2,0,0,0.3018102044213114
LGBM,2,1,0,0.18065595766390266
LGBM,2,0,0,0.16695858967749244
LGBM,2,0,0,0.08792137732750066
LGBM,2,0,0,0.050810588930973725
LGBM,2,0,0,0.35093580573034316
LGBM,2,1,0,0.04207759521427517
LGBM,2,0,0,0.18342858867246378
LGBM,2,1,1,0.6618599814068983
LGBM,2,0,0,0.0736666901508478
LGBM,2,0,0,0.16411886138552104
LGBM,2,0,0,0.4569490608246298
LGBM,2,1,0,0.13884052310360342
LGBM,2,1,0,0.2108496337546369
LGBM,2,0,0,0.35923836535879955
LGBM,2,0,0,0.49124406504889173
LGBM,2,0,0,0.48915567954441946
LGBM,2,0,0,0.009465089519309846
LGBM,2,1,0,0.11495126382023578
LGBM,2,0,0,0.020741834501716513
LGBM,2,0,0,0.10927853817648789
LGBM,2,1,0,0.12373189839801402
LGBM,2,0,0,0.13665252221278065
LGBM,2,0,0,0.29123621994928367
LGBM,2,0,0,0.26995727492620253
LGBM,2,1,0,0.10135388161682901
LGBM,2,1,0,0.4665934704370316
LGBM,2,0,0,0.047971575511265
LGBM,2,0,1,0.7314446818875269
LGBM,2,0,0,0.07488225305324964
LGBM,2,1,0,0.47210476308390975
LGBM,2,0,0,0.18262603248149598
LGBM,2,0,0,0.4650297450942243
LGBM,2,0,0,0.1984918387247531
LGBM,2,0,0,0.38620703812021506
LGBM,2,1,0,0.09655998058202246
LGBM,2,1,0,0.10328067217848706
LGBM,2,0,0,0.15087062854307068
LGBM,2,0,0,0.06091432336026074
LGBM,2,0,0,0.06702943576766901
LGBM,2,0,0,0.02400124387346461
LGBM,2,0,0,0.06593339150998526
LGBM,2,1,1,0.5712388757975453
LGBM,2,0,0,0.15760402690009487
LGBM,2,1,0,0.27322599723904
LGBM,2,1,0,0.04538870478226317
LGBM,2,1,0,0.04967429388792667
LGBM,2,0,1,0.9100220015987796
LGBM,2,0,0,0.11820937952969952
LGBM,2,0,0,0.053508372478235096
LGBM,2,0,0,0.11479796350455572
LGBM,2,1,0,0.02601288288415554
LGBM,2,1,0,0.10963068893143765
LGBM,2,1,0,0.15349664676316752
LGBM,2,0,0,0.08737327620546177
LGBM,2,0,0,0.4559763334043183
LGBM,2,0,0,0.36138238189057864
LGBM,2,1,1,0.7023322371256069
LGBM,2,0,0,0.22262501530891826
LGBM,2,0,0,0.07681607011900225
LGBM,2,0,0,0.049094721170290914
LGBM,2,1,0,0.06238885869211351
LGBM,2,0,0,0.2539866345424689
LGBM,2,0,0,0.025081279204478345
LGBM,2,1,1,0.669581947499627
LGBM,2,0,0,0.12776992459488218
LGBM,2,0,0,0.027803459736298324
LGBM,2,0,0,0.005601967299259368
LGBM,2,0,0,0.16207307439785168
LGBM,2,0,1,0.543282878564576
LGBM,2,0,0,0.03440601165915283
LGBM,2,0,0,0.1046168477793619
LGBM,2,0,0,0.19005235199924647
LGBM,2,0,0,0.0771618492746865
LGBM,2,0,0,0.022333565451029387
LGBM,2,0,0,0.1423955561842542
LGBM,2,0,0,0.2447633044732693
LGBM,2,0,0,0.031111853629518512
LGBM,2,0,0,0.008645788874567331
LGBM,2,0,0,0.08183069921555075
LGBM,2,0,0,0.3103921444071164
LGBM,2,0,0,0.03002981978310516
LGBM,2,0,1,0.7010378461313228
LGBM,2,1,1,0.7840999509836682
LGBM,2,0,0,0.2645611866929194
LGBM,2,0,0,0.2767792463953333
LGBM,2,0,0,0.048894650547498655
LGBM,2,0,0,0.25911044864653304
LGBM,2,0,0,0.05472254149072182
LGBM,2,0,0,0.009294750923791081
LGBM,2,0,0,0.16461749582192817
LGBM,2,0,0,0.045630469817000995
LGBM,2,1,0,0.03943229565477239
LGBM,2,0,0,0.10584511125900496
LGBM,2,0,0,0.1046809771471794
LGBM,2,0,0,0.24259126243951457
LGBM,2,0,0,0.1582474771706112
LGBM,2,0,1,0.5113526440298368
LGBM,2,0,0,0.0668267520807486
LGBM,2,0,0,0.2967414134791511
LGBM,2,0,0,0.02594236542659473
LGBM,2,1,0,0.19338217577004957
LGBM,2,1,0,0.3322596163875977
LGBM,2,0,0,0.28188951375388055
LGBM,2,0,0,0.1271845989483124
LGBM,2,0,0,0.11161315039028442
LGBM,2,0,0,0.005057788305507863
LGBM,2,0,0,0.00774558953185457
LGBM,2,0,0,0.009880640142100548
LGBM,2,0,0,0.15142851569551163
LGBM,2,0,0,0.13047566053555412
LGBM,2,0,0,0.04286837243279107
LGBM,2,0,0,0.11853362575766034
LGBM,2,0,0,0.10936524217057653
LGBM,2,1,0,0.46788474021917836
LGBM,2,1,0,0.2691692973873423
LGBM,2,0,0,0.2743720920291092
LGBM,2,0,1,0.5864389620139492
LGBM,2,1,0,0.38522807599338565
LGBM,2,1,0,0.03710592534430642
LGBM,2,1,1,0.838017411313517
LGBM,2,1,0,0.038957962777620606
LGBM,2,0,0,0.017982076324478877
LGBM,2,1,0,0.12242576290282627
LGBM,2,1,0,0.12037449338343038
LGBM,2,0,0,0.23617802737776536
LGBM,2,0,0,0.020935992019875203
LGBM,2,0,0,0.04985973463002502
LGBM,2,0,0,0.09122362068106918
LGBM,2,0,0,0.327117658618385
LGBM,2,0,0,0.017998905756571537
LGBM,2,1,0,0.10133457499172051
LGBM,2,0,0,0.008969414862599563
LGBM,2,0,0,0.0276688017854546
LGBM,2,0,1,0.5464718453895954
LGBM,2,1,0,0.0893904988818094
LGBM,2,0,0,0.030259211352733663
LGBM,2,0,0,0.0599701307646799
LGBM,2,1,0,0.3850280094691138
LGBM,2,0,0,0.3384046634043817
LGBM,2,1,0,0.1540231239801774
LGBM,2,0,0,0.021335638452276765
LGBM,2,1,1,0.6261529139264622
LGBM,2,0,0,0.12413607011153231
LGBM,2,0,0,0.09440038632248347
LGBM,2,0,0,0.04727448214045418
LGBM,2,0,0,0.0711501034916379
LGBM,2,1,1,0.7301863250493483
LGBM,2,0,0,0.1178394655484516
LGBM,2,0,0,0.05611042475262912
LGBM,2,0,0,0.17400338869541146
LGBM,2,0,0,0.0720623183327801
LGBM,2,1,0,0.13846716527230826
LGBM,2,0,0,0.03445382278207036
LGBM,2,0,0,0.042255775758452165
LGBM,2,0,1,0.937539428515096
LGBM,2,0,0,0.013889934227988591
LGBM,2,0,0,0.024040592296228926
LGBM,2,0,0,0.28103150115836584
LGBM,2,0,0,0.18543583493991292
LGBM,2,1,0,0.07114278431952059
LGBM,2,0,0,0.04047536953850463
LGBM,2,0,0,0.11299429509366586
LGBM,2,0,0,0.10144222472077599
LGBM,2,0,0,0.1584874437954
LGBM,2,0,0,0.12620065945474596
LGBM,2,0,0,0.07000256535443915
LGBM,2,0,0,0.1989357330516741
LGBM,2,0,0,0.262980038430957
LGBM,2,0,0,0.4708455776920199
LGBM,2,1,0,0.2566023830019368
LGBM,2,0,0,0.10448550560616773
LGBM,2,0,1,0.917729314916151
LGBM,2,0,0,0.08886835804735377
LGBM,2,1,0,0.2450045736375971
LGBM,2,1,0,0.36898840240671865
LGBM,2,0,0,0.2694382997093297
LGBM,2,0,1,0.7849424557283567
LGBM,2,0,0,0.24787777245123913
LGBM,2,0,0,0.08900358147997113
LGBM,2,0,0,0.04304384958707086
LGBM,2,0,0,0.10010781580056244
LGBM,2,1,1,0.7878166648906682
LGBM,2,0,0,0.044758462885467795
LGBM,2,1,0,0.30999754860115936
LGBM,2,0,0,0.25504244543820215
LGBM,2,0,0,0.005171663818717686
LGBM,2,0,0,0.14154471994950235
LGBM,2,1,1,0.9237380790017707
LGBM,2,0,1,0.9333509555904438
LGBM,2,0,0,0.06652066264001932
LGBM,2,0,0,0.1929601391172498
LGBM,2,0,0,0.2758045499637155
LGBM,2,0,0,0.046962656705422975
LGBM,2,0,0,0.019189268079639756
LGBM,2,0,0,0.35637052414492804
LGBM,2,0,0,0.08129784084235751
LGBM,2,0,1,0.6330144835922512
LGBM,2,0,0,0.06259920488577031
LGBM,2,1,0,0.017623063086962796
LGBM,2,1,0,0.019286039372794505
LGBM,2,0,0,0.039081986403606876
LGBM,2,0,0,0.05791702552971095
LGBM,2,1,0,0.22531869172165728
LGBM,2,1,0,0.2315308030004977
LGBM,2,0,0,0.034595420833646556
LGBM,2,1,0,0.1986796903157801
LGBM,2,0,0,0.10889738993206305
LGBM,2,0,0,0.23232523525959578
LGBM,2,0,0,0.1831295270725593
LGBM,2,0,0,0.06762530575030834
LGBM,2,1,0,0.14783060931721534
LGBM,2,0,1,0.5876224244762087
LGBM,2,0,0,0.15346832527246004
LGBM,2,0,0,0.0806162051823533
LGBM,2,0,0,0.06509067374643349
LGBM,2,0,0,0.09006913587758261
LGBM,2,1,0,0.44140902251677
LGBM,2,0,0,0.029154340445294438
LGBM,2,0,0,0.265871677993411
LGBM,2,0,0,0.419296537008917
LGBM,2,0,0,0.08985956798171675
LGBM,2,0,0,0.006394409015219738
LGBM,2,0,0,0.1878142417386309
LGBM,2,1,0,0.3169865143831249
LGBM,2,0,0,0.2464038327036947
LGBM,2,0,0,0.05930784437950835
LGBM,2,0,0,0.21548274455816782
LGBM,2,1,1,0.9553950563916719
LGBM,2,1,0,0.13029448022477863
LGBM,2,0,0,0.06352448696598675
LGBM,2,0,0,0.10332245080939464
LGBM,2,1,0,0.15933568476244467
LGBM,2,0,0,0.1570198334494614
LGBM,2,0,0,0.20312569447303722
LGBM,2,0,0,0.15599303066658726
LGBM,2,0,0,0.08738885870759146
LGBM,2,0,1,0.8519078402325978
LGBM,2,0,0,0.023568422808081347
LGBM,2,0,0,0.27117997569853663
LGBM,2,0,0,0.25401492355348715
LGBM,2,0,0,0.30263761133503286
LGBM,2,0,0,0.11807641390634549
LGBM,2,0,0,0.05067020854953691
LGBM,2,0,0,0.35181475576047316
LGBM,2,1,0,0.07132739601225432
LGBM,2,0,0,0.08778782433806485
LGBM,2,0,0,0.29995250190884337
LGBM,2,1,0,0.13056551077757314
LGBM,2,0,0,0.13843276197960663
LGBM,2,0,0,0.388588343358315
LGBM,2,0,0,0.07429610865852344
LGBM,2,0,0,0.2578090784936027
LGBM,2,1,0,0.24370927909464915
LGBM,2,1,1,0.7055661663331627
LGBM,2,0,0,0.1370905781269409
LGBM,2,0,0,0.05911409755789557
LGBM,2,0,0,0.109292310866428
LGBM,2,0,0,0.0374516212427009
LGBM,2,1,0,0.0671231861814134
LGBM,2,1,0,0.3761758169247042
LGBM,2,0,0,0.17223870579698475
LGBM,2,1,0,0.12883315759798808
LGBM,2,0,0,0.013032704286374147
LGBM,2,0,0,0.3261189763262559
LGBM,2,0,0,0.024447714135334895
LGBM,2,0,0,0.008331841568999958
LGBM,2,0,1,0.6959162232547252
LGBM,2,0,0,0.048988296523089225
LGBM,2,1,0,0.20381774055731952
LGBM,2,0,0,0.17652545562320215
LGBM,2,0,0,0.10698241750850727
LGBM,2,0,0,0.2134495808532406
LGBM,2,0,0,0.14694895746624698
LGBM,2,0,1,0.7387310782555055
LGBM,2,0,0,0.023431213980148115
LGBM,2,0,0,0.06927921767959211
LGBM,2,1,1,0.9431807107890489
LGBM,2,0,0,0.40146315689619416
LGBM,2,0,0,0.04625842300908251
LGBM,2,0,0,0.06824540161438734
LGBM,2,1,0,0.48166644941217496
LGBM,2,0,0,0.029511501671083358
LGBM,2,0,0,0.1772916679833104
LGBM,2,0,0,0.032332633516351
LGBM,2,0,0,0.09897277332900273
LGBM,2,0,0,0.12795646346965436
LGBM,2,0,0,0.0681721163361293
LGBM,2,0,0,0.004178332269277814
LGBM,2,0,0,0.021963756686513337
LGBM,2,0,0,0.01311898698410112
LGBM,2,0,0,0.0724625747856291
LGBM,2,0,1,0.606606828475652
LGBM,2,0,0,0.4133394981824475
LGBM,2,1,0,0.0303123672322187
LGBM,2,1,0,0.3820968954184871
LGBM,2,0,0,0.020586222993259205
LGBM,2,0,0,0.05577936257785172
LGBM,2,0,0,0.017654910233909398
LGBM,2,0,0,0.36301226118504754
LGBM,2,0,0,0.0059471797638158495
LGBM,2,1,0,0.15825345142838715
LGBM,2,0,0,0.21736489636952108
LGBM,2,0,0,0.19607630640280121
LGBM,2,0,1,0.7153922428268301
LGBM,2,0,1,0.9210021802063704
LGBM,2,0,0,0.050749904525031427
LGBM,2,0,0,0.1305698928903877
LGBM,2,0,0,0.02858825083457763
LGBM,2,0,0,0.15085825243178322
LGBM,2,0,0,0.2044517505620346
LGBM,2,0,0,0.026072366742266297
LGBM,2,0,0,0.14502551061747865
LGBM,2,0,0,0.3042753673110288
LGBM,2,0,0,0.06889686484130535
LGBM,2,0,0,0.07422288323555024
LGBM,2,0,0,0.25687769470526023
LGBM,2,0,0,0.12655909920074776
LGBM,2,0,0,0.3649296495132145
LGBM,2,0,0,0.3276479326952572
LGBM,2,0,0,0.17066846716943598
LGBM,2,0,0,0.12600011259093458
LGBM,2,1,1,0.8327495069794495
LGBM,2,0,0,0.016188057568157044
LGBM,2,0,0,0.021677213348174573
LGBM,2,1,0,0.13584801817617015
LGBM,2,0,0,0.2186533805661243
LGBM,2,0,0,0.06505223431868974
LGBM,2,0,0,0.03748191323449047
LGBM,2,0,0,0.03178931525324384
LGBM,2,0,0,0.11542678377784107
LGBM,2,0,0,0.41454990581923357
LGBM,2,0,0,0.12790415432504465
LGBM,2,0,0,0.038073143131629086
LGBM,2,0,0,0.04900084044290877
LGBM,2,0,0,0.025455325019935887
LGBM,2,0,0,0.039535318568062916
LGBM,2,0,0,0.00702492581819926
LGBM,2,0,0,0.26397110419558156
LGBM,2,0,0,0.03841754601709022
LGBM,2,0,0,0.10036250823151859
LGBM,2,0,0,0.22772221546373028
LGBM,2,1,0,0.0905656140671042
LGBM,2,1,0,0.030455794391144788
LGBM,2,0,0,0.0742600889730302
LGBM,2,1,1,0.6410667680842664
LGBM,2,0,0,0.049713562215682364
LGBM,2,0,0,0.08578634575641911
LGBM,2,0,0,0.21701200713508553
LGBM,2,1,0,0.2883986866622863
LGBM,2,0,0,0.02269167599533194
LGBM,2,0,0,0.23794815839138422
LGBM,2,0,0,0.04276681239082187
LGBM,2,0,0,0.00918734431391832
LGBM,2,0,1,0.7235784515381446
LGBM,2,0,0,0.1134484710677388
LGBM,2,0,0,0.026937795545564996
LGBM,2,0,0,0.3070943563895327
LGBM,2,0,0,0.007217229808283121
LGBM,2,1,0,0.023359699702973757
LGBM,2,0,0,0.1548511415177771
LGBM,2,0,1,0.5265476446875386
LGBM,2,0,0,0.015914586510549358
LGBM,2,0,0,0.14669132485736247
LGBM,2,0,0,0.3501563390839478
LGBM,2,1,0,0.19172790413294424
LGBM,2,1,1,0.5775365872949594
LGBM,2,0,0,0.007777898805773196
LGBM,2,1,1,0.9913939657034146
LGBM,2,0,1,0.7268822491544724
LGBM,2,1,0,0.04099966476879973
LGBM,2,0,0,0.030616511265835193
LGBM,2,1,1,0.7629985333423542
LGBM,2,0,0,0.2048055950360733
LGBM,2,0,0,0.029267519200919013
LGBM,2,0,0,0.1406873176341786
LGBM,2,1,0,0.24096509578600356
LGBM,2,0,0,0.10698572896642873
LGBM,2,0,0,0.21702726739929148
LGBM,2,1,0,0.06599178741307457
LGBM,2,0,0,0.06076724093356939
LGBM,2,0,0,0.055300837042058675
LGBM,2,0,0,0.05760390624360838
LGBM,2,0,0,0.26411378461820956
LGBM,2,0,0,0.14251480917317907
LGBM,2,0,0,0.48223506480478767
LGBM,2,0,0,0.20313935697801735
LGBM,2,0,0,0.12998624621270002
LGBM,2,0,0,0.047344601837457465
LGBM,2,0,0,0.2513601460327434
LGBM,2,0,0,0.2433597937249092
LGBM,2,1,0,0.09418213353958624
LGBM,2,0,0,0.2738547306194356
LGBM,2,0,0,0.1467330796159849
LGBM,2,0,0,0.047594927095056784
LGBM,2,0,0,0.16279271723103347
LGBM,2,1,1,0.6163246497916227
LGBM,2,0,0,0.016996993802197127
LGBM,2,1,0,0.030657354622718364
LGBM,2,0,0,0.21420032290887253
LGBM,2,1,0,0.4950279364513618
LGBM,2,0,0,0.005266272555844433
LGBM,2,1,0,0.07093940885096761
LGBM,2,0,0,0.08489130193282383
LGBM,2,0,0,0.07534727461205648
LGBM,2,0,0,0.09581031100178367
LGBM,2,0,0,0.10786474378466722
LGBM,2,0,0,0.121509209366326
LGBM,2,1,0,0.057513123427741626
LGBM,2,0,0,0.07786381107088108
LGBM,2,0,0,0.0700313711697796
LGBM,2,0,0,0.41777310550671204
LGBM,2,0,0,0.4557608942532636
LGBM,2,0,0,0.06596306142403509
LGBM,2,0,0,0.10412357913894675
LGBM,2,0,0,0.003725745755641072
LGBM,2,0,0,0.017030783718986964
LGBM,2,0,0,0.09583405495501342
LGBM,2,0,0,0.040406682628114046
LGBM,2,0,0,0.03515253043740097
LGBM,2,0,0,0.3806927162456184
LGBM,2,1,0,0.25065376076064666
LGBM,2,0,0,0.09848782842845652
LGBM,2,0,0,0.06506026502069753
LGBM,2,0,0,0.016360636497001778
LGBM,2,0,0,0.2110233034799241
LGBM,2,0,0,0.02749373144050508
LGBM,2,0,0,0.1327738047655307
LGBM,2,0,0,0.13928663151080264
LGBM,2,0,0,0.0025515012103449275
LGBM,2,0,0,0.030707405947838502
LGBM,2,1,0,0.15552488981778642
LGBM,2,0,0,0.15232205037581661
LGBM,2,0,0,0.02695800509594322
LGBM,2,0,0,0.013827177347008534
LGBM,2,0,0,0.4782321434354591
LGBM,2,1,1,0.8677334850482965
LGBM,2,1,0,0.14491697200656242
LGBM,2,0,0,0.26658270863002526
LGBM,2,0,0,0.3599170506842757
LGBM,2,0,0,0.05901515019793415
LGBM,2,1,0,0.06560463857888578
LGBM,2,0,0,0.05576773241030014
LGBM,2,1,0,0.19502962412472397
LGBM,2,0,0,0.2659589312164659
LGBM,2,1,0,0.10444765021828326
LGBM,2,0,0,0.10235680516256117
LGBM,2,0,0,0.014983037772392325
LGBM,2,0,0,0.014667254254778514
LGBM,2,0,0,0.0837469609849824
LGBM,2,0,0,0.04497643593233141
LGBM,2,0,0,0.3758635060120716
LGBM,2,0,0,0.03775606922367288
LGBM,2,1,1,0.8714925892958337
LGBM,2,0,0,0.024780171093959524
LGBM,2,0,0,0.02537848123889079
LGBM,2,0,0,0.23184818535913096
LGBM,2,0,0,0.09269839573900146
LGBM,2,0,0,0.08166706905256892
LGBM,2,0,0,0.4270820972213104
LGBM,2,1,0,0.041379419907530676
LGBM,2,0,0,0.029993670080325812
LGBM,2,0,0,0.008082926899784681
LGBM,2,0,0,0.25764558966925133
LGBM,2,0,0,0.008515369571959816
LGBM,2,0,0,0.22530020422307515
LGBM,2,0,0,0.015944613736179548
LGBM,2,0,0,0.036756386981292875
LGBM,2,0,1,0.5214250892424103
LGBM,2,1,0,0.2776497477628327
LGBM,2,0,0,0.0162678954614207
LGBM,2,0,0,0.2193944343813532
LGBM,2,1,0,0.026071242975820048
LGBM,2,0,0,0.14802360665167094
LGBM,2,0,0,0.003394712052051667
LGBM,2,0,0,0.24490016882480856
LGBM,2,0,0,0.18367538583602822
LGBM,2,0,0,0.03434646786682777
LGBM,2,0,0,0.21480048155379028
LGBM,2,0,0,0.020070883568132723
LGBM,2,1,0,0.017675637160056212
LGBM,2,0,0,0.04181952477431008
LGBM,2,1,0,0.30527867574592077
LGBM,2,1,0,0.0317154222488196
LGBM,2,0,0,0.03813387063439297
LGBM,2,0,0,0.1313773132342056
LGBM,2,0,0,0.08468164713934985
LGBM,2,0,0,0.14798724413418027
LGBM,2,0,0,0.05308704503968673
LGBM,2,1,0,0.12087002304434961
LGBM,2,0,0,0.08021555993124074
LGBM,2,1,0,0.3563879050630846
LGBM,2,0,0,0.1747260879938232
LGBM,2,1,0,0.11337008781343097
LGBM,2,1,0,0.07639015654996614
LGBM,2,0,0,0.02111938725592472
LGBM,2,1,1,0.95138379328957
LGBM,2,0,0,0.2794662543783436
LGBM,2,0,0,0.351901777603222
LGBM,2,0,0,0.1390641142317622
LGBM,2,1,0,0.39183668100343866
LGBM,2,0,1,0.639066163622267
LGBM,2,0,0,0.09242490363884676
LGBM,2,0,0,0.2881426082875411
LGBM,2,1,0,0.3231894963354547
LGBM,2,1,1,0.7833007380177
LGBM,2,0,0,0.011427721186556827
LGBM,2,0,0,0.06589632132774124
LGBM,2,1,0,0.2859660523808914
LGBM,2,0,0,0.0022270554298907735
LGBM,2,1,0,0.01459708696140605
LGBM,2,0,0,0.010646439217732308
LGBM,2,1,1,0.9410946659122466
LGBM,2,0,0,0.0866889370624437
LGBM,2,1,0,0.04052243786632996
LGBM,2,0,0,0.028710033564556148
LGBM,2,1,1,0.529975600082077
LGBM,2,0,0,0.22946856969943635
LGBM,2,1,0,0.031355695013128924
LGBM,2,0,0,0.20878710976232648
LGBM,2,0,0,0.11186683617912313
LGBM,2,1,0,0.06823920302153245
LGBM,2,0,0,0.20253894386885876
LGBM,2,0,0,0.018751442227230304
LGBM,2,0,0,0.23203547408846817
LGBM,2,0,0,0.2238939404965237
LGBM,2,1,0,0.2459002720467289
LGBM,2,0,0,0.15011297168138765
LGBM,2,1,0,0.01868050714293862
LGBM,2,0,0,0.0034537707160549077
LGBM,2,0,0,0.37391636788708527
LGBM,2,0,0,0.034913011133295965
LGBM,2,0,0,0.07965033186897552
LGBM,2,0,0,0.046193037162217024
LGBM,2,0,0,0.1110332662994057
LGBM,2,0,0,0.04729957492536304
LGBM,2,0,0,0.3038113672505252
LGBM,2,0,0,0.20839634371385857
LGBM,2,1,0,0.01604172749230851
LGBM,2,1,1,0.8370469165950071
LGBM,2,0,0,0.013395420331332638
LGBM,2,0,0,0.30226823463580543
LGBM,2,0,0,0.07124002980074322
LGBM,2,0,0,0.10544199046000317
LGBM,2,0,0,0.015732999694339788
LGBM,2,1,0,0.17250449375471227
LGBM,2,1,0,0.09179094347137905
LGBM,2,0,0,0.014556209385532568
LGBM,2,0,0,0.06397435311989799
LGBM,2,0,0,0.01706600299899817
LGBM,2,1,0,0.08762189056681557
LGBM,2,0,1,0.7593961596300233
LGBM,2,0,0,0.03787061495014395
LGBM,2,1,0,0.033852739835866265
LGBM,2,0,0,0.03903215802024817
LGBM,2,0,0,0.24872971919223094
LGBM,2,0,0,0.036430901241330416
LGBM,2,0,0,0.07118211865023735
LGBM,2,0,0,0.1238939225819515
LGBM,2,0,0,0.14253814826964134
LGBM,2,1,0,0.01685026289623551
LGBM,2,0,0,0.14571445048344855
LGBM,2,0,0,0.2527084695776559
LGBM,2,0,0,0.053551606334570366
LGBM,2,0,0,0.10221386795831965
LGBM,2,0,0,0.011591265992272932
LGBM,2,0,0,0.10922571589054075
LGBM,2,0,0,0.02448279513122145
LGBM,2,0,0,0.030259383864668716
LGBM,2,0,0,0.00758685883553922
LGBM,2,0,0,0.026183531080014495
LGBM,2,0,0,0.3379963178177909
LGBM,2,0,0,0.03517643008763644
LGBM,2,0,0,0.20489315877519304
LGBM,2,0,0,0.07108049105396949
LGBM,2,0,0,0.18157296564702574
LGBM,2,0,0,0.01000318786115889
LGBM,2,0,0,0.030347021543147026
LGBM,2,0,0,0.43534212154542096
LGBM,2,0,0,0.056996524972092524
LGBM,2,0,0,0.12909955148661242
LGBM,2,0,0,0.21369948051419824
LGBM,2,0,0,0.17530558583370778
LGBM,2,0,0,0.16128134619883203
LGBM,2,0,0,0.051007374028901736
LGBM,2,0,0,0.348770644806984
LGBM,2,1,0,0.36145213634273116
LGBM,2,1,1,0.6923786597508997
LGBM,2,1,0,0.13021614552366392
LGBM,2,0,0,0.010210516759058916
LGBM,2,0,0,0.011838542914720807
LGBM,2,1,0,0.03326226208275672
LGBM,2,0,0,0.030175739531671002
LGBM,2,0,0,0.07971353493836039
LGBM,2,1,0,0.09140439299216434
LGBM,2,0,0,0.16752329127735666
LGBM,2,0,0,0.00746701582401101
LGBM,2,0,0,0.027857512024232898
LGBM,2,0,0,0.07008803200791147
LGBM,2,1,0,0.1808554506572284
LGBM,2,0,0,0.011889970857230705
LGBM,2,0,0,0.09459453395264848
LGBM,2,0,0,0.02286726906796891
LGBM,2,1,0,0.08328206392270508
LGBM,2,0,0,0.020075626255856065
LGBM,2,0,0,0.20219060456973084
LGBM,2,0,0,0.30066397282200874
LGBM,2,0,0,0.12859858275131608
LGBM,2,1,0,0.21003853849635268
LGBM,2,0,0,0.4023661237990428
LGBM,2,0,0,0.36049329692818655
LGBM,2,0,0,0.01942621029557075
LGBM,2,0,0,0.15947568769733328
LGBM,2,0,0,0.11720004967420543
LGBM,2,0,0,0.21658282611882407
LGBM,2,0,0,0.15878568835504775
LGBM,2,0,0,0.13931371578918222
LGBM,2,0,0,0.00636599308553904
LGBM,2,0,0,0.06583921275392948
LGBM,2,0,0,0.06157104036469956
LGBM,2,1,0,0.1933682196359911
LGBM,2,1,0,0.05833518463139387
LGBM,2,0,0,0.07604835285259375
LGBM,2,1,1,0.523873274045986
LGBM,2,0,0,0.07349963613193831
LGBM,2,0,0,0.11049560583110105
LGBM,2,1,0,0.17214723092734086
LGBM,2,0,0,0.05435313661924586
LGBM,2,0,1,0.7323451029421173
LGBM,2,0,0,0.016016688831814823
LGBM,2,1,0,0.3906840080157881
LGBM,2,0,0,0.013224859881032157
LGBM,2,0,0,0.06661384589711981
LGBM,2,0,0,0.016406899831186206
LGBM,2,0,0,0.39740347214604493
LGBM,2,0,0,0.464979910306578
LGBM,2,0,0,0.06410896163207518
LGBM,2,1,0,0.20729427813979073
LGBM,2,0,0,0.035454607564854364
LGBM,2,1,0,0.1919790048346751
LGBM,2,0,0,0.20885731141703517
LGBM,2,0,1,0.9921076204476406
LGBM,2,0,0,0.2780827288087928
LGBM,2,0,0,0.12004029791396494
LGBM,2,0,0,0.01850312428558703
LGBM,2,0,0,0.4714649332310524
LGBM,2,0,0,0.368261071205346
LGBM,2,0,0,0.1955432691934134
LGBM,2,0,0,0.12937403388770818
LGBM,2,0,0,0.17198994604169426
LGBM,2,0,0,0.07868492514200745
LGBM,2,1,0,0.24996027653758635
LGBM,2,0,0,0.07515577676943379
LGBM,2,0,1,0.6331102635101368
LGBM,2,1,1,0.690346578920596
LGBM,2,0,0,0.09129314815232566
LGBM,2,0,1,0.5746929940333221
LGBM,2,1,0,0.20542942384769303
LGBM,2,0,0,0.04489571074516087
LGBM,2,0,0,0.19908386310265713
LGBM,2,1,0,0.10574238849919661
LGBM,2,0,0,0.11020816185588587
LGBM,2,1,0,0.0719006682162233
LGBM,2,0,0,0.24586654542481629
LGBM,2,1,0,0.02025626733105471
LGBM,2,0,0,0.13123406205504415
LGBM,2,1,1,0.9653924829365899
LGBM,2,0,0,0.1576832289685363
LGBM,2,0,0,0.0783858661426563
LGBM,2,1,1,0.5992792757088443
LGBM,2,0,0,0.029848341702985927
LGBM,2,0,0,0.057331194002915434
LGBM,2,0,0,0.12522091815966302
LGBM,2,0,0,0.3507532441362936
LGBM,2,0,0,0.02498420057311903
LGBM,2,0,0,0.4380573028188825
LGBM,2,1,0,0.351718707329002
LGBM,2,0,0,0.16921872598710855
LGBM,2,0,0,0.027032607738998977
LGBM,2,1,0,0.06998187164603817
LGBM,2,1,1,0.6119305024554963
LGBM,2,1,0,0.3726483799893939
LGBM,2,0,0,0.042741708882091445
LGBM,2,0,0,0.034431043851926135
LGBM,2,0,0,0.1307668907340698
LGBM,2,1,1,0.7841690408811256
LGBM,2,0,0,0.4716507156543056
LGBM,2,0,0,0.19850991066125248
LGBM,2,1,0,0.2848673541196222
LGBM,2,0,0,0.04347191930431354
LGBM,2,1,1,0.6319673980108084
LGBM,2,0,0,0.20543928602227374
LGBM,2,0,0,0.3158602247761566
LGBM,2,1,0,0.03354841680927088
LGBM,2,1,0,0.35731837280794165
LGBM,2,0,0,0.1950013377361855
LGBM,2,0,0,0.051746660530568506
LGBM,2,1,1,0.9054812773658766
LGBM,2,0,0,0.053112435143797224
LGBM,2,0,0,0.2374913904607682
LGBM,2,0,0,0.44349188480217316
LGBM,2,0,0,0.028705956462989565
LGBM,2,0,0,0.2136251172806091
LGBM,2,0,0,0.29673493499783643
LGBM,2,0,0,0.08203606566084976
LGBM,2,0,1,0.6097817162809854
LGBM,2,0,0,0.48438272685583417
LGBM,2,0,0,0.4665087737911801
LGBM,2,0,0,0.03394045103575666
LGBM,2,0,0,0.13341337675438164
LGBM,2,0,0,0.14073959866138258
LGBM,2,1,1,0.6322478470491568
LGBM,2,0,0,0.015687793972451375
LGBM,2,0,0,0.4861947452856444
LGBM,2,1,0,0.024317305113153862
LGBM,2,0,0,0.03533647114235503
LGBM,2,1,0,0.0042856096555594775
LGBM,2,0,0,0.06205484632641682
LGBM,2,0,0,0.02169761515532502
LGBM,2,1,0,0.17479824480551368
LGBM,2,0,0,0.05492331470297401
LGBM,2,0,0,0.29542038231381285
LGBM,2,0,0,0.0630688491535333
LGBM,2,1,0,0.039771259922806765
LGBM,2,0,0,0.2322329837319292
LGBM,2,0,0,0.09101301011628425
LGBM,2,0,1,0.608728221505063
LGBM,2,0,1,0.8219926918504921
LGBM,2,0,0,0.113321682320338
LGBM,2,1,1,0.972356185305646
LGBM,2,0,0,0.4354523451620254
LGBM,2,0,0,0.049428450852326736
LGBM,2,0,0,0.12464785735351763
LGBM,2,0,0,0.01580420848876134
LGBM,2,0,0,0.12070467655264606
LGBM,2,0,0,0.23664692852780927
LGBM,2,0,0,0.254181231467308
LGBM,2,0,0,0.19191768156951858
LGBM,2,1,0,0.30961103226735764
LGBM,2,0,0,0.009093023987903931
LGBM,2,0,0,0.05411112825413068
LGBM,2,0,0,0.47617361378190953
LGBM,2,0,0,0.028529117368692965
LGBM,2,0,1,0.5789994173457663
LGBM,2,0,0,0.35914117868958084
LGBM,2,0,0,0.008371084519194466
LGBM,2,0,0,0.08288521848833612
LGBM,2,0,0,0.13998172731380296
LGBM,2,0,0,0.15167483834198658
LGBM,2,0,0,0.223172306369159
LGBM,2,1,0,0.03205608963197817
LGBM,2,0,0,0.06879010431318291
LGBM,2,0,0,0.017430222125167222
LGBM,2,0,0,0.08622965136431641
LGBM,2,0,1,0.7447683049405102
LGBM,2,0,0,0.12669073099073525
LGBM,2,0,0,0.12966465808461553
LGBM,2,0,0,0.08123201516699599
LGBM,2,0,0,0.13039780887938146
LGBM,2,0,1,0.9398299678936292
LGBM,2,1,0,0.0697273686765455
LGBM,2,0,0,0.04471752542625209
LGBM,2,0,0,0.16657086354524037
LGBM,2,0,0,0.45049706632906455
LGBM,2,1,1,0.8285658617766878
LGBM,2,0,1,0.6221234887818552
LGBM,2,0,0,0.27734413386776147
LGBM,2,0,0,0.3958034702907511
LGBM,2,1,1,0.7590826596444363
LGBM,2,0,1,0.5921808273111583
LGBM,2,1,0,0.047123018292227224
LGBM,2,0,0,0.023781854465055496
LGBM,2,0,0,0.0340023383929839
LGBM,2,1,0,0.10626127618171816
LGBM,2,0,0,0.16096529866384646
LGBM,2,1,0,0.41261065006657344
LGBM,3,1,0,0.2232730027203537
LGBM,3,0,0,0.012693568463443482
LGBM,3,0,0,0.12395204011086547
LGBM,3,0,0,0.01000636764030557
LGBM,3,0,0,0.1840249691895765
LGBM,3,0,0,0.1199355965955596
LGBM,3,0,0,0.021441084383355877
LGBM,3,1,1,0.8859144253230712
LGBM,3,1,1,0.9795222939643314
LGBM,3,0,0,0.054420742730150885
LGBM,3,1,0,0.07217657924796275
LGBM,3,0,0,0.42843349561392796
LGBM,3,0,0,0.3710763645594125
LGBM,3,0,0,0.024861279333683338
LGBM,3,0,0,0.06295080731918105
LGBM,3,0,0,0.12919521249223523
LGBM,3,0,0,0.2942728100462958
LGBM,3,0,1,0.6242728737482951
LGBM,3,1,0,0.127016355268565
LGBM,3,0,0,0.2032748767052577
LGBM,3,1,1,0.7631788853553051
LGBM,3,1,0,0.2863610737286014
LGBM,3,1,0,0.4637269663855768
LGBM,3,1,1,0.8641651134943685
LGBM,3,0,0,0.03595849308551216
LGBM,3,0,0,0.2653843603203012
LGBM,3,1,1,0.8947288897201147
LGBM,3,1,0,0.29380079671572173
LGBM,3,1,0,0.3183203626962975
LGBM,3,0,0,0.04203222065492793
LGBM,3,0,1,0.633858004203189
LGBM,3,1,0,0.06347124358682889
LGBM,3,1,1,0.6293271774022973
LGBM,3,0,0,0.25375999870250304
LGBM,3,1,0,0.03832309507982846
LGBM,3,1,0,0.10849241964299075
LGBM,3,1,1,0.832570542528976
LGBM,3,1,1,0.7075986343622326
LGBM,3,0,1,0.8303907200981622
LGBM,3,0,0,0.01254541782040529
LGBM,3,1,0,0.16726972856712233
LGBM,3,0,0,0.46780295889830265
LGBM,3,0,0,0.07676862977400174
LGBM,3,0,0,0.04017501182853074
LGBM,3,0,0,0.0969848626201487
LGBM,3,1,0,0.008857869357391805
LGBM,3,0,0,0.22729999931519285
LGBM,3,0,0,0.10298947719262273
LGBM,3,0,0,0.2530587247852301
LGBM,3,0,0,0.05340122837483196
LGBM,3,0,1,0.7044791623271112
LGBM,3,0,0,0.024863750363286693
LGBM,3,1,0,0.320404286798705
LGBM,3,0,0,0.02984050603939528
LGBM,3,0,0,0.3337483674811917
LGBM,3,1,1,0.6974617362844888
LGBM,3,1,1,0.8215143422792821
LGBM,3,0,0,0.08621623169477859
LGBM,3,0,0,0.02894711912846938
LGBM,3,1,0,0.3984050063207045
LGBM,3,1,0,0.12216437900313376
LGBM,3,0,1,0.6041902924234304
LGBM,3,1,0,0.051440808529394685
LGBM,3,0,0,0.12937007601407866
LGBM,3,0,0,0.14075063632076673
LGBM,3,0,0,0.08653827818279616
LGBM,3,0,0,0.39247748576712127
LGBM,3,0,0,0.025138608176852734
LGBM,3,0,0,0.025235314664434547
LGBM,3,0,1,0.9368552755247658
LGBM,3,1,0,0.06800773989236553
LGBM,3,0,0,0.3091411553607585
LGBM,3,1,1,0.8330611659078674
LGBM,3,1,0,0.01621552084028818
LGBM,3,0,0,0.03206549967545712
LGBM,3,0,0,0.328771111236004
LGBM,3,0,0,0.22128764713730711
LGBM,3,0,0,0.011864909844875414
LGBM,3,0,0,0.2093085212691767
LGBM,3,0,0,0.15151832787891462
LGBM,3,0,0,0.21768970134742796
LGBM,3,0,0,0.15160652020765583
LGBM,3,0,0,0.1266455080702029
LGBM,3,1,1,0.6284601591103363
LGBM,3,0,0,0.2655572087433585
LGBM,3,0,0,0.11597252325989015
LGBM,3,0,0,0.030807693249786227
LGBM,3,1,0,0.1036754881260088
LGBM,3,0,0,0.043315602820146064
LGBM,3,0,0,0.29798915099363865
LGBM,3,0,0,0.024245660073054252
LGBM,3,0,0,0.11365442376670037
LGBM,3,0,0,0.04628257880713
LGBM,3,0,0,0.12409824049949512
LGBM,3,0,0,0.06332292984957764
LGBM,3,0,0,0.029906104337631103
LGBM,3,0,0,0.1752481668471148
LGBM,3,0,0,0.25448061387709836
LGBM,3,1,0,0.3072609903781822
LGBM,3,0,0,0.10543885878410984
LGBM,3,1,0,0.07152780201872337
LGBM,3,0,0,0.11738610482296019
LGBM,3,1,1,0.984767118273968
LGBM,3,0,1,0.7452450168624025
LGBM,3,0,0,0.09667231327846405
LGBM,3,0,0,0.07934835666774012
LGBM,3,0,0,0.010277120752902071
LGBM,3,0,0,0.274431498982736
LGBM,3,1,1,0.5177008796753957
LGBM,3,0,0,0.028145930757264976
LGBM,3,1,0,0.19206817190656192
LGBM,3,0,0,0.05767018909968632
LGBM,3,0,0,0.035563195746988074
LGBM,3,0,0,0.1501852151926002
LGBM,3,0,0,0.13123319248255683
LGBM,3,1,1,0.5786724901462854
LGBM,3,0,0,0.164568590883885
LGBM,3,0,0,0.05171490469670145
LGBM,3,0,0,0.15481255506861394
LGBM,3,0,0,0.3539022584288742
LGBM,3,1,1,0.5500227119334081
LGBM,3,0,0,0.14311624420111047
LGBM,3,0,0,0.0358786712619377
LGBM,3,1,0,0.48017711655075235
LGBM,3,0,0,0.13541850361118188
LGBM,3,0,0,0.18813469827471824
LGBM,3,0,1,0.7443395318191328
LGBM,3,0,0,0.05488455593421757
LGBM,3,0,0,0.16517056295785978
LGBM,3,1,0,0.04210305496719902
LGBM,3,0,0,0.01595897198051262
LGBM,3,0,1,0.6185343116597417
LGBM,3,1,0,0.25816173496039757
LGBM,3,0,0,0.3947586215636441
LGBM,3,0,0,0.12585343579779787
LGBM,3,1,1,0.8143048553517029
LGBM,3,1,0,0.08414491618862845
LGBM,3,0,0,0.13487186836289514
LGBM,3,0,0,0.1665502352349973
LGBM,3,0,0,0.013402678230322948
LGBM,3,0,0,0.2740983396437453
LGBM,3,1,0,0.24170645339726163
LGBM,3,1,1,0.7198461072082822
LGBM,3,1,1,0.9916425233337646
LGBM,3,0,0,0.03314158622508875
LGBM,3,1,0,0.23048156489681698
LGBM,3,1,0,0.17363741652890027
LGBM,3,0,0,0.2558583984642744
LGBM,3,0,0,0.029641983275813476
LGBM,3,0,0,0.02374171435442924
LGBM,3,1,0,0.07182888558934009
LGBM,3,0,1,0.5287148596473651
LGBM,3,0,0,0.34372247108975673
LGBM,3,0,0,0.03505879756334759
LGBM,3,0,0,0.04980275335518578
LGBM,3,1,0,0.2504584512129601
LGBM,3,0,0,0.17177432525478498
LGBM,3,0,0,0.028372877069422958
LGBM,3,0,0,0.20469973129872523
LGBM,3,0,0,0.15173199866679643
LGBM,3,0,0,0.16401121471073163
LGBM,3,0,0,0.09170069581678233
LGBM,3,0,0,0.13059005848762356
LGBM,3,0,0,0.040156612816440236
LGBM,3,0,0,0.032315323232384084
LGBM,3,0,1,0.73221272329373
LGBM,3,0,0,0.12074848874495658
LGBM,3,0,0,0.2663833969145213
LGBM,3,0,0,0.008436410552587656
LGBM,3,1,0,0.02509498040957799
LGBM,3,0,0,0.12986600378919272
LGBM,3,0,0,0.12763784506025427
LGBM,3,0,0,0.013531744448055714
LGBM,3,0,0,0.14241003989607182
LGBM,3,1,0,0.19747989096873597
LGBM,3,0,0,0.00802917458753966
LGBM,3,0,0,0.03198945572062135
LGBM,3,0,0,0.09368786266967077
LGBM,3,0,0,0.46614476655681847
LGBM,3,0,0,0.031874547059827354
LGBM,3,1,0,0.0559763928733397
LGBM,3,0,0,0.004395002152813133
LGBM,3,0,0,0.18577690135002478
LGBM,3,0,1,0.6609853948791768
LGBM,3,0,0,0.04506881467684303
LGBM,3,0,0,0.21176478944715854
LGBM,3,0,0,0.07540757325305893
LGBM,3,1,0,0.324714150792863
LGBM,3,0,0,0.2967876056708744
LGBM,3,0,1,0.5107170754019524
LGBM,3,0,0,0.12139524179003527
LGBM,3,1,0,0.08619248204039635
LGBM,3,1,1,0.7893227794954641
LGBM,3,0,0,0.1297226962934183
LGBM,3,0,0,0.10287596361362873
LGBM,3,0,0,0.06851032909484524
LGBM,3,1,1,0.5543104013182415
LGBM,3,0,0,0.19611280998962982
LGBM,3,0,0,0.10153799339537299
LGBM,3,0,0,0.3028638435266545
LGBM,3,0,0,0.02139472627714324
LGBM,3,0,0,0.03425367290354582
LGBM,3,0,0,0.014392121568615862
LGBM,3,0,0,0.15996349035362675
LGBM,3,0,0,0.06183112965886737
LGBM,3,0,0,0.057422207850649165
LGBM,3,0,0,0.02822455800496231
LGBM,3,0,0,0.049706723231237496
LGBM,3,0,0,0.020119896736193812
LGBM,3,0,0,0.447210748252225
LGBM,3,0,0,0.16423458997592025
LGBM,3,0,1,0.5588775838944051
LGBM,3,0,0,0.02644536934944184
LGBM,3,0,0,0.17519137627682496
LGBM,3,0,0,0.39381602244386116
LGBM,3,0,0,0.21001585840417458
LGBM,3,0,0,0.09623756434640912
LGBM,3,1,0,0.05213043933674688
LGBM,3,0,0,0.11658113913064914
LGBM,3,1,0,0.04138262514123498
LGBM,3,0,0,0.14124342303021983
LGBM,3,0,0,0.1125124334329497
LGBM,3,0,0,0.08329159112703985
LGBM,3,0,1,0.7557846443106796
LGBM,3,0,1,0.6240683737700033
LGBM,3,0,1,0.6993821967479591
LGBM,3,0,0,0.05736156758267624
LGBM,3,0,0,0.13894597482511123
LGBM,3,1,1,0.7724765797020892
LGBM,3,0,0,0.020226979433029067
LGBM,3,0,0,0.09073540513562216
LGBM,3,0,1,0.949889669200101
LGBM,3,0,0,0.30182139780347716
LGBM,3,0,0,0.1441389926569918
LGBM,3,0,0,0.07783200567009675
LGBM,3,0,0,0.04842838505080026
LGBM,3,1,0,0.42596168286048325
LGBM,3,1,0,0.09479971728277722
LGBM,3,0,0,0.063436968178133
LGBM,3,0,0,0.0961913422631335
LGBM,3,0,0,0.34417154642956926
LGBM,3,1,1,0.6757834589772607
LGBM,3,1,1,0.9508560244985124
LGBM,3,0,0,0.013780468197971983
LGBM,3,0,0,0.1417470429371509
LGBM,3,0,1,0.619345001941037
LGBM,3,0,0,0.045175173544939926
LGBM,3,0,0,0.006341762495179753
LGBM,3,0,0,0.2919758383922745
LGBM,3,0,0,0.4147464102959077
LGBM,3,0,0,0.3729856094599839
LGBM,3,0,0,0.09263241832509314
LGBM,3,0,0,0.17139165462301403
LGBM,3,0,0,0.01478056627362462
LGBM,3,0,0,0.3671326929896228
LGBM,3,0,0,0.017707590145798955
LGBM,3,1,0,0.1915556818257754
LGBM,3,0,0,0.36948872057818155
LGBM,3,1,0,0.41797879421009543
LGBM,3,0,0,0.11021029893093603
LGBM,3,0,0,0.15103713443483915
LGBM,3,0,0,0.029934594900131135
LGBM,3,0,0,0.043649149005249514
LGBM,3,0,0,0.037770432835823084
LGBM,3,0,0,0.10413876296315162
LGBM,3,0,0,0.14960738067114052
LGBM,3,0,0,0.047484850535655855
LGBM,3,0,0,0.03721994255303718
LGBM,3,1,0,0.47998290659280385
LGBM,3,0,0,0.17557490772040976
LGBM,3,0,0,0.2117114803782071
LGBM,3,1,1,0.5669352614863183
LGBM,3,0,0,0.061232378330811424
LGBM,3,0,0,0.04345290294045017
LGBM,3,0,0,0.3082716565747852
LGBM,3,1,1,0.695302548924319
LGBM,3,0,0,0.08700302159818661
LGBM,3,0,0,0.01838024253788491
LGBM,3,1,1,0.9805199278396475
LGBM,3,0,0,0.16357058756455423
LGBM,3,0,0,0.007940965842460547
LGBM,3,1,1,0.7410056334471192
LGBM,3,0,0,0.03958231666947325
LGBM,3,0,0,0.10188692474182752
LGBM,3,0,0,0.1424910047937269
LGBM,3,0,0,0.37855036370354583
LGBM,3,0,0,0.0814442326409381
LGBM,3,0,0,0.025305899421135473
LGBM,3,0,0,0.17346895140855104
LGBM,3,0,0,0.012091666447619933
LGBM,3,1,0,0.21316182064006325
LGBM,3,0,0,0.26238189193883227
LGBM,3,1,0,0.2704109258956262
LGBM,3,0,0,0.07106112611510355
LGBM,3,0,0,0.2732093387518709
LGBM,3,0,0,0.05049081761236694
LGBM,3,0,0,0.28923428615547736
LGBM,3,0,0,0.300557318968956
LGBM,3,0,0,0.051305620870666
LGBM,3,1,1,0.8513013042789777
LGBM,3,0,0,0.22050679311023125
LGBM,3,0,0,0.017442917509942008
LGBM,3,0,0,0.21380136810335013
LGBM,3,0,0,0.2603394584283244
LGBM,3,1,0,0.4643995854609516
LGBM,3,1,0,0.33071373168516405
LGBM,3,0,0,0.27767662627129364
LGBM,3,0,0,0.05618900398804956
LGBM,3,1,0,0.3965238699395677
LGBM,3,0,0,0.14188839898915104
LGBM,3,1,1,0.7335758376229383
LGBM,3,0,0,0.059880106775754414
LGBM,3,0,0,0.26244156625688675
LGBM,3,0,0,0.17485473927331951
LGBM,3,0,0,0.010928744364943952
LGBM,3,0,0,0.01286642448975683
LGBM,3,0,0,0.09813423695585415
LGBM,3,1,0,0.035501879088664874
LGBM,3,1,0,0.22438815008834215
LGBM,3,0,0,0.021090097436675316
LGBM,3,0,0,0.2527006001467452
LGBM,3,0,0,0.15389736981349506
LGBM,3,1,0,0.19001115213863398
LGBM,3,0,0,0.14119734881718887
LGBM,3,0,0,0.08587742085510607
LGBM,3,0,0,0.3259244371198542
LGBM,3,0,0,0.03599021734700123
LGBM,3,0,0,0.04819313642039454
LGBM,3,0,0,0.031615793900536544
LGBM,3,0,0,0.20174079276439197
LGBM,3,0,0,0.0435546694419369
LGBM,3,0,0,0.15907255283566396
LGBM,3,0,0,0.09456478058938854
LGBM,3,0,0,0.01910120613447392
LGBM,3,0,0,0.12222846769433457
LGBM,3,0,0,0.025099904142376343
LGBM,3,0,0,0.030368771374748034
LGBM,3,0,0,0.045653496415027875
LGBM,3,0,0,0.44507507034847793
LGBM,3,0,0,0.04740758380368833
LGBM,3,0,1,0.5347098490653158
LGBM,3,0,0,0.10265443247303503
LGBM,3,0,0,0.07228805326675475
LGBM,3,0,0,0.01098595439054198
LGBM,3,0,0,0.019750771650737246
LGBM,3,1,0,0.21354213238162842
LGBM,3,0,1,0.5399949158202032
LGBM,3,0,0,0.047976964131774824
LGBM,3,0,0,0.05049313208092396
LGBM,3,0,0,0.01831977913100965
LGBM,3,0,0,0.23578062570580133
LGBM,3,0,0,0.25658945857695353
LGBM,3,1,0,0.22755590501753845
LGBM,3,0,0,0.3419501574358636
LGBM,3,0,0,0.10037186200071352
LGBM,3,0,0,0.19654851994806108
LGBM,3,0,0,0.051673950073112686
LGBM,3,0,0,0.40349114729544694
LGBM,3,1,0,0.18210321610062066
LGBM,3,0,0,0.03670328428907196
LGBM,3,0,0,0.013826355522705943
LGBM,3,0,0,0.4849709365674533
LGBM,3,0,0,0.026645084033517008
LGBM,3,0,0,0.4512781727684609
LGBM,3,0,0,0.11523646854204128
LGBM,3,0,0,0.37183087805761406
LGBM,3,0,0,0.012949892454123086
LGBM,3,0,0,0.06305575401502608
LGBM,3,1,0,0.09749302232794209
LGBM,3,0,0,0.0880676592310146
LGBM,3,1,0,0.0763279558369041
LGBM,3,1,0,0.06928884634573446
LGBM,3,0,0,0.014320186577142258
LGBM,3,0,1,0.56316435889926
LGBM,3,0,1,0.9545904830240948
LGBM,3,0,0,0.4776300066949436
LGBM,3,0,0,0.17011136449884515
LGBM,3,0,0,0.2771287838877118
LGBM,3,0,0,0.23085686226765106
LGBM,3,0,0,0.00903719223575969
LGBM,3,0,0,0.28466070318316283
LGBM,3,0,0,0.38383425693480955
LGBM,3,1,0,0.3908875784192305
LGBM,3,1,0,0.10011708559467812
LGBM,3,0,0,0.05999954730717934
LGBM,3,0,0,0.09420023003658619
LGBM,3,0,1,0.9629602849249684
LGBM,3,0,0,0.01596284219726857
LGBM,3,0,0,0.030670122704237347
LGBM,3,0,0,0.1504172087564822
LGBM,3,0,0,0.043327371155914035
LGBM,3,0,0,0.3148584795695355
LGBM,3,1,0,0.42443521336512996
LGBM,3,0,0,0.18619306385675025
LGBM,3,0,0,0.019535720488599945
LGBM,3,0,0,0.12163995706086059
LGBM,3,0,1,0.7723152009641482
LGBM,3,0,0,0.07402060788216072
LGBM,3,1,0,0.06164353066520446
LGBM,3,1,1,0.5170398443969836
LGBM,3,1,1,0.8202569723123223
LGBM,3,1,0,0.078531683848572
LGBM,3,0,0,0.30492536519049046
LGBM,3,0,0,0.26246088712681637
LGBM,3,0,0,0.06981348819399741
LGBM,3,1,0,0.15613069372570854
LGBM,3,0,0,0.14487164510008516
LGBM,3,0,0,0.02240207892023137
LGBM,3,0,0,0.27248783326589343
LGBM,3,0,0,0.0045361237488791015
LGBM,3,1,0,0.2943623163442306
LGBM,3,1,0,0.21095012929553844
LGBM,3,0,0,0.1828272405096668
LGBM,3,0,0,0.349454575268793
LGBM,3,0,0,0.06915358800147886
LGBM,3,0,0,0.06112686097096834
LGBM,3,0,0,0.24153763099023223
LGBM,3,1,0,0.14409474529845206
LGBM,3,0,0,0.04388173336316677
LGBM,3,0,0,0.11527510613833565
LGBM,3,0,0,0.00936826760294908
LGBM,3,0,0,0.08036166277960363
LGBM,3,0,0,0.09983059294424093
LGBM,3,1,0,0.31210064597280346
LGBM,3,0,0,0.06923912924659618
LGBM,3,1,0,0.1712722255399601
LGBM,3,0,0,0.3366914989069533
LGBM,3,0,0,0.09411395402713771
LGBM,3,0,0,0.14029920984031746
LGBM,3,1,0,0.14186898169646975
LGBM,3,1,0,0.19576245303267373
LGBM,3,1,0,0.08949042825979431
LGBM,3,0,0,0.16738508076243952
LGBM,3,1,0,0.18550582000471727
LGBM,3,1,0,0.2753447248218348
LGBM,3,0,0,0.060046822133153765
LGBM,3,0,0,0.025618925023986452
LGBM,3,0,0,0.03147365137283789
LGBM,3,1,1,0.6965863809333628
LGBM,3,0,0,0.18196606683469269
LGBM,3,0,0,0.06729720620657188
LGBM,3,0,0,0.07655301077807607
LGBM,3,1,0,0.16438819492637216
LGBM,3,0,0,0.4508738262470755
LGBM,3,0,0,0.13693094364866734
LGBM,3,1,0,0.18708339781864333
LGBM,3,0,0,0.062071230940415785
LGBM,3,0,0,0.05939160823779646
LGBM,3,0,0,0.12153061315291383
LGBM,3,0,0,0.03528205216594596
LGBM,3,0,0,0.20223224474701926
LGBM,3,0,0,0.2310616220837336
LGBM,3,0,0,0.08418100829105588
LGBM,3,1,0,0.19899007857889114
LGBM,3,1,1,0.6027894465165234
LGBM,3,1,1,0.5066047683132315
LGBM,3,0,0,0.4391291374689685
LGBM,3,0,0,0.036932154339613235
LGBM,3,0,1,0.5108187584855225
LGBM,3,0,0,0.17454093670968762
LGBM,3,1,0,0.3002890753002684
LGBM,3,0,1,0.9367305986290284
LGBM,3,1,0,0.3155968781290287
LGBM,3,0,0,0.22101216350116393
LGBM,3,0,0,0.04573675285950478
LGBM,3,1,0,0.3102473773809225
LGBM,3,0,0,0.16345516290327897
LGBM,3,0,0,0.15873706623597383
LGBM,3,0,0,0.04203448718682053
LGBM,3,0,0,0.33166663017264203
LGBM,3,1,1,0.6063531720125965
LGBM,3,0,0,0.031014509539977697
LGBM,3,1,1,0.5462100750878193
LGBM,3,0,0,0.0958943890870221
LGBM,3,0,0,0.14079440591435594
LGBM,3,0,0,0.017431072256991427
LGBM,3,0,0,0.1715180101021365
LGBM,3,0,0,0.09227340435849603
LGBM,3,0,1,0.8847964610067225
LGBM,3,0,0,0.22662376863531186
LGBM,3,0,0,0.2555605126241625
LGBM,3,0,0,0.3512246470290146
LGBM,3,0,0,0.488974667751948
LGBM,3,1,0,0.0405108607067962
LGBM,3,0,0,0.11678898602559237
LGBM,3,0,0,0.059157464490193865
LGBM,3,0,0,0.05234029870407605
LGBM,3,1,0,0.008782446994043486
LGBM,3,0,0,0.18902503143642743
LGBM,3,1,0,0.10495051261700979
LGBM,3,1,0,0.10880027652156078
LGBM,3,0,0,0.17536536124614865
LGBM,3,0,0,0.09736873394231099
LGBM,3,0,0,0.06346901644941082
LGBM,3,0,0,0.18708339781864333
LGBM,3,0,0,0.1590790552414835
LGBM,3,0,0,0.13501410750944015
LGBM,3,0,0,0.41838736196451476
LGBM,3,1,0,0.05827224447346028
LGBM,3,0,0,0.01361055722945759
LGBM,3,0,0,0.14061300273917135
LGBM,3,1,1,0.959860275239223
LGBM,3,0,0,0.046159046181653555
LGBM,3,1,0,0.13679549837589347
LGBM,3,1,0,0.07788791133430852
LGBM,3,1,0,0.382735804320829
LGBM,3,0,0,0.031120869231809928
LGBM,3,1,0,0.43451617244089386
LGBM,3,0,0,0.054973004331321615
LGBM,3,0,0,0.1393789643606789
LGBM,3,0,0,0.19574837605275344
LGBM,3,0,0,0.1228180363213394
LGBM,3,1,0,0.1037967187331956
LGBM,3,0,0,0.0314920997705872
LGBM,3,0,0,0.06431804710804628
LGBM,3,0,0,0.13139139580577422
LGBM,3,1,0,0.046765751926383256
LGBM,3,0,0,0.24153763099023223
LGBM,3,0,1,0.6118880545103964
LGBM,3,0,0,0.21901276254638577
LGBM,3,0,0,0.22424395079965095
LGBM,3,0,0,0.2997142707539965
LGBM,3,0,0,0.08919030411768827
LGBM,3,1,1,0.5804407123195835
LGBM,3,0,0,0.09807571325752644
LGBM,3,0,0,0.07161225242099398
LGBM,3,1,0,0.057739557826439004
LGBM,3,0,0,0.015147148153298678
LGBM,3,1,0,0.1873791951874713
LGBM,3,0,0,0.062482079785739324
LGBM,3,0,0,0.040483043039174375
LGBM,3,0,0,0.035332460109790034
LGBM,3,0,0,0.05593272384309373
LGBM,3,0,0,0.0839027329692927
LGBM,3,0,0,0.3822527796983371
LGBM,3,1,1,0.8860227240198921
LGBM,3,0,0,0.369606936331551
LGBM,3,1,1,0.5881700123817768
LGBM,3,0,0,0.08282355938672142
LGBM,3,0,0,0.12371008506598738
LGBM,3,0,0,0.015268651103030799
LGBM,3,0,0,0.15468462147510492
LGBM,3,0,0,0.160767508520675
LGBM,3,1,0,0.35117694301791225
LGBM,3,0,0,0.18336642734084144
LGBM,3,1,0,0.37617568505920873
LGBM,3,0,0,0.06140237280522042
LGBM,3,0,0,0.05306128259503355
LGBM,3,0,0,0.031025590051459606
LGBM,3,0,0,0.011324653241897829
LGBM,3,0,0,0.06640574201308296
LGBM,3,0,0,0.09667711165440303
LGBM,3,0,0,0.417746526217911
LGBM,3,0,0,0.16585949351231055
LGBM,3,0,1,0.7300439122068839
LGBM,3,0,1,0.5890467624134682
LGBM,3,0,0,0.09236898689077291
LGBM,3,0,0,0.03865276443565908
LGBM,3,0,0,0.014483749993889761
LGBM,3,1,0,0.03460319849840483
LGBM,3,0,0,0.032145584107869024
LGBM,3,0,0,0.39884764433115016
LGBM,3,0,0,0.11591809444410756
LGBM,3,0,0,0.0773255538211685
LGBM,3,0,0,0.149489605979721
LGBM,3,0,0,0.31532482868000566
LGBM,3,0,0,0.07105711318057285
LGBM,3,0,1,0.564342710405604
LGBM,3,0,0,0.051827807765715966
LGBM,3,1,0,0.17954671383195633
LGBM,3,1,0,0.07343350970511711
LGBM,3,0,0,0.14494208743701428
LGBM,3,1,0,0.2461092636814269
LGBM,3,1,0,0.3664319993548701
LGBM,3,1,0,0.11112781272649717
LGBM,3,0,0,0.0314958587653815
LGBM,3,0,0,0.17505252560968945
LGBM,3,0,0,0.2592492786606763
LGBM,3,0,0,0.26232917909543735
LGBM,3,1,1,0.601489189121802
LGBM,3,0,0,0.16183831016027492
LGBM,3,0,0,0.04316644755838645
LGBM,3,0,0,0.17231612174972144
LGBM,3,0,0,0.03160217995757665
LGBM,3,0,1,0.6538253829366485
LGBM,3,1,0,0.13258870474018494
LGBM,3,0,0,0.03530614768996589
LGBM,3,1,0,0.15413556590393573
LGBM,3,0,0,0.04433119534934811
LGBM,3,0,0,0.051640604103978624
LGBM,3,0,0,0.09447794978995878
LGBM,3,0,1,0.6656298836837957
LGBM,3,0,1,0.9113524929335222
LGBM,3,1,0,0.4335908899294138
LGBM,3,0,0,0.05583631590330709
LGBM,3,0,0,0.07723398373050865
LGBM,3,0,0,0.0872235718456899
LGBM,3,0,0,0.12157960809215976
LGBM,3,1,0,0.03175679119486359
LGBM,3,0,0,0.06493184857447226
LGBM,3,0,0,0.04493170394888001
LGBM,3,0,0,0.35609846175526577
LGBM,3,0,0,0.045797386702459086
LGBM,3,0,0,0.012502583978947301
LGBM,3,0,0,0.092272377930113
LGBM,3,0,0,0.03127131215787865
LGBM,3,0,0,0.11965144970490943
LGBM,3,1,0,0.3075832574497916
LGBM,3,0,0,0.33748930087466267
LGBM,3,0,0,0.18117749637276268
LGBM,3,1,0,0.33962562810424163
LGBM,3,1,0,0.4122038116782307
LGBM,3,0,0,0.012370502307834812
LGBM,3,1,0,0.06395283849781389
LGBM,3,0,0,0.00666104060438059
LGBM,3,0,0,0.30125114391606295
LGBM,3,0,0,0.1281602913882262
LGBM,3,0,0,0.46300690309868153
LGBM,3,1,0,0.03204535193889034
LGBM,3,0,0,0.2264488699177625
LGBM,3,0,0,0.07006169598426477
LGBM,3,0,0,0.028051396645419408
LGBM,3,0,0,0.021653627166498265
LGBM,3,0,0,0.19463215413164825
LGBM,3,1,0,0.05788938709802788
LGBM,3,0,0,0.0565265032098367
LGBM,3,0,0,0.11072839481795616
LGBM,3,0,0,0.02200931886139035
LGBM,3,0,0,0.4178169727245736
LGBM,3,1,0,0.15571690925908524
LGBM,3,0,0,0.2750478851155096
LGBM,3,0,1,0.6526341333477259
LGBM,3,0,0,0.06052997453619427
LGBM,3,0,0,0.019222745305321372
LGBM,3,0,0,0.335820453393464
LGBM,3,0,0,0.14359265035985702
LGBM,3,1,1,0.5479327547076399
LGBM,3,0,0,0.08302572828861783
LGBM,3,1,0,0.3130566041288493
LGBM,3,0,0,0.20533519532925645
LGBM,3,0,0,0.3359980172122843
LGBM,3,0,0,0.04686184176497883
LGBM,3,0,0,0.043572737338843835
LGBM,3,0,0,0.2775870596342455
LGBM,3,0,0,0.059882519289091544
LGBM,3,0,0,0.10116852256336112
LGBM,3,0,0,0.01616573482005289
LGBM,3,0,0,0.033379142369475354
LGBM,3,0,0,0.021617206560073026
LGBM,3,0,0,0.10680976249377981
LGBM,3,0,1,0.6098350847062068
LGBM,3,0,0,0.056474275391556694
LGBM,3,0,0,0.24456263407725917
LGBM,3,0,0,0.26941702656963984
LGBM,3,0,0,0.36102665022133246
LGBM,3,0,0,0.3346868883589859
LGBM,3,0,0,0.023037637909299254
LGBM,3,0,0,0.08729428301261087
LGBM,3,0,0,0.032298088519492396
LGBM,3,0,0,0.15243133464962488
LGBM,3,1,0,0.04860037733268735
LGBM,3,0,0,0.08940134145089444
LGBM,3,1,0,0.14681498984762495
LGBM,3,0,0,0.19591610426313721
LGBM,3,0,0,0.01019874578895268
LGBM,3,0,0,0.2841811728225481
LGBM,3,0,0,0.47144705357231853
LGBM,3,1,0,0.23805907499276313
LGBM,3,1,0,0.24546899481967516
LGBM,3,0,0,0.016020490380041646
LGBM,3,0,0,0.13632890282591226
LGBM,3,0,0,0.08446713771937361
LGBM,3,0,0,0.13169637942372672
LGBM,3,1,0,0.19198336393161095
LGBM,3,1,1,0.9139798050329635
LGBM,3,0,0,0.036097523122692286
LGBM,3,0,0,0.18338552862311647
LGBM,3,0,0,0.4432132731104828
LGBM,3,1,0,0.18579148257969014
LGBM,3,0,0,0.032933365618406756
LGBM,3,0,0,0.15205427019007223
LGBM,3,0,0,0.44042737739176785
LGBM,3,1,0,0.3508735214982108
LGBM,3,0,0,0.10711896383527929
LGBM,3,0,0,0.07813372971827215
LGBM,3,0,0,0.06167023220791199
LGBM,3,0,0,0.131541148201407
LGBM,3,0,0,0.08432812373762061
LGBM,3,0,0,0.2749350445379654
LGBM,3,1,0,0.16406638096257475
LGBM,3,0,0,0.2353527026999818
LGBM,3,1,0,0.07855707669974091
LGBM,3,0,0,0.12764592431510235
LGBM,3,0,0,0.32555599246685146
LGBM,3,0,0,0.13550326938902219
LGBM,3,0,0,0.0899477453853085
LGBM,3,0,0,0.3875343951141529
LGBM,3,0,0,0.07221523498364837
LGBM,3,0,0,0.07510634502104678
LGBM,3,0,0,0.09475638539848519
LGBM,3,0,0,0.31420108690074966
LGBM,3,0,0,0.043550628535635225
LGBM,3,0,0,0.029533831683153527
LGBM,3,1,0,0.10272726514290265
LGBM,3,0,0,0.052733434800448994
LGBM,3,0,0,0.06250054432807836
LGBM,3,0,0,0.042132170922963605
LGBM,3,0,0,0.176934937934467
LGBM,3,1,0,0.1401874314600434
LGBM,3,1,0,0.025064582771680614
LGBM,3,0,0,0.23877702009263427
LGBM,3,1,0,0.13764209196789773
LGBM,3,1,0,0.1387799935608309
LGBM,3,0,0,0.07705959547411723
LGBM,3,1,0,0.39238867849817805
LGBM,3,0,0,0.09405083425721802
LGBM,3,0,0,0.06522070721262294
LGBM,3,0,0,0.1408971313504741
LGBM,3,0,0,0.0054778048816513675
LGBM,3,0,0,0.16345934077043064
LGBM,3,0,0,0.09232274241703288
LGBM,3,0,0,0.10915112044396896
LGBM,3,0,0,0.1066819966234099
LGBM,3,0,0,0.46454793170918857
LGBM,3,0,1,0.7746180892844282
LGBM,3,0,0,0.26845987604382726
LGBM,3,0,0,0.07818288191988566
LGBM,3,0,0,0.042298557063545544
LGBM,3,1,0,0.18969531578894772
LGBM,3,0,0,0.10687420200179337
LGBM,3,1,0,0.18316649310635355
LGBM,3,1,1,0.5087100659064059
LGBM,3,0,0,0.3123974999768334
LGBM,3,0,0,0.41910582644954053
LGBM,3,0,0,0.4309908312220584
LGBM,3,1,1,0.653412392664433
LGBM,3,1,0,0.08839490576511155
LGBM,3,0,0,0.33001710079440355
LGBM,3,0,0,0.25676285393996723
LGBM,3,0,0,0.023651786035615973
LGBM,3,0,0,0.014579495724978284
LGBM,3,0,0,0.21011790150901036
LGBM,3,0,0,0.16084189373928665
LGBM,3,0,0,0.13755610172691987
LGBM,3,1,1,0.5018147229961162
LGBM,3,1,1,0.797890741485588
LGBM,3,0,0,0.022301826510520276
LGBM,3,0,0,0.07937684680864904
LGBM,3,0,0,0.03212068244623123
LGBM,3,0,0,0.008176568556652322
LGBM,3,0,0,0.020742799052549075
LGBM,3,0,0,0.49119893874612236
LGBM,3,0,0,0.02950455727181811
LGBM,3,0,0,0.06973467926081195
LGBM,3,0,0,0.19992890742011832
LGBM,3,1,0,0.3980156048509522
LGBM,3,0,0,0.1767108178767388
LGBM,3,0,0,0.28346532862879137
LGBM,3,0,0,0.1577045602597671
LGBM,3,0,0,0.3001302169628522
LGBM,3,0,0,0.1751049851659712
LGBM,3,0,0,0.23482589585304073
LGBM,3,0,0,0.0033713592919992134
LGBM,3,0,0,0.013387317233198996
LGBM,3,0,0,0.33707137590766884
LGBM,3,0,0,0.08021153443507455
LGBM,3,0,0,0.09682785604665398
LGBM,3,0,0,0.03495981500470885
LGBM,3,1,0,0.022546361318437725
LGBM,3,0,0,0.0856826650452968
LGBM,3,0,0,0.15892054858168808
LGBM,3,0,1,0.5198602683776107
LGBM,3,0,0,0.22142462211063607
LGBM,3,0,0,0.021771095941494203
LGBM,3,1,0,0.009292106598404246
LGBM,3,0,0,0.26535798831852725
LGBM,3,0,0,0.04283412973369491
LGBM,3,1,0,0.03323146099885756
LGBM,3,0,0,0.02405955516706774
LGBM,3,0,0,0.03700096694422816
LGBM,3,0,0,0.030117507407764553
LGBM,3,0,0,0.07779811049742058
LGBM,3,0,0,0.10981129769325841
LGBM,3,1,0,0.17419102460118494
LGBM,3,0,0,0.44572345914796474
LGBM,3,0,0,0.24600660193206927
LGBM,3,0,0,0.01060407293579543
LGBM,3,1,0,0.17965249092477023
LGBM,3,0,1,0.8233955223948944
LGBM,3,0,0,0.21027857363110997
LGBM,3,0,0,0.015553226111056329
LGBM,3,1,0,0.059761624332138864
LGBM,3,0,0,0.025102830420785247
LGBM,3,0,0,0.08784353705821173
LGBM,3,0,0,0.3364559234345619
LGBM,3,0,0,0.33309450862920853
LGBM,3,0,0,0.2444133040894962
LGBM,3,0,0,0.1468783341798018
LGBM,3,0,0,0.07695933779433907
LGBM,3,0,0,0.26378651054173347
LGBM,3,0,0,0.07612547741517539
LGBM,3,1,0,0.379037226198592
LGBM,3,0,0,0.06399428237638051
LGBM,3,0,0,0.03702139246133398
LGBM,3,0,0,0.16399483061008674
LGBM,3,0,0,0.10392623643037013
LGBM,3,1,0,0.012183782580795386
LGBM,3,0,0,0.4829196253666203
LGBM,3,0,0,0.4057420507814734
LGBM,3,0,0,0.23167414402831235
LGBM,3,0,0,0.3567466262641269
LGBM,3,1,0,0.24778341266602547
LGBM,3,0,1,0.5651745443624261
LGBM,3,0,1,0.8458834587719831
LGBM,3,0,0,0.14477431719148454
LGBM,3,1,0,0.07198424996986605
LGBM,3,0,0,0.024273523311934324
LGBM,3,0,0,0.1189240375567864
LGBM,3,1,0,0.10392623643037013
LGBM,3,1,1,0.508736810500244
LGBM,3,0,0,0.2925167095166556
LGBM,3,0,0,0.2411193130851371
LGBM,3,1,0,0.19675851584472
LGBM,3,0,0,0.1152458566883908
LGBM,3,0,0,0.02759109408980333
LGBM,3,1,0,0.32377646304010865
LGBM,3,1,1,0.5601199606079212
LGBM,3,0,0,0.39277295093673226
LGBM,3,0,0,0.08570561278534305
LGBM,3,0,0,0.2159954620347393
LGBM,3,1,0,0.1215365778480298
LGBM,3,0,0,0.05062931302189174
LGBM,3,0,0,0.03299907523040732
LGBM,3,0,0,0.013376820162935604
LGBM,3,0,0,0.02491385223381915
LGBM,3,0,0,0.12566834191339427
LGBM,3,0,0,0.21771185498896298
LGBM,3,1,0,0.028424044252806126
LGBM,3,0,0,0.2035586901875704
LGBM,3,1,0,0.03420376610813377
LGBM,3,0,0,0.32449666894072127
LGBM,3,0,0,0.136817806053416
LGBM,3,0,0,0.10582229511410189
LGBM,3,0,0,0.0156565205865335
LGBM,3,0,0,0.0715970826697133
LGBM,3,0,0,0.08809403857225676
LGBM,3,0,0,0.03641573344123257
LGBM,3,1,0,0.14383814089952304
LGBM,3,0,0,0.21277650559717262
LGBM,3,0,0,0.20440543264903735
LGBM,3,0,0,0.0775350310984451
LGBM,3,0,0,0.030671716462034503
LGBM,3,0,0,0.04826353334261066
LGBM,3,0,0,0.21166208826420513
LGBM,3,0,0,0.038526612057262835
LGBM,3,0,0,0.06078838485830586
LGBM,3,0,0,0.06610062746724842
LGBM,3,0,0,0.03095647624784674
LGBM,3,0,0,0.11350793826944364
LGBM,3,0,0,0.08646397382520632
LGBM,3,0,0,0.16407904261375478
LGBM,3,0,0,0.10087959174677576
LGBM,3,0,0,0.021432235144275603
LGBM,3,1,0,0.298043002757768
LGBM,3,1,0,0.3309982738025107
LGBM,3,0,0,0.1455309755026074
LGBM,3,0,0,0.11438352833668196
LGBM,3,0,1,0.7986246994614364
LGBM,3,0,0,0.09922144653144754
LGBM,3,0,0,0.047481848679387616
LGBM,3,0,0,0.08743247514419061
LGBM,3,0,1,0.5536163625273439
LGBM,3,0,0,0.20254155488793235
LGBM,3,0,0,0.06124058836861435
LGBM,3,0,0,0.05356236475260511
LGBM,3,0,0,0.054718938327489926
LGBM,3,0,0,0.15197470919710795
LGBM,3,0,0,0.03281687817188706
LGBM,3,0,0,0.09128123398092593
LGBM,3,1,0,0.16736698210562526
LGBM,3,0,0,0.12265852390350111
LGBM,3,0,0,0.02827393033823645
LGBM,3,0,0,0.2042106991681352
LGBM,3,0,0,0.11467967938489484
LGBM,3,0,0,0.23242334144668164
LGBM,3,0,0,0.061596943315920284
LGBM,3,0,0,0.02428150825953532
LGBM,3,1,0,0.2803119042373049
LGBM,3,1,0,0.2098974826756911
LGBM,3,0,0,0.21199434751177443
LGBM,3,0,0,0.03591862423756068
LGBM,3,0,0,0.05527726691874981
LGBM,3,0,0,0.052388920732529556
LGBM,3,0,0,0.16782376534058022
LGBM,3,0,0,0.03876604547055378
LGBM,3,0,0,0.33511258419448414
LGBM,3,1,0,0.1103557909948536
LGBM,3,1,0,0.06782851277103123
LGBM,3,0,1,0.5001260941724529
LGBM,3,0,0,0.02028839850047731
LGBM,3,1,0,0.09867318233429685
LGBM,3,0,0,0.020328092645140763
LGBM,3,0,0,0.18177490832124732
LGBM,3,0,0,0.24157565940273407
LGBM,3,0,0,0.18003750168883614
LGBM,3,0,0,0.016059216866441097
LGBM,3,0,0,0.11412799526798954
LGBM,3,1,0,0.19651913672394708
LGBM,3,0,0,0.07306997342480251
LGBM,3,0,0,0.10238550014743902
LGBM,3,0,0,0.14141836391088436
LGBM,3,0,0,0.24256479375270276
LGBM,3,1,0,0.11477375438951014
LGBM,3,0,0,0.008651278926919172
LGBM,3,0,0,0.33042016591070805
LGBM,3,0,0,0.013376508470275219
LGBM,3,0,0,0.23600951696266803
LGBM,3,1,0,0.08105427408113319
LGBM,3,0,0,0.01877831063446376
LGBM,3,0,0,0.12590843151264533
LGBM,3,0,0,0.13557434368756013
LGBM,3,1,0,0.06326896665835689
LGBM,3,1,0,0.27740212054660934
LGBM,3,1,0,0.2794804719373259
LGBM,3,0,0,0.010520085036116653
LGBM,3,0,0,0.09162721105947867
LGBM,3,0,0,0.18830562028089937
LGBM,3,0,1,0.6551860602644463
LGBM,3,0,0,0.04662993975615623
LGBM,3,0,0,0.10301218483842416
LGBM,3,0,0,0.3068231894311168
LGBM,3,0,0,0.17637645429172183
LGBM,3,0,0,0.17229431786888053
LGBM,3,0,0,0.3817970410145502
LGBM,3,0,0,0.17396372414710295
LGBM,3,0,0,0.017638965103584422
LGBM,3,0,0,0.3223054039426573
LGBM,3,0,0,0.11723714580273627
LGBM,3,0,0,0.37079871935114556
LGBM,3,0,0,0.04673221522291181
LGBM,3,0,0,0.1836883444866978
LGBM,3,1,0,0.022908517431960557
LGBM,3,0,0,0.36424678721250847
LGBM,3,1,0,0.09155513233327378
LGBM,3,1,0,0.3605454363520756
LGBM,3,0,0,0.08916764167635466
LGBM,3,0,0,0.08174526236372279
LGBM,3,0,0,0.17841523435306175
LGBM,3,1,1,0.5135842244526929
LGBM,3,0,0,0.13419215951721117
LGBM,3,0,1,0.788949083829523
LGBM,3,0,0,0.04769266169334952
LGBM,3,0,0,0.02726122166383975
LGBM,3,0,0,0.028719595706306285
LGBM,3,1,0,0.08717846352037179
LGBM,3,0,1,0.8749719908810804
LGBM,3,0,0,0.040673964611264345
LGBM,3,0,0,0.04044859118965246
LGBM,3,0,0,0.028045397540433618
LGBM,3,1,0,0.11169948406626622
LGBM,3,0,0,0.21437893758564686
LGBM,3,0,0,0.035694796971908645
LGBM,3,0,0,0.07340530701770032
LGBM,3,0,0,0.12491856137994949
LGBM,3,0,1,0.5259482431974778
LGBM,3,0,0,0.3428638291984967
LGBM,3,0,1,0.7306572167949552
LGBM,3,1,1,0.9234471131835352
LGBM,3,0,0,0.03863863039506605
LGBM,3,1,1,0.8286763858655858
LGBM,3,0,0,0.35675602978086596
LGBM,3,0,0,0.2190758937773481
LGBM,3,0,0,0.09491018239178386
LGBM,3,0,0,0.09735157466265798
LGBM,3,0,0,0.04428111761688656
LGBM,3,0,0,0.46227941129971745
LGBM,3,0,0,0.22024740182908548
LGBM,3,0,0,0.44970030453434856
LGBM,3,0,0,0.09079593673158551
LGBM,3,0,0,0.02506494161493167
LGBM,3,1,0,0.18150805879520868
LGBM,3,1,0,0.15507482138655637
LGBM,3,1,1,0.6649308374567529
LGBM,3,0,0,0.020054127771864622
LGBM,3,1,0,0.06896230898807935
LGBM,3,0,0,0.015017696691408598
LGBM,3,1,1,0.6855534358421966
LGBM,3,0,0,0.26275376345766394
LGBM,3,0,0,0.14706527775138084
LGBM,3,0,0,0.03861993873447677
LGBM,3,0,0,0.14810011131588496
LGBM,3,1,0,0.16988425688516995
LGBM,3,0,0,0.19534461736080916
LGBM,3,0,0,0.22976012063631632
LGBM,3,1,0,0.216992883719182
LGBM,3,0,0,0.11908650758271978
LGBM,3,0,0,0.42411401892652834
LGBM,3,0,0,0.43763836077991175
LGBM,3,0,0,0.14168718024759486
LGBM,3,0,0,0.06830094614944021
LGBM,3,0,0,0.022499910296243507
LGBM,3,1,0,0.06542248202522602
LGBM,3,0,1,0.9485421869060113
LGBM,3,0,0,0.0969456189162739
LGBM,3,0,0,0.31890528895067777
LGBM,3,1,0,0.2375227363949526
LGBM,3,1,0,0.4288776754566799
LGBM,3,0,1,0.8510460348701709
LGBM,3,0,0,0.12057841612190281
LGBM,3,1,0,0.009078129885678304
LGBM,3,0,0,0.05231162640574759
LGBM,3,0,0,0.16090855088692574
LGBM,3,1,1,0.7178321018617173
LGBM,3,0,0,0.06400474965694218
LGBM,3,0,0,0.08093755409647467
LGBM,3,1,1,0.8469138238632166
LGBM,3,0,0,0.2031558637929982
LGBM,3,1,0,0.3396665869314835
LGBM,3,0,0,0.20932672953714287
LGBM,3,0,0,0.06726650394857792
LGBM,3,0,0,0.08393602966205299
LGBM,3,0,0,0.019773585965211584
LGBM,3,1,0,0.2711526202647937
LGBM,3,0,0,0.2038318696446336
LGBM,3,1,0,0.06264888767609536
LGBM,3,0,0,0.036694304216664655
LGBM,3,0,0,0.3796041591281929
LGBM,3,0,0,0.1270996408650345
LGBM,3,0,0,0.028143893713872017
LGBM,3,0,0,0.06432113214357817
LGBM,3,0,0,0.158896739554674
LGBM,3,0,0,0.12971328048738823
LGBM,3,0,0,0.08608442827629502
LGBM,3,0,0,0.013315709169719836
LGBM,3,1,0,0.02278217781384389
LGBM,3,0,0,0.026728260109800495
LGBM,3,0,0,0.12914255887777712
LGBM,3,0,0,0.023757728153373004
LGBM,3,0,0,0.05036773292186069
LGBM,3,0,0,0.04745965172674214
LGBM,3,0,0,0.445364264923957
LGBM,3,0,0,0.04430544687876628
LGBM,3,0,0,0.1010137423594906
LGBM,3,1,0,0.2672934793444015
LGBM,3,1,1,0.8708886972009892
LGBM,3,0,0,0.1139089105643638
LGBM,3,0,0,0.3613411404898793
LGBM,3,0,0,0.07772282457727228
LGBM,3,1,0,0.05191779343817735
LGBM,3,0,0,0.3420885698333222
LGBM,3,1,0,0.17041362537709565
LGBM,3,0,0,0.3411282904086054
LGBM,3,0,0,0.02988189510629951
LGBM,3,0,0,0.3501474765372482
LGBM,3,0,1,0.6923935129404617
LGBM,3,0,1,0.8053421498954754
LGBM,3,0,0,0.01651877121569392
LGBM,3,0,0,0.03093657489351736
LGBM,3,0,0,0.0641166161195685
LGBM,3,0,0,0.011176647435510431
LGBM,3,0,0,0.04909093000738801
LGBM,3,0,0,0.05737506783944437
LGBM,3,1,0,0.34519313467599366
LGBM,3,0,0,0.12002758823279754
LGBM,3,1,0,0.22960520414280636
LGBM,3,0,0,0.26087055807566234
LGBM,3,0,0,0.013149749698297823
LGBM,3,0,0,0.4389974978662715
LGBM,3,0,0,0.025641590412204384
LGBM,3,1,0,0.03468135332885993
LGBM,3,0,0,0.29132640405722193
LGBM,3,0,0,0.3337071192223208
LGBM,3,0,0,0.3796132013619167
LGBM,3,0,0,0.08071475098358546
LGBM,3,0,0,0.2798247190941407
LGBM,3,1,0,0.19196188040409665
LGBM,3,0,0,0.30237621853257596
LGBM,3,0,0,0.0594762139946455
LGBM,3,1,1,0.6094516761426167
LGBM,3,1,0,0.12664132916890442
LGBM,3,0,0,0.17633669976320474
LGBM,3,0,0,0.06388057724442217
LGBM,3,0,0,0.4530897500775849
LGBM,3,0,0,0.08536890026951015
LGBM,3,0,0,0.3855038830811533
LGBM,3,0,1,0.5446428692734403
LGBM,3,0,0,0.15397277515064858
LGBM,3,0,0,0.11452158780659714
LGBM,3,0,0,0.18930455049059022
LGBM,3,1,0,0.4910833791506203
LGBM,3,0,0,0.02599127448669469
LGBM,3,0,0,0.02483082871390361
LGBM,3,0,0,0.1169651473273948
LGBM,3,0,0,0.019741490259721165
LGBM,3,0,0,0.11736117494162525
LGBM,3,0,0,0.49834962823538625
LGBM,3,0,0,0.06844442263702612
LGBM,3,0,1,0.583883784632573
LGBM,3,0,0,0.10408767411938043
LGBM,3,0,0,0.09269870163782228
LGBM,3,0,0,0.27342412022555906
LGBM,3,0,0,0.11995491410131727
LGBM,3,0,0,0.19644572249423997
LGBM,3,0,0,0.2794129682007515
LGBM,3,0,0,0.2254896298607955
LGBM,3,1,0,0.16398124519319218
LGBM,3,0,0,0.38924234308599015
LGBM,3,1,0,0.2525842538486494
LGBM,3,0,0,0.07015478482100641
LGBM,3,0,0,0.17397299513770553
LGBM,3,0,0,0.11385355507758141
LGBM,3,0,0,0.12156226433959212
LGBM,3,1,1,0.5354698604694131
LGBM,3,0,0,0.15341253122558185
LGBM,3,1,1,0.677699106383258
LGBM,3,1,0,0.09796524109498118
LGBM,3,1,0,0.2825698713539371
LGBM,3,0,0,0.09677763554283848
LGBM,3,1,0,0.25509152015685166
LGBM,3,0,0,0.08890505747051315
LGBM,3,0,0,0.0609994739246543
LGBM,3,1,0,0.12195392008061487
LGBM,3,0,0,0.0806467091379599
LGBM,3,1,0,0.20702474834956905
LGBM,3,0,0,0.15066887822335856
LGBM,3,0,0,0.33150628047841807
LGBM,3,0,0,0.29903240357120786
LGBM,3,0,0,0.0529667526986034
LGBM,3,1,0,0.08591849708215041
LGBM,3,0,0,0.0745600357858212
LGBM,3,0,0,0.14379597617780246
LGBM,3,0,0,0.36049756837934727
LGBM,3,0,0,0.023541766938604113
LGBM,3,0,0,0.06247684650281313
LGBM,3,0,0,0.02343838206253533
LGBM,3,0,0,0.2533944190629674
LGBM,3,0,1,0.7861124215744562
LGBM,3,0,0,0.3622691949904566
LGBM,3,0,0,0.08958618834202473
LGBM,3,0,0,0.10724355151539139
LGBM,3,0,0,0.035932885723257126
LGBM,3,0,0,0.07540125276627663
LGBM,3,0,0,0.036919154782336164
LGBM,3,0,0,0.07219902140136997
LGBM,3,1,0,0.2184837164572935
LGBM,3,0,0,0.06767203120356596
LGBM,3,1,1,0.923615534292049
LGBM,3,1,0,0.2029061283182704
LGBM,3,0,0,0.03360725826253572
LGBM,3,1,0,0.13530489853506575
LGBM,3,1,0,0.08320285849299261
LGBM,3,0,0,0.16140623581838906
LGBM,3,0,0,0.1274493232155422
LGBM,3,0,1,0.9420257028701392
LGBM,3,0,0,0.09314093850408117
LGBM,3,0,0,0.05854027370079705
LGBM,3,0,0,0.13199884935680303
LGBM,3,0,0,0.022044493399463943
LGBM,3,0,0,0.49019395586663866
LGBM,3,0,0,0.29721973521785267
LGBM,3,0,0,0.07392798401278503
LGBM,3,0,0,0.10018193762262365
LGBM,3,0,0,0.43787483958055123
LGBM,3,0,0,0.012578493667942914
LGBM,3,0,0,0.20165716457362443
LGBM,3,0,0,0.2303114942051009
LGBM,3,0,0,0.06453422845826078
LGBM,3,1,0,0.07992598360626957
LGBM,3,0,0,0.03212193174991979
LGBM,3,0,0,0.18835124762292857
LGBM,3,0,0,0.06387951800426908
LGBM,3,0,0,0.14296101448542442
LGBM,3,1,1,0.7516464740130192
LGBM,3,0,0,0.032209441706679026
LGBM,3,0,0,0.027249212875490078
LGBM,3,0,0,0.13688548034462242
LGBM,3,0,0,0.0008964837640465293
LGBM,3,0,1,0.5057591093803302
LGBM,3,0,0,0.017941357800796726
LGBM,3,0,0,0.15290781107157256
LGBM,3,1,0,0.035942684955116974
LGBM,3,1,0,0.010119009000883288
LGBM,3,1,1,0.6403037078875446
LGBM,3,0,0,0.15995803129584016
LGBM,3,0,0,0.028522585618985907
LGBM,3,0,0,0.0820793447938114
LGBM,3,0,0,0.16000894884222355
LGBM,3,1,0,0.20507964630508416
LGBM,3,0,0,0.1641937728245956
LGBM,3,1,0,0.0850896263961745
LGBM,3,0,0,0.03030706500245983
LGBM,3,0,0,0.05974499754761319
LGBM,3,1,0,0.1833335892226472
LGBM,3,1,1,0.6227219388853461
LGBM,3,0,1,0.820791137808974
LGBM,3,1,0,0.20933318744098725
LGBM,3,0,0,0.021892471296077284
LGBM,3,0,0,0.11540084204654313
LGBM,3,0,0,0.08239707564876807
LGBM,3,0,0,0.12807547583460932
LGBM,3,1,0,0.1349077306087936
LGBM,3,0,0,0.09856938757918614
LGBM,3,0,0,0.1408175039519123
LGBM,3,0,0,0.15303620435784376
LGBM,3,0,0,0.16465430040897117
LGBM,3,0,0,0.03984641511694543
LGBM,3,0,0,0.05885232236905466
LGBM,3,0,0,0.01586870756423753
LGBM,3,0,0,0.00989249524921228
LGBM,3,0,1,0.6861576910606999
LGBM,3,1,1,0.7653406779662192
LGBM,3,0,0,0.1394983420210928
LGBM,3,1,0,0.4253153711230539
LGBM,3,1,0,0.04213246783176153
LGBM,3,0,0,0.307463132306413
LGBM,3,0,0,0.033621967867179914
LGBM,3,0,0,0.05636911565354801
LGBM,3,1,0,0.0668743766072579
LGBM,3,0,0,0.011809969345482719
LGBM,3,1,0,0.19465552348446946
LGBM,3,0,0,0.07535275540307403
LGBM,3,0,0,0.17919769413530484
LGBM,3,0,0,0.06093590594309385
LGBM,3,0,0,0.10456142992112048
LGBM,3,0,0,0.27570099534244813
LGBM,3,0,0,0.12288292590280182
LGBM,3,0,0,0.05658832035629975
LGBM,3,1,1,0.9162034591130148
LGBM,3,0,0,0.11026714706193336
LGBM,3,1,0,0.25318547603531105
LGBM,3,0,0,0.14070570661517637
LGBM,3,0,0,0.07882635513936395
LGBM,3,0,0,0.4179406599101634
LGBM,3,0,0,0.015214897576118002
LGBM,3,0,0,0.08165671522504177
LGBM,3,1,0,0.031827625525540616
LGBM,3,0,0,0.18495635564378324
LGBM,3,1,0,0.17634811693477032
LGBM,3,0,0,0.1357211507303799
LGBM,3,0,0,0.0073308483446345414
LGBM,3,1,0,0.05509581848841372
LGBM,3,0,0,0.06647474292137351
LGBM,3,1,0,0.08960287965173012
LGBM,3,1,0,0.07668015444992123
LGBM,3,1,0,0.05846460148909367
LGBM,3,0,0,0.0158586504484673
LGBM,3,0,0,0.03553848713648034
LGBM,3,1,0,0.40358099311483936
LGBM,3,0,0,0.10799410103718375
LGBM,3,0,1,0.5234701678633871
LGBM,3,1,0,0.22523337621262343
LGBM,3,1,0,0.12518402629104292
LGBM,3,0,0,0.4966443512128484
LGBM,3,0,0,0.2178500404243877
LGBM,3,0,0,0.292106393051966
LGBM,3,0,0,0.2287836200411529
LGBM,3,1,0,0.11547057414597842
LGBM,3,0,0,0.07753398982781706
LGBM,3,0,0,0.11345148367982112
LGBM,3,0,0,0.20289239076417742
LGBM,3,0,0,0.20555082373231354
LGBM,3,0,0,0.12444357393204657
LGBM,3,0,0,0.03308466732289168
LGBM,3,1,0,0.09164523811309065
LGBM,3,0,0,0.21593838808770088
LGBM,3,1,0,0.09210492957789317
LGBM,3,1,0,0.3597175983732627
LGBM,3,1,1,0.9584270089644569
LGBM,3,0,0,0.021955767287016138
LGBM,3,1,0,0.2236474122616818
LGBM,3,0,0,0.0311014866468593
LGBM,3,0,0,0.017709146652869382
LGBM,3,1,0,0.06865442783944581
LGBM,3,0,0,0.12879567455387753
LGBM,3,0,0,0.2258517875819421
LGBM,3,1,1,0.8058552899739352
LGBM,3,0,0,0.4567544394348476
LGBM,3,0,0,0.03520522387556787
LGBM,3,0,0,0.047407035241050076
LGBM,3,1,0,0.389288612172336
LGBM,3,0,0,0.13276719601621828
LGBM,3,0,0,0.09049927846989451
LGBM,3,0,0,0.2710550496608357
LGBM,3,0,0,0.0824230393542419
LGBM,3,1,0,0.09774384798536394
LGBM,3,0,0,0.06704591240123825
LGBM,3,0,0,0.009551908947827708
LGBM,3,0,0,0.17401794771318957
LGBM,3,0,0,0.05020696091816337
LGBM,3,0,0,0.2145437389350734
LGBM,3,0,0,0.009381362623258952
LGBM,3,0,0,0.08665500175720053
LGBM,3,1,1,0.6164925125150107
LGBM,3,1,0,0.2831604947728725
LGBM,3,1,0,0.0786961637858817
LGBM,3,0,0,0.006195019366403618
LGBM,3,1,0,0.13742113092248723
LGBM,3,0,0,0.039685441777421344
LGBM,3,0,0,0.3728338019740867
LGBM,3,0,0,0.05846795709612665
LGBM,3,0,0,0.032721984922634624
LGBM,3,0,0,0.45500763057642263
LGBM,3,0,0,0.021380868602216652
LGBM,3,0,0,0.3460142845779734
LGBM,3,0,0,0.29769880088034045
LGBM,3,0,0,0.1808621290182806
LGBM,3,0,0,0.2550863840308692
LGBM,3,0,0,0.13349417429248014
LGBM,3,0,1,0.6560936826572075
LGBM,3,0,0,0.00853573297747617
LGBM,3,0,0,0.46343810835107446
LGBM,3,0,0,0.0297191822930735
LGBM,3,0,0,0.2584399899593868
LGBM,3,1,0,0.22533370400631828
LGBM,3,0,0,0.02922415284153678
LGBM,3,0,0,0.04671603330016894
LGBM,3,0,0,0.019819388866265233
LGBM,3,0,0,0.20425753555433923
LGBM,3,0,0,0.007125988548578351
LGBM,3,0,0,0.2716706553666531
LGBM,3,0,0,0.030961063975702603
LGBM,3,0,0,0.14016425120409082
LGBM,3,1,0,0.0871648271945428
LGBM,3,0,1,0.871221664813911
LGBM,3,0,0,0.33812170439264005
LGBM,3,0,0,0.01068881315284194
LGBM,3,0,0,0.06438151222777516
LGBM,3,0,0,0.10974259565079171
LGBM,3,0,0,0.06590493000260284
LGBM,3,0,0,0.028316858224478207
LGBM,3,1,0,0.055537141570096205
LGBM,3,0,0,0.208930359178982
LGBM,3,0,0,0.2646246090176213
LGBM,3,0,0,0.024458710315773596
LGBM,3,0,0,0.041755785782250074
LGBM,3,0,0,0.34367016341091705
LGBM,3,0,0,0.02807969966204351
LGBM,3,0,0,0.08598865583552798
LGBM,3,0,0,0.23947574390881438
LGBM,3,1,0,0.14334234347546593
LGBM,3,0,0,0.01613293435263185
LGBM,3,1,0,0.12936570128270608
LGBM,3,0,0,0.1998653239059886
LGBM,3,1,0,0.1659770866018505
LGBM,3,0,0,0.012646671465377268
LGBM,3,0,0,0.029340631013888917
LGBM,3,0,0,0.03982563158358073
LGBM,3,1,0,0.13604128249416575
LGBM,3,0,0,0.010777953622643971
LGBM,3,0,0,0.05057576053408695
LGBM,3,0,0,0.217622574044989
LGBM,3,1,0,0.13805528057532646
LGBM,3,0,0,0.22722544552698434
LGBM,3,0,1,0.5672185972869573
LGBM,3,0,0,0.05367921448213816
LGBM,3,1,0,0.4385053909592176
LGBM,3,0,0,0.040112903745635246
LGBM,3,1,0,0.29165881004762223
LGBM,3,0,0,0.22542320471802593
LGBM,3,0,0,0.014088295387778855
LGBM,3,0,0,0.17995392906992616
LGBM,3,0,0,0.08796521700654993
LGBM,3,0,0,0.09388967525630455
LGBM,3,1,0,0.12921833927367407
LGBM,3,0,0,0.09657163850922619
LGBM,3,0,1,0.8330530018622783
LGBM,3,0,0,0.41150229373930447
LGBM,3,1,0,0.1480238170000858
LGBM,3,0,0,0.035195056470117544
LGBM,3,0,0,0.010745147521511594
LGBM,3,0,0,0.3118078290734269
LGBM,3,0,0,0.10234643403699582
LGBM,3,0,0,0.04237295293513532
LGBM,3,0,0,0.05394056221254355
LGBM,3,0,0,0.4496140428083732
LGBM,3,0,0,0.14624696432571413
LGBM,3,0,0,0.009326766762138445
LGBM,3,0,0,0.19260515541188153
LGBM,3,0,0,0.10744450206701817
LGBM,3,1,0,0.2656910161007904
LGBM,3,0,0,0.03170209376459967
LGBM,3,0,0,0.34377458561773255
LGBM,3,0,0,0.023401683311234562
LGBM,3,0,0,0.17473109929628422
LGBM,3,0,0,0.05102924298957447
LGBM,3,1,0,0.15907968641159317
LGBM,3,0,0,0.07425910771544489
LGBM,3,0,0,0.015458095163111845
LGBM,3,0,0,0.03281255836962013
LGBM,3,0,0,0.25928656263210725
LGBM,3,0,0,0.06859081944751066
LGBM,3,1,0,0.17653021866174412
LGBM,3,0,0,0.06298641678334428
LGBM,3,0,0,0.14187829211995645
LGBM,3,1,0,0.030895227203017753
LGBM,3,0,0,0.175682914380942
LGBM,3,0,0,0.07774960955875486
LGBM,3,0,0,0.033204112958539714
LGBM,3,0,0,0.11268485776532576
LGBM,3,0,1,0.7871922252962317
LGBM,3,0,0,0.08491494201058782
LGBM,3,0,0,0.16027634333745697
LGBM,3,0,1,0.8613914393370802
LGBM,3,0,1,0.9216882689895816
LGBM,3,0,1,0.7652153951501667
LGBM,3,0,0,0.16352147435954442
LGBM,3,0,0,0.03630497671401645
LGBM,3,0,0,0.2732573339238994
LGBM,3,0,0,0.1261287759257586
LGBM,3,0,0,0.29682187048110864
LGBM,3,0,0,0.13096538361985174
LGBM,3,0,0,0.21845194184996683
LGBM,3,0,0,0.10929417434912704
LGBM,3,0,0,0.07301878205510653
LGBM,3,0,0,0.04568297049842947
LGBM,3,0,0,0.009825805856801546
LGBM,3,0,0,0.028066332562932342
LGBM,3,0,0,0.07827626643751652
LGBM,3,0,1,0.854035362326265
LGBM,3,0,0,0.15353512896767962
LGBM,3,0,0,0.16895218706638368
LGBM,3,0,0,0.40679697536586823
LGBM,3,0,0,0.05003393506925701
LGBM,3,0,0,0.2039837219755764
LGBM,3,0,0,0.06519298733242572
LGBM,4,0,1,0.6065677150855646
LGBM,4,0,0,0.06111541716009393
LGBM,4,0,0,0.03216107540037068
LGBM,4,0,0,0.1724996563722596
LGBM,4,1,1,0.5300668542410479
LGBM,4,0,0,0.044834996225775636
LGBM,4,0,0,0.16050257881768473
LGBM,4,0,0,0.022405343024765944
LGBM,4,0,1,0.9714681060899952
LGBM,4,0,0,0.13422464440095866
LGBM,4,0,0,0.24958719141544117
LGBM,4,0,0,0.3000136433618655
LGBM,4,0,0,0.3276086081818055
LGBM,4,0,0,0.044690165815631434
LGBM,4,0,0,0.4939740962399022
LGBM,4,1,0,0.2109381999548611
LGBM,4,1,0,0.0729486222632967
LGBM,4,0,0,0.07802321423092284
LGBM,4,0,0,0.05071681495584898
LGBM,4,0,0,0.05633551578735186
LGBM,4,0,0,0.17563480135481166
LGBM,4,0,0,0.049580308944643825
LGBM,4,0,0,0.027345761327627022
LGBM,4,0,1,0.5133317364155813
LGBM,4,0,0,0.2476489103666239
LGBM,4,0,0,0.2519348877568215
LGBM,4,1,0,0.47953785858860776
LGBM,4,0,0,0.42126875021732096
LGBM,4,0,1,0.5211935972369515
LGBM,4,0,0,0.10700194297327123
LGBM,4,0,0,0.03217789731953526
LGBM,4,0,0,0.06905955545434186
LGBM,4,1,0,0.05328175209657632
LGBM,4,0,1,0.8616771452794164
LGBM,4,1,1,0.9502969861762599
LGBM,4,0,0,0.04788642903287309
LGBM,4,0,0,0.045194923303540094
LGBM,4,0,0,0.012495295731622964
LGBM,4,1,0,0.1798431774079186
LGBM,4,0,0,0.401851166719436
LGBM,4,0,0,0.17855904241885057
LGBM,4,0,0,0.45055663668359547
LGBM,4,0,0,0.39833779300118194
LGBM,4,0,0,0.06894684243039015
LGBM,4,0,0,0.4004395055466563
LGBM,4,0,0,0.09767660053514009
LGBM,4,0,0,0.19273780497123416
LGBM,4,1,1,0.9793781346377297
LGBM,4,0,0,0.22326832436574867
LGBM,4,0,0,0.016537800028929846
LGBM,4,1,0,0.07115504271313232
LGBM,4,1,0,0.2358235012438569
LGBM,4,0,0,0.14860756169323394
LGBM,4,0,0,0.2502045208672319
LGBM,4,0,0,0.12432097957847668
LGBM,4,0,0,0.18351983299971153
LGBM,4,0,1,0.5300156930678965
LGBM,4,0,0,0.06326236859368066
LGBM,4,1,0,0.44690961132457113
LGBM,4,0,0,0.20883809784072707
LGBM,4,0,1,0.5500628154334484
LGBM,4,0,0,0.07895161103167506
LGBM,4,1,0,0.25569351097454357
LGBM,4,1,0,0.02694433037029253
LGBM,4,0,0,0.11265502906708393
LGBM,4,0,0,0.009188984481113296
LGBM,4,0,0,0.18242846742283123
LGBM,4,1,0,0.44843872878057833
LGBM,4,0,0,0.12693533448618857
LGBM,4,0,0,0.2405464794906846
LGBM,4,0,0,0.020230919705197505
LGBM,4,1,0,0.4558892626195233
LGBM,4,1,0,0.0801070288035264
LGBM,4,1,0,0.3971165948877971
LGBM,4,1,0,0.3623915376618899
LGBM,4,0,0,0.056093268218023684
LGBM,4,0,0,0.37618245126808036
LGBM,4,0,0,0.17595837478836437
LGBM,4,0,0,0.080011447752657
LGBM,4,0,0,0.029065228453370447
LGBM,4,0,0,0.2948351775846248
LGBM,4,0,0,0.014663588905504924
LGBM,4,0,0,0.2394570516643543
LGBM,4,0,0,0.13086107102067296
LGBM,4,0,0,0.15112837161951564
LGBM,4,1,0,0.14503982425884174
LGBM,4,1,0,0.2980258841324929
LGBM,4,1,1,0.6914895333314166
LGBM,4,0,0,0.08724486471577536
LGBM,4,0,0,0.14510161817287598
LGBM,4,0,0,0.1967745065142273
LGBM,4,1,0,0.13181372676017666
LGBM,4,0,0,0.10200407988690526
LGBM,4,1,0,0.3440079740532651
LGBM,4,1,1,0.7781421773399323
LGBM,4,0,0,0.04172652520636293
LGBM,4,0,0,0.04503138241313531
LGBM,4,1,0,0.13220640297363997
LGBM,4,0,0,0.029608550132474626
LGBM,4,0,0,0.21870048266243405
LGBM,4,0,0,0.04487439395297666
LGBM,4,0,0,0.0427451021409179
LGBM,4,0,0,0.0868045203572109
LGBM,4,0,0,0.05095025737217635
LGBM,4,0,0,0.09335896171721474
LGBM,4,0,0,0.3590443770350432
LGBM,4,0,0,0.06578685450352927
LGBM,4,0,0,0.1029824887428442
LGBM,4,0,0,0.2757774500746267
LGBM,4,0,0,0.02393807381129869
LGBM,4,0,0,0.051299736226669834
LGBM,4,0,0,0.13952928872895334
LGBM,4,0,0,0.2664117494536515
LGBM,4,0,0,0.1546833973561028
LGBM,4,0,0,0.3074715214690297
LGBM,4,0,0,0.2261914162302632
LGBM,4,0,0,0.2490772885467652
LGBM,4,0,0,0.2638968589964727
LGBM,4,0,0,0.025169260315195785
LGBM,4,0,0,0.37549671332182194
LGBM,4,0,0,0.2497309779237853
LGBM,4,0,0,0.16377933429047972
LGBM,4,0,1,0.5072174064611348
LGBM,4,0,1,0.5444951328821823
LGBM,4,0,0,0.06313296045292097
LGBM,4,0,0,0.06492710784979083
LGBM,4,0,0,0.1882809256991084
LGBM,4,1,0,0.20806893567193258
LGBM,4,1,1,0.9624989146339069
LGBM,4,0,0,0.007639535077965688
LGBM,4,0,0,0.13170710616883813
LGBM,4,0,0,0.24978160489214418
LGBM,4,1,0,0.30901428241316453
LGBM,4,0,0,0.36402083174873656
LGBM,4,0,0,0.00742825282198744
LGBM,4,0,0,0.11102662578387941
LGBM,4,0,0,0.020325209474038135
LGBM,4,0,0,0.03984737343715257
LGBM,4,0,1,0.8700766828716119
LGBM,4,0,0,0.3405569425709286
LGBM,4,0,0,0.03092179601185203
LGBM,4,0,0,0.08478090000860891
LGBM,4,1,0,0.03968391613413617
LGBM,4,0,0,0.03153572887068251
LGBM,4,0,0,0.4032859177221793
LGBM,4,0,0,0.17929552939844598
LGBM,4,0,0,0.44559787348059754
LGBM,4,0,0,0.4459732369217754
LGBM,4,0,0,0.17284916974150139
LGBM,4,0,0,0.2770453503548978
LGBM,4,1,0,0.19453605730118284
LGBM,4,0,0,0.010592357449770141
LGBM,4,0,0,0.04783630984215349
LGBM,4,0,0,0.02091282540396505
LGBM,4,1,0,0.05799176047688056
LGBM,4,0,0,0.15722828238891445
LGBM,4,0,0,0.41974796376281187
LGBM,4,1,0,0.3182836274560631
LGBM,4,0,0,0.14106214400341266
LGBM,4,0,0,0.3678557644008171
LGBM,4,1,0,0.11605002948324952
LGBM,4,0,0,0.045214721268117
LGBM,4,0,0,0.12970244918222743
LGBM,4,1,1,0.6254970462308573
LGBM,4,0,0,0.2764581090115514
LGBM,4,0,0,0.157139255263616
LGBM,4,0,0,0.30012676554715967
LGBM,4,0,0,0.16239215639042281
LGBM,4,0,0,0.04532721774402758
LGBM,4,0,0,0.014727210561861217
LGBM,4,0,0,0.051946389376108376
LGBM,4,0,0,0.12452256450082227
LGBM,4,0,0,0.03769602448859501
LGBM,4,0,0,0.11579280475482764
LGBM,4,1,0,0.02908656957049589
LGBM,4,0,0,0.3586177866232415
LGBM,4,0,0,0.030788948520587205
LGBM,4,0,0,0.053089862733922695
LGBM,4,1,1,0.6308577686011114
LGBM,4,0,0,0.1648187804511274
LGBM,4,0,0,0.13700952915668158
LGBM,4,0,0,0.08880443008657381
LGBM,4,1,0,0.08986259365706617
LGBM,4,0,0,0.4212731889931498
LGBM,4,1,0,0.20366190849366803
LGBM,4,1,1,0.8921671919085884
LGBM,4,0,0,0.06761348885004642
LGBM,4,0,0,0.08215478653866405
LGBM,4,0,1,0.6157470990160621
LGBM,4,0,0,0.0654738296506377
LGBM,4,1,1,0.9856846078405679
LGBM,4,0,0,0.010529616564632655
LGBM,4,0,0,0.038964421088879375
LGBM,4,0,0,0.08860356258705158
LGBM,4,1,0,0.021970597599483745
LGBM,4,0,0,0.40186370507816654
LGBM,4,0,0,0.2516231339620883
LGBM,4,0,0,0.04909281691814961
LGBM,4,0,0,0.01110606778845208
LGBM,4,0,0,0.291868738509086
LGBM,4,0,0,0.14002951386359222
LGBM,4,0,0,0.045812018110294235
LGBM,4,0,0,0.08282267379206687
LGBM,4,1,0,0.07732836478003906
LGBM,4,0,0,0.014167083129386695
LGBM,4,0,0,0.06463651932678617
LGBM,4,0,0,0.36997910115486043
LGBM,4,1,0,0.4190139390594147
LGBM,4,0,0,0.08879744492128247
LGBM,4,0,0,0.03524906479729632
LGBM,4,1,0,0.3960368651020157
LGBM,4,0,0,0.025326910144099865
LGBM,4,0,0,0.030905898806613086
LGBM,4,0,0,0.011168517698671472
LGBM,4,1,1,0.5903600938955362
LGBM,4,0,0,0.019376043150570815
LGBM,4,0,0,0.0861953296393209
LGBM,4,1,1,0.8004558175896752
LGBM,4,0,0,0.12027147724467456
LGBM,4,0,0,0.14119994983359632
LGBM,4,0,0,0.431558203578762
LGBM,4,0,0,0.13425297553078036
LGBM,4,0,0,0.27161157026360916
LGBM,4,1,0,0.08089415666691617
LGBM,4,0,0,0.010695999719807303
LGBM,4,0,0,0.0654860578021958
LGBM,4,0,0,0.1917566248221066
LGBM,4,1,0,0.42025328301691617
LGBM,4,0,0,0.15240337998113967
LGBM,4,1,0,0.05661886111050027
LGBM,4,1,0,0.22399919911908928
LGBM,4,0,0,0.4959055735589682
LGBM,4,0,0,0.05528608270413337
LGBM,4,0,0,0.3740687839778708
LGBM,4,0,0,0.02773202736758879
LGBM,4,0,0,0.025750813558836273
LGBM,4,0,0,0.054992172638220316
LGBM,4,0,0,0.07619582716460759
LGBM,4,0,0,0.15454651672959716
LGBM,4,0,0,0.2822940043060983
LGBM,4,1,0,0.06683185702493731
LGBM,4,0,0,0.03745804260007823
LGBM,4,0,0,0.00579589885833497
LGBM,4,0,0,0.006074606984976061
LGBM,4,0,0,0.024238681155645654
LGBM,4,0,0,0.11297928495279626
LGBM,4,0,0,0.10570384689857693
LGBM,4,0,0,0.45502040444783876
LGBM,4,1,0,0.17956121616221424
LGBM,4,1,0,0.05516593657721238
LGBM,4,0,0,0.05814000152556076
LGBM,4,1,0,0.44982329008035904
LGBM,4,1,1,0.6690108988023175
LGBM,4,1,0,0.27491258803377827
LGBM,4,1,1,0.9866994713699855
LGBM,4,0,0,0.2017959026318701
LGBM,4,0,0,0.05133612357269648
LGBM,4,0,0,0.09652230023803915
LGBM,4,0,1,0.7704733727626248
LGBM,4,0,0,0.07528315099517915
LGBM,4,0,0,0.34398841448173184
LGBM,4,0,0,0.19376463838498836
LGBM,4,1,0,0.043158401436808914
LGBM,4,0,0,0.05684325889590523
LGBM,4,0,0,0.25861363347181365
LGBM,4,0,0,0.01769274141859279
LGBM,4,0,0,0.19732059852789874
LGBM,4,0,0,0.3201626637196542
LGBM,4,0,0,0.11172721382754625
LGBM,4,0,0,0.2863470377058019
LGBM,4,0,1,0.9330058657525684
LGBM,4,0,0,0.4829788995566185
LGBM,4,0,0,0.1250084285935073
LGBM,4,0,0,0.4465478508643184
LGBM,4,0,0,0.12395553403907525
LGBM,4,0,0,0.05018371725357512
LGBM,4,0,0,0.2688130562918487
LGBM,4,0,1,0.8861205543149526
LGBM,4,0,0,0.05375698090128228
LGBM,4,0,0,0.05195936222510874
LGBM,4,0,0,0.12715022679801288
LGBM,4,0,0,0.293070173379539
LGBM,4,0,0,0.007096862830430896
LGBM,4,1,0,0.15233387452516886
LGBM,4,0,0,0.023579567581773243
LGBM,4,1,0,0.21676926038123942
LGBM,4,0,0,0.08097212926591411
LGBM,4,1,0,0.22646276009922459
LGBM,4,0,0,0.03294466144509885
LGBM,4,0,1,0.7264000316899242
LGBM,4,0,0,0.38027259125843543
LGBM,4,0,0,0.15837185512141336
LGBM,4,0,0,0.03844933735057277
LGBM,4,0,1,0.7875523467783012
LGBM,4,0,0,0.3020027457852174
LGBM,4,1,1,0.9526918681924288
LGBM,4,0,0,0.14534770204414374
LGBM,4,0,0,0.25693853172338565
LGBM,4,1,0,0.4696641440990271
LGBM,4,0,0,0.43513111280523625
LGBM,4,1,0,0.13700369358442877
LGBM,4,0,0,0.21290290727656203
LGBM,4,0,0,0.3063959787701847
LGBM,4,0,0,0.28278628153752394
LGBM,4,1,0,0.022992104394047853
LGBM,4,1,0,0.32719354647109083
LGBM,4,1,0,0.2366470302004965
LGBM,4,0,0,0.24420709736748164
LGBM,4,1,0,0.3240525055994406
LGBM,4,0,0,0.26046628450764425
LGBM,4,0,0,0.04214418643651321
LGBM,4,0,0,0.19650744943469683
LGBM,4,1,1,0.5038082067202674
LGBM,4,0,0,0.07605476469156557
LGBM,4,0,0,0.133019206307504
LGBM,4,0,0,0.14032956285190565
LGBM,4,0,0,0.1685995202475354
LGBM,4,0,0,0.2551525188962824
LGBM,4,0,0,0.027437027030926604
LGBM,4,0,0,0.0851904220312401
LGBM,4,0,0,0.006384935138339164
LGBM,4,0,0,0.0693881230165118
LGBM,4,1,0,0.05145300407509538
LGBM,4,0,0,0.055452319194559146
LGBM,4,0,0,0.08405557947200139
LGBM,4,1,0,0.013215316388522403
LGBM,4,0,0,0.11100481326832438
LGBM,4,0,0,0.27749030604717445
LGBM,4,1,0,0.30240614999500176
LGBM,4,0,0,0.02276376969150989
LGBM,4,0,0,0.006324309437546638
LGBM,4,0,0,0.3561303375007704
LGBM,4,1,0,0.2313014419388839
LGBM,4,0,0,0.16541352790057054
LGBM,4,0,0,0.06455954494342256
LGBM,4,0,0,0.1733536450940604
LGBM,4,1,1,0.9847966203086382
LGBM,4,0,0,0.11926082147852385
LGBM,4,0,0,0.04903203558542687
LGBM,4,0,1,0.5446020511895933
LGBM,4,0,1,0.601307412328264
LGBM,4,0,0,0.23719377012467618
LGBM,4,0,0,0.21338709829822408
LGBM,4,1,0,0.4215965123681661
LGBM,4,0,0,0.07095610527819063
LGBM,4,0,0,0.10508204223126363
LGBM,4,0,0,0.33291434590157815
LGBM,4,0,0,0.43371103862126187
LGBM,4,0,0,0.014267602930726788
LGBM,4,0,0,0.13119061550797803
LGBM,4,1,0,0.024606106279295163
LGBM,4,0,0,0.07291312952780149
LGBM,4,0,0,0.03952476177360656
LGBM,4,0,0,0.2272135459093337
LGBM,4,0,0,0.04120610846673895
LGBM,4,0,0,0.15292403519174239
LGBM,4,0,0,0.020011769558201557
LGBM,4,0,0,0.16801005898500568
LGBM,4,0,0,0.06022893832696827
LGBM,4,1,0,0.25412437060165216
LGBM,4,0,0,0.04389902729702496
LGBM,4,1,0,0.08551714501670714
LGBM,4,0,0,0.16486512250825536
LGBM,4,0,0,0.1987176507751241
LGBM,4,0,0,0.47833685847704493
LGBM,4,0,0,0.13232748519293
LGBM,4,0,0,0.27059471695833986
LGBM,4,0,0,0.17577813764391143
LGBM,4,0,0,0.14477013497252908
LGBM,4,0,0,0.025722273015458815
LGBM,4,1,0,0.3515879934257768
LGBM,4,0,0,0.09918030731270583
LGBM,4,0,0,0.316071394479628
LGBM,4,0,0,0.08491196150283638
LGBM,4,0,0,0.03402836789049223
LGBM,4,0,0,0.049553888078055976
LGBM,4,1,0,0.020570439378630477
LGBM,4,1,0,0.03879537268941116
LGBM,4,0,0,0.10480619428521859
LGBM,4,1,0,0.2163189483902802
LGBM,4,1,0,0.23662867487310577
LGBM,4,0,0,0.20099426282551466
LGBM,4,0,0,0.2516260577828962
LGBM,4,0,0,0.0340013649128158
LGBM,4,0,0,0.048221714855112556
LGBM,4,1,0,0.4523801756988485
LGBM,4,0,0,0.21561911507495243
LGBM,4,1,1,0.6689018609067449
LGBM,4,1,0,0.1531790375320447
LGBM,4,1,0,0.3426253518028499
LGBM,4,1,0,0.27381068507577716
LGBM,4,0,0,0.05416440693734762
LGBM,4,0,0,0.38121710134737125
LGBM,4,0,0,0.270940091096612
LGBM,4,0,1,0.7428549997290268
LGBM,4,0,0,0.1192990351967573
LGBM,4,1,0,0.4935996014143197
LGBM,4,0,0,0.029981641643094862
LGBM,4,0,0,0.3058029799651199
LGBM,4,0,0,0.13549677935137908
LGBM,4,0,0,0.23125398499839303
LGBM,4,1,0,0.2842120020081933
LGBM,4,0,0,0.00190750847639166
LGBM,4,0,0,0.2300905062080661
LGBM,4,0,0,0.03371668694860076
LGBM,4,1,0,0.33377661194093905
LGBM,4,0,0,0.10211823685536596
LGBM,4,1,0,0.09706422834797879
LGBM,4,1,0,0.22066726184791974
LGBM,4,0,0,0.016125495767478397
LGBM,4,0,0,0.23833820188209434
LGBM,4,0,0,0.05964301217634176
LGBM,4,0,0,0.13507502656045123
LGBM,4,0,0,0.18193758431212756
LGBM,4,0,0,0.01996102094102611
LGBM,4,0,0,0.112645788516558
LGBM,4,0,0,0.1440897514336469
LGBM,4,0,0,0.23631633224070211
LGBM,4,0,0,0.23987920239059696
LGBM,4,0,0,0.010932167588797628
LGBM,4,0,0,0.1324328734497708
LGBM,4,0,0,0.024954949941194935
LGBM,4,0,0,0.13939561425132763
LGBM,4,0,0,0.39769984280204995
LGBM,4,0,0,0.339538194692661
LGBM,4,0,0,0.13686941008368056
LGBM,4,0,0,0.2895982070969469
LGBM,4,0,0,0.2506169162241248
LGBM,4,0,0,0.05861123682317638
LGBM,4,0,0,0.4248160304958946
LGBM,4,0,0,0.042389929570316294
LGBM,4,0,0,0.2727713329964436
LGBM,4,1,0,0.25734597753784205
LGBM,4,0,0,0.015131221841063469
LGBM,4,0,0,0.08659934164376151
LGBM,4,0,0,0.28039564784719406
LGBM,4,1,0,0.19725860777826806
LGBM,4,0,0,0.039248389227291326
LGBM,4,0,0,0.16379169042433034
LGBM,4,1,0,0.2638782753974883
LGBM,4,0,0,0.11438666902525511
LGBM,4,0,0,0.21720443698895958
LGBM,4,0,0,0.03290122397402386
LGBM,4,0,0,0.06694507450648987
LGBM,4,1,0,0.17869405977381164
LGBM,4,0,0,0.20825014470718076
LGBM,4,0,0,0.24487550885441323
LGBM,4,0,0,0.4524444699275559
LGBM,4,0,0,0.18872745255543913
LGBM,4,0,0,0.20577093573365526
LGBM,4,1,0,0.3058988644947838
LGBM,4,0,0,0.055248841623681384
LGBM,4,0,0,0.03231528953223234
LGBM,4,0,1,0.6759606509784293
LGBM,4,0,1,0.8296169088188549
LGBM,4,0,0,0.015603461967766198
LGBM,4,0,0,0.018449495308936803
LGBM,4,0,0,0.023266882731552557
LGBM,4,0,0,0.10289421010512752
LGBM,4,0,0,0.06469370547289134
LGBM,4,1,0,0.0847054081920446
LGBM,4,0,0,0.061831881656470286
LGBM,4,1,0,0.10476969990850787
LGBM,4,0,0,0.28859401032554516
LGBM,4,0,0,0.028507233579925795
LGBM,4,0,0,0.359479815042348
LGBM,4,0,0,0.11668900282000538
LGBM,4,0,0,0.06186485509384299
LGBM,4,1,1,0.9482893086481639
LGBM,4,0,0,0.07949860453124388
LGBM,4,0,0,0.011550628825786943
LGBM,4,1,0,0.4216262562190354
LGBM,4,0,0,0.009316348772841978
LGBM,4,1,0,0.1635448498748994
LGBM,4,0,0,0.3296056657794455
LGBM,4,0,0,0.11237445695039282
LGBM,4,0,0,0.2758709157451234
LGBM,4,0,0,0.1967288938755533
LGBM,4,0,0,0.030254673428967805
LGBM,4,0,0,0.1520713639336347
LGBM,4,1,1,0.5706651489514011
LGBM,4,0,0,0.3518498555722031
LGBM,4,0,0,0.03408052480186391
LGBM,4,0,0,0.17372856252402064
LGBM,4,0,0,0.026337497288274708
LGBM,4,0,0,0.10876982065602633
LGBM,4,0,1,0.6890657870916891
LGBM,4,1,1,0.9821206797952272
LGBM,4,0,0,0.21772658019698785
LGBM,4,0,0,0.16548881327813764
LGBM,4,0,0,0.013522091060953471
LGBM,4,0,0,0.24739024097872075
LGBM,4,0,0,0.15881541817544853
LGBM,4,0,0,0.05171704036121194
LGBM,4,0,0,0.07006251628418876
LGBM,4,0,0,0.13573587551489796
LGBM,4,0,0,0.08462805355461898
LGBM,4,0,0,0.010885274907565903
LGBM,4,0,0,0.007898137695538316
LGBM,4,1,0,0.4027369502775202
LGBM,4,0,0,0.11211790738828376
LGBM,4,0,0,0.04327935847534655
LGBM,4,0,0,0.010825695685054195
LGBM,4,0,0,0.4456193673098711
LGBM,4,0,0,0.01738071064962834
LGBM,4,1,0,0.18504313074896814
LGBM,4,0,0,0.07406698120492218
LGBM,4,1,0,0.26905527371454346
LGBM,4,1,1,0.6981885338352979
LGBM,4,0,0,0.05469822703191096
LGBM,4,0,0,0.059268040577955365
LGBM,4,0,0,0.11452735377681639
LGBM,4,1,0,0.21625941423347675
LGBM,4,0,0,0.16559874053893398
LGBM,4,0,0,0.0015189765242082033
LGBM,4,0,0,0.32057785177094383
LGBM,4,0,0,0.37929400325560253
LGBM,4,1,1,0.6980177771722059
LGBM,4,0,0,0.0352455998129954
LGBM,4,0,0,0.015277035143028481
LGBM,4,0,0,0.2568546571754204
LGBM,4,0,0,0.05146990012851376
LGBM,4,0,0,0.387752664107567
LGBM,4,0,0,0.1522981400035823
LGBM,4,0,0,0.020963399209115247
LGBM,4,0,0,0.13659165047847768
LGBM,4,0,0,0.0873199035784514
LGBM,4,1,0,0.07766190444493042
LGBM,4,0,0,0.093439055805163
LGBM,4,1,0,0.057400111581063666
LGBM,4,0,0,0.21332762168521344
LGBM,4,0,0,0.05257097298503897
LGBM,4,0,0,0.04451124291114734
LGBM,4,0,0,0.10148416727404952
LGBM,4,0,0,0.03967104319144278
LGBM,4,0,0,0.02693267838835907
LGBM,4,0,0,0.03532479604026725
LGBM,4,0,0,0.12665580211714536
LGBM,4,0,0,0.10606282755282856
LGBM,4,0,0,0.37920023664602315
LGBM,4,0,0,0.03552536062330465
LGBM,4,1,0,0.3411907855451782
LGBM,4,1,0,0.1276760772023848
LGBM,4,0,0,0.3460390038696002
LGBM,4,0,0,0.03335778434479335
LGBM,4,0,0,0.08234589325006388
LGBM,4,1,0,0.39677488103610675
LGBM,4,0,1,0.5750661779111325
LGBM,4,0,1,0.9528660142355404
LGBM,4,1,1,0.6509181789942811
LGBM,4,0,0,0.1432332844110363
LGBM,4,0,0,0.4494158411111991
LGBM,4,0,0,0.0033876814627146787
LGBM,4,1,0,0.20796780374802518
LGBM,4,0,0,0.03345872869780274
LGBM,4,0,0,0.17402056974402255
LGBM,4,0,0,0.14907713424493155
LGBM,4,1,1,0.711021129059691
LGBM,4,0,0,0.05279016028492346
LGBM,4,0,0,0.16973166035860948
LGBM,4,0,1,0.985205181971872
LGBM,4,0,0,0.4384463140337262
LGBM,4,0,0,0.034339524778051654
LGBM,4,0,0,0.20629594790937872
LGBM,4,0,0,0.08525909462747765
LGBM,4,1,0,0.3920423245127879
LGBM,4,0,0,0.24346051928872092
LGBM,4,1,0,0.06535120644754609
LGBM,4,0,1,0.5197355381957881
LGBM,4,0,1,0.575774836949845
LGBM,4,0,0,0.08884528397490417
LGBM,4,0,0,0.13280083788056607
LGBM,4,0,0,0.2760715757258559
LGBM,4,0,0,0.4518252287997002
LGBM,4,0,0,0.14259508319266667
LGBM,4,0,0,0.045202827106400154
LGBM,4,1,1,0.8717431623563033
LGBM,4,0,0,0.06339699288413098
LGBM,4,1,0,0.1916659132840257
LGBM,4,0,0,0.13331463661784368
LGBM,4,1,1,0.8856503084252855
LGBM,4,1,0,0.3299460223801234
LGBM,4,0,0,0.2198820712887618
LGBM,4,0,0,0.04635618030782317
LGBM,4,1,0,0.06948305216509353
LGBM,4,0,0,0.4602600254240121
LGBM,4,1,0,0.10686986503377745
LGBM,4,0,0,0.0506009365840276
LGBM,4,0,0,0.06515234358784802
LGBM,4,0,0,0.2171505757828695
LGBM,4,0,0,0.25393541795670965
LGBM,4,0,0,0.023380650970415976
LGBM,4,0,0,0.3772956543329351
LGBM,4,0,0,0.09242053478537668
LGBM,4,0,0,0.37526398754750484
LGBM,4,0,0,0.19184173938251514
LGBM,4,0,0,0.06302110470044388
LGBM,4,1,0,0.24548642671890344
LGBM,4,1,0,0.18479216738085308
LGBM,4,0,1,0.6937452137090391
LGBM,4,0,1,0.5500085892033584
LGBM,4,0,0,0.12058491485133233
LGBM,4,0,0,0.08369605124744495
LGBM,4,0,0,0.44690961132457113
LGBM,4,0,0,0.08888244041156716
LGBM,4,0,0,0.14865289916494684
LGBM,4,1,0,0.22388771185168838
LGBM,4,0,0,0.007852890159775444
LGBM,4,0,0,0.11085562555872822
LGBM,4,0,0,0.12613564898497245
LGBM,4,0,0,0.011648814845687219
LGBM,4,0,0,0.02162839382321294
LGBM,4,1,1,0.6048231202156312
LGBM,4,1,0,0.4185393153159014
LGBM,4,1,0,0.4385755067034032
LGBM,4,0,0,0.07370570340187114
LGBM,4,0,0,0.20144826566916885
LGBM,4,0,0,0.03300330277121421
LGBM,4,0,1,0.9646214385299323
LGBM,4,0,0,0.03884775991938208
LGBM,4,1,0,0.12818120913882064
LGBM,4,0,0,0.07352276845552179
LGBM,4,0,0,0.1622002038907836
LGBM,4,1,0,0.02967350160980975
LGBM,4,1,0,0.011580529693809193
LGBM,4,0,0,0.2661356098015929
LGBM,4,0,0,0.09350643357662766
LGBM,4,0,0,0.160081226972923
LGBM,4,0,0,0.024125876493571792
LGBM,4,1,0,0.3250829801672067
LGBM,4,1,0,0.15057882692839572
LGBM,4,0,0,0.2128196382076681
LGBM,4,0,0,0.01812754655187011
LGBM,4,0,0,0.06769163026556144
LGBM,4,0,0,0.019899580464120277
LGBM,4,0,0,0.1597702716265149
LGBM,4,0,0,0.1339441485593552
LGBM,4,0,0,0.029664028356228386
LGBM,4,0,1,0.762373655021088
LGBM,4,0,0,0.03696083914064464
LGBM,4,0,0,0.08127519383082273
LGBM,4,0,0,0.024744496315363587
LGBM,4,1,0,0.18118552689029932
LGBM,4,0,0,0.06908160287678843
LGBM,4,0,1,0.7712017135219333
LGBM,4,1,0,0.2565913755688537
LGBM,4,0,1,0.8034134278246963
LGBM,4,1,0,0.08563423565600417
LGBM,4,0,0,0.4888341844842564
LGBM,4,0,0,0.1623740023059408
LGBM,4,1,1,0.5304881451042595
LGBM,4,0,0,0.035673927165505
LGBM,4,0,0,0.20190796838282024
LGBM,4,0,0,0.11028223071390762
LGBM,4,0,0,0.04837523743906138
LGBM,4,0,0,0.014897435043767488
LGBM,4,1,0,0.25079468524154036
LGBM,4,1,0,0.03681855412111105
LGBM,4,1,0,0.31172673057767947
LGBM,4,0,0,0.1428986919744878
LGBM,4,0,0,0.04810163517944433
LGBM,4,0,0,0.02927056303536159
LGBM,4,0,0,0.3080938146889515
LGBM,4,0,0,0.12083448493967427
LGBM,4,0,0,0.1664913549001551
LGBM,4,0,0,0.381255868752373
LGBM,4,0,0,0.33711387217247935
LGBM,4,0,0,0.03941320823340749
LGBM,4,0,0,0.05041293024669776
LGBM,4,0,0,0.09708365562505368
LGBM,4,0,1,0.6301911092638977
LGBM,4,0,0,0.11071218883763977
LGBM,4,0,0,0.019389463023176994
LGBM,4,1,1,0.961560150726323
LGBM,4,0,0,0.02450223037731396
LGBM,4,0,0,0.1211486223033221
LGBM,4,1,0,0.24119465188547187
LGBM,4,1,0,0.024635533360347316
LGBM,4,0,0,0.05841882522670098
LGBM,4,0,0,0.03140166551411111
LGBM,4,1,0,0.1383404512714592
LGBM,4,0,0,0.4482912278981899
LGBM,4,1,0,0.3704203829520322
LGBM,4,0,0,0.13978033996161787
LGBM,4,0,0,0.06404128187071007
LGBM,4,0,0,0.2763204174335916
LGBM,4,1,0,0.06435410295582737
LGBM,4,1,0,0.11901895912808541
LGBM,4,0,0,0.023012844695533975
LGBM,4,0,1,0.7537433664289125
LGBM,4,0,0,0.057080789128918674
LGBM,4,0,0,0.44370503852880033
LGBM,4,0,0,0.06686998301063436
LGBM,4,0,0,0.010157207094303856
LGBM,4,0,0,0.43386323239075686
LGBM,4,0,0,0.143263458766077
LGBM,4,0,0,0.2712991774953859
LGBM,4,1,1,0.6052350698401543
LGBM,4,0,0,0.15490293039474087
LGBM,4,0,0,0.04243691251798705
LGBM,4,1,0,0.31870282142982814
LGBM,4,0,1,0.7607942899372948
LGBM,4,0,0,0.011082788843176795
LGBM,4,0,0,0.1934878214544861
LGBM,4,1,0,0.28126538125174466
LGBM,4,0,0,0.386411196866014
LGBM,4,0,0,0.4681327786895813
LGBM,4,0,0,0.4998099357328756
LGBM,4,0,0,0.1431711915628027
LGBM,4,1,0,0.18724098158881697
LGBM,4,0,0,0.06998771319921991
LGBM,4,0,0,0.14275869697634086
LGBM,4,1,0,0.04294655761587076
LGBM,4,0,0,0.04542833520312029
LGBM,4,0,0,0.046341795820855
LGBM,4,0,0,0.06032397875009349
LGBM,4,1,0,0.20215205175648462
LGBM,4,0,0,0.0939473890464035
LGBM,4,1,0,0.24988135291043884
LGBM,4,0,0,0.013321692257717201
LGBM,4,0,0,0.06055056712002724
LGBM,4,0,0,0.09914942055773569
LGBM,4,1,0,0.041485537089462156
LGBM,4,1,0,0.06340336350283252
LGBM,4,0,0,0.14566150286738172
LGBM,4,0,0,0.02126666494617694
LGBM,4,1,0,0.0915913061932875
LGBM,4,0,0,0.19759688405042164
LGBM,4,0,0,0.3515233310103223
LGBM,4,1,0,0.042704674598441184
LGBM,4,0,0,0.055279729148737564
LGBM,4,0,0,0.16695504107884543
LGBM,4,0,0,0.1629150910471429
LGBM,4,0,0,0.28875115560246833
LGBM,4,1,1,0.6624231559747371
LGBM,4,0,0,0.19066170435500868
LGBM,4,0,0,0.1715921782923445
LGBM,4,1,0,0.29195195884076636
LGBM,4,1,1,0.539158136899672
LGBM,4,0,0,0.07952493689006183
LGBM,4,0,0,0.051142093862626956
LGBM,4,1,0,0.35003815521668313
LGBM,4,0,0,0.15521656882245996
LGBM,4,1,0,0.029440831018080742
LGBM,4,0,0,0.02343673780897671
LGBM,4,0,0,0.02325781839414645
LGBM,4,0,0,0.03492018795007994
LGBM,4,0,0,0.07170687577289328
LGBM,4,1,1,0.6970209122993032
LGBM,4,0,1,0.7090771900623261
LGBM,4,0,0,0.050420567451505756
LGBM,4,0,0,0.2131737915855213
LGBM,4,0,0,0.4011227887377226
LGBM,4,0,0,0.0848536912734372
LGBM,4,0,0,0.009191839795327698
LGBM,4,0,0,0.056694440539634905
LGBM,4,0,0,0.19157600367243816
LGBM,4,1,1,0.8834783097500674
LGBM,4,0,0,0.09867911784930822
LGBM,4,1,0,0.183217890043176
LGBM,4,0,0,0.11649337106416059
LGBM,4,1,0,0.4642286822591512
LGBM,4,1,0,0.02585765733378402
LGBM,4,0,0,0.10449960392879208
LGBM,4,0,0,0.10008183970952904
LGBM,4,0,0,0.09888716305741975
LGBM,4,0,0,0.18651661740904926
LGBM,4,0,0,0.419415557002877
LGBM,4,0,0,0.07777992058634285
LGBM,4,0,0,0.07833114617788832
LGBM,4,0,0,0.048734534687794
LGBM,4,0,0,0.04140397766115336
LGBM,4,1,0,0.11838184118609223
LGBM,4,0,0,0.017115737989967093
LGBM,4,0,0,0.19242666961976423
LGBM,4,1,0,0.06332186305252221
LGBM,4,0,0,0.11854378087304503
LGBM,4,0,0,0.0803680208245221
LGBM,4,0,0,0.0847596753709459
LGBM,4,1,0,0.2842488140544804
LGBM,4,0,0,0.05214616237009789
LGBM,4,0,0,0.10252854339838806
LGBM,4,0,0,0.02334063309966166
LGBM,4,0,0,0.33933234073085433
LGBM,4,0,0,0.11027123469449841
LGBM,4,0,0,0.1074371920106109
LGBM,4,0,0,0.18919760138476785
LGBM,4,1,0,0.0876853018884912
LGBM,4,0,0,0.10255848391684107
LGBM,4,0,0,0.24874015170576239
LGBM,4,0,0,0.01130469915405634
LGBM,4,0,0,0.13971035352875927
LGBM,4,1,1,0.5636097586663985
LGBM,4,0,0,0.05000665444108574
LGBM,4,0,0,0.047265705919245664
LGBM,4,1,0,0.20734221982392914
LGBM,4,0,0,0.25120735722913545
LGBM,4,1,0,0.211634500208079
LGBM,4,1,0,0.46117919791246975
LGBM,4,0,0,0.2243856349646358
LGBM,4,0,0,0.12550073819182064
LGBM,4,0,0,0.0124428799046687
LGBM,4,0,0,0.2190860930670813
LGBM,4,0,0,0.23792166988223082
LGBM,4,0,0,0.02096991020001336
LGBM,4,0,0,0.008113059839109928
LGBM,4,1,0,0.04630490538352136
LGBM,4,0,0,0.20685732419515548
LGBM,4,0,0,0.26012133097713624
LGBM,4,0,0,0.380570776027636
LGBM,4,0,0,0.09951105827901148
LGBM,4,0,0,0.0913317124124054
LGBM,4,0,0,0.12118403084805103
LGBM,4,0,0,0.27076600081604846
LGBM,4,0,1,0.5425800702256102
LGBM,4,1,0,0.06006717996534772
LGBM,4,0,0,0.1391419348985118
LGBM,4,0,0,0.05093921338854402
LGBM,4,0,0,0.16858703599445002
LGBM,4,0,0,0.03900627599115789
LGBM,4,0,0,0.0031015974542873276
LGBM,4,0,0,0.03529444099716865
LGBM,4,0,0,0.11901439581462865
LGBM,4,0,0,0.2181979193790715
LGBM,4,0,0,0.19501323630641282
LGBM,4,0,0,0.054346296532127324
LGBM,4,0,0,0.11945093274347952
LGBM,4,0,0,0.017667138199387835
LGBM,4,0,0,0.10806248494694441
LGBM,4,0,0,0.06866630185291003
LGBM,4,0,0,0.036799849883467003
LGBM,4,1,0,0.04824167012559485
LGBM,4,0,1,0.9444925752798797
LGBM,4,0,0,0.04803581825179716
LGBM,4,0,1,0.668292015895028
LGBM,4,0,0,0.13514428322622243
LGBM,4,0,0,0.043909659224570734
LGBM,4,1,0,0.12516113175908064
LGBM,4,0,0,0.01640265391483921
LGBM,4,1,1,0.530553598385018
LGBM,4,0,0,0.08753106595410468
LGBM,4,1,0,0.12680819985899916
LGBM,4,0,0,0.07015631691209748
LGBM,4,1,0,0.17247531102578878
LGBM,4,1,0,0.1526747667587567
LGBM,4,1,0,0.152217950450638
LGBM,4,0,0,0.008856577739102686
LGBM,4,0,0,0.09066099502689809
LGBM,4,0,0,0.024547429907623288
LGBM,4,0,0,0.05839651776771538
LGBM,4,0,0,0.02689470981258957
LGBM,4,1,0,0.0009660728678590731
LGBM,4,1,1,0.806064018708245
LGBM,4,0,0,0.013994627390053426
LGBM,4,0,0,0.21751266831671864
LGBM,4,0,0,0.16171031910848216
LGBM,4,0,1,0.6191379495253139
LGBM,4,0,0,0.21985819548842245
LGBM,4,0,0,0.10705517735723033
LGBM,4,0,0,0.4249570135277985
LGBM,4,0,0,0.06180649198529376
LGBM,4,0,0,0.3309810415075327
LGBM,4,0,0,0.18058509339726941
LGBM,4,0,0,0.0966399322025425
LGBM,4,1,1,0.603500963371489
LGBM,4,0,0,0.25891416006500506
LGBM,4,0,0,0.013613342586768948
LGBM,4,1,0,0.14643639691404503
LGBM,4,0,0,0.009139230083996377
LGBM,4,0,0,0.36097062438566774
LGBM,4,1,1,0.6124433797455784
LGBM,4,1,0,0.3674080372938781
LGBM,4,1,1,0.7943347884376686
LGBM,4,0,1,0.6916317548593894
LGBM,4,0,0,0.09427577246574011
LGBM,4,0,1,0.9109449091436785
LGBM,4,0,0,0.2936845948377056
LGBM,4,0,0,0.002996183280858685
LGBM,4,0,0,0.09263537931016942
LGBM,4,1,1,0.6167392668183997
LGBM,4,0,0,0.010511610162621001
LGBM,4,0,0,0.1860210659780012
LGBM,4,0,0,0.09805108294301954
LGBM,4,0,0,0.13425797842694773
LGBM,4,0,0,0.01380536362904128
LGBM,4,0,0,0.29199092338065036
LGBM,4,0,1,0.5354661732532338
LGBM,4,0,0,0.22216995183226404
LGBM,4,0,0,0.006813703317149783
LGBM,4,0,0,0.08589632219366479
LGBM,4,0,0,0.42870210384787816
LGBM,4,0,0,0.08372185567905586
LGBM,4,1,0,0.0600155825356474
LGBM,4,0,0,0.25935014893995006
LGBM,4,1,0,0.35948047377428616
LGBM,4,1,0,0.16471007305211713
LGBM,4,0,0,0.07222312004200034
LGBM,4,0,0,0.1571883150748176
LGBM,4,1,0,0.29967612077379396
LGBM,4,0,0,0.0746926024094582
LGBM,4,1,1,0.8987805199897319
LGBM,4,1,0,0.11142077136305015
LGBM,4,1,0,0.14475362868929625
LGBM,4,0,0,0.08229223856467767
LGBM,4,0,0,0.006246180088581269
LGBM,4,0,1,0.7007652583900763
LGBM,4,1,0,0.21741943318304613
LGBM,4,0,0,0.24601153468137904
LGBM,4,0,0,0.020274243014782072
LGBM,4,1,0,0.396642283360524
LGBM,4,1,0,0.05514953294461439
LGBM,4,0,0,0.021970597599483745
LGBM,4,0,0,0.08351590766525516
LGBM,4,0,0,0.48580253287874053
LGBM,4,0,0,0.039559573250971015
LGBM,4,0,0,0.031091125829433058
LGBM,4,0,0,0.1587620985377963
LGBM,4,0,0,0.0556547790996372
LGBM,4,0,1,0.6297075435678773
LGBM,4,0,0,0.12330939098531458
LGBM,4,1,0,0.09691390694506813
LGBM,4,1,0,0.21631678871266277
LGBM,4,1,0,0.19968698259491996
LGBM,4,1,0,0.3502933981137539
LGBM,4,0,1,0.5868748412243242
LGBM,4,0,0,0.10770649984268944
LGBM,4,0,0,0.1564186317962895
LGBM,4,0,0,0.11980312956232647
LGBM,4,1,1,0.8647682506068315
LGBM,4,1,0,0.058725762494465164
LGBM,4,0,0,0.11912142098789123
LGBM,4,0,0,0.1966274476049911
LGBM,4,0,0,0.02794752043596217
LGBM,4,1,1,0.7496300579436893
LGBM,4,0,0,0.4245610679874265
LGBM,4,0,0,0.37105482020289776
LGBM,4,0,1,0.5475498050606461
LGBM,4,0,0,0.08789402363378333
LGBM,4,0,0,0.3999057610884826
LGBM,4,0,0,0.13744808175431464
LGBM,4,0,0,0.07922629401245528
LGBM,4,0,0,0.14043442176916632
LGBM,4,0,0,0.004461088293959581
LGBM,4,0,0,0.15265166563669733
LGBM,4,0,0,0.07880445171826046
LGBM,4,0,0,0.2784743854346492
LGBM,4,1,0,0.03942544259496871
LGBM,4,0,0,0.23743576731352548
LGBM,4,0,0,0.2003629360639746
LGBM,4,0,0,0.1569504624961264
LGBM,4,0,0,0.09449110461982056
LGBM,4,0,0,0.06728437033932813
LGBM,4,0,1,0.8108144369944345
LGBM,4,0,0,0.03173326720907797
LGBM,4,0,0,0.013471736743398213
LGBM,4,0,0,0.16024902778192518
LGBM,4,1,0,0.4538552130253327
LGBM,4,0,0,0.1563063423823348
LGBM,4,0,0,0.12686142251231955
LGBM,4,0,0,0.31093339081122284
LGBM,4,1,0,0.10147900414188889
LGBM,4,0,0,0.016142556281218117
LGBM,4,0,0,0.0808908608895514
LGBM,4,0,0,0.03751296093668661
LGBM,4,0,0,0.09928147161510553
LGBM,4,0,0,0.013440329425690161
LGBM,4,1,0,0.26615697684872
LGBM,4,0,0,0.14476458345204915
LGBM,4,0,0,0.009527449810834965
LGBM,4,1,1,0.7244214666423114
LGBM,4,0,0,0.06719229853827
LGBM,4,0,0,0.013566017542577882
LGBM,4,0,0,0.33390576334261746
LGBM,4,1,1,0.6635384085973698
LGBM,4,0,0,0.187786646269281
LGBM,4,1,0,0.15786844625408147
LGBM,4,0,0,0.09164584458555966
LGBM,4,1,0,0.1431225675148345
LGBM,4,0,0,0.021880862924097473
LGBM,4,0,0,0.026847541133666594
LGBM,4,1,0,0.4563927406387878
LGBM,4,0,0,0.0787405690947711
LGBM,4,0,0,0.08333448472066093
LGBM,4,1,0,0.06088853966396064
LGBM,4,0,0,0.044311612779475505
LGBM,4,1,0,0.4185338311901177
LGBM,4,1,0,0.28307525281162504
LGBM,4,0,0,0.17831812887997803
LGBM,4,0,0,0.25742654257588826
LGBM,4,0,1,0.8786134617933916
LGBM,4,0,0,0.061541099211233984
LGBM,4,1,0,0.1460786045714205
LGBM,4,0,0,0.04437535871629365
LGBM,4,0,1,0.8448887658861521
LGBM,4,1,0,0.013885054747588624
LGBM,4,0,1,0.6569037294392474
LGBM,4,0,0,0.4738572432782224
LGBM,4,1,1,0.8500846267707253
LGBM,4,0,0,0.0764825369804253
LGBM,4,1,0,0.32083308584111264
LGBM,4,1,0,0.01510430942344709
LGBM,4,0,0,0.3018114073644963
LGBM,4,0,0,0.08550571106138176
LGBM,4,0,0,0.16905132669464434
LGBM,4,0,0,0.10965101475500137
LGBM,4,0,1,0.7747758387246102
LGBM,4,0,0,0.2103347674549344
LGBM,4,1,0,0.10285346028708307
LGBM,4,1,1,0.9085679216167594
LGBM,4,1,0,0.019866458991630195
LGBM,4,0,0,0.31644543135693604
LGBM,4,0,0,0.059044578353822305
LGBM,4,0,0,0.07223181902914173
LGBM,4,1,0,0.05133612357269648
LGBM,4,1,0,0.41340285251480163
LGBM,4,0,1,0.8754879379292726
LGBM,4,0,0,0.4959426673705949
LGBM,4,0,1,0.5085328430429987
LGBM,4,0,0,0.1374871949087313
LGBM,4,0,0,0.4432709959691506
LGBM,4,0,0,0.030092530736425416
LGBM,4,0,0,0.09041103984436386
LGBM,4,0,0,0.09378496318686966
LGBM,4,0,0,0.038828927340809345
LGBM,4,0,0,0.06345623216263459
LGBM,4,0,1,0.5741800875785108
LGBM,4,1,0,0.1634167555328539
LGBM,4,0,0,0.3509149825575682
LGBM,4,0,0,0.11785691133615211
LGBM,4,0,0,0.2453628597763439
LGBM,4,1,0,0.2163058629952794
LGBM,4,0,0,0.4584943846341586
LGBM,4,1,0,0.18035525489389168
LGBM,4,0,0,0.4119909900692962
LGBM,4,0,0,0.0019267575564102344
LGBM,4,0,0,0.07572234713041377
LGBM,4,0,0,0.025134378030381512
LGBM,4,0,0,0.15532873549303677
LGBM,4,0,0,0.027670517433901885
LGBM,4,1,0,0.03681749767741836
LGBM,4,0,1,0.6106326176113299
LGBM,4,0,0,0.015372331241006756
LGBM,4,0,0,0.16984566702514595
LGBM,4,0,0,0.02310311936777558
LGBM,4,1,0,0.33862193905244153
LGBM,4,0,0,0.24317287721909644
LGBM,4,0,0,0.04789019020165572
LGBM,4,0,0,0.03190871117313444
LGBM,4,0,0,0.16365805363903416
LGBM,4,0,0,0.07149426356233739
LGBM,4,0,0,0.15261990161297984
LGBM,4,1,0,0.4100024680765153
LGBM,4,0,0,0.06639476635133708
LGBM,4,0,0,0.13248427564655785
LGBM,4,0,0,0.062370677444324826
LGBM,4,0,0,0.0673729279720577
LGBM,4,0,1,0.7264000316899242
LGBM,4,0,0,0.3748553240986138
LGBM,4,0,0,0.03753931277701941
LGBM,4,0,0,0.4445498447891715
LGBM,4,0,0,0.01915177250769772
LGBM,4,0,1,0.9699654564742842
LGBM,4,0,0,0.03670675535075152
LGBM,4,0,0,0.062302904517053496
LGBM,4,0,0,0.0030357050240157
LGBM,4,0,0,0.3558808898654091
LGBM,4,1,0,0.2866333945388664
LGBM,4,1,1,0.6683195918426711
LGBM,4,1,0,0.47929263794065374
LGBM,4,1,0,0.34415571374842563
LGBM,4,0,0,0.040059183838630004
LGBM,4,0,0,0.4791107757142317
LGBM,4,0,0,0.3560714464741685
LGBM,4,0,0,0.06067055108166645
LGBM,4,1,1,0.9605200183597371
LGBM,4,0,0,0.0908011462065325
LGBM,4,0,0,0.1675808344424861
LGBM,4,0,0,0.0075177957465824815
LGBM,4,0,0,0.023071987514197163
LGBM,4,1,0,0.04835295787736684
LGBM,4,1,0,0.1619082795724367
LGBM,4,0,0,0.16540607355898168
LGBM,4,0,0,0.14988607133597204
LGBM,4,0,0,0.012895912290810612
LGBM,4,0,0,0.15644143858364246
LGBM,4,0,1,0.7615891497360833
LGBM,4,1,0,0.2986567769540872
LGBM,4,1,0,0.49347910674904977
LGBM,4,0,0,0.22706956278690302
LGBM,4,0,0,0.2930839925286062
LGBM,4,0,1,0.9742227359841329
LGBM,4,0,1,0.9413412719074679
LGBM,4,0,0,0.06717672471623214
LGBM,4,0,0,0.0927965947336898
LGBM,4,0,0,0.009930244349988817
LGBM,4,0,0,0.12547719177351394
LGBM,4,1,0,0.08279761046963922
LGBM,4,0,0,0.26567519891765756
LGBM,4,1,0,0.2234045993832471
LGBM,4,0,0,0.11421267989342257
LGBM,4,0,0,0.11506494288263655
LGBM,4,0,0,0.03373476249634041
LGBM,4,1,1,0.7378806826079536
LGBM,4,0,0,0.23685121014612873
LGBM,4,0,0,0.17786368691475582
LGBM,4,0,0,0.21933793410258515
LGBM,4,0,0,0.23726945795801271
LGBM,4,0,0,0.2626989460918865
LGBM,4,1,0,0.033697543304511524
LGBM,4,0,0,0.10580660762574572
LGBM,4,0,0,0.10927174619165099
LGBM,4,0,0,0.22344809888535352
LGBM,4,0,1,0.6013892306092591
LGBM,4,0,0,0.30413875217414205
LGBM,4,0,0,0.0854545330446063
LGBM,4,0,1,0.5876426584250057
LGBM,4,0,0,0.10768901374922776
LGBM,4,1,0,0.07747677246996745
LGBM,4,0,0,0.27407830941206707
LGBM,4,0,0,0.2368073691900444
LGBM,4,1,0,0.41791086054125864
LGBM,4,0,0,0.012345303082755468
LGBM,4,0,0,0.08000108665679478
LGBM,4,0,0,0.27104951415399064
LGBM,4,1,1,0.800367249940255
LGBM,4,0,0,0.2957898404690627
LGBM,4,1,0,0.1273224732187391
LGBM,4,0,0,0.006505015392195983
LGBM,4,0,0,0.2792659501740372
LGBM,4,0,0,0.10545718830619721
LGBM,4,0,0,0.060792839248187576
LGBM,4,0,0,0.4094492036188794
LGBM,4,0,0,0.18362952569837646
LGBM,4,0,0,0.082053291177781
LGBM,4,0,0,0.10198414874757718
LGBM,4,0,0,0.011162217093800804
LGBM,4,0,0,0.06596978398134154
LGBM,4,0,0,0.29032815799916817
LGBM,4,0,0,0.3819557836337598
LGBM,4,0,0,0.17048664648570555
LGBM,4,0,0,0.13650987567191755
LGBM,4,0,0,0.07103951199638585
LGBM,4,0,0,0.29192990095949606
LGBM,4,1,0,0.06648999745430027
LGBM,4,0,0,0.037529315459185426
LGBM,4,0,0,0.09678492134098707
LGBM,4,0,0,0.05555062218249883
LGBM,4,0,0,0.002782197765940964
LGBM,4,1,0,0.16383507653645935
LGBM,4,0,0,0.0734273958304523
LGBM,4,0,0,0.14549423204274556
LGBM,4,0,0,0.06888339001084103
LGBM,4,1,0,0.037243593325557475
LGBM,4,1,1,0.6503647624634996
LGBM,4,0,0,0.023290136521259185
LGBM,4,1,1,0.5157222621416633
LGBM,4,0,0,0.4762264644394874
LGBM,4,0,0,0.025005582092049592
LGBM,4,0,0,0.16580283466676968
LGBM,4,0,0,0.058463787300513895
LGBM,4,0,0,0.05587135446348723
LGBM,4,0,0,0.10043029679760354
LGBM,4,0,0,0.08701377330854734
LGBM,4,0,0,0.3773308333185595
LGBM,4,0,0,0.0495224778752066
LGBM,4,0,0,0.1886061865846381
LGBM,4,1,0,0.3293144154643988
LGBM,4,0,0,0.08815527315190133
LGBM,4,0,0,0.08084262690916097
LGBM,4,0,0,0.07944871340505774
LGBM,4,1,0,0.3165843888213745
LGBM,4,0,0,0.03562785564683312
LGBM,4,1,0,0.28278628153752394
LGBM,4,0,0,0.026950417724765346
LGBM,4,0,0,0.0871587904134751
LGBM,4,0,0,0.3564362084156181
LGBM,4,0,0,0.028062324016120126
LGBM,4,1,1,0.536634431963088
LGBM,4,1,0,0.28179751753547677
LGBM,4,0,0,0.11000970638420858
LGBM,4,0,0,0.12792271697482946
LGBM,4,0,0,0.049963686833412665
LGBM,4,0,0,0.320524910656906
LGBM,4,0,0,0.1760751773469716
LGBM,4,0,0,0.0168746487361846
LGBM,4,1,0,0.18904725249502527
LGBM,4,0,0,0.017995924159462426
LGBM,4,0,0,0.030497436167383884
LGBM,4,0,0,0.3133436234844792
LGBM,4,0,0,0.3025141623225978
LGBM,4,0,0,0.04300085691475132
LGBM,4,0,0,0.0724568537078667
LGBM,4,1,1,0.8135814047098251
LGBM,4,0,0,0.10551930892858259
LGBM,4,0,0,0.05556202672126667
LGBM,4,0,0,0.0780765409224017
LGBM,4,0,0,0.05249606487730153
LGBM,4,0,0,0.1335335833163492
LGBM,4,0,0,0.09778705306506956
LGBM,4,0,0,0.2567392943296538
LGBM,4,0,0,0.22073617977680074
LGBM,4,0,0,0.007015727513079726
LGBM,4,0,0,0.1892603809322162
LGBM,4,0,0,0.2028329165760142
LGBM,4,0,0,0.17167060613957966
LGBM,4,1,0,0.4575958302154528
LGBM,4,1,1,0.6193066534851672
LGBM,4,0,0,0.023831072300575257
LGBM,4,0,0,0.06981734457631399
LGBM,4,0,0,0.04811253723917323
LGBM,4,0,0,0.26912217492616247
LGBM,4,0,0,0.05606229479668952
LGBM,4,1,0,0.05275732671919924
LGBM,4,0,0,0.06435169430324714
LGBM,4,0,1,0.5260830486073416
LGBM,4,1,1,0.5418292663347709
LGBM,4,0,0,0.07331853583826557
LGBM,4,1,0,0.21639990657532548
LGBM,4,1,0,0.21434763763780806
LGBM,4,1,0,0.16749319806311727
LGBM,4,0,0,0.13948895501119635
LGBM,4,0,0,0.07547902551020375
LGBM,4,0,0,0.201440366334375
LGBM,4,0,0,0.03480907902587379
LGBM,4,0,0,0.0475923180923058
LGBM,4,0,0,0.013213275805699
LGBM,4,0,0,0.12007078695260054
LGBM,4,1,0,0.17198311898545113
LGBM,4,0,0,0.2678631352208634
LGBM,4,0,0,0.2204348079147722
LGBM,4,0,0,0.12570381670297728
LGBM,4,0,0,0.11545304286263572
LGBM,4,0,0,0.0692687939253239
LGBM,4,0,1,0.8299181036378322
LGBM,4,0,0,0.15551891809927706
LGBM,4,1,0,0.09987377865565167
LGBM,4,0,0,0.08535673167771864
LGBM,4,1,0,0.46862673439785246
LGBM,4,0,0,0.020823566855357453
LGBM,4,1,0,0.15804584333700009
LGBM,4,1,1,0.701794964456309
LGBM,4,0,0,0.09748339295369557
LGBM,4,1,0,0.044142223710948975
LGBM,4,0,0,0.03225625983297425
LGBM,4,0,0,0.02999897201842295
LGBM,4,0,0,0.04401121525949135
LGBM,4,1,0,0.13095606482398695
LGBM,4,0,0,0.0694315098111343
LGBM,4,0,1,0.8157451435159067
LGBM,4,0,0,0.11607701086323195
LGBM,4,0,0,0.15429865905894197
LGBM,4,1,0,0.3835893189805222
LGBM,4,0,0,0.06625243689275481
LGBM,4,0,0,0.03645279300799284
LGBM,4,0,0,0.16970343597047569
LGBM,4,0,0,0.11289169253850571
LGBM,4,0,0,0.22274574231410266
LGBM,4,0,1,0.7229979794955997
LGBM,4,0,0,0.05975846886503704
LGBM,4,0,0,0.14579331648708618
LGBM,4,0,0,0.0905912619771902
LGBM,4,0,0,0.04982673444376751
LGBM,4,1,0,0.09632500691279108
LGBM,4,0,0,0.01143822168840054
LGBM,4,0,0,0.08011760530779016
LGBM,4,0,0,0.12670892365823652
LGBM,4,0,0,0.06572210376990241
LGBM,4,0,0,0.005799904522398017
LGBM,4,1,0,0.11570937366035096
LGBM,4,1,0,0.09126748657652153
LGBM,4,0,0,0.05424766324215339
LGBM,4,1,1,0.5929078328324582
LGBM,4,0,0,0.010620499115079259
LGBM,4,0,0,0.11655392594785714
LGBM,4,0,0,0.3465459442642125
LGBM,4,0,0,0.1478127563062369
LGBM,4,0,0,0.12173179214190465
LGBM,4,0,0,0.2726804366713908
LGBM,4,0,0,0.048187249053630414
LGBM,4,0,0,0.3683352380011158
LGBM,4,0,0,0.04636465056534776
LGBM,4,0,0,0.12891121557779084
LGBM,4,0,0,0.07477879523497423
LGBM,4,0,0,0.005220742917970511
LGBM,4,1,0,0.46031182888834965
LGBM,4,1,0,0.335881980383768
LGBM,4,0,0,0.0431938914222994
LGBM,4,0,0,0.0730323416882045
LGBM,4,1,0,0.23314272084571416
LGBM,4,0,0,0.099899727677264
LGBM,4,0,0,0.13966782340630488
LGBM,4,0,0,0.022336799068494798
LGBM,4,0,0,0.1990801630145806
LGBM,4,1,0,0.01629795739646181
LGBM,4,0,0,0.3571907726033741
LGBM,4,0,0,0.19963207103337272
LGBM,4,0,0,0.058087845469755754
LGBM,4,0,0,0.10653091129416897
LGBM,4,0,0,0.3446040454660299
LGBM,4,0,0,0.3729750104338902
LGBM,4,0,0,0.049781201766157475
LGBM,4,1,0,0.21800585169830805
LGBM,4,0,0,0.14223823809796157
LGBM,4,0,1,0.9311672750165157
LGBM,4,1,0,0.06505230847181717
LGBM,4,0,0,0.20484035493066027
LGBM,4,1,0,0.31256837881208865
LGBM,4,0,0,0.02711747143359536
LGBM,4,0,0,0.01734591122480088
LGBM,4,0,0,0.0731989495229153
LGBM,4,0,0,0.1758564664391532
LGBM,4,0,0,0.1140254177748259
LGBM,4,0,0,0.30944095641358565
LGBM,4,0,0,0.05455143032284032
LGBM,4,1,0,0.2278274167450568
LGBM,4,0,0,0.026091000142865868
LGBM,4,0,0,0.4287857908365079
LGBM,4,0,1,0.5375210653376375
LGBM,4,0,0,0.10402079553694249
LGBM,4,0,0,0.14715285015117305
LGBM,4,0,0,0.12615719481985216
LGBM,4,1,0,0.3600353117727819
LGBM,4,0,1,0.860861191307905
LGBM,4,1,1,0.9541365165755769
LGBM,4,0,0,0.07671682399626295
LGBM,4,0,1,0.7579166194593391
LGBM,4,0,0,0.22918630456937747
LGBM,4,0,0,0.09562776692312178
LGBM,4,0,0,0.030705185551830112
LGBM,4,0,1,0.6712533130341821
LGBM,4,0,0,0.07333999519771664
LGBM,4,0,0,0.25089934859603014
LGBM,4,0,0,0.06724462277355857
LGBM,4,1,1,0.7928340220736754
LGBM,4,0,0,0.24612517467662293
LGBM,4,0,0,0.052457643683436424
LGBM,4,0,0,0.042837067034303726
LGBM,4,1,0,0.3192835140057954
LGBM,4,0,0,0.07609895929701406
LGBM,4,0,0,0.17368874575279997
LGBM,4,1,0,0.12019153616190197
LGBM,4,0,0,0.12793497982176394
LGBM,4,0,0,0.15712246959408185
LGBM,4,0,0,0.10381897363473426
LGBM,4,0,0,0.2067368330520917
LGBM,4,0,0,0.15115622011093716
LGBM,4,0,0,0.01418124343588283
LGBM,4,0,0,0.10930123490455221
LGBM,4,0,0,0.057679434382057825
LGBM,4,1,0,0.24612517467662293
LGBM,4,1,0,0.2970911858785678
LGBM,4,0,0,0.03168099739186501
LGBM,4,0,0,0.15355930878860335
LGBM,4,1,0,0.17022725828952734
LGBM,4,0,0,0.03596060349159771
LGBM,4,0,0,0.05474384691295379
LGBM,4,0,0,0.2855929556336817
LGBM,4,1,0,0.2590832549856108
LGBM,4,0,0,0.0286651439654581
LGBM,4,0,0,0.0238793794542978
LGBM,4,0,0,0.19346224378226257
LGBM,4,0,0,0.10000961515586382
LGBM,4,0,1,0.8993386570960109
LGBM,4,1,0,0.4625825060021686
LGBM,4,0,0,0.12518037144580432
LGBM,4,0,0,0.0395309153530774
LGBM,4,0,0,0.47090207045923366
LGBM,4,0,0,0.016014641921487386
LGBM,4,0,0,0.06936947854829413
LGBM,4,0,0,0.09144845181070091
LGBM,4,1,0,0.2633313479763742
LGBM,4,0,0,0.049143219993773725
LGBM,4,1,0,0.16859531916891984
LGBM,4,0,0,0.3796831948633795
LGBM,4,0,0,0.0879691206218701
LGBM,4,0,0,0.3533592316414679
LGBM,4,1,0,0.04075050995823277
LGBM,4,0,0,0.0695033859587963
LGBM,4,0,0,0.23969184949891886
LGBM,4,1,0,0.19214800919465766
LGBM,4,1,0,0.15393684248970957
LGBM,4,0,0,0.2906839445362969
LGBM,4,0,0,0.030912337275811757
LGBM,4,0,1,0.694791026829282
LGBM,4,0,0,0.03189148160419536
LGBM,4,0,0,0.1914626998246463
LGBM,4,0,0,0.1545489728498414
LGBM,4,0,0,0.10197721295302299
LGBM,4,0,0,0.2632724093261648
LGBM,4,0,0,0.02071852752209705
LGBM,4,0,0,0.0788359395135365
LGBM,4,0,0,0.19355494781661467
LGBM,4,0,0,0.20541774221014686
LGBM,4,0,1,0.9695872516530377
LGBM,4,0,0,0.06604605214884682
LGBM,4,0,0,0.17716233541374987
LGBM,4,0,0,0.11064687434013395
LGBM,4,0,0,0.03985945239818499
LGBM,4,0,0,0.010631593500983853
LGBM,4,1,0,0.1517583404799823
LGBM,4,1,0,0.12902059529885185
LGBM,4,0,0,0.16312797697681694
LGBM,4,0,0,0.006177233596434026
LGBM,4,0,0,0.17016575407689313
LGBM,4,0,0,0.10968841326725112
LGBM,4,0,0,0.18384131536441164
LGBM,4,0,1,0.8593324752405775
LGBM,4,0,0,0.062155211141457396
LGBM,4,0,0,0.3139152542376543
LGBM,4,0,0,0.14989122228354734
LGBM,4,0,0,0.11172377792096402
LGBM,4,1,1,0.5715602099868132
LGBM,4,0,0,0.3139718745098441
LGBM,4,1,1,0.6537319000413824
LGBM,4,0,0,0.035464413725449014
LGBM,4,0,0,0.09259113208885053
LGBM,4,1,0,0.015621008185083156
LGBM,4,0,0,0.05412687163741048
LGBM,4,0,0,0.3131567515568227
LGBM,4,1,1,0.9803417096811666
LGBM,4,0,0,0.10216733802713662
LGBM,4,0,0,0.3003165294107271
LGBM,4,1,1,0.891520567616086
LGBM,4,0,0,0.15997869927670097
LGBM,4,0,0,0.023047544000709894
LGBM,5,1,0,0.47388678171971904
LGBM,5,0,0,0.23672995413348047
LGBM,5,0,0,0.0913732593568262
LGBM,5,1,0,0.06751157551233947
LGBM,5,1,0,0.10113174406639781
LGBM,5,0,0,0.1746936601505555
LGBM,5,0,0,0.25938639795558116
LGBM,5,1,0,0.10232035769630639
LGBM,5,0,0,0.10981509211162428
LGBM,5,0,0,0.07355549280569931
LGBM,5,0,1,0.5209718785538051
LGBM,5,0,0,0.036931238862350335
LGBM,5,0,0,0.3498863786149858
LGBM,5,0,0,0.1711799821628652
LGBM,5,0,0,0.018519845691987797
LGBM,5,0,0,0.04394621538428604
LGBM,5,1,0,0.18657645446902538
LGBM,5,0,0,0.0697940856657928
LGBM,5,0,0,0.27235317733441355
LGBM,5,0,0,0.06870744018417028
LGBM,5,1,0,0.4473575665774898
LGBM,5,0,0,0.19246914733692785
LGBM,5,0,1,0.7068623059936103
LGBM,5,0,0,0.16331323820681742
LGBM,5,0,0,0.11362091009361752
LGBM,5,0,0,0.09648313825343847
LGBM,5,0,0,0.18466027998184245
LGBM,5,0,0,0.043921995402594095
LGBM,5,0,0,0.23061211474091747
LGBM,5,1,0,0.09991460574746477
LGBM,5,1,0,0.1315321994961235
LGBM,5,0,0,0.04658674320976168
LGBM,5,0,0,0.035790375430772826
LGBM,5,1,0,0.05169414111636415
LGBM,5,0,0,0.43848333800617834
LGBM,5,0,0,0.024137694366572475
LGBM,5,1,0,0.08145947948190187
LGBM,5,0,0,0.13151607118021813
LGBM,5,1,0,0.13263856225365878
LGBM,5,0,0,0.007263076365199859
LGBM,5,1,0,0.4008565368456932
LGBM,5,1,1,0.5897973729850364
LGBM,5,1,0,0.13002039092164672
LGBM,5,0,0,0.26714226994708273
LGBM,5,0,0,0.0727208330322912
LGBM,5,0,0,0.061109633562818684
LGBM,5,0,0,0.05291720814724383
LGBM,5,0,0,0.22858577457894247
LGBM,5,1,1,0.7961661839664891
LGBM,5,0,0,0.025400347470682594
LGBM,5,0,0,0.07970375919261014
LGBM,5,0,0,0.058869930675173265
LGBM,5,1,0,0.2051848753996397
LGBM,5,1,0,0.43888450461627204
LGBM,5,0,0,0.06459797537618889
LGBM,5,0,0,0.31450153768882333
LGBM,5,0,0,0.07351255210462701
LGBM,5,0,0,0.0559220582411202
LGBM,5,0,0,0.06401603510687688
LGBM,5,0,0,0.3537209854051697
LGBM,5,0,0,0.013579657850226775
LGBM,5,0,0,0.19016970777026915
LGBM,5,0,0,0.020520710249711374
LGBM,5,0,0,0.00902855595372129
LGBM,5,0,0,0.08867753174954332
LGBM,5,0,0,0.013419325002387891
LGBM,5,0,0,0.17073077202924306
LGBM,5,0,0,0.06164408750229612
LGBM,5,0,0,0.08789780938670612
LGBM,5,0,0,0.13588990046216512
LGBM,5,0,0,0.018916978114334584
LGBM,5,0,0,0.37968139575426896
LGBM,5,0,0,0.14842613552976924
LGBM,5,0,0,0.1366187405442929
LGBM,5,0,0,0.19015849485065056
LGBM,5,0,0,0.05846495033880866
LGBM,5,0,0,0.08697395547070189
LGBM,5,1,1,0.8194032200870451
LGBM,5,0,0,0.0698666018364209
LGBM,5,0,0,0.06739007904084457
LGBM,5,0,0,0.03059644437358022
LGBM,5,1,0,0.23354121886317034
LGBM,5,0,0,0.22078391903871597
LGBM,5,0,0,0.1400831674477633
LGBM,5,0,0,0.05007914817618646
LGBM,5,0,0,0.016464217437169706
LGBM,5,1,1,0.9791295887934973
LGBM,5,1,0,0.3071080139704296
LGBM,5,0,1,0.7541737577261279
LGBM,5,1,0,0.27371849604036996
LGBM,5,0,0,0.1330684776434138
LGBM,5,0,0,0.12372071087826957
LGBM,5,0,0,0.06359698248361957
LGBM,5,0,0,0.05675089242838727
LGBM,5,0,0,0.15489808774065722
LGBM,5,1,0,0.08806043363761153
LGBM,5,0,0,0.05717944349356507
LGBM,5,0,0,0.020887554938428074
LGBM,5,0,0,0.16109711492132478
LGBM,5,1,1,0.5421178944695243
LGBM,5,0,0,0.2548100335471093
LGBM,5,0,0,0.07639130803120485
LGBM,5,0,0,0.2989032804620698
LGBM,5,1,0,0.08038900942216186
LGBM,5,0,0,0.09150105480387637
LGBM,5,1,0,0.19043364525939574
LGBM,5,1,0,0.07198226276005186
LGBM,5,0,0,0.045964733149427804
LGBM,5,0,0,0.08797668212606952
LGBM,5,0,0,0.2778616813311187
LGBM,5,0,0,0.10319421288371261
LGBM,5,1,0,0.33087396837631233
LGBM,5,0,0,0.1546984374665704
LGBM,5,0,0,0.13765955912490477
LGBM,5,0,0,0.011452943389874314
LGBM,5,0,0,0.04517255851148929
LGBM,5,1,0,0.13971993847327954
LGBM,5,0,0,0.22514088374812719
LGBM,5,0,0,0.28189251157540096
LGBM,5,0,0,0.15473489091485568
LGBM,5,0,0,0.05870015011010762
LGBM,5,0,0,0.0493516697343117
LGBM,5,0,0,0.015339254759518237
LGBM,5,0,0,0.04020615034329908
LGBM,5,0,0,0.20007614848922214
LGBM,5,0,0,0.020525261943837293
LGBM,5,0,0,0.07461313772309902
LGBM,5,1,0,0.04686195833395733
LGBM,5,0,0,0.05961255999043884
LGBM,5,1,0,0.16668629500005272
LGBM,5,0,0,0.01576749891956184
LGBM,5,0,0,0.06901891771354644
LGBM,5,0,0,0.048291605900632396
LGBM,5,0,0,0.4008557747106909
LGBM,5,0,0,0.03616340134952076
LGBM,5,0,0,0.05084523793491869
LGBM,5,0,0,0.08272086782971279
LGBM,5,0,0,0.0605045844832309
LGBM,5,0,0,0.1497943317823938
LGBM,5,0,1,0.5986438118099193
LGBM,5,0,0,0.1475741975412748
LGBM,5,1,0,0.3875725122862521
LGBM,5,0,0,0.18901122169402745
LGBM,5,0,0,0.04003086565931684
LGBM,5,0,0,0.25616796083515236
LGBM,5,1,0,0.18214085473702185
LGBM,5,0,0,0.3896884350472633
LGBM,5,0,0,0.024074046292793253
LGBM,5,0,0,0.26203565532351664
LGBM,5,0,0,0.07102021729643451
LGBM,5,0,0,0.016683327833201665
LGBM,5,0,0,0.4702545245111179
LGBM,5,0,0,0.1310353824035057
LGBM,5,0,0,0.2037628533746601
LGBM,5,0,0,0.040081267587206024
LGBM,5,0,0,0.13001418301226256
LGBM,5,0,0,0.15177319090088837
LGBM,5,0,0,0.2868262599184551
LGBM,5,1,1,0.9117959134760382
LGBM,5,0,0,0.3044913446521913
LGBM,5,0,0,0.249907524794693
LGBM,5,0,0,0.10022029813434541
LGBM,5,0,0,0.06906206616820394
LGBM,5,0,0,0.16347147973605347
LGBM,5,0,0,0.4970412000650322
LGBM,5,0,0,0.21460662312029596
LGBM,5,0,0,0.27499355749310206
LGBM,5,0,0,0.02510409330077428
LGBM,5,0,0,0.05258221994596023
LGBM,5,0,0,0.113895187542182
LGBM,5,1,1,0.5436553749764851
LGBM,5,0,0,0.021404322891022037
LGBM,5,0,0,0.040156360907477984
LGBM,5,1,0,0.016631436633977547
LGBM,5,0,1,0.7189009184849389
LGBM,5,1,1,0.8461411497199333
LGBM,5,0,0,0.08132717999599882
LGBM,5,1,1,0.8810386385884422
LGBM,5,0,0,0.019938112572349804
LGBM,5,0,0,0.02715967442747491
LGBM,5,0,0,0.06663925718707589
LGBM,5,0,0,0.07874895195590528
LGBM,5,0,0,0.057678044645844875
LGBM,5,0,0,0.07743312497661993
LGBM,5,0,0,0.4499253220732236
LGBM,5,1,0,0.07117534028329871
LGBM,5,1,0,0.1408790721506314
LGBM,5,0,0,0.2573729468612268
LGBM,5,0,0,0.0628069753648061
LGBM,5,1,0,0.2956783351759466
LGBM,5,0,0,0.12576484471311175
LGBM,5,0,0,0.03336610761545489
LGBM,5,0,0,0.06965951175489252
LGBM,5,0,0,0.05035157182828465
LGBM,5,0,0,0.09819784055891649
LGBM,5,0,0,0.03425435837948166
LGBM,5,0,0,0.4198882749019392
LGBM,5,0,0,0.1209608584148265
LGBM,5,0,0,0.2515720281433024
LGBM,5,0,0,0.046879852267323344
LGBM,5,0,0,0.30953834940752845
LGBM,5,0,0,0.1204936479377285
LGBM,5,0,1,0.8208011744545829
LGBM,5,0,0,0.021081490919569745
LGBM,5,0,0,0.008331383397419592
LGBM,5,0,0,0.0859252190035916
LGBM,5,0,0,0.00636507635669738
LGBM,5,0,0,0.03842760516116034
LGBM,5,0,0,0.12554888125971853
LGBM,5,1,0,0.25765529260513226
LGBM,5,0,0,0.02479411334058896
LGBM,5,0,0,0.044671606167413946
LGBM,5,1,0,0.24964618040741102
LGBM,5,0,0,0.18804201100719745
LGBM,5,0,0,0.07811734569368513
LGBM,5,0,0,0.1549699645236905
LGBM,5,1,1,0.9969690572605762
LGBM,5,1,0,0.09971896279522849
LGBM,5,1,0,0.14691070166058673
LGBM,5,0,0,0.04384708393852511
LGBM,5,0,0,0.0863544152877893
LGBM,5,0,0,0.0892154349336585
LGBM,5,0,0,0.02866352947476627
LGBM,5,1,0,0.04711931448812094
LGBM,5,1,0,0.0845532672686797
LGBM,5,1,0,0.43129146202160823
LGBM,5,0,0,0.0543236705527712
LGBM,5,0,0,0.06176481094526684
LGBM,5,1,0,0.04384043008669785
LGBM,5,0,0,0.22782653184731316
LGBM,5,0,0,0.09552631916231005
LGBM,5,0,0,0.11351145010472162
LGBM,5,0,0,0.08491517789003142
LGBM,5,1,0,0.01024650974296357
LGBM,5,0,0,0.28166913272867744
LGBM,5,0,0,0.006733367578722435
LGBM,5,1,0,0.4872542411208698
LGBM,5,1,0,0.16077237953285964
LGBM,5,0,0,0.05228820058817406
LGBM,5,0,0,0.10583287305743971
LGBM,5,0,0,0.08053221795903683
LGBM,5,0,0,0.43016886047442254
LGBM,5,1,0,0.1794449773252062
LGBM,5,1,0,0.09476251398194689
LGBM,5,0,0,0.12425924005828683
LGBM,5,0,0,0.22164386076669387
LGBM,5,0,0,0.20450902455798842
LGBM,5,0,0,0.034142649073828135
LGBM,5,0,0,0.005800921307509653
LGBM,5,1,0,0.45092766183735467
LGBM,5,0,0,0.09269680412719193
LGBM,5,1,1,0.5336943711289625
LGBM,5,0,0,0.005939401206869707
LGBM,5,0,0,0.026520247681934398
LGBM,5,0,0,0.006085098070395163
LGBM,5,0,0,0.0061954162053375434
LGBM,5,0,0,0.02773966227902787
LGBM,5,0,0,0.01337767118571905
LGBM,5,1,0,0.13461813189341187
LGBM,5,0,0,0.03291170900295252
LGBM,5,0,0,0.26345656797114514
LGBM,5,0,0,0.10711192768520084
LGBM,5,1,0,0.07806527446520262
LGBM,5,0,0,0.12185504005477553
LGBM,5,0,0,0.17835809248387327
LGBM,5,0,0,0.12174563303792703
LGBM,5,0,0,0.122688194354172
LGBM,5,0,0,0.21171966801848158
LGBM,5,0,0,0.49770322869764
LGBM,5,0,0,0.2153643728954044
LGBM,5,0,0,0.32733180706052745
LGBM,5,0,0,0.045264633858224546
LGBM,5,1,0,0.08206491820916818
LGBM,5,0,0,0.013129842473387048
LGBM,5,1,0,0.26038682469726265
LGBM,5,0,0,0.038532211265641006
LGBM,5,0,0,0.024609122180964053
LGBM,5,1,0,0.04754265889183562
LGBM,5,1,0,0.4964812176195529
LGBM,5,0,0,0.1088802409411675
LGBM,5,0,0,0.3180623573481434
LGBM,5,0,0,0.05094948974472293
LGBM,5,1,0,0.08995378243981973
LGBM,5,0,0,0.022065638610786812
LGBM,5,0,0,0.019501496642599096
LGBM,5,0,0,0.07574866517025625
LGBM,5,0,0,0.12094392044552094
LGBM,5,0,0,0.24537221463386077
LGBM,5,0,0,0.16236173855506641
LGBM,5,0,0,0.015695285047567016
LGBM,5,0,0,0.10716798559948283
LGBM,5,0,0,0.09263728406850355
LGBM,5,0,0,0.07081463142388418
LGBM,5,0,0,0.20285145629334606
LGBM,5,0,0,0.04061857522231
LGBM,5,0,0,0.1325945357131954
LGBM,5,0,0,0.02637868609125754
LGBM,5,0,0,0.36293254605721637
LGBM,5,0,0,0.08287762372768506
LGBM,5,0,0,0.23383275314813662
LGBM,5,0,0,0.10141221322971011
LGBM,5,1,0,0.24268879149980532
LGBM,5,0,0,0.11201876935737978
LGBM,5,0,0,0.07105517681357693
LGBM,5,0,0,0.06133267857806676
LGBM,5,0,0,0.15386924144456274
LGBM,5,0,0,0.05809701373945655
LGBM,5,1,0,0.27994665139406777
LGBM,5,0,0,0.021380363256354305
LGBM,5,0,0,0.37636426486705804
LGBM,5,0,0,0.17938060421617305
LGBM,5,0,0,0.04210006470808834
LGBM,5,0,0,0.038737280204333945
LGBM,5,0,0,0.25437401313596103
LGBM,5,0,0,0.08592948402958749
LGBM,5,0,0,0.12703338404188508
LGBM,5,0,0,0.1941737262034049
LGBM,5,0,0,0.06741973124760009
LGBM,5,0,0,0.23059050734842865
LGBM,5,0,0,0.3342214451572685
LGBM,5,0,0,0.1814087132998522
LGBM,5,0,0,0.053179293136747546
LGBM,5,0,0,0.11909245717016989
LGBM,5,0,0,0.06763384665317462
LGBM,5,0,0,0.29536910377173575
LGBM,5,1,1,0.5347863095816184
LGBM,5,1,0,0.22419568942651605
LGBM,5,1,1,0.9989420449141093
LGBM,5,1,0,0.29362277724199026
LGBM,5,1,0,0.002870833398253657
LGBM,5,1,0,0.27224252891726897
LGBM,5,1,1,0.8806786091704271
LGBM,5,1,0,0.3266703876334027
LGBM,5,0,0,0.0327309598858957
LGBM,5,0,0,0.10042327587030903
LGBM,5,1,0,0.02685847218145506
LGBM,5,1,0,0.18078697927226017
LGBM,5,0,0,0.15013840258833777
LGBM,5,0,0,0.037402517954339985
LGBM,5,0,0,0.009079334742762298
LGBM,5,0,0,0.39030770759507966
LGBM,5,1,0,0.04013763907939371
LGBM,5,1,0,0.30018318643911907
LGBM,5,1,0,0.1322953751505117
LGBM,5,0,0,0.11481361585460094
LGBM,5,0,0,0.06223200527472777
LGBM,5,0,0,0.11565540773049442
LGBM,5,0,0,0.1672958229862333
LGBM,5,0,0,0.16955071169852334
LGBM,5,1,0,0.08281665373725983
LGBM,5,0,0,0.44327768462628775
LGBM,5,0,0,0.24111895758085064
LGBM,5,0,0,0.3115867117784491
LGBM,5,0,1,0.7630318202334091
LGBM,5,0,0,0.06865086291619388
LGBM,5,0,0,0.27681007777020405
LGBM,5,1,0,0.39773114257212755
LGBM,5,1,0,0.038931414608104564
LGBM,5,0,0,0.07034697326484517
LGBM,5,0,0,0.08541859655109559
LGBM,5,0,0,0.03405069610675026
LGBM,5,0,0,0.0309022765719397
LGBM,5,0,0,0.09898599436080802
LGBM,5,0,0,0.240991844565389
LGBM,5,0,1,0.8902643540341855
LGBM,5,0,0,0.05539231257862936
LGBM,5,0,0,0.09802604833439893
LGBM,5,0,1,0.5032711988334755
LGBM,5,0,0,0.222571107698207
LGBM,5,0,0,0.16677386544875963
LGBM,5,0,0,0.49990267148210443
LGBM,5,0,0,0.01570194760057522
LGBM,5,0,0,0.059972591465239575
LGBM,5,0,0,0.05693302827218234
LGBM,5,0,0,0.020550449935751426
LGBM,5,0,0,0.3480062622568885
LGBM,5,1,0,0.2423367595522643
LGBM,5,0,0,0.15757343868118423
LGBM,5,0,0,0.01082400042651907
LGBM,5,0,0,0.028321529292365127
LGBM,5,0,0,0.29861754113615036
LGBM,5,0,0,0.420314121780316
LGBM,5,0,0,0.3943086670522157
LGBM,5,0,0,0.017865273358500553
LGBM,5,0,0,0.40155329481431895
LGBM,5,0,0,0.09209404835930589
LGBM,5,0,1,0.5329078577051433
LGBM,5,1,0,0.3105149735633332
LGBM,5,0,0,0.002002328270179044
LGBM,5,0,1,0.6084391170324114
LGBM,5,0,0,0.03800924304571997
LGBM,5,0,0,0.2640490720339175
LGBM,5,1,1,0.581702962452041
LGBM,5,0,0,0.010043116658424908
LGBM,5,0,0,0.004902185132975924
LGBM,5,1,0,0.005051492250278081
LGBM,5,1,0,0.28841894309066685
LGBM,5,1,1,0.6468599937543476
LGBM,5,0,0,0.060370579422814236
LGBM,5,0,0,0.34530519929150044
LGBM,5,0,0,0.3935910502260563
LGBM,5,1,1,0.9252377813998088
LGBM,5,1,0,0.29080119986335373
LGBM,5,0,0,0.11247995763329992
LGBM,5,1,0,0.16582392529697712
LGBM,5,0,0,0.1429639097198913
LGBM,5,0,0,0.13652576282828263
LGBM,5,0,0,0.11101869405188405
LGBM,5,0,0,0.07440646219392853
LGBM,5,1,0,0.32243673831658315
LGBM,5,0,0,0.09051647081048991
LGBM,5,0,0,0.043237239812282974
LGBM,5,0,0,0.20109881380049252
LGBM,5,0,0,0.07698110762309406
LGBM,5,0,0,0.045111182539500694
LGBM,5,0,0,0.008221465858835458
LGBM,5,0,1,0.6575717166043947
LGBM,5,0,0,0.028442231742618604
LGBM,5,0,0,0.19099034822937497
LGBM,5,0,0,0.12463418711059528
LGBM,5,1,0,0.10106108839296499
LGBM,5,0,0,0.20690849451994367
LGBM,5,1,0,0.0950476594447888
LGBM,5,0,0,0.3463130914584796
LGBM,5,0,0,0.21368443476527943
LGBM,5,0,0,0.3071080139704296
LGBM,5,0,0,0.07454633233573095
LGBM,5,0,0,0.06710872674834921
LGBM,5,0,0,0.09261214075605406
LGBM,5,0,0,0.3216330695219517
LGBM,5,0,0,0.02383296018780425
LGBM,5,1,0,0.18823809626593685
LGBM,5,0,0,0.010453603331635215
LGBM,5,0,0,0.0061285444773766734
LGBM,5,0,1,0.8331231296827819
LGBM,5,0,0,0.2929960350724227
LGBM,5,1,0,0.08723626608639314
LGBM,5,0,0,0.0665892715234348
LGBM,5,1,0,0.12811649015588428
LGBM,5,0,0,0.010810237758458135
LGBM,5,0,0,0.14632585864231923
LGBM,5,0,0,0.45665527557365193
LGBM,5,0,0,0.02335826957976621
LGBM,5,1,0,0.24771203479011597
LGBM,5,0,0,0.0856019888133357
LGBM,5,0,0,0.09852992223822311
LGBM,5,0,0,0.07170333450827845
LGBM,5,0,1,0.5456030244418171
LGBM,5,0,0,0.4426870302969555
LGBM,5,0,0,0.0625592880696305
LGBM,5,0,0,0.3119113034030972
LGBM,5,0,0,0.18327892549410552
LGBM,5,0,0,0.03617258517162271
LGBM,5,0,0,0.09952069107286766
LGBM,5,0,0,0.19025733198713107
LGBM,5,0,0,0.05042083021089884
LGBM,5,0,0,0.1381876890563873
LGBM,5,0,0,0.2119210838653916
LGBM,5,0,0,0.019667073535106567
LGBM,5,1,0,0.10722135533730408
LGBM,5,1,1,0.5921294730107242
LGBM,5,1,0,0.10012579980241999
LGBM,5,0,0,0.45441099838881505
LGBM,5,0,0,0.08846422914886967
LGBM,5,0,0,0.008429851417486653
LGBM,5,0,0,0.06868914667288331
LGBM,5,0,0,0.07523697528961103
LGBM,5,0,0,0.09440415134428498
LGBM,5,1,0,0.15048105265789485
LGBM,5,1,0,0.12916935308093597
LGBM,5,1,0,0.24333313451219207
LGBM,5,1,0,0.07849081192743688
LGBM,5,0,0,0.49982128804439735
LGBM,5,0,0,0.4237231120751596
LGBM,5,0,0,0.16740758188856938
LGBM,5,0,0,0.025461536034436495
LGBM,5,0,0,0.03994744579251528
LGBM,5,0,0,0.004704032640292694
LGBM,5,0,0,0.2455843120282662
LGBM,5,0,0,0.26596771490362175
LGBM,5,0,0,0.16570100724422315
LGBM,5,0,0,0.05961679732798857
LGBM,5,1,0,0.16257648874620875
LGBM,5,0,0,0.12548274600773862
LGBM,5,0,0,0.3332726461055925
LGBM,5,0,1,0.5403967497235331
LGBM,5,1,0,0.4948489017137738
LGBM,5,1,0,0.15939119516313568
LGBM,5,0,0,0.14558492549119753
LGBM,5,1,0,0.01721935060096302
LGBM,5,1,0,0.01684437296736778
LGBM,5,1,0,0.2145403278494291
LGBM,5,1,0,0.05682653367313977
LGBM,5,1,0,0.010186016781410396
LGBM,5,1,1,0.5974385174376928
LGBM,5,1,0,0.11029350890770687
LGBM,5,0,0,0.051402586836148234
LGBM,5,0,0,0.23323231269460457
LGBM,5,0,0,0.05126456862115804
LGBM,5,1,0,0.2934632097915433
LGBM,5,1,0,0.36974476875469386
LGBM,5,1,0,0.09328494575767113
LGBM,5,0,0,0.029075848993272386
LGBM,5,0,0,0.39801454005969283
LGBM,5,0,0,0.007205872786688817
LGBM,5,0,0,0.027757198811654085
LGBM,5,0,0,0.2187293558348941
LGBM,5,0,0,0.17340608731088208
LGBM,5,0,0,0.04306237304115737
LGBM,5,0,0,0.18817636278227146
LGBM,5,0,0,0.09255141811379554
LGBM,5,0,0,0.0263877913257233
LGBM,5,1,0,0.026657283540834666
LGBM,5,0,1,0.9114107769642488
LGBM,5,0,0,0.02097407345410463
LGBM,5,0,0,0.01665984303016237
LGBM,5,0,1,0.5877611973318395
LGBM,5,0,0,0.0451356303138576
LGBM,5,0,0,0.17519736136798056
LGBM,5,0,0,0.09787043483840531
LGBM,5,0,0,0.31402624704992776
LGBM,5,0,0,0.05942127555298409
LGBM,5,0,1,0.5632711652015049
LGBM,5,0,0,0.0790837913426336
LGBM,5,0,0,0.28013952294213046
LGBM,5,1,0,0.06781627926558811
LGBM,5,0,0,0.02493375497984946
LGBM,5,0,0,0.13522100365921022
LGBM,5,0,0,0.05998223193615203
LGBM,5,1,0,0.1320478628077709
LGBM,5,0,0,0.03592627616960959
LGBM,5,0,0,0.019858399601408998
LGBM,5,0,0,0.006781232228540394
LGBM,5,0,0,0.14069283570788996
LGBM,5,0,0,0.11510984967974422
LGBM,5,1,1,0.6245664149405455
LGBM,5,1,0,0.15493794866714905
LGBM,5,0,0,0.019158853962076273
LGBM,5,0,1,0.7673170436544806
LGBM,5,1,0,0.3447484908460933
LGBM,5,1,1,0.8385578173191826
LGBM,5,0,0,0.14911798162243606
LGBM,5,0,0,0.13895996682129613
LGBM,5,1,1,0.9874902459453878
LGBM,5,1,0,0.34555694460206393
LGBM,5,0,0,0.36004156792660197
LGBM,5,1,1,0.5553263477922562
LGBM,5,1,0,0.1457453244561615
LGBM,5,0,0,0.11162683734111963
LGBM,5,0,0,0.39647122639584953
LGBM,5,0,0,0.0640028868523674
LGBM,5,0,0,0.11168337301235765
LGBM,5,1,1,0.982510410851373
LGBM,5,0,0,0.35373551748639753
LGBM,5,0,0,0.16375937399389423
LGBM,5,1,1,0.5178365582346168
LGBM,5,0,0,0.02743064415077205
LGBM,5,0,0,0.26335183921772537
LGBM,5,0,0,0.44462113798616865
LGBM,5,0,0,0.22596202613742136
LGBM,5,0,0,0.03586556511671951
LGBM,5,0,0,0.1798390237780907
LGBM,5,0,0,0.13655222698112526
LGBM,5,1,1,0.9959372969720999
LGBM,5,1,0,0.09793561544583336
LGBM,5,0,0,0.19191390172004977
LGBM,5,0,0,0.025435722447073858
LGBM,5,0,0,0.06872744933515941
LGBM,5,1,0,0.00240114063718613
LGBM,5,0,0,0.06009028813513331
LGBM,5,0,0,0.01944683788775485
LGBM,5,0,0,0.3978107501128584
LGBM,5,0,0,0.11709360311219717
LGBM,5,0,0,0.18210156270943076
LGBM,5,0,0,0.04855906991435964
LGBM,5,0,0,0.12236472421008857
LGBM,5,0,0,0.0995034412169773
LGBM,5,0,0,0.06699139923317553
LGBM,5,0,0,0.2101450923173791
LGBM,5,0,0,0.21257136705802313
LGBM,5,0,0,0.015526004038376466
LGBM,5,0,0,0.222102552676969
LGBM,5,0,0,0.49414681177818165
LGBM,5,0,0,0.4633475371624007
LGBM,5,0,0,0.34733765543152656
LGBM,5,0,0,0.09891166971008147
LGBM,5,0,0,0.05041066990851274
LGBM,5,1,0,0.05360355202916509
LGBM,5,0,0,0.009326288719673156
LGBM,5,0,1,0.8579520813123956
LGBM,5,0,0,0.17418025276390417
LGBM,5,1,0,0.14642110643005984
LGBM,5,0,0,0.0052122110203189345
LGBM,5,0,1,0.6420052949258221
LGBM,5,1,0,0.022883931554606895
LGBM,5,0,0,0.2187499795619599
LGBM,5,0,0,0.2272684659779856
LGBM,5,1,1,0.8996060308124
LGBM,5,0,0,0.08481603818026917
LGBM,5,1,0,0.047435748728620074
LGBM,5,0,0,0.035122011611763086
LGBM,5,0,0,0.14747339521999386
LGBM,5,0,0,0.34766563237596004
LGBM,5,0,0,0.19172052245388396
LGBM,5,0,0,0.17604138163589855
LGBM,5,0,0,0.01743459214215665
LGBM,5,0,0,0.029183325955275757
LGBM,5,0,0,0.14839239290009423
LGBM,5,0,0,0.08116632496760717
LGBM,5,1,1,0.5316163109573558
LGBM,5,0,0,0.0733020053606464
LGBM,5,0,0,0.09699938256864227
LGBM,5,1,1,0.6916497632993607
LGBM,5,0,0,0.07852756633496712
LGBM,5,0,0,0.17886790713123757
LGBM,5,0,0,0.022754610478173128
LGBM,5,0,0,0.16142140452726636
LGBM,5,1,0,0.14481903266922774
LGBM,5,0,0,0.1056639166522295
LGBM,5,0,1,0.9020031627543802
LGBM,5,0,0,0.44275688396691115
LGBM,5,0,0,0.19173346447806863
LGBM,5,0,0,0.27540531590928585
LGBM,5,0,0,0.19453807118490285
LGBM,5,0,0,0.17837836665956475
LGBM,5,0,0,0.02828833818699364
LGBM,5,0,0,0.2619857335893044
LGBM,5,1,0,0.10486146669682161
LGBM,5,0,0,0.003681366298716585
LGBM,5,0,0,0.47948789973561007
LGBM,5,0,0,0.053098750238488965
LGBM,5,0,0,0.02417289476469475
LGBM,5,0,0,0.0013193442916486096
LGBM,5,0,0,0.204760941940084
LGBM,5,0,0,0.2722841510782116
LGBM,5,0,0,0.38892403587497987
LGBM,5,0,0,0.20011024082553516
LGBM,5,0,0,0.4944634506657489
LGBM,5,0,0,0.13671878190539913
LGBM,5,0,0,0.06245590721528953
LGBM,5,0,0,0.07069785707713397
LGBM,5,0,0,0.01613128381713792
LGBM,5,0,1,0.5100259269565408
LGBM,5,0,0,0.06226987299528508
LGBM,5,0,0,0.12440973737861574
LGBM,5,0,0,0.047992802309335524
LGBM,5,0,0,0.027164768420272104
LGBM,5,0,0,0.09820746778316852
LGBM,5,0,0,0.10653368837573916
LGBM,5,0,0,0.16428943487388656
LGBM,5,0,0,0.30085637620011674
LGBM,5,1,1,0.9656784961685695
LGBM,5,0,0,0.05655237160539459
LGBM,5,0,1,0.8866393830260495
LGBM,5,0,0,0.009499335026642701
LGBM,5,0,0,0.02743901050867317
LGBM,5,0,0,0.0245524218936495
LGBM,5,1,0,0.4674893012304807
LGBM,5,1,0,0.4189996244088765
LGBM,5,0,0,0.11931131660657718
LGBM,5,1,0,0.13224212507199565
LGBM,5,1,0,0.0976833600442347
LGBM,5,0,0,0.04170376785265305
LGBM,5,0,0,0.044300146366248815
LGBM,5,0,0,0.17202427999759445
LGBM,5,1,0,0.2469452764481821
LGBM,5,0,0,0.26307184537363215
LGBM,5,1,1,0.9724915451910912
LGBM,5,1,0,0.4289222380702806
LGBM,5,0,0,0.04311216924757199
LGBM,5,0,0,0.4596495762966404
LGBM,5,0,0,0.035402068246365694
LGBM,5,1,1,0.6627191655951454
LGBM,5,0,0,0.32869264976205304
LGBM,5,0,0,0.1718522794045975
LGBM,5,1,1,0.9931784383882797
LGBM,5,0,0,0.030524603602593306
LGBM,5,0,0,0.3065686903315435
LGBM,5,0,0,0.03010552820951361
LGBM,5,0,0,0.14676117341381759
LGBM,5,0,0,0.023329417546881233
LGBM,5,0,0,0.47474576806409724
LGBM,5,0,0,0.023926131076045163
LGBM,5,0,0,0.0872258311623061
LGBM,5,1,0,0.10499528269882519
LGBM,5,0,0,0.02048860698614475
LGBM,5,1,0,0.24844281433818952
LGBM,5,1,0,0.2082599658704502
LGBM,5,0,0,0.32306304660142143
LGBM,5,0,0,0.0814370741703767
LGBM,5,0,0,0.03070716733182438
LGBM,5,0,0,0.04307781218618705
LGBM,5,0,0,0.13491661604387864
LGBM,5,0,0,0.23047420727785356
LGBM,5,0,0,0.01403301490269383
LGBM,5,1,0,0.05219156095424188
LGBM,5,0,0,0.007867303613629337
LGBM,5,0,0,0.16675409057958337
LGBM,5,0,0,0.08312047636413541
LGBM,5,0,0,0.06701589541934057
LGBM,5,0,0,0.01717062345147711
LGBM,5,0,0,0.017581548709848033
LGBM,5,0,0,0.4145312957508978
LGBM,5,0,0,0.11329729464154852
LGBM,5,0,0,0.06682566665966136
LGBM,5,0,0,0.05493599901460958
LGBM,5,0,0,0.004705861697037885
LGBM,5,1,0,0.3083740598491391
LGBM,5,1,0,0.04129076388431415
LGBM,5,0,0,0.07099953258498037
LGBM,5,0,0,0.20890362374121849
LGBM,5,0,0,0.050944042624921415
LGBM,5,0,0,0.4145312957508978
LGBM,5,1,0,0.23532440983224337
LGBM,5,0,0,0.11213288289572898
LGBM,5,0,0,0.2577583254179491
LGBM,5,0,0,0.03504816484694312
LGBM,5,0,0,0.16716347640494542
LGBM,5,0,0,0.46950756820890893
LGBM,5,0,0,0.04562681894017237
LGBM,5,0,0,0.32035800912988927
LGBM,5,0,0,0.2115046330759474
LGBM,5,0,0,0.05584210240072014
LGBM,5,0,0,0.04924907028265053
LGBM,5,0,0,0.34796353883835146
LGBM,5,0,1,0.6912801714641668
LGBM,5,0,0,0.07874956452920846
LGBM,5,0,0,0.19849299732938802
LGBM,5,0,0,0.17596404065848573
LGBM,5,0,0,0.056218598349421826
LGBM,5,0,0,0.05559840100658476
LGBM,5,0,0,0.20966139366772157
LGBM,5,0,0,0.17394939512220997
LGBM,5,0,0,0.41973296765309803
LGBM,5,0,0,0.0907975185889833
LGBM,5,0,0,0.07046146126679802
LGBM,5,0,0,0.18277983056196384
LGBM,5,1,1,0.729688064189181
LGBM,5,1,0,0.18685015751359837
LGBM,5,1,0,0.0236324597985068
LGBM,5,0,0,0.16704001290653459
LGBM,5,0,0,0.2537591076495761
LGBM,5,1,0,0.1501374012334008
LGBM,5,0,0,0.491128053003248
LGBM,5,0,0,0.016584078817544888
LGBM,5,1,0,0.06593440295248022
LGBM,5,0,0,0.15119370483055547
LGBM,5,1,1,0.7375579508486174
LGBM,5,0,0,0.06559324734811835
LGBM,5,1,0,0.12456254603587225
LGBM,5,1,0,0.16784099345609163
LGBM,5,0,0,0.08952021790181433
LGBM,5,1,0,0.36603738306245504
LGBM,5,0,0,0.04353465093541688
LGBM,5,0,0,0.03756125314789319
LGBM,5,0,0,0.07854992717762346
LGBM,5,0,0,0.007500786643777679
LGBM,5,0,0,0.3522664049643354
LGBM,5,0,1,0.5926425527373468
LGBM,5,0,0,0.28035630663531674
LGBM,5,1,1,0.5773635537188969
LGBM,5,1,1,0.5141981606874312
LGBM,5,0,0,0.14221015927232245
LGBM,5,0,0,0.13301778846505596
LGBM,5,0,0,0.11171037864911317
LGBM,5,0,0,0.40349676587657873
LGBM,5,0,0,0.07386941105765436
LGBM,5,0,0,0.20516735946548603
LGBM,5,0,0,0.1920135115092762
LGBM,5,0,0,0.16456448697976836
LGBM,5,0,0,0.22300161591890505
LGBM,5,0,1,0.7170648526972994
LGBM,5,0,0,0.19055247550134005
LGBM,5,0,0,0.03300404692127833
LGBM,5,0,0,0.3490190361811604
LGBM,5,1,0,0.43941571410273794
LGBM,5,0,0,0.09507360010598415
LGBM,5,0,0,0.02687326514302287
LGBM,5,0,0,0.26733667937290584
LGBM,5,0,0,0.09595394973362997
LGBM,5,0,0,0.1647650311721747
LGBM,5,0,0,0.2681782132632292
LGBM,5,0,0,0.18510607633447068
LGBM,5,1,0,0.054899672886264586
LGBM,5,0,0,0.07257600580026657
LGBM,5,0,0,0.11576659342500113
LGBM,5,0,0,0.013055809896388205
LGBM,5,0,0,0.07862643535782367
LGBM,5,0,0,0.1290734716903864
LGBM,5,1,0,0.19497490277752544
LGBM,5,1,0,0.04248189509266444
LGBM,5,0,0,0.04249621342392391
LGBM,5,0,0,0.01434523844004618
LGBM,5,1,0,0.23424800928957687
LGBM,5,0,1,0.5028871024655885
LGBM,5,0,0,0.06430280474143019
LGBM,5,0,0,0.12507832170160937
LGBM,5,0,0,0.009181413899360679
LGBM,5,1,0,0.2705439813647159
LGBM,5,0,0,0.1647268803194848
LGBM,5,0,0,0.17048576080888433
LGBM,5,0,0,0.10503067795399111
LGBM,5,1,0,0.40268916432142066
LGBM,5,0,0,0.2756564391956767
LGBM,5,0,0,0.0732316118952749
LGBM,5,0,0,0.0634785291795104
LGBM,5,0,0,0.13110986820934567
LGBM,5,1,0,0.20971965238178172
LGBM,5,0,0,0.02445836435110596
LGBM,5,1,0,0.15004177253215922
LGBM,5,1,0,0.04667298707827616
LGBM,5,0,0,0.3755728810998821
LGBM,5,0,0,0.0048666765413242835
LGBM,5,1,0,0.18469833324314155
LGBM,5,0,0,0.2314761316534987
LGBM,5,0,0,0.0332333226441905
LGBM,5,0,0,0.013272821258520865
LGBM,5,0,0,0.009655648175677427
LGBM,5,1,0,0.13758275886966187
LGBM,5,0,0,0.15768234380352228
LGBM,5,1,1,0.597020878794981
LGBM,5,1,1,0.9264591529393763
LGBM,5,1,1,0.8144126185423697
LGBM,5,0,1,0.5504924894955572
LGBM,5,1,0,0.13043267530890953
LGBM,5,0,0,0.21354954789111574
LGBM,5,0,0,0.32390432622120774
LGBM,5,0,0,0.025780642851039016
LGBM,5,1,0,0.4387777521460831
LGBM,5,0,0,0.17152666285490184
LGBM,5,1,0,0.051862720220729096
LGBM,5,1,0,0.008927351537323916
LGBM,5,0,0,0.11645083043861824
LGBM,5,0,0,0.0557151813150211
LGBM,5,0,0,0.1794945942341763
LGBM,5,0,0,0.03510845802977833
LGBM,5,1,0,0.11230475390897617
LGBM,5,1,1,0.969287093512965
LGBM,5,0,0,0.16197623978238618
LGBM,5,0,0,0.2577684087942521
LGBM,5,1,0,0.1974065877388153
LGBM,5,0,0,0.14712192439489283
LGBM,5,0,0,0.07600645169103923
LGBM,5,0,0,0.2149366225278345
LGBM,5,1,0,0.2876397951784933
LGBM,5,0,0,0.050282952208882285
LGBM,5,0,0,0.23433409956742043
LGBM,5,0,0,0.11345873213999008
LGBM,5,1,0,0.3674953062764583
LGBM,5,1,1,0.8944475831028241
LGBM,5,0,0,0.055198375455932515
LGBM,5,1,1,0.7775653550013454
LGBM,5,0,0,0.06426068932243595
LGBM,5,0,0,0.0883626912817031
LGBM,5,0,0,0.14710571155735025
LGBM,5,0,0,0.06386890920142428
LGBM,5,0,0,0.14687683464041887
LGBM,5,0,0,0.11087718295973749
LGBM,5,0,0,0.13350620953596123
LGBM,5,0,1,0.6586965088407553
LGBM,5,0,0,0.10586128203059149
LGBM,5,0,0,0.0369651914860617
LGBM,5,0,0,0.4499762272429151
LGBM,5,1,0,0.09259326294953908
LGBM,5,0,0,0.06537876210147474
LGBM,5,0,0,0.045858741165151234
LGBM,5,0,0,0.17031850009151803
LGBM,5,0,0,0.03775208325596054
LGBM,5,0,0,0.007526813965845339
LGBM,5,0,0,0.06691375148506316
LGBM,5,0,0,0.29380602988080856
LGBM,5,0,0,0.37179151154507184
LGBM,5,0,0,0.15949056197723152
LGBM,5,0,1,0.530885331747159
LGBM,5,1,0,0.04264338905551647
LGBM,5,0,1,0.6921937837770322
LGBM,5,1,1,0.6200277305193468
LGBM,5,0,0,0.20517094699714664
LGBM,5,0,0,0.19619256207693933
LGBM,5,0,0,0.015459260198633506
LGBM,5,0,0,0.06811940717840409
LGBM,5,0,0,0.0376975933168554
LGBM,5,0,0,0.09238973948358717
LGBM,5,0,0,0.2428735362152096
LGBM,5,0,1,0.5313014173804048
LGBM,5,0,0,0.4990555649624105
LGBM,5,0,0,0.29883855725732017
LGBM,5,0,0,0.11199285807106311
LGBM,5,0,0,0.04726065586533759
LGBM,5,0,0,0.008691042158059261
LGBM,5,0,0,0.019137828164253898
LGBM,5,0,1,0.8470521402545578
LGBM,5,1,0,0.31694087167672663
LGBM,5,0,0,0.18294981243195702
LGBM,5,1,0,0.0913526050018546
LGBM,5,0,0,0.08153861358911205
LGBM,5,0,0,0.02783214496834044
LGBM,5,0,0,0.1794727863125976
LGBM,5,0,0,0.027279776190682295
LGBM,5,1,0,0.043770729180595686
LGBM,5,0,0,0.06718559294407393
LGBM,5,0,0,0.10291811546396788
LGBM,5,0,0,0.08250093150964025
LGBM,5,0,0,0.07489388936814664
LGBM,5,0,0,0.03412412550396257
LGBM,5,0,0,0.3714876006744663
LGBM,5,0,0,0.3357198093960788
LGBM,5,1,0,0.4473722741986947
LGBM,5,0,0,0.17687137058142238
LGBM,5,0,1,0.6076850665973993
LGBM,5,0,0,0.04344235113021092
LGBM,5,0,0,0.005146371636608517
LGBM,5,1,0,0.1612399331320193
LGBM,5,0,0,0.018396109012801233
LGBM,5,1,0,0.16984107197825554
LGBM,5,0,0,0.0913526050018546
LGBM,5,1,0,0.07395344730978552
LGBM,5,0,0,0.25735824606800695
LGBM,5,1,0,0.3997670605816153
LGBM,5,0,1,0.6415022884191282
LGBM,5,0,0,0.01461113983817856
LGBM,5,0,0,0.0333495186364393
LGBM,5,1,0,0.09111607780405082
LGBM,5,0,0,0.07833746915265023
LGBM,5,1,0,0.14338117745348958
LGBM,5,0,0,0.16133478721458844
LGBM,5,1,0,0.2641488864432931
LGBM,5,0,0,0.052657054736693035
LGBM,5,0,0,0.07488103605072302
LGBM,5,1,0,0.20095864566020677
LGBM,5,0,0,0.13594474722666217
LGBM,5,0,0,0.10631353432416805
LGBM,5,1,1,0.5717777607584821
LGBM,5,0,0,0.4341919762134879
LGBM,5,1,0,0.03228798047641937
LGBM,5,1,0,0.07403675531696692
LGBM,5,0,1,0.7981098594653152
LGBM,5,0,0,0.1138236838272514
LGBM,5,0,0,0.07736164891501832
LGBM,5,0,1,0.7085825599946514
LGBM,5,0,0,0.0508890827486193
LGBM,5,0,0,0.005752491922286446
LGBM,5,0,1,0.6970367535129495
LGBM,5,0,0,0.08226473952356805
LGBM,5,0,0,0.03132773432482472
LGBM,5,0,0,0.2502136330134174
LGBM,5,1,0,0.2888938216646355
LGBM,5,1,0,0.009681942141586857
LGBM,5,0,1,0.6307106333429761
LGBM,5,0,0,0.374470210162325
LGBM,5,0,0,0.13390477328788605
LGBM,5,0,0,0.11774930570842504
LGBM,5,0,0,0.20523205843560696
LGBM,5,1,0,0.3227970997083438
LGBM,5,0,1,0.8045469765953591
LGBM,5,0,0,0.12592322644226212
LGBM,5,0,0,0.04268562509929717
LGBM,5,1,1,0.6813106272466481
LGBM,5,0,0,0.11965806203112957
LGBM,5,0,0,0.3116283917844967
LGBM,5,0,0,0.005288981680368297
LGBM,5,0,0,0.054220683045177805
LGBM,5,0,0,0.019624501151967857
LGBM,5,1,0,0.3062416240710365
LGBM,5,0,0,0.17311411492337545
LGBM,5,0,0,0.1783917711683214
LGBM,5,1,1,0.5997512858624159
LGBM,5,0,0,0.20777100971917545
LGBM,5,0,0,0.32617409708257544
LGBM,5,1,1,0.5662286884550413
LGBM,5,0,0,0.2788708893678712
LGBM,5,0,0,0.10174151888205406
LGBM,5,1,0,0.08537542531007038
LGBM,5,0,0,0.05691359707335522
LGBM,5,0,0,0.0472680993201773
LGBM,5,0,0,0.06712482231040165
LGBM,5,0,0,0.037247076066838566
LGBM,5,1,1,0.8733176881238863
LGBM,5,0,0,0.011812966508297659
LGBM,5,0,0,0.2657513002074798
LGBM,5,0,0,0.025922381203870876
LGBM,5,0,1,0.6131728099754378
LGBM,5,0,0,0.01357329638950124
LGBM,5,0,0,0.0346389434414545
LGBM,5,1,0,0.08257901483741949
LGBM,5,0,0,0.10581654560995006
LGBM,5,1,1,0.5202379500928099
LGBM,5,1,0,0.03018339699759811
LGBM,5,0,0,0.10305459111277704
LGBM,5,1,0,0.25167210278409025
LGBM,5,0,0,0.1779917733389737
LGBM,5,0,0,0.46257117084980276
LGBM,5,1,0,0.11417543730894884
LGBM,5,0,0,0.14042722588447207
LGBM,5,0,0,0.10466515999105519
LGBM,5,0,1,0.6437205242919086
LGBM,5,0,0,0.04541204912717772
LGBM,5,0,0,0.03980080935789468
LGBM,5,0,0,0.11242675178962548
LGBM,5,1,0,0.10942375681856571
LGBM,5,0,0,0.10551244868410803
LGBM,5,0,0,0.17825579337742295
LGBM,5,0,0,0.017330457872033276
LGBM,5,0,0,0.07909857852306837
LGBM,5,1,0,0.03331609165122599
LGBM,5,1,0,0.05467714899515675
LGBM,5,1,1,0.7595315600337008
LGBM,5,1,0,0.051672911760564856
LGBM,5,0,0,0.06673936257738088
LGBM,5,1,1,0.5846880666422334
LGBM,5,1,0,0.23782073352072525
LGBM,5,0,0,0.045590198431778986
LGBM,5,0,0,0.1074842148948316
LGBM,5,0,0,0.014750363976522416
LGBM,5,0,0,0.3157407056277384
LGBM,5,1,0,0.01613234253471806
LGBM,5,0,0,0.15715486710067775
LGBM,5,1,0,0.08373488269527843
LGBM,5,0,0,0.061533428490709335
LGBM,5,0,0,0.117762944112875
LGBM,5,0,0,0.23402305709612717
LGBM,5,0,0,0.1661742575014971
LGBM,5,1,0,0.0274306128996099
LGBM,5,0,0,0.11427339370625905
LGBM,5,0,0,0.052650083214047586
LGBM,5,0,0,0.02491519150963013
LGBM,5,0,0,0.40210231495573867
LGBM,5,0,0,0.20952327117268577
LGBM,5,0,0,0.07021313489231787
LGBM,5,0,0,0.1715582714472358
LGBM,5,1,1,0.8926594898135849
LGBM,5,0,0,0.013283708575378469
LGBM,5,0,0,0.24228004447800203
LGBM,5,0,0,0.42076269935217303
LGBM,5,0,0,0.12388037006732631
LGBM,5,0,0,0.13587480247145522
LGBM,5,0,0,0.24550824899249105
LGBM,5,0,0,0.0388901864274975
LGBM,5,1,0,0.12217136080941747
LGBM,5,1,0,0.07443505238566156
LGBM,5,0,0,0.03851343308690475
LGBM,5,1,0,0.06470039933756895
LGBM,5,1,0,0.24780702025149487
LGBM,5,0,0,0.0546739849545691
LGBM,5,0,0,0.2513211503605243
LGBM,5,1,0,0.23596589026619721
LGBM,5,0,0,0.17597177851876122
LGBM,5,0,0,0.056848696826731625
LGBM,5,0,0,0.06262191118461873
LGBM,5,0,0,0.1607139438607636
LGBM,5,0,0,0.15929645046867336
LGBM,5,0,0,0.18350150439888044
LGBM,5,1,0,0.380592043396137
LGBM,5,0,0,0.008000726970271899
LGBM,5,0,0,0.050406897698776806
LGBM,5,0,0,0.1671559350023366
LGBM,5,0,0,0.04823384138093821
LGBM,5,0,1,0.8184517311473838
LGBM,5,1,0,0.08620484496512647
LGBM,5,0,0,0.028359862928162248
LGBM,5,0,0,0.15053563168560255
LGBM,5,0,0,0.3036324622188026
LGBM,5,0,0,0.10301978095284003
LGBM,5,0,0,0.1934527040501457
LGBM,5,0,0,0.008268325108595976
LGBM,5,0,0,0.023642785441156312
LGBM,5,1,1,0.7228765704287763
LGBM,5,0,0,0.013926429940328689
LGBM,5,1,0,0.11066419615370936
LGBM,5,0,1,0.5151843941195624
LGBM,5,1,0,0.23072819138262332
LGBM,5,0,0,0.13455502660561466
LGBM,5,0,0,0.1257843128932251
LGBM,5,0,0,0.0305616633739093
LGBM,5,0,0,0.023612904235731622
LGBM,5,1,0,0.2153544741019539
LGBM,5,0,0,0.25636936680316513
LGBM,5,0,0,0.10061537693561269
LGBM,5,0,0,0.047256854111688416
LGBM,5,0,0,0.1741628041900133
LGBM,5,0,0,0.44733775736629294
LGBM,5,0,0,0.3012982132454067
LGBM,5,0,0,0.09425536596327105
LGBM,5,1,1,0.9820823519088426
LGBM,5,0,0,0.013504758385486714
LGBM,5,0,0,0.31630479244870346
LGBM,5,0,0,0.34766563237596004
LGBM,5,0,0,0.0564773436118671
LGBM,5,0,0,0.010491200739418031
LGBM,5,0,0,0.07542018631217384
LGBM,5,0,0,0.10748223319739877
LGBM,5,0,0,0.19478015352313946
LGBM,5,0,0,0.385447902111735
LGBM,5,1,0,0.18658460928801834
LGBM,5,0,0,0.06317232259766117
LGBM,5,0,1,0.5234022277396025
LGBM,5,1,0,0.08568052409933798
LGBM,5,0,0,0.016908995175198924
LGBM,5,1,1,0.7225290063564508
LGBM,5,1,0,0.16757805985016955
LGBM,5,0,0,0.0726917192798144
LGBM,5,0,1,0.6508155034411007
LGBM,5,1,0,0.03656382367872199
LGBM,5,1,1,0.8932161012543576
LGBM,5,0,0,0.05436263072272876
LGBM,5,0,0,0.05444133560538436
LGBM,5,1,0,0.0611621515004205
LGBM,5,0,0,0.11059681503977777
LGBM,5,0,0,0.09890909283143712
LGBM,5,0,0,0.2528244664290164
LGBM,5,1,0,0.4940666291109633
LGBM,5,0,0,0.24042571525177783
LGBM,5,0,0,0.3219635258694342
LGBM,5,0,0,0.14316194481276462
LGBM,5,0,0,0.24153184807679529
LGBM,5,0,0,0.03144879614895777
LGBM,5,0,0,0.39505749600594836
LGBM,5,1,0,0.24540489592984485
LGBM,5,0,0,0.2694824002158707
LGBM,5,0,0,0.09007985243900075
LGBM,5,0,0,0.05457003084544757
LGBM,5,0,0,0.43746397274385684
LGBM,5,1,0,0.4640832463865746
LGBM,5,0,0,0.14696025831084425
LGBM,5,0,0,0.08524193849368857
LGBM,5,0,0,0.031108996732506267
LGBM,5,0,0,0.07764348326999898
LGBM,5,1,0,0.24143740774508604
LGBM,5,0,0,0.010559629292465695
LGBM,5,0,1,0.6503869890947731
LGBM,5,0,0,0.04713130718892901
LGBM,5,0,0,0.05525437217393743
LGBM,5,1,0,0.12096611716227366
LGBM,5,1,1,0.9500572462007612
LGBM,5,0,0,0.012010044536778505
LGBM,5,0,0,0.01720576036166157
LGBM,5,0,0,0.09749104274737569
LGBM,5,0,0,0.12369218675273486
LGBM,5,1,0,0.16342281763985889
LGBM,5,0,0,0.13792091952690072
LGBM,5,1,1,0.7477452785674833
LGBM,5,0,0,0.21493537708070135
LGBM,5,0,0,0.025923591761743095
LGBM,5,0,0,0.10820795275844651
LGBM,5,1,0,0.12465219908618613
LGBM,5,0,0,0.04103722467776399
LGBM,5,0,0,0.036960134845061825
LGBM,5,1,1,0.7569959611323099
LGBM,5,0,0,0.026135695561803274
LGBM,5,1,1,0.8455795489891532
LGBM,5,0,0,0.3950182142850439
LGBM,5,0,0,0.029907983555411882
LGBM,5,1,0,0.3195240177643124
LGBM,5,0,0,0.03825020531954768
LGBM,5,0,0,0.018046576795849877
LGBM,5,1,0,0.09234174778463121
LGBM,5,0,0,0.17269066172560898
LGBM,5,0,0,0.12508036965824273
LGBM,5,0,0,0.29229709968817547
LGBM,5,0,0,0.13799273123869338
LGBM,5,0,0,0.20045777559470443
LGBM,5,0,0,0.1046450795976374
LGBM,5,1,0,0.0623112132332994
LGBM,5,0,0,0.24530859068814523
LGBM,5,0,0,0.11696660679134169
LGBM,5,0,0,0.06104455448709435
LGBM,5,0,0,0.11823953203134437
LGBM,5,0,0,0.11520162645874275
LGBM,5,0,0,0.24285084870036858
LGBM,5,0,0,0.383565127557079
LGBM,5,0,0,0.015256489436544824
LGBM,5,0,0,0.09880143787326001
LGBM,5,0,0,0.27848449637223704
LGBM,5,0,1,0.7105323482881797
LGBM,5,0,0,0.462539875545943
LGBM,5,0,0,0.3098189662616315
LGBM,5,0,0,0.21445948091509828
LGBM,5,0,0,0.03472272152603513
LGBM,5,0,0,0.11557808556438262
LGBM,5,0,0,0.07202332525285196
LGBM,5,1,0,0.07851629362350483
LGBM,5,0,0,0.12995073441302038
LGBM,5,0,0,0.3566412944750033
LGBM,5,0,0,0.085538689933319
LGBM,5,0,0,0.011520629204389541
LGBM,5,1,1,0.7872964759224957
LGBM,5,0,0,0.022105942512922815
LGBM,5,1,1,0.5834526585162139
LGBM,5,0,0,0.15214606262692537
LGBM,5,0,0,0.016813420602588072
LGBM,5,1,0,0.09382906616020008
LGBM,5,0,0,0.1054591246894742
LGBM,5,0,0,0.18134108551042277
LGBM,5,0,0,0.07749669491378014
LGBM,5,0,0,0.41029325212591283
LGBM,5,0,0,0.2954928898314448
LGBM,5,0,0,0.12353492040895982
LGBM,5,0,1,0.7310446028370319
LGBM,5,1,0,0.3071080139704296
LGBM,5,1,1,0.5488874579500761
LGBM,5,0,0,0.028925036912487725
LGBM,5,0,0,0.05905681609094094
LGBM,5,0,0,0.07073186542318316
LGBM,5,0,1,0.96175784092024
LGBM,5,0,0,0.0739356844333772
LGBM,5,0,0,0.10854735717648642
LGBM,5,0,0,0.1399748625470443
LGBM,5,0,0,0.0011470050227389843
LGBM,5,0,0,0.07712136885530121
LGBM,5,0,0,0.022444300090881313
LGBM,5,0,0,0.2912610118003911
LGBM,5,1,0,0.1857736610098668
LGBM,5,0,0,0.16014069055655733
LGBM,5,0,0,0.17431668893995317
LGBM,5,0,1,0.8455720697556351
LGBM,5,0,0,0.11999699057731099
LGBM,5,0,0,0.005968765970019825
LGBM,5,1,0,0.019311577202085397
LGBM,5,0,0,0.15722255050952
LGBM,5,0,0,0.28965112848505403
LGBM,5,1,0,0.32024978758538236
LGBM,5,0,0,0.08479794894564413
LGBM,5,0,0,0.33680289510784817
LGBM,5,0,0,0.08116012297850266
LGBM,5,0,0,0.2809954772486322
LGBM,5,1,0,0.058256625289215054
LGBM,5,0,0,0.2740861360220575
LGBM,5,0,0,0.000984831291826127
LGBM,5,0,0,0.08420677786432577
LGBM,5,1,0,0.04255401222615082
LGBM,5,0,0,0.15664412597784275
LGBM,5,1,0,0.4626040764389145
LGBM,5,0,0,0.10506922571713966
LGBM,5,0,0,0.2905849758711392
LGBM,5,0,0,0.057098447505416816
LGBM,5,0,0,0.17402147819122282
LGBM,5,0,0,0.09625722006658528
LGBM,5,0,0,0.045943489133342716
LGBM,5,0,0,0.03238546764206223
LGBM,5,0,0,0.15534797188607974
LGBM,5,0,0,0.0341141621437707
LGBM,5,0,0,0.40177555469366344
LGBM,5,0,0,0.06132196640795063
LGBM,5,1,0,0.35371957601620524
LGBM,5,0,0,0.03691509996815745
LGBM,5,0,0,0.04734679020814758
LGBM,5,0,0,0.016603419322527607
LGBM,5,0,0,0.041888223399181614
LGBM,5,1,0,0.34900103770424956
LGBM,5,0,0,0.08655098259484101
LGBM,5,0,1,0.766438477029526
LGBM,5,0,0,0.3301931223863687
LGBM,5,0,0,0.1682206815852458
LGBM,5,0,0,0.03878589453697715
LGBM,5,1,0,0.3030455249742925
LGBM,5,0,0,0.016627404745813795
LGBM,5,0,0,0.2816619092394921
LGBM,5,0,0,0.08521518521195591
LGBM,5,0,0,0.09941776996924154
LGBM,5,0,0,0.1962080481496594
LGBM,5,0,0,0.08590789637986519
LGBM,5,0,0,0.1255785547701282
LGBM,5,0,1,0.8306029209095581
LGBM,5,0,0,0.017593420291676782
LGBM,5,0,0,0.3963842573350972
LGBM,5,0,0,0.1547323032694724
LGBM,5,0,0,0.1253561397015393
LGBM,5,0,0,0.24767644925650972
LGBM,5,0,0,0.1445965544998598
LGBM,5,1,0,0.1458516722716622
LGBM,5,1,1,0.5275540066774661
LGBM,5,1,0,0.016070981177102216
LGBM,5,0,0,0.1580862815143924
LGBM,5,0,0,0.1054182634508214
LGBM,5,0,0,0.010240416316636082
LGBM,5,0,0,0.042062277529637926
LGBM,5,0,0,0.048261823929928956
LGBM,5,1,1,0.7225892787301625
LGBM,5,1,0,0.2218806761211294
LGBM,5,0,0,0.07599463902126112
LGBM,5,1,0,0.0848688318012547
LGBM,5,0,0,0.22298717938088106
LGBM,5,0,0,0.029315449680085294
LGBM,5,1,1,0.5136121523727596
LGBM,5,0,0,0.1349780057742068
LGBM,5,0,0,0.025904419894332592
LGBM,5,0,1,0.8994568799953581
LGBM,5,1,0,0.2417213567994525
LGBM,5,0,0,0.06026685795530258
LGBM,5,0,0,0.031716427330726035
LGBM,5,0,0,0.07846901216325185
LGBM,5,0,0,0.03469288283757947
LGBM,5,0,0,0.10111687489068076
LGBM,5,1,1,0.7696631982586959
LGBM,5,0,0,0.4843662535204178
LGBM,5,0,0,0.25752738835795014
LGBM,5,1,0,0.248504306824522
LGBM,5,0,0,0.006902315748241656
LGBM,5,1,0,0.18748006338241882
LGBM,5,0,0,0.09664540890440766
LGBM,5,0,0,0.20550912795014675
LGBM,5,0,0,0.025364215833324006
LGBM,5,0,0,0.17457710323398568
LGBM,5,0,0,0.02555892364070375
LGBM,5,0,0,0.0653720306356829
LGBM,5,0,1,0.992038225459006
LGBM,5,1,0,0.1797198461525874
LGBM,5,0,0,0.05171436051441322
LGBM,5,0,0,0.34130284927381505
LGBM,5,1,0,0.2658284794164532
LGBM,5,0,0,0.0029273259576723834
LGBM,5,1,0,0.02830827226835972
LGBM,5,0,0,0.24147751539129855
LGBM,5,0,0,0.024672416167520583
LGBM,5,0,0,0.05639848445326432
LGBM,5,0,0,0.013014968648252662
LGBM,5,0,0,0.037058239915506754
LGBM,5,0,0,0.014516302278500232
LGBM,5,1,0,0.2777225659922025
LGBM,5,0,0,0.16495419914323028
LGBM,5,1,0,0.28455389644067136
LGBM,5,0,0,0.06300784402196621
LGBM,5,0,1,0.6610226569409458
LGBM,5,1,0,0.014343468358772815
LGBM,5,1,0,0.013791186079136736
LGBM,5,0,1,0.645368691564061
LGBM,5,0,0,0.05653239096545136
LGBM,5,0,1,0.6928976914269475
LGBM,5,1,0,0.4660497919082115
LGBM,5,0,0,0.023417527413761904
LGBM,5,0,0,0.041169125932357074
LGBM,5,0,0,0.01079337168058572
LGBM,5,0,0,0.471225372315094
LGBM,5,0,0,0.025526745323068187
LGBM,5,1,0,0.08533740976276899
LGBM,5,1,1,0.5821043601384774
LGBM,5,0,1,0.6017080820898897
LGBM,5,0,0,0.01444134313695424
LGBM,5,0,0,0.08340578407911313
LGBM,5,1,1,0.5636976167845223
LGBM,5,0,0,0.20946694091087226
LGBM,5,0,0,0.2801536335741445
LGBM,5,0,0,0.058298203379133946
LGBM,5,0,0,0.07465018438400847
LGBM,5,1,0,0.2668897618511045
LGBM,5,0,0,0.32100669068625076
LGBM,5,0,0,0.1623433378560346
LGBM,5,0,0,0.46378338083112136
LGBM,5,0,0,0.014198510890482833
LGBM,5,0,0,0.06589919514068103
LGBM,5,0,0,0.09825410168731176
LGBM,5,0,1,0.8928624246832093
LGBM,5,0,0,0.09326280301328867
LGBM,5,0,0,0.11473001548327771
LGBM,5,0,0,0.06995511019208096
LGBM,5,0,0,0.004084514639228333
LGBM,5,0,0,0.19226709238901638
LGBM,5,0,0,0.003367058637069422
LGBM,5,1,0,0.008053843480382438
LGBM,5,0,0,0.11120795146433879
LGBM,5,0,0,0.1079831086930474
LGBM,5,1,1,0.8339480706783264
LGBM,5,0,0,0.11106466860223596
LGBM,5,1,0,0.24113487804571862
LGBM,5,0,0,0.2803902912846468
LGBM,5,0,0,0.06066816121749584
LGBM,5,0,0,0.05413611848204463
LGBM,5,0,0,0.32204281254638645
LGBM,5,1,0,0.21888391211598857
LGBM,5,0,1,0.6414962654610498
LGBM,5,1,0,0.18163252861553916
LGBM,5,0,0,0.009497108415677654
LGBM,5,1,0,0.36205091509199644
LGBM,5,0,0,0.32742371322174707
LGBM,5,0,0,0.2744608210268848
LGBM,5,0,0,0.37876640256320143
LGBM,5,0,0,0.21742042826951838
LGBM,5,0,0,0.12233257242542862
LGBM,5,0,1,0.9213577430459228
LGBM,5,1,0,0.30396483607997205
LGBM,5,0,0,0.14407948373915477
LGBM,5,1,0,0.3162897452393389
LGBM,5,0,0,0.12733452743367576
LGBM,5,0,0,0.0502117076618154
LGBM,5,0,0,0.1751321777903686
LGBM,5,0,0,0.05052176620971541
LGBM,5,0,0,0.04625871883526596
LGBM,5,0,0,0.049869022777660935
LGBM,5,0,0,0.13428534447592644
LGBM,5,0,0,0.23875618849653685
LGBM,5,0,0,0.010523888267076885
LGBM,5,0,0,0.3289804261861684
LGBM,5,0,0,0.23395614122247319
LGBM,5,0,0,0.16200048538521358
LGBM,5,0,0,0.2387057780669957
LGBM,5,0,0,0.009989839717691571
LGBM,5,0,0,0.12710664931751384
LGBM,5,0,0,0.13190290883162012
LGBM,5,0,0,0.09542527067644291
LGBM,5,0,0,0.03753457973710113
LGBM,5,0,0,0.056814968010172134
LGBM,5,0,0,0.08218489531662622
LGBM,5,0,0,0.01807401168105233
LGBM,5,0,0,0.026922763300011785
LGBM,5,0,0,0.062254892961605704
LGBM,5,0,0,0.1358225972164398
LGBM,5,1,1,0.8589959878875434
LGBM,5,0,0,0.16615114160662464
LGBM,5,0,0,0.02052810553009206
LGBM,5,0,0,0.10744594564210831
LGBM,5,0,0,0.058962062652460706
LGBM,5,0,0,0.10453668009032246
LGBM,5,0,0,0.15353581411681588
LGBM,5,1,0,0.10983826945392482
LGBM,5,0,0,0.04713092387865525
LGBM,5,0,0,0.05731345381044407
LGBM,5,0,0,0.2271941723183914
LGBM,5,0,0,0.019873014218393856
LGBM,5,0,0,0.21580377402159448
LGBM,5,0,0,0.19877697229578303
LGBM,5,0,0,0.2884519339057305
LGBM,5,0,0,0.19951714548046703
LGBM,5,0,0,0.4804771842129915
LGBM,5,0,0,0.1251504129138016
LGBM,5,0,0,0.09485456996979862
MLP,1,0,0,0.12217348700947055
MLP,1,1,0,0.10839095530292571
MLP,1,0,0,0.07995387531461155
MLP,1,1,0,0.06759695057361909
MLP,1,0,0,0.09814995342499427
MLP,1,0,0,0.10903440547064573
MLP,1,0,0,0.08529841819704904
MLP,1,0,0,0.14927586071569754
MLP,1,0,0,0.08371938094167665
MLP,1,0,0,0.1163220459949992
MLP,1,0,0,0.19064701177089496
MLP,1,0,0,0.06200694891385415
MLP,1,0,0,0.06817399636583142
MLP,1,0,0,0.10361327121877492
MLP,1,0,0,0.10622447045827219
MLP,1,0,0,0.08995811946959593
MLP,1,0,0,0.18397395583667275
MLP,1,0,0,0.12609008161911045
MLP,1,0,0,0.17306537449984252
MLP,1,0,0,0.08427720352532522
MLP,1,0,0,0.16200987480274137
MLP,1,0,1,0.8355651065026573
MLP,1,1,0,0.1854213056910015
MLP,1,1,0,0.26105219109072325
MLP,1,0,0,0.14926023417308415
MLP,1,0,0,0.14308612147461208
MLP,1,0,0,0.15635349829094428
MLP,1,0,0,0.17660484889042252
MLP,1,0,0,0.13956852830580974
MLP,1,1,0,0.12937137767748946
MLP,1,0,0,0.15172606743945224
MLP,1,0,0,0.1275555067003232
MLP,1,1,0,0.31623788416285337
MLP,1,0,0,0.3105090625747025
MLP,1,0,0,0.1200550977200994
MLP,1,0,0,0.0913348081951401
MLP,1,0,0,0.4344782400091051
MLP,1,1,0,0.3305822513083891
MLP,1,0,0,0.1508433192920889
MLP,1,0,0,0.12137125630723765
MLP,1,0,0,0.15431846435902674
MLP,1,1,0,0.15432399745232434
MLP,1,0,0,0.10617119926891637
MLP,1,0,0,0.39265327259437205
MLP,1,0,0,0.19871802399551478
MLP,1,0,0,0.22392870894895545
MLP,1,1,0,0.24691233934196027
MLP,1,0,0,0.058861484600848314
MLP,1,0,0,0.16462634621797306
MLP,1,1,0,0.11195699886957852
MLP,1,1,0,0.10882064823685206
MLP,1,0,0,0.12673337070386567
MLP,1,0,0,0.13068744634046287
MLP,1,0,0,0.1257167661733362
MLP,1,0,0,0.08008492569205149
MLP,1,0,0,0.1707628385088423
MLP,1,1,0,0.35057667633244316
MLP,1,0,0,0.3768528868450479
MLP,1,0,0,0.10665286631471295
MLP,1,1,1,0.9837267911234984
MLP,1,0,0,0.20945809344210742
MLP,1,1,0,0.4869141571862304
MLP,1,0,0,0.30496868986477055
MLP,1,0,0,0.11986972311721328
MLP,1,0,0,0.2080782009811599
MLP,1,0,0,0.29252885303141507
MLP,1,0,0,0.05073736850383377
MLP,1,1,0,0.15903519666677224
MLP,1,1,1,0.9284653429529697
MLP,1,0,0,0.14129002195837126
MLP,1,0,0,0.08563802045004977
MLP,1,0,0,0.25279344870966475
MLP,1,0,0,0.08209925788149479
MLP,1,0,0,0.07459031304986478
MLP,1,0,0,0.09823929538045696
MLP,1,1,0,0.21124697728206787
MLP,1,0,0,0.20045783220060057
MLP,1,0,0,0.07016547666520857
MLP,1,1,0,0.09863963190860785
MLP,1,0,0,0.2625080911544302
MLP,1,0,0,0.1539986165293371
MLP,1,0,0,0.13728680686039776
MLP,1,0,0,0.21152763030164717
MLP,1,0,0,0.2065585440229785
MLP,1,0,0,0.1393386638828452
MLP,1,0,0,0.19875437658432032
MLP,1,0,1,0.5344230559136969
MLP,1,0,0,0.4398627513386299
MLP,1,0,0,0.23639628632327767
MLP,1,1,1,0.6662090373524225
MLP,1,0,0,0.17982338390777353
MLP,1,0,0,0.045548629107447544
MLP,1,0,0,0.22982515331400483
MLP,1,0,0,0.11554826495405197
MLP,1,0,0,0.199064692873688
MLP,1,0,0,0.10266858377055768
MLP,1,1,0,0.30272805705882644
MLP,1,0,0,0.1949663886906237
MLP,1,0,1,0.6822349014921636
MLP,1,1,0,0.3390445178302581
MLP,1,0,0,0.18597061699533535
MLP,1,0,0,0.35274473281789515
MLP,1,1,0,0.27055121372790913
MLP,1,1,1,0.6462622576640419
MLP,1,0,0,0.08591509425392888
MLP,1,0,0,0.27463746190900296
MLP,1,0,0,0.338047110027038
MLP,1,0,0,0.13525420941601848
MLP,1,0,0,0.06790164434508286
MLP,1,1,1,0.7543153041329066
MLP,1,0,0,0.09015444931798695
MLP,1,0,0,0.11786754232756212
MLP,1,0,0,0.2428225683713952
MLP,1,0,0,0.2830607857357993
MLP,1,1,0,0.3560873425043681
MLP,1,1,1,0.9710662567073391
MLP,1,0,0,0.09967154399309311
MLP,1,1,0,0.1296498509924869
MLP,1,1,0,0.349497845305272
MLP,1,1,0,0.2237858895672563
MLP,1,0,0,0.09699507988643365
MLP,1,0,0,0.4284881234836583
MLP,1,1,0,0.10461021506468571
MLP,1,0,0,0.045696531626930534
MLP,1,0,0,0.13505096692033677
MLP,1,0,0,0.06989017423718427
MLP,1,1,0,0.2654339198682745
MLP,1,0,0,0.2502085125049263
MLP,1,0,0,0.27328227017615564
MLP,1,0,0,0.11040735002376795
MLP,1,0,0,0.22707114183179977
MLP,1,0,0,0.21400547371387388
MLP,1,0,0,0.09439522073019584
MLP,1,0,0,0.14687600986254265
MLP,1,0,0,0.036091655433569715
MLP,1,1,0,0.20729630692579043
MLP,1,0,0,0.24483364547338018
MLP,1,0,0,0.197756838010748
MLP,1,1,0,0.11626637939636429
MLP,1,0,0,0.09567395281050478
MLP,1,0,0,0.06789857953724666
MLP,1,1,0,0.1715498882066267
MLP,1,0,0,0.18993238906922394
MLP,1,0,0,0.11733401521228579
MLP,1,0,0,0.1561033388535775
MLP,1,0,0,0.15423056955170295
MLP,1,1,0,0.38184125656155765
MLP,1,0,1,0.994465720140484
MLP,1,0,0,0.09939066035218318
MLP,1,0,0,0.2051220452070407
MLP,1,1,0,0.20860754834311543
MLP,1,0,0,0.10259512893586878
MLP,1,0,0,0.3069605706672711
MLP,1,0,0,0.3527495748678246
MLP,1,0,0,0.18223622967714087
MLP,1,0,0,0.026363663118046787
MLP,1,0,0,0.18365593349917209
MLP,1,0,1,0.5048881202717789
MLP,1,0,0,0.26164280588554045
MLP,1,0,0,0.09804882503069648
MLP,1,0,0,0.23670790513366594
MLP,1,0,0,0.13486286573875853
MLP,1,0,0,0.17547437569394464
MLP,1,0,0,0.11677977168659535
MLP,1,0,0,0.29786512727625397
MLP,1,0,0,0.1333757311338439
MLP,1,0,0,0.20063775791045826
MLP,1,1,0,0.12341592562459938
MLP,1,1,1,0.5793171614949959
MLP,1,0,0,0.2107386421598908
MLP,1,0,0,0.21107686778833007
MLP,1,1,0,0.16421491490490095
MLP,1,0,0,0.10396799064399234
MLP,1,0,1,0.6747796193748892
MLP,1,0,0,0.2812540347113419
MLP,1,0,0,0.11998508789302638
MLP,1,0,0,0.21924538667084836
MLP,1,0,0,0.19079723826603642
MLP,1,0,0,0.1906743344641381
MLP,1,0,0,0.16417074924905453
MLP,1,0,0,0.16087336269930158
MLP,1,0,0,0.08951590950276621
MLP,1,0,0,0.07937960120711066
MLP,1,0,0,0.1640034963300261
MLP,1,0,0,0.22501451105451234
MLP,1,0,0,0.09188368398635671
MLP,1,0,0,0.2849345352287398
MLP,1,0,0,0.13000934714642073
MLP,1,1,0,0.2472484052009923
MLP,1,0,0,0.11487161827090565
MLP,1,1,0,0.46539050230149265
MLP,1,0,0,0.1708425214299032
MLP,1,1,0,0.45838314099291694
MLP,1,1,0,0.3543645096527565
MLP,1,0,0,0.06139052874448267
MLP,1,0,0,0.09905203558048885
MLP,1,0,0,0.08402745861585251
MLP,1,1,0,0.20925620066527867
MLP,1,1,0,0.20435480658719085
MLP,1,1,0,0.222740356420272
MLP,1,0,0,0.058790090054696605
MLP,1,0,0,0.08705462387733637
MLP,1,1,1,0.5075205315317762
MLP,1,1,0,0.38566669925977676
MLP,1,0,0,0.08078491874365464
MLP,1,0,0,0.10282931863055636
MLP,1,0,0,0.06039453661519403
MLP,1,0,0,0.12833967738699803
MLP,1,0,0,0.16544190924507082
MLP,1,0,0,0.20513371617295711
MLP,1,0,0,0.19864650638952933
MLP,1,0,0,0.1645688209758743
MLP,1,0,0,0.16754985018957552
MLP,1,0,0,0.18287010995951702
MLP,1,0,0,0.08641257671810235
MLP,1,0,0,0.08732104016169207
MLP,1,1,0,0.010871792813134412
MLP,1,1,0,0.30179008637090954
MLP,1,0,0,0.09665803882803987
MLP,1,1,1,0.5176911436278042
MLP,1,0,0,0.1340987478631785
MLP,1,0,0,0.15123528065624375
MLP,1,1,0,0.18621404640455477
MLP,1,0,0,0.08802398995874253
MLP,1,0,0,0.08323584488132033
MLP,1,0,0,0.12912701767791135
MLP,1,0,0,0.06449695403949113
MLP,1,0,1,0.7329388265100903
MLP,1,1,0,0.163120856892741
MLP,1,1,0,0.3484818215967006
MLP,1,0,0,0.13044421152612515
MLP,1,0,0,0.06029332814483575
MLP,1,0,0,0.17467198024164207
MLP,1,0,0,0.2229267112318757
MLP,1,0,0,0.28298129491257656
MLP,1,0,0,0.20369944876357832
MLP,1,0,0,0.22484332089334244
MLP,1,0,0,0.27061612902575505
MLP,1,0,0,0.12306692662660185
MLP,1,0,0,0.1515326912494567
MLP,1,0,0,0.12703357976542742
MLP,1,0,0,0.1454027539586254
MLP,1,0,0,0.07556727033986313
MLP,1,0,0,0.04920096596707474
MLP,1,0,0,0.16743286089818274
MLP,1,0,0,0.3157991454968921
MLP,1,1,0,0.22900467820806375
MLP,1,0,0,0.20177002219589835
MLP,1,0,0,0.12300060525206181
MLP,1,1,0,0.2658324953843196
MLP,1,0,0,0.3397128702111982
MLP,1,0,0,0.0858671560271922
MLP,1,0,1,0.509885687718781
MLP,1,0,0,0.12280245489938975
MLP,1,0,0,0.15966352574740963
MLP,1,1,0,0.2022935329910395
MLP,1,0,0,0.08404127530029505
MLP,1,0,0,0.22103348087082825
MLP,1,0,0,0.21779454805078263
MLP,1,0,0,0.15069649491537201
MLP,1,0,0,0.11668155868295757
MLP,1,0,0,0.11752268645537803
MLP,1,0,0,0.16827148724341198
MLP,1,0,0,0.0322556975914964
MLP,1,0,0,0.045527301914390236
MLP,1,0,0,0.23374854168681689
MLP,1,0,0,0.12799561336664603
MLP,1,1,1,0.9902313498968425
MLP,1,0,0,0.10374393112935829
MLP,1,1,0,0.03889838519444325
MLP,1,0,0,0.06478062857821754
MLP,1,0,0,0.147514762406391
MLP,1,0,0,0.23796607765311792
MLP,1,1,0,0.1261496366599957
MLP,1,0,0,0.3391023166500851
MLP,1,0,0,0.10446404725289542
MLP,1,0,0,0.0880697300298281
MLP,1,0,0,0.21249636627666474
MLP,1,0,0,0.22304268215620218
MLP,1,0,0,0.1882304872329687
MLP,1,0,0,0.10397443201112087
MLP,1,0,0,0.10752685832278917
MLP,1,0,0,0.1595414606800933
MLP,1,0,0,0.10478647362365012
MLP,1,0,0,0.08987329295660128
MLP,1,0,0,0.13011393209562905
MLP,1,1,0,0.2525394646492373
MLP,1,0,0,0.24049518323280542
MLP,1,0,0,0.14458371698703393
MLP,1,0,0,0.1109216930989414
MLP,1,0,0,0.16262272363599437
MLP,1,1,0,0.23232143600871896
MLP,1,0,0,0.2091997201106281
MLP,1,1,0,0.08555395747261339
MLP,1,0,0,0.22015422634035348
MLP,1,0,0,0.12789548155787572
MLP,1,0,0,0.17141835722419485
MLP,1,0,0,0.14781094614130558
MLP,1,0,0,0.3570673544735968
MLP,1,0,0,0.14475101774538313
MLP,1,0,0,0.035497466860843915
MLP,1,0,0,0.12613567401506215
MLP,1,0,0,0.370924368194489
MLP,1,1,0,0.3083181478928699
MLP,1,1,0,0.24933918089019316
MLP,1,0,0,0.18942295105225493
MLP,1,0,0,0.12933810149157088
MLP,1,0,0,0.12330909920934867
MLP,1,0,0,0.2703580338585913
MLP,1,0,0,0.14874142415534483
MLP,1,0,0,0.24522890647790144
MLP,1,0,0,0.09333282620320114
MLP,1,0,0,0.10728853582138802
MLP,1,0,0,0.11960983318766796
MLP,1,0,0,0.11793775091532561
MLP,1,1,0,0.21001481082035262
MLP,1,0,0,0.0764292269363447
MLP,1,0,0,0.0818641339388388
MLP,1,0,0,0.2058191174835614
MLP,1,1,1,0.7560040259958966
MLP,1,0,0,0.15757163835636512
MLP,1,0,0,0.17456495613861722
MLP,1,1,0,0.179805785508303
MLP,1,1,0,0.09192434936736792
MLP,1,0,0,0.19206695347808894
MLP,1,0,0,0.1947036255403171
MLP,1,0,0,0.16074885871728758
MLP,1,0,0,0.06760211792150661
MLP,1,1,1,0.9999999999999998
MLP,1,0,0,0.08046583855203554
MLP,1,0,0,0.053164871772210166
MLP,1,0,0,0.16409564502004498
MLP,1,0,0,0.11484150612967449
MLP,1,0,0,0.13680070477715045
MLP,1,0,0,0.3146843338560298
MLP,1,0,0,0.07069938801610617
MLP,1,1,1,0.8682794522838352
MLP,1,0,0,0.06039311862487098
MLP,1,0,0,0.0654182795360158
MLP,1,0,0,0.2054607043204034
MLP,1,0,0,0.12710604827668756
MLP,1,0,0,0.1601121439409662
MLP,1,1,1,0.5248865654049455
MLP,1,1,0,0.06821188428168583
MLP,1,0,0,0.34662391054484915
MLP,1,0,0,0.18484842284093872
MLP,1,0,0,0.17415107050118664
MLP,1,0,0,0.17230919640698855
MLP,1,0,0,0.13125002892503546
MLP,1,0,0,0.42848127868546104
MLP,1,0,0,0.16223358449324488
MLP,1,1,0,0.00033309738946395227
MLP,1,0,0,0.19891446060610085
MLP,1,1,0,0.1101849858332187
MLP,1,0,0,0.13131162202924532
MLP,1,0,0,3.3816676332555054e-05
MLP,1,0,0,0.10496076839803295
MLP,1,0,0,0.17931073303130926
MLP,1,1,0,0.20793812601456033
MLP,1,0,0,0.17354856552177192
MLP,1,0,0,0.1858553494320262
MLP,1,0,0,0.14172412498040973
MLP,1,0,0,0.1569447787225986
MLP,1,0,0,0.15395830068297844
MLP,1,0,0,0.08859595480149314
MLP,1,0,0,0.26466660731359926
MLP,1,0,0,0.11094127734395871
MLP,1,0,0,0.13181765044313565
MLP,1,0,0,0.13696107681362416
MLP,1,0,0,0.43273597528274094
MLP,1,0,0,0.10273450942719933
MLP,1,0,0,0.07590183313857998
MLP,1,0,0,0.12989744551947208
MLP,1,0,0,0.08015522011904531
MLP,1,1,1,0.9953926641501044
MLP,1,0,0,0.1371673010102686
MLP,1,0,0,0.0844281860491046
MLP,1,0,0,0.30137397746080286
MLP,1,0,0,0.17592448197597035
MLP,1,0,0,0.09302152313476215
MLP,1,0,0,0.16888152748601276
MLP,1,0,0,0.1872571226025878
MLP,1,0,0,0.10830496837342905
MLP,1,1,0,0.13870393014669555
MLP,1,1,0,0.26387591108398456
MLP,1,0,0,0.07751253565319574
MLP,1,0,0,0.16763586668079158
MLP,1,0,1,0.5900120303060774
MLP,1,1,0,0.2593459627681355
MLP,1,0,0,0.15072013003442014
MLP,1,1,0,0.27617149783077427
MLP,1,1,0,0.08163508844487423
MLP,1,0,0,0.21416834644723481
MLP,1,0,0,0.20136180430470893
MLP,1,0,1,0.851934688817108
MLP,1,1,0,0.1790656871708503
MLP,1,1,0,0.002372896647082256
MLP,1,0,0,0.18671232821931869
MLP,1,1,0,0.18141288423030438
MLP,1,0,0,0.2141000097894805
MLP,1,0,0,0.2293872529397436
MLP,1,0,0,0.13469918699304836
MLP,1,1,0,0.16410257512343102
MLP,1,0,0,0.16994601833123835
MLP,1,1,0,0.29341926327447776
MLP,1,0,0,0.10309131657951509
MLP,1,0,0,0.15525270603034563
MLP,1,1,1,0.7419363654056045
MLP,1,1,0,0.2700237512158741
MLP,1,0,0,0.17493827382914834
MLP,1,0,0,0.18002260322336544
MLP,1,0,0,0.07586571161435887
MLP,1,0,0,0.1341964590974021
MLP,1,0,0,0.0758176978484703
MLP,1,0,0,0.11913971077941081
MLP,1,0,0,0.2536352412315942
MLP,1,0,0,0.13810010310278822
MLP,1,1,0,0.35154828741166405
MLP,1,0,0,0.25240476554248076
MLP,1,0,0,0.06782783635240937
MLP,1,0,0,0.10512003454706637
MLP,1,0,0,0.2532041263576764
MLP,1,0,0,0.1672416190296502
MLP,1,0,0,0.2643500991397186
MLP,1,1,0,0.1300782336806251
MLP,1,0,0,0.19260510582596177
MLP,1,0,0,0.31750329264256705
MLP,1,0,0,0.1543576136167241
MLP,1,0,0,0.2867519176281695
MLP,1,0,0,0.16648134469663317
MLP,1,0,0,0.2116017382394184
MLP,1,0,1,0.5671687104827409
MLP,1,0,0,0.06145486939836196
MLP,1,0,0,0.13058853752274707
MLP,1,0,0,0.23344920924569573
MLP,1,0,0,0.11383463144636272
MLP,1,0,0,0.07149720927985453
MLP,1,1,1,0.6185430159285344
MLP,1,0,0,0.1902144661604331
MLP,1,0,0,0.15376595368325896
MLP,1,0,0,0.22171816164829927
MLP,1,0,0,0.17453838052439624
MLP,1,0,0,0.11546905677474287
MLP,1,0,0,0.14950336244108536
MLP,1,0,0,0.1779200297016211
MLP,1,0,0,0.13354642957615226
MLP,1,0,0,0.12042407464611778
MLP,1,0,0,0.1815138198289212
MLP,1,0,0,0.1835618544601496
MLP,1,0,0,0.4297113824075426
MLP,1,0,0,0.0634636576568248
MLP,1,0,0,0.1085409269863295
MLP,1,0,0,0.12926674011410824
MLP,1,1,0,0.062330133468080806
MLP,1,0,0,0.05577057529030003
MLP,1,0,0,0.10400210072803631
MLP,1,0,0,0.3140665931123449
MLP,1,1,0,0.25734963368518643
MLP,1,0,0,0.23824681156133667
MLP,1,0,0,0.24468905074452846
MLP,1,0,0,0.1891856209385498
MLP,1,1,1,0.9814230665431037
MLP,1,0,0,0.3479123682736738
MLP,1,0,0,0.08023469350815764
MLP,1,1,0,0.3837454096242507
MLP,1,0,0,0.15797199126716177
MLP,1,0,0,0.2368755494815344
MLP,1,0,0,0.19257130512978435
MLP,1,0,0,0.11317365176774087
MLP,1,0,0,0.18538774098037863
MLP,1,0,0,0.3723826431992347
MLP,1,0,0,0.08961807740392393
MLP,1,1,0,0.11049214379543476
MLP,1,0,0,0.390636197964584
MLP,1,0,0,0.13429951937340573
MLP,1,0,0,0.08696938801252868
MLP,1,1,0,0.0853103665348207
MLP,1,0,0,0.1727291136887291
MLP,1,0,0,0.3755009487771303
MLP,1,1,0,0.06745242999816708
MLP,1,0,0,0.3101979001562657
MLP,1,1,0,0.12586203117263664
MLP,1,1,0,0.10939383029142333
MLP,1,0,0,0.3286623900469557
MLP,1,0,0,0.19261943525245723
MLP,1,1,0,0.2551929814330899
MLP,1,1,0,0.2251136078350451
MLP,1,0,0,0.1143262506417071
MLP,1,0,0,0.16350944279431265
MLP,1,0,0,0.153917835457978
MLP,1,0,0,0.06108562572726534
MLP,1,0,0,0.24772219059480982
MLP,1,0,0,0.1105787431823735
MLP,1,1,0,0.08693248519824509
MLP,1,1,0,0.09688219249954871
MLP,1,0,0,0.047250349012373564
MLP,1,0,0,0.12706441695756876
MLP,1,0,0,0.21751336515502803
MLP,1,1,0,0.12431993066058758
MLP,1,0,0,0.05113199186929495
MLP,1,0,0,0.143343311555009
MLP,1,0,0,0.48267434883589366
MLP,1,1,1,0.5720366571029575
MLP,1,0,0,0.07073497975279198
MLP,1,0,0,0.22699046928444797
MLP,1,1,0,0.335465785935455
MLP,1,0,0,0.12144558344133285
MLP,1,0,0,0.27112768371619145
MLP,1,0,0,0.3371173925580853
MLP,1,0,0,0.05300530261607093
MLP,1,0,0,0.4987320396282625
MLP,1,0,0,0.1134969782583332
MLP,1,0,0,0.16188529750021127
MLP,1,0,0,0.07976967657055978
MLP,1,0,0,0.1679560331149282
MLP,1,0,0,0.32357741611441104
MLP,1,0,0,0.21002774786848355
MLP,1,1,0,0.06178553332512184
MLP,1,0,0,0.1707697243936205
MLP,1,1,1,0.6815432463658704
MLP,1,0,0,0.08294527678165789
MLP,1,0,0,0.061147702003388656
MLP,1,0,0,0.22255142190246469
MLP,1,0,0,0.03736435186200138
MLP,1,0,0,0.12999480213073406
MLP,1,0,0,0.11957353178519331
MLP,1,0,0,0.0668008307186763
MLP,1,0,0,0.23696388044483496
MLP,1,0,0,0.11271894865052993
MLP,1,1,0,0.44443059576614335
MLP,1,1,0,0.4367237145914562
MLP,1,1,0,0.09303536098177259
MLP,1,0,0,0.12673821756785805
MLP,1,0,0,0.13944354713016105
MLP,1,1,0,0.13669648357498682
MLP,1,1,0,0.2698923054805609
MLP,1,0,0,0.16782715912080548
MLP,1,0,0,0.1910146528932932
MLP,1,0,0,0.21337891726228234
MLP,1,0,0,0.2545368285325491
MLP,1,0,0,0.21633261783696198
MLP,1,0,0,0.18276757013512773
MLP,1,0,0,0.13140860163241058
MLP,1,1,0,0.20590111114513795
MLP,1,0,0,0.07495116822954422
MLP,1,0,0,0.09074110073856384
MLP,1,0,0,0.18512702748546866
MLP,1,0,0,0.14033151276240918
MLP,1,0,0,0.12103235824720675
MLP,1,1,0,0.3813757446577643
MLP,1,1,0,0.19421269340666544
MLP,1,0,0,0.16778366675311326
MLP,1,0,0,0.16440571274268695
MLP,1,0,0,0.4447150812110117
MLP,1,0,0,0.17229198110823335
MLP,1,0,0,0.1631824139707615
MLP,1,1,1,0.6280591872688921
MLP,1,0,0,0.1451787736938552
MLP,1,0,0,0.41922196343916673
MLP,1,0,0,0.30376007445781833
MLP,1,0,0,0.24685218508449674
MLP,1,0,0,0.10235233687323672
MLP,1,1,0,0.12994610262881395
MLP,1,0,0,0.008923320348518404
MLP,1,1,0,0.166097119926796
MLP,1,0,0,0.16237083128426877
MLP,1,0,0,0.07508334602032546
MLP,1,1,0,0.20939065751110514
MLP,1,0,0,0.16010337080287998
MLP,1,0,0,0.14067473939305758
MLP,1,0,1,0.8649310689821352
MLP,1,0,0,0.24332814357554836
MLP,1,0,0,0.16748439801788093
MLP,1,0,0,0.41004896582900674
MLP,1,0,0,0.09781380144047384
MLP,1,0,0,0.11267467267255393
MLP,1,0,0,0.07262202112441525
MLP,1,0,0,0.08757284433946062
MLP,1,1,0,0.2596483303628394
MLP,1,0,0,0.1480591325730166
MLP,1,0,0,0.30798692268466843
MLP,1,0,0,0.4844386877935221
MLP,1,1,0,0.2783740940663464
MLP,1,0,0,0.2096196167595358
MLP,1,0,0,0.21484098667498988
MLP,1,0,0,0.29343308075414465
MLP,1,0,0,0.12778194059490447
MLP,1,1,0,0.22681682754645405
MLP,1,1,1,0.5576345401145539
MLP,1,0,0,0.11038099122634486
MLP,1,0,0,0.13397159903614764
MLP,1,0,0,0.05753708842935038
MLP,1,1,0,0.1435041716265513
MLP,1,0,0,0.21472754323609974
MLP,1,0,0,0.253020362807995
MLP,1,0,0,0.18276273769701967
MLP,1,0,0,0.3275821434299188
MLP,1,1,1,0.519480314654467
MLP,1,0,0,0.43152897098171783
MLP,1,0,0,0.21672331025764532
MLP,1,0,0,0.17729686275765785
MLP,1,0,0,0.21103532515803866
MLP,1,0,0,0.21469750965571166
MLP,1,0,0,0.034384219471139406
MLP,1,0,0,0.2579858633708237
MLP,1,1,0,0.12386042486534349
MLP,1,1,0,0.16037613083153437
MLP,1,0,0,0.15396120201555283
MLP,1,1,0,0.1703477568776459
MLP,1,0,0,0.10700698777596555
MLP,1,0,0,0.31820997459710215
MLP,1,0,0,0.21588710961405852
MLP,1,0,0,0.2825547938489949
MLP,1,0,0,0.07808130759591807
MLP,1,0,0,0.10297566518914977
MLP,1,1,0,0.21556333831006408
MLP,1,0,0,0.04006645123477893
MLP,1,0,0,0.11026504061753215
MLP,1,0,0,0.22652350662439444
MLP,1,0,0,0.288565748235356
MLP,1,0,0,0.25589409087922393
MLP,1,1,0,0.2403835041828024
MLP,1,0,0,0.3103523877955158
MLP,1,1,0,0.1543853071147545
MLP,1,0,0,0.18921875570574231
MLP,1,0,0,0.2642959597758427
MLP,1,0,0,0.07220927700804973
MLP,1,0,0,0.0532858803945839
MLP,1,0,0,0.13361341279941802
MLP,1,0,0,0.1874118541970592
MLP,1,0,0,0.17268762973096927
MLP,1,0,0,0.28532582427657543
MLP,1,0,0,0.09726303249577076
MLP,1,1,1,0.8369806875460204
MLP,1,0,0,0.1603217403174988
MLP,1,0,0,0.16355755017680237
MLP,1,0,0,0.10883261448550169
MLP,1,0,0,0.23187149974054208
MLP,1,0,0,0.22637710741854528
MLP,1,1,0,0.1756316182584799
MLP,1,0,0,0.21071854265806356
MLP,1,0,0,0.06351607391060551
MLP,1,0,0,0.26800438798922566
MLP,1,0,0,0.013849098518181033
MLP,1,0,0,0.10433388254328475
MLP,1,0,0,0.2618536048154068
MLP,1,0,0,0.25230945502557767
MLP,1,1,0,0.11998649684684991
MLP,1,0,0,0.3380045308418348
MLP,1,1,0,0.264507243102632
MLP,1,0,0,0.15423495320102798
MLP,1,0,0,0.14918715426565612
MLP,1,0,0,0.20358111303762055
MLP,1,0,0,0.11647937932798443
MLP,1,0,0,0.2785961750326215
MLP,1,0,0,0.0971021149139397
MLP,1,0,0,0.2738757761905524
MLP,1,0,0,0.16050499169953888
MLP,1,0,0,0.15188568613206582
MLP,1,1,1,0.5210985697886686
MLP,1,0,0,0.3139926254147258
MLP,1,0,0,0.3478460711449799
MLP,1,0,0,0.14590438485509738
MLP,1,1,0,0.18990671903628276
MLP,1,1,0,0.25415496971853213
MLP,1,0,0,0.12555644915097913
MLP,1,0,0,0.1948359543276304
MLP,1,0,0,0.07192805718673595
MLP,1,0,0,0.2402397805536654
MLP,1,0,0,0.3587165485009717
MLP,1,0,0,0.21064372883602822
MLP,1,0,0,0.21600903814663108
MLP,1,1,0,0.05909126683934266
MLP,1,0,0,0.3534124886508568
MLP,1,0,0,0.09121848436231089
MLP,1,0,0,0.17457103807985574
MLP,1,0,0,0.17968677614122217
MLP,1,0,0,0.14361867293849148
MLP,1,0,0,0.22292674911083982
MLP,1,1,1,0.7919020255604949
MLP,1,0,0,0.22341591740098857
MLP,1,0,0,0.08226342231712093
MLP,1,0,0,0.06407776810655208
MLP,1,0,1,0.8519316146042794
MLP,1,0,0,0.09213447497502723
MLP,1,1,1,0.6459969595913602
MLP,1,0,0,0.06500682181928948
MLP,1,1,0,0.16087863762068208
MLP,1,0,0,0.08976761681491459
MLP,1,0,0,0.1509414588528727
MLP,1,0,0,0.06058201958955459
MLP,1,0,0,0.1798570214517286
MLP,1,0,0,0.1251801806053335
MLP,1,0,1,0.5194710304347053
MLP,1,0,0,0.19940635403658238
MLP,1,0,0,0.2131800145559696
MLP,1,0,0,0.17753840875501997
MLP,1,0,0,0.2274905872494998
MLP,1,1,0,0.24982193192027527
MLP,1,0,0,0.36020526077521137
MLP,1,0,0,0.1707436657135761
MLP,1,0,0,0.136915995773009
MLP,1,0,0,0.15720502028153124
MLP,1,0,0,0.05345959105309605
MLP,1,1,0,0.16366764434392583
MLP,1,0,0,0.196087144526724
MLP,1,0,0,0.08276608692047975
MLP,1,0,0,0.1700460303859171
MLP,1,0,0,0.0761392142897676
MLP,1,0,0,0.2858677301678171
MLP,1,1,0,0.21067715327573852
MLP,1,0,0,0.069526108865018
MLP,1,1,1,0.5369492428124673
MLP,1,0,0,0.435318982587791
MLP,1,0,0,0.15723883106936162
MLP,1,1,0,0.29231708524134214
MLP,1,1,0,0.36558085418228975
MLP,1,0,0,0.13388471070495278
MLP,1,0,0,0.12038994908386504
MLP,1,0,0,0.18126127313783694
MLP,1,0,0,0.06387485825506269
MLP,1,0,0,0.19990920915378893
MLP,1,0,0,0.09805165803267235
MLP,1,1,0,0.37976013522837976
MLP,1,0,0,0.36006093674330325
MLP,1,1,0,0.05553800701752945
MLP,1,0,0,0.08212091450085823
MLP,1,0,0,0.32088122692111454
MLP,1,0,0,0.1385647486248734
MLP,1,1,0,0.2354296863922452
MLP,1,0,0,0.18574187517770002
MLP,1,0,0,0.05907507371366411
MLP,1,0,0,0.18963719037413387
MLP,1,0,0,0.2710333451464669
MLP,1,0,0,0.1491421906037746
MLP,1,0,0,0.1945309543423357
MLP,1,0,0,0.08590713119364964
MLP,1,1,0,0.2816475726619095
MLP,1,0,0,0.274529474206812
MLP,1,1,0,0.2619246615405161
MLP,1,1,0,0.21544316655999765
MLP,1,0,0,0.13090260607219112
MLP,1,1,0,0.08930652861542028
MLP,1,0,0,0.07625004488069725
MLP,1,1,0,0.22552679270439532
MLP,1,0,0,0.13047669745179635
MLP,1,0,0,0.2904586299592169
MLP,1,0,0,0.25885691655658405
MLP,1,0,0,0.12752059234587718
MLP,1,0,0,0.12325342404855726
MLP,1,1,0,0.20486419687945961
MLP,1,0,0,0.11291358484478806
MLP,1,0,0,0.23057552393291003
MLP,1,1,0,0.018572196341222105
MLP,1,0,0,0.07993173737404581
MLP,1,1,0,0.1170039457073302
MLP,1,0,0,0.11926737308706666
MLP,1,0,0,0.04174702968549935
MLP,1,1,1,0.5627913946625882
MLP,1,0,1,0.5840136422745019
MLP,1,1,0,0.36763017013898186
MLP,1,0,0,0.37998626596777213
MLP,1,0,0,0.3712159613443319
MLP,1,0,0,0.15518576426629957
MLP,1,1,0,0.06482451127427175
MLP,1,0,0,0.11938913657395903
MLP,1,0,0,0.10321811195430654
MLP,1,0,0,0.11499747123974094
MLP,1,0,0,0.17800941261127368
MLP,1,0,0,0.06846445105188838
MLP,1,0,0,0.06011826548476215
MLP,1,0,0,0.19488586376533712
MLP,1,0,0,0.08819271900827118
MLP,1,0,0,0.18897788907481913
MLP,1,0,0,0.07083757343198849
MLP,1,0,0,0.19999607573655936
MLP,1,0,0,0.1916027191256809
MLP,1,0,0,0.1718746651687993
MLP,1,0,0,0.08489449765302336
MLP,1,0,0,0.17039577730827574
MLP,1,1,0,0.2532544794474297
MLP,1,0,0,0.2777200382028995
MLP,1,1,1,0.8228902576664315
MLP,1,0,0,0.15001166086110257
MLP,1,0,0,0.4760989160950432
MLP,1,0,0,0.1119095029444948
MLP,1,0,0,0.1119139197393971
MLP,1,1,1,0.5273103534347978
MLP,1,0,0,0.0974941305813241
MLP,1,0,0,0.05747047116735074
MLP,1,0,0,0.38725816631809584
MLP,1,0,0,0.21680454879338498
MLP,1,0,0,0.45275604229589317
MLP,1,0,0,0.08677622759534045
MLP,1,0,0,0.3256058006968627
MLP,1,1,0,0.05271729215370991
MLP,1,0,1,0.5030744116204707
MLP,1,0,0,0.071622365339458
MLP,1,0,0,0.08999854120022775
MLP,1,0,0,0.35184376603168893
MLP,1,1,0,0.19729240464981398
MLP,1,0,0,0.3625294033270786
MLP,1,0,1,0.5807157838143514
MLP,1,0,0,0.10403045120955406
MLP,1,0,0,0.09821070608328808
MLP,1,0,0,0.10342536793262114
MLP,1,0,0,0.1463385724689146
MLP,1,1,1,0.5709797063041299
MLP,1,0,0,0.2490218145957284
MLP,1,1,0,0.32310351873535254
MLP,1,0,0,0.1186795459939054
MLP,1,0,0,0.222931462128221
MLP,1,0,0,0.25138185247940936
MLP,1,1,0,0.22258073344081222
MLP,1,0,0,0.1769397679833102
MLP,1,0,0,0.22398846122104138
MLP,1,1,1,0.8933109336863693
MLP,1,0,1,0.5733687489773482
MLP,1,0,0,0.20243027707228775
MLP,1,0,0,0.17854123103341965
MLP,1,1,0,0.22810029314494826
MLP,1,0,0,0.086012372786811
MLP,1,0,1,0.7205749654418607
MLP,1,0,1,0.53951679451858
MLP,1,0,0,0.08011879037146069
MLP,1,0,0,0.13365956618053723
MLP,1,0,0,0.1543012497278574
MLP,1,0,0,0.2686358077406425
MLP,1,1,0,0.21673332658682032
MLP,1,1,1,0.5570677630462532
MLP,1,0,0,0.16958800436418842
MLP,1,1,0,0.22020493971035307
MLP,1,0,0,0.10814210742812196
MLP,1,0,0,0.146114661671793
MLP,1,1,0,0.0593397596326868
MLP,1,0,0,0.24944876907267882
MLP,1,0,0,0.22220744354290997
MLP,1,0,0,0.18272244047807665
MLP,1,0,0,0.39615123597584573
MLP,1,0,0,0.1636981644063307
MLP,1,0,0,0.130044571826849
MLP,1,0,0,0.022874910586824223
MLP,1,0,0,0.14968136365430323
MLP,1,1,1,0.6632096218724175
MLP,1,0,0,0.21263355165099532
MLP,1,0,0,0.14547890408298608
MLP,1,0,0,0.23328362071547815
MLP,1,0,0,0.09339051196268738
MLP,1,1,1,0.5434400102760755
MLP,1,0,0,0.18966069479706854
MLP,1,0,0,0.24332594526708431
MLP,1,1,0,0.32101762952107843
MLP,1,0,0,0.11906182984319062
MLP,1,0,0,0.15016286247592936
MLP,1,0,1,0.9224798182811316
MLP,1,0,0,0.19681515622164272
MLP,1,0,0,0.05989903127921711
MLP,1,0,0,0.31980688029428694
MLP,1,0,0,0.17872664698048227
MLP,1,0,0,0.046574616102936076
MLP,1,1,0,0.06791464010893779
MLP,1,0,0,0.060176003899453136
MLP,1,1,1,0.9836639486328967
MLP,1,1,0,0.14676704736988155
MLP,1,1,1,0.8071503261408195
MLP,1,1,0,0.09704434944438814
MLP,1,0,0,0.06441462979289246
MLP,1,1,1,0.5342787857325165
MLP,1,0,0,0.074132829024624
MLP,1,1,0,0.10661940569779423
MLP,1,0,0,0.23546504550997677
MLP,1,0,0,0.1874953125019753
MLP,1,1,0,0.2398836085995991
MLP,1,0,0,0.11363225726267594
MLP,1,1,0,0.35624862813314523
MLP,1,0,0,0.14660558711185817
MLP,1,0,0,0.3031356607377794
MLP,1,0,0,0.1532351174147712
MLP,1,1,0,0.221081253790634
MLP,1,0,0,0.13010670885873252
MLP,1,0,0,0.10736387616002463
MLP,1,1,0,0.1184138671426521
MLP,1,0,0,0.22592024241027103
MLP,1,0,0,0.340461415597629
MLP,1,0,0,0.09342425804506162
MLP,1,1,0,0.3297844278078999
MLP,1,0,0,0.08907284880806428
MLP,1,1,0,0.3248215861406174
MLP,1,0,0,0.27350127241209726
MLP,1,0,0,0.30103107092718334
MLP,1,0,0,0.16292903496814298
MLP,1,0,0,0.08480217799057259
MLP,1,1,0,0.48019041101554427
MLP,1,0,0,0.09847692973682662
MLP,1,0,0,0.15180847715671655
MLP,1,1,0,0.4127703295858676
MLP,1,0,0,0.21109447537464937
MLP,1,0,0,0.14603577220102026
MLP,1,0,0,0.2684554735892126
MLP,1,0,0,0.2648474127193334
MLP,1,1,0,0.3294763061660638
MLP,1,1,0,0.4911605992512282
MLP,1,0,0,0.18764833085483457
MLP,1,0,0,0.09948653832394098
MLP,1,1,0,0.2658088056070728
MLP,1,0,0,0.10234368041851105
MLP,1,0,0,0.09686171782237438
MLP,1,0,0,0.23995651557513342
MLP,1,0,0,0.4751176829657997
MLP,1,0,0,0.09509820633858923
MLP,1,1,0,0.37221862308337395
MLP,1,0,0,0.24578082334927873
MLP,1,0,0,0.21927525391672692
MLP,1,0,0,0.1126769407587778
MLP,1,0,0,0.14749137079898395
MLP,1,1,0,0.26142643946428484
MLP,1,0,0,0.2453198069169397
MLP,1,0,0,0.12056869347944839
MLP,1,1,0,0.0920912048869496
MLP,1,0,0,0.47569056398481535
MLP,1,1,0,0.11061605581683541
MLP,1,0,0,0.09059703089421729
MLP,1,0,0,0.12258495456622302
MLP,1,0,0,0.12737775867449208
MLP,1,1,0,0.2820665090432283
MLP,1,1,0,0.322913939372502
MLP,1,0,0,0.13600264181624422
MLP,1,1,0,0.2128861130573235
MLP,1,1,1,0.995871658235286
MLP,1,0,0,0.12350034841123354
MLP,1,0,0,0.2010442218698664
MLP,1,0,0,0.17653353762691648
MLP,1,0,0,0.15455959965034086
MLP,1,0,0,0.08098345537611439
MLP,1,0,0,0.1870846372236711
MLP,1,0,0,0.05633244450566667
MLP,1,0,1,0.6125773365682697
MLP,1,0,0,0.08286936835662066
MLP,1,0,0,0.24360540581794413
MLP,1,0,0,0.10834782407067242
MLP,1,0,0,0.2612534635854244
MLP,1,0,0,0.1251402152991294
MLP,1,0,0,0.09468704565962291
MLP,1,0,0,0.20296544962028693
MLP,1,0,0,0.3212779742440462
MLP,1,0,0,0.18284657151560374
MLP,1,1,0,0.14758812610987465
MLP,1,0,1,0.7819369567801923
MLP,1,0,0,0.2648765795784626
MLP,1,0,0,0.07679094722823798
MLP,1,0,0,0.4313728834379657
MLP,1,1,0,0.22296999679146107
MLP,1,0,0,0.11863677334617652
MLP,1,1,0,0.12318781916989889
MLP,1,0,0,0.14570548044275955
MLP,1,1,0,0.026864486024512135
MLP,1,0,1,0.7351481101308522
MLP,1,1,0,0.24221407664983688
MLP,1,0,0,0.24359356566913765
MLP,1,0,0,0.08646693155896136
MLP,1,0,0,0.17710019527554005
MLP,1,0,0,0.2179217161811319
MLP,1,0,0,0.18348682891215998
MLP,1,0,0,0.20681700453405769
MLP,1,0,0,0.06250590462088719
MLP,1,0,0,0.2809388627094455
MLP,1,1,0,0.31872269304207457
MLP,1,0,0,0.1448346021388465
MLP,1,1,0,0.259189042007751
MLP,1,0,0,0.09634757928470436
MLP,1,0,0,0.24008815642249978
MLP,1,0,0,0.13400089446927413
MLP,1,0,0,0.2383603587736884
MLP,1,0,0,0.0706567971376581
MLP,1,0,0,0.26488287196044824
MLP,1,1,0,0.42774232399871803
MLP,1,0,0,0.1580929797637704
MLP,1,0,0,0.23715076113997227
MLP,1,0,0,0.19657789824569816
MLP,1,0,0,0.13134857058928706
MLP,1,0,0,0.04480386733887694
MLP,1,1,0,0.07745459858990464
MLP,1,0,0,0.07280911290317067
MLP,1,0,0,0.37631681518813515
MLP,1,0,0,0.26777356479192826
MLP,1,0,0,0.15390795248940675
MLP,1,0,0,0.17710433188208635
MLP,1,0,0,0.1070785908725721
MLP,1,0,0,0.08452411264830503
MLP,1,0,0,0.128394783707117
MLP,1,0,0,0.1144919790514212
MLP,1,0,0,0.1255610751749795
MLP,1,0,0,0.331569436825822
MLP,1,0,0,0.08564748543806813
MLP,1,0,0,0.12390682907954716
MLP,1,0,0,0.29272629165990777
MLP,1,0,0,0.28822184112848426
MLP,1,0,0,0.2806420757991346
MLP,1,0,0,0.274900738303267
MLP,1,0,0,0.34443231836827437
MLP,1,0,0,0.14696852955611492
MLP,1,0,0,0.23155323545949655
MLP,1,1,0,0.25803448828890246
MLP,1,0,0,0.09448072587389446
MLP,1,0,0,0.32008322497922403
MLP,1,0,0,0.1602506056388608
MLP,1,0,0,0.07583541316398752
MLP,1,0,0,0.363423208330207
MLP,1,0,0,0.1450276857072049
MLP,1,0,0,0.18027550515064675
MLP,1,0,0,0.3047427925031607
MLP,1,0,0,0.21729958110943878
MLP,1,0,0,0.16573226645524297
MLP,1,0,0,0.062037003914044334
MLP,1,0,0,0.4271680114045066
MLP,1,0,0,0.28210698096151143
MLP,1,0,0,0.1992631527491942
MLP,1,0,0,0.13457867172150437
MLP,1,1,0,0.4511278950988555
MLP,1,0,0,0.08116287490162384
MLP,1,1,0,0.031597098549959866
MLP,1,1,1,0.5351817842496007
MLP,1,0,0,0.15272157771049985
MLP,1,1,0,0.4300723525300457
MLP,1,0,0,0.1185726472923253
MLP,1,1,0,0.3031306967109303
MLP,1,0,0,0.0873237854608369
MLP,1,1,0,0.46601916943530663
MLP,1,0,1,0.8245872435450972
MLP,1,0,0,0.037804888323315494
MLP,1,1,0,0.33814520850199775
MLP,1,1,0,0.17812184389761251
MLP,1,0,0,0.07111769058752311
MLP,1,0,0,0.15852709844579804
MLP,1,0,0,0.21825885888511473
MLP,1,0,0,0.34636981498194286
MLP,1,0,0,0.10968296464758828
MLP,1,0,0,0.23079477009104568
MLP,1,1,1,0.9999720372313217
MLP,1,0,0,0.1737082431400573
MLP,1,0,0,0.10684604769602776
MLP,1,0,0,0.1432812681000257
MLP,1,0,0,0.09791472053572976
MLP,1,0,0,0.07593541089117743
MLP,1,0,0,0.21597141634214492
MLP,1,0,0,0.2083495856095062
MLP,1,0,1,0.6235832907267631
MLP,1,0,0,0.13965739852426665
MLP,1,0,0,0.25056574460739445
MLP,1,0,0,0.39497609529167105
MLP,1,0,0,0.12290466642659272
MLP,1,0,0,0.18076148027266584
MLP,1,1,0,0.19269595648370128
MLP,1,0,0,0.2389088275834442
MLP,1,0,0,0.18849473032142025
MLP,1,0,0,0.10123303939037102
MLP,1,1,1,0.6040337097548113
MLP,1,0,0,0.08917499037036988
MLP,1,1,0,0.3509686819707792
MLP,1,0,0,0.2752207695091633
MLP,1,0,0,0.41316292700024726
MLP,1,0,0,0.49552903243528396
MLP,1,1,0,0.24707257720372164
MLP,1,1,0,0.1092887503902197
MLP,1,0,0,0.09909020353145914
MLP,1,1,0,0.15259159672447162
MLP,1,0,0,0.09832466131674793
MLP,1,0,0,0.2818804680994208
MLP,1,1,0,0.11600962510193741
MLP,1,0,0,0.2494634086414134
MLP,1,0,0,0.15640091187558935
MLP,1,0,0,0.07410302981246966
MLP,1,0,0,0.14638388762606036
MLP,1,0,0,0.21036109414029153
MLP,1,0,0,0.15080710168046202
MLP,1,0,0,0.16371471766865262
MLP,1,0,1,0.5158011326120165
MLP,1,0,0,0.2877353335898208
MLP,1,0,0,0.14086975693293424
MLP,1,0,0,0.3316806948133836
MLP,1,0,0,0.18488929565862378
MLP,1,0,0,0.11267972497083824
MLP,1,0,0,0.49484871549546855
MLP,1,1,0,0.15438231607745537
MLP,1,1,0,0.06966038828223442
MLP,1,1,0,0.43388588990988514
MLP,1,1,0,0.17340302875178798
MLP,1,0,0,0.07114210532283922
MLP,1,0,0,0.11208419718141331
MLP,1,0,0,0.16343418390899112
MLP,1,0,0,0.07961284726224867
MLP,1,0,0,0.08904197864532304
MLP,1,1,0,0.16915456832131126
MLP,1,0,0,0.12807893578867827
MLP,1,0,0,0.12150330907522791
MLP,1,1,0,0.3399001781857236
MLP,1,0,0,0.02856905923661179
MLP,1,0,0,0.23217547059900615
MLP,1,0,0,0.19078247869173648
MLP,1,0,0,0.12480730160785494
MLP,1,1,0,0.3831273603981203
MLP,1,0,0,0.09831332874237157
MLP,1,0,0,0.08180765742886127
MLP,1,0,0,0.3730102491707384
MLP,1,0,0,0.1112662482853487
MLP,1,0,0,0.32432390183389403
MLP,1,0,0,0.22868415379330684
MLP,1,0,0,0.1302021573156507
MLP,1,0,0,0.23562181709980184
MLP,1,0,0,0.08595568205081106
MLP,1,0,0,0.12543093710399159
MLP,1,0,0,0.23385545327251356
MLP,1,1,1,0.7425003867974372
MLP,1,1,0,0.2721556460773782
MLP,1,1,0,0.20177002219589835
MLP,1,1,0,0.21673644858079466
MLP,1,1,0,0.3467908186460276
MLP,1,0,0,0.10633055496153564
MLP,1,0,0,0.41738705310419305
MLP,1,0,0,0.14323014560835204
MLP,1,0,0,0.3035837711305064
MLP,1,1,0,0.156403528671304
MLP,1,0,1,0.7309560842882856
MLP,1,0,0,0.0633307059578695
MLP,1,0,0,0.19844667260831422
MLP,1,0,0,0.21594692268770005
MLP,1,0,0,0.16795183349949308
MLP,1,0,0,0.13980517678373486
MLP,1,0,0,0.06287336743968117
MLP,1,0,0,0.3017812768701737
MLP,1,1,0,0.4639164082287742
MLP,1,0,0,0.04770876055958572
MLP,1,0,0,0.04693922028456618
MLP,1,0,0,0.13148354778368837
MLP,1,0,0,0.24197552656579338
MLP,1,0,0,0.20502184392191045
MLP,1,0,0,0.3230959090046331
MLP,1,0,0,0.2943464754081879
MLP,1,0,0,0.16549484516739552
MLP,1,0,0,0.34582321002113353
MLP,1,0,1,0.5287227230261293
MLP,1,1,0,0.3392483104729563
MLP,1,0,0,0.3084203401546078
MLP,1,0,0,0.32396774582422727
MLP,1,0,0,0.16165565751375816
MLP,1,1,1,0.5033329226193863
MLP,1,0,0,0.16852472613923794
MLP,1,1,0,0.1699226774895382
MLP,1,0,0,0.10237772909556818
MLP,1,0,0,0.349265979804764
MLP,1,0,0,0.23749169061178257
MLP,1,0,0,0.07119132848911541
MLP,1,0,0,0.05309708198502295
MLP,1,0,0,0.44185504449022683
MLP,1,1,0,0.3883892255242196
MLP,1,0,0,0.11618104250634219
MLP,1,1,1,0.5831083706477603
MLP,1,0,0,0.20157300016977453
MLP,1,0,0,0.3776250738553675
MLP,1,0,0,0.11141371154933223
MLP,1,0,0,0.12299937526599293
MLP,1,0,0,0.2772020699191176
MLP,1,0,0,0.09454613501678903
MLP,1,0,0,0.15109631889647374
MLP,1,0,0,0.05400121647802489
MLP,1,0,0,0.18994029192738157
MLP,1,1,0,0.18014568550153542
MLP,1,0,0,0.09486101870257427
MLP,1,0,0,0.2389479923091851
MLP,1,0,0,0.1894264019706641
MLP,1,0,0,0.1741060160834949
MLP,1,1,0,0.19434875853928038
MLP,1,0,0,0.21263889349733597
MLP,1,0,0,0.08947128969916811
MLP,1,0,0,0.1848291305459894
MLP,1,0,0,0.12069227786493086
MLP,1,0,0,0.27343534121227936
MLP,1,1,0,0.19383588658383785
MLP,1,0,0,0.21399566964399258
MLP,1,0,0,0.1532554841262608
MLP,1,1,0,0.22975552441320554
MLP,1,1,0,0.36178219218770336
MLP,1,1,0,0.40538143944745114
MLP,1,0,0,0.0868175285684507
MLP,1,1,0,0.2787446649863582
MLP,1,1,0,0.10546298905162627
MLP,1,0,0,0.04132739758284851
MLP,1,0,0,0.13467506912912974
MLP,1,0,0,0.11479990196638819
MLP,1,0,0,0.1400317206064571
MLP,1,0,0,0.18108815281845259
MLP,1,0,0,0.08321043682962892
MLP,1,0,0,0.12835338361238527
MLP,1,0,0,0.16870355506281895
MLP,1,1,0,0.16987531517828122
MLP,1,0,0,0.2724548774376104
MLP,1,0,0,0.05372164332642101
MLP,1,0,0,0.11784361132073856
MLP,1,0,0,0.06647859645983056
MLP,1,1,0,0.3856316811005427
MLP,1,1,0,0.2182057933005202
MLP,1,0,0,0.21036583088213434
MLP,1,0,0,0.07146678487022466
MLP,1,0,0,0.10464324720615262
MLP,1,0,0,0.3544572131081566
MLP,1,0,0,0.07555577067673594
MLP,1,0,0,0.2188357680248109
MLP,1,0,0,0.04814878656427614
MLP,1,1,0,0.22510512347032324
MLP,1,0,0,0.14259562573722767
MLP,1,1,0,0.16969853178979347
MLP,1,0,0,0.2805841105308032
MLP,1,0,0,0.10418199292790556
MLP,1,0,0,0.3079251997269949
MLP,1,0,0,0.08764454666490075
MLP,1,0,0,0.13913500406128096
MLP,1,0,0,0.39070803574593344
MLP,1,0,0,0.143247395551884
MLP,1,0,0,0.12801408892514346
MLP,1,0,0,0.10513817472570103
MLP,1,0,0,0.15004577977809924
MLP,1,0,0,0.08558445274379012
MLP,1,1,0,0.2742849953568037
MLP,1,1,0,0.15058343333545912
MLP,1,0,0,0.14074191933592675
MLP,1,0,0,0.2466553660628295
MLP,1,1,1,0.9099721669044882
MLP,1,1,0,0.48872661150655466
MLP,1,0,0,0.3025583751966556
MLP,1,1,0,0.1990484277074941
MLP,1,1,0,0.11810605632703526
MLP,1,1,0,0.44795653704422655
MLP,1,0,0,0.050335310858552335
MLP,1,0,0,0.40176337495963044
MLP,1,1,0,0.15645055602517333
MLP,1,0,0,0.10115411838488088
MLP,1,0,0,0.08920490608037883
MLP,1,0,0,0.10214966030697101
MLP,1,0,0,0.11309030416407748
MLP,1,1,0,0.23791038463268183
MLP,1,1,1,0.5663958966435034
MLP,1,0,0,0.17949582165436082
MLP,1,1,0,0.08681515741128512
MLP,1,0,0,0.15644621061029984
MLP,1,0,0,0.0917384818101919
MLP,1,0,0,0.20075058440136792
MLP,1,0,0,0.16670503613977108
MLP,1,0,0,0.12997424826532825
MLP,1,1,0,0.1286604354267553
MLP,1,1,1,0.6819199413851273
MLP,1,1,0,0.21028057256077468
MLP,1,0,0,0.13114590543436014
MLP,1,1,0,0.3494411592073826
MLP,1,0,0,0.24189616721599994
MLP,1,0,0,0.07309868762968097
MLP,1,0,0,0.10359136764499122
MLP,1,0,0,0.11610177657728983
MLP,1,0,0,0.09386163645328159
MLP,1,0,1,0.5416107681078203
MLP,1,1,1,0.5170989721628101
MLP,1,1,1,0.7687969946607547
MLP,1,1,0,0.16294962997759424
MLP,1,0,0,0.14011141263969643
MLP,1,1,1,0.5137577746432463
MLP,1,0,0,0.1342664033157747
MLP,1,0,0,0.19053237125665798
MLP,1,0,0,0.22858866307816683
MLP,1,1,0,0.2808690961645654
MLP,1,0,0,0.059690117305639
MLP,1,0,0,0.05342343940703979
MLP,1,0,0,0.21821311162699703
MLP,1,0,0,0.19263037639515412
MLP,1,0,0,0.229250884219295
MLP,1,1,0,0.19623321492655615
MLP,1,0,0,0.3351681419616045
MLP,1,0,0,0.21125302121868755
MLP,1,0,0,0.16838065340345165
MLP,1,0,0,0.2003711197933215
MLP,1,0,0,0.07799343892339397
MLP,1,0,0,0.21811278556022298
MLP,1,0,0,0.0692072102507363
MLP,1,1,0,0.21025288230269898
MLP,1,0,0,0.4062460848636487
MLP,1,0,0,0.31043999987125853
MLP,1,0,0,0.07666553348571155
MLP,1,1,0,0.1312963692365314
MLP,1,0,0,0.2744606399505014
MLP,1,0,0,0.16703664925423176
MLP,1,1,0,0.13817923850780234
MLP,1,1,0,0.0892893207178262
MLP,1,1,0,0.24917180540481923
MLP,1,0,0,0.06372476078796123
MLP,1,0,0,0.0915813298131485
MLP,1,0,0,0.3955282011297243
MLP,1,1,0,0.20564078206912242
MLP,1,0,0,0.1235169727248477
MLP,1,0,0,0.26929978681271743
MLP,1,1,0,0.35753917522887063
MLP,1,0,0,0.24221476382312934
MLP,1,0,0,0.09155806539796514
MLP,1,1,0,0.3526045010807694
MLP,1,1,0,0.09614181149561246
MLP,1,1,1,0.8178321016863612
MLP,1,0,0,0.24013426401856997
MLP,1,0,0,0.17505196015714608
MLP,1,0,0,0.2171938277464438
MLP,1,0,0,0.1270117335525766
MLP,1,0,0,0.2848296482255824
MLP,1,0,0,0.07181397827542832
MLP,1,0,0,0.1940314633527576
MLP,1,0,0,0.07156380519981978
MLP,1,0,0,0.1787762527101104
MLP,1,0,0,0.18734574206517624
MLP,1,0,0,0.12223012962555188
MLP,1,0,0,0.28697668322322917
MLP,1,0,0,0.2688715139943234
MLP,1,1,0,0.23307930147042924
MLP,1,0,0,0.17191686458195063
MLP,1,1,0,0.3845667416852931
MLP,1,0,0,0.02339953705943817
MLP,1,0,0,0.4421298644810933
MLP,1,0,0,0.06762320344561985
MLP,1,0,0,0.20864495732620955
MLP,1,0,0,0.20037811814178544
MLP,1,0,0,0.09333871745515145
MLP,1,0,0,0.2627691053948711
MLP,1,0,0,0.24682120638587024
MLP,1,0,0,0.18666997787309053
MLP,1,1,0,0.2384156627329648
MLP,1,0,0,0.07790268030077975
MLP,1,0,0,0.16796960533186564
MLP,1,0,1,0.6383228341240836
MLP,1,0,0,0.18106187334275534
MLP,1,0,0,0.19321619020347827
MLP,1,0,0,0.14107824238277775
MLP,1,1,0,0.22693210104933892
MLP,1,0,0,0.03779884993836242
MLP,1,0,0,0.16707334872555643
MLP,1,1,1,0.8862418519216395
MLP,1,0,0,0.17243046207147641
MLP,1,0,0,0.1404854595073669
MLP,1,1,0,0.16978880345932357
MLP,1,0,0,0.22098134627428445
MLP,1,0,0,0.28121840710364776
MLP,1,0,0,0.22842269400143583
MLP,1,0,0,0.11808245411918705
MLP,1,0,0,0.10013155636265438
MLP,1,0,0,0.19904832610913373
MLP,1,0,0,0.1674577279032898
MLP,1,1,0,0.1600847257880657
MLP,1,0,0,0.15380418850994312
MLP,1,0,0,0.19406044668624864
MLP,1,0,0,0.13130185932781716
MLP,1,0,0,0.10116256318056728
MLP,1,0,0,0.1102663842787243
MLP,1,0,0,0.1522053481885778
MLP,1,0,0,0.13953181170530182
MLP,1,0,0,0.1412386729433727
MLP,1,0,0,0.0646450280398205
MLP,1,1,0,0.30330694930460955
MLP,1,0,0,0.3055732748834133
MLP,1,0,0,0.11674820874780603
MLP,1,0,0,0.14658637681875605
MLP,1,1,0,0.30478412901207064
MLP,1,0,0,0.3578884145208432
MLP,1,1,0,0.17916799901558675
MLP,1,0,0,0.16067482080606962
MLP,1,0,0,0.21585488578608866
MLP,1,0,0,0.10633809852444864
MLP,1,1,0,0.2393910657356377
MLP,1,0,0,0.08532863729193615
MLP,1,0,0,0.1210080106269677
MLP,1,0,0,0.06629112944320063
MLP,1,0,0,0.22200623194580366
MLP,1,0,0,0.1603387057868264
MLP,1,0,0,0.4452028815387315
MLP,1,0,0,0.1272382775796671
MLP,1,0,0,0.1737206326649856
MLP,1,1,0,0.07822250544652942
MLP,1,0,0,0.1733918834803894
MLP,1,1,0,0.33034223988917477
MLP,1,0,0,0.18590535159777316
MLP,1,1,0,0.26842750835330587
MLP,1,0,1,0.5789902449847589
MLP,1,0,0,0.03631408972298056
MLP,1,0,0,0.25724827352216123
MLP,1,0,0,0.14373582198492957
MLP,1,0,0,0.237516325304014
MLP,1,0,0,0.1344753202583789
MLP,1,0,0,0.23771398695201218
MLP,1,0,0,0.04976125977940857
MLP,1,0,0,0.14823455528575685
MLP,1,1,1,0.5078374891264495
MLP,1,0,0,0.15333290088213594
MLP,1,0,0,0.20865030728970252
MLP,1,0,0,0.312720886609722
MLP,1,1,0,0.06885592673638144
MLP,1,0,0,0.24617687517406667
MLP,1,1,1,0.7006067196421387
MLP,1,0,0,0.1411455221593614
MLP,1,0,0,0.1710814969153688
MLP,1,1,0,0.4062456244088467
MLP,1,0,0,0.12056265761095582
MLP,1,0,0,0.11888617933112601
MLP,1,1,1,0.7739573581127351
MLP,1,1,1,0.6567270491643439
MLP,1,0,0,0.16996503512494643
MLP,1,0,0,0.08539699587357322
MLP,1,1,0,0.15593398023815463
MLP,1,1,0,0.21696192564397848
MLP,1,0,0,0.1124130669420249
MLP,1,0,0,0.12240123165861466
MLP,1,0,0,0.07696234184323124
MLP,1,0,0,0.07647783860081839
MLP,1,0,0,0.15316937858107824
MLP,1,0,0,0.10798733701025767
MLP,1,1,0,0.2625628934867363
MLP,1,0,0,0.17839646879876056
MLP,1,0,0,0.16240172768191044
MLP,1,0,0,0.17584793463374498
MLP,1,0,0,0.25933527501262416
MLP,1,0,0,0.1149297668757475
MLP,1,0,0,0.19910254903331254
MLP,1,1,0,0.10335459903918288
MLP,1,0,0,0.17875919714277386
MLP,1,0,0,0.11802519789618716
MLP,2,0,0,0.09094774777632504
MLP,2,0,0,0.12430602047860864
MLP,2,0,0,0.1560160051439833
MLP,2,0,0,0.06482793199126737
MLP,2,0,0,0.18307246072936254
MLP,2,1,0,0.44750847615007106
MLP,2,1,0,0.10042606331696627
MLP,2,1,0,0.3284496690466119
MLP,2,0,0,0.11578206190393153
MLP,2,0,0,0.12084296758670039
MLP,2,0,0,0.09498822726455937
MLP,2,0,0,0.06526326567293357
MLP,2,0,0,0.37360465904884044
MLP,2,0,0,0.05562238465179492
MLP,2,0,0,0.14262870582176462
MLP,2,0,0,0.26944570951838553
MLP,2,0,0,0.0515106866748036
MLP,2,0,0,0.16039366588435297
MLP,2,0,0,0.1506994589362412
MLP,2,0,0,0.12156847619931176
MLP,2,0,0,0.05932966392708403
MLP,2,0,0,0.19655268638748974
MLP,2,1,0,0.15476325774298524
MLP,2,1,0,0.08091072584675357
MLP,2,0,0,0.1387462692983696
MLP,2,0,0,0.20686593710344436
MLP,2,0,0,0.07628974805825531
MLP,2,1,1,0.8626000978654665
MLP,2,0,0,0.14066278031192297
MLP,2,0,0,0.18243134463369512
MLP,2,0,0,0.0751781222190438
MLP,2,0,0,0.26170227865212153
MLP,2,0,0,0.1650208960891298
MLP,2,0,0,0.18140818672624853
MLP,2,1,1,0.9945816060832341
MLP,2,0,0,0.24215374051385616
MLP,2,0,1,0.9812109109622199
MLP,2,0,1,0.5428508553101515
MLP,2,0,0,0.1257441102434357
MLP,2,0,0,0.3947645779482482
MLP,2,1,0,0.4632984491900365
MLP,2,0,0,0.35045547237904406
MLP,2,1,0,0.3145996917173307
MLP,2,0,0,0.07715234319443019
MLP,2,0,0,0.14251661981783909
MLP,2,1,0,0.32015299940080366
MLP,2,0,0,0.1251049110254852
MLP,2,0,0,0.15054147626785308
MLP,2,0,0,0.1110450852208106
MLP,2,0,1,0.8942768005631536
MLP,2,0,1,0.5551095142367423
MLP,2,0,0,0.08317743126921645
MLP,2,0,0,0.1659043594298009
MLP,2,1,1,0.617901993074105
MLP,2,0,0,0.10732802634859333
MLP,2,0,0,0.29126017243400243
MLP,2,0,0,0.08399414422456233
MLP,2,0,0,0.10817993824364801
MLP,2,0,0,0.15588978902039066
MLP,2,1,0,0.13342509819298734
MLP,2,0,0,0.10201939523066192
MLP,2,0,0,0.1768936852491162
MLP,2,0,0,0.18691483273712461
MLP,2,0,0,0.16204348014524148
MLP,2,0,0,0.29797696406707375
MLP,2,0,0,0.04699558485160528
MLP,2,0,0,0.2639195379151027
MLP,2,0,0,0.15820020070018234
MLP,2,0,0,0.07145415577945978
MLP,2,0,0,0.3589640463141297
MLP,2,0,0,0.1306106639220641
MLP,2,0,0,0.2996326342166767
MLP,2,1,0,0.42890722788352503
MLP,2,0,0,0.4134727174864293
MLP,2,0,0,0.1353973452866195
MLP,2,0,0,0.136482621301793
MLP,2,0,0,0.33528584454679106
MLP,2,1,0,0.17513258371599597
MLP,2,0,0,0.2595311637278036
MLP,2,0,0,0.10169136377417905
MLP,2,0,0,0.09903653843042959
MLP,2,0,0,0.11426605630189966
MLP,2,0,0,0.15089093123830583
MLP,2,0,0,0.2700431883256386
MLP,2,0,0,0.17260650563325228
MLP,2,1,1,0.761329517820256
MLP,2,0,0,0.0697085418387673
MLP,2,0,0,0.20901664717631208
MLP,2,1,0,0.45275837257314805
MLP,2,1,0,0.2153236153938487
MLP,2,0,0,0.07487841022438119
MLP,2,0,0,0.17695541309533624
MLP,2,0,0,0.1265420618849564
MLP,2,0,0,0.28263245955029614
MLP,2,0,0,0.06994356130466979
MLP,2,0,0,0.40184854075325194
MLP,2,1,0,0.16344079438081952
MLP,2,0,0,0.3318559308263435
MLP,2,0,0,0.20837548905004527
MLP,2,0,0,0.07156468156977638
MLP,2,0,0,0.061174096098892836
MLP,2,1,0,0.30776419049263576
MLP,2,0,0,0.18642214592540263
MLP,2,0,0,0.1082816520397487
MLP,2,0,0,0.2366939540863918
MLP,2,0,0,0.16974061733407775
MLP,2,1,0,0.473173988848675
MLP,2,1,1,0.6012921462756294
MLP,2,0,1,0.734713092141655
MLP,2,0,0,0.20747423345384627
MLP,2,1,0,0.23388375112662207
MLP,2,1,0,0.2543684612203914
MLP,2,1,0,0.06671498770803512
MLP,2,0,1,0.5279326555176027
MLP,2,0,0,0.1280299603607813
MLP,2,0,0,0.20448266932122688
MLP,2,0,0,0.11103193970106301
MLP,2,1,0,0.06645887506646257
MLP,2,1,0,0.14335581213506354
MLP,2,1,1,0.8249626683441295
MLP,2,0,0,0.15288969451974346
MLP,2,0,0,0.21282849583746402
MLP,2,0,0,0.3023239599098761
MLP,2,0,0,0.3579326105408993
MLP,2,0,0,0.1477928364429442
MLP,2,0,0,0.09667746218913906
MLP,2,1,1,0.6510666543627077
MLP,2,0,0,0.21454005580111798
MLP,2,1,0,0.21550880164618486
MLP,2,1,0,0.3131107844916923
MLP,2,0,0,0.08082938150021543
MLP,2,1,1,0.889832602844895
MLP,2,0,0,0.07395726160945304
MLP,2,0,0,0.0892672690271877
MLP,2,1,0,0.21925830903511861
MLP,2,0,1,0.9319942447489102
MLP,2,1,0,0.1898961445713708
MLP,2,0,0,0.13938100312598353
MLP,2,1,0,0.09433233551984102
MLP,2,0,0,0.15498193758631615
MLP,2,0,0,0.29424950182543014
MLP,2,0,0,0.12589930583554598
MLP,2,1,0,0.18992192134732555
MLP,2,0,0,0.06530941368045076
MLP,2,1,0,0.49522043273858235
MLP,2,0,0,0.10766350906777315
MLP,2,0,0,0.18285840571504386
MLP,2,0,0,0.15887947447458775
MLP,2,0,0,0.1472726557260191
MLP,2,0,0,0.13289840063907132
MLP,2,0,0,0.1699411134313601
MLP,2,0,0,0.1618463433342148
MLP,2,0,0,0.16985652969281317
MLP,2,0,0,0.03320638760630458
MLP,2,1,1,0.7672471926474481
MLP,2,1,0,0.30081946416837163
MLP,2,1,0,0.2315796148567479
MLP,2,0,0,0.06422719017515989
MLP,2,0,0,0.2980050547564777
MLP,2,0,0,0.09575400835405745
MLP,2,0,0,0.47056993837358513
MLP,2,0,0,0.09455053055549735
MLP,2,0,0,0.20116248941902348
MLP,2,0,0,0.0862371852702834
MLP,2,0,0,0.05711057618212646
MLP,2,0,0,0.15520697433078073
MLP,2,0,0,0.36990389572977944
MLP,2,0,0,0.22209590193033454
MLP,2,0,0,0.15183769988223095
MLP,2,0,0,0.25573897781875987
MLP,2,1,0,0.16499450182200587
MLP,2,0,0,0.11627987977273267
MLP,2,1,0,0.15180823484136624
MLP,2,0,0,0.10939425373040729
MLP,2,0,0,0.21186381940035173
MLP,2,0,0,0.14022951397478822
MLP,2,0,0,0.13863560128082972
MLP,2,0,0,0.06723267920094533
MLP,2,1,0,0.27122999052989727
MLP,2,1,0,0.296754840139134
MLP,2,0,0,0.06059099374383589
MLP,2,1,0,0.07165471125118265
MLP,2,0,0,0.2859763014792625
MLP,2,0,0,0.09707854563434214
MLP,2,0,0,0.09055037283667833
MLP,2,0,0,0.0742503735112714
MLP,2,0,0,0.027443000035915623
MLP,2,0,0,0.15676041960075907
MLP,2,0,0,0.09367464475014435
MLP,2,1,0,0.18078606667126634
MLP,2,0,0,0.2874876486654926
MLP,2,0,0,0.15415399817693165
MLP,2,0,0,0.07305699142707124
MLP,2,1,0,0.20113601213239982
MLP,2,1,0,0.3951011544120959
MLP,2,0,0,0.1313301011459301
MLP,2,0,0,0.24975911270720508
MLP,2,0,0,0.1898641881973945
MLP,2,0,0,0.09790180637207596
MLP,2,0,0,0.188144231568841
MLP,2,0,0,0.04818323340727489
MLP,2,0,0,0.1113615213131446
MLP,2,0,0,0.07829655822402744
MLP,2,1,1,0.8182279280848629
MLP,2,0,0,0.3249257153465849
MLP,2,0,0,0.18778025074112784
MLP,2,0,0,0.07365275826367691
MLP,2,0,0,0.038898634889115026
MLP,2,1,0,0.38402567846974706
MLP,2,0,0,0.07560129632219639
MLP,2,1,0,0.15115811535079718
MLP,2,1,0,0.16860083618716265
MLP,2,0,0,0.10994401355527486
MLP,2,1,0,0.21819633168260508
MLP,2,0,0,0.18378792796300586
MLP,2,1,1,0.9870762906508803
MLP,2,0,0,0.12313757899912368
MLP,2,1,0,0.1632914689190448
MLP,2,0,0,0.23551105200795136
MLP,2,0,0,0.07603532521083463
MLP,2,0,0,0.3513078908695563
MLP,2,0,0,0.215970250396829
MLP,2,0,1,0.6283004271436949
MLP,2,0,0,0.2572145351507203
MLP,2,0,0,0.2191070358928172
MLP,2,0,1,0.6814005206484984
MLP,2,0,0,0.12982408534895035
MLP,2,1,0,0.1369930258374625
MLP,2,0,0,0.2507659749301681
MLP,2,0,0,0.07472599358278242
MLP,2,0,0,0.3184140301904562
MLP,2,0,0,0.18757356540026537
MLP,2,0,0,0.09184105452367926
MLP,2,0,0,0.28342964134858484
MLP,2,0,0,0.0464874802154432
MLP,2,0,0,0.08082302209349546
MLP,2,0,0,0.2708341775070989
MLP,2,1,0,0.1731169800543105
MLP,2,0,1,0.6446747165467299
MLP,2,1,0,0.453723500132187
MLP,2,0,0,0.2172931804094022
MLP,2,0,0,0.11530734300139081
MLP,2,1,1,0.5635861455017487
MLP,2,0,0,0.09647605584069106
MLP,2,0,0,0.2743482755942833
MLP,2,0,0,0.1216298440305145
MLP,2,0,0,0.21020249170142719
MLP,2,0,0,0.22211176805810978
MLP,2,0,0,0.16731645834567294
MLP,2,0,0,0.1979124849839963
MLP,2,0,0,0.05118391489037817
MLP,2,0,0,0.0458535104025055
MLP,2,0,0,0.03789198709930304
MLP,2,0,0,0.3877861120740861
MLP,2,0,0,0.20820610355956187
MLP,2,0,0,0.16914565694401526
MLP,2,1,0,0.27369627771934846
MLP,2,0,0,0.23555788050532286
MLP,2,0,0,0.06868583191350251
MLP,2,1,1,0.6387563562597068
MLP,2,0,0,0.09112164581903455
MLP,2,0,0,0.10803879778303056
MLP,2,0,0,0.1856711232861438
MLP,2,0,0,0.4258117145168299
MLP,2,0,0,0.049318151970217376
MLP,2,0,0,0.14544103944638098
MLP,2,0,0,0.0821359365605777
MLP,2,0,0,0.2823799992512523
MLP,2,0,0,0.4264589897784103
MLP,2,0,0,0.09974188843290355
MLP,2,0,0,0.11621965941387878
MLP,2,1,0,0.0708776451404222
MLP,2,0,0,0.04117735825436488
MLP,2,1,0,0.14825735881549365
MLP,2,0,0,0.09049432773594376
MLP,2,0,1,0.572769577745258
MLP,2,0,0,0.14271193617645225
MLP,2,1,0,0.19123824690552554
MLP,2,0,0,0.43406234330482024
MLP,2,0,0,0.1537362753046501
MLP,2,0,1,0.6960576125258487
MLP,2,0,0,0.21503917020431096
MLP,2,0,0,0.1421219030567467
MLP,2,0,0,0.23206094671191002
MLP,2,0,0,0.13790812557323373
MLP,2,1,0,0.13732814579679642
MLP,2,0,0,0.08949506350391871
MLP,2,0,0,0.10302914995897934
MLP,2,0,0,0.1598051113771814
MLP,2,0,0,0.09650838242684787
MLP,2,0,0,0.37850362128623766
MLP,2,0,0,0.0838146323464312
MLP,2,0,0,0.12733322910150693
MLP,2,1,0,0.14265436999204922
MLP,2,0,0,0.08367248944857135
MLP,2,0,0,0.13696598867857718
MLP,2,0,1,0.7226041238345965
MLP,2,0,0,0.1507030092552333
MLP,2,0,0,0.3072971879189296
MLP,2,1,0,0.3548724817166877
MLP,2,0,0,0.05094594849481561
MLP,2,0,0,0.09918163987582072
MLP,2,0,0,0.20575244381603738
MLP,2,0,0,0.19962811234919497
MLP,2,0,0,0.13328819940883627
MLP,2,0,0,0.12458402110567278
MLP,2,0,0,0.3337180230844023
MLP,2,0,0,0.17070385474674324
MLP,2,0,0,0.049022771108800926
MLP,2,0,0,0.08868895710717409
MLP,2,0,0,0.07604231130956979
MLP,2,0,0,0.24085454280267993
MLP,2,0,0,0.1880942155373655
MLP,2,1,0,0.18759268244682648
MLP,2,0,0,0.19759651684506405
MLP,2,0,0,0.07369000216989004
MLP,2,0,0,0.15946622047607195
MLP,2,0,0,0.2907378184441718
MLP,2,0,0,0.14331977971064358
MLP,2,0,0,0.3750411346741632
MLP,2,0,0,0.14655841620734855
MLP,2,1,0,0.23807264671341744
MLP,2,1,0,0.19922247719606168
MLP,2,0,0,0.1181915278717307
MLP,2,0,1,0.6063784819183039
MLP,2,1,0,0.3779076242884964
MLP,2,0,0,0.13686824872761513
MLP,2,1,0,0.19848941796063252
MLP,2,0,0,0.310711648215326
MLP,2,0,0,0.12604386625926656
MLP,2,1,0,0.12125301495047582
MLP,2,0,0,0.17574849205426643
MLP,2,0,0,0.0925108194891357
MLP,2,1,0,0.13004850034486928
MLP,2,0,0,0.11540508797016245
MLP,2,1,1,0.5743820874685037
MLP,2,0,0,0.14644957645293996
MLP,2,1,0,0.06606520139504035
MLP,2,0,0,0.1484735374444206
MLP,2,1,0,0.2145148581467472
MLP,2,1,0,0.38152176532541565
MLP,2,0,0,0.14562862688199762
MLP,2,1,0,0.23906763238914983
MLP,2,0,0,0.0921457831310698
MLP,2,1,1,0.949532873428939
MLP,2,0,0,0.4688993163874009
MLP,2,0,0,0.07952275055302074
MLP,2,0,0,0.07449217022702556
MLP,2,0,0,0.07998082339539256
MLP,2,0,0,0.07269984217263498
MLP,2,1,0,0.38892928678718847
MLP,2,1,1,0.9976740421576291
MLP,2,0,0,0.2763958218951049
MLP,2,0,0,0.16515591378782218
MLP,2,0,0,0.09472231347380934
MLP,2,0,0,0.2736127560265594
MLP,2,0,0,0.22543566119170833
MLP,2,0,0,0.09499483947675004
MLP,2,1,0,0.0768625718092047
MLP,2,1,0,0.21265232407568427
MLP,2,1,0,0.31449934915241706
MLP,2,0,0,0.27306805010213675
MLP,2,0,0,0.08727902735577739
MLP,2,1,0,0.11649254492449823
MLP,2,0,0,0.28789706726739356
MLP,2,0,0,0.18993422359551737
MLP,2,0,0,0.3981885682446661
MLP,2,0,0,0.15525732331119127
MLP,2,0,0,0.09663684194625331
MLP,2,0,0,0.22767721096154012
MLP,2,1,0,0.23420007746235724
MLP,2,0,0,0.09732752231309126
MLP,2,1,1,0.8704097978265147
MLP,2,0,0,0.09414453762087846
MLP,2,0,0,0.20190044191636847
MLP,2,0,0,0.15476692571948986
MLP,2,0,1,0.5403016798765324
MLP,2,0,1,0.7031282822306872
MLP,2,0,1,0.6078565153866519
MLP,2,0,0,0.11663885100230424
MLP,2,0,0,0.08466725120290015
MLP,2,0,0,0.47088104532298614
MLP,2,0,0,0.11269456632626258
MLP,2,0,0,0.31836476330921704
MLP,2,0,0,0.08372590393766541
MLP,2,1,0,0.22980956582355425
MLP,2,1,0,0.335746143276449
MLP,2,0,0,0.25411444078687145
MLP,2,0,0,0.20886304567121497
MLP,2,1,0,0.09429242967182672
MLP,2,0,0,0.13194563514123525
MLP,2,1,0,0.38551854254199425
MLP,2,0,0,0.09127333664818468
MLP,2,1,0,0.06160421567385788
MLP,2,0,0,0.06923270709292366
MLP,2,0,0,0.3267839664349648
MLP,2,0,0,0.08581897752304093
MLP,2,1,0,0.44560902720319023
MLP,2,0,0,0.12888280044819253
MLP,2,0,0,0.10539769717259191
MLP,2,0,0,0.19864641210011627
MLP,2,0,1,0.7845442163517558
MLP,2,0,0,0.43503451050404157
MLP,2,0,0,0.1026410188511991
MLP,2,0,0,0.06217087968285305
MLP,2,0,0,0.14235492682075068
MLP,2,0,0,0.4082893540028538
MLP,2,1,0,0.2381696470261478
MLP,2,0,0,0.07737163895656263
MLP,2,1,0,0.32253148249703945
MLP,2,1,0,0.1970872745810928
MLP,2,1,0,0.3866728253227537
MLP,2,0,0,0.2528423641241389
MLP,2,1,0,0.022069442081527783
MLP,2,0,0,0.23346991349334345
MLP,2,0,0,0.47966341520057454
MLP,2,1,0,0.2747751028141989
MLP,2,0,0,0.1892859079790088
MLP,2,0,0,0.0838788708200604
MLP,2,0,0,0.1159235429831221
MLP,2,0,0,0.19293961238968946
MLP,2,0,0,0.1179603764621981
MLP,2,0,0,0.08925076971307093
MLP,2,0,0,0.06488790237085117
MLP,2,0,0,0.16279146081976598
MLP,2,1,0,0.3423231333241385
MLP,2,0,0,0.33381612718284265
MLP,2,1,0,0.14711694197183342
MLP,2,0,0,0.10688106390832239
MLP,2,0,0,0.1697056706496585
MLP,2,0,0,0.2836013547482275
MLP,2,0,0,0.22698944761445775
MLP,2,0,0,0.15062678665578103
MLP,2,1,0,0.1669891497856068
MLP,2,0,0,0.1913454143177687
MLP,2,1,1,0.7119587304677706
MLP,2,0,0,0.13733016851566546
MLP,2,0,0,0.06283707730936851
MLP,2,0,0,0.2427589029682644
MLP,2,0,0,0.1634864646218621
MLP,2,0,0,0.20951075459741927
MLP,2,0,0,0.3356333210151066
MLP,2,0,0,0.16225816675451407
MLP,2,0,0,0.14137511170125028
MLP,2,0,0,0.18534183154680797
MLP,2,0,0,0.30255964170873406
MLP,2,0,0,0.11582721720622421
MLP,2,0,0,0.08955904173069185
MLP,2,0,0,0.15401630072630162
MLP,2,0,0,0.20954328881971987
MLP,2,0,0,0.11714541998389662
MLP,2,0,0,0.08252961871095543
MLP,2,0,0,0.10620778833796257
MLP,2,0,0,0.16893328319533693
MLP,2,0,0,0.2197406608975592
MLP,2,0,0,0.07369736588241128
MLP,2,0,0,0.13385557495840317
MLP,2,1,0,0.4556018404821915
MLP,2,0,0,0.37484895946450186
MLP,2,0,0,0.26556162410859674
MLP,2,0,0,0.3435958045992258
MLP,2,0,0,0.20798601382835238
MLP,2,0,0,0.26217419255065066
MLP,2,0,1,0.6586144493636825
MLP,2,0,0,0.0636636160356031
MLP,2,1,0,0.22070231951729224
MLP,2,0,0,0.1632914689190448
MLP,2,0,0,0.07441399586736809
MLP,2,0,0,0.07546813465464294
MLP,2,0,0,0.2211841372855397
MLP,2,1,0,0.26355919988550053
MLP,2,1,0,0.2185119615737894
MLP,2,0,0,0.1468287030086868
MLP,2,1,0,0.42426731734069867
MLP,2,0,0,0.3414083431032473
MLP,2,0,0,0.11103776490983908
MLP,2,1,0,0.37819498063498364
MLP,2,0,0,0.10257476658305241
MLP,2,0,0,0.04960430691547528
MLP,2,1,0,0.15811870805734082
MLP,2,0,0,0.06765829624258501
MLP,2,1,0,0.4493536585022152
MLP,2,0,1,0.5382759441732988
MLP,2,0,0,0.3823881015373154
MLP,2,0,0,0.34193866123139566
MLP,2,0,0,0.059139087900754464
MLP,2,0,0,0.11131762708402064
MLP,2,0,0,0.17173056565307188
MLP,2,1,1,0.8853742066317788
MLP,2,0,0,0.347732782579248
MLP,2,1,1,0.6942234539116423
MLP,2,1,0,0.14835817665713782
MLP,2,0,0,0.17405836132273006
MLP,2,0,0,0.10909082065571687
MLP,2,0,0,0.12024952103861247
MLP,2,0,0,0.19083577331426993
MLP,2,0,0,0.31327359439506247
MLP,2,0,0,0.25598901412626635
MLP,2,0,0,0.24717179936999725
MLP,2,0,0,0.09507311684781446
MLP,2,0,0,0.3917315900915951
MLP,2,0,0,0.06879245932000695
MLP,2,0,0,0.3663774392236159
MLP,2,0,0,0.11374363553535755
MLP,2,0,0,0.253514591576532
MLP,2,0,0,0.11476876550866454
MLP,2,0,0,0.1563152417914794
MLP,2,0,0,0.33813768038022324
MLP,2,0,0,0.06458840402971597
MLP,2,0,0,0.07648313004903494
MLP,2,0,0,0.13156668561065424
MLP,2,0,0,0.09182161384082829
MLP,2,1,0,0.15166126915039038
MLP,2,0,0,0.08795700762540401
MLP,2,1,0,0.11376851670312378
MLP,2,0,0,0.07731985886821749
MLP,2,0,0,0.3778312690767244
MLP,2,0,0,0.07174587632576179
MLP,2,0,1,0.5000634168270265
MLP,2,0,0,0.14389426467035651
MLP,2,0,0,0.09455122105663089
MLP,2,0,0,0.40150005137969863
MLP,2,0,0,0.13165481113779795
MLP,2,1,0,0.15697359380267256
MLP,2,1,0,0.1353534781369365
MLP,2,1,0,0.22558748335235793
MLP,2,1,0,0.2616356379119181
MLP,2,0,0,0.15645707912890092
MLP,2,1,1,0.6690621007059011
MLP,2,0,0,0.0501920959422381
MLP,2,0,0,0.1997264543496079
MLP,2,0,1,0.5134150851146736
MLP,2,1,0,0.49817098529780385
MLP,2,0,0,0.25198266090499816
MLP,2,1,0,0.13894015374590812
MLP,2,0,0,0.21901109153027515
MLP,2,0,0,0.0863543944968524
MLP,2,0,0,0.18248465397694735
MLP,2,0,0,0.20957151264469356
MLP,2,1,1,0.7001453847727257
MLP,2,0,0,0.17703390538436614
MLP,2,1,0,0.3200938924386535
MLP,2,0,1,0.5829599504209025
MLP,2,0,0,0.04986265060792422
MLP,2,0,0,0.1761497639195242
MLP,2,0,0,0.1702837373443296
MLP,2,0,0,0.16934182654989852
MLP,2,0,0,0.4496760536473922
MLP,2,0,0,0.07251003583755444
MLP,2,0,0,0.16822047399669057
MLP,2,1,0,0.23105315225625506
MLP,2,1,0,0.22460899527612033
MLP,2,0,0,0.14546535690619272
MLP,2,0,0,0.0630394728876783
MLP,2,1,0,0.2578367431014682
MLP,2,0,0,0.2057450109890878
MLP,2,1,1,0.5916303558138243
MLP,2,0,0,0.2349789410173673
MLP,2,0,0,0.44003594360596887
MLP,2,0,0,0.21491901979343306
MLP,2,0,0,0.35234777630221176
MLP,2,1,0,0.23275015256589046
MLP,2,0,0,0.14710206570788492
MLP,2,0,0,0.0851572686949476
MLP,2,0,0,0.13033722310735543
MLP,2,0,0,0.09225966513942264
MLP,2,0,0,0.08925676583083596
MLP,2,0,0,0.3431613896564878
MLP,2,0,0,0.10501649199514156
MLP,2,0,0,0.09772276120450545
MLP,2,0,0,0.10380890139474926
MLP,2,0,0,0.0593664790380847
MLP,2,0,0,0.13053176952713044
MLP,2,0,0,0.0732477604469872
MLP,2,0,0,0.10671014771712402
MLP,2,0,0,0.3259110434518261
MLP,2,0,0,0.2507204028580203
MLP,2,1,0,0.15435732461593626
MLP,2,0,0,0.2611743465826346
MLP,2,0,0,0.12845356486981446
MLP,2,0,0,0.32487296052613207
MLP,2,0,0,0.16937432510096476
MLP,2,0,0,0.12912302133071862
MLP,2,0,0,0.15437428709991527
MLP,2,0,0,0.23714796903923482
MLP,2,0,0,0.20697198441027784
MLP,2,1,0,0.3988462162926361
MLP,2,0,0,0.18560877174311352
MLP,2,0,1,0.635497355577506
MLP,2,0,0,0.17051024077907498
MLP,2,0,0,0.20421045241100574
MLP,2,0,0,0.1570095559640581
MLP,2,0,0,0.18317483571753743
MLP,2,0,0,0.16697294060532986
MLP,2,1,0,0.16918996730558247
MLP,2,0,0,0.07313317371974183
MLP,2,0,0,0.08139889640155248
MLP,2,1,1,0.6018364655041085
MLP,2,0,0,0.23324367197288698
MLP,2,0,0,0.11536076251975867
MLP,2,0,0,0.12475768622803371
MLP,2,0,0,0.4516036374822691
MLP,2,1,0,0.2548501276973432
MLP,2,0,0,0.10927850761928397
MLP,2,0,0,0.43489966231612137
MLP,2,0,1,0.5850313325632486
MLP,2,0,0,0.18040319998473664
MLP,2,0,0,0.2508515928684646
MLP,2,1,0,0.15412890570676027
MLP,2,0,0,0.045538420538191376
MLP,2,0,0,0.10502109835298384
MLP,2,0,0,0.13502504068946414
MLP,2,0,0,0.09965743272962581
MLP,2,1,0,0.19411951128199165
MLP,2,0,0,0.09259948455619432
MLP,2,0,0,0.1437825204182787
MLP,2,0,0,0.06715451839439256
MLP,2,0,0,0.1324001212604501
MLP,2,1,0,0.14834881221713406
MLP,2,0,0,0.23527187091110702
MLP,2,0,0,0.14186602843505267
MLP,2,0,0,0.10748502175665592
MLP,2,0,0,0.20413096537885647
MLP,2,0,0,0.1865127693229057
MLP,2,0,0,0.21545617187050475
MLP,2,0,0,0.2700889552291408
MLP,2,0,0,0.1808672023231807
MLP,2,0,0,0.24414039442846194
MLP,2,0,0,0.2467190196085179
MLP,2,1,0,0.15728578372957258
MLP,2,0,0,0.08502222807826258
MLP,2,0,0,0.08511345173790383
MLP,2,0,0,0.21659348754807786
MLP,2,0,0,0.08407219905707408
MLP,2,1,0,0.476299060279631
MLP,2,0,0,0.11413199835243422
MLP,2,0,0,0.1178460323876164
MLP,2,0,0,0.3792026453624186
MLP,2,0,0,0.08601289646959627
MLP,2,0,0,0.27226798681824543
MLP,2,0,0,0.1589988707554089
MLP,2,0,0,0.20882170617354515
MLP,2,1,0,0.08601652176828402
MLP,2,0,1,0.6397733882902618
MLP,2,1,0,0.19780751338472158
MLP,2,0,0,0.2601552594240385
MLP,2,0,0,0.4956113874679036
MLP,2,1,1,0.5005550466251565
MLP,2,0,0,0.0685557080968567
MLP,2,0,0,0.16585858245559018
MLP,2,1,0,0.1773806288078058
MLP,2,0,0,0.05475414505114771
MLP,2,0,0,0.25490613696410264
MLP,2,0,0,0.19724017031397567
MLP,2,0,0,0.2131097168588669
MLP,2,1,0,0.390913175422612
MLP,2,0,0,0.13986316396410714
MLP,2,1,1,0.8529952407660095
MLP,2,0,0,0.07788799098751342
MLP,2,0,0,0.13448281784971294
MLP,2,0,0,0.09822453543662883
MLP,2,1,0,0.3927349181005224
MLP,2,1,0,0.11568828108774966
MLP,2,0,0,0.1700012153441674
MLP,2,0,0,0.17629720491611892
MLP,2,0,0,0.27705885924562734
MLP,2,0,0,0.07522308119205638
MLP,2,1,0,0.23221351436700463
MLP,2,0,0,0.07668408836149827
MLP,2,0,0,0.17989976887375697
MLP,2,1,0,0.28479867703082556
MLP,2,0,0,0.17219933703960938
MLP,2,0,0,0.13732685991730795
MLP,2,0,0,0.3276215340837395
MLP,2,1,0,0.1400979076064174
MLP,2,1,0,0.2779939044185212
MLP,2,0,0,0.2213163062357985
MLP,2,0,1,0.6077381180151842
MLP,2,0,0,0.08231662853918864
MLP,2,1,1,0.7944694525132096
MLP,2,0,0,0.25282090074099667
MLP,2,0,0,0.22724364950985879
MLP,2,0,0,0.16316304480395882
MLP,2,0,0,0.24613047467901067
MLP,2,1,0,0.07888177821008727
MLP,2,1,0,0.498817772083222
MLP,2,0,0,0.11035485253152007
MLP,2,0,0,0.09251306097568018
MLP,2,0,0,0.07859480513085534
MLP,2,0,0,0.1356519935317919
MLP,2,0,0,0.08572283657478186
MLP,2,1,1,0.5037616496144117
MLP,2,0,0,0.11953193168502682
MLP,2,1,0,0.32523965772640734
MLP,2,1,0,0.1410628050187008
MLP,2,1,0,0.11433563744830644
MLP,2,0,1,0.5212550091308894
MLP,2,0,0,0.17114642193806126
MLP,2,0,0,0.26610352534053294
MLP,2,0,0,0.22483620429551773
MLP,2,1,0,0.10054864276955866
MLP,2,1,0,0.09579690577533234
MLP,2,1,1,0.5593079195604115
MLP,2,0,0,0.06266157435954721
MLP,2,0,0,0.09714825435608677
MLP,2,0,0,0.3920076561365441
MLP,2,1,1,0.6015678667679007
MLP,2,0,0,0.2042776066073311
MLP,2,0,0,0.06963953230488831
MLP,2,0,0,0.04844520181303699
MLP,2,1,0,0.17247837731221563
MLP,2,0,0,0.17133120125500165
MLP,2,0,0,0.1445843335556217
MLP,2,1,1,0.6537484345161468
MLP,2,0,0,0.13906482605600312
MLP,2,0,0,0.0690166733209257
MLP,2,0,0,0.07846695131576849
MLP,2,0,0,0.14044498805207434
MLP,2,0,0,0.22335904923885222
MLP,2,0,0,0.08565455974312271
MLP,2,0,0,0.16546149026209883
MLP,2,0,0,0.13363272426265266
MLP,2,0,0,0.053327627415237264
MLP,2,0,0,0.08474911890728652
MLP,2,0,0,0.3023477252532381
MLP,2,0,0,0.17802387777476386
MLP,2,0,0,0.07702620568143574
MLP,2,0,0,0.04681381064145432
MLP,2,0,0,0.10343942274313293
MLP,2,0,0,0.1885996819209636
MLP,2,0,0,0.07785681873405662
MLP,2,0,1,0.6767795413232447
MLP,2,1,1,0.5689052181510459
MLP,2,0,0,0.07569053844656494
MLP,2,0,0,0.1209042079322343
MLP,2,0,0,0.12944171108896604
MLP,2,0,0,0.34190086449323326
MLP,2,0,0,0.13107424366523765
MLP,2,0,0,0.13871294264632938
MLP,2,0,0,0.2714092610849931
MLP,2,0,0,0.11968547805150144
MLP,2,1,0,0.06015721614625806
MLP,2,0,0,0.08791287406609333
MLP,2,0,0,0.18529755158824443
MLP,2,0,0,0.19212343588569672
MLP,2,0,0,0.06499658282034451
MLP,2,0,0,0.2425582578295282
MLP,2,0,0,0.23905346000636205
MLP,2,0,0,0.1982977385888321
MLP,2,0,0,0.07020339756601421
MLP,2,1,0,0.23096680086271518
MLP,2,1,0,0.31233741262744463
MLP,2,0,0,0.21019471081921592
MLP,2,0,0,0.06344103106849051
MLP,2,0,0,0.2874720155476431
MLP,2,0,0,0.07216351208046091
MLP,2,0,0,0.09818868056390727
MLP,2,0,0,0.07056162974922654
MLP,2,0,0,0.18422652927392985
MLP,2,0,0,0.23670609871782097
MLP,2,0,0,0.0704308895273449
MLP,2,0,0,0.07954343202687823
MLP,2,0,0,0.20601308282242195
MLP,2,1,0,0.2485985303901676
MLP,2,1,0,0.3436972528864629
MLP,2,0,0,0.26694902794250225
MLP,2,0,0,0.47291040869603196
MLP,2,1,1,0.7179733569041213
MLP,2,1,1,0.7498963058140813
MLP,2,1,1,0.859520509163184
MLP,2,1,0,0.09235381201957296
MLP,2,0,0,0.1258278380203828
MLP,2,1,0,0.13376131446408723
MLP,2,1,1,0.5980581218114697
MLP,2,0,0,0.11138839975695933
MLP,2,0,0,0.17781665845144698
MLP,2,0,0,0.14402686331657044
MLP,2,0,0,0.09335589346507545
MLP,2,0,0,0.4283657649443675
MLP,2,0,0,0.08585141344554208
MLP,2,1,0,0.20172884373745276
MLP,2,0,0,0.19475843215191482
MLP,2,0,0,0.14536412212982266
MLP,2,0,0,0.30999366761281955
MLP,2,1,0,0.1153466513820595
MLP,2,0,0,0.1322487415060258
MLP,2,0,0,0.14389722931684393
MLP,2,1,0,0.25051397686742394
MLP,2,0,0,0.24700103190788664
MLP,2,1,0,0.21022921015076676
MLP,2,0,0,0.08258355313302822
MLP,2,1,0,0.20427151098185237
MLP,2,0,0,0.14600575749431918
MLP,2,0,0,0.14321942576234187
MLP,2,0,0,0.10322074274880338
MLP,2,0,0,0.11632363886810097
MLP,2,1,1,0.8982102313983896
MLP,2,0,0,0.21780063706585742
MLP,2,0,0,0.16558507463751035
MLP,2,0,0,0.14517327393268437
MLP,2,0,0,0.07882471143051877
MLP,2,1,0,0.22458035958259842
MLP,2,0,0,0.19335999184308936
MLP,2,0,0,0.057441747548927516
MLP,2,0,0,0.45456441938523834
MLP,2,0,0,0.06452651744876084
MLP,2,0,0,0.08170479760305006
MLP,2,0,0,0.05903605724977377
MLP,2,0,0,0.16474803899562687
MLP,2,1,0,0.13430734289510055
MLP,2,0,0,0.15405829567632162
MLP,2,0,0,0.21385486174450963
MLP,2,0,0,0.1297835505837783
MLP,2,0,0,0.16839760940952947
MLP,2,0,0,0.30079726025834685
MLP,2,0,0,0.1240082177417472
MLP,2,0,0,0.11286408463202714
MLP,2,0,0,0.28577643331146313
MLP,2,0,0,0.21564012533373575
MLP,2,1,0,0.16543615552991708
MLP,2,0,0,0.19701320481002538
MLP,2,0,1,0.9661851938600979
MLP,2,0,0,0.1485833813866219
MLP,2,1,0,0.3045510304678963
MLP,2,1,1,0.7868833265656235
MLP,2,0,0,0.25378922760584993
MLP,2,0,1,0.6257353219431829
MLP,2,0,0,0.16317247196613655
MLP,2,0,0,0.1024123144027359
MLP,2,0,0,0.10365022720343008
MLP,2,0,0,0.13545222628075684
MLP,2,1,0,0.28536101022516813
MLP,2,0,0,0.07923589748593834
MLP,2,1,1,0.6281786640233118
MLP,2,0,0,0.1004100084041456
MLP,2,0,0,0.10188408159615603
MLP,2,0,0,0.16780762483781522
MLP,2,1,1,0.7508915428325225
MLP,2,0,1,0.9984574731943198
MLP,2,0,0,0.1285496380792596
MLP,2,0,0,0.3220615467003294
MLP,2,0,0,0.1154063977058986
MLP,2,0,0,0.19889188427150395
MLP,2,0,0,0.07984834008471674
MLP,2,0,0,0.15346457222179669
MLP,2,0,0,0.08372974703507467
MLP,2,0,0,0.35970997334118393
MLP,2,0,0,0.09370830288568512
MLP,2,1,0,0.11619953844577312
MLP,2,1,0,0.08904364283970923
MLP,2,0,0,0.3542766941670155
MLP,2,0,0,0.09558751398811549
MLP,2,1,0,0.18769408550188443
MLP,2,1,0,0.3234857279436862
MLP,2,0,0,0.08656458925204408
MLP,2,1,0,0.19745531332706895
MLP,2,0,0,0.198014615678289
MLP,2,0,0,0.2083827781595757
MLP,2,0,0,0.17146796659314775
MLP,2,0,0,0.11743318204002624
MLP,2,1,0,0.14302461868412303
MLP,2,0,0,0.2580445116912283
MLP,2,0,0,0.1560032369968886
MLP,2,0,0,0.1458513469454729
MLP,2,0,0,0.07260514475004733
MLP,2,0,0,0.36056085084148526
MLP,2,1,1,0.6058773089062673
MLP,2,0,0,0.07663998349570303
MLP,2,0,0,0.2533470681469875
MLP,2,0,0,0.18908568309266732
MLP,2,0,0,0.10783261658789238
MLP,2,0,0,0.07374835116876727
MLP,2,0,1,0.5566452039522124
MLP,2,1,0,0.08377362890881973
MLP,2,0,0,0.2517048533166369
MLP,2,0,0,0.32323330320466437
MLP,2,0,0,0.17829930258077117
MLP,2,1,1,0.9570516518007762
MLP,2,1,0,0.17107325223491707
MLP,2,0,0,0.11883062650144702
MLP,2,0,0,0.2145047559906997
MLP,2,1,0,0.26634077981850884
MLP,2,0,0,0.1836599032191495
MLP,2,0,0,0.17514025780599857
MLP,2,0,0,0.28704157371472333
MLP,2,0,0,0.2381797350219064
MLP,2,0,0,0.24738280814805547
MLP,2,0,0,0.09635061556592582
MLP,2,0,0,0.23192731479278425
MLP,2,0,0,0.2280635287669367
MLP,2,0,0,0.1661166052414271
MLP,2,0,0,0.16178965897443462
MLP,2,0,0,0.11457031823506084
MLP,2,0,0,0.22011415539368429
MLP,2,1,0,0.062147132784073376
MLP,2,0,0,0.10012590739879608
MLP,2,0,1,0.838104404486695
MLP,2,1,0,0.21046653644350816
MLP,2,0,0,0.3144501217078844
MLP,2,0,0,0.18070875574368236
MLP,2,0,0,0.22697580366033066
MLP,2,0,0,0.17674900447903305
MLP,2,1,0,0.3674275578220557
MLP,2,1,0,0.4800593701759973
MLP,2,0,0,0.1905028381397204
MLP,2,0,0,0.09952016166782729
MLP,2,0,0,0.11426468238353538
MLP,2,0,0,0.4257794369063236
MLP,2,1,0,0.15020076027958276
MLP,2,1,0,0.33491803882222954
MLP,2,0,0,0.1782994099121405
MLP,2,1,0,0.07423632339711289
MLP,2,0,0,0.07541684573685459
MLP,2,0,0,0.179612925921001
MLP,2,0,0,0.16828725167985525
MLP,2,0,0,0.0914691469121132
MLP,2,0,1,0.6263803636963462
MLP,2,0,0,0.10227014795161096
MLP,2,1,0,0.24889304722369568
MLP,2,0,0,0.1458162190286214
MLP,2,0,0,0.13148362039529526
MLP,2,0,0,0.35855585755285485
MLP,2,0,0,0.39783469577280145
MLP,2,0,0,0.3765884395706341
MLP,2,0,0,0.0630359922598045
MLP,2,0,0,0.15491165121573072
MLP,2,1,1,0.6450384143564644
MLP,2,0,0,0.3487410120413468
MLP,2,0,0,0.09811243452811669
MLP,2,0,0,0.1560370564313918
MLP,2,1,0,0.1472518872158668
MLP,2,0,0,0.09831554062364982
MLP,2,0,0,0.15229534763928285
MLP,2,0,0,0.18724753350073417
MLP,2,0,0,0.18573518169645775
MLP,2,0,0,0.2247508078185909
MLP,2,0,0,0.10629513346724037
MLP,2,0,0,0.04173249607681702
MLP,2,0,0,0.321943702710066
MLP,2,0,0,0.06873060546653109
MLP,2,0,0,0.35175835441468783
MLP,2,0,0,0.3153949110825848
MLP,2,0,0,0.4342237788638193
MLP,2,1,0,0.1412794003389205
MLP,2,1,0,0.2408923952306643
MLP,2,0,0,0.09803572135079185
MLP,2,0,0,0.12710028078355948
MLP,2,0,0,0.09866247232834094
MLP,2,0,0,0.26309410197145283
MLP,2,0,0,0.07391099544399646
MLP,2,1,0,0.13280026823039556
MLP,2,0,0,0.20933541627585914
MLP,2,0,0,0.07887612914243354
MLP,2,0,1,0.6105872952979832
MLP,2,0,1,0.8727626817319969
MLP,2,0,0,0.10475861955180521
MLP,2,0,0,0.3139733345316831
MLP,2,0,0,0.08823670914274018
MLP,2,0,0,0.205531696497393
MLP,2,0,0,0.3263966485628793
MLP,2,0,0,0.044346018945257255
MLP,2,0,0,0.2040301538910107
MLP,2,0,0,0.28406296715433926
MLP,2,0,0,0.09809315027643238
MLP,2,0,0,0.19270820930816052
MLP,2,0,0,0.2800188228463806
MLP,2,0,0,0.179130015742794
MLP,2,0,0,0.25714704421005813
MLP,2,0,0,0.2028954837372596
MLP,2,0,0,0.170368938460446
MLP,2,0,0,0.12129471289661946
MLP,2,1,1,0.6888825630363217
MLP,2,0,0,0.11647095564667304
MLP,2,0,0,0.08850395992479265
MLP,2,1,0,0.12022087395250843
MLP,2,0,0,0.1268863533748267
MLP,2,0,0,0.1351808561979216
MLP,2,0,0,0.2199736507376371
MLP,2,0,0,0.0603257711778657
MLP,2,0,0,0.09694861938293935
MLP,2,0,0,0.325966969994745
MLP,2,0,0,0.22372202982483289
MLP,2,0,0,0.1108251915602049
MLP,2,0,0,0.19673236717894638
MLP,2,0,0,0.0906914997584059
MLP,2,0,0,0.10405000579261652
MLP,2,0,0,0.04780656503276688
MLP,2,0,0,0.41153561819338674
MLP,2,0,0,0.08138783192456497
MLP,2,0,0,0.15567565210479686
MLP,2,0,0,0.17570741493890524
MLP,2,1,0,0.3873845281286447
MLP,2,1,1,0.6427118530659592
MLP,2,0,0,0.0894370365818334
MLP,2,1,0,0.4311686829861849
MLP,2,0,0,0.2696433855352922
MLP,2,0,0,0.12057906966127992
MLP,2,0,0,0.21809975109162158
MLP,2,1,0,0.4358966336799066
MLP,2,0,0,0.06233433338406398
MLP,2,0,0,0.19409024513525516
MLP,2,0,0,0.0944109060714056
MLP,2,0,0,0.09077334296843755
MLP,2,0,0,0.45796733532839945
MLP,2,0,0,0.22769444366606856
MLP,2,0,0,0.08771288210793207
MLP,2,0,0,0.4179392065762809
MLP,2,0,0,0.09566272224510505
MLP,2,1,0,0.1454092935873166
MLP,2,0,0,0.09211168945874804
MLP,2,0,1,0.5653817440450221
MLP,2,0,0,0.06878142903835775
MLP,2,0,0,0.20256131094190993
MLP,2,0,0,0.23805316340026977
MLP,2,1,0,0.4055323465079664
MLP,2,1,1,0.5724970634288103
MLP,2,0,0,0.06753584602813183
MLP,2,1,1,0.9914620566152258
MLP,2,0,1,0.6872845035147152
MLP,2,1,0,0.09056990085390833
MLP,2,0,0,0.14366726334284835
MLP,2,1,0,0.272583856465777
MLP,2,0,0,0.1682142487590246
MLP,2,0,0,0.04967795063457277
MLP,2,0,0,0.1127604978681955
MLP,2,1,0,0.23159361438548517
MLP,2,0,0,0.21307396199828565
MLP,2,0,0,0.13825718057782363
MLP,2,1,0,0.15126805374402424
MLP,2,0,0,0.07728619295280381
MLP,2,0,0,0.15439271975423824
MLP,2,0,0,0.09263285728588912
MLP,2,0,0,0.13004417725742615
MLP,2,0,0,0.1571345304336912
MLP,2,0,0,0.24542211566172328
MLP,2,0,0,0.14916136792103865
MLP,2,0,0,0.08753945792569572
MLP,2,0,0,0.11591838286122273
MLP,2,0,0,0.17764809395019143
MLP,2,0,0,0.2639387639528518
MLP,2,1,0,0.46386565852802064
MLP,2,0,0,0.3312701848082279
MLP,2,0,0,0.22057026496175064
MLP,2,0,0,0.409955124861709
MLP,2,0,0,0.23556321158758634
MLP,2,1,1,0.8569382731959341
MLP,2,0,0,0.07253493207390221
MLP,2,1,0,0.08041657136239369
MLP,2,0,0,0.246533808464414
MLP,2,1,0,0.38584864235360217
MLP,2,0,0,0.08930497195343774
MLP,2,1,0,0.30410257323475537
MLP,2,0,0,0.3335689004410019
MLP,2,0,0,0.24519587580614688
MLP,2,0,0,0.06370987145580119
MLP,2,0,0,0.10860364734931853
MLP,2,0,0,0.20612003248807265
MLP,2,1,0,0.26454794270865756
MLP,2,0,0,0.13190163265523347
MLP,2,0,0,0.08708768554051691
MLP,2,0,1,0.5039692617422675
MLP,2,0,0,0.0892862513083049
MLP,2,0,0,0.08478347391478586
MLP,2,0,0,0.11187706225762262
MLP,2,0,0,0.08125127222921795
MLP,2,0,0,0.08245736903822849
MLP,2,0,0,0.13744041718643413
MLP,2,0,0,0.10194744599633067
MLP,2,0,0,0.10480985545678276
MLP,2,0,0,0.37475999423778683
MLP,2,1,0,0.24049580943170076
MLP,2,0,0,0.08431508376871735
MLP,2,0,0,0.07666668958547096
MLP,2,0,0,0.07141183091226587
MLP,2,0,0,0.1685710128889146
MLP,2,0,0,0.10225517512806646
MLP,2,0,0,0.13342231857734851
MLP,2,0,0,0.22707734272879443
MLP,2,0,0,0.13722981549341337
MLP,2,0,0,0.08025677684137267
MLP,2,1,0,0.32698807202586966
MLP,2,0,0,0.20262161349226762
MLP,2,0,0,0.09386178643318503
MLP,2,0,0,0.1102346846377477
MLP,2,0,0,0.14025580978467325
MLP,2,1,0,0.4208550723128492
MLP,2,1,0,0.2973092387957752
MLP,2,0,0,0.28784275235806855
MLP,2,0,0,0.13643066524258715
MLP,2,0,0,0.24797115462248817
MLP,2,1,0,0.1791468221821087
MLP,2,0,0,0.24297147804930166
MLP,2,1,0,0.21139467306538953
MLP,2,0,0,0.17557489912848592
MLP,2,1,0,0.254639938076686
MLP,2,0,0,0.1232477819156011
MLP,2,0,0,0.06009967845464256
MLP,2,0,0,0.06271033596305398
MLP,2,0,0,0.1524339115108232
MLP,2,0,0,0.21081225849611995
MLP,2,0,0,0.37744543425454496
MLP,2,0,0,0.07367766148757199
MLP,2,1,0,0.36588517010140126
MLP,2,0,0,0.05770894032446194
MLP,2,0,0,0.07664187766450813
MLP,2,0,1,0.6748577466704622
MLP,2,0,0,0.10507520623137497
MLP,2,0,0,0.26028209385656037
MLP,2,0,0,0.36749708194430236
MLP,2,1,0,0.10774555763160365
MLP,2,0,0,0.46441861214920027
MLP,2,0,0,0.06318757819067966
MLP,2,0,0,0.14869664949947609
MLP,2,0,0,0.08798163573637742
MLP,2,0,0,0.13045489932481485
MLP,2,0,0,0.08374614241473548
MLP,2,0,0,0.31143362826018023
MLP,2,0,0,0.21440353479506097
MLP,2,1,0,0.2167479184016867
MLP,2,0,0,0.0784855414468457
MLP,2,0,0,0.14877589509090539
MLP,2,1,0,0.10741135940909925
MLP,2,0,0,0.0893496990445829
MLP,2,0,0,0.07142737533047132
MLP,2,0,0,0.2932798624499294
MLP,2,0,0,0.1891906404146113
MLP,2,0,0,0.07364967854437982
MLP,2,0,0,0.13521347652657187
MLP,2,0,0,0.07575959771574042
MLP,2,1,0,0.06752429702769472
MLP,2,0,0,0.09181135903535399
MLP,2,1,0,0.2313140735221744
MLP,2,1,0,0.13773311018467937
MLP,2,0,0,0.13038055546031077
MLP,2,0,0,0.2091196917500542
MLP,2,0,1,0.6525393768823001
MLP,2,0,0,0.22909920958151098
MLP,2,0,0,0.12909019312283018
MLP,2,1,0,0.3100974625210583
MLP,2,0,0,0.17172305668964966
MLP,2,1,0,0.2060341528807062
MLP,2,0,0,0.3423916154689369
MLP,2,1,0,0.2707743099558801
MLP,2,1,0,0.27199859125043147
MLP,2,0,0,0.13431498062836966
MLP,2,1,0,0.3900069344499815
MLP,2,0,0,0.24530042893464513
MLP,2,0,0,0.15797319521881428
MLP,2,0,0,0.06486991085776883
MLP,2,1,0,0.2920675744055433
MLP,2,0,1,0.8184773618319646
MLP,2,0,0,0.23364592110915117
MLP,2,0,0,0.22807699755033503
MLP,2,1,1,0.97770965255247
MLP,2,1,1,0.7099599599760996
MLP,2,0,0,0.06821798285805628
MLP,2,0,0,0.3508435444097612
MLP,2,1,1,0.6617235270545859
MLP,2,0,0,0.08191078884080441
MLP,2,1,0,0.11315846572528529
MLP,2,0,0,0.12455234191494303
MLP,2,1,1,0.8810160581603272
MLP,2,0,0,0.11744347310301619
MLP,2,1,0,0.0745603288045686
MLP,2,0,0,0.059990251966577625
MLP,2,1,1,0.8200730033594699
MLP,2,0,0,0.24285252258884404
MLP,2,1,0,0.08307147526406418
MLP,2,0,0,0.29572335044767334
MLP,2,0,0,0.26537701570885236
MLP,2,1,0,0.054550954192564706
MLP,2,0,0,0.48215640699347573
MLP,2,0,0,0.17420563787846569
MLP,2,0,0,0.21939346742743238
MLP,2,0,0,0.10287873006113293
MLP,2,1,0,0.16822047399669057
MLP,2,0,0,0.10641903381699366
MLP,2,1,0,0.08163314592177796
MLP,2,0,0,0.053796898145954564
MLP,2,0,0,0.4746647054293727
MLP,2,0,0,0.2833641230861511
MLP,2,0,0,0.1910275498492186
MLP,2,0,0,0.1371862861863487
MLP,2,0,0,0.147142145022421
MLP,2,0,0,0.08269976008537949
MLP,2,0,0,0.22398325106958378
MLP,2,0,0,0.18074544609466267
MLP,2,1,0,0.03748132510004798
MLP,2,1,1,0.8873394922643981
MLP,2,0,0,0.07118607884726867
MLP,2,0,0,0.2752576804593564
MLP,2,0,0,0.08618189124006481
MLP,2,0,0,0.2531444217877979
MLP,2,0,0,0.11417782483872736
MLP,2,1,0,0.14426403106210656
MLP,2,1,0,0.3937190949399481
MLP,2,0,0,0.17443471936932886
MLP,2,0,0,0.13876480504525587
MLP,2,0,0,0.0700342742543133
MLP,2,1,0,0.11660658780230156
MLP,2,0,0,0.20875674186020432
MLP,2,0,0,0.12935916302745562
MLP,2,1,0,0.39880506030970797
MLP,2,0,0,0.17094681834411482
MLP,2,0,0,0.24424583225375796
MLP,2,0,0,0.07846682113601235
MLP,2,0,0,0.1967503214411092
MLP,2,0,0,0.17645234353909042
MLP,2,0,0,0.311466701618266
MLP,2,1,0,0.11208864938847467
MLP,2,0,0,0.1457122991680383
MLP,2,0,0,0.2461323030474128
MLP,2,0,0,0.24479156742168653
MLP,2,0,0,0.1918793018891784
MLP,2,0,0,0.29284245902145123
MLP,2,0,0,0.14156467007999632
MLP,2,0,0,0.06659926700988751
MLP,2,0,0,0.12654360092098885
MLP,2,0,0,0.08801268476108817
MLP,2,0,0,0.06985889742481556
MLP,2,0,0,0.42242856194218753
MLP,2,0,0,0.1591111085378603
MLP,2,0,0,0.39511284290379123
MLP,2,0,0,0.16436147437603882
MLP,2,0,0,0.16244140227042067
MLP,2,0,0,0.07082643674029897
MLP,2,0,0,0.06333564866786455
MLP,2,0,0,0.24901378481207193
MLP,2,0,0,0.11392720736974536
MLP,2,0,0,0.2552831805089828
MLP,2,0,0,0.21966483604857717
MLP,2,0,0,0.3651396670547068
MLP,2,0,0,0.13092778410977254
MLP,2,0,0,0.13385622822710386
MLP,2,0,0,0.43953827906145654
MLP,2,1,0,0.25542698065471636
MLP,2,1,1,0.8760033835163096
MLP,2,1,0,0.23396988608915018
MLP,2,0,0,0.04431567517108303
MLP,2,0,0,0.08187599317202772
MLP,2,1,0,0.07519071402133227
MLP,2,0,0,0.13424827831631425
MLP,2,0,0,0.13284370071172052
MLP,2,1,0,0.0795320980556454
MLP,2,0,0,0.057607066884777854
MLP,2,0,0,0.09461705872172377
MLP,2,0,0,0.07715451201616064
MLP,2,0,0,0.3630707819885365
MLP,2,1,1,0.6704151102878901
MLP,2,0,0,0.07771255058271873
MLP,2,0,0,0.19639534243985557
MLP,2,0,0,0.0697645504101873
MLP,2,1,0,0.2875730515818237
MLP,2,0,0,0.08944138147562741
MLP,2,0,0,0.14184257867939062
MLP,2,0,0,0.04934786571427156
MLP,2,0,0,0.20184709212956187
MLP,2,1,0,0.31166768145836415
MLP,2,0,0,0.38673598270531345
MLP,2,0,0,0.3043472657312673
MLP,2,0,0,0.09228319951950704
MLP,2,0,0,0.17893736392704382
MLP,2,0,0,0.1108208454951928
MLP,2,0,0,0.11533031139494875
MLP,2,0,0,0.20072398350714135
MLP,2,0,0,0.0937309487638682
MLP,2,0,0,0.06950895942809407
MLP,2,0,0,0.11726782863396337
MLP,2,0,0,0.16831610755324578
MLP,2,1,0,0.12045338931048172
MLP,2,1,0,0.12290055316177205
MLP,2,0,0,0.10441586949162082
MLP,2,1,0,0.2735113990293229
MLP,2,0,0,0.1264628207053046
MLP,2,0,0,0.16947244884809262
MLP,2,1,0,0.499418717524967
MLP,2,0,0,0.21048310574537007
MLP,2,0,0,0.4653572913594299
MLP,2,0,0,0.06720763569265331
MLP,2,1,0,0.2410986787681487
MLP,2,0,0,0.057622209849547266
MLP,2,0,0,0.08255801574071744
MLP,2,0,0,0.11510075194857565
MLP,2,0,0,0.4377041841111722
MLP,2,0,0,0.1969834469645452
MLP,2,0,0,0.10513006265314653
MLP,2,1,0,0.34873322807844537
MLP,2,0,0,0.07969488232308675
MLP,2,1,0,0.07622836057352243
MLP,2,0,0,0.2304801923073276
MLP,2,0,1,0.9956644848792404
MLP,2,0,0,0.11539998161566378
MLP,2,0,0,0.12265603855681757
MLP,2,0,0,0.22257341357966307
MLP,2,0,1,0.630804054821368
MLP,2,0,0,0.14499959059701134
MLP,2,0,0,0.3673803218001259
MLP,2,0,0,0.06324932816068185
MLP,2,0,0,0.2202737961251098
MLP,2,0,0,0.08433992940122369
MLP,2,1,0,0.13645533752186867
MLP,2,0,0,0.18886401790940346
MLP,2,0,0,0.4874509795658078
MLP,2,1,1,0.6910467711554467
MLP,2,0,0,0.2238000196188329
MLP,2,0,0,0.41220873348121245
MLP,2,1,0,0.18742172210208177
MLP,2,0,0,0.10692546311132584
MLP,2,0,0,0.1502679423297005
MLP,2,1,0,0.3650014280203714
MLP,2,0,0,0.10901545427793168
MLP,2,1,0,0.23989140257837532
MLP,2,0,0,0.3260735835354266
MLP,2,1,0,0.2733196993462774
MLP,2,0,0,0.060935800965226224
MLP,2,1,1,0.977268356513002
MLP,2,0,0,0.26827614985513043
MLP,2,0,0,0.17195238692956094
MLP,2,1,1,0.6882234791860149
MLP,2,0,0,0.1923903697657087
MLP,2,0,0,0.13117619832601302
MLP,2,0,0,0.1788279534704332
MLP,2,0,0,0.38911445439989456
MLP,2,0,0,0.14136740145314405
MLP,2,0,0,0.12596862936782663
MLP,2,1,0,0.46019204675522696
MLP,2,0,0,0.056918956625444724
MLP,2,0,0,0.08357068957819283
MLP,2,1,0,0.12886598096695673
MLP,2,1,1,0.7529155111863381
MLP,2,1,0,0.23061227067522938
MLP,2,0,0,0.07246487990466745
MLP,2,0,0,0.10290738898324889
MLP,2,0,0,0.16460211431833793
MLP,2,1,1,0.8540180617891676
MLP,2,0,0,0.09224785343996546
MLP,2,0,0,0.2491210209246419
MLP,2,1,0,0.45381290061358603
MLP,2,0,0,0.08118689015242828
MLP,2,1,0,0.2889081239758762
MLP,2,0,0,0.31012448195018016
MLP,2,0,0,0.1422848722573804
MLP,2,1,0,0.2911599760718397
MLP,2,1,0,0.1662732810316147
MLP,2,0,0,0.4510834483552398
MLP,2,0,0,0.11725763443760011
MLP,2,1,0,0.4628259884754712
MLP,2,0,0,0.09872039492641889
MLP,2,0,0,0.13154176852619948
MLP,2,0,0,0.31404113294282
MLP,2,0,0,0.17398721110163268
MLP,2,0,0,0.18179526326492815
MLP,2,0,0,0.3262632482386019
MLP,2,0,0,0.1713013511880193
MLP,2,0,0,0.17197884200949698
MLP,2,0,0,0.21331504876092758
MLP,2,0,0,0.1789989538309432
MLP,2,0,0,0.0593595390722326
MLP,2,0,0,0.26565463461263794
MLP,2,0,0,0.17449168135079268
MLP,2,1,0,0.39080704182976056
MLP,2,0,0,0.08314807676836812
MLP,2,0,0,0.37471082469222244
MLP,2,1,0,0.06794427169830033
MLP,2,0,0,0.176301737736637
MLP,2,1,0,0.09183229946699273
MLP,2,0,0,0.23994306306980295
MLP,2,0,0,0.07308060784062269
MLP,2,1,0,0.18946433826258097
MLP,2,0,0,0.0722672368953915
MLP,2,0,0,0.12302811967648566
MLP,2,0,0,0.14486058559267445
MLP,2,1,0,0.2561940939034293
MLP,2,0,0,0.22409171203879882
MLP,2,0,0,0.13356156437365194
MLP,2,0,1,0.5691644010820465
MLP,2,0,1,0.7036180937147041
MLP,2,0,0,0.3247248031511157
MLP,2,1,1,0.6993179991243268
MLP,2,0,0,0.36903353973313663
MLP,2,0,0,0.12164608526693012
MLP,2,0,0,0.21319749514653968
MLP,2,0,0,0.1391916622538499
MLP,2,0,0,0.12918290071695834
MLP,2,0,0,0.0838974149145013
MLP,2,0,0,0.15039763631228462
MLP,2,0,0,0.272049677486603
MLP,2,1,0,0.3967325768215508
MLP,2,0,0,0.0639814010014986
MLP,2,0,0,0.2049370805688311
MLP,2,0,0,0.15394262278441756
MLP,2,0,0,0.07950294594478825
MLP,2,0,0,0.29992512554402323
MLP,2,0,0,0.16727337900397923
MLP,2,0,0,0.08524716106823964
MLP,2,0,0,0.06325596940951703
MLP,2,0,0,0.2892604062628197
MLP,2,0,0,0.17586603996035022
MLP,2,0,0,0.13613711753017288
MLP,2,1,0,0.16769591602883743
MLP,2,0,0,0.12562823870257014
MLP,2,0,0,0.051574438968140374
MLP,2,0,0,0.1148598451934706
MLP,2,0,0,0.4854730668267297
MLP,2,0,0,0.19667926822227316
MLP,2,0,0,0.12454710372611869
MLP,2,0,0,0.16118963218332027
MLP,2,0,0,0.19926289692022847
MLP,2,0,0,0.37393197109058324
MLP,2,1,0,0.08279099473524809
MLP,2,0,0,0.21684019890444442
MLP,2,0,0,0.3410794004990108
MLP,2,0,0,0.2756328346853332
MLP,2,1,1,0.6709968409154072
MLP,2,0,1,0.778969217976362
MLP,2,0,0,0.2672622571838202
MLP,2,0,0,0.2781554525125603
MLP,2,1,0,0.4951291385301619
MLP,2,0,1,0.5062746877019529
MLP,2,1,0,0.29486661764360345
MLP,2,0,0,0.06100064796084462
MLP,2,0,0,0.08214239037202373
MLP,2,1,0,0.05950819786648065
MLP,2,0,0,0.23918006623062646
MLP,2,1,0,0.48744763088909915
MLP,3,1,0,0.3598554569436767
MLP,3,0,0,0.08176162936522353
MLP,3,0,0,0.18346504684559967
MLP,3,0,0,0.10683838846649614
MLP,3,0,0,0.23382393768512091
MLP,3,0,0,0.1341249634172127
MLP,3,0,0,0.17736763856765134
MLP,3,1,1,0.7280228766896265
MLP,3,1,1,0.7240437012363291
MLP,3,0,0,0.10020542815179485
MLP,3,1,0,0.1764487997446234
MLP,3,0,0,0.31718216657476145
MLP,3,0,0,0.2020632941661481
MLP,3,0,0,0.05389782808156637
MLP,3,0,0,0.36658579026110893
MLP,3,0,0,0.17863160336004696
MLP,3,0,0,0.15546386645085253
MLP,3,0,0,0.2577192216871311
MLP,3,1,0,0.3217048782058405
MLP,3,0,0,0.17364468244240278
MLP,3,1,1,0.6871544687892678
MLP,3,1,0,0.016237868054170778
MLP,3,1,1,0.6127752393099196
MLP,3,1,1,0.9084757159724328
MLP,3,0,0,0.0836934789763707
MLP,3,0,0,0.15387123889711402
MLP,3,1,1,0.8664821239751936
MLP,3,1,0,0.34040217382887905
MLP,3,1,0,0.28114801022035146
MLP,3,0,0,0.28337089567093293
MLP,3,0,1,0.9973651924124579
MLP,3,1,0,0.29199522428366936
MLP,3,1,1,0.7506934273324873
MLP,3,0,0,0.2856715398547124
MLP,3,1,0,0.067899090971767
MLP,3,1,0,0.19308165521204346
MLP,3,1,1,0.7831806360458435
MLP,3,1,1,0.6275852785852467
MLP,3,0,0,0.3893962101570289
MLP,3,0,0,0.06170134355284339
MLP,3,1,0,0.3801543272925056
MLP,3,0,0,0.3002562987333889
MLP,3,0,0,0.24894667509328053
MLP,3,0,0,0.0909053942096315
MLP,3,0,0,0.26862914643993946
MLP,3,1,0,0.05195226488148811
MLP,3,0,0,0.20221231255548264
MLP,3,0,0,0.1292214376849239
MLP,3,0,0,0.30449551442497425
MLP,3,0,0,0.2049217052571047
MLP,3,0,0,0.23379394137179554
MLP,3,0,0,0.1218432725371056
MLP,3,1,1,0.5452167659875551
MLP,3,0,0,0.08454863141400241
MLP,3,0,1,0.6089791561214793
MLP,3,1,0,0.015527725177935723
MLP,3,1,1,0.6950434159148406
MLP,3,0,0,0.20252925133969651
MLP,3,0,0,0.12763546182260502
MLP,3,1,0,0.49994048201953234
MLP,3,1,0,0.13878430312923967
MLP,3,0,0,0.1870930697007741
MLP,3,1,0,0.24056148702450145
MLP,3,0,0,0.47505766487290246
MLP,3,0,0,0.19579423812260965
MLP,3,0,0,0.19212256552372228
MLP,3,0,0,0.2284781059364479
MLP,3,0,0,0.16335921867684924
MLP,3,0,0,0.057304045204813824
MLP,3,0,0,0.33971077899379803
MLP,3,1,0,0.16757400801924288
MLP,3,0,0,0.2518283647564013
MLP,3,1,1,0.6767743929987797
MLP,3,1,0,0.11408733641134014
MLP,3,0,0,0.1434732900229217
MLP,3,0,0,0.10310218934874664
MLP,3,0,1,0.7329824931595998
MLP,3,0,0,0.1139734986119615
MLP,3,0,0,0.2360851798430008
MLP,3,0,0,0.08815354531263497
MLP,3,0,0,0.21858981442142436
MLP,3,0,0,0.2169856583551184
MLP,3,0,0,0.22701717517227948
MLP,3,1,0,0.2195387945832056
MLP,3,0,0,0.23672976037334043
MLP,3,0,0,0.12640520844824585
MLP,3,0,0,0.17883977175806606
MLP,3,1,0,0.1265101502082574
MLP,3,0,0,0.1099521337764857
MLP,3,0,0,0.37087971966010497
MLP,3,0,0,0.11836312604928886
MLP,3,0,0,0.09461825878185173
MLP,3,0,0,0.10814441188869717
MLP,3,0,0,0.13676327522415813
MLP,3,0,0,0.08360228429388218
MLP,3,0,0,0.07948281332792208
MLP,3,0,0,0.1637671861135023
MLP,3,0,0,0.3697601807885342
MLP,3,1,0,0.375466362227827
MLP,3,0,0,0.24549532271455662
MLP,3,1,1,0.5779408492776691
MLP,3,0,0,0.05565950567125982
MLP,3,1,1,0.558258526393757
MLP,3,0,1,0.60398846603512
MLP,3,0,1,0.5016579487426779
MLP,3,0,0,0.1429436992732502
MLP,3,0,0,0.08125382633303598
MLP,3,0,0,0.1601624023399563
MLP,3,1,0,0.18746606437259036
MLP,3,0,0,0.148262675065794
MLP,3,1,0,0.3215932176628679
MLP,3,0,0,0.07096963717987198
MLP,3,0,0,0.18070456827256415
MLP,3,0,0,0.1749474473886297
MLP,3,0,0,0.21123935407189592
MLP,3,1,1,0.6340375232295947
MLP,3,0,0,0.12884740748667314
MLP,3,0,0,0.22367520233187915
MLP,3,0,0,0.22216835674676302
MLP,3,0,0,0.107911014928901
MLP,3,1,0,0.15746434812328935
MLP,3,0,0,0.1425542468400553
MLP,3,0,0,0.030881337711138213
MLP,3,1,0,0.12238961694390402
MLP,3,0,0,0.16603378715059586
MLP,3,0,0,0.1994554187678918
MLP,3,0,1,0.5445692023944558
MLP,3,0,0,0.06358042143148664
MLP,3,0,0,0.2944315680008545
MLP,3,1,0,0.08052585397613296
MLP,3,0,0,0.07395558742389748
MLP,3,0,0,0.3953927245866182
MLP,3,1,0,0.36597260990818115
MLP,3,0,1,0.5844615442063148
MLP,3,0,0,0.24420636616846425
MLP,3,1,1,0.8237222968100324
MLP,3,1,0,0.13277926952321348
MLP,3,0,0,0.08772860546024132
MLP,3,0,0,0.4655881279234874
MLP,3,0,0,0.06293509466258745
MLP,3,0,0,0.23019295712562374
MLP,3,1,1,0.6925819987925544
MLP,3,1,1,0.646657597750859
MLP,3,1,1,1.0
MLP,3,0,0,0.1654267923701336
MLP,3,1,0,0.18770299704862578
MLP,3,1,0,0.24853456026194856
MLP,3,0,0,0.08994275352646207
MLP,3,0,0,0.0844897531590544
MLP,3,0,0,0.08017886792936506
MLP,3,1,0,0.30356214957664274
MLP,3,0,1,0.5623117395993772
MLP,3,0,0,0.27635296763363365
MLP,3,0,0,0.17850956047522964
MLP,3,0,0,0.11688762894667172
MLP,3,1,1,0.9999991046017435
MLP,3,0,0,0.1730332377139447
MLP,3,0,0,0.058750704846885236
MLP,3,0,0,0.21678120283574256
MLP,3,0,0,0.2813967908090737
MLP,3,0,0,0.18804977897625352
MLP,3,0,0,0.08193125004009465
MLP,3,0,0,0.11056272044108005
MLP,3,0,0,0.11729017472695193
MLP,3,0,0,0.08378399592530275
MLP,3,0,0,0.3559332916694016
MLP,3,0,0,0.0842987813548513
MLP,3,0,0,0.2356645744190998
MLP,3,0,0,0.05878701554481344
MLP,3,1,0,0.08659694202346005
MLP,3,0,0,0.09680243943170928
MLP,3,0,0,0.08791523871803442
MLP,3,0,0,0.044212248477817795
MLP,3,0,0,0.11213848393022363
MLP,3,1,0,0.1642961516270392
MLP,3,0,0,0.25460084434828434
MLP,3,0,0,0.09671141208789376
MLP,3,0,0,0.11470396492112608
MLP,3,0,1,0.5810139814602103
MLP,3,0,0,0.10989470226029181
MLP,3,1,0,0.16980130777696828
MLP,3,0,0,0.054392751919373886
MLP,3,0,0,0.32377137463383915
MLP,3,0,1,0.5064679949685865
MLP,3,0,0,0.16695311353710202
MLP,3,0,0,0.14799483707298464
MLP,3,0,0,0.13908447202914118
MLP,3,1,0,0.23018123422305753
MLP,3,0,0,0.3712019499278273
MLP,3,0,0,0.4635304319632987
MLP,3,0,0,0.1396992814273151
MLP,3,1,0,0.1925508937227538
MLP,3,1,0,0.46468601701953505
MLP,3,0,0,0.25858343896203545
MLP,3,0,0,0.07274361090316546
MLP,3,0,0,0.12054827387552484
MLP,3,1,0,0.49625015513488924
MLP,3,0,0,0.15624437590529744
MLP,3,0,0,0.14054644054670665
MLP,3,0,0,0.43698005656078187
MLP,3,0,0,0.06964189750832042
MLP,3,0,0,0.1561576900054697
MLP,3,0,0,0.06479379416772425
MLP,3,0,0,0.2487436144223096
MLP,3,0,0,0.1457794098144486
MLP,3,0,0,0.19071200463919186
MLP,3,0,0,0.18185413541279125
MLP,3,0,0,0.2273098221848756
MLP,3,0,0,0.2051970377187164
MLP,3,0,0,0.4175117872543703
MLP,3,0,0,0.12777107985106334
MLP,3,0,0,0.11656691603009883
MLP,3,0,0,0.05739617253402872
MLP,3,0,0,0.2679609829116992
MLP,3,0,1,0.7160502466019572
MLP,3,0,0,0.2089780678203591
MLP,3,0,0,0.1431544262973551
MLP,3,1,0,0.17378702332980955
MLP,3,0,0,0.06872050390269233
MLP,3,1,0,0.1571302357546455
MLP,3,0,0,0.2939036583160623
MLP,3,0,0,0.16209714443823525
MLP,3,0,0,0.15133475224761048
MLP,3,0,0,0.25791585758769553
MLP,3,0,1,0.5708887032939031
MLP,3,0,0,0.15103579155112
MLP,3,0,0,0.15868444988179384
MLP,3,0,0,0.41216152144959356
MLP,3,1,1,0.9080120142731802
MLP,3,0,0,0.12992447215759015
MLP,3,0,0,0.169404574501459
MLP,3,0,1,0.8483442697856454
MLP,3,0,0,0.24879477042971437
MLP,3,0,0,0.13415267853202592
MLP,3,0,0,0.17104583772951254
MLP,3,0,0,0.27507326011261307
MLP,3,1,0,0.2634016904684461
MLP,3,1,0,0.15662017820841267
MLP,3,0,0,0.41069154497787214
MLP,3,0,0,0.22463649756861923
MLP,3,0,0,0.1877479122852627
MLP,3,1,0,0.22859699960945512
MLP,3,1,1,0.7736033675721834
MLP,3,0,0,0.0870762993264729
MLP,3,0,0,0.30023767648305233
MLP,3,0,1,0.617732049964665
MLP,3,0,0,0.059166298731330946
MLP,3,0,0,0.07040314753939605
MLP,3,0,1,0.5624105905890162
MLP,3,0,0,0.20275118739024306
MLP,3,0,0,0.28980799756317177
MLP,3,0,0,0.1733803302582523
MLP,3,0,0,0.24313679040117916
MLP,3,0,0,0.06790781499922983
MLP,3,0,0,0.08297195394013218
MLP,3,0,0,0.07128885015599618
MLP,3,1,0,0.2009971227722288
MLP,3,0,0,0.1742412614508733
MLP,3,1,0,0.20086219627847687
MLP,3,0,0,0.4892076213042168
MLP,3,0,0,0.10146671479687422
MLP,3,0,0,0.07748783835110339
MLP,3,0,0,0.05464175393904733
MLP,3,0,0,0.16989079702499513
MLP,3,0,0,0.13488037773008887
MLP,3,0,0,0.09440078522005393
MLP,3,0,0,0.07791632551273407
MLP,3,0,0,0.32306918702256715
MLP,3,1,0,0.2908577182905567
MLP,3,0,0,0.23585399480100402
MLP,3,0,0,0.13267536645937467
MLP,3,1,0,0.409298399390184
MLP,3,0,0,0.1418013615456764
MLP,3,0,0,0.07918825645995824
MLP,3,0,0,0.19028661411252326
MLP,3,1,1,0.6922004134344338
MLP,3,0,0,0.054830367766654696
MLP,3,0,0,0.11708660199427665
MLP,3,1,1,0.6034829705685689
MLP,3,0,0,0.14523435389089517
MLP,3,0,0,0.05036194973200873
MLP,3,1,0,0.26280988620529233
MLP,3,0,0,0.08704060366693747
MLP,3,0,0,0.09935501748585833
MLP,3,0,0,0.1394943803517104
MLP,3,0,0,0.1908564232050842
MLP,3,0,0,0.1574136191283671
MLP,3,0,0,0.06568967375767572
MLP,3,0,0,0.1673519532044644
MLP,3,0,0,0.029620922186171735
MLP,3,1,0,0.2518470702417667
MLP,3,0,0,0.30072151366199995
MLP,3,1,0,0.15657475064635384
MLP,3,0,0,0.19409146526171409
MLP,3,0,0,0.16029912479219718
MLP,3,0,0,0.0689479666296395
MLP,3,0,0,0.12089964915911137
MLP,3,0,0,0.13516198756112496
MLP,3,0,0,0.3303743868315959
MLP,3,1,0,0.42418233137063344
MLP,3,0,0,0.25914062187038023
MLP,3,0,0,0.045962885883601985
MLP,3,0,0,0.26788295691349173
MLP,3,0,0,0.189120264457911
MLP,3,1,0,0.31097834556058873
MLP,3,1,0,0.27838707564737036
MLP,3,0,0,0.14490278375200993
MLP,3,0,0,0.22113162803004285
MLP,3,1,0,0.49694841658196676
MLP,3,0,0,0.2889239301999066
MLP,3,1,1,0.5025493147625549
MLP,3,0,0,0.13927108259924217
MLP,3,0,0,0.10818822560984544
MLP,3,0,0,0.1404651740665329
MLP,3,0,0,0.06815524840300335
MLP,3,0,0,0.12854578002311537
MLP,3,0,0,0.08124833440774883
MLP,3,1,0,0.0771685915199388
MLP,3,1,0,0.49207371698119795
MLP,3,0,0,0.18280246897491093
MLP,3,0,0,0.12231019557711716
MLP,3,0,0,0.17104101405263408
MLP,3,1,0,0.35338358923482927
MLP,3,0,0,0.13029170557928477
MLP,3,0,0,0.19072429199581561
MLP,3,0,1,0.5576915947161258
MLP,3,0,0,0.08142737692338668
MLP,3,0,0,0.0835373624214379
MLP,3,0,0,0.18130773804834746
MLP,3,0,0,0.42900520270591086
MLP,3,0,0,0.06232755807152259
MLP,3,0,0,0.14518920017575354
MLP,3,0,0,0.12464069200275465
MLP,3,0,0,0.05596711693278294
MLP,3,0,0,0.20279110188942956
MLP,3,0,0,0.0853373678946189
MLP,3,0,0,0.17143933346630674
MLP,3,0,0,0.10063609121968299
MLP,3,0,0,0.3984026145806608
MLP,3,0,0,0.047906111529149996
MLP,3,0,0,0.18309873532745943
MLP,3,0,1,0.6333049162887883
MLP,3,0,0,0.08271304638513043
MLP,3,0,0,0.14642331198405506
MLP,3,0,0,0.06478820673988975
MLP,3,1,0,0.4158230608226084
MLP,3,0,0,0.17890393047175102
MLP,3,0,0,0.09024063734837029
MLP,3,0,0,0.11791016217528862
MLP,3,0,0,0.12061687219483697
MLP,3,0,0,0.2407822839686933
MLP,3,0,0,0.3846210111933062
MLP,3,1,0,0.1008538608672482
MLP,3,0,1,0.9520122224822488
MLP,3,0,0,0.4106843849608639
MLP,3,0,0,0.14554366508637684
MLP,3,0,0,0.13594322352277405
MLP,3,0,0,0.19444663748121555
MLP,3,1,0,0.27735238698126125
MLP,3,0,0,0.26831107047977565
MLP,3,0,0,0.34103473078161656
MLP,3,0,0,0.4266024105209987
MLP,3,0,0,0.232770454461185
MLP,3,0,0,0.43010886364240036
MLP,3,0,0,0.06968207141847026
MLP,3,0,0,0.27896603184855284
MLP,3,0,0,0.15442473130384976
MLP,3,0,0,0.08027132659968192
MLP,3,1,0,0.218691543538454
MLP,3,0,0,0.11198761294104757
MLP,3,1,0,0.1702642789214054
MLP,3,1,0,0.18307072414433104
MLP,3,0,0,0.16868372842219737
MLP,3,0,0,0.14686379064538918
MLP,3,0,1,0.8521243225346881
MLP,3,0,1,0.7904478180352617
MLP,3,0,0,0.22272821873662382
MLP,3,0,0,0.21179262176886215
MLP,3,0,0,0.1595232125642536
MLP,3,0,0,0.07550528335992242
MLP,3,0,0,0.3706408669044207
MLP,3,0,0,0.4493262794043488
MLP,3,1,1,0.8922995561406134
MLP,3,1,0,0.09204834658594066
MLP,3,0,0,0.09970974082685419
MLP,3,0,0,0.13091856563080423
MLP,3,0,1,0.8328604280086404
MLP,3,0,0,0.07920544209065662
MLP,3,0,0,0.07030043374361739
MLP,3,0,0,0.13540575897059798
MLP,3,0,0,0.0768340087376561
MLP,3,0,0,0.2808609995390517
MLP,3,1,0,0.22916604730149445
MLP,3,0,0,0.18419150072549165
MLP,3,0,0,0.09545730444680693
MLP,3,0,0,0.22486988939676078
MLP,3,0,1,0.8647246943820932
MLP,3,0,0,0.15725804349691924
MLP,3,1,0,0.30140381458869364
MLP,3,1,0,0.21726391594176003
MLP,3,1,0,0.26836946684787955
MLP,3,1,0,0.208838227151391
MLP,3,0,0,0.10879887414766279
MLP,3,0,0,0.19500996561260603
MLP,3,0,0,0.16045753754819275
MLP,3,1,0,0.32139319673935896
MLP,3,0,0,0.033220654223120843
MLP,3,0,0,0.09724290391738759
MLP,3,0,0,0.3638840916067523
MLP,3,0,0,0.06326562447472153
MLP,3,1,0,0.41872043799392045
MLP,3,1,1,0.6105562856758303
MLP,3,0,0,0.14692335599496073
MLP,3,0,0,0.2329126345812572
MLP,3,0,0,0.18382644927849717
MLP,3,0,0,0.08127205830033803
MLP,3,0,0,0.4220725534149486
MLP,3,1,0,0.10253860641283018
MLP,3,0,0,0.13013072592156105
MLP,3,0,0,0.13459700829177831
MLP,3,0,0,0.1029521127762795
MLP,3,0,0,0.19043407633626155
MLP,3,0,1,0.839253573137211
MLP,3,1,0,0.1155511980239449
MLP,3,0,0,0.2950875240585126
MLP,3,1,0,0.3840239424620256
MLP,3,0,1,0.5509291158840561
MLP,3,0,0,0.15670883543747025
MLP,3,0,0,0.18421919995155153
MLP,3,1,0,0.0724422900702455
MLP,3,1,1,0.6299372278854607
MLP,3,1,0,0.2423246617898022
MLP,3,0,0,0.16788479947622814
MLP,3,1,0,0.12458156843055075
MLP,3,1,1,0.5536018630732923
MLP,3,0,0,0.3548201740310037
MLP,3,0,0,0.05395054179590262
MLP,3,0,0,0.1411795927805212
MLP,3,1,0,0.22766837151118974
MLP,3,0,0,0.11588035317058118
MLP,3,0,0,0.1071025142054144
MLP,3,0,0,0.18692343978592083
MLP,3,1,0,0.17365921560374162
MLP,3,0,0,0.24458481204472518
MLP,3,0,0,0.21690488846855244
MLP,3,1,0,0.18136936494866326
MLP,3,0,0,0.10158632935049232
MLP,3,0,1,0.721487986230759
MLP,3,0,0,0.18455283663522917
MLP,3,0,0,0.08618175882883812
MLP,3,0,0,0.28015682283944404
MLP,3,0,0,0.40273686447259893
MLP,3,0,0,0.28263649690188464
MLP,3,1,0,0.31718013229025716
MLP,3,1,0,0.4497037650265026
MLP,3,1,1,0.521214276708634
MLP,3,0,0,0.4848371908225566
MLP,3,0,0,0.011454153147374965
MLP,3,0,1,0.8021539656130063
MLP,3,0,0,0.33982649872916876
MLP,3,1,0,0.20735773274603933
MLP,3,0,0,0.42233826658925766
MLP,3,1,0,0.14743369759296177
MLP,3,0,0,0.2023059213486094
MLP,3,0,0,0.1855321286443083
MLP,3,1,0,0.441083113455785
MLP,3,0,0,0.17565582254391443
MLP,3,0,0,0.15573812984201355
MLP,3,0,0,0.10164689618003306
MLP,3,0,0,0.29507100033119976
MLP,3,1,1,0.5006525030315934
MLP,3,0,0,0.06015471247578225
MLP,3,1,0,0.30485504298572097
MLP,3,0,0,0.04470229421045716
MLP,3,0,0,0.17841225148952553
MLP,3,0,0,0.13453853629537968
MLP,3,0,0,0.10009156180565533
MLP,3,0,0,0.10642270007918313
MLP,3,0,0,0.24137859196004974
MLP,3,0,0,0.11476623282877771
MLP,3,0,0,0.2994299390642975
MLP,3,0,0,0.12828876159618743
MLP,3,0,1,0.7818697387080472
MLP,3,1,0,0.15328272271233473
MLP,3,0,0,0.12228608963803944
MLP,3,0,0,0.1261499243703997
MLP,3,0,0,0.08148930243887921
MLP,3,1,0,0.02983339671342445
MLP,3,0,0,0.335636226710179
MLP,3,1,1,0.5271580861095619
MLP,3,1,0,0.1469226128066221
MLP,3,0,0,0.27615266391833615
MLP,3,0,0,0.13122658196613154
MLP,3,0,0,0.13103298749270081
MLP,3,0,0,0.18136936494866326
MLP,3,0,0,0.3497296499038011
MLP,3,0,1,0.6352172205063822
MLP,3,0,0,0.45566715616708775
MLP,3,1,0,0.10612326249007561
MLP,3,0,0,0.07426994997523678
MLP,3,0,0,0.14951223522711066
MLP,3,1,1,0.7619873756478175
MLP,3,0,0,0.09989810560956558
MLP,3,1,0,0.4933765414477907
MLP,3,1,0,0.15694483284544578
MLP,3,1,0,0.386652525125072
MLP,3,0,0,0.25797083339781807
MLP,3,1,0,0.34921680167988955
MLP,3,0,0,0.0919498903069005
MLP,3,0,0,0.1743748636518619
MLP,3,0,0,0.1702028234881123
MLP,3,0,0,0.2658532009420708
MLP,3,1,0,0.09156420436099026
MLP,3,0,0,0.12672434543723446
MLP,3,0,0,0.08355617176248037
MLP,3,0,0,0.16411491680818494
MLP,3,1,0,0.21556573241046892
MLP,3,0,0,0.4156068890519258
MLP,3,0,0,0.23311649936868448
MLP,3,0,0,0.12154717951839047
MLP,3,0,0,0.2071206406247314
MLP,3,0,0,0.26957794431524573
MLP,3,0,0,0.007178179061464387
MLP,3,1,0,0.16182463189732704
MLP,3,0,0,0.1413957617145059
MLP,3,0,0,0.1365803599482708
MLP,3,1,0,0.1663787524417008
MLP,3,0,0,0.07381204225156363
MLP,3,1,0,0.1583501389619339
MLP,3,0,0,0.17758276163203163
MLP,3,0,0,0.06475960469862845
MLP,3,0,0,0.06592547496134901
MLP,3,0,0,0.3048622395136976
MLP,3,0,0,0.14547472937700306
MLP,3,0,0,0.4072321398563884
MLP,3,1,1,0.9083036331625564
MLP,3,0,0,0.10698891446096742
MLP,3,1,1,0.742455310279516
MLP,3,0,0,0.20622739792901082
MLP,3,0,0,0.12272386865500463
MLP,3,0,0,0.09254869510415031
MLP,3,0,0,0.2501220831722411
MLP,3,0,0,0.1458061861676906
MLP,3,1,0,0.21434339441164835
MLP,3,0,0,0.23143715859687253
MLP,3,1,0,0.30626098310615374
MLP,3,0,0,0.18132976907906162
MLP,3,0,0,0.11274526521893267
MLP,3,0,0,0.0884689677302768
MLP,3,0,0,0.06281364231255848
MLP,3,0,0,0.22599360709136437
MLP,3,0,0,0.09721175894280168
MLP,3,0,1,0.5725416526980305
MLP,3,0,0,0.28350720048519473
MLP,3,0,0,0.34675498799805077
MLP,3,0,1,0.6949264919276774
MLP,3,0,0,0.08596683529589547
MLP,3,0,0,0.133606885714294
MLP,3,0,0,0.09935223444485955
MLP,3,1,0,0.05642554033958606
MLP,3,0,0,0.1427614373680276
MLP,3,0,0,0.13552116258560828
MLP,3,0,0,0.3401771139717451
MLP,3,0,0,0.13281505281996708
MLP,3,0,0,0.1635735199120303
MLP,3,0,0,0.36476873075964444
MLP,3,0,0,0.11855374507040314
MLP,3,0,1,0.6455055815363623
MLP,3,0,0,0.1258794967349973
MLP,3,1,0,0.19453516468628623
MLP,3,1,0,0.09518703979521866
MLP,3,0,0,0.13195802297652914
MLP,3,1,0,0.1204469224126283
MLP,3,1,0,0.2883504378349334
MLP,3,1,0,0.25665044245190716
MLP,3,0,0,0.12659412560256972
MLP,3,0,0,0.12169413765859166
MLP,3,0,0,0.24990669694557674
MLP,3,0,0,0.35654658450843524
MLP,3,1,1,0.8339877640254658
MLP,3,0,0,0.09248415662337767
MLP,3,0,0,0.18624609584079135
MLP,3,0,0,0.40189193711733984
MLP,3,0,0,0.09312064674242707
MLP,3,0,0,0.1468225650174722
MLP,3,1,0,0.27719162859348334
MLP,3,0,0,0.16162763151960077
MLP,3,1,0,0.13235765637316121
MLP,3,0,0,0.13296296482174594
MLP,3,0,0,0.10889665937810336
MLP,3,0,0,0.1541539499527938
MLP,3,0,1,0.7184048723971126
MLP,3,0,0,0.4451982211724878
MLP,3,1,0,0.20384898276301414
MLP,3,0,0,0.03742679621436379
MLP,3,0,0,0.10892313977776312
MLP,3,0,0,0.14142438718883613
MLP,3,0,0,0.18834347618932162
MLP,3,1,0,0.16515742354203358
MLP,3,0,0,0.1397722456920779
MLP,3,0,0,0.1143201626998105
MLP,3,0,0,0.10185569670476051
MLP,3,0,0,0.12897392279489417
MLP,3,0,0,0.020808135630535338
MLP,3,0,0,0.15501962465538424
MLP,3,0,1,0.7430406272860486
MLP,3,0,0,0.1302203441748649
MLP,3,1,0,0.25531112317774635
MLP,3,0,0,0.16153384008710944
MLP,3,0,0,0.18810728361754073
MLP,3,1,0,0.3657408525254834
MLP,3,1,0,0.35676546900135186
MLP,3,0,0,0.08011874510270472
MLP,3,1,0,0.05133870390995503
MLP,3,0,0,0.06790266913546443
MLP,3,0,0,0.43126105582843843
MLP,3,0,0,0.1361513003641178
MLP,3,0,0,0.3392443295585282
MLP,3,1,0,0.08048174574450048
MLP,3,0,0,0.09010385960733547
MLP,3,0,0,0.1015826269681961
MLP,3,0,0,0.09773519164123226
MLP,3,0,0,0.14752308833224298
MLP,3,0,0,0.1268838508040445
MLP,3,1,0,0.12672860218834087
MLP,3,0,0,0.05740092447187796
MLP,3,0,0,0.3674953916137522
MLP,3,0,0,0.0819197501385402
MLP,3,0,0,0.2878286930209708
MLP,3,1,0,0.4187712269438981
MLP,3,0,0,0.35497571622801444
MLP,3,0,1,0.7835505920743423
MLP,3,0,0,0.3495032821732651
MLP,3,0,0,0.0893136332563849
MLP,3,0,0,0.29905866167606804
MLP,3,0,0,0.3194587166780459
MLP,3,1,0,0.16484123515471763
MLP,3,0,0,0.10730106100866897
MLP,3,1,0,0.029940410046736962
MLP,3,0,0,0.1269975837247792
MLP,3,0,0,0.485934354833205
MLP,3,0,0,0.07088854136372406
MLP,3,0,0,0.24733710014554772
MLP,3,0,0,0.1930962703097159
MLP,3,0,0,0.1433788412538088
MLP,3,0,0,0.1315066117904414
MLP,3,0,0,0.05669168778998476
MLP,3,0,0,0.13418039808554397
MLP,3,0,0,0.12296469320056161
MLP,3,0,0,0.0866999452451459
MLP,3,0,0,0.2781480325922849
MLP,3,0,0,0.13886507009972396
MLP,3,0,0,0.17619162377703473
MLP,3,0,0,0.19451370438850937
MLP,3,0,0,0.1276834841061379
MLP,3,0,0,0.34632612507843435
MLP,3,0,0,0.07983706027895464
MLP,3,0,0,0.20402629145375872
MLP,3,0,0,0.06924612568234664
MLP,3,0,0,0.13198814616785856
MLP,3,1,0,0.10480694738552818
MLP,3,0,0,0.07859526533815404
MLP,3,1,0,0.12318283331498589
MLP,3,0,0,0.241395336205361
MLP,3,0,0,0.0868459362224021
MLP,3,0,0,0.237541841666466
MLP,3,0,0,0.32276259778571803
MLP,3,1,0,0.1496934637536123
MLP,3,1,0,0.23746820945251917
MLP,3,0,0,0.13417337149576997
MLP,3,0,0,0.1530374094929919
MLP,3,0,0,0.30782985146826475
MLP,3,0,0,0.19637363714653966
MLP,3,1,0,0.26467134475130655
MLP,3,1,1,0.7835423408234744
MLP,3,0,0,0.2747229372369742
MLP,3,0,0,0.11615020445911124
MLP,3,0,0,0.448061181512624
MLP,3,1,0,0.11853942127442234
MLP,3,0,0,0.14313805323981663
MLP,3,0,0,0.20493713273954509
MLP,3,0,0,0.08581391182785433
MLP,3,1,0,0.09683171472255998
MLP,3,0,0,0.09561369555621087
MLP,3,0,0,0.09768151748255169
MLP,3,0,0,0.06232856221064767
MLP,3,0,0,0.1399269498836525
MLP,3,0,0,0.1143907445774352
MLP,3,0,0,0.1378000039169841
MLP,3,1,0,0.1357314172017959
MLP,3,0,0,0.2119260491769979
MLP,3,1,0,0.1222280651639443
MLP,3,0,0,0.1632134580751979
MLP,3,0,0,0.17348106215304462
MLP,3,0,0,0.13500844362688091
MLP,3,0,0,0.356646906685306
MLP,3,0,0,0.31051384594084497
MLP,3,0,0,0.15457329964778588
MLP,3,0,0,0.12944119432990742
MLP,3,0,0,0.2705433200273418
MLP,3,0,0,0.15367568232446713
MLP,3,0,0,0.07137501778142069
MLP,3,0,0,0.08102624889195258
MLP,3,1,0,0.05557654414072084
MLP,3,0,0,0.2231224752127281
MLP,3,0,0,0.23494653123708173
MLP,3,0,0,0.1806301075273995
MLP,3,0,0,0.1534862592769097
MLP,3,1,0,0.1340298505298521
MLP,3,1,0,0.0864824073246672
MLP,3,0,1,0.6318829799608352
MLP,3,1,0,0.12580204816162488
MLP,3,1,0,0.10840019277532441
MLP,3,0,0,0.284828786546438
MLP,3,1,0,0.4085012545017383
MLP,3,0,0,0.09367972647075574
MLP,3,0,0,0.2971253741618335
MLP,3,0,0,0.1438634572003761
MLP,3,0,0,0.05854343560920148
MLP,3,0,0,0.35592170648825033
MLP,3,0,0,0.10983220574019681
MLP,3,0,0,0.07841842907396146
MLP,3,0,0,0.16206269359360403
MLP,3,0,0,0.26033511099904433
MLP,3,0,0,0.4865303731599228
MLP,3,0,0,0.2770394163008553
MLP,3,0,0,0.06080061399598105
MLP,3,0,0,0.13311973835083993
MLP,3,1,1,0.6809429654586066
MLP,3,0,0,0.08219847950346236
MLP,3,1,0,0.2672586941740489
MLP,3,1,0,0.46730800556900287
MLP,3,0,0,0.21854112968975137
MLP,3,0,0,0.11444650323018912
MLP,3,0,0,0.392590673855017
MLP,3,1,0,0.17306965249043738
MLP,3,1,0,0.09717718098584233
MLP,3,0,0,0.11395557167220789
MLP,3,0,0,0.12952707368177757
MLP,3,0,0,0.07274438598916719
MLP,3,0,0,0.030170251173262358
MLP,3,0,0,0.26151953063278627
MLP,3,0,0,0.16327316601844835
MLP,3,0,0,0.09799975706861554
MLP,3,1,1,0.568836796613278
MLP,3,1,1,0.861458071365104
MLP,3,0,0,0.08128833497497152
MLP,3,0,0,0.20699976106543863
MLP,3,0,0,0.05886769984252324
MLP,3,0,0,0.07113335028916475
MLP,3,0,0,0.10194411624048658
MLP,3,0,0,0.08488346866508722
MLP,3,0,0,0.06850808006292285
MLP,3,0,0,0.24250087971968812
MLP,3,0,0,0.20766669806568866
MLP,3,1,0,0.28910736652743785
MLP,3,0,0,0.13926609525397377
MLP,3,0,0,0.12191385262681513
MLP,3,0,0,0.15082396640064685
MLP,3,0,0,0.23226714710467825
MLP,3,0,0,0.1818227332205413
MLP,3,0,0,0.11042286789283715
MLP,3,0,0,0.30041979290321214
MLP,3,0,0,0.12275441663302072
MLP,3,0,0,0.34566345701968954
MLP,3,0,0,0.0814125991775498
MLP,3,0,0,0.12541693551226596
MLP,3,0,0,0.09212649962660785
MLP,3,1,0,0.13223935943277654
MLP,3,0,0,0.11509845230630028
MLP,3,0,0,0.21488306418479886
MLP,3,0,0,0.2724512085299971
MLP,3,0,0,0.17948716782608035
MLP,3,0,0,0.07067472169076745
MLP,3,1,1,0.5137982628841287
MLP,3,0,0,0.4816375148114476
MLP,3,0,0,0.09475030918090493
MLP,3,1,0,0.09338429859768811
MLP,3,0,0,0.07667439468667696
MLP,3,0,0,0.06743792586430589
MLP,3,0,0,0.11299038383012656
MLP,3,0,0,0.09778013634779713
MLP,3,0,0,0.015384555374850986
MLP,3,1,0,0.27940449453054844
MLP,3,0,0,0.4412732654597503
MLP,3,0,0,0.30222229603488476
MLP,3,0,0,0.059815977091593225
MLP,3,1,0,0.41225443380649796
MLP,3,0,0,0.4580082394405197
MLP,3,0,0,0.2361451207195437
MLP,3,0,0,0.09902520867162146
MLP,3,1,0,0.18478941758228185
MLP,3,0,0,0.08825665047614072
MLP,3,0,0,0.07496735887335171
MLP,3,0,0,0.1434189043914135
MLP,3,0,0,0.20032502689278195
MLP,3,0,0,0.21301649826787217
MLP,3,0,0,0.13028190508082052
MLP,3,0,0,0.40481387976697525
MLP,3,0,0,0.1405253912271298
MLP,3,0,0,0.1405189598684301
MLP,3,1,0,0.247974357436738
MLP,3,0,0,0.061331256852449986
MLP,3,0,0,0.11544962124503674
MLP,3,0,0,0.15530163367460012
MLP,3,0,0,0.19525568400267712
MLP,3,1,0,0.11283672083713904
MLP,3,0,0,0.257498824252354
MLP,3,0,0,0.17389257518888918
MLP,3,0,0,0.20496791686030405
MLP,3,0,1,0.697549646053101
MLP,3,1,0,0.22842254062007536
MLP,3,0,0,0.3275243278204099
MLP,3,0,1,0.9048721549238887
MLP,3,0,0,0.34340224334564157
MLP,3,1,0,0.06551767101406289
MLP,3,0,0,0.08417037801217095
MLP,3,0,0,0.10300834463589645
MLP,3,1,0,0.19525568400267712
MLP,3,1,1,0.6733556834901455
MLP,3,0,0,0.2677846309080441
MLP,3,0,0,0.3558106093831381
MLP,3,1,0,0.19099032296671564
MLP,3,0,0,0.11642088096350378
MLP,3,0,0,0.06463503028077715
MLP,3,1,0,0.3734634910132301
MLP,3,1,1,0.7878367272368879
MLP,3,0,0,0.12385876054385996
MLP,3,0,0,0.11653972689262984
MLP,3,0,0,0.22661738790261074
MLP,3,1,0,0.10764670519690056
MLP,3,0,0,0.10654102017868206
MLP,3,0,0,0.16475177029864424
MLP,3,0,0,0.06535153340643698
MLP,3,0,0,0.09734679814305712
MLP,3,0,0,0.13436932444515887
MLP,3,0,0,0.26644114321553375
MLP,3,1,0,0.07868396284101609
MLP,3,0,0,0.1989491127470541
MLP,3,1,0,0.11684318370595323
MLP,3,0,0,0.23714917920417392
MLP,3,0,0,0.11074546553185281
MLP,3,0,0,0.1145541682726466
MLP,3,0,0,0.07326162713464963
MLP,3,0,0,0.10077982894830428
MLP,3,0,0,0.12958859793704586
MLP,3,0,0,0.1004640003289658
MLP,3,1,0,0.15830701507767034
MLP,3,0,0,0.12981224790212018
MLP,3,0,0,0.22254074973774626
MLP,3,0,0,0.2232823201377661
MLP,3,0,0,0.057587861518079625
MLP,3,0,0,0.3154938849039108
MLP,3,0,0,0.1973204474987989
MLP,3,0,0,0.10639404404600451
MLP,3,0,0,0.12929958312472578
MLP,3,0,0,0.04543612545367917
MLP,3,0,0,0.07062350246374838
MLP,3,0,0,0.12341949863904711
MLP,3,0,0,0.16086203873455268
MLP,3,0,0,0.1237621423582561
MLP,3,0,0,0.21812525553838674
MLP,3,0,0,0.039792191694361365
MLP,3,1,0,0.21571640766856706
MLP,3,1,0,0.19485602032008026
MLP,3,0,0,0.15331091115864146
MLP,3,0,0,0.36853862291733375
MLP,3,0,0,0.23681081304924217
MLP,3,0,0,0.11403302105879548
MLP,3,0,0,0.07499446414019872
MLP,3,0,0,0.08194855379568895
MLP,3,0,0,0.29464043859731287
MLP,3,0,0,0.18755355213447372
MLP,3,0,0,0.4575125356109149
MLP,3,0,0,0.20671767291385393
MLP,3,0,0,0.07108632095397781
MLP,3,0,0,0.08636977568027404
MLP,3,0,0,0.10407064654295313
MLP,3,0,0,0.10856297504545248
MLP,3,1,0,0.23709906675432893
MLP,3,0,0,0.1327820389879548
MLP,3,0,0,0.19939754860088788
MLP,3,0,0,0.19277566025987608
MLP,3,0,0,0.10702832082006981
MLP,3,0,0,0.21094704261768862
MLP,3,0,0,0.2796107871961422
MLP,3,0,0,0.13096452906702535
MLP,3,1,0,0.3078561471612991
MLP,3,1,0,0.24945363099885695
MLP,3,0,0,0.2921523913970909
MLP,3,0,0,0.16368221145759831
MLP,3,0,0,0.0967097640838272
MLP,3,0,0,0.08879972718490922
MLP,3,0,0,0.3098358365769504
MLP,3,0,0,0.11876004327133396
MLP,3,0,0,0.22162444093637418
MLP,3,1,0,0.2251650931743149
MLP,3,1,0,0.11300719200514342
MLP,3,0,0,0.16036821726473766
MLP,3,0,0,0.1709011699043857
MLP,3,1,0,0.13824889869850449
MLP,3,0,0,0.16926738869127775
MLP,3,0,0,0.11154930276113424
MLP,3,0,0,0.3991960068121907
MLP,3,0,0,0.3178200547404851
MLP,3,0,0,0.17217224092626537
MLP,3,0,1,0.7416012636399492
MLP,3,1,0,0.26852801147731764
MLP,3,0,0,0.1844663992001687
MLP,3,0,0,0.1248945681953706
MLP,3,0,0,0.07752001294614053
MLP,3,0,0,0.0883653229119785
MLP,3,1,0,0.09481520190175595
MLP,3,0,0,0.08699186386763048
MLP,3,0,0,0.26304733503639194
MLP,3,0,0,0.07459814500588931
MLP,3,0,0,0.19788016775420028
MLP,3,1,0,0.06968769795286635
MLP,3,0,0,0.06675954575880459
MLP,3,0,0,0.20251851366148313
MLP,3,0,0,0.33779668842056304
MLP,3,1,0,0.3206047083529091
MLP,3,1,0,0.26780204652927436
MLP,3,1,0,0.16112336137600994
MLP,3,0,0,0.016571120105919174
MLP,3,0,0,0.07541769694651472
MLP,3,0,0,0.13241855137174066
MLP,3,0,1,0.6955264074188934
MLP,3,0,0,0.035554209996396344
MLP,3,0,0,0.06163478540034211
MLP,3,0,0,0.3288786308145594
MLP,3,0,0,0.22845793741158976
MLP,3,0,0,0.15081548270928152
MLP,3,0,0,0.09457424125629836
MLP,3,0,0,0.1806836910063517
MLP,3,0,0,0.13142639361513758
MLP,3,0,0,0.2045387397719299
MLP,3,0,0,0.10349754291776408
MLP,3,0,0,0.25829896687818804
MLP,3,0,0,0.13004285904551946
MLP,3,0,0,0.3160679536110366
MLP,3,1,0,0.10467002047561862
MLP,3,0,0,0.31230350084229147
MLP,3,1,0,0.08361498841185014
MLP,3,1,0,0.13966299679314392
MLP,3,0,0,0.13933584629860635
MLP,3,0,0,0.2911511413543805
MLP,3,0,0,0.2253741072935504
MLP,3,1,0,0.3091130485913947
MLP,3,0,0,0.17329087871328303
MLP,3,0,0,0.3713884925798477
MLP,3,0,0,0.10174928374912968
MLP,3,0,0,0.2558970680172619
MLP,3,0,0,0.036493864221024935
MLP,3,1,0,0.13040175744358454
MLP,3,0,0,0.3562688406517317
MLP,3,0,0,0.28533519499919946
MLP,3,0,0,0.13532089320916363
MLP,3,0,0,0.14693233170246953
MLP,3,1,0,0.1663485784482644
MLP,3,0,0,0.4022032728668776
MLP,3,0,0,0.09726243369543859
MLP,3,0,0,0.06739295149499232
MLP,3,0,0,0.4455663316993376
MLP,3,0,0,0.3596143389617009
MLP,3,0,0,0.2579849866669715
MLP,3,0,0,0.44150285189207633
MLP,3,1,1,0.6820607824737916
MLP,3,0,0,0.08085642073466331
MLP,3,1,1,0.9778385919525736
MLP,3,0,0,0.4726461117736691
MLP,3,0,0,0.2576333453960671
MLP,3,0,0,0.07726281375864757
MLP,3,0,0,0.09779021615082671
MLP,3,0,0,0.0820613717745223
MLP,3,0,1,0.5865422121841236
MLP,3,0,0,0.17308086664193872
MLP,3,0,1,0.5201723669236894
MLP,3,0,0,0.09266037984983762
MLP,3,0,0,0.08838664057811457
MLP,3,1,0,0.27887887275985784
MLP,3,1,0,0.18783049891315226
MLP,3,1,0,0.3028878182251278
MLP,3,0,0,0.1395354909014879
MLP,3,1,0,0.18046973919883455
MLP,3,0,0,0.07895743808659424
MLP,3,1,0,0.4760831320946245
MLP,3,0,0,0.3395321522311677
MLP,3,0,0,0.2858072780239626
MLP,3,0,0,0.11108266912252375
MLP,3,0,0,0.19525688102985242
MLP,3,1,0,0.16180671499016858
MLP,3,0,0,0.09937028487060666
MLP,3,0,0,0.1458025417115582
MLP,3,1,0,0.3677157584312649
MLP,3,0,0,0.2060457602913922
MLP,3,0,0,0.42812824013058953
MLP,3,0,0,0.23740461203594923
MLP,3,0,0,0.21100717303442348
MLP,3,0,0,0.08010200057080327
MLP,3,0,0,0.07245238787284625
MLP,3,1,0,0.13780336797146794
MLP,3,0,1,0.6393028231200875
MLP,3,0,0,0.20507908215729792
MLP,3,0,0,0.355789568812071
MLP,3,1,0,0.35286830640786787
MLP,3,1,1,0.6413966305708768
MLP,3,0,1,0.5151594468055974
MLP,3,0,0,0.15252778702160455
MLP,3,1,0,0.06643331725995996
MLP,3,0,0,0.32195627720599324
MLP,3,0,0,0.10993566178056902
MLP,3,1,1,0.6019437232421492
MLP,3,0,0,0.15328198356929318
MLP,3,0,0,0.09882660836933949
MLP,3,1,1,0.7517560484387281
MLP,3,0,0,0.4424147789672129
MLP,3,1,0,0.266299119289326
MLP,3,0,0,0.11745558990725789
MLP,3,0,0,0.09090835582830338
MLP,3,0,0,0.34148024801187715
MLP,3,0,0,0.17744734953117838
MLP,3,1,0,0.18185964748767247
MLP,3,0,1,0.7050998706063883
MLP,3,1,0,0.199140571952817
MLP,3,0,0,0.1349425657394361
MLP,3,0,0,0.47689676025243766
MLP,3,0,0,0.07880655837075405
MLP,3,0,0,0.08533886827342456
MLP,3,0,0,0.049921067511002976
MLP,3,0,0,0.2702789498073447
MLP,3,0,0,0.1472005082835875
MLP,3,0,0,0.19278290833208717
MLP,3,0,0,0.12403928091981364
MLP,3,1,0,0.09180960591091594
MLP,3,0,0,0.08308271329565188
MLP,3,0,0,0.1346830281711012
MLP,3,0,0,0.30348345922369185
MLP,3,0,0,0.09416019455181274
MLP,3,0,0,0.1343218424999749
MLP,3,0,1,0.6767670676351784
MLP,3,0,0,0.07286055771750286
MLP,3,0,0,0.1314320209434847
MLP,3,1,0,0.28818955126086954
MLP,3,1,0,0.47398195996540254
MLP,3,0,0,0.12204561677555419
MLP,3,0,0,0.22803129433832253
MLP,3,0,0,0.10692583742364375
MLP,3,1,0,0.09118112374712106
MLP,3,0,0,0.21431887489911056
MLP,3,1,0,0.18322228651752379
MLP,3,0,0,0.324324449174367
MLP,3,0,0,0.1041877854662607
MLP,3,0,0,0.3446043406232007
MLP,3,0,1,0.5991145281306027
MLP,3,0,0,0.39176432070998063
MLP,3,0,0,0.11406987196194167
MLP,3,0,0,0.0811268181743301
MLP,3,0,0,0.07797892197925342
MLP,3,0,0,0.07020969917326852
MLP,3,0,0,0.04786777114031159
MLP,3,0,0,0.10516649863298758
MLP,3,1,0,0.11289375038682341
MLP,3,0,0,0.12764685669639347
MLP,3,1,0,0.2801352779996047
MLP,3,0,0,0.16832170986395684
MLP,3,0,0,0.072077495348884
MLP,3,0,0,0.39375313760254327
MLP,3,0,0,0.10456595709622614
MLP,3,1,0,0.21806347194335557
MLP,3,0,0,0.2821199019318951
MLP,3,0,0,0.08571810380312153
MLP,3,0,0,0.14168494627885017
MLP,3,0,0,0.3564790929378472
MLP,3,0,0,0.10217998808393541
MLP,3,1,0,0.12298758016799943
MLP,3,0,1,0.5336617460797689
MLP,3,0,0,0.13739828467079224
MLP,3,1,1,0.7921131810994667
MLP,3,1,0,0.13291842296721465
MLP,3,0,0,0.2581338936876772
MLP,3,0,0,0.05631362116898751
MLP,3,0,0,0.09839655406025662
MLP,3,0,0,0.27362166890108547
MLP,3,0,0,0.10259489701792135
MLP,3,0,0,0.3087234128260712
MLP,3,0,0,0.11270384677219078
MLP,3,0,0,0.2309523382486662
MLP,3,0,0,0.06362267355681475
MLP,3,1,1,0.5562277120837226
MLP,3,0,0,0.12144764128799479
MLP,3,0,0,0.09229045039222875
MLP,3,0,0,0.15315884545265906
MLP,3,0,0,0.07891223607652047
MLP,3,0,0,0.25959052476183503
MLP,3,0,0,0.08554737971587786
MLP,3,0,0,0.12445464014348763
MLP,3,0,1,0.8171554970274079
MLP,3,0,0,0.10548468137311139
MLP,3,0,0,0.10712540628001523
MLP,3,0,0,0.12067072188898288
MLP,3,0,0,0.3337463705697095
MLP,3,0,0,0.33093880513722773
MLP,3,0,0,0.4503650327746853
MLP,3,0,0,0.12441238633939034
MLP,3,1,0,0.11610724382652768
MLP,3,0,0,0.3217846069016713
MLP,3,1,0,0.1458499765911226
MLP,3,0,0,0.10079727764055012
MLP,3,0,0,0.13551342581608372
MLP,3,0,0,0.07142340042305359
MLP,3,0,0,0.029530314518995234
MLP,3,1,0,0.2813908439108578
MLP,3,0,0,0.10104981684619575
MLP,3,1,0,0.2086959391617758
MLP,3,1,0,0.1787504220159055
MLP,3,1,0,0.3141433003526643
MLP,3,0,0,0.3486535703321968
MLP,3,1,0,0.2025599019733095
MLP,3,0,0,0.12336152363427542
MLP,3,0,0,0.12757275662147852
MLP,3,1,0,0.13315413580970548
MLP,3,0,0,0.07301944149657152
MLP,3,1,0,0.19225404215686176
MLP,3,0,0,0.07806988597226441
MLP,3,0,1,0.5827559069663276
MLP,3,0,0,0.0840447010022189
MLP,3,0,0,0.18806411102064152
MLP,3,1,0,0.2843575760650209
MLP,3,0,0,0.1594502266268845
MLP,3,0,0,0.14700587609229138
MLP,3,0,0,0.28864495043984423
MLP,3,0,0,0.06492484800525684
MLP,3,0,0,0.08137529513705996
MLP,3,0,0,0.07361979706802492
MLP,3,0,0,0.11570795064440559
MLP,3,0,1,0.6535075855708335
MLP,3,0,1,0.5567041983169146
MLP,3,0,0,0.16366984837691095
MLP,3,0,0,0.24455482106404747
MLP,3,0,0,0.1228172778316146
MLP,3,0,0,0.2330053055615614
MLP,3,0,0,0.06577866236672864
MLP,3,0,0,0.2607096145099521
MLP,3,1,0,0.31211513596572305
MLP,3,0,1,0.5500301886906778
MLP,3,1,1,0.6172825440969295
MLP,3,1,0,0.33437600870897316
MLP,3,0,0,0.11972339838959016
MLP,3,1,0,0.3168734352594414
MLP,3,1,0,0.1725781061972736
MLP,3,0,0,0.1150321279290626
MLP,3,0,0,0.0701893175781453
MLP,3,0,1,0.7786473906066015
MLP,3,0,0,0.0778396536937345
MLP,3,0,0,0.0871389519198544
MLP,3,0,0,0.12901701091939097
MLP,3,0,0,0.07792973875133258
MLP,3,0,1,0.6263121964525835
MLP,3,0,0,0.1781784088823556
MLP,3,0,0,0.07547242168155334
MLP,3,0,0,0.16116710638393333
MLP,3,0,0,0.3031052667889804
MLP,3,0,0,0.06756068229543596
MLP,3,0,0,0.1322571493722578
MLP,3,0,0,0.16990308909564353
MLP,3,0,0,0.21164438395203355
MLP,3,1,0,0.16699051337330312
MLP,3,0,0,0.07873985813129455
MLP,3,0,0,0.2334363553308428
MLP,3,0,0,0.15336237598588545
MLP,3,0,0,0.13223316757597328
MLP,3,1,1,0.8443369291416951
MLP,3,0,0,0.17853118890645353
MLP,3,0,0,0.09935315797184804
MLP,3,0,0,0.178692848631783
MLP,3,0,0,0.08966482796992041
MLP,3,0,0,0.2109620062761454
MLP,3,0,0,0.17067919822728284
MLP,3,0,0,0.07221145194643308
MLP,3,1,0,0.06457278360665966
MLP,3,1,0,0.0673973801031959
MLP,3,1,1,0.6561209658547312
MLP,3,0,0,0.0765553635360985
MLP,3,0,0,0.07535632515611743
MLP,3,0,0,0.07250712757353998
MLP,3,0,0,0.09668117764770376
MLP,3,1,0,0.17354484224580574
MLP,3,0,0,0.25281420376192204
MLP,3,1,0,0.20951588539944968
MLP,3,0,0,0.13880155570202035
MLP,3,0,0,0.16675877096494246
MLP,3,1,0,0.25932114129448425
MLP,3,1,0,0.030725540315768938
MLP,3,0,1,0.6434095995323131
MLP,3,1,0,0.3567231412110603
MLP,3,0,0,0.06920122032406423
MLP,3,0,0,0.14024679709103222
MLP,3,0,0,0.13456809383601456
MLP,3,0,0,0.10223623638796815
MLP,3,1,0,0.1174672176290794
MLP,3,0,0,0.14447579599091404
MLP,3,0,0,0.2307790665846336
MLP,3,0,0,0.10179319472615998
MLP,3,0,1,0.5498703799813982
MLP,3,0,0,0.006975540265411127
MLP,3,0,0,0.1870695929139401
MLP,3,0,0,0.0026931833786854858
MLP,3,0,0,0.05458998690421944
MLP,3,0,0,0.1724685990165352
MLP,3,1,1,0.7424423655216764
MLP,3,0,0,0.1358508386749761
MLP,3,1,0,0.31960369252542975
MLP,3,1,0,0.15316579050610604
MLP,3,0,0,0.147159336683666
MLP,3,0,0,0.06713183841660246
MLP,3,0,0,0.18217872123844175
MLP,3,1,0,0.15708009524490968
MLP,3,0,0,0.07477857145587989
MLP,3,1,0,0.17345739404681473
MLP,3,0,0,0.13493337637415673
MLP,3,0,0,0.29755148339221044
MLP,3,0,0,0.13429053657160028
MLP,3,0,0,0.11292023131976846
MLP,3,0,0,0.2124029479197773
MLP,3,0,0,0.1318865666156312
MLP,3,0,0,0.21321901064511684
MLP,3,1,1,0.7294289582530942
MLP,3,0,0,0.06558917061302755
MLP,3,1,0,0.3752946810183623
MLP,3,0,0,0.17887287681931585
MLP,3,0,0,0.2197734184180608
MLP,3,0,0,0.3346344749834494
MLP,3,0,0,0.08149877158879014
MLP,3,0,0,0.03534037706910616
MLP,3,1,0,0.061061499585466555
MLP,3,0,0,0.2426042581549877
MLP,3,1,0,0.09193371402150449
MLP,3,0,0,0.15094615753931093
MLP,3,0,0,0.19095251025015023
MLP,3,1,0,0.10640775684058396
MLP,3,0,0,0.08890184776650324
MLP,3,1,0,0.16285475318005455
MLP,3,1,0,0.24225491675554195
MLP,3,1,0,0.1406018140967297
MLP,3,0,0,0.04825219706153989
MLP,3,0,0,0.1055874594523444
MLP,3,1,0,0.3999390532182603
MLP,3,0,0,0.14196895423306036
MLP,3,0,0,0.31989758321821365
MLP,3,1,1,0.5497094767807756
MLP,3,1,0,0.10539771400169516
MLP,3,0,0,0.3017278792872803
MLP,3,0,0,0.08503722878399164
MLP,3,0,0,0.23804876939587608
MLP,3,0,0,0.10552585395150733
MLP,3,1,0,0.14275907590758843
MLP,3,0,0,0.040585497231021665
MLP,3,0,0,0.15411854742344847
MLP,3,0,0,0.07313885393157178
MLP,3,0,0,0.1446437041952868
MLP,3,0,0,0.1982576362216576
MLP,3,0,0,0.09910761027113178
MLP,3,1,0,0.3030793150997579
MLP,3,0,0,0.1262524900622707
MLP,3,1,0,0.08427263155094772
MLP,3,1,0,0.3395237783714437
MLP,3,1,0,0.4993627658401518
MLP,3,0,0,0.08383050469034185
MLP,3,1,0,0.20489044899996597
MLP,3,0,0,0.15016008276445936
MLP,3,0,0,0.07637975753845896
MLP,3,1,0,0.2712029796903392
MLP,3,0,0,0.13543468588123062
MLP,3,0,0,0.27800714059426146
MLP,3,1,0,0.20394752383459572
MLP,3,0,1,0.7059214469716623
MLP,3,0,0,0.233608458430605
MLP,3,0,0,0.12013337771527713
MLP,3,1,1,0.5468488380263037
MLP,3,0,0,0.2506180444392812
MLP,3,0,0,0.1126358447459398
MLP,3,0,0,0.10633653574321786
MLP,3,0,0,0.061909282548391
MLP,3,1,0,0.12271477545126341
MLP,3,0,0,0.1425802003426763
MLP,3,0,0,0.06666532577904896
MLP,3,0,0,0.1708752227685966
MLP,3,0,0,0.23595294924187157
MLP,3,0,0,0.2547936343426062
MLP,3,0,0,0.08887716210177775
MLP,3,0,0,0.3031508298712111
MLP,3,1,0,0.18977596185633358
MLP,3,1,0,0.29129096163400475
MLP,3,1,1,0.999437994183672
MLP,3,0,0,0.03319770414529821
MLP,3,1,0,0.15135802585888364
MLP,3,0,0,0.056126060058576836
MLP,3,0,0,0.32845697211577995
MLP,3,0,0,0.20168084121499857
MLP,3,0,0,0.08784918318052497
MLP,3,0,0,0.22870483072326542
MLP,3,0,0,0.13044624313672137
MLP,3,0,0,0.18268699203365124
MLP,3,0,0,0.24033229319667432
MLP,3,0,0,0.2812125055707026
MLP,3,0,0,0.18801553052925413
MLP,3,0,0,0.09010342701038765
MLP,3,0,0,0.2845292596999793
MLP,3,0,0,0.05333056733963619
MLP,3,0,0,0.3707715685136138
MLP,3,0,0,0.049472527237270844
MLP,3,0,0,0.4201517163745115
MLP,3,1,0,0.24506146832561124
MLP,3,0,0,0.15405859654540657
MLP,3,0,0,0.1607835921038351
MLP,3,0,0,0.1297373416515506
MLP,3,0,0,0.1963336637292285
MLP,3,0,0,0.03080291357882488
MLP,3,0,0,0.18464809776498584
MLP,3,0,0,0.16912014753539029
MLP,3,0,0,0.17019208046807022
MLP,3,1,0,0.14773920775536387
MLP,3,0,1,0.5040317698519204
MLP,3,0,0,0.20681274032344119
MLP,3,0,0,0.17253669701613586
MLP,3,0,0,0.08483702717345758
MLP,3,0,0,0.08568898934683082
MLP,3,0,0,0.08546015538085427
MLP,3,0,0,0.17987181977739158
MLP,3,1,0,0.1456341330878066
MLP,3,0,0,0.2172962879345733
MLP,3,0,0,0.3627428274765734
MLP,3,0,0,0.08601146096908756
MLP,3,0,0,0.10651681236014685
MLP,3,0,0,0.010853237089618849
MLP,3,0,0,0.06396040480168176
MLP,3,0,0,0.42228313546214813
MLP,3,0,0,0.26207266166977594
MLP,3,1,0,0.09826672611945976
MLP,3,0,0,0.06908539583831275
MLP,3,1,0,0.18728653047122618
MLP,3,0,0,0.3844554452599552
MLP,3,1,0,0.20428862674729867
MLP,3,0,0,0.091253616069181
MLP,3,0,0,0.11160417635934741
MLP,3,0,0,0.07517754166571437
MLP,3,1,0,0.43431636510622945
MLP,3,0,0,0.09308499105500295
MLP,3,0,0,0.22114214208144076
MLP,3,0,0,0.3668153693282574
MLP,3,1,0,0.09994019388925574
MLP,3,0,0,0.10937871857325397
MLP,3,0,0,0.48101021303271824
MLP,3,0,0,0.08191560833688409
MLP,3,1,0,0.2047496485966122
MLP,3,0,0,0.02490969277332831
MLP,3,1,0,0.31693960701627655
MLP,3,0,0,0.15518419822944526
MLP,3,0,0,0.08637619009604082
MLP,3,0,0,0.1439959184293616
MLP,3,0,0,0.15700569141345766
MLP,3,0,0,0.2339557744191533
MLP,3,1,0,0.14129219923352881
MLP,3,0,0,0.19682900790645488
MLP,3,0,0,0.33326019827825626
MLP,3,0,0,0.42140187526665207
MLP,3,1,0,0.10575133306844471
MLP,3,0,0,0.07701078160800047
MLP,3,0,0,0.20368568744013535
MLP,3,0,0,0.12438093454600788
MLP,3,0,0,0.11505024975555012
MLP,3,0,0,0.17793035449299752
MLP,3,0,0,0.10717678404905455
MLP,3,0,1,0.5497974273041706
MLP,3,0,0,0.2472660372133964
MLP,3,0,0,0.12028074822326545
MLP,3,0,0,0.08739867603559709
MLP,3,0,0,0.24916237386372514
MLP,3,1,0,0.19465902268465
MLP,3,0,0,0.08553029005265185
MLP,3,0,0,0.39327852113347894
MLP,3,0,0,0.07132660753426139
MLP,3,0,0,0.10126356129242597
MLP,3,0,0,0.1022218065412104
MLP,3,1,0,0.16489262787728143
MLP,3,0,0,0.10479051484463911
MLP,3,0,0,0.09033637443909072
MLP,3,0,0,0.24289917432437408
MLP,3,0,0,0.14386080573033516
MLP,3,0,0,0.1487110575984926
MLP,3,1,0,0.3641204417241932
MLP,3,0,0,0.12413395570739118
MLP,3,0,0,0.18459293595527804
MLP,3,1,0,0.08922734373512504
MLP,3,0,0,0.1914579996613008
MLP,3,0,0,0.10797174722423566
MLP,3,0,0,0.09243591980869328
MLP,3,0,0,0.05251219931791811
MLP,3,0,1,0.5738573858133853
MLP,3,0,0,0.34603711710411283
MLP,3,0,0,0.1306403922011303
MLP,3,0,0,0.3474721427262405
MLP,3,0,0,0.3373819859805695
MLP,3,0,1,0.8463522142367647
MLP,3,0,0,0.1556925534907235
MLP,3,0,0,0.10816755180543643
MLP,3,0,0,0.22528530543995776
MLP,3,0,0,0.11808836981055766
MLP,3,0,0,0.2173993075980518
MLP,3,0,0,0.08909885565691336
MLP,3,0,0,0.3078772256955468
MLP,3,0,0,0.1292911680444271
MLP,3,0,0,0.21903962050695056
MLP,3,0,0,0.08742291449176867
MLP,3,0,0,0.3853219594269648
MLP,3,0,0,0.1017248969150004
MLP,3,0,0,0.10442182693363161
MLP,3,0,1,0.9891486277833469
MLP,3,0,0,0.336461176252371
MLP,3,0,0,0.18277526488018217
MLP,3,0,0,0.4933911188138626
MLP,3,0,0,0.13351150439842654
MLP,3,0,0,0.41745766367013826
MLP,3,0,0,0.10356818129784637
MLP,4,0,0,0.35804229161705564
MLP,4,0,0,0.26899049063488006
MLP,4,0,0,0.11237248661412023
MLP,4,0,0,0.20388336356235262
MLP,4,1,0,0.4687824481148164
MLP,4,0,0,0.08725337164869756
MLP,4,0,0,0.24761929190542092
MLP,4,0,0,0.04561034662838856
MLP,4,0,1,0.8834622719714186
MLP,4,0,0,0.055959300581072256
MLP,4,0,0,0.2657211941906977
MLP,4,0,0,0.11771803735997827
MLP,4,0,0,0.2161514748997447
MLP,4,0,0,0.09579504518086193
MLP,4,0,0,0.4248181405846028
MLP,4,1,0,0.2799538702712063
MLP,4,1,0,0.15572695608872095
MLP,4,0,0,0.09101860119995851
MLP,4,0,0,0.07456298392734222
MLP,4,0,0,0.06368149814453986
MLP,4,0,0,0.20829676654773954
MLP,4,0,0,0.1365431276345044
MLP,4,0,0,0.07653469977458123
MLP,4,0,0,0.45191747000441446
MLP,4,0,0,0.17792413831021617
MLP,4,0,0,0.3723990338213284
MLP,4,1,0,0.28537610905185323
MLP,4,0,0,0.07516267283944013
MLP,4,0,0,0.48687564318106713
MLP,4,0,0,0.10485668191012637
MLP,4,0,0,0.0744325640770942
MLP,4,0,0,0.10837642069012965
MLP,4,1,0,0.006715671467382763
MLP,4,0,1,0.967458487341647
MLP,4,1,1,0.5336394579961106
MLP,4,0,0,0.11690184101616555
MLP,4,0,0,0.16496404214629776
MLP,4,0,0,0.06858345434651865
MLP,4,1,0,0.382112386151324
MLP,4,0,0,0.30023622295123426
MLP,4,0,0,0.37333461749782854
MLP,4,0,0,0.33972997777504216
MLP,4,0,0,0.4246145151568514
MLP,4,0,0,0.19731425384893297
MLP,4,0,0,0.27380884224795154
MLP,4,0,0,0.10738349696464713
MLP,4,0,0,0.16506682853444574
MLP,4,1,1,0.9999999993584769
MLP,4,0,0,0.38861967262496216
MLP,4,0,0,0.0794362860227845
MLP,4,1,0,0.14690792432793215
MLP,4,1,1,0.5123333271005902
MLP,4,0,0,0.22586573694660775
MLP,4,0,0,0.4423927287189727
MLP,4,0,0,0.29555864354340844
MLP,4,0,0,0.18113749284938416
MLP,4,0,0,0.38212111396736553
MLP,4,0,0,0.052967676269313126
MLP,4,1,0,0.20190932132285336
MLP,4,0,0,0.23663663747828365
MLP,4,0,0,0.1943642160224241
MLP,4,0,0,0.04593407438213556
MLP,4,1,0,0.333510888053944
MLP,4,1,0,0.31074644442801025
MLP,4,0,0,0.13406111633599574
MLP,4,0,0,0.20519071965564623
MLP,4,0,0,0.25552296978455274
MLP,4,1,1,0.6227363585940324
MLP,4,0,0,0.3918270083169945
MLP,4,0,0,0.1020475380180653
MLP,4,0,0,0.045095811434494475
MLP,4,1,0,0.2790238518479257
MLP,4,1,0,0.3409370790932698
MLP,4,1,0,0.17871990058022014
MLP,4,1,0,0.396891689133476
MLP,4,0,0,0.14633973201676564
MLP,4,0,0,0.13448848753734094
MLP,4,0,0,0.12192532480152111
MLP,4,0,0,0.24043707642238704
MLP,4,0,0,0.18487621200198628
MLP,4,0,0,0.10310908250134529
MLP,4,0,0,0.08352627534531068
MLP,4,0,0,0.2166982946452608
MLP,4,0,0,0.11790593086387169
MLP,4,0,0,0.1793629984295371
MLP,4,1,0,0.21339913231147523
MLP,4,1,0,0.20037557396908365
MLP,4,1,0,0.1840022104326494
MLP,4,0,0,0.16727164169625694
MLP,4,0,0,0.15765538975567395
MLP,4,0,0,0.16656763434631922
MLP,4,1,0,0.11499666312805824
MLP,4,0,0,0.21209344096170965
MLP,4,1,0,0.45016907778769955
MLP,4,1,0,0.086304204433027
MLP,4,0,0,0.11084824424638282
MLP,4,0,0,0.0966729204142782
MLP,4,1,0,0.20065548907812988
MLP,4,0,0,0.07678575810456742
MLP,4,0,0,0.2115649393986189
MLP,4,0,0,0.14801059310417314
MLP,4,0,0,0.19857535087625985
MLP,4,0,0,0.23866838294091977
MLP,4,0,0,0.09889531543468875
MLP,4,0,0,0.39405296157702924
MLP,4,0,0,0.2963532453872908
MLP,4,0,0,0.10140169490712735
MLP,4,0,0,0.2017723123859534
MLP,4,0,0,0.17796758686926384
MLP,4,0,0,0.0836623943450652
MLP,4,0,0,0.07507603894755938
MLP,4,0,0,0.19923981669200413
MLP,4,0,0,0.32670529646533847
MLP,4,0,0,0.12710584889195808
MLP,4,0,0,0.18145506731909972
MLP,4,0,0,0.3272097700830306
MLP,4,0,0,0.19827420359715545
MLP,4,0,0,0.24048545258973855
MLP,4,0,0,0.07857203735122774
MLP,4,0,0,0.28711651352985884
MLP,4,0,0,0.12256429216572443
MLP,4,0,0,0.21947279285305143
MLP,4,0,1,0.5920166209629157
MLP,4,0,0,0.10941017078071433
MLP,4,0,0,0.0594122401288864
MLP,4,0,1,0.9951471857396239
MLP,4,0,0,0.21421839698526574
MLP,4,1,0,0.3223532248445117
MLP,4,1,1,0.735960706772061
MLP,4,0,0,0.10950600232820257
MLP,4,0,0,0.09936721342277473
MLP,4,0,0,0.12399782595652295
MLP,4,1,0,0.09882687193100756
MLP,4,0,0,0.21349414224615582
MLP,4,0,0,0.10430568125134845
MLP,4,0,0,0.31131517517088336
MLP,4,0,0,0.12936481986984139
MLP,4,0,0,0.05527227669192951
MLP,4,0,0,0.09270812782033436
MLP,4,0,0,0.09986983922951757
MLP,4,0,0,0.1704684036393831
MLP,4,0,0,0.1887693123661995
MLP,4,1,0,0.10859006534486641
MLP,4,0,0,0.1251157624738163
MLP,4,0,0,0.21959728060619804
MLP,4,0,0,0.27027145861296953
MLP,4,0,0,0.13784884845632037
MLP,4,0,0,0.1432491143014261
MLP,4,0,0,0.2389386233891918
MLP,4,0,0,0.26023248044968217
MLP,4,1,0,0.3601393940483911
MLP,4,0,0,0.07902391608697218
MLP,4,0,0,0.2633379617721195
MLP,4,0,0,0.07649853537328372
MLP,4,1,0,0.07409820148693008
MLP,4,0,0,0.36090241108246146
MLP,4,0,0,0.30753443817328696
MLP,4,1,0,0.375570803362322
MLP,4,0,0,0.13932302743286756
MLP,4,0,0,0.21348873765435847
MLP,4,1,0,0.15555649825569218
MLP,4,0,0,0.1492447277825281
MLP,4,0,0,0.17198466813215907
MLP,4,1,0,0.23094229930727958
MLP,4,0,0,0.43781803467450375
MLP,4,0,0,0.27537907688062385
MLP,4,0,1,0.6445665476087126
MLP,4,0,0,0.17052135797787377
MLP,4,0,0,0.07394188912177953
MLP,4,0,0,0.08606781251380455
MLP,4,0,0,0.07086960238308553
MLP,4,0,0,0.13273571937349182
MLP,4,0,0,0.04445081650052223
MLP,4,0,0,0.25735982139867725
MLP,4,1,0,0.09899802346801377
MLP,4,0,0,0.22536848616129102
MLP,4,0,0,0.09138078058049075
MLP,4,0,0,0.1398609591968417
MLP,4,1,0,0.46811793528731843
MLP,4,0,0,0.2570929073186584
MLP,4,0,0,0.14575847349474633
MLP,4,0,0,0.11290056940409475
MLP,4,1,0,0.22613573528760544
MLP,4,0,0,0.3720324515557964
MLP,4,1,0,0.30093050783292286
MLP,4,1,1,0.9602286916377168
MLP,4,0,0,0.10694593839250925
MLP,4,0,0,0.35872042083703565
MLP,4,0,0,0.45410691352047194
MLP,4,0,0,0.09937463646898172
MLP,4,1,1,0.6644741208173858
MLP,4,0,0,0.10946296869213584
MLP,4,0,0,0.1088894845116591
MLP,4,0,0,0.19173846107946735
MLP,4,1,0,0.09948618580765829
MLP,4,0,0,0.18943898257732417
MLP,4,0,0,0.06686446380181062
MLP,4,0,0,0.08431124086413942
MLP,4,0,0,0.06633658098251366
MLP,4,0,0,0.13654243870475116
MLP,4,0,0,0.20820114783319227
MLP,4,0,0,0.07497950781698402
MLP,4,0,0,0.15161205326221877
MLP,4,1,0,0.14051803416203681
MLP,4,0,0,0.06344655854231308
MLP,4,0,0,0.22085209621977467
MLP,4,0,0,0.2915567126197613
MLP,4,1,0,0.23921048725781383
MLP,4,0,0,0.21659302383207996
MLP,4,0,0,0.046224914712792456
MLP,4,1,0,0.19364415846490576
MLP,4,0,0,0.17830840773822068
MLP,4,0,0,0.16153032051312463
MLP,4,0,0,0.10478978209690756
MLP,4,1,0,0.46823618037579473
MLP,4,0,0,0.09201154227867117
MLP,4,0,0,0.08077242364132758
MLP,4,1,1,0.707890931387758
MLP,4,0,0,0.1091541510702611
MLP,4,0,0,0.10771490109791063
MLP,4,0,0,0.11065072464482954
MLP,4,0,0,0.15609404161981708
MLP,4,0,0,0.2685803696822945
MLP,4,1,0,0.154595293132923
MLP,4,0,0,0.2670746625250554
MLP,4,0,0,0.11513533043174462
MLP,4,0,0,0.1721715717974337
MLP,4,1,0,0.28117681573409303
MLP,4,0,0,0.13416746557581616
MLP,4,1,0,0.3255512196427529
MLP,4,1,0,0.24757766465645864
MLP,4,0,0,0.26357485002968306
MLP,4,0,0,0.10676058191855724
MLP,4,0,0,0.3718248163847392
MLP,4,0,0,0.08877568717740736
MLP,4,0,0,0.11308827675496293
MLP,4,0,0,0.16766223163575494
MLP,4,0,0,0.1439607472673924
MLP,4,0,0,0.18626213057821678
MLP,4,0,0,0.19390633383942504
MLP,4,1,0,0.14882876221959662
MLP,4,0,0,0.08419077295921798
MLP,4,0,0,0.10678749433377321
MLP,4,0,0,0.05823984412231102
MLP,4,0,0,0.09082109753500316
MLP,4,0,0,0.13514059148283686
MLP,4,0,1,0.6101053101579472
MLP,4,0,1,0.6284421742440371
MLP,4,1,0,0.08942372995114181
MLP,4,1,0,0.12122310381682704
MLP,4,0,0,0.07829870238161898
MLP,4,1,0,0.13926936417523333
MLP,4,1,1,0.5905636279874839
MLP,4,1,0,0.11362824010523556
MLP,4,1,1,0.8725188478789063
MLP,4,0,0,0.1711632135495078
MLP,4,0,0,0.14947260285424807
MLP,4,0,0,0.10437706493105503
MLP,4,0,1,0.6674566644604967
MLP,4,0,0,0.16983474072348126
MLP,4,0,0,0.11035926203807239
MLP,4,0,0,0.14232341704392976
MLP,4,1,0,0.10864955562860824
MLP,4,0,0,0.12232240440266445
MLP,4,0,0,0.06055673220665682
MLP,4,0,0,0.05761481797196707
MLP,4,0,0,0.1295026221611764
MLP,4,0,0,0.33012086657602324
MLP,4,0,0,0.08094855345730485
MLP,4,0,0,0.13212676545566193
MLP,4,0,1,0.9326215863256242
MLP,4,0,1,0.9768576867832858
MLP,4,0,0,0.09213533034075366
MLP,4,0,0,0.2468698319318431
MLP,4,0,0,0.12659984865284274
MLP,4,0,0,0.23744920956555868
MLP,4,0,0,0.29372553676115376
MLP,4,0,1,0.6244632691114844
MLP,4,0,0,0.21874789548117549
MLP,4,0,0,0.35683067117428807
MLP,4,0,0,0.15599100406665523
MLP,4,0,0,0.15476603103999148
MLP,4,0,0,0.10124258893824589
MLP,4,1,0,0.107753075762346
MLP,4,0,0,0.06045865564176275
MLP,4,1,0,0.2810965196606694
MLP,4,0,0,0.09573731396944467
MLP,4,1,0,0.2654006066191746
MLP,4,0,0,0.09582883726711874
MLP,4,0,0,0.21708965246563072
MLP,4,0,0,0.1534877129159425
MLP,4,0,0,0.25088197123159767
MLP,4,0,0,0.1977781856600299
MLP,4,0,1,0.9650721378782557
MLP,4,0,0,0.16419688835710114
MLP,4,1,1,0.9890137738371781
MLP,4,0,0,0.23567943992755466
MLP,4,0,0,0.2327235693479116
MLP,4,1,0,0.42986179274868885
MLP,4,0,0,0.1790629295224133
MLP,4,1,0,0.04864978670061071
MLP,4,0,0,0.2942752744114891
MLP,4,0,0,0.19839565197370487
MLP,4,0,0,0.2313298156927534
MLP,4,1,0,0.05002593008097707
MLP,4,1,0,0.4115639990812346
MLP,4,1,0,0.1455540166790643
MLP,4,0,0,0.14348706935536185
MLP,4,1,0,0.11178755977318029
MLP,4,0,0,0.3930096328619295
MLP,4,0,0,0.03445435780804016
MLP,4,0,0,0.21320370727669832
MLP,4,1,0,0.41788609566807433
MLP,4,0,0,0.08500918542042935
MLP,4,0,0,0.0955656758721891
MLP,4,0,0,0.12455627149431474
MLP,4,0,0,0.26328697413032165
MLP,4,0,0,0.16666686569367872
MLP,4,0,0,0.18781407278428824
MLP,4,0,0,0.07636974650509701
MLP,4,0,0,0.058415275123873345
MLP,4,0,0,0.06674065372997535
MLP,4,1,0,0.13421215903055725
MLP,4,0,0,0.16869035866230087
MLP,4,0,0,0.06636328462879039
MLP,4,1,0,0.06505735766652745
MLP,4,0,0,0.11417911832985245
MLP,4,0,0,0.0856694868513251
MLP,4,1,0,0.22244406236101827
MLP,4,0,0,0.03524303763568818
MLP,4,0,0,0.0738090030275781
MLP,4,0,0,0.32834918046937556
MLP,4,1,0,0.3058828283822772
MLP,4,0,0,0.1363080942742159
MLP,4,0,0,0.11120676617709148
MLP,4,0,0,0.18246711282230818
MLP,4,1,1,0.9999999999999996
MLP,4,0,0,0.24480706657832352
MLP,4,0,0,0.16190981576764804
MLP,4,0,0,0.19898023997724448
MLP,4,0,0,0.26267670899532397
MLP,4,0,0,0.16172356941913726
MLP,4,0,0,0.24188674036251875
MLP,4,1,0,0.22568274273526057
MLP,4,0,0,0.13200172784436598
MLP,4,0,0,0.21943882573996001
MLP,4,0,0,0.17212097384832267
MLP,4,0,0,0.3275703819423362
MLP,4,0,0,0.04713671744122865
MLP,4,0,0,0.060012957087260926
MLP,4,1,0,0.1429054649006795
MLP,4,0,0,0.36707103010646747
MLP,4,0,0,0.11757561843804569
MLP,4,0,0,0.1433320696766239
MLP,4,0,0,0.09034735993404833
MLP,4,0,0,0.20126448605219122
MLP,4,0,0,0.08119637654278188
MLP,4,0,0,0.3377169001539795
MLP,4,0,0,0.0664126781903432
MLP,4,1,0,0.21479024526169865
MLP,4,0,0,0.10388257336423376
MLP,4,1,0,0.15879852247845494
MLP,4,0,0,0.23905883116291443
MLP,4,0,0,0.16795444397377363
MLP,4,0,1,0.6622050048200938
MLP,4,0,0,0.18123483265506468
MLP,4,0,0,0.2315051647498973
MLP,4,0,1,0.5177937125061397
MLP,4,0,0,0.08299248139929848
MLP,4,0,0,0.13898092938590276
MLP,4,1,0,0.06774024388424107
MLP,4,0,0,0.11928773263722597
MLP,4,0,0,0.16881181245720983
MLP,4,0,0,0.17185771961164267
MLP,4,0,0,0.11307691889195212
MLP,4,0,0,0.07027420970040699
MLP,4,1,0,0.06175957672445813
MLP,4,1,0,0.07231117253479451
MLP,4,0,0,0.17879690489622643
MLP,4,1,0,0.23241280978007106
MLP,4,1,0,0.3167765953600083
MLP,4,0,0,0.2548053766843252
MLP,4,0,0,0.21146070791404323
MLP,4,0,0,0.04966114051873507
MLP,4,0,0,0.12537659015523603
MLP,4,1,0,0.40206059214743406
MLP,4,0,0,0.10124894360772993
MLP,4,1,1,0.5369360992892551
MLP,4,1,0,0.3061616504684635
MLP,4,1,0,0.2434967721926285
MLP,4,1,0,0.2243996919276285
MLP,4,0,0,0.15929425440921594
MLP,4,0,0,0.2466672666064347
MLP,4,0,0,0.26136008846574377
MLP,4,0,0,0.19565526893007879
MLP,4,0,0,0.07605081911908866
MLP,4,1,0,0.25377609314349253
MLP,4,0,0,0.2906146536626651
MLP,4,0,0,0.4158804885467406
MLP,4,0,0,0.19004315301480013
MLP,4,0,0,0.37121459621868014
MLP,4,1,0,0.23250434661059868
MLP,4,0,0,0.07936124375812989
MLP,4,0,0,0.21876341052502982
MLP,4,0,0,0.09427108004301805
MLP,4,1,0,0.4693669549343438
MLP,4,0,0,0.20550301965520273
MLP,4,1,0,0.10830732197870355
MLP,4,1,0,0.15820474156317227
MLP,4,0,0,0.18526813538142922
MLP,4,0,0,0.20673768142723553
MLP,4,0,0,0.10179696873461401
MLP,4,0,0,0.2145398018917369
MLP,4,0,0,0.17932727661829725
MLP,4,0,0,0.13294958781806634
MLP,4,0,0,0.09001499057484309
MLP,4,0,0,0.16803144754088611
MLP,4,0,0,0.2511831099601507
MLP,4,0,1,0.5000919541205354
MLP,4,0,0,0.17412539220856643
MLP,4,0,0,0.16746414358520895
MLP,4,0,0,0.08963198819205573
MLP,4,0,0,0.20576789111738453
MLP,4,0,1,0.8779308137679566
MLP,4,0,0,0.3685463652196374
MLP,4,0,0,0.19416131099613965
MLP,4,0,0,0.35872796725610134
MLP,4,0,0,0.24947527191436
MLP,4,0,0,0.0819608790742605
MLP,4,0,0,0.33693531232273205
MLP,4,0,0,0.06752033492768478
MLP,4,0,0,0.21929627261028525
MLP,4,1,0,0.30092145254544594
MLP,4,0,0,0.07009402191622627
MLP,4,0,0,0.0816803730458152
MLP,4,0,0,0.11028456540985494
MLP,4,1,0,0.15949923153355966
MLP,4,0,0,0.0703282574183678
MLP,4,0,0,0.17458337783155414
MLP,4,1,1,0.8373341728829146
MLP,4,0,0,0.20247625412935139
MLP,4,0,0,0.21005540287220875
MLP,4,0,0,0.12581057755247635
MLP,4,0,0,0.12843469155010268
MLP,4,1,0,0.20392901296009375
MLP,4,0,0,0.3363750964149661
MLP,4,0,0,0.20355600828489948
MLP,4,0,0,0.34333972033893595
MLP,4,0,0,0.29340143272705793
MLP,4,0,0,0.11216676542902486
MLP,4,1,0,0.31881845526805397
MLP,4,0,0,0.10968543267532399
MLP,4,0,0,0.07385830892518258
MLP,4,0,0,0.24258032578902466
MLP,4,0,0,0.18100422872387945
MLP,4,0,0,0.08306645224025365
MLP,4,0,0,0.0748689243416626
MLP,4,0,0,0.10905389816730793
MLP,4,0,0,0.12956277893622486
MLP,4,0,0,0.09537286199487706
MLP,4,1,0,0.12030000918602828
MLP,4,0,0,0.17923482035197436
MLP,4,1,0,0.4323642122534926
MLP,4,0,0,0.1610348071287037
MLP,4,0,0,0.30707394104552777
MLP,4,0,0,0.18224253540058377
MLP,4,0,0,0.13101378432809058
MLP,4,0,0,0.1077839813793318
MLP,4,1,1,0.6422763431568989
MLP,4,0,0,0.4292740217944116
MLP,4,0,0,0.15910190277298628
MLP,4,1,1,0.5048042640322177
MLP,4,0,0,0.07196106852108568
MLP,4,1,0,0.3948590982535471
MLP,4,0,0,0.21157640779171089
MLP,4,0,0,0.2216773057994218
MLP,4,0,0,0.4358265005848742
MLP,4,0,0,0.147486895913667
MLP,4,0,0,0.14475026751845163
MLP,4,0,0,0.12711886799207192
MLP,4,1,1,0.5920906559577388
MLP,4,0,0,0.11560010377899829
MLP,4,0,0,0.1234555665211379
MLP,4,0,0,0.29615599508198653
MLP,4,0,0,0.11914462604254636
MLP,4,0,0,0.08300251637706549
MLP,4,0,0,0.47678476217439064
MLP,4,1,1,0.9998292822650515
MLP,4,0,0,0.09632695120048242
MLP,4,0,0,0.05915813743207511
MLP,4,0,0,0.14109032173235384
MLP,4,0,0,0.311085560759354
MLP,4,0,0,0.1629007307300252
MLP,4,0,0,0.09033734156597821
MLP,4,0,0,0.12373921083990892
MLP,4,0,0,0.12307265088277666
MLP,4,0,0,0.12041156176504578
MLP,4,0,0,0.09477888638881657
MLP,4,0,0,0.0767690349996724
MLP,4,1,1,0.6762485298035732
MLP,4,0,0,0.18021748756442924
MLP,4,0,0,0.12202615038329286
MLP,4,0,0,0.07131624855032953
MLP,4,0,0,0.35663745897428994
MLP,4,0,0,0.10465122020517706
MLP,4,1,0,0.313655321866204
MLP,4,0,0,0.10864614734140544
MLP,4,1,1,0.7422770467618116
MLP,4,1,1,0.6687354150881629
MLP,4,0,0,0.12079061512037272
MLP,4,0,0,0.1887651043979905
MLP,4,0,0,0.4794015408541474
MLP,4,1,0,0.4879628025812092
MLP,4,0,0,0.14392465281782849
MLP,4,0,0,0.03629849153832254
MLP,4,0,0,0.2922766282157302
MLP,4,0,0,0.21176700720902378
MLP,4,1,1,0.5868173696780474
MLP,4,0,0,0.18232968170317498
MLP,4,0,0,0.08238978774918672
MLP,4,0,0,0.2844259733275289
MLP,4,0,0,0.07232786452174181
MLP,4,0,0,0.2807251450522877
MLP,4,0,0,0.301194210840291
MLP,4,0,0,0.10312290146781362
MLP,4,0,0,0.16566905051625133
MLP,4,0,0,0.18466352585707688
MLP,4,1,0,0.16333701666861258
MLP,4,0,0,0.1240348074800021
MLP,4,1,0,0.1261082613951153
MLP,4,0,0,0.12887451586095197
MLP,4,0,0,0.06138057814331101
MLP,4,0,0,0.12576167042567413
MLP,4,0,0,0.13925852725925655
MLP,4,0,0,0.11099446374464758
MLP,4,0,0,0.09023722323300583
MLP,4,0,0,0.12898017956843752
MLP,4,0,0,0.13590051969341088
MLP,4,0,0,0.14025231290859236
MLP,4,0,0,0.07178691817485405
MLP,4,0,0,0.017212752179504805
MLP,4,1,0,0.35291919937211874
MLP,4,1,0,0.14531839656362583
MLP,4,0,0,0.3403388078814998
MLP,4,0,0,0.20920485975489808
MLP,4,0,0,0.22701453191971918
MLP,4,1,0,0.28254141324157855
MLP,4,0,0,0.1827033221250924
MLP,4,0,1,0.8444428363095092
MLP,4,1,0,0.44854263510521014
MLP,4,0,0,0.17951575736378791
MLP,4,0,0,0.10289301723743062
MLP,4,0,0,0.07188839096663696
MLP,4,1,0,0.10996281622204906
MLP,4,0,0,0.1404382502471184
MLP,4,0,0,0.08254079063667653
MLP,4,0,0,0.23333730650316342
MLP,4,1,0,0.049979027414246015
MLP,4,0,0,0.07077039033591064
MLP,4,0,0,0.28778227807671486
MLP,4,0,1,0.8432690565693158
MLP,4,0,0,0.26998047491724125
MLP,4,0,0,0.07939609455771
MLP,4,0,0,0.16302504384393426
MLP,4,0,0,0.05254217250024466
MLP,4,1,0,0.23562812646806908
MLP,4,0,0,0.17286011368974968
MLP,4,1,0,0.10426182728705854
MLP,4,0,0,0.2072447723813961
MLP,4,0,0,0.4864683815804648
MLP,4,0,0,0.24392454997185978
MLP,4,0,0,0.13590957808735396
MLP,4,0,0,0.16214380202513073
MLP,4,0,0,0.3479065221787555
MLP,4,0,0,0.23029626955990262
MLP,4,0,0,0.07567351349399791
MLP,4,1,0,0.31510190146367656
MLP,4,0,0,0.21002883429856162
MLP,4,1,0,0.22055067433848155
MLP,4,0,0,0.22865087628164943
MLP,4,1,1,0.9865796021341926
MLP,4,1,0,0.18813483518083302
MLP,4,0,0,0.1665026567894361
MLP,4,0,0,0.1433255305244486
MLP,4,1,0,0.2412876231602314
MLP,4,0,0,0.1521628622069926
MLP,4,1,0,0.11019256454220841
MLP,4,0,0,0.2174498244015595
MLP,4,0,0,0.13246455038731136
MLP,4,0,0,0.06046212838287905
MLP,4,0,0,0.3857040350120022
MLP,4,0,0,0.06655624009763832
MLP,4,0,0,0.3389708768252683
MLP,4,0,0,0.1460301654434469
MLP,4,0,1,0.9104507931451656
MLP,4,0,0,0.08165474680240259
MLP,4,0,0,0.1800500729161622
MLP,4,1,0,0.4069395058884253
MLP,4,1,0,0.16447730251759224
MLP,4,0,0,0.1762881425883892
MLP,4,0,0,0.19625259861430794
MLP,4,0,0,0.22796380146609943
MLP,4,0,0,0.1896386677727076
MLP,4,0,0,0.20190932132285336
MLP,4,0,0,0.18566035799076783
MLP,4,0,0,0.16242798215992607
MLP,4,1,0,0.29488383715359917
MLP,4,0,0,0.06539679943293789
MLP,4,0,0,0.3856633103686024
MLP,4,0,0,0.12426206674789401
MLP,4,0,0,0.06847065631856107
MLP,4,0,0,0.06702310751135732
MLP,4,1,0,0.40252916578318104
MLP,4,1,0,0.32081129439068784
MLP,4,1,1,0.5048890863826305
MLP,4,0,0,0.0720355520179122
MLP,4,0,0,0.24516195102297103
MLP,4,0,1,0.5130953063538395
MLP,4,0,1,0.695533583808166
MLP,4,0,0,0.06725035491392285
MLP,4,1,0,0.22113983290697498
MLP,4,0,0,0.07622598706542887
MLP,4,0,0,0.19689539891646343
MLP,4,1,0,0.20759391837080876
MLP,4,1,0,0.07042701899221364
MLP,4,0,0,0.34862700868493296
MLP,4,0,0,0.13869155290563098
MLP,4,0,0,0.1726902727435755
MLP,4,0,0,0.07462533452660403
MLP,4,1,0,0.19498307857638647
MLP,4,1,1,0.5922173591294732
MLP,4,0,0,0.05747724109026381
MLP,4,0,0,0.0474458144616216
MLP,4,0,0,0.20892196966630402
MLP,4,0,0,0.1409826856358939
MLP,4,0,0,0.11285512184315784
MLP,4,0,0,0.06827691951421044
MLP,4,0,0,0.10634956872220706
MLP,4,0,0,0.3361528470848914
MLP,4,0,0,0.1323997321133217
MLP,4,0,0,0.0942168920658591
MLP,4,0,0,0.09891195090142145
MLP,4,1,1,0.5334704895043533
MLP,4,0,0,0.144132215345416
MLP,4,0,0,0.16910719214356323
MLP,4,1,0,0.35590580761024476
MLP,4,0,1,0.995910969079465
MLP,4,1,0,0.12671600655463078
MLP,4,0,0,0.4508936844036439
MLP,4,0,0,0.059240414456132436
MLP,4,1,0,0.25819329085644843
MLP,4,0,0,0.07271587704511562
MLP,4,0,0,0.11502573232700436
MLP,4,0,0,0.23625598729395522
MLP,4,0,0,0.1019575194590518
MLP,4,0,0,0.1346324391410433
MLP,4,1,1,0.5795853827233365
MLP,4,1,0,0.08730416105144241
MLP,4,1,1,0.5699820630746925
MLP,4,0,0,0.3324062652232154
MLP,4,0,0,0.10194729144000629
MLP,4,0,0,0.10144711217499461
MLP,4,0,0,0.17910591952921237
MLP,4,0,0,0.2061670353355058
MLP,4,0,0,0.050707708694370905
MLP,4,0,0,0.3669184595621895
MLP,4,0,0,0.23763840643241582
MLP,4,0,0,0.07608448095486173
MLP,4,0,0,0.12005526371325301
MLP,4,0,0,0.1476555349392987
MLP,4,0,1,0.9197004304225517
MLP,4,0,0,0.13731543311939065
MLP,4,0,0,0.07239817309861027
MLP,4,1,1,0.9282517054106703
MLP,4,0,0,0.11505374885586368
MLP,4,0,0,0.11554515360589442
MLP,4,1,0,0.16948443583023218
MLP,4,1,0,0.07859097927110893
MLP,4,0,0,0.13048835347173304
MLP,4,0,0,0.11141548633809711
MLP,4,1,0,0.4739080826143396
MLP,4,0,0,0.1447552307568686
MLP,4,1,1,0.7585245504345735
MLP,4,0,0,0.1520133999625811
MLP,4,0,0,0.13758836306942213
MLP,4,0,0,0.07378429062552991
MLP,4,1,0,0.21376104863290576
MLP,4,1,0,0.11763874389681495
MLP,4,0,0,0.05354682641947412
MLP,4,0,0,0.4351289048878491
MLP,4,0,0,0.08195381805254259
MLP,4,0,1,0.6268572155500008
MLP,4,0,0,0.21214326199190842
MLP,4,0,0,0.056885603077313815
MLP,4,0,0,0.22233648247728835
MLP,4,0,0,0.1985819736895255
MLP,4,0,0,0.16357062577363676
MLP,4,1,0,0.09066468261479918
MLP,4,0,0,0.12297271750881725
MLP,4,0,0,0.2584762217443781
MLP,4,1,0,0.3422737035979205
MLP,4,0,0,0.10267894493380438
MLP,4,0,0,0.06754875318359184
MLP,4,0,0,0.1715554911141305
MLP,4,1,0,0.14924473451335266
MLP,4,0,0,0.14433497487792735
MLP,4,0,1,0.5442449138353465
MLP,4,0,0,0.24076083765000436
MLP,4,0,0,0.1926287443653378
MLP,4,1,0,0.18455871869453336
MLP,4,0,0,0.09189518006856015
MLP,4,0,0,0.11215600111094343
MLP,4,1,0,0.10156766004151084
MLP,4,0,0,0.12425511943504067
MLP,4,0,0,0.06396094586451187
MLP,4,0,0,0.0913300899966331
MLP,4,1,0,0.22273521664345236
MLP,4,0,0,0.1611587137985511
MLP,4,1,0,0.26961281822983096
MLP,4,0,0,0.06657593506939727
MLP,4,0,0,0.09181982741275477
MLP,4,0,0,0.16231023268033462
MLP,4,1,0,0.06474132005924303
MLP,4,1,0,0.15870795252798248
MLP,4,0,0,0.16601948208891165
MLP,4,0,0,0.06079805275388166
MLP,4,1,0,0.26687805362915373
MLP,4,0,0,0.2021199641937048
MLP,4,0,0,0.24558829521313455
MLP,4,1,0,0.25898578976006875
MLP,4,0,0,0.11096076207263993
MLP,4,0,0,0.19087045820312926
MLP,4,0,0,0.2002410317124634
MLP,4,0,0,0.23798589813079046
MLP,4,1,0,0.20832449238722808
MLP,4,0,0,0.110381760073278
MLP,4,0,0,0.06737462900990042
MLP,4,1,1,0.9599600440337769
MLP,4,1,1,0.9884267543133618
MLP,4,0,0,0.2544471227713751
MLP,4,0,0,0.07878515981595408
MLP,4,1,0,0.2738835314446041
MLP,4,0,0,0.1267418220377996
MLP,4,1,0,0.11589122619527645
MLP,4,0,0,0.12075522850903349
MLP,4,0,0,0.10472882182360384
MLP,4,0,0,0.18039980542110812
MLP,4,0,0,0.07796071871422504
MLP,4,1,1,0.7389975271939234
MLP,4,0,0,0.3473743800446567
MLP,4,0,0,0.18427919646823018
MLP,4,0,0,0.11395358776828769
MLP,4,0,0,0.3277998174603198
MLP,4,0,0,0.0758433175070245
MLP,4,0,0,0.06542827388108508
MLP,4,0,0,0.10948770390673454
MLP,4,0,0,0.12387768279836599
MLP,4,1,1,0.5720501053958831
MLP,4,0,0,0.05342011637531259
MLP,4,1,0,0.24376439770559208
MLP,4,0,0,0.10140869559549882
MLP,4,1,0,0.2821490255721371
MLP,4,1,0,0.42621701186784944
MLP,4,0,0,0.24784958579770486
MLP,4,0,0,0.058390373178748484
MLP,4,0,0,0.2627809987573549
MLP,4,0,0,0.20224545573458652
MLP,4,0,0,0.3303447014524919
MLP,4,0,0,0.07120114607531056
MLP,4,0,0,0.09945823586845329
MLP,4,0,0,0.12834691355238026
MLP,4,0,0,0.13570027946974342
MLP,4,1,0,0.22876451701631587
MLP,4,0,0,0.1327492395375748
MLP,4,0,0,0.28674112238470095
MLP,4,1,0,0.11858959238875617
MLP,4,0,0,0.18598294108773106
MLP,4,0,0,0.09291208565967664
MLP,4,0,0,0.17743311778541962
MLP,4,1,0,0.4521437936943543
MLP,4,0,0,0.1273689841720251
MLP,4,0,0,0.15514699545891394
MLP,4,0,0,0.11348976450227534
MLP,4,0,0,0.15823746901594726
MLP,4,0,0,0.36420933485360113
MLP,4,0,0,0.26723681541849786
MLP,4,0,0,0.18794298188151143
MLP,4,1,0,0.17378809986679786
MLP,4,0,0,0.13333700216296773
MLP,4,0,0,0.10363877408530256
MLP,4,0,0,0.068962617257495
MLP,4,0,0,0.13879689218552174
MLP,4,1,0,0.31701434804124
MLP,4,0,0,0.22644456639375854
MLP,4,0,0,0.10747270292340896
MLP,4,1,0,0.2090639691494549
MLP,4,0,0,0.30517686655631465
MLP,4,1,0,0.1670153503150734
MLP,4,1,1,0.9873109430564286
MLP,4,0,0,0.18265198509699318
MLP,4,0,0,0.16431349000258258
MLP,4,0,0,0.048644539566918214
MLP,4,0,0,0.21759742253652054
MLP,4,0,0,0.2992223985899021
MLP,4,0,0,0.13643566522526518
MLP,4,0,0,0.09659420938464887
MLP,4,1,0,0.15473561175442524
MLP,4,0,0,0.12010501660715446
MLP,4,0,0,0.10206037371045262
MLP,4,0,0,0.28342976528012986
MLP,4,0,0,0.1054642794885386
MLP,4,0,0,0.12246393810371102
MLP,4,0,0,0.25732596521356166
MLP,4,0,0,0.23451809592460343
MLP,4,0,0,0.4176144094401942
MLP,4,1,0,0.23964424070082263
MLP,4,0,0,0.4373926441134792
MLP,4,0,0,0.07357362711521737
MLP,4,0,0,0.162594131433321
MLP,4,0,0,0.10119849826275232
MLP,4,0,0,0.08461621143307226
MLP,4,0,0,0.09738698230752935
MLP,4,0,0,0.17729395812254334
MLP,4,0,0,0.12424963448625534
MLP,4,0,0,0.11895957721460147
MLP,4,0,0,0.1776008281896504
MLP,4,0,0,0.07133331497449347
MLP,4,0,0,0.06411343834085859
MLP,4,0,0,0.11931133689861446
MLP,4,0,0,0.2081527469627559
MLP,4,0,0,0.11599074210153466
MLP,4,1,0,0.08507697624262006
MLP,4,0,0,0.46961991333638936
MLP,4,0,0,0.1902155969268365
MLP,4,0,0,0.17314562946136924
MLP,4,0,0,0.0891518410674702
MLP,4,0,0,0.19222936768841947
MLP,4,1,0,0.11081471317272214
MLP,4,0,0,0.08341860406112633
MLP,4,1,0,0.3267771505091813
MLP,4,0,0,0.12014594297423095
MLP,4,1,0,0.10913203033076638
MLP,4,0,0,0.15166922254479026
MLP,4,1,0,0.20061392868774733
MLP,4,1,0,0.19893888460422
MLP,4,1,0,0.1619142377596619
MLP,4,0,0,0.05003509967444782
MLP,4,0,0,0.2081697563746853
MLP,4,0,0,0.15414207513919287
MLP,4,0,0,0.09571121898619003
MLP,4,0,0,0.06527057767592284
MLP,4,1,0,0.005386067276271101
MLP,4,1,1,0.6381983314830395
MLP,4,0,0,0.05875361161140253
MLP,4,0,0,0.1759534085579531
MLP,4,0,0,0.21139092907521664
MLP,4,0,1,0.5487042031686882
MLP,4,0,0,0.15726934469217232
MLP,4,0,0,0.13848769235558972
MLP,4,0,1,0.590795496019468
MLP,4,0,0,0.2633743770314531
MLP,4,0,0,0.34340819861534966
MLP,4,0,0,0.20998033407096092
MLP,4,0,0,0.07462861244980194
MLP,4,1,0,0.32983623971484677
MLP,4,0,0,0.07125044799654735
MLP,4,0,0,0.10862978818780326
MLP,4,1,0,0.20558860764526002
MLP,4,0,0,0.07967209076388732
MLP,4,0,0,0.3660878281219122
MLP,4,1,0,0.477083039132963
MLP,4,1,1,0.5612456433154223
MLP,4,1,1,0.6259764141611269
MLP,4,0,1,0.5378221174384155
MLP,4,0,0,0.1208341106752993
MLP,4,0,0,0.0508591917570966
MLP,4,0,0,0.3854371134525734
MLP,4,0,0,0.15084751136376326
MLP,4,0,0,0.11853076208574449
MLP,4,1,0,0.2159336076643824
MLP,4,0,0,0.09755528114755041
MLP,4,0,0,0.18192102283369208
MLP,4,0,0,0.20161627101012936
MLP,4,0,0,0.21773033591871313
MLP,4,0,0,0.065686015984035
MLP,4,0,0,0.19043459596258824
MLP,4,0,0,0.43880683497124207
MLP,4,0,0,0.3469920338591314
MLP,4,0,0,0.07689768292364085
MLP,4,0,0,0.04114381849910125
MLP,4,0,0,0.47195626406013497
MLP,4,0,0,0.1360011501035172
MLP,4,1,0,0.12263498328386004
MLP,4,0,0,0.13513592663965784
MLP,4,1,0,0.15187079442734447
MLP,4,1,0,0.20818839678873982
MLP,4,0,0,0.19040669234416616
MLP,4,0,0,0.1479077889058983
MLP,4,1,0,0.2831381167595189
MLP,4,0,0,0.33353638670551194
MLP,4,1,1,0.6410582031421077
MLP,4,1,0,0.1675373569178259
MLP,4,1,0,0.14189893779249874
MLP,4,0,0,0.15546246732594088
MLP,4,0,0,0.122899601684521
MLP,4,0,0,0.4775962608563778
MLP,4,1,0,0.28931199705844624
MLP,4,0,0,0.2945406425444879
MLP,4,0,0,0.13491538748181375
MLP,4,1,1,0.5331322002705157
MLP,4,1,0,0.15699025124510205
MLP,4,0,0,0.09948618580765829
MLP,4,0,0,0.07770943116006766
MLP,4,0,0,0.16856524011734877
MLP,4,0,0,0.09540854365345465
MLP,4,0,0,0.12806182729752638
MLP,4,0,0,0.18935370024052667
MLP,4,0,0,0.12548073848728347
MLP,4,0,1,0.6902896696740493
MLP,4,0,0,0.13022613579613676
MLP,4,1,0,0.1880309701070467
MLP,4,1,0,0.3479908161044914
MLP,4,1,0,0.4847870700543422
MLP,4,1,1,0.5045056145518068
MLP,4,0,1,0.5561392850321333
MLP,4,0,0,0.13540072780602583
MLP,4,0,0,0.15186414082432337
MLP,4,0,0,0.07312996831633804
MLP,4,1,0,0.2975640023064083
MLP,4,1,0,0.15146607840290655
MLP,4,0,0,0.11169532241150991
MLP,4,0,0,0.184961892098727
MLP,4,0,0,0.09332983677719527
MLP,4,1,1,0.8823145543832945
MLP,4,0,0,0.2602921500844204
MLP,4,0,0,0.14166262767953025
MLP,4,0,1,0.7993056558279649
MLP,4,0,0,0.06954227892892251
MLP,4,0,0,0.2252221669047862
MLP,4,0,0,0.1763102849600747
MLP,4,0,0,0.09946257586380793
MLP,4,0,0,0.23859248697843638
MLP,4,0,0,0.10042511365665356
MLP,4,0,0,0.17146220721872252
MLP,4,0,0,0.0904585836726127
MLP,4,0,0,0.3625358129895187
MLP,4,1,0,0.11435216613063995
MLP,4,0,0,0.15962788549349363
MLP,4,0,0,0.21897295052426224
MLP,4,0,0,0.13816670457134544
MLP,4,0,0,0.23221468198235903
MLP,4,0,0,0.08689130981068653
MLP,4,0,1,0.7140870003332795
MLP,4,0,0,0.05460102450054795
MLP,4,0,0,0.07699151199649382
MLP,4,0,0,0.18121852809673913
MLP,4,1,0,0.3339203970808404
MLP,4,0,0,0.1856128596905757
MLP,4,0,0,0.12698562012784614
MLP,4,0,0,0.21945459404890458
MLP,4,1,1,0.891129812120401
MLP,4,0,0,0.14919415211276582
MLP,4,0,0,0.11667533727233456
MLP,4,0,0,0.10780687158419354
MLP,4,0,0,0.12114783978135872
MLP,4,0,0,0.13069503335094015
MLP,4,1,0,0.18195031873157683
MLP,4,0,0,0.10690294677358686
MLP,4,0,0,0.0491350264626599
MLP,4,1,1,0.8911916836195279
MLP,4,0,0,0.2913050334070911
MLP,4,0,0,0.04901994424016523
MLP,4,0,0,0.2436280698718181
MLP,4,1,1,0.7729754480219402
MLP,4,0,0,0.1362263642100079
MLP,4,1,0,0.17907864202652002
MLP,4,0,0,0.0940694123069135
MLP,4,1,0,0.17966602201663306
MLP,4,0,0,0.07790547274766306
MLP,4,0,0,0.11122381639757982
MLP,4,1,0,0.42980477991877325
MLP,4,0,0,0.17363464560817551
MLP,4,0,0,0.04802456040059348
MLP,4,1,0,0.086597913426375
MLP,4,0,0,0.1833667683132944
MLP,4,1,0,0.2381214684839861
MLP,4,1,0,0.2014582767028109
MLP,4,0,0,0.1669123454199093
MLP,4,0,0,0.1341268216301312
MLP,4,0,0,0.38513259144591744
MLP,4,0,0,0.11727980051444337
MLP,4,1,1,0.5918457125729563
MLP,4,0,0,0.09644441549143613
MLP,4,0,0,0.40647497340107547
MLP,4,1,0,0.07273150776590272
MLP,4,0,0,0.22883087320860462
MLP,4,0,0,0.1801966369137715
MLP,4,1,1,0.5677035834704663
MLP,4,0,0,0.09008204467470753
MLP,4,1,0,0.14960036391093443
MLP,4,1,0,0.1329652182179804
MLP,4,0,0,0.15691712392143514
MLP,4,0,0,0.1766687758069675
MLP,4,0,0,0.26282373447091545
MLP,4,0,0,0.24744131679566714
MLP,4,0,1,0.5123644670564953
MLP,4,0,0,0.20088849484293042
MLP,4,1,0,0.006152548680904015
MLP,4,1,1,0.520131898679159
MLP,4,1,0,0.12599648095277036
MLP,4,0,0,0.19641083556402758
MLP,4,0,0,0.09178516158611195
MLP,4,0,0,0.08883599238355284
MLP,4,1,0,0.14947260285424807
MLP,4,1,0,0.21257689329472054
MLP,4,0,1,0.9979704157918059
MLP,4,0,0,0.23779345403192687
MLP,4,0,0,0.18241996423398893
MLP,4,0,0,0.08905834328076091
MLP,4,0,0,0.14486089141701705
MLP,4,0,0,0.04556897744844581
MLP,4,0,0,0.12561501670422387
MLP,4,0,0,0.08689831308406325
MLP,4,0,0,0.0856446399956211
MLP,4,0,0,0.07256086581886012
MLP,4,0,0,0.31084342637712487
MLP,4,1,0,0.2857661126058052
MLP,4,0,0,0.1103776430254291
MLP,4,0,0,0.190221494348246
MLP,4,0,0,0.2885701395293115
MLP,4,1,0,0.2550533384094489
MLP,4,0,0,0.29265838036097025
MLP,4,1,0,0.3626377656451147
MLP,4,0,0,0.2522247467636876
MLP,4,0,0,0.04140628486484741
MLP,4,0,0,0.06331388976497751
MLP,4,0,0,0.08789767305514734
MLP,4,0,0,0.1633151877520703
MLP,4,0,0,0.09863166663966762
MLP,4,1,0,0.04779224905619598
MLP,4,0,0,0.3571068876239369
MLP,4,0,0,0.0924811014821833
MLP,4,0,0,0.16937265519912964
MLP,4,0,0,0.07075714165391803
MLP,4,1,0,0.22945744238634805
MLP,4,0,0,0.10542495265448111
MLP,4,0,0,0.09145669372610633
MLP,4,0,0,0.06710734215190325
MLP,4,0,0,0.18402740792295055
MLP,4,0,0,0.10473424738076097
MLP,4,0,0,0.36709649651963516
MLP,4,1,1,0.6050847393851173
MLP,4,0,0,0.11944603682282526
MLP,4,0,1,0.7123173042023963
MLP,4,0,0,0.10651691004505554
MLP,4,0,0,0.05056007375980784
MLP,4,0,0,0.2111135999850288
MLP,4,0,0,0.16832330639512003
MLP,4,0,0,0.16179627807502384
MLP,4,0,0,0.22104981630144244
MLP,4,0,0,0.08635140559132823
MLP,4,0,1,0.9359102097510656
MLP,4,0,0,0.12383446131234219
MLP,4,0,0,0.06739480162311237
MLP,4,0,0,0.09200259230767012
MLP,4,0,0,0.134783183503652
MLP,4,1,1,0.543945053171877
MLP,4,1,0,0.19138796390202864
MLP,4,1,0,0.3861326712261697
MLP,4,1,0,0.37000200900817826
MLP,4,0,0,0.0933906724367569
MLP,4,0,0,0.06540725339990096
MLP,4,0,0,0.2696502842623976
MLP,4,0,0,0.18526585774558274
MLP,4,1,1,0.9920490191294727
MLP,4,0,0,0.14072177774338968
MLP,4,0,0,0.1598357230797772
MLP,4,0,0,0.06200129241193794
MLP,4,0,0,0.0579996660370414
MLP,4,1,0,0.1101381271312885
MLP,4,1,0,0.40430706857533283
MLP,4,0,0,0.22371461076902788
MLP,4,0,0,0.07005944328158911
MLP,4,0,0,0.09490183279419502
MLP,4,0,0,0.1206240075119086
MLP,4,0,0,0.411775215661909
MLP,4,1,1,0.6720522816032656
MLP,4,1,1,0.9343211012812692
MLP,4,0,0,0.154974633946781
MLP,4,0,0,0.23330072996561466
MLP,4,0,1,0.9859575417403426
MLP,4,0,1,0.7122527803400118
MLP,4,0,0,0.11004649061496474
MLP,4,0,0,0.12054773841492882
MLP,4,0,0,0.07231887213878187
MLP,4,0,0,0.06946354712074214
MLP,4,1,0,0.09242368255371992
MLP,4,0,0,0.10806700001296388
MLP,4,1,0,0.19130947833414882
MLP,4,0,0,0.21504406317627753
MLP,4,0,0,0.057163005680877704
MLP,4,0,0,0.09945040862389416
MLP,4,1,1,0.9924177545841901
MLP,4,0,0,0.11176877373529924
MLP,4,0,0,0.09521086410496313
MLP,4,0,0,0.233092735208062
MLP,4,0,0,0.345518624173907
MLP,4,0,0,0.09185722850862028
MLP,4,1,0,0.048784147568329016
MLP,4,0,0,0.2889480115734916
MLP,4,0,0,0.07349952962631742
MLP,4,0,0,0.21802938470262032
MLP,4,0,0,0.22202375643271435
MLP,4,0,0,0.18111124560539718
MLP,4,0,0,0.11247769241832874
MLP,4,0,1,0.5476379715854904
MLP,4,0,0,0.10528401280717485
MLP,4,1,0,0.17775030919905363
MLP,4,0,0,0.21470791327644007
MLP,4,0,0,0.20733580158243844
MLP,4,1,0,0.2827938929046916
MLP,4,0,0,0.049950937835058294
MLP,4,0,0,0.11643059413006716
MLP,4,0,0,0.23212936427694877
MLP,4,1,1,0.7282687128068713
MLP,4,0,0,0.13471132030631244
MLP,4,1,0,0.40503106438203446
MLP,4,0,0,0.09652333549747158
MLP,4,0,0,0.3320984777156071
MLP,4,0,0,0.09147555518463538
MLP,4,0,0,0.15780584110447035
MLP,4,0,0,0.3119363402361339
MLP,4,0,0,0.20102329116808954
MLP,4,0,0,0.1581740065957537
MLP,4,0,0,0.13888309602908058
MLP,4,0,0,0.06609964445275766
MLP,4,0,0,0.21286357472185358
MLP,4,0,0,0.1596360730904751
MLP,4,0,0,0.07189613569069128
MLP,4,0,0,0.10148206556718195
MLP,4,0,0,0.12252500200917889
MLP,4,0,0,0.09231321806650658
MLP,4,0,0,0.16714473239203997
MLP,4,1,0,0.13594392688377635
MLP,4,0,0,0.07825828820947787
MLP,4,0,0,0.31694719952639383
MLP,4,0,0,0.12158833359367127
MLP,4,0,0,0.09037175314832059
MLP,4,1,0,0.35411304723528897
MLP,4,0,0,0.1324646801227933
MLP,4,0,0,0.1251000054627037
MLP,4,0,0,0.09996524182224656
MLP,4,1,0,0.07566178865567322
MLP,4,1,0,0.1375544457335079
MLP,4,0,0,0.11148641362856851
MLP,4,1,1,0.5041517032606032
MLP,4,0,0,0.31302931044774757
MLP,4,0,0,0.11230809120724122
MLP,4,0,0,0.17607114631630733
MLP,4,0,0,0.19730404265997786
MLP,4,0,0,0.06874675961431628
MLP,4,0,0,0.13195242209852057
MLP,4,0,0,0.12783489884125732
MLP,4,0,0,0.22805851830563176
MLP,4,0,1,0.6819167235974645
MLP,4,0,0,0.3791933885839504
MLP,4,1,0,0.38148109782190176
MLP,4,0,0,0.17312262784902738
MLP,4,0,0,0.10659061009459798
MLP,4,0,0,0.1452644242810916
MLP,4,1,0,0.34837481868405035
MLP,4,0,0,0.1168228950409086
MLP,4,1,0,0.2313298156927534
MLP,4,0,0,0.06090143031813474
MLP,4,0,0,0.09035535653084598
MLP,4,0,0,0.25712429272538856
MLP,4,0,0,0.06657203845832906
MLP,4,1,1,0.8268977806967429
MLP,4,1,0,0.2714723604240579
MLP,4,0,0,0.17566341947173517
MLP,4,0,0,0.14574988320157306
MLP,4,0,0,0.1539909051524065
MLP,4,0,0,0.24137219639954482
MLP,4,0,0,0.44847227018459734
MLP,4,0,0,0.06929709639573108
MLP,4,1,1,0.6529695914622062
MLP,4,0,0,0.08677069943654196
MLP,4,0,0,0.09072922022000782
MLP,4,0,0,0.09669974688792332
MLP,4,0,0,0.320212567448291
MLP,4,0,0,0.08161361108032023
MLP,4,0,0,0.27453656780448105
MLP,4,1,1,0.7667503238105563
MLP,4,0,0,0.19408573823426292
MLP,4,0,0,0.10621724516114636
MLP,4,0,0,0.15135359214985908
MLP,4,0,0,0.16011656753588932
MLP,4,0,0,0.2448570370746632
MLP,4,0,0,0.3186659313243457
MLP,4,0,0,0.08919407364079596
MLP,4,0,0,0.2256400453653141
MLP,4,0,0,0.033513745307553265
MLP,4,0,0,0.13975735565973627
MLP,4,0,0,0.146825913459309
MLP,4,0,0,0.11547885483379507
MLP,4,1,0,0.23420952661274683
MLP,4,1,1,0.5336341173765684
MLP,4,0,0,0.06587555788306095
MLP,4,0,0,0.06731281699141371
MLP,4,0,0,0.1822528799300237
MLP,4,0,0,0.2400241064884197
MLP,4,0,0,0.12868339395830955
MLP,4,1,0,0.11365815655707533
MLP,4,0,0,0.04763006905520551
MLP,4,0,0,0.12841437253387386
MLP,4,1,0,0.46138475247787347
MLP,4,0,0,0.12356975814240558
MLP,4,1,0,0.12097421950779479
MLP,4,1,0,0.08633327401279758
MLP,4,1,0,0.2331870943042982
MLP,4,0,0,0.14666065236394177
MLP,4,0,0,0.15052295639473454
MLP,4,0,0,0.07724784552893635
MLP,4,0,0,0.10954728548351439
MLP,4,0,0,0.09990278484480368
MLP,4,0,0,0.085957305350873
MLP,4,0,0,0.09857150748764029
MLP,4,1,0,0.23441190970153342
MLP,4,0,0,0.3257717627360974
MLP,4,0,0,0.2803306990029756
MLP,4,0,0,0.1558635252119027
MLP,4,0,0,0.2855148184861077
MLP,4,0,0,0.15540633369628343
MLP,4,0,1,0.6243798740876036
MLP,4,0,0,0.09665236041360817
MLP,4,1,0,0.16604886758622556
MLP,4,0,0,0.21362247535117432
MLP,4,1,0,0.1000728870637018
MLP,4,0,0,0.08154033279332872
MLP,4,1,0,0.07717504632256329
MLP,4,1,0,0.28540800360341667
MLP,4,0,0,0.13942564630003773
MLP,4,1,0,0.1424798740936234
MLP,4,0,0,0.3503580348120858
MLP,4,0,0,0.09068344434422664
MLP,4,0,0,0.11469376093536583
MLP,4,1,0,0.22513667949959423
MLP,4,0,0,0.0727820395655396
MLP,4,0,0,0.09857165458239994
MLP,4,0,0,0.12345408358206218
MLP,4,0,0,0.14335433860401414
MLP,4,1,0,0.2269990769653129
MLP,4,0,0,0.13803758370855765
MLP,4,0,0,0.0833862282051734
MLP,4,0,0,0.19291603397583787
MLP,4,0,0,0.10826336808572928
MLP,4,0,0,0.1788954162765749
MLP,4,0,1,0.8246322918729234
MLP,4,0,0,0.4127450043696278
MLP,4,0,0,0.0665170823553351
MLP,4,0,0,0.17658287226576427
MLP,4,0,0,0.10038117908255313
MLP,4,1,0,0.26539856636238845
MLP,4,0,0,0.08136440044057713
MLP,4,0,0,0.06888979311245359
MLP,4,0,0,0.11966391169013224
MLP,4,0,0,0.1544730702660882
MLP,4,0,0,0.1697080701771136
MLP,4,1,0,0.10668074857630289
MLP,4,1,0,0.20861150965822348
MLP,4,0,0,0.1277581506030425
MLP,4,1,0,0.20687964602514178
MLP,4,0,0,0.12805615094373377
MLP,4,0,0,0.1707139928972408
MLP,4,0,0,0.20510934494179286
MLP,4,0,0,0.25204986089351994
MLP,4,0,0,0.174265245832346
MLP,4,0,0,0.3412565709883208
MLP,4,0,0,0.08810390390522446
MLP,4,0,0,0.2569162924352736
MLP,4,0,0,0.1143936978318671
MLP,4,0,0,0.3355495413777982
MLP,4,0,0,0.1073281037145715
MLP,4,0,0,0.04107572913631942
MLP,4,1,0,0.2469227857812091
MLP,4,1,1,0.5279757874013077
MLP,4,0,0,0.1350176531791882
MLP,4,0,0,0.10346394315387349
MLP,4,1,1,0.5696333894176717
MLP,4,0,0,0.12665748316597897
MLP,4,0,0,0.20337057694577257
MLP,4,0,0,0.18436664405673386
MLP,4,0,0,0.21333208551774427
MLP,4,1,0,0.09638063113084872
MLP,4,0,0,0.45989497586792244
MLP,4,0,0,0.1340342480969807
MLP,4,0,0,0.16048882069119363
MLP,4,0,0,0.09609517345101469
MLP,4,0,0,0.08739789998686337
MLP,4,0,0,0.27776487525099736
MLP,4,0,0,0.0923952449768671
MLP,4,1,0,0.1544127835689982
MLP,4,0,0,0.11175154063301743
MLP,4,0,0,0.2993966093247049
MLP,4,1,0,0.25184308269763656
MLP,4,0,0,0.24487499118559428
MLP,4,1,0,0.3712142773010884
MLP,4,0,0,0.07067629991072852
MLP,4,0,0,0.07549503926897143
MLP,4,0,0,0.4580438455202026
MLP,4,0,0,0.22268500033596395
MLP,4,0,0,0.4736563829839774
MLP,4,0,0,0.1750839260972765
MLP,4,0,0,0.052432662790774826
MLP,4,1,0,0.41545005068785823
MLP,4,0,0,0.02960119125899002
MLP,4,0,0,0.37743195892025244
MLP,4,0,1,0.6958231418875273
MLP,4,0,0,0.09097041422654012
MLP,4,0,0,0.22388835756075962
MLP,4,0,0,0.22375569364152365
MLP,4,1,1,0.8369534799439045
MLP,4,0,1,0.5091259333238681
MLP,4,1,1,0.9564309456814651
MLP,4,0,0,0.06126843033924061
MLP,4,0,0,0.4214707735272626
MLP,4,0,0,0.3262103207221997
MLP,4,0,0,0.15384310797578263
MLP,4,0,0,0.08631351598038313
MLP,4,0,0,0.21584339299444358
MLP,4,0,0,0.24688792332061796
MLP,4,0,0,0.15402994657621555
MLP,4,0,0,0.23143320504929576
MLP,4,1,0,0.18795322015318708
MLP,4,0,0,0.22917097886849894
MLP,4,0,0,0.10578264122114424
MLP,4,0,0,0.08638749126190837
MLP,4,1,0,0.1588237935178808
MLP,4,0,0,0.12450394603474844
MLP,4,0,0,0.11531550367786284
MLP,4,1,0,0.10126847565144213
MLP,4,0,0,0.19361010837056097
MLP,4,0,0,0.2644737674530156
MLP,4,0,0,0.1730822655574852
MLP,4,0,0,0.2904567418565619
MLP,4,0,0,0.2588025195338471
MLP,4,0,0,0.07510357670808963
MLP,4,0,0,0.09701771250132141
MLP,4,0,0,0.16679319688018276
MLP,4,1,0,0.22917097886849894
MLP,4,1,0,0.40659131336102766
MLP,4,0,0,0.1527767900814745
MLP,4,0,0,0.22473912886347935
MLP,4,1,0,0.16809396217198305
MLP,4,0,0,0.07517766592239543
MLP,4,0,0,0.1484836563534375
MLP,4,0,0,0.17654850209485268
MLP,4,1,0,0.12137175443053548
MLP,4,0,0,0.07828492725230758
MLP,4,0,0,0.15323576106419678
MLP,4,0,0,0.08553398775245774
MLP,4,0,0,0.09162202908954209
MLP,4,0,1,0.5956109413016191
MLP,4,1,1,0.6253306937631636
MLP,4,0,0,0.25033687601933935
MLP,4,0,0,0.03775523998630951
MLP,4,0,0,0.4063896161538204
MLP,4,0,0,0.12867914826023974
MLP,4,0,0,0.10269138436496318
MLP,4,0,0,0.07211568468231672
MLP,4,1,0,0.4051504027154525
MLP,4,0,0,0.16567946798414573
MLP,4,1,0,0.31733163759315963
MLP,4,0,0,0.18598568697385132
MLP,4,0,0,0.09353572772018252
MLP,4,0,0,0.07966879159734036
MLP,4,1,0,0.13591396879724243
MLP,4,0,0,0.2935301881765611
MLP,4,0,0,0.18575609040839192
MLP,4,1,0,0.15336267191356112
MLP,4,1,0,0.20283833497688403
MLP,4,0,0,0.15340437077984312
MLP,4,0,0,0.03194699576200827
MLP,4,0,0,0.13638761857182047
MLP,4,0,0,0.054761263439298644
MLP,4,0,0,0.19987676102055654
MLP,4,0,0,0.11026510608514646
MLP,4,0,0,0.25377407544431196
MLP,4,0,0,0.25654533109981253
MLP,4,0,0,0.10168260599164371
MLP,4,0,0,0.06988871436333906
MLP,4,0,0,0.03951781159544365
MLP,4,0,0,0.3046553213549731
MLP,4,0,1,0.8572678947752544
MLP,4,0,0,0.049597130826670506
MLP,4,0,0,0.19619312319114637
MLP,4,0,0,0.1204491884923626
MLP,4,0,0,0.09043850681110686
MLP,4,0,0,0.06590664409199828
MLP,4,1,0,0.0641379053055192
MLP,4,1,0,0.2539895842848083
MLP,4,0,0,0.16319030094506534
MLP,4,0,0,0.0448834096703106
MLP,4,0,0,0.12596499858297383
MLP,4,0,0,0.17684498887048491
MLP,4,0,0,0.2145322401012428
MLP,4,0,0,0.3569729537758149
MLP,4,0,0,0.09564282549289344
MLP,4,0,0,0.3329978783953241
MLP,4,0,0,0.18690461401744504
MLP,4,0,0,0.11532229673367056
MLP,4,1,0,0.16330890748170068
MLP,4,0,0,0.2480973101180887
MLP,4,1,0,0.20498708184353026
MLP,4,0,0,0.08809716786071299
MLP,4,0,0,0.22561696701778858
MLP,4,1,0,0.09073176478572305
MLP,4,0,0,0.11159043266017495
MLP,4,0,0,0.24327056704797545
MLP,4,1,1,0.999400437723465
MLP,4,0,0,0.11502534265550746
MLP,4,0,0,0.142941725096584
MLP,4,1,1,0.84720182628848
MLP,4,0,0,0.2934104337999113
MLP,4,0,0,0.15997406960623858
MLP,5,1,0,0.29998978685587546
MLP,5,0,0,0.25743066973952994
MLP,5,0,0,0.2604014803281704
MLP,5,1,0,0.17089011953505043
MLP,5,1,0,0.1831786433545008
MLP,5,0,0,0.2400556703085704
MLP,5,0,0,0.22250265114269333
MLP,5,1,0,0.1426548432741067
MLP,5,0,0,0.10784502376239052
MLP,5,0,0,0.17245075558686518
MLP,5,0,0,0.2998002586007307
MLP,5,0,0,0.1406073727927231
MLP,5,0,0,0.1770225809987113
MLP,5,0,0,0.17634725353594277
MLP,5,0,0,0.10289139847350279
MLP,5,0,0,0.14861661823430955
MLP,5,1,0,0.07622482670297608
MLP,5,0,0,0.21722517036037237
MLP,5,0,0,0.30726267890801845
MLP,5,0,0,0.08044407713402986
MLP,5,1,0,0.2675904384661689
MLP,5,0,0,0.3427491743245805
MLP,5,0,1,0.5528843356344343
MLP,5,0,0,0.21190182155441042
MLP,5,0,0,0.21021204801941673
MLP,5,0,0,0.10810611123578713
MLP,5,0,0,0.19699829719405915
MLP,5,0,0,0.1262707024975047
MLP,5,0,0,0.2247089405392533
MLP,5,1,0,0.19847224866520663
MLP,5,1,0,0.1964661602605125
MLP,5,0,0,0.2858606564372041
MLP,5,0,0,0.2037016557298633
MLP,5,1,0,0.4595989122769097
MLP,5,0,0,0.23762263576272422
MLP,5,0,0,0.10419100072878097
MLP,5,1,0,0.2662031454460452
MLP,5,0,0,0.20256643478212144
MLP,5,1,0,0.3155446201080199
MLP,5,0,0,0.1191478272530848
MLP,5,1,0,0.258462320749295
MLP,5,1,1,0.6377784985487691
MLP,5,1,0,0.17702177645069056
MLP,5,0,0,0.2003219423807085
MLP,5,0,0,0.0887451440848829
MLP,5,0,0,0.10148627735208351
MLP,5,0,0,0.15386183411281165
MLP,5,0,0,0.24060012685513535
MLP,5,1,1,0.7386435647701982
MLP,5,0,0,0.11757499272453417
MLP,5,0,0,0.10919393817302928
MLP,5,0,0,0.19137874105966715
MLP,5,1,0,0.21483524903661527
MLP,5,1,0,0.25534919977976633
MLP,5,0,0,0.1258827841372847
MLP,5,0,0,0.23720327133423022
MLP,5,0,0,0.24193854784680469
MLP,5,0,0,0.11498603035927601
MLP,5,0,0,0.2062938543767657
MLP,5,0,0,0.3244679376325809
MLP,5,0,0,0.09197464642250391
MLP,5,0,0,0.21483775004708322
MLP,5,0,0,0.0839695567063315
MLP,5,0,0,0.07692069521886763
MLP,5,0,0,0.1010916386792016
MLP,5,0,0,0.18344136939215286
MLP,5,0,0,0.2329960400130196
MLP,5,0,0,0.24002567586291085
MLP,5,0,0,0.18069394153666654
MLP,5,0,0,0.09970988430948621
MLP,5,0,0,0.17776473597828837
MLP,5,0,0,0.26341208915791336
MLP,5,0,0,0.21072208712777113
MLP,5,0,0,0.161008396364746
MLP,5,0,0,0.24897524784705438
MLP,5,0,0,0.18012802148475576
MLP,5,0,0,0.12432716845275736
MLP,5,1,1,0.6791559951233245
MLP,5,0,0,0.23296676838009092
MLP,5,0,0,0.1469868045490629
MLP,5,0,0,0.11087817228563311
MLP,5,1,0,0.36535644474220574
MLP,5,0,0,0.18838210986644996
MLP,5,0,0,0.1460575977235497
MLP,5,0,0,0.18017379049026272
MLP,5,0,0,0.23149958511651314
MLP,5,1,1,0.8769859793966042
MLP,5,1,0,0.2823697469187043
MLP,5,0,0,0.07210695818854264
MLP,5,1,0,0.3590445566793161
MLP,5,0,0,0.12083833367937612
MLP,5,0,0,0.1880141656072593
MLP,5,0,0,0.16193750902691958
MLP,5,0,0,0.23480622062812745
MLP,5,0,0,0.31763911141677403
MLP,5,1,0,0.3533231161704876
MLP,5,0,0,0.1356461049806704
MLP,5,0,0,0.06849573818067826
MLP,5,0,0,0.1755512835085157
MLP,5,1,0,0.2676690954730808
MLP,5,0,0,0.16985636103878932
MLP,5,0,0,0.1567171109761321
MLP,5,0,0,0.15931661851210915
MLP,5,1,0,0.127223950726056
MLP,5,0,0,0.29057346069033907
MLP,5,1,0,0.2907276103185062
MLP,5,1,0,0.2121783185731085
MLP,5,0,0,0.15867718109947448
MLP,5,0,0,0.25588019298046966
MLP,5,0,0,0.24889300999422673
MLP,5,0,0,0.18350154795954518
MLP,5,1,0,0.17719200687023434
MLP,5,0,0,0.13912588513536334
MLP,5,0,0,0.22492147304269478
MLP,5,0,0,0.24509649515567403
MLP,5,0,0,0.1350411980377142
MLP,5,1,0,0.14264239685807958
MLP,5,0,0,0.21740368288477915
MLP,5,0,0,0.16442662304572814
MLP,5,0,0,0.06944995076240307
MLP,5,0,0,0.22953008243279738
MLP,5,0,0,0.1398466599418405
MLP,5,0,0,0.13867591420043462
MLP,5,0,0,0.13214425587552334
MLP,5,0,0,0.27290989720761716
MLP,5,0,0,0.12236385803092803
MLP,5,0,0,0.19992841871369135
MLP,5,1,0,0.20129085999692423
MLP,5,0,0,0.08536388714152676
MLP,5,1,0,0.21252831670137542
MLP,5,0,0,0.1134139338910539
MLP,5,0,0,0.19112984535105776
MLP,5,0,0,0.15483123855481415
MLP,5,0,0,0.29915058662222677
MLP,5,0,0,0.16747638569136458
MLP,5,0,0,0.40514167322014316
MLP,5,0,0,0.1216120610675901
MLP,5,0,0,0.293466497377847
MLP,5,0,0,0.10827529330972772
MLP,5,0,0,0.3142572283134978
MLP,5,0,0,0.2168762305748947
MLP,5,1,0,0.36559997952501644
MLP,5,0,0,0.20606731234211986
MLP,5,0,0,0.16538519107626157
MLP,5,0,0,0.21495091167482258
MLP,5,1,0,0.31971078945300796
MLP,5,0,0,0.1489811958783212
MLP,5,0,0,0.1135203837727453
MLP,5,0,0,0.2879168390619585
MLP,5,0,0,0.21838503102067205
MLP,5,0,0,0.0018791056585887862
MLP,5,0,0,0.3059913115017988
MLP,5,0,0,0.1657930564881541
MLP,5,0,0,0.19675557520359394
MLP,5,0,0,0.11622767413622598
MLP,5,0,0,0.15594813273455366
MLP,5,0,0,0.14591375476363183
MLP,5,0,0,0.29574777320221
MLP,5,1,1,0.7248606265303449
MLP,5,0,0,0.3519147157060731
MLP,5,0,0,0.2865980175365843
MLP,5,0,0,0.1866411418376593
MLP,5,0,0,0.12410070037542391
MLP,5,0,0,0.22015939902809617
MLP,5,0,0,0.311880205184102
MLP,5,0,0,0.15026477218310794
MLP,5,0,0,0.17137680028455818
MLP,5,0,0,0.1571666500097563
MLP,5,0,0,0.25797803258711677
MLP,5,0,0,0.22990018522827577
MLP,5,1,1,0.503880071117612
MLP,5,0,0,0.11708312045431152
MLP,5,0,0,0.15981893415826112
MLP,5,1,0,0.23270102510047064
MLP,5,0,0,0.47118480515228306
MLP,5,1,1,0.6582689825667164
MLP,5,0,0,0.14412111614935716
MLP,5,1,0,0.2434228499748296
MLP,5,0,0,0.07972256929240565
MLP,5,0,0,0.1255652558389913
MLP,5,0,0,0.10121662726658677
MLP,5,0,0,0.14408188120711987
MLP,5,0,0,0.09361658490143124
MLP,5,0,0,0.20662122898704982
MLP,5,0,0,0.17906597072406738
MLP,5,1,0,0.1415345274792911
MLP,5,1,0,0.20176288587447289
MLP,5,0,0,0.21495250933556276
MLP,5,0,0,0.2360466835363628
MLP,5,1,0,0.11872362134628765
MLP,5,0,0,0.14715618453633866
MLP,5,0,0,0.12484712487504629
MLP,5,0,0,0.18400798344006178
MLP,5,0,0,0.16744089061528347
MLP,5,0,0,0.14081686426625892
MLP,5,0,0,0.1254564075272363
MLP,5,0,0,0.13310336159737945
MLP,5,0,0,0.30133458352701326
MLP,5,0,0,0.17406290085071904
MLP,5,0,0,0.2191003328437051
MLP,5,0,0,0.16885048710768832
MLP,5,0,0,0.17101841751078548
MLP,5,0,1,0.9999999998954101
MLP,5,0,0,0.38439890020177936
MLP,5,0,0,0.12860654143768607
MLP,5,0,0,0.12858921962640638
MLP,5,0,0,0.06294696534598884
MLP,5,0,0,0.3505420409943858
MLP,5,0,0,0.20481986871870184
MLP,5,1,0,0.2579358525597595
MLP,5,0,0,0.1288177091751675
MLP,5,0,0,0.1705039915319769
MLP,5,1,0,0.20190339082589218
MLP,5,0,0,0.4567282392132496
MLP,5,0,0,0.1644071417868911
MLP,5,0,0,0.18894131957726198
MLP,5,1,1,0.9999999922116473
MLP,5,1,0,0.2279566530693413
MLP,5,1,0,0.3136960015217968
MLP,5,0,0,0.095193883101718
MLP,5,0,0,0.18762235761814744
MLP,5,0,0,0.13163382753731845
MLP,5,0,0,0.11323943777176225
MLP,5,1,0,0.13959505476072925
MLP,5,1,0,0.2546235034217081
MLP,5,1,0,0.3093184556232451
MLP,5,0,0,0.1550799788890981
MLP,5,0,0,0.20379840597565066
MLP,5,1,0,0.1562864555741278
MLP,5,0,0,0.16262708500464415
MLP,5,0,0,0.11515210431053388
MLP,5,0,0,0.23997434736978573
MLP,5,0,0,0.22454140473931228
MLP,5,1,0,0.13388549849215262
MLP,5,0,0,0.12507053862099776
MLP,5,0,0,0.10816143776711136
MLP,5,1,0,0.19710214598546588
MLP,5,1,0,0.11591083792867776
MLP,5,0,0,0.06406897799576253
MLP,5,0,0,0.316681775923377
MLP,5,0,0,0.17452131075305063
MLP,5,0,0,0.33855453591739704
MLP,5,1,0,0.1449689241567113
MLP,5,1,0,0.22439808649610957
MLP,5,0,0,0.20005342784143343
MLP,5,0,0,0.2586621135928056
MLP,5,0,0,0.17244257228721988
MLP,5,0,0,0.08749642735753271
MLP,5,0,0,0.1187368754391374
MLP,5,1,0,0.21906950316004173
MLP,5,0,0,0.20019128024309074
MLP,5,1,0,0.4650969122272645
MLP,5,0,0,0.08988825726135018
MLP,5,0,0,0.10498847853659206
MLP,5,0,0,0.08433300941166909
MLP,5,0,0,0.08306265194304027
MLP,5,0,0,0.08312436238943662
MLP,5,0,0,0.0691593756238457
MLP,5,1,0,0.20397229467613517
MLP,5,0,0,0.11769014609243457
MLP,5,0,0,0.3137044064193408
MLP,5,0,0,0.16286949114742139
MLP,5,1,0,0.16452657359650671
MLP,5,0,0,0.18333579470871014
MLP,5,0,0,0.23809671840952332
MLP,5,0,0,0.21418444599226938
MLP,5,0,1,0.7238229206856324
MLP,5,0,0,0.14644658580834244
MLP,5,0,0,0.42227263224485184
MLP,5,0,0,0.18153658068297307
MLP,5,0,0,0.2795451903990435
MLP,5,0,0,0.12271735893747854
MLP,5,1,0,0.18182641326139448
MLP,5,0,0,0.16286438983020524
MLP,5,1,1,0.5174539692282203
MLP,5,0,0,0.3272637154305124
MLP,5,0,0,0.13494510519439987
MLP,5,1,0,0.18357128032519235
MLP,5,1,1,0.6895849831449105
MLP,5,0,0,0.13000538118070992
MLP,5,0,0,0.16366793339113409
MLP,5,0,0,0.1384819415012933
MLP,5,1,0,0.17831487600650323
MLP,5,0,0,0.0663974109944565
MLP,5,0,0,0.10305144760908393
MLP,5,0,0,0.1354063833739702
MLP,5,0,0,0.2529023900503756
MLP,5,0,0,0.10115355587126106
MLP,5,0,0,0.37165348680487365
MLP,5,0,0,0.1189901578468194
MLP,5,0,0,0.11240511118717549
MLP,5,0,0,0.07873672063445059
MLP,5,0,0,0.09810490076860114
MLP,5,0,0,0.23239941605962702
MLP,5,0,0,0.11133471186602126
MLP,5,0,0,0.1511796072533041
MLP,5,0,0,0.2739503343185706
MLP,5,0,0,0.25724894527301523
MLP,5,0,0,0.22133675692591623
MLP,5,0,0,0.26947715778241954
MLP,5,0,0,0.18233129001964152
MLP,5,1,0,0.2756121110835456
MLP,5,0,0,0.2868057284138496
MLP,5,0,0,0.11367104218340116
MLP,5,0,0,0.209722414521697
MLP,5,0,0,0.3246104259525272
MLP,5,0,0,0.22014296648182305
MLP,5,1,0,0.0908702384337473
MLP,5,0,0,0.06546874939215806
MLP,5,0,0,0.19426021424551784
MLP,5,0,0,0.06348420884037752
MLP,5,0,0,0.4768792577589515
MLP,5,0,0,0.07245360672133702
MLP,5,0,0,0.20109782589674208
MLP,5,0,0,0.1508859454856338
MLP,5,0,0,0.2407720818775477
MLP,5,0,0,0.18107047202297846
MLP,5,0,0,0.18100178219932997
MLP,5,0,0,0.2400623284072499
MLP,5,0,0,0.1972902347557795
MLP,5,0,0,0.07200101324479022
MLP,5,0,0,0.10811161960214609
MLP,5,0,0,0.13741122879722895
MLP,5,0,0,0.10766849816616049
MLP,5,0,0,0.2318441714472105
MLP,5,1,0,0.3703815315888357
MLP,5,1,0,0.28376021918981476
MLP,5,1,1,0.9958369643776417
MLP,5,1,0,0.17250001590548228
MLP,5,1,0,0.15004294077489239
MLP,5,1,0,0.10244916337594906
MLP,5,1,0,0.47268206634815846
MLP,5,1,0,0.16585584739660494
MLP,5,0,0,0.11626949230187231
MLP,5,0,0,0.14048523781226843
MLP,5,1,0,0.11268043003823881
MLP,5,1,0,0.1958981736033721
MLP,5,0,0,0.31364454764421107
MLP,5,0,0,0.05924755132824996
MLP,5,0,0,0.09506407994561478
MLP,5,0,0,0.23560458601677484
MLP,5,1,0,0.21246114088409898
MLP,5,1,0,0.2618859308943491
MLP,5,1,0,0.17832422474989687
MLP,5,0,0,0.39475873032508113
MLP,5,0,0,0.1077081472802274
MLP,5,0,0,0.11471897844180999
MLP,5,0,0,0.3420016291647481
MLP,5,0,0,0.21316444866955056
MLP,5,1,0,0.11917954406418797
MLP,5,0,0,0.1891009740686971
MLP,5,0,0,0.0830957222213089
MLP,5,0,0,0.2585712204748089
MLP,5,0,0,0.3750026495359369
MLP,5,0,0,0.12862831550628495
MLP,5,0,0,0.3513957765180565
MLP,5,1,0,0.16258416142650933
MLP,5,1,0,0.10432336582368847
MLP,5,0,0,0.1359590723991945
MLP,5,0,0,0.11397762764202722
MLP,5,0,0,0.14616208135746533
MLP,5,0,0,0.055531154106320875
MLP,5,0,0,0.20164959985503772
MLP,5,0,0,0.19128135117763398
MLP,5,0,0,0.39748769602818224
MLP,5,0,0,0.10239766329730256
MLP,5,0,0,0.1207743482237346
MLP,5,0,0,0.4740336067870431
MLP,5,0,0,0.2226398925582882
MLP,5,0,0,0.2244257399527731
MLP,5,0,0,0.2966882369269574
MLP,5,0,0,0.08556055045705604
MLP,5,0,0,0.1587616211178696
MLP,5,0,0,0.1126417295790248
MLP,5,0,0,0.07203127935671667
MLP,5,0,0,0.13039753732318707
MLP,5,1,0,0.16446892108394398
MLP,5,0,0,0.11915912491740832
MLP,5,0,0,0.12601458855984218
MLP,5,0,0,0.18800015548043617
MLP,5,0,0,0.2576322410566173
MLP,5,0,0,0.15681739794293129
MLP,5,0,0,0.22703907669067105
MLP,5,0,0,0.09327243863231263
MLP,5,0,0,0.27136861764980913
MLP,5,0,0,0.17789373331181998
MLP,5,0,1,0.8888817836699627
MLP,5,1,0,0.1937511345094325
MLP,5,0,0,0.10943298607205117
MLP,5,0,0,0.331149103177736
MLP,5,0,0,0.12133266829565158
MLP,5,0,0,0.23562173090302546
MLP,5,1,1,0.5001835946961787
MLP,5,0,0,0.4146764768707225
MLP,5,0,0,0.06600125087659584
MLP,5,1,0,0.09928539091953408
MLP,5,1,1,0.639527352076691
MLP,5,1,0,0.2861912988204113
MLP,5,0,0,0.1065311892184295
MLP,5,0,0,0.22313825028531503
MLP,5,0,0,0.3111002218084403
MLP,5,1,1,0.8396537903441563
MLP,5,1,0,0.24502302221056718
MLP,5,0,0,0.18989553480495167
MLP,5,1,0,0.21632478933761032
MLP,5,0,0,0.1308402774821321
MLP,5,0,0,0.14414881616438022
MLP,5,0,0,0.15714736920041297
MLP,5,0,0,0.14080211137589133
MLP,5,1,0,0.4435444684002932
MLP,5,0,0,0.17026124716583024
MLP,5,0,0,0.29540454757469303
MLP,5,0,0,0.22102902440644787
MLP,5,0,0,0.13071784571584705
MLP,5,0,0,0.09949790363714257
MLP,5,0,0,0.058928139005904115
MLP,5,0,1,0.6142380484881058
MLP,5,0,0,0.19719450398840846
MLP,5,0,0,0.14275045517970636
MLP,5,0,0,0.22075834245515702
MLP,5,1,0,0.43225740620727776
MLP,5,0,0,0.14633106460367293
MLP,5,1,0,0.3104028767613715
MLP,5,0,0,0.43372880827601834
MLP,5,0,0,0.2297804934197391
MLP,5,0,0,0.2906750459014516
MLP,5,0,0,0.11154803038962169
MLP,5,0,0,0.17220167199818567
MLP,5,0,0,0.12697333337225036
MLP,5,0,0,0.1764139595036322
MLP,5,0,0,0.11211076416366951
MLP,5,1,0,0.3370382366565352
MLP,5,0,0,0.08473564241888272
MLP,5,0,0,0.05919884763032826
MLP,5,0,0,0.3843669773538074
MLP,5,0,0,0.21515920331921126
MLP,5,1,0,0.3706554323433218
MLP,5,0,0,0.18135447409117975
MLP,5,1,0,0.22314445183089548
MLP,5,0,0,0.10161364791522341
MLP,5,0,0,0.20305410180424766
MLP,5,0,0,0.19033681540025346
MLP,5,0,0,0.10657819244116774
MLP,5,1,0,0.2038291549292959
MLP,5,0,0,0.12944545166812874
MLP,5,0,0,0.16063450992289635
MLP,5,0,0,0.24399067769669316
MLP,5,0,0,0.29921072287723516
MLP,5,0,0,0.2482343411710771
MLP,5,0,0,0.10526098851764931
MLP,5,0,0,0.32741789254797204
MLP,5,0,0,0.17951697633356564
MLP,5,0,0,0.16515867966603293
MLP,5,0,0,0.20299528187252502
MLP,5,0,0,0.1942917398949719
MLP,5,0,0,0.15318076514345816
MLP,5,0,0,0.3297293702327908
MLP,5,0,0,0.15473064098644035
MLP,5,0,0,0.1304758955795721
MLP,5,1,0,0.13551470971557156
MLP,5,1,0,0.35100978156665874
MLP,5,1,1,0.5047903760775281
MLP,5,0,0,0.2953597986649745
MLP,5,0,0,0.24294950727003142
MLP,5,0,0,0.11117728111416776
MLP,5,0,0,0.032098022576949284
MLP,5,0,0,0.1801716725784377
MLP,5,0,0,0.1108688628640408
MLP,5,1,0,0.20767858816836934
MLP,5,1,0,0.1863889834915658
MLP,5,1,0,0.3378385347222746
MLP,5,1,0,0.10151296783573548
MLP,5,0,0,0.43801263546250274
MLP,5,0,0,0.28668307037972207
MLP,5,0,0,0.43185966157163397
MLP,5,0,0,0.0901469266233221
MLP,5,0,0,0.08005684325589404
MLP,5,0,0,0.13094489655943006
MLP,5,0,0,0.12335898724175098
MLP,5,0,0,0.15978966224796962
MLP,5,0,0,0.12603350492658977
MLP,5,0,0,0.12144118665910786
MLP,5,1,0,0.25235024285996827
MLP,5,0,0,0.14894546296530378
MLP,5,0,0,0.31441643388211743
MLP,5,0,0,0.4596596885000094
MLP,5,1,0,0.4767691374039754
MLP,5,1,0,0.20132717705748834
MLP,5,0,0,0.14884970509113013
MLP,5,1,0,0.1767213201594485
MLP,5,1,0,0.1474677468262255
MLP,5,1,1,0.9886660304709205
MLP,5,1,0,0.33642957949493346
MLP,5,1,0,0.14866980951621994
MLP,5,1,1,0.5022123509904459
MLP,5,1,0,0.20688671974409373
MLP,5,0,0,0.12488421391687737
MLP,5,0,0,0.14704439503520284
MLP,5,0,0,0.11268651740521582
MLP,5,1,0,0.1939134970204686
MLP,5,1,0,0.270064165059827
MLP,5,1,0,0.1902158122295232
MLP,5,0,0,0.17019771247518634
MLP,5,0,0,0.2599626955792922
MLP,5,0,0,0.17173675931899957
MLP,5,0,0,0.11604978670578613
MLP,5,0,0,0.24287161184745126
MLP,5,0,1,0.6173305529455203
MLP,5,0,0,0.14903060224174272
MLP,5,0,0,0.20029933491435048
MLP,5,0,0,0.1646042345230486
MLP,5,0,0,0.11158905389477514
MLP,5,1,0,0.1148931645718651
MLP,5,0,0,0.259303905277465
MLP,5,0,0,0.12685693357894934
MLP,5,0,0,0.09529068074718475
MLP,5,0,0,0.4855298278263032
MLP,5,0,0,0.18966195373488268
MLP,5,0,0,0.1148982543511543
MLP,5,0,0,0.17889929653008757
MLP,5,0,0,0.39552614951092024
MLP,5,0,0,0.36760594192623613
MLP,5,0,1,0.6153947484171884
MLP,5,0,0,0.2032431479537595
MLP,5,0,0,0.14301904829584292
MLP,5,1,0,0.15577425264739753
MLP,5,0,0,0.14649568733150709
MLP,5,0,0,0.01336050748098112
MLP,5,0,0,0.17683880460196097
MLP,5,1,0,0.14680072406353883
MLP,5,0,0,0.1486078927011297
MLP,5,0,0,0.1414939556715928
MLP,5,0,0,0.09693906976837076
MLP,5,0,0,0.1579955414377481
MLP,5,0,0,0.14162488526416575
MLP,5,1,1,0.5381901930222451
MLP,5,1,0,0.21498004191454914
MLP,5,0,0,0.14585486072427992
MLP,5,0,0,0.18929479649591313
MLP,5,1,0,0.19419601700038863
MLP,5,1,0,0.29465230965269035
MLP,5,0,0,0.12132410890079781
MLP,5,0,0,0.1346114647997576
MLP,5,1,1,0.9957991097223139
MLP,5,1,1,0.528318211069536
MLP,5,0,0,0.25461941069329724
MLP,5,1,0,0.300989615867832
MLP,5,1,0,0.20231076142066143
MLP,5,0,0,0.308265075808328
MLP,5,0,0,0.193010327335045
MLP,5,0,0,0.11353751276019675
MLP,5,0,0,0.22408948987888774
MLP,5,1,1,0.5925229042959386
MLP,5,0,0,0.2519284922273436
MLP,5,0,0,0.35377015202276235
MLP,5,1,1,0.9955778258715562
MLP,5,0,0,0.11365530666900246
MLP,5,0,0,0.1815001101956319
MLP,5,0,0,0.30144265834189754
MLP,5,0,0,0.15688116844498956
MLP,5,0,0,0.11414285680867585
MLP,5,0,0,0.29433929726043356
MLP,5,0,0,0.3012205817404377
MLP,5,1,1,0.9999978751795902
MLP,5,1,0,0.19601269445234704
MLP,5,0,0,0.2368213684460638
MLP,5,0,0,0.08098629491351154
MLP,5,0,0,0.13826692869923377
MLP,5,1,0,0.017118437568221817
MLP,5,0,0,0.2535276737389866
MLP,5,0,0,0.10572440055174691
MLP,5,0,0,0.20725453260364077
MLP,5,0,0,0.13499986191167648
MLP,5,0,0,0.34007199155139306
MLP,5,0,0,0.11037609893785887
MLP,5,0,0,0.18591265306283
MLP,5,0,0,0.107621486646311
MLP,5,0,0,0.23227988760543997
MLP,5,0,0,0.3319905983974581
MLP,5,0,0,0.2299091671671366
MLP,5,0,0,0.06318959039322511
MLP,5,0,0,0.3990771287668004
MLP,5,0,0,0.25359924693474406
MLP,5,0,0,0.067319086232942
MLP,5,0,0,0.26347940314488394
MLP,5,0,0,0.1350755412269691
MLP,5,0,0,0.12708065515225234
MLP,5,1,0,0.2649215057422579
MLP,5,0,0,0.07426202575091095
MLP,5,0,0,0.012579872550302702
MLP,5,0,0,0.238662749769959
MLP,5,1,0,0.19804352287566207
MLP,5,0,0,0.11866791639008721
MLP,5,0,0,0.12743012394462994
MLP,5,1,0,0.09463178622648326
MLP,5,0,0,0.2339305768146897
MLP,5,0,0,0.38833271346633347
MLP,5,1,1,0.6242857592622171
MLP,5,0,0,0.2781211532741348
MLP,5,1,0,0.30915775696378606
MLP,5,0,0,0.08169975265845482
MLP,5,0,0,0.20719262905497124
MLP,5,0,0,0.34832117394746737
MLP,5,0,0,0.2512819656543858
MLP,5,0,0,0.13992177496342936
MLP,5,0,0,0.0688403894955853
MLP,5,0,0,0.09523812911705995
MLP,5,0,0,0.14578548302905722
MLP,5,0,0,0.16042824118828936
MLP,5,1,0,0.35218441449695487
MLP,5,0,0,0.19317431172480837
MLP,5,0,0,0.13428629360225694
MLP,5,1,1,0.6369499473960184
MLP,5,0,0,0.3324881406705964
MLP,5,0,0,0.29190697577501623
MLP,5,0,0,0.15286325831253814
MLP,5,0,0,0.09178093410607954
MLP,5,1,0,0.20994052789633935
MLP,5,0,0,0.2504102234469486
MLP,5,0,1,0.5323806216330341
MLP,5,0,0,0.31642806776248783
MLP,5,0,0,0.18599125801532032
MLP,5,0,1,0.5671463779043802
MLP,5,0,0,0.2909577591446929
MLP,5,0,0,0.41375818121957103
MLP,5,0,0,0.1833571876297209
MLP,5,0,0,0.23050049208809142
MLP,5,1,0,0.08971212697437857
MLP,5,0,0,0.09241952811395689
MLP,5,0,0,0.2038780437638556
MLP,5,0,0,0.20099345537707317
MLP,5,0,0,0.08187030843430874
MLP,5,0,0,0.08262105646310317
MLP,5,0,0,0.42595631388641997
MLP,5,0,0,0.18737584423013945
MLP,5,0,0,0.19127996757950258
MLP,5,0,0,0.146209289380385
MLP,5,0,0,0.1622339377687675
MLP,5,0,0,0.25570137986950364
MLP,5,0,0,0.07058297545989102
MLP,5,0,0,0.2474892122860072
MLP,5,0,0,0.1347445844287475
MLP,5,0,0,0.22502989146438632
MLP,5,0,0,0.10146978135355567
MLP,5,0,0,0.18146922019425227
MLP,5,0,0,0.15209146144462332
MLP,5,0,0,0.10218781854142955
MLP,5,0,0,0.21959935942335096
MLP,5,0,0,0.13570051806877842
MLP,5,0,0,0.23435976488617527
MLP,5,0,0,0.11096379810037267
MLP,5,1,1,0.6082484929100448
MLP,5,0,0,0.29478875324890585
MLP,5,0,1,0.5733717608259528
MLP,5,0,0,0.11680498185566135
MLP,5,0,0,0.11976968227207191
MLP,5,0,0,0.10379010270507116
MLP,5,1,1,0.6452569876344232
MLP,5,1,0,0.3156246945581946
MLP,5,0,0,0.12574536362147437
MLP,5,1,0,0.43417983918404235
MLP,5,1,0,0.17886458433691874
MLP,5,0,0,0.06269975859368968
MLP,5,0,0,0.1600061090056107
MLP,5,0,0,0.05990913730658318
MLP,5,1,0,0.23903234836836815
MLP,5,0,0,0.28513013557422273
MLP,5,1,1,0.9986427279708906
MLP,5,1,0,0.4063219573074203
MLP,5,0,0,0.07807754999932894
MLP,5,0,0,0.35360764602585226
MLP,5,0,0,0.1322207900356737
MLP,5,1,1,0.904122811303909
MLP,5,0,1,0.5988189888187777
MLP,5,0,0,0.2620031844360983
MLP,5,1,1,0.7484180602873322
MLP,5,0,0,0.10352339382109348
MLP,5,0,0,0.4149027798988971
MLP,5,0,0,0.04065998181601068
MLP,5,0,0,0.1538690331860302
MLP,5,0,0,0.2237118311625921
MLP,5,0,0,0.13679701943336026
MLP,5,0,0,0.13542122032549492
MLP,5,0,0,0.35400431341589944
MLP,5,1,0,0.1922915801641554
MLP,5,0,0,0.06612605128135472
MLP,5,1,0,0.19505102002218028
MLP,5,1,1,0.7386940228591269
MLP,5,0,0,0.30668849248535685
MLP,5,0,0,0.13034747424886087
MLP,5,0,0,0.16679750739616656
MLP,5,0,0,0.15923071816728648
MLP,5,0,0,0.2313201289218749
MLP,5,0,0,0.3307264131041613
MLP,5,0,0,0.13267372072573633
MLP,5,1,0,0.24307730229150967
MLP,5,0,0,0.08326811279759823
MLP,5,0,0,0.2473018097277286
MLP,5,0,0,0.1317161067543413
MLP,5,0,0,0.07445193909390573
MLP,5,0,0,0.18395947687498515
MLP,5,0,0,0.18635413491648062
MLP,5,0,0,0.2594354146593771
MLP,5,0,0,0.3248303394022482
MLP,5,0,0,0.14001568023767316
MLP,5,0,0,0.09702591417773465
MLP,5,0,0,0.10349586250379102
MLP,5,1,0,0.306013411526506
MLP,5,1,0,0.10085404267503532
MLP,5,0,0,0.15539501303048286
MLP,5,0,0,0.162948547502318
MLP,5,0,0,0.1089303824992485
MLP,5,0,0,0.2566351066884367
MLP,5,1,0,0.12876856649102925
MLP,5,0,0,0.22575374865850045
MLP,5,0,0,0.2488734745298617
MLP,5,0,0,0.1529716979382729
MLP,5,0,0,0.3059143706702854
MLP,5,0,0,0.22397336759801859
MLP,5,0,1,0.9158645997521743
MLP,5,0,0,0.35660573704151904
MLP,5,0,0,0.17088199140445406
MLP,5,0,0,0.08484785547971764
MLP,5,0,1,0.5487569782040398
MLP,5,0,0,0.1628560428864271
MLP,5,0,0,0.25925877361960464
MLP,5,0,0,0.21732197995443536
MLP,5,0,0,0.30117978149588914
MLP,5,0,0,0.17743350424529641
MLP,5,0,0,0.15761800772279233
MLP,5,0,0,0.17633243715583014
MLP,5,0,0,0.21029884406796598
MLP,5,0,0,0.07300775334749582
MLP,5,0,0,0.31160172376891104
MLP,5,0,0,0.13834550278643937
MLP,5,0,0,0.06070653432392306
MLP,5,0,0,0.23385104187136477
MLP,5,1,0,0.3004629511795244
MLP,5,1,0,0.1890022394839265
MLP,5,1,0,0.2767839116297632
MLP,5,0,0,0.2895150816925528
MLP,5,0,0,0.21551413413547083
MLP,5,1,0,0.1828025454282554
MLP,5,0,0,0.3281729396005966
MLP,5,0,0,0.12137711961000332
MLP,5,1,0,0.2734851883008398
MLP,5,0,0,0.1360873732713915
MLP,5,1,1,0.7146694021828911
MLP,5,0,0,0.2729609223946003
MLP,5,1,0,0.2987354944147123
MLP,5,1,0,0.09616580718599123
MLP,5,0,0,0.19017049646125944
MLP,5,1,0,0.3542119589140428
MLP,5,0,0,0.04083635016114494
MLP,5,0,0,0.25073515635666904
MLP,5,0,0,0.19652407891433074
MLP,5,0,0,0.12299190877687784
MLP,5,0,0,0.29418852001901385
MLP,5,0,0,0.20144128628654437
MLP,5,0,0,0.11484258038504941
MLP,5,1,0,0.3827866155263387
MLP,5,1,0,0.15445308319944112
MLP,5,0,0,0.24221151348411557
MLP,5,0,0,0.22299430752908359
MLP,5,0,0,0.23391233936683417
MLP,5,0,0,0.2700202915469434
MLP,5,0,0,0.0992981899427381
MLP,5,0,0,0.3660311231478746
MLP,5,0,0,0.15864294583980781
MLP,5,0,0,0.131252327358966
MLP,5,0,0,0.25056236619300076
MLP,5,0,0,0.23916676777215445
MLP,5,0,0,0.16216465414546619
MLP,5,0,0,0.206483378404841
MLP,5,0,0,0.28881910903088814
MLP,5,1,0,0.31552599009212307
MLP,5,0,0,0.1184712003124011
MLP,5,0,0,0.11762526756395028
MLP,5,0,0,0.280588593545667
MLP,5,0,0,0.1966305567874881
MLP,5,0,0,0.1715786624740122
MLP,5,0,0,0.2148239429815555
MLP,5,0,1,0.5798515691518356
MLP,5,1,0,0.18823944369656667
MLP,5,0,0,0.1983994451472037
MLP,5,0,0,0.16478724321621574
MLP,5,0,0,0.13757264657020551
MLP,5,0,0,0.126624903511249
MLP,5,0,0,0.22377844110655648
MLP,5,1,0,0.23042315678630382
MLP,5,1,0,0.1908107125675312
MLP,5,0,0,0.09155081616788655
MLP,5,0,0,0.14092591784396982
MLP,5,1,0,0.34447012795821275
MLP,5,0,0,0.39413046477770425
MLP,5,0,0,0.17893354745769596
MLP,5,0,0,0.18715495332418872
MLP,5,0,0,0.07887115669082946
MLP,5,1,0,0.37662142384693237
MLP,5,0,0,0.2213062371173269
MLP,5,0,0,0.24032180804873216
MLP,5,0,0,0.29928054339198246
MLP,5,1,0,0.3340699809613305
MLP,5,0,0,0.1423284590852965
MLP,5,0,0,0.3202394858328921
MLP,5,0,0,0.04533937327833995
MLP,5,0,0,0.25054793736480013
MLP,5,1,0,0.22702213228358578
MLP,5,0,0,0.0764970640776304
MLP,5,1,0,0.19727291375405712
MLP,5,1,0,0.18759446683676084
MLP,5,0,0,0.3610917067196084
MLP,5,0,0,0.12550912467139724
MLP,5,1,0,0.2876941593633721
MLP,5,0,0,0.248582874978978
MLP,5,0,0,0.09638618586043121
MLP,5,0,0,0.2005643509580846
MLP,5,0,0,0.03123781221187693
MLP,5,1,0,0.1723626649852288
MLP,5,0,0,0.12344774072673435
MLP,5,1,0,0.3825485831108045
MLP,5,1,0,0.4484047848031495
MLP,5,1,1,0.8468315876092918
MLP,5,0,0,0.35666997813402246
MLP,5,1,0,0.361048018436696
MLP,5,0,0,0.1722179460694345
MLP,5,0,0,0.16275357295735315
MLP,5,0,0,0.12277277871000968
MLP,5,1,0,0.43381299818162583
MLP,5,0,0,0.22430505023529237
MLP,5,1,0,0.20515210766002578
MLP,5,1,0,0.0923721140685332
MLP,5,0,0,0.1909471410783298
MLP,5,0,0,0.11554344948199458
MLP,5,0,0,0.19942542515186948
MLP,5,0,0,0.05378845395728744
MLP,5,1,0,0.14621021241372026
MLP,5,1,1,0.592064369249482
MLP,5,0,0,0.08282227076859264
MLP,5,0,0,0.3730842129482357
MLP,5,1,0,0.27320532629010297
MLP,5,0,0,0.09258534447298301
MLP,5,0,0,0.135883166304095
MLP,5,0,0,0.23040428931387294
MLP,5,1,1,0.6226651900025584
MLP,5,0,0,0.14645794656132685
MLP,5,0,0,0.2813134838180729
MLP,5,0,0,0.2127717101928104
MLP,5,1,0,0.4498686278725616
MLP,5,1,1,0.7357309583114744
MLP,5,0,0,0.09767101148303783
MLP,5,1,1,0.7998564239381125
MLP,5,0,0,0.10705159423322763
MLP,5,0,0,0.1100913278007281
MLP,5,0,0,0.22282041591271348
MLP,5,0,0,0.0924639607195307
MLP,5,0,0,0.1463970087327751
MLP,5,0,0,0.21474234540104833
MLP,5,0,0,0.19174077707610293
MLP,5,0,0,0.4076196521241531
MLP,5,0,0,0.19498088788381773
MLP,5,0,0,0.17452712738945564
MLP,5,0,0,0.3263480957318731
MLP,5,1,0,0.13352771776541628
MLP,5,0,0,0.1164309784883497
MLP,5,0,0,0.26989179859922385
MLP,5,0,0,0.20607005361714967
MLP,5,0,0,0.10836013417960777
MLP,5,0,0,0.07143661626692484
MLP,5,0,0,0.18855097146176003
MLP,5,0,0,0.17670811139965473
MLP,5,0,0,0.300471296629513
MLP,5,0,0,0.1429009464392392
MLP,5,0,1,0.5735362242639659
MLP,5,1,0,0.2663351996695099
MLP,5,0,0,0.28610598001959264
MLP,5,1,0,0.4174972863785931
MLP,5,0,0,0.17990105752702673
MLP,5,0,0,0.23318614309348404
MLP,5,0,0,0.07148681407139777
MLP,5,0,0,0.3288206704294923
MLP,5,0,0,0.38915370925978726
MLP,5,0,0,0.17099026528108344
MLP,5,0,0,0.31887785708365585
MLP,5,0,1,0.9686601743297879
MLP,5,0,0,0.44366890845460627
MLP,5,0,0,0.2329557007024558
MLP,5,0,0,0.33611840923552616
MLP,5,0,0,0.2340283595750877
MLP,5,0,0,0.06715783834552685
MLP,5,0,0,0.033071495530894654
MLP,5,0,0,0.08881781541329757
MLP,5,1,0,0.09435122310232291
MLP,5,0,0,0.3465322246894171
MLP,5,1,0,0.151083046542315
MLP,5,0,0,0.14694349081627756
MLP,5,0,0,0.12602079275221695
MLP,5,0,0,0.4223194091619684
MLP,5,0,0,0.16967201759963413
MLP,5,1,0,0.13881189226342242
MLP,5,0,0,0.10123483191388
MLP,5,0,0,0.13204718278438562
MLP,5,0,0,0.08728515043764808
MLP,5,0,0,0.24793464580893157
MLP,5,0,0,0.11729010163506245
MLP,5,0,0,0.14922879968199113
MLP,5,0,0,0.37274761722198346
MLP,5,1,1,0.5853304417685969
MLP,5,0,0,0.2526349232105479
MLP,5,0,0,0.4511128656857557
MLP,5,0,0,0.15096329296699892
MLP,5,0,0,0.06095849253244039
MLP,5,1,0,0.2158375547203111
MLP,5,0,0,0.05214520166730531
MLP,5,1,0,0.11492568345877846
MLP,5,0,0,0.151083046542315
MLP,5,1,0,0.19615727578867928
MLP,5,0,0,0.1519425030446974
MLP,5,1,0,0.3272585934192066
MLP,5,0,0,0.38611677053297516
MLP,5,0,0,0.17731431915478635
MLP,5,0,0,0.17334807735851676
MLP,5,1,0,0.1723832220166587
MLP,5,0,0,0.3045515141143658
MLP,5,1,0,0.22901470051481598
MLP,5,0,0,0.10200805062307249
MLP,5,1,0,0.23339605673344652
MLP,5,0,0,0.13286158830073305
MLP,5,0,0,0.26474483537080523
MLP,5,1,0,0.16330181427739823
MLP,5,0,0,0.23342896828734938
MLP,5,0,0,0.18956545108470058
MLP,5,1,1,0.565599937723058
MLP,5,0,0,0.2612293499721273
MLP,5,1,0,0.1465805603648449
MLP,5,1,0,0.09235040742835872
MLP,5,0,0,0.43193821261367177
MLP,5,0,0,0.2393464651431576
MLP,5,0,0,0.1056499700692391
MLP,5,0,1,0.5034786879367326
MLP,5,0,0,0.1513876995644085
MLP,5,0,0,0.13650085115132735
MLP,5,0,1,0.6923662614716292
MLP,5,0,0,0.1741869148749468
MLP,5,0,0,0.19157989135774797
MLP,5,0,0,0.2563321672252423
MLP,5,1,0,0.1932984125325079
MLP,5,1,0,0.1378682545434766
MLP,5,0,0,0.12270067110683315
MLP,5,0,0,0.28421157962691274
MLP,5,0,0,0.17409693307158663
MLP,5,0,0,0.1985017106539316
MLP,5,0,0,0.20580140293952012
MLP,5,1,0,0.44139525841767363
MLP,5,0,1,0.5287711982982418
MLP,5,0,0,0.19741995578947283
MLP,5,0,0,0.08279771385929716
MLP,5,1,0,0.24527376974325815
MLP,5,0,0,0.20001665357074966
MLP,5,0,0,0.29105889017599773
MLP,5,0,0,0.07678488738085658
MLP,5,0,0,0.11259406480842275
MLP,5,0,0,0.08825038934840432
MLP,5,1,0,0.3963587366658704
MLP,5,0,0,0.3060393550934173
MLP,5,0,0,0.1849690857696249
MLP,5,1,1,0.565589202291466
MLP,5,0,0,0.12360131553199852
MLP,5,0,0,0.463459888039879
MLP,5,1,0,0.3133027392961026
MLP,5,0,0,0.4043345995283295
MLP,5,0,0,0.09133189514403096
MLP,5,1,0,0.19349484133051434
MLP,5,0,0,0.2019884263260106
MLP,5,0,0,0.13323977612778076
MLP,5,0,0,0.23380039787604132
MLP,5,0,0,0.14387076446693728
MLP,5,1,0,0.35919763743269684
MLP,5,0,0,0.08819305077294838
MLP,5,0,0,0.29067413157997785
MLP,5,0,0,0.18192200915910606
MLP,5,0,0,0.1981313556976192
MLP,5,0,0,0.1141342244691396
MLP,5,0,0,0.16643136422062768
MLP,5,1,0,0.21718686658868078
MLP,5,0,0,0.10583920321572449
MLP,5,1,0,0.37125095957656634
MLP,5,1,0,0.03735353071938384
MLP,5,0,0,0.18228249496910576
MLP,5,1,0,0.13696021767899855
MLP,5,0,0,0.20586854156020998
MLP,5,0,0,0.28934954344956676
MLP,5,1,0,0.19108268556323157
MLP,5,0,0,0.10934661894888964
MLP,5,0,1,0.5222498990199141
MLP,5,0,1,0.6113430101062476
MLP,5,0,0,0.21737637666684975
MLP,5,0,0,0.10800016169294936
MLP,5,0,0,0.19704724585521236
MLP,5,1,0,0.4261360186490006
MLP,5,0,0,0.20739057341261427
MLP,5,0,0,0.28621067830983893
MLP,5,0,0,0.11951117830916941
MLP,5,0,0,0.12066795812186637
MLP,5,1,0,0.09880802958926987
MLP,5,1,0,0.11423331033859088
MLP,5,1,1,0.5958879409106584
MLP,5,1,0,0.13650407747378954
MLP,5,0,0,0.13379546736520018
MLP,5,1,0,0.26249839609104264
MLP,5,1,0,0.2355932771754633
MLP,5,0,0,0.12144639520029388
MLP,5,0,0,0.17063155763354787
MLP,5,0,0,0.06773956339192896
MLP,5,0,0,0.18707864715847905
MLP,5,1,0,0.26475337906876184
MLP,5,0,0,0.14744871829329317
MLP,5,1,0,0.31315053738127824
MLP,5,0,0,0.1773243585329945
MLP,5,0,0,0.2745644425529268
MLP,5,0,0,0.13935530447762148
MLP,5,0,0,0.3109575301772664
MLP,5,1,0,0.2393197804811451
MLP,5,0,0,0.11696947059503836
MLP,5,0,0,0.21523301273064496
MLP,5,0,0,0.1668267472755007
MLP,5,0,0,0.26049540697983237
MLP,5,0,0,0.21824520514989051
MLP,5,0,0,0.1685927083633204
MLP,5,0,0,0.21897202112346306
MLP,5,1,0,0.41126189846403555
MLP,5,0,0,0.057782259622435043
MLP,5,0,0,0.198899038795842
MLP,5,0,1,0.6253034187156984
MLP,5,0,0,0.20076208121653977
MLP,5,0,0,0.2408904365595211
MLP,5,0,0,0.36921329992239055
MLP,5,0,0,0.0791237077532333
MLP,5,1,0,0.21858645063938983
MLP,5,1,0,0.16741877632812363
MLP,5,0,0,0.2798209047150695
MLP,5,1,0,0.3659424568988183
MLP,5,1,0,0.4004286741668053
MLP,5,0,0,0.09439333267025073
MLP,5,0,0,0.18597152560244276
MLP,5,1,0,0.24185376974002654
MLP,5,0,0,0.23243493835204757
MLP,5,0,0,0.09055973774588803
MLP,5,0,0,0.09207448354323641
MLP,5,0,0,0.13093275005078805
MLP,5,0,0,0.2131217145008893
MLP,5,0,0,0.23063237186087984
MLP,5,1,0,0.03517940884312127
MLP,5,0,0,0.10043171057631084
MLP,5,0,0,0.15475585050231871
MLP,5,0,0,0.2578357807377577
MLP,5,0,0,0.16405900903347517
MLP,5,0,0,0.47797767977516575
MLP,5,1,0,0.2253782594847996
MLP,5,0,0,0.1294959333604267
MLP,5,0,0,0.21403372136210969
MLP,5,0,0,0.39095381920910816
MLP,5,0,0,0.10665269618454125
MLP,5,0,0,0.23599090650905746
MLP,5,0,0,0.13087940602957407
MLP,5,0,0,0.10984465347084191
MLP,5,1,1,0.5246472604273518
MLP,5,0,0,0.1319866822266343
MLP,5,1,0,0.18167165933683568
MLP,5,0,0,0.31781459437914406
MLP,5,1,0,0.2406889136402669
MLP,5,0,0,0.21212947009251465
MLP,5,0,0,0.15415807000930817
MLP,5,0,0,0.1185650869907739
MLP,5,0,0,0.03024619545941684
MLP,5,1,0,0.26079377221685607
MLP,5,0,0,0.13497705994014617
MLP,5,0,0,0.33587534458194035
MLP,5,0,1,0.5209151962195692
MLP,5,0,0,0.148102575573232
MLP,5,0,0,0.21112713319472232
MLP,5,0,0,0.34184917772198636
MLP,5,0,0,0.17236838806049673
MLP,5,1,1,0.6737262230979869
MLP,5,0,0,0.1441027751760786
MLP,5,0,0,0.22104090554605665
MLP,5,0,0,0.3671470468942962
MLP,5,0,0,0.14890451546852368
MLP,5,0,0,0.07713859509078383
MLP,5,0,0,0.0860364319605768
MLP,5,0,0,0.06829482559036307
MLP,5,0,0,0.2862078733813345
MLP,5,0,0,0.40173140733739265
MLP,5,1,0,0.24000643308689437
MLP,5,0,0,0.12569609032465895
MLP,5,0,1,0.5505749105625183
MLP,5,1,0,0.1581131952289345
MLP,5,0,0,0.07469096793665525
MLP,5,1,1,0.7277090291755007
MLP,5,1,0,0.289123092254815
MLP,5,0,0,0.17019430113728934
MLP,5,0,1,0.6832231006307855
MLP,5,1,0,0.0844307034502254
MLP,5,1,1,0.6874712167700571
MLP,5,0,0,0.11889615497811327
MLP,5,0,0,0.2596171760190976
MLP,5,1,0,0.13702356310723476
MLP,5,0,0,0.2827659445242239
MLP,5,0,0,0.09324377578818624
MLP,5,0,0,0.2582877343523172
MLP,5,1,0,0.25225126898196776
MLP,5,0,0,0.2518114157672564
MLP,5,0,0,0.271009856816189
MLP,5,0,0,0.34106613760596044
MLP,5,0,0,0.15176686267869774
MLP,5,0,0,0.16913781993250276
MLP,5,0,0,0.28672092291784457
MLP,5,1,0,0.22682367033886172
MLP,5,0,0,0.2566764272121762
MLP,5,0,0,0.17927292779195877
MLP,5,0,0,0.13803956657246738
MLP,5,0,0,0.2523448212327241
MLP,5,1,1,0.5135187002295807
MLP,5,0,0,0.250422231146581
MLP,5,0,0,0.18973915307209116
MLP,5,0,0,0.10361275173130448
MLP,5,0,0,0.28392272583021455
MLP,5,1,0,0.25196807045508357
MLP,5,0,0,0.17542093374271145
MLP,5,0,0,0.28422859672636247
MLP,5,0,0,0.1737788405242991
MLP,5,0,0,0.1755573108198761
MLP,5,1,0,0.16433438194578182
MLP,5,1,1,0.5389747715436711
MLP,5,0,0,0.06193740722993815
MLP,5,0,0,0.08358997145268217
MLP,5,0,0,0.18432495695140275
MLP,5,0,0,0.15023161471477214
MLP,5,1,0,0.28112408245661286
MLP,5,0,0,0.1299533366476781
MLP,5,1,0,0.33837103370087923
MLP,5,0,0,0.2581162801540608
MLP,5,0,0,0.08614193438055126
MLP,5,0,0,0.2959005645043384
MLP,5,1,0,0.12210038713926154
MLP,5,0,0,0.1131483867364
MLP,5,0,0,0.18104878728776508
MLP,5,1,1,0.611011675365712
MLP,5,0,0,0.09657616960546
MLP,5,1,0,0.40399333453366193
MLP,5,0,0,0.4425546239139142
MLP,5,0,0,0.32918388562783757
MLP,5,1,0,0.23574072504711707
MLP,5,0,0,0.11999997717232322
MLP,5,0,0,0.10463946608222069
MLP,5,1,0,0.15563223334014314
MLP,5,0,0,0.29805283286389334
MLP,5,0,0,0.10861655854136498
MLP,5,0,0,0.4035200990212029
MLP,5,0,0,0.15627974067820002
MLP,5,0,0,0.24968018315307322
MLP,5,0,0,0.22831901744878
MLP,5,1,0,0.1916867510936928
MLP,5,0,0,0.2821953862276524
MLP,5,0,0,0.11921153153980266
MLP,5,0,0,0.14005709073075795
MLP,5,0,0,0.13206221510739702
MLP,5,0,0,0.23567159711890937
MLP,5,0,0,0.19076548668357518
MLP,5,0,0,0.387590647730977
MLP,5,0,0,0.04789324155153177
MLP,5,0,0,0.12517927895669229
MLP,5,0,0,0.17689801014384332
MLP,5,0,1,0.5478230669661931
MLP,5,0,0,0.29952014151649986
MLP,5,0,0,0.3260134303948444
MLP,5,0,0,0.23275875128858048
MLP,5,0,0,0.10706300709698632
MLP,5,0,0,0.3038113102285971
MLP,5,0,0,0.14159090225095397
MLP,5,1,0,0.2573612081293652
MLP,5,0,0,0.3119563703854148
MLP,5,0,0,0.1844678240601364
MLP,5,0,0,0.2437867632836382
MLP,5,0,0,0.039663233182985036
MLP,5,1,0,0.49962111111290947
MLP,5,0,0,0.06736455322557001
MLP,5,1,0,0.35606552201338115
MLP,5,0,0,0.48536066217710594
MLP,5,0,0,0.06427328443586251
MLP,5,1,0,0.10641918002590547
MLP,5,0,1,0.6141863628802355
MLP,5,0,0,0.34126943626779405
MLP,5,0,0,0.12884148008247054
MLP,5,0,0,0.35249636269366047
MLP,5,0,0,0.20760569629418354
MLP,5,0,0,0.09999054638036212
MLP,5,0,0,0.30305137981391483
MLP,5,1,0,0.28676811124751855
MLP,5,1,0,0.11747539715936003
MLP,5,0,0,0.1435010792529027
MLP,5,0,0,0.16934738478981617
MLP,5,0,0,0.08159303326538452
MLP,5,0,0,0.030040697450891506
MLP,5,0,0,0.11345774877074269
MLP,5,0,0,0.15543926151086945
MLP,5,0,0,0.23900266887108412
MLP,5,0,0,0.044873653724694776
MLP,5,0,0,0.20949223824916854
MLP,5,0,0,0.12640914669362743
MLP,5,0,0,0.1832486839763713
MLP,5,1,0,0.4048529042567706
MLP,5,0,0,0.17750048773333554
MLP,5,0,0,0.034889257557591556
MLP,5,0,0,0.4498100768161464
MLP,5,0,0,0.27446404657852114
MLP,5,0,0,0.08315118652055419
MLP,5,1,0,0.2103747231780788
MLP,5,0,0,0.2552745057301527
MLP,5,0,1,0.5774990400299475
MLP,5,1,0,0.3207964169522653
MLP,5,0,0,0.0668879205657525
MLP,5,0,0,0.17573936929480402
MLP,5,0,0,0.17949750910502782
MLP,5,0,0,0.24060167783721512
MLP,5,1,0,0.10844937479761459
MLP,5,0,0,0.29945165656896017
MLP,5,0,0,0.043610413219816256
MLP,5,0,0,0.16789923291236056
MLP,5,1,0,0.24497446461144654
MLP,5,0,0,0.13516258126673486
MLP,5,1,0,0.4496863347936828
MLP,5,0,0,0.18336597715934555
MLP,5,0,0,0.11095180568732012
MLP,5,0,0,0.3507727900596188
MLP,5,0,0,0.22544507061402155
MLP,5,0,0,0.2565679086413837
MLP,5,0,0,0.13177823113007522
MLP,5,0,0,0.1026137711747967
MLP,5,0,0,0.21869275365165639
MLP,5,0,0,0.16478715592326512
MLP,5,0,0,0.21114975401818445
MLP,5,0,0,0.22638022989098627
MLP,5,1,0,0.3786713933765789
MLP,5,0,0,0.16337815704196815
MLP,5,0,0,0.15415685087723818
MLP,5,0,0,0.13267541043275127
MLP,5,0,0,0.17457921541914245
MLP,5,1,0,0.3821629124570296
MLP,5,0,0,0.20364361144381435
MLP,5,0,0,0.36443901454959754
MLP,5,0,0,0.23368349911292965
MLP,5,0,0,0.26888671973874867
MLP,5,0,0,0.10459944831663522
MLP,5,1,1,0.6556691902968999
MLP,5,0,0,0.09461919110082488
MLP,5,0,0,0.3205609867217177
MLP,5,0,0,0.200209239008661
MLP,5,0,0,0.17195168502781827
MLP,5,0,0,0.23565254020600068
MLP,5,0,0,0.18327881849501512
MLP,5,0,0,0.196026544119189
MLP,5,0,0,0.4005490436157742
MLP,5,0,0,0.12853531700570361
MLP,5,0,0,0.18454763416651015
MLP,5,0,0,0.23236331668748866
MLP,5,0,0,0.22598985230235913
MLP,5,0,0,0.15094369678862096
MLP,5,0,0,0.14035744112575993
MLP,5,1,0,0.19206677484431378
MLP,5,1,0,0.12119067047178748
MLP,5,1,0,0.070455087384804
MLP,5,0,0,0.2297655577694048
MLP,5,0,0,0.17758269798888138
MLP,5,0,0,0.08949633516348822
MLP,5,0,0,0.11247685403144128
MLP,5,0,0,0.3208500578672744
MLP,5,1,1,0.7014663851510753
MLP,5,1,0,0.3780817921602839
MLP,5,0,0,0.1623395497869132
MLP,5,1,0,0.2459647798518171
MLP,5,0,0,0.15631660452439677
MLP,5,0,0,0.12426276292127929
MLP,5,1,1,0.6496570718913691
MLP,5,0,0,0.2689909919011743
MLP,5,0,0,0.21545871787450058
MLP,5,0,0,0.2945652555494263
MLP,5,1,0,0.23682854140167112
MLP,5,0,0,0.19083767329152693
MLP,5,0,0,0.0699004724985942
MLP,5,0,0,0.24442068371535897
MLP,5,0,0,0.10634949302964507
MLP,5,0,0,0.14458722184065667
MLP,5,1,1,0.6983452029309297
MLP,5,0,0,0.29569072667951557
MLP,5,0,0,0.20640795706865073
MLP,5,1,0,0.17117016164566562
MLP,5,0,0,0.05252799918154294
MLP,5,1,0,0.22473283410905392
MLP,5,0,0,0.1574547141000974
MLP,5,0,0,0.2439274363582596
MLP,5,0,0,0.22606768629403365
MLP,5,0,0,0.34809118697695857
MLP,5,0,0,0.11242980480491573
MLP,5,0,0,0.13485055911230623
MLP,5,0,1,0.999904079949104
MLP,5,1,0,0.30969471754303335
MLP,5,0,0,0.13633892525232424
MLP,5,0,0,0.2932627908359453
MLP,5,1,0,0.26871111194363817
MLP,5,0,0,0.13321915717358446
MLP,5,1,0,0.4416509557782933
MLP,5,0,0,0.2156576226926451
MLP,5,0,0,0.17807338915906953
MLP,5,0,0,0.40044896018215115
MLP,5,0,0,0.1324376353608499
MLP,5,0,0,0.10179057846263638
MLP,5,0,0,0.15148458688910382
MLP,5,1,0,0.39184616646426573
MLP,5,0,0,0.09166947046714098
MLP,5,1,0,0.360632005338211
MLP,5,0,0,0.27417503134402643
MLP,5,0,0,0.3685293158242087
MLP,5,1,0,0.10984211178983182
MLP,5,1,0,0.09852414117267064
MLP,5,0,1,0.676052978994586
MLP,5,0,0,0.11166309384660454
MLP,5,0,0,0.22192526162355455
MLP,5,1,0,0.30589846355963235
MLP,5,0,0,0.10954453614809735
MLP,5,0,0,0.08781234163356555
MLP,5,0,0,0.11438014634720112
MLP,5,0,0,0.3640043324186595
MLP,5,0,0,0.1143265646906009
MLP,5,1,0,0.3286379984873121
MLP,5,1,0,0.4775747817506643
MLP,5,0,0,0.35467993314725743
MLP,5,0,0,0.12234732605528799
MLP,5,0,0,0.12336090770837856
MLP,5,1,1,0.5955303035063362
MLP,5,0,0,0.1491428839684984
MLP,5,0,0,0.22483318112238432
MLP,5,0,0,0.22682973756855082
MLP,5,0,0,0.26158169805352305
MLP,5,1,0,0.3839848311995763
MLP,5,0,0,0.13247524502290156
MLP,5,0,0,0.07827526495846453
MLP,5,0,0,0.0252128192867058
MLP,5,0,0,0.07077688460242974
MLP,5,0,0,0.19779424174758278
MLP,5,0,0,0.16267094018349257
MLP,5,0,1,0.7941182785107209
MLP,5,0,0,0.17320595824077703
MLP,5,0,0,0.24904964828968337
MLP,5,0,0,0.17470456250936686
MLP,5,0,0,0.07698051259187222
MLP,5,0,0,0.27578591800257835
MLP,5,0,0,0.14745959449508728
MLP,5,1,0,0.059307046713197045
MLP,5,0,0,0.1320583134481909
MLP,5,0,0,0.1263921006715066
MLP,5,1,0,0.4736334908763885
MLP,5,0,0,0.26792098005407017
MLP,5,1,0,0.2873715648364613
MLP,5,0,0,0.20864244681845306
MLP,5,0,0,0.13323285187285042
MLP,5,0,0,0.2061462477614739
MLP,5,0,0,0.27864656874708593
MLP,5,1,0,0.2740114761410163
MLP,5,0,0,0.19261326030096573
MLP,5,1,0,0.22156140730418022
MLP,5,0,0,0.02750261165025332
MLP,5,1,0,0.387941102101966
MLP,5,0,0,0.3079497219301703
MLP,5,0,0,0.47070580630779457
MLP,5,0,0,0.3838461601573242
MLP,5,0,0,0.1453208562026804
MLP,5,0,0,0.05745993500372516
MLP,5,0,1,0.7887549543921663
MLP,5,1,0,0.3946032009609844
MLP,5,0,0,0.25339082193637275
MLP,5,1,0,0.34048878684183115
MLP,5,0,0,0.11745474136996442
MLP,5,0,0,0.10369240655739677
MLP,5,0,0,0.21939940871085994
MLP,5,0,0,0.08453662102652944
MLP,5,0,0,0.08823858606732694
MLP,5,0,0,0.06555335727636633
MLP,5,0,0,0.20374579841978221
MLP,5,0,0,0.1614401924744959
MLP,5,0,0,0.08846975143948105
MLP,5,0,0,0.09482147796447243
MLP,5,0,0,0.24987973942910582
MLP,5,0,0,0.27633924583367764
MLP,5,0,1,0.5878853566274007
MLP,5,0,0,0.08319141615525849
MLP,5,0,0,0.16286928887020877
MLP,5,0,0,0.2275077101216998
MLP,5,0,0,0.24181399985301802
MLP,5,0,0,0.12743441035695652
MLP,5,0,0,0.07133713095617142
MLP,5,0,0,0.2978247337285154
MLP,5,0,0,0.08059704166510516
MLP,5,0,0,0.22171333193080014
MLP,5,0,0,0.08289109579778445
MLP,5,0,0,0.2205824524489931
MLP,5,1,1,0.604588518748013
MLP,5,0,0,0.18751404316845732
MLP,5,0,0,0.08042294596743242
MLP,5,0,0,0.22835871854089476
MLP,5,0,0,0.16898540892888797
MLP,5,0,0,0.17793981209573062
MLP,5,0,0,0.2677658378174552
MLP,5,1,0,0.18604914440134343
MLP,5,0,0,0.14707453304662393
MLP,5,0,0,0.16302157336581755
MLP,5,0,0,0.21114775083735432
MLP,5,0,0,0.10168473928964279
MLP,5,0,0,0.17493508543975242
MLP,5,0,0,0.22406688042725767
MLP,5,0,0,0.16217545305546255
MLP,5,0,0,0.09534283714275792
MLP,5,0,0,0.2094462630782613
MLP,5,0,0,0.1193041603709842
MLP,5,0,0,0.24975801768796033
