loc,v_g,ev_g,iv_g,n,v,l,d,i,e,b,t,lOCode,lOComment,lOBlank,locCodeAndComment,uniq_Op,uniq_Opnd,total_Op,total_Opnd,branchCount,defects
27.99014265822356,1.6002297328248205,1.0,1.291261870501264,249.51139737604313,1345.4446552527122,0.16666666666666666,25.57508223213286,224.24077587545202,34409.85769687176,0.4484815517509041,1911.65876093732,19.593099860756492,7.168775981759531,1.5271006403192675,26.761875842516023,11.0,30.0,105.36093388583974,144.15046349020338,2.400344599237231,0
52.42581403115578,4.768803528114319,2.689287590456238,2.1431253020072845,145.41221550821535,840.680324593562,0.08,26.31048236513341,67.25442596748496,22118.704854933545,0.28022677486452063,1228.8169363851969,36.69806982180904,4.540550690577251,7.580620096551022,41.23862051238629,24.0,30.0,77.44346939828739,67.96874610992798,7.153205292171478,0
9.31296837997363,1.0,1.0,1.0,192.82263389755735,1058.9535790127436,0.1,24.011505561328438,105.89535790127437,25427.069751653147,0.3529845263375812,1412.6149862029527,6.51907786598154,2.404910444969485,1.2499543713440395,8.923988310951025,19.0,25.0,127.10693446655318,65.71569943100415,1.5,0
24.583469142329342,2.8937708923724577,1.4469022803444382,1.0,282.19593122180834,1616.3958466399056,0.125,37.79393876756693,202.0494808299882,61089.9656520581,0.5387986155466352,3393.8869806698945,17.208428399630538,4.5497642363601125,1.9583498373503283,21.75819263599065,15.0,37.0,90.70664146613592,191.48928975567244,4.340656338558686,0
4.808820486069344,1.0,1.0,1.0,186.7982917014386,1037.5877085972381,0.15384615384615385,17.845488874236413,159.62887824572894,18516.259909816465,0.34586256953241273,1028.6811061009148,3.3661743402485405,1.2559027061828314,0.2775591219656808,4.622077046431372,12.0,34.0,82.69960660172619,104.09868509971241,1.5,0
21.65469903218877,1.8722516969235747,1.4252611350604558,1.683782541831323,230.21085998866465,1318.6294937916568,0.07692307692307693,78.83429608236455,101.4330379839736,103953.22793650995,0.4395431645972189,5775.179329806108,15.158289322532138,3.4176621123304725,1.4506202956112488,18.57595143486261,25.0,27.0,53.6220367641681,176.58882322449656,2.808377545385362,0
22.339938413989643,1.6037675449918196,1.0,1.0,203.9669805304591,958.7344964746807,0.16666666666666666,38.58069473257038,159.7890827457801,36988.64293807423,0.3195781654915602,2054.9246076707905,15.637956889792749,3.2339321956659184,1.4005899592280928,18.87188908545867,11.0,14.0,98.74690398708533,105.22007654337376,2.405651317487729,0
158.62680846021206,23.604239618526968,23.286504872440975,17.677459288794818,293.15200631283864,1478.7742567226155,0.08333333333333333,86.98857868623206,123.23118806021796,128636.47079008957,0.49292475224087184,7146.470599449421,111.03876592214844,44.2196313096283,9.886951667521114,155.25839723177674,23.0,9.0,217.5097639769847,75.64224233585396,35.40635942779045,1
15.25977934741858,1.4557854236532315,1.0,1.1413343626761097,312.91444190569143,1891.3782125170937,0.07142857142857142,47.36965647130001,135.09844375122097,89593.9361842362,0.6304594041723646,4977.4408991242335,10.681845543193004,1.7211858677812655,1.554302662077316,12.40303141097427,27.0,38.0,176.06876765526914,136.84567425042226,2.1836781354798473,0
22.377397408818293,2.659048480471421,1.7339638118408127,2.166629829129961,230.4932218977666,1307.4555930455504,0.125,24.35315063177907,163.4319491306938,31840.663001800323,0.4358185310151835,1768.9257223222403,15.664178186172805,5.841688545528566,1.6690124627025567,21.50586673170137,15.0,35.0,113.59809886522707,116.89512303253953,3.9885727207071318,0
26.691727844766497,1.7097465480759144,1.1147056046087345,1.536338887070488,180.41152385872832,885.2596097617959,0.125,19.855799058726415,110.65745122022449,17577.536926236782,0.2950865365872653,976.5298292353768,18.684209491336546,4.564422740410596,2.2905231766380996,23.24863223174714,15.0,14.0,140.69992574127548,39.71159811745283,2.5646198221138716,0
11.637301912009082,1.1469604896302765,1.0,1.0,377.52462000223045,2152.0563384368374,0.06896551724137931,95.14351345101701,148.41767851288535,204754.20118341167,0.7173521128122792,11375.233399078426,8.146111338406357,2.0775360647396868,1.73338232641411,10.223647403146042,28.0,23.0,214.4214540862013,163.10316591602916,1.7204407344454147,0
7.667638807080481,1.0,1.0,1.0,355.9728178110798,2119.5320384087504,0.07692307692307693,93.06250311764444,163.04092603144235,197248.95693236162,0.7065106794695835,10958.2753851312,5.367347164956336,0.9746877818295725,0.9080893894838346,6.342034946785908,25.0,36.0,80.50780858285226,275.46500922822753,1.5,0
95.44723577411384,9.596791169948814,8.298080424850317,5.246708828413619,64.14590084370172,244.2262113070868,0.2222222222222222,7.508963862017121,54.27249140157484,1833.885794862272,0.08140873710236227,101.88254415901511,66.81306504187968,18.44618529645575,13.830119935976786,85.25925033833543,8.0,5.0,52.88245505067604,11.263445793025681,14.39518675492322,0
6.1897770510546835,1.0,1.0,1.0,167.6519261822998,747.6323005427939,0.15384615384615385,51.244369037727395,115.02035392966062,38311.94551354005,0.24921076684759796,2128.4414174188914,4.332843935738278,0.8127350524168675,0.3977281818348734,5.145578988155146,12.0,9.0,82.24464445275416,85.40728172954566,1.5,0
4.081637736892399,1.0,1.0,1.0,170.3314325254287,887.333654441995,0.06896551724137931,30.062918905746585,61.19542444427552,26675.839695829458,0.29577788481399836,1481.9910942127476,2.8571464158246793,0.24415276761321694,0.36005737696790574,3.1012991834378965,28.0,8.0,151.00527037173447,19.326162153694234,1.5,0
45.43662305838942,2.4490158653341183,2.0364144787629668,1.2643193703771578,181.84829084315575,874.2092760526075,0.25,21.101235608028546,218.55231901315187,18446.895904710138,0.29140309201753584,1024.8275502616743,31.805636140872593,5.361505678779254,4.792345137343568,37.167141819651846,7.0,20.0,55.24087719498448,126.60741364817127,3.6735237980011775,0
80.59026095828835,4.278986574750428,3.7267754988317123,3.295859245106719,461.17789542896037,2666.23530540108,0.07407407407407407,96.30290457382995,197.4989115111911,256766.20418741656,0.88874510180036,14264.789121523143,56.413182670801845,4.158035241114765,4.648108271741002,60.57121791191661,26.0,28.0,246.34833907195508,214.8295563570053,6.4184798621256425,1
11.685028545185963,1.0376150637726365,1.0,1.0,414.46876238072895,2289.3438878602287,0.07692307692307693,106.75896416629386,176.10337598924838,244407.98208839403,0.7631146292867429,13578.221227133,8.179519981630174,3.4422773307789742,0.5891444670917027,11.621797312409148,25.0,20.0,235.11370258135526,179.3550597993737,1.5564225956589546,1
11.902349466863683,1.0,1.0,1.0,79.91646256975488,295.7260522264569,0.2857142857142857,19.832645461009946,84.49315777898768,5865.02994739143,0.09857535074215229,325.8349970773017,8.331644626804577,3.468782670323974,1.393091846886669,11.80042729712855,6.0,6.0,33.64028982739834,46.276172742356536,1.5,0
28.192394171300563,1.475454859006068,1.0,1.0219077125754255,350.60771153419586,2079.3622456333333,0.06896551724137931,114.22404393097375,143.40429280229884,237513.1644936301,0.6931207485444444,13195.175805201672,19.734675919910394,4.194713184869217,3.219062589015001,23.92938910477961,28.0,32.0,81.36532226832918,269.2423892658667,2.213182288509102,1
8.589811467993185,1.0790638107358392,1.0,1.0,327.821328919507,1877.7344953601344,0.11764705882352941,36.705222800503385,220.90994063060404,68922.66301238452,0.6259114984533781,3829.0368340213627,6.012868027595229,1.9936326527893304,0.782350416505453,8.00650068038456,16.0,36.0,158.0596734671788,169.76165545232814,1.618595716103759,0
7.86124487753304,1.0,1.0,1.0,351.1884751248097,1893.719733094617,0.18181818181818182,41.26197315767734,344.3126787444758,78138.61279511398,0.631239911031539,4341.034044172999,5.502871414273128,1.072678848813812,0.7779834423287736,6.57555026308694,10.0,31.0,87.11184691567473,264.076628209135,1.5,0
57.71465374086368,4.555098873118866,4.137805050292659,3.455552811468356,81.36585920361443,403.1024394580046,0.2857142857142857,7.605846060702914,115.17212555942987,3065.9351012113993,0.13436747981933486,170.32972784507774,40.40025761860458,12.568709984313221,5.283447579866972,52.9689676029178,6.0,24.0,17.983808697756807,63.38205050585763,6.8326483096783,0
41.61902194044568,5.8270092712411925,3.4426377725729074,3.9288368243974556,490.6073074810327,2823.389862292665,0.07692307692307693,110.53402196446476,217.18383556097425,312080.6370529045,0.941129954097555,17337.813169605808,29.13331535831197,10.461253755278461,2.180857745830365,39.59456911359043,25.0,28.0,234.16837652347448,256.4389309575582,8.74051390686179,1
96.87201396212954,5.96866219551573,4.091341883836738,4.520554772495501,146.88767863016338,655.0355584715846,0.3333333333333333,15.013503551129153,218.34518615719486,9834.378683229004,0.21834518615719486,546.3543712905002,67.81040977349068,27.7721467367465,8.09241299010646,95.58255651023717,5.0,16.0,44.79585448248513,102.09182414767824,8.952993293273595,0
4.4677868991505605,1.0,1.0,1.0,431.40817554043525,2505.3403916406373,0.11764705882352941,66.59938084565961,294.74592842831026,166854.1188908888,0.8351134638802125,9269.673271716045,3.127450829405392,0.6704051356876267,0.30250592303113255,3.7978559650930186,16.0,39.0,98.41127131213723,332.99690422829804,1.5,0
10.99065114702527,1.0,1.0,1.0,382.87150285236214,2297.229017114173,0.07407407407407407,71.11896733753734,170.16511237882762,163376.55543498587,0.7657430057047243,9076.47530194366,7.693455802917688,2.7017712760608803,0.6577071500354625,10.395227078978568,26.0,37.0,174.98529063494527,207.88621221741684,1.5,0
28.14628782666051,3.9078409380392585,3.8782554612632087,2.6249581894256364,347.571343873548,2000.2339829680427,0.11764705882352941,55.6839995322466,235.32164505506384,111381.02817197624,0.6667446609893476,6187.834898443125,19.702401478662356,3.2785390695303995,4.100127261522742,22.980940548192756,16.0,37.0,83.07234609537667,264.4989977781714,5.8617614070588875,0
6.614438957379305,1.0,1.0,1.0,170.08424080653376,939.4708418438096,0.06666666666666667,84.76490227631919,62.63138945625397,79634.15410034184,0.31315694728126986,4424.119672241213,4.630107270165514,1.9683450906099416,0.7271647793492702,6.598452360775456,29.0,16.0,70.70470020671127,99.37954059982249,1.5,0
43.38114607946478,5.7554085777646495,4.009203805248324,3.8835680035158013,153.28214981480994,744.641770692644,0.09090909090909091,72.1468298490169,67.694706426604,53723.54312863284,0.24821392356421465,2984.6412849240464,30.36680225562534,2.4485359860746168,5.330051774792046,32.815338241699955,21.0,7.0,98.31313659651136,54.969013218298585,8.633112866646975,0
87.31764003336569,12.958052718998768,10.305784454868265,10.608238766684956,131.18478552420086,566.9712101788167,0.13333333333333333,15.476065828094182,75.59616135717556,8774.483771361589,0.1889904033929389,487.4713206311994,61.12234802335598,17.54055977062621,7.119563783076845,78.66290779398219,14.0,5.0,117.91958624297729,13.265199281223584,19.43707907849815,0
9.973887555785067,1.0,1.0,1.0,132.60534054194335,776.7995647471239,0.09523809523809523,24.174793910843917,73.9809109282975,18778.969387794976,0.2589331882490413,1043.2760770997209,6.981721289049546,2.1431540036287497,0.8908149040345512,9.124875292678297,20.0,37.0,40.74112368073646,91.86421686120688,1.5,0
21.037579285343554,3.073875362089118,1.6575193814394575,1.9936240442274882,144.3674363061903,734.4639676943183,0.1,35.26118939911972,73.44639676943183,25898.073071698305,0.24482132256477276,1438.7818373165726,14.726305499740487,4.670582203986017,1.5503096948874349,19.396887703726506,19.0,14.0,88.69187409705391,55.6755622091364,4.6108130431336765,0
115.20837302132648,10.247576194363436,7.9136751351897425,9.165508946028538,206.64143697570512,1183.6257136134734,0.1,30.20994287423166,118.36257136134735,35757.26519273472,0.39454190453782445,1986.5147329297065,80.64586111492854,9.22783292213325,6.87754437015111,89.87369403706178,19.0,33.0,98.52164142582339,108.11979554988173,15.371364291545154,0
174.01228323417558,15.408994837431562,13.169457910724342,11.618969193842444,297.44335599711724,1593.5682481826857,0.08333333333333333,97.47052767501131,132.7973540152238,155325.93803650976,0.5311894160608952,8629.218779806099,121.8085982639229,49.529541788067746,11.81598456194509,171.33814005199065,23.0,17.0,144.8807909405778,152.56256505653946,23.113492256147342,1
49.15416095360764,4.1308522985862215,2.411015945910723,2.335485919314828,209.800909282663,1058.3184730215216,0.11764705882352941,28.26324253262573,124.50805564959077,29911.511679765386,0.3527728243405072,1661.7506488758547,34.407912667525345,4.684186062812926,6.377821422207,39.09209873033827,16.0,16.0,149.74151890083334,60.05939038182967,6.196278447879332,0
40.940304087040055,4.263554412336695,3.7959101077882007,3.0886816841594866,472.05300641240444,2821.5929580566426,0.07142857142857142,128.71585186100882,201.54235414690302,363183.74120128446,0.9405309860188809,20176.87451118247,28.658212860928035,8.420943629321545,4.820908334064221,37.07915649024958,27.0,35.0,128.81073478304762,343.2422716293568,6.3953316185050415,1
7.210340371089698,1.0,1.0,1.0,142.78601276908884,707.3899376354732,0.08,48.293139437165365,56.59119501083786,34162.080894677616,0.23579664587849106,1897.8933830376454,5.047238259762788,0.7619095992987708,0.7548713540177644,5.809147859061559,24.0,6.0,114.61501476407571,28.17099800501313,1.5,0
30.90911983190214,3.2569294569182365,3.179124320138009,1.4243375785124466,363.9210792563358,2223.0208129744337,0.06666666666666667,48.87253626439189,148.2013875316289,108644.66529859096,0.7410069376581446,6035.814738810609,21.636383882331497,3.919403253604628,3.013916972731316,25.555787135936125,29.0,39.0,229.10028956146164,134.82078969487418,4.885394185377355,0
39.180728614259756,4.081475355120474,2.127310459879737,2.686064342241016,263.89908223260466,1353.6130806830622,0.25,28.071859692846935,338.40327017076555,37998.43647933722,0.4512043602276874,2111.024248852068,27.426510029981827,7.311697386311434,5.573201163954959,34.738207416293264,7.0,27.0,39.3242046898292,224.57487754277548,6.12221303268071,0
15.604445002502032,1.9691277433350316,1.2457944009137143,1.6873637951583695,186.8344535358259,925.6145603603367,0.2,31.226503558121017,185.12291207206735,28903.706362540674,0.3085381867867789,1605.7614645855929,10.923111501751421,2.4077401889742873,0.8937210993623105,13.330851690725709,9.0,21.0,34.1715472516787,152.6629062841472,2.9536916150025476,0
9.838157961770769,1.312065899125154,1.050672115320451,1.1250751375826276,308.81584291716894,1777.2004348740923,0.08333333333333333,66.6135541100214,148.1000362395077,118385.6373328389,0.5924001449580307,6576.979851824383,6.8867105732395375,0.8859890910701689,0.7679674105721339,7.772699664309706,23.0,30.0,129.2488709684156,179.56697194875335,1.9680988486877309,0
4.316490948888842,1.0,1.0,1.0,111.71031868343499,512.1876221071594,0.16666666666666666,32.71015037654379,85.36460368452657,16753.734140129567,0.17072920736905314,930.7630077849759,3.021543664222189,0.4002859059157452,0.36687490520559973,3.4218295701379344,11.0,12.0,34.39541779342239,77.3149008900126,1.5,0
2.4960869707196154,1.0,1.0,1.0,341.1466667651223,2006.844068058807,0.07692307692307693,94.06958436171973,154.37262061990822,188782.98736107475,0.668948022686269,10487.94374228193,1.7472608795037308,0.3857357879378503,0.32010463607788603,2.132996667441581,25.0,33.0,85.27739730124466,255.86926946387766,1.5,0
1.939712534522519,1.0,1.0,1.0,192.6593862844176,1051.8107451084063,0.14285714285714285,24.077077305704066,150.25867787262948,25324.528620945293,0.3506035817028021,1406.9182567191829,1.3577987741657633,0.46421344801150927,0.28950493166862923,1.8220122221772725,13.0,30.0,77.8302483649059,114.8291379195117,1.5,0
40.25889959768088,2.796479130005732,1.541581442005023,2.5095007103405673,198.45483815475532,932.825003519874,0.16666666666666666,51.18277948606354,155.470833919979,47744.576454244154,0.310941667839958,2652.476469680231,28.181229718376613,11.050712119812067,2.981857988857084,39.23194183818868,11.0,14.0,58.86543955640022,139.5893985983551,4.194718695008598,0
23.980456599679854,1.337264364284012,1.0122118138479885,1.1883877184968088,498.9632375032136,2858.0217341697326,0.08695652173913043,104.30496606669381,248.52362905823762,298105.86000044737,0.9526739113899109,16561.43666669152,16.7863196197759,1.7033777683949065,3.2956517380895978,18.489697388170804,22.0,30.0,205.0128785879856,293.950358915228,2.005896546426018,1
11.239413261295658,1.0,1.0,1.0,312.89221819293334,1737.9876269511544,0.2222222222222222,28.07169319481731,386.21947265581207,48788.25544016141,0.5793292089837181,2710.458635564523,7.86758928290696,1.6665349809873518,1.4955419099378908,9.534124263894311,8.0,38.0,39.19320954346452,273.6990086494688,1.5,0
13.494098513646643,1.0393798237521759,1.0,1.0,232.25623294627087,1244.324846406338,0.06666666666666667,47.80134728213243,82.95498976042254,59480.40411485547,0.4147749488021127,3304.4668952697484,9.44586895955265,1.012885803790467,0.9778598312420808,10.458754763343117,29.0,11.0,192.6964972645061,39.55973568176477,1.5590697356282637,0
25.856567997864335,3.791652085090522,3.664489292742804,2.764342236075103,186.58066497601502,887.1700720398029,0.10526315789473684,59.534607515602644,93.38632337261083,52817.32203847859,0.295723357346601,2934.295668804366,18.099597598505035,1.4000845508257205,2.325365401261598,19.499682149330756,18.0,8.0,127.04605746041237,59.534607515602644,5.687478127635783,0
16.48621067426926,1.7437610541592283,1.5933671734123902,1.1437240370370527,84.96843343704782,445.9081796084832,0.08695652173913043,26.581368740782004,38.774624313781146,11852.849746703941,0.14863605986949438,658.4916525946634,11.54034747198848,3.551618936005511,1.4997058567823471,15.091966407993992,22.0,15.0,46.30462435954672,38.6638090775011,2.6156415812388425,0
4.0202182170077005,1.0,1.0,1.0,169.1001472720707,939.2817928544906,0.14285714285714285,14.164696876034212,134.18311326492721,13304.641876961816,0.31309393095149685,739.1467709423231,2.8141527519053904,0.806505466205435,0.594276966036777,3.620658218110825,13.0,33.0,95.0078866897379,74.0922605823328,1.5,0
60.07538944986296,6.490951191765542,5.563805259649747,3.7183972482884644,203.38962350855184,1175.8685755012896,0.07692307692307693,49.07601255608399,90.45142888471459,57706.94097560588,0.3919561918337632,3205.941165311438,42.05277261490407,5.452128660043354,4.0904846148595,47.50490127494743,25.0,29.0,85.60719337395028,117.78243013460157,9.736426787648313,0
28.932091304233897,1.8493297324698788,1.3515975625924093,1.3035403427379213,200.6559665863971,1003.2798329319855,0.2857142857142857,16.445145155522685,286.6513808377101,16499.08248417505,0.3344266109773285,916.6156935652806,20.252463912963727,3.1377781239992277,3.758735703862681,23.390242036962952,6.0,25.0,58.13137523853384,142.52459134786326,2.7739945987048182,0
27.634864326062655,2.6088520927070395,2.5057952882207797,1.8432034890654894,201.78976433433633,1066.5400681563915,0.08,100.1972164845909,85.32320545251132,106864.34609855629,0.3555133560521305,5936.90811658646,19.344405028243855,1.5455333551636286,2.305280247796386,20.889938383407483,24.0,14.0,76.54324372859769,125.24652060573862,3.9132781390605595,0
54.87595333161074,6.180318206276058,5.236569485662817,3.2377053689683684,202.64845006220364,1022.2386497908852,0.1,68.96021720922231,102.22386497908853,70493.79932924158,0.34074621659696175,3916.3221849578654,38.413167332127514,14.19842864009176,6.754518365207614,52.61159597221928,19.0,13.0,101.02286680650761,101.62558325569603,9.270477309414087,0
7.5657052836919565,1.0,1.0,1.0,251.87703153971643,1340.4714506080472,0.16666666666666666,42.172911521323336,223.41190843467453,56531.58388335312,0.4468238168693491,3140.6435490751737,5.295993698584369,2.221840712306945,0.6960532116254439,7.517834410891314,11.0,28.0,29.51077079092066,222.36626074879575,1.5,0
86.18341219946964,7.771837408953499,7.23437950498147,3.1119542089596006,370.35382458408077,2150.7761061012197,0.11764705882352941,42.150784069559904,253.03248307073173,90656.89923024138,0.7169253687004066,5036.494401680076,60.32838853962875,7.227761883954998,9.293672396399522,67.55615042358374,16.0,39.0,159.59990423628125,210.75392034779952,11.65775611343025,0
16.9785125625813,2.5363323637525363,1.6157345028931152,1.5223464232932549,258.1424386664517,1471.5254103120421,0.15384615384615385,27.889757651197865,226.3885246633911,41040.48707118235,0.49050847010401405,2280.0270595101306,11.88495879380691,1.8314518343391417,2.2625765734461463,13.71641062814605,12.0,39.0,72.21072099179929,185.93171767465242,3.8044985456288045,0
58.34179059627735,8.053003481024307,7.27617413964815,5.754115685195907,237.80134491793672,1282.3003353612116,0.1,45.1468179004459,128.23003353612117,57891.779734233336,0.4274334451204039,3216.2099852351853,40.83925341739414,15.583231179295097,7.60873542951655,56.42248459668924,19.0,22.0,128.49852263264665,109.30282228529008,12.079505221536461,0
48.4890907758281,5.447293348329924,3.255413093069373,3.9126899474892216,374.1993570897366,2042.9158017694567,0.25,33.71758811475531,510.7289504423642,68882.19355718765,0.6809719339231523,3826.7885309548697,33.94236354307967,13.655301338695384,6.625661778485254,47.59766488177506,7.0,36.0,17.756282733751938,356.44307435598466,8.170940022494886,0
5.774419930321403,1.0,1.0,1.0,208.97876661387767,1160.7911272707877,0.10526315789473684,20.167590685778094,122.18853971271449,23410.360326480193,0.38693037575692923,1300.575573693344,4.042093951224982,0.8944971771631338,0.3231465436823356,4.936591128388116,18.0,28.0,143.9943077374816,64.98445887639608,1.5,0
36.725836011430005,4.115719300652813,2.7484988623960316,1.9145211982034753,318.5429428025073,1788.5261967266654,0.09090909090909091,90.47955118591834,162.59329061151504,161825.04756408618,0.5961753989088885,8990.28042022701,25.708085208001002,2.301079954333295,4.377905312827211,28.0091651623343,21.0,27.0,77.2641396400584,241.2788031624489,6.17357895097922,0
29.711364182056485,2.0836939440797977,2.0613207683450487,1.0,312.13399219305495,1714.1940314951714,0.2222222222222222,25.80092082906479,380.93200699892697,44227.78449226231,0.5713980104983905,2457.0991384590175,20.797954927439537,1.7781644882644143,1.9014898021699276,22.576119415703953,8.0,36.0,73.47547452420568,238.6585176688493,3.1255409161196965,0
20.829577857672117,1.8645341316665038,1.730788510193691,1.2707997065428838,168.24735038110083,889.2549190219645,0.08695652173913043,57.03355942464373,77.32651469756213,50717.373267695955,0.29641830634065486,2817.6318482053307,14.58070450037048,4.03026224830484,1.9076114166041278,18.61096674867532,22.0,16.0,80.10457672483327,88.14277365626758,2.7968011974997555,0
17.93499621523648,1.0,1.0,1.0,174.94106300017057,858.4166568212944,0.15384615384615385,44.21168060548619,132.06410104942992,37952.04305781231,0.28613888560709816,2108.4468365451285,12.554497350665535,2.658392883507847,1.8806429255346657,15.212890234173383,12.0,17.0,42.30602118371199,132.63504181645857,1.5,0
18.118401881473847,1.7675335161065675,1.526315355186836,1.0,177.4596700900139,917.4531851460673,0.2222222222222222,22.73149876396226,203.87848558801494,20855.08594414107,0.3058177283820224,1158.6158857856149,12.682881317031692,1.0357041435066345,1.635619677891771,13.718585460538327,8.0,27.0,18.339178742278072,159.12049134773582,2.6513002741598513,0
53.26222260678686,5.555380757510431,4.338954571927295,4.017004091655162,295.2934046002252,1526.6447552037246,0.2857142857142857,26.06341912349452,436.18421577249273,39789.58210755936,0.5088815850679081,2210.5323393088534,37.2835558247508,10.429440819162437,5.4306784049098775,47.712996643913236,6.0,29.0,34.65921336527997,260.6341912349452,8.333071136265646,0
40.18495277803671,2.924458877953615,2.8470932938030677,1.6760167267188772,424.206272232522,2394.159195280781,0.18181818181818182,44.87737269643908,435.30167186923296,107443.57450122229,0.7980530650935937,5969.087472290127,28.129466944625694,2.1227956136773107,6.01378390501621,30.252262558303006,10.0,39.0,65.18729066100931,359.01898157151265,4.386688316930423,0
20.83375734274292,3.0501221744621976,2.281886000449822,2.1370874849471226,248.37548911067717,1473.0497870041372,0.07407407407407407,67.86300564070109,109.11479903734349,99965.5860044953,0.49101659566804573,5553.643666916406,14.583630139920043,5.1426669457777185,1.323396337380262,19.726297085697762,26.0,34.0,65.6673970010973,182.70809210957987,4.575183261693296,0
3.35240039220312,1.0,1.0,1.0,203.36616300532984,1051.3878105686474,0.13333333333333333,28.161340434019117,140.18504140915297,29608.490061601682,0.35046260352288244,1644.9161145334267,2.3466802745421838,0.42444139836382905,0.3940599307403362,2.7711216729060126,14.0,21.0,114.85909306984118,88.50706993548866,1.5,0
36.35501275327523,4.443103291132851,2.583743066612278,1.785403551105216,206.74174851379934,1042.8868604288937,0.2222222222222222,25.87700209438809,231.75263565086524,26986.7854715283,0.3476289534762979,1499.2658595293499,25.44850892729266,2.1836456908692683,3.2574126559895977,27.63215461816193,8.0,24.0,45.01048542387377,161.73126308992556,6.664654936699277,0
47.86269270486034,4.9460666657908146,4.417346117447779,1.5406350757893157,430.74147220320896,2501.468608733644,0.07407407407407407,116.85626167933134,185.29397101730694,292312.27032481163,0.8338228695778813,16239.570573600646,33.50388489340224,9.433165024027705,3.029755348426692,42.937049917429945,26.0,29.0,161.07317602013666,269.6682961830723,7.419099998686222,1
317.50453526704,43.497142136411554,37.72167712056428,33.382384204505506,217.39197877430678,1220.5928832557847,0.08695652173913043,39.036855127591295,106.13851158745953,47648.10755342502,0.4068642944185949,2647.11708630139,222.253174686928,47.44187806022999,20.915190991847425,269.695052747158,22.0,26.0,121.57424346112815,95.81773531317864,65.24571320461733,1
73.0043972566009,4.604039423929454,3.1868125870402477,3.0654544164213893,202.0211271566754,1027.7749775570958,0.11764705882352941,52.7659801620594,120.91470324201127,54231.55407683876,0.3425916591856986,3012.864115379931,51.10307807962062,21.42314791917192,10.580330958166297,72.52622599879254,16.0,17.0,83.29767179204173,118.72345536463365,6.906059135894182,0
2.056464681587918,1.0,1.0,1.0,201.06981639981825,986.6275911529997,0.2857142857142857,20.275885062127973,281.8935974722856,20004.74763734241,0.3288758637176666,1111.374868741245,1.4395252771115425,0.38260456638095763,0.2837101752653569,1.8221298434925002,6.0,23.0,38.862735902794455,162.20708049702378,1.5,0
22.06770613149681,1.3788362107463046,1.267838053461641,1.1070579210627935,171.22537441339577,848.2841181634566,0.13333333333333333,51.81583929906422,113.10454908846087,43954.55354670607,0.2827613727211522,2441.9196414836706,15.447394292047765,2.6218596473244777,3.105018849712387,18.069253939372242,14.0,16.0,45.386907544239804,125.83846686915597,2.068254316119457,0
176.55810595384247,22.85033832849906,11.555621556726923,17.861802383284786,97.85185441511315,489.2592720755658,0.2222222222222222,11.7014090105693,108.72428268345905,5725.022854769602,0.16308642402518858,318.05682526497793,123.59067416768973,40.14220085514688,26.33422018681605,163.7328750228366,8.0,23.0,27.643400351697352,70.2084540634158,34.27550749274859,0
42.44710142298465,3.2929084650227516,2.8050637130989493,2.886405791126525,283.7227249052538,1455.294154377867,0.10526315789473684,65.44884466551565,153.18885835556495,95247.32105250997,0.485098051459289,5291.517836250554,29.712970996089254,5.003367213014151,3.0065935199152487,34.716338209103405,18.0,16.0,160.0971294259465,123.62559547930734,4.939362697534127,0
29.796251364103604,4.103213710315743,4.0421929927375135,2.550397811125819,311.91785609060787,1586.8705023834384,0.09523809523809523,86.09955867801904,151.13052403651793,136628.8499343804,0.5289568341278128,7590.491663021134,20.85737595487252,8.225577669476229,2.548888552284181,29.082953624348747,20.0,13.0,191.37847394138123,120.53938214922667,6.1548205654736154,0
59.16170104339706,8.54319866489793,6.14111316960556,5.066948741518524,132.55512965510374,656.7041342601688,0.1,29.934589917960192,65.67041342601688,19658.168956507223,0.21890137808672291,1092.1204975837345,41.41319073037794,8.500382350557368,6.917298670266568,49.91357308093531,19.0,11.0,94.74301607452244,37.8121135805813,12.814797997346897,0
9.5176328341668,1.0,1.0,1.0,174.80257980229385,959.9900891336425,0.15384615384615385,22.692925669184124,147.69078294363732,21784.983735863192,0.31999669637788086,1210.2768742146218,6.66234298391676,1.7842434135970697,0.9363471355714389,8.44658639751383,12.0,32.0,49.99148862178116,124.81109118051268,1.5,0
35.64853300033708,3.4317973075793144,2.925385871018452,1.3460010964928733,304.6168277684144,1586.8871586453806,0.10526315789473684,83.31200220410342,167.040753541619,132206.74645872737,0.5289623862151269,7344.819247707076,24.953973100235956,2.233140890168728,3.2739239587801694,27.187113990404683,18.0,18.0,128.73593422641827,175.8808935419961,5.147695961368972,0
14.871376917754072,2.2024321511093676,2.001050721330377,1.4174067931270915,262.96012771584594,1571.7862920769,0.07142857142857142,45.252580034496425,112.27044943406429,71127.3849793343,0.5239287640256334,3951.521387740794,10.40996384242785,2.3278212314496023,1.275683441315912,12.737785073877452,27.0,35.0,142.28658095718882,120.67354675865714,3.3036482266640514,0
19.618084453421726,1.9292570131044107,1.4917307662852288,1.0,267.09649169320255,1529.9074581115644,0.06666666666666667,122.77080954625156,101.99383054077096,187827.97716320472,0.5099691527038548,10434.88762017804,13.732659117395208,5.063248776925697,2.145788081098363,18.795907894320905,29.0,23.0,63.88963451320001,203.20685718000257,2.893885519656616,0
54.27943461527027,7.401258859314201,7.279268628786549,6.311678889945667,157.75510637883986,795.778930916187,0.15384615384615385,33.93270200905302,122.42752783325955,27002.929327861762,0.265259643638729,1500.1627404367646,37.99560423068919,13.646512144161044,5.83826031824837,51.64211637485023,12.0,20.0,38.990649347154275,118.76445703168557,11.1018882889713,0
6.605775069798875,1.0,1.0,1.0,228.99508312650823,1174.5805908446996,0.07692307692307693,44.75079669628593,90.35235314189997,52563.41722429456,0.39152686361489986,2920.189845794142,4.624042548859212,0.7007382394319026,0.4369441669984718,5.324780788291115,25.0,9.0,193.1944457694795,35.80063735702875,1.5,0
94.21495892112635,8.24691713170786,6.204962299688097,5.407537444110627,495.1017999026477,2924.5121657138,0.09523809523809523,87.41849229925589,278.52496816321906,255656.444237532,0.9748373885712668,14203.135790974,65.95047124478845,10.03575554310296,9.155242887382174,75.98622678789141,20.0,39.0,145.42783070562422,349.6739691970235,12.37037569756179,1
12.092986382010343,1.0,1.0,1.0,126.68412762081493,644.5007918471117,0.1111111111111111,44.49953632017059,71.61119909412352,28679.986395179254,0.21483359728237056,1593.3325775099586,8.46509046740724,3.075564821735363,1.2739619843537962,11.540655289142602,17.0,16.0,37.68505498047375,88.99907264034118,1.5,0
27.461784942650144,1.9311761294111804,1.7985434077792446,1.0,260.50472661188724,1484.9914903418887,0.08695652173913043,65.06046290761898,129.12969481233816,96614.23377551828,0.4949971634472962,5367.457431973238,19.2232494598551,7.760689578550374,2.9391989738368816,26.983939038405474,22.0,29.0,83.0671005001991,177.43762611168813,2.8967641941167708,0
3.74114026133883,1.0,1.0,1.0,194.97004296134,1070.7468341287647,0.1,44.52090007152134,107.07468341287648,47670.61280414457,0.3569156113762549,2648.3673780080317,2.618798182937181,0.2762466585501405,0.26566106092706987,2.8950448414873216,19.0,25.0,73.12336908138685,121.84667387995314,1.5,0
47.64628911225685,4.22403652978167,3.801640230351992,2.340120826880598,366.45593262969,2099.030432205635,0.07692307692307693,81.284546388368,161.46387940043346,170618.73653721507,0.6996768107352116,9478.818696511948,33.3524023785798,7.743220468505566,5.918962191113829,41.095622847085366,25.0,27.0,184.37854871974568,182.07738390994433,6.3360547946725045,1
113.95512415547581,11.524002085047279,8.94669978902409,4.041919581623412,126.57898007058121,710.7042454603551,0.06896551724137931,44.10921307573575,49.014085893817594,31348.604996840808,0.2369014151534517,1741.589166491156,79.76858690883307,15.31141727181511,5.984912805667851,95.08000418064819,28.0,20.0,60.415160456977574,66.16381961360364,17.28600312757092,0
10.83119223121042,1.0748068029820952,1.0,1.0,174.4689322982747,974.4024444267224,0.06666666666666667,70.45148676467771,64.96016296178149,68648.10091699884,0.32480081480890743,3813.783384277713,7.581834561847293,2.8992081201993254,0.9258848152750291,10.481042682046619,29.0,18.0,82.15319102042113,92.31574127785355,1.6122102044731428,0
5.300133114512762,1.0,1.0,1.0,484.2240378646343,2773.5967710760237,0.1111111111111111,80.61670353216623,308.1774190084471,223598.22861160932,0.9245322570253413,12422.123811756073,3.7100931801589327,0.37567994727124326,0.6785297452121799,4.085773127430176,17.0,35.0,142.78858761075378,341.4354502538805,1.5,0
28.03853117778917,3.828877737327035,3.570994702408435,3.177007052152942,81.15425200813188,367.1062869562488,0.14285714285714285,23.780644650412768,52.44375527946411,8730.024159039012,0.1223687623187496,485.001342168834,19.62697182445242,2.881841889602873,2.982999483684109,22.508813714055293,13.0,9.0,44.568644853650696,36.58560715448118,5.743316605990552,0
115.09671489286703,17.042823405907303,9.861601459697344,11.852043746586624,420.1192477303681,2471.4115725641755,0.1,67.18918684250974,247.14115725641756,166052.1339137552,0.8238038575213918,9225.118550764179,80.56770042500692,27.406494173918944,8.760729548186362,107.97419459892586,19.0,39.0,137.21740839348496,282.90183933688314,25.564235108860956,1
3.52602834015284,1.0,1.0,1.0,190.6339120948889,1046.9334404037547,0.1111111111111111,37.716034211304994,116.3259378226394,39486.177455227255,0.34897781346791823,2193.676525290403,2.4682198381069878,0.2215173083034635,0.42134385639576244,2.6897371464104514,17.0,27.0,66.3928582223548,124.2410538725341,1.5,0
5.325093033517606,1.0,1.0,1.0,284.1745608916364,1501.9768546808602,0.3333333333333333,19.86741949862225,500.6589515602867,29840.40424916584,0.5006589515602867,1657.8002360647688,3.727565123462324,0.9219538328265313,0.5683956080765287,4.649518956288856,5.0,33.0,13.977655710373806,270.1969051812626,1.5,0
11.646113626048955,1.4726834379845941,1.378000226882403,1.2247661074109593,160.12078759807534,879.3598431572362,0.06666666666666667,41.420010603120545,58.623989543815746,36423.094027531144,0.29311994771907873,2023.5052237517302,8.152279538234268,1.8695128714913438,1.5096200362768912,10.021792409725611,29.0,15.0,114.41594831187335,45.70483928620198,2.209025156976891,0
7.505134682018902,1.0,1.0,1.0,300.2479939371219,1527.500512315065,0.16666666666666666,51.3385552885231,254.58341871917747,78419.66950473432,0.509166837438355,4356.648305818573,5.253594277413231,1.0026882056350621,0.9269030358040095,6.256282483048293,11.0,22.0,85.55949000329801,214.68850393382388,1.5,0
7.533633335165064,1.0969325298686734,1.0,1.0,205.07749398015955,1006.2928265822075,0.14285714285714285,34.44428814301105,143.75611808317248,34661.040075042605,0.33543094219406916,1925.613337502367,5.273543334615544,1.1198224537132293,0.8363146047082997,6.393365788328774,13.0,16.0,114.99243268305372,90.08506129710582,1.6453987948030102,0
1.627516521980301,1.0,1.0,1.0,292.5184978510384,1577.3525924472258,0.06896551724137931,50.54924818803225,108.78293741015351,79733.9876756509,0.5257841974824086,4429.6659819806055,1.1392615653862106,0.29699759132323805,0.16082754932204352,1.4362591567094487,28.0,13.0,241.9692496630061,50.54924818803225,1.5,0
40.726066292155494,2.4812934618507407,2.015894739842728,1.9393397341107188,62.11897688569961,268.4737514279638,0.3333333333333333,6.038605950160236,89.49125047598793,1621.2071928347425,0.08949125047598794,90.0670662685968,28.508246404508842,3.679267748386601,2.578701722494349,32.187514152895446,5.0,14.0,25.887341184738194,36.23163570096142,3.721940192776111,0
30.158433539443916,4.083337199535985,3.2089844205960643,3.6682363279389105,188.03422553574956,986.7899856581165,0.11764705882352941,25.643392019893398,116.09293948919017,25304.642443536064,0.32892999521937216,1405.813469085337,21.11090347761074,5.820546596985092,2.2960611221280613,26.931450074595833,16.0,21.0,117.51489748104271,70.51932805470685,6.1250057993039775,0
2.615305613866589,1.0,1.0,1.0,111.41859983284837,510.85010211646625,0.15384615384615385,33.870053736464776,78.59232340253327,17302.52040996323,0.1702833673721554,961.251133886846,1.8307139297066122,0.6573782037953038,0.24037260112218758,2.488092133501916,12.0,11.0,43.67849235991881,67.74010747292955,1.5,0
115.42660944599223,15.547604787047401,14.817544153033777,13.035415334536639,201.4975235731219,1112.9840554481973,0.06896551724137931,62.091891551398284,76.75752106539292,69107.28526932492,0.3709946851493991,3839.2936260736064,80.79862661219455,27.70703016204736,12.688838946554414,108.50565677424191,28.0,17.0,121.66509157846697,79.83243199465494,23.3214071805711,1
151.00467217863152,21.03631297507961,10.646023312322221,14.169604356097201,249.76416827432575,1213.3495827405193,0.125,60.10921609917395,151.6686978425649,72933.49227279241,0.40444986091350643,4051.860681821801,105.70327052504206,13.36013477308306,15.307462236169076,119.06340529812512,15.0,13.0,137.56029822253439,112.20387005179137,31.554469462619416,1
8.157300884205952,1.0,1.0,1.0,217.2524597941033,1256.0146187177647,0.08333333333333333,60.68410054635846,104.66788489314706,76220.11740996492,0.41867153957258824,4234.450967220273,5.710110618944166,0.7122332520826463,0.6429458330527119,6.422343871026813,23.0,31.0,48.39235392597543,168.86010586812787,1.5,0
81.43932864155583,11.266844149683395,5.925435009869839,6.523567102158856,80.30371826775686,386.0484752740281,0.09090909090909091,35.90742762630936,35.095315934002556,13862.00768614924,0.12868282509134268,770.1115381194022,57.00753004908908,9.531951549082653,4.124611727927076,66.53948159817173,21.0,6.0,56.365433183550635,23.938285084206235,16.900266224525094,0
10.098658911696294,1.0,1.0,1.0,106.3915195295088,474.4457061447591,0.15384615384615385,37.4606634212941,72.99164709919371,17773.050909567024,0.1581485687149197,987.391717198168,7.069061238187405,1.4165255713228686,1.0060680096430037,8.485586809510274,12.0,9.0,43.957080494018626,62.434439035490165,1.5,0
24.961629161217154,2.5222041082969273,1.6238362795857748,1.0,268.0749886746916,1436.2256929620642,0.25,26.00182789418094,359.05642324051604,37344.49328560035,0.47874189765402136,2074.694071422242,17.473140412852008,3.7970106460478297,1.9610504585905342,21.270151058899838,7.0,33.0,15.485803416933905,252.5891852577577,3.783306162445391,0
7.367551589958862,1.0,1.0,1.0,100.89609541880343,499.859063656278,0.25,11.190624528675489,124.9647659140695,5593.735098632707,0.166619687885426,310.76306103515043,5.157286112971203,1.6203036571407246,0.9096040348876311,6.777589770111928,7.0,23.0,24.160384365028648,76.73571105377478,1.5,0
286.3176412187901,40.83985034344675,27.627311400943963,13.894122326411242,73.41310720246618,306.1271511571284,0.3333333333333333,7.709893223784326,102.0423837190428,2360.2076483227447,0.10204238371904281,131.12264712904138,200.42234885315304,18.37303397118541,15.001505879763931,218.79538282433845,5.0,12.0,33.32166243878768,40.091444763678496,61.25977551517012,1
14.080337592804232,1.0,1.0,1.0,59.80942472000157,233.66887896732982,0.2,8.60014280800629,46.733775793465966,2009.5857289057735,0.07788962632244327,111.6436516058763,9.856236314962961,0.8260677248298278,1.5274741813248462,10.68230403979279,9.0,5.0,48.34256764265985,11.466857077341718,1.5,0
23.376677268161455,2.2835354500377107,1.5231751943631127,1.8044139624179496,333.15085077427443,1784.8730084059341,0.13333333333333333,53.192641997613805,237.98306778745788,94942.11094734079,0.5949576694686447,5274.56171929671,16.36367408771302,3.4592255503888816,3.36968780405484,19.8228996381019,14.0,26.0,127.97923164062118,205.17161913365322,3.425303175056566,0
8.797566375890602,1.0449063504391212,1.0,1.0,247.45419407344605,1248.2564813946767,0.16666666666666666,38.37979016011581,208.04274689911279,47907.8218219322,0.41608549379822557,2661.545656774011,6.158296463123421,1.973214282905741,0.5933160291929153,8.131510746029162,11.0,21.0,93.9350334329828,153.51916064046324,1.5673595256586816,0
187.46247961830488,22.921167813666372,16.09670395181438,19.775905427948334,125.31652164256272,581.9519047108531,0.14285714285714285,34.540738410741135,83.13598638726472,20101.04850825013,0.19398396823695105,1116.724917125007,131.22373573281342,18.4385912400251,18.214782285596982,149.6623269728385,13.0,11.0,61.5490045765791,63.767517065983625,34.38175172049956,0
193.2408957894949,23.044603532825523,12.309887967084162,8.09008671798272,298.67680630280745,1600.1765223405332,0.16666666666666666,46.538716429489845,266.6960870567555,74470.1614103333,0.533392174113511,4137.231189462961,135.26862705264642,40.653269942208084,11.428691548835111,175.9218969948545,11.0,29.0,44.82926214195374,253.84754416085372,34.566905299238286,1
142.18300813609923,9.020589516646217,8.045282667663322,4.793167415395742,133.05090023819918,593.3313914103821,0.14285714285714285,48.79542040302468,84.7616273443403,28951.854682181183,0.19777713047012738,1608.436371232288,99.52810569526946,16.34493696949324,16.005284048971564,115.87304266476269,13.0,8.0,65.48801044939576,67.5628897888034,13.530884274969324,0
63.29006830449926,5.059380139035907,3.25257006552221,1.7334495457954784,147.49666363316172,667.2102962563083,0.15384615384615385,36.451826810040096,102.6477378855859,24321.034165010493,0.22240343208543611,1351.168564722805,44.303047813149476,17.184616002843814,6.648822182097551,61.48766381599329,12.0,10.0,80.66831448142155,66.82834915174017,7.589070208553861,0
9.49013220665467,1.0,1.0,1.0,379.42810456904056,2162.90703746435,0.11764705882352941,69.58132412082497,254.45965146639415,150497.93561702027,0.7209690124881167,8360.996423167793,6.643092544658268,2.5995606071480695,0.8611018784540297,9.242653151806337,16.0,35.0,66.31214602532816,313.1159585437124,1.5,0
54.240079815453306,7.075277825878339,5.9624918668611,3.0962793055375006,125.8339302235238,617.4533288222674,0.2857142857142857,10.48434783084567,176.41523680636212,6473.595468686177,0.20581777627408912,359.6441927047876,37.96805587081731,6.743224412855696,5.539957116640569,44.711280283673005,6.0,23.0,41.95914757675843,83.87478264676535,10.612916738817509,0
19.91650213868681,1.5510172664467914,1.0333312532604957,1.0,116.13253169828613,604.9870081146474,0.3333333333333333,7.012192625830977,201.6623360382158,4242.285437025076,0.20166233603821582,235.6825242791709,13.941551497080766,2.1409928801077123,2.7814882172233846,16.08254437718848,5.0,31.0,26.376466087649618,89.75606561063651,2.326525899670187,0
97.017400216485,6.895074791534697,3.642618561397183,3.179576175922128,186.53950542621968,956.813917172022,0.09523809523809523,38.80797099326856,91.125134968764,37132.0067435675,0.318937972390674,2062.889263531528,67.9121801515395,14.826780527969131,6.755266299577099,82.73896067950864,20.0,14.0,128.32754893631684,58.21195648990284,10.342612187302045,0
76.6371896915303,11.169472030056763,7.672986353057962,4.027564892866469,221.90417575466398,1299.9104443102701,0.07142857142857142,32.09552947514129,92.85074602216214,41721.31398040429,0.43330348143675673,2317.850776689127,53.6460327840712,8.4402756646404,4.00478756096246,62.086308448711605,27.0,30.0,148.20333029322842,73.70084546143556,16.754208045085143,0
9.215448921383718,1.0,1.0,1.0,261.3397972132441,1482.4304885780973,0.07142857142857142,80.85104614810682,105.88789204129266,119856.05584338828,0.4941434961926991,6658.669769077127,6.450814244968602,2.009852186923778,1.2548353192986414,8.460666431892381,27.0,23.0,117.60460406105422,143.73519315218988,1.5,0
62.63918015563824,9.382227041993566,7.70156242905277,3.6437317775880316,334.9034595280409,1731.4257684835422,0.06896551724137931,116.28735784490624,119.40867368852015,201342.92792153746,0.5771419228278474,11185.718217863192,43.84742610894677,16.067962656689545,6.746973097241151,59.915388765636315,28.0,7.0,268.4535407595231,66.44991876851785,14.07334056299035,1
45.533182235048166,5.358441865895988,4.478261924095273,4.736037831367957,112.33033871042008,534.1181236479657,0.2,9.837680382729328,106.82362472959315,5254.48338707179,0.1780393745493219,291.91574372621056,31.873227564533714,9.938665776191742,6.332110487925468,41.811893340725454,9.0,17.0,72.97961717950277,39.35072153091731,8.037662798843982,0
1.0,1.0,1.0,1.0,117.1064758294882,623.2322438102011,0.25,10.103347968272242,155.80806095255028,6296.732224261546,0.20774408127006705,349.81845690341925,1.0,0.25608761181233736,0.10969452234131725,1.2560876118123374,7.0,32.0,21.846337842921344,95.26013798656686,1.5,0
52.51631942867446,4.173048604273715,2.501726236009917,3.6750239604299337,277.9861143453524,1489.3250641669347,0.11764705882352941,43.14310829773426,175.21471343140408,64254.11253388409,0.49644168805564487,3569.672918549116,36.76142360007212,7.837957771725686,6.880483830334402,44.599381371797804,16.0,24.0,143.16390091493284,134.82221343041957,6.259572906410573,0
11.963317029000121,1.0,1.0,1.0,373.86539951909697,2053.2138519594837,0.15384615384615385,55.1040008158443,315.8790541476129,113140.2977734782,0.6844046173198279,6285.572098526567,8.374321920300085,1.0656832208507632,1.112197717923446,9.440005141150849,12.0,32.0,70.79339503195331,303.07200448714366,1.5,0
6.936165185052498,1.0,1.0,1.0,292.4178492717391,1545.5459493757764,0.07407407407407407,54.35098607776805,114.4848851389464,84001.94637707363,0.5151819831252589,4666.774798726313,4.855315629536748,1.6264456766565465,0.8669234941593796,6.481761306193294,26.0,12.0,238.06686319397105,54.35098607776805,1.5,0
7.301554530354724,1.0,1.0,1.0,89.08128668058535,329.6399313759511,0.25,17.668812202729153,82.40998284398778,5824.346042002206,0.10987997712531704,323.5747801112336,5.111088171248307,1.0230837905411587,1.0317399324148713,6.134171961789465,7.0,5.0,58.791894333049655,30.289392347535696,1.5,0
17.07659009435737,2.1183102427204212,1.3534443121397812,1.0501572826046643,43.336620285591295,160.364550954801,0.3333333333333333,5.102525033381862,53.45485031826699,818.2641357139132,0.053454850318266994,45.45911865077296,11.95361306605016,3.7195836859025944,1.8308204382231694,15.673196751952755,5.0,7.0,27.008540178769337,16.328080106821957,3.177465364080632,0
35.732887960681495,2.2970897291612777,1.4659097575945956,1.1017532024405083,69.43295659677065,322.43666526627317,0.25,10.533964647664128,80.60916631656829,3396.5364330256334,0.10747888842209105,188.69646850142408,25.013021572477044,4.204366812051979,2.432641951034119,29.217388384529023,7.0,17.0,15.258281265926573,54.17467533084408,3.4456345937419166,0
3.901829607939786,1.0,1.0,1.0,353.92208135318094,1908.4602055868795,0.2,43.16963338329066,381.69204111737594,82387.5274017851,0.6361534018622932,4577.084855654728,2.7312807255578497,0.2743275289296922,0.299971729683832,3.0056082544875418,9.0,32.0,37.34476987571612,316.57731147746483,1.5,0
25.224541847916218,3.200799581904846,3.1693817190125864,1.2092857261406418,402.2359382016144,2258.4380818775207,0.1,89.27072023150149,225.84380818775207,201612.394167457,0.7528126939591736,11200.688564858723,17.65717929354135,7.520582351836037,1.7622989366768331,25.177761645377387,19.0,29.0,120.32840062845177,281.9075375731626,4.801199372857269,0
40.12941792470578,4.649155653602778,2.481492750075227,2.110148710120656,202.68309801155044,1177.052686855261,0.10526315789473684,17.872634452875452,123.90028282686959,21037.03240393896,0.39235089561842035,1168.7240224410534,28.09059254729404,3.5735397942893545,2.9970937790392678,31.664132341583397,18.0,37.0,127.2208636549652,75.46223435658524,6.973733480404166,0
187.57278193344325,23.74888877647246,18.03373050013144,12.187736144896054,124.58665321811844,519.5170001002554,0.25,30.591572719864267,129.87925002506384,15892.842087772693,0.17317233336675178,882.9356715429274,131.30094735341027,55.72885798645948,15.12615892288816,187.02980533986974,7.0,10.0,28.441710384259327,96.14494283385912,35.62333316470869,0
5.517758985285211,1.0,1.0,1.0,271.6407850537771,1464.7733379827828,0.3333333333333333,17.301793384517843,488.2577793275942,25343.20564892863,0.48825777932759423,1407.955869384924,3.8624312896996478,1.6239867315286207,0.5821973932535416,5.4864180212282685,5.0,36.0,15.574242962912965,256.0665420908641,1.5,0
13.203281218571334,1.47032282864352,1.4487653562941476,1.0,301.698635953554,1547.4976896320265,0.2,38.69717173338539,309.4995379264053,59883.78385270765,0.5158325632106755,3326.8768807059805,9.242296852999933,3.2804149765012984,1.4365059447262647,12.522711829501231,9.0,25.0,78.11497704954954,223.58365890400444,2.20548424296528,0
27.494763469120944,1.6183547387405914,1.0,1.0,379.3892479333847,2118.874722884755,0.07142857142857142,72.48752800805408,151.34819449176823,153591.9908206665,0.7062915742949184,8532.888378925918,19.24633442838466,5.9074077655939545,2.547389140461531,25.153742193978616,27.0,20.0,266.6308710319673,112.75837690141745,2.427532108110887,0
79.59021803011318,7.860551270401643,5.516538821125213,6.1737884632083135,264.8185919674368,1445.7589941900335,0.10526315789473684,53.00280197856348,152.1851572831614,76629.27767778146,0.4819196647300112,4257.182093210081,55.713152621079225,15.47645817871076,8.877658306125916,71.18961079978999,18.0,25.0,111.69938625158676,153.11920571585006,11.790826905602465,0
13.94235518435815,1.0,1.0,1.0,125.76936678548113,598.0191902832975,0.16666666666666666,30.477421435597957,99.66986504721623,18226.082888839104,0.19933973009443248,1012.5601604910613,9.759648629050703,3.7159916020627217,0.8108524179190333,13.475640231113426,11.0,15.0,37.107777154650705,88.66158963083042,1.5,0
84.63684114850481,7.681157535292443,6.546475544579557,3.883494070073443,340.38161031239895,1949.6787880655497,0.14285714285714285,46.48501785758749,278.52554115222136,90630.85327978662,0.6498929293551833,5035.04740443259,59.24578880395337,10.356153760777197,4.974853964885118,69.60194256473056,13.0,39.0,54.319961958014375,286.06164835438454,11.521736302938665,0
1.9643575007547154,1.0,1.0,1.0,112.49121371037651,610.4071081702775,0.1,28.379599721418124,61.04071081702776,17323.10939698085,0.20346903605675917,962.3949664989361,1.3750502505283007,0.3278911494644178,0.1319713239681559,1.7029413999927185,19.0,23.0,40.795382835214944,71.69583087516158,1.5,0
4.463718523206591,1.0,1.0,1.0,230.72834785275,1259.6456375832483,0.1,20.42687311711058,125.96456375832484,25730.621611434875,0.4198818791944161,1429.4789784130487,3.1246029662446135,0.9143815459977339,0.4544411386062509,4.038984512242347,19.0,24.0,176.97341859719583,53.75492925555417,1.5,0
30.519725528306548,2.590576971953911,1.8103112217983992,1.0,139.38379100374542,726.1133591585838,0.13333333333333333,29.885638610449885,96.81511455447783,21700.361442033234,0.24203778638619458,1205.575635668513,21.363807869814583,4.663341392262983,2.179092162254395,26.027149262077565,14.0,22.0,41.18812128369581,98.19566972004961,3.8858654579308665,0
3.6951110286378315,1.0,1.0,1.0,249.8802705040156,1291.8622578458783,0.1111111111111111,61.50153966261345,143.54025087176424,79451.51788954165,0.43062075261529276,4413.973216085647,2.5865777200464817,0.5796580292074489,0.28943228379054275,3.1662357492539304,17.0,18.0,112.40624066993848,137.47402983407713,1.5,0
4.90686560289958,1.0,1.0,1.0,165.10788532913404,895.9190988848756,0.08333333333333333,39.49199171554569,74.65992490707296,35381.62963096066,0.29863969962829184,1965.6460906089258,3.434805922029706,0.6505088986777547,0.4417714087666229,4.0853148207074605,23.0,19.0,96.4261606064459,68.68172472268814,1.5,0
10.661805361681502,1.5434967957270105,1.1445335105590506,1.0,329.3287455523666,1829.285778582157,0.16666666666666666,39.50238742556591,304.88096309702615,72261.15553763034,0.6097619261940523,4014.5086409794635,7.463263753177051,2.0370227201736952,1.3986861274782196,9.500286473350746,11.0,35.0,70.76766422138982,258.56108133097683,2.3152451935905156,0
50.6899056059166,2.9010668107535813,1.8400505890241574,2.269455057287891,200.235107087404,952.095408184261,0.09090909090909091,85.39384322750891,86.55412801675101,81303.08602411789,0.31736513606142036,4516.838112450994,35.48293392414162,13.313380914266654,2.6047623163877565,48.79631483840827,21.0,5.0,151.4386252431132,48.79648184429081,4.351600216130372,0
2.0644052913505573,1.0,1.0,1.0,226.5688663959901,1132.8443319799505,0.08,28.887660126311143,90.62754655839605,32725.2220382548,0.37761477732665016,1818.0678910141555,1.44508370394539,0.20722932704590974,0.23727837182627443,1.6523130309913,24.0,7.0,207.3104263117827,19.25844008420743,1.5,0
24.639677117819755,2.519595723589554,2.0871777462807786,1.6337548751580733,176.8273003086988,859.0236643193746,0.2222222222222222,28.11739788876575,190.89414762652768,24153.510165533404,0.2863412214397915,1341.8616758629669,17.247773982473827,6.988015946667975,2.8800740315439706,24.235789929141802,8.0,20.0,29.210961392678605,147.6163389160202,3.779393585384331,0
69.37709269491322,5.547154215507704,5.459890078961672,3.346627295355936,168.64174703319796,878.5313166676391,0.2,24.083043327287257,175.70626333352783,21157.707763685474,0.2928437722225464,1175.4282090936374,48.56396488643925,15.42057914199846,9.009696245258723,63.98454402843771,9.0,27.0,18.791699663410594,149.85004736978738,8.320731323261557,0
15.895972096754123,1.0,1.0,1.0,217.74436662016302,1181.5385821259226,0.07142857142857142,113.21190325572242,84.39561300899447,133764.23165254339,0.3938461940419742,7431.346202919077,11.127180467727886,4.066480609029426,2.27750007408452,15.193661076757312,27.0,15.0,83.56729609486237,134.17707052530065,1.5,0
12.902275930011154,1.291033040890998,1.0,1.0,155.87681353189865,749.3551667672283,0.16666666666666666,17.689026574762334,124.89252779453804,13255.363458880962,0.2497850555890761,736.4090810489423,9.031593151007806,2.4391452430046656,0.67109620487862,11.470738394012471,11.0,16.0,101.20164048263325,54.675173049265396,1.9365495613364971,0
32.52878986048056,4.210902411786513,2.2645888168280726,1.9546345808552694,258.4231571978325,1292.1157859891625,0.1111111111111111,59.82532710128725,143.5684206654625,77301.24954953852,0.43070526199638753,4294.513863863252,22.770152902336388,7.96562323636361,2.1266792770845715,30.735776138699997,17.0,14.0,152.84905054850208,105.57410664933043,6.31635361767977,0
15.950126125178187,1.9253181556400867,1.8785552782158113,1.1411372089542842,442.1839949485426,2567.9193995195133,0.1,80.46171439127646,256.79193995195135,206619.19730395722,0.8559731331731711,11478.84429466429,11.16508828762473,0.8621059014695351,2.2109606971294546,12.027194189094265,19.0,36.0,128.80679152988685,313.3772034186557,2.88797723346013,1
106.54844213790079,5.862572434523715,3.8027306134086296,2.048168206615654,293.2002983678821,1515.8235529624592,0.125,68.2636696842299,189.4779441203074,103475.67831900508,0.5052745176541531,5748.648795500282,74.58390949653055,27.126711940998284,10.212865956128708,101.71062143752883,15.0,20.0,102.0620232520384,191.13827511584373,8.793858651785573,0
5.292572303515808,1.0,1.0,1.0,148.15415788676634,650.7400889431591,0.2222222222222222,27.566710989478768,144.60890865403533,17938.763961163775,0.21691336298105304,996.5979978424319,3.704800612461065,0.3177380686482741,0.5634422930201447,4.0225386811093395,8.0,12.0,58.56234717096035,89.59181071580599,1.5,0
18.878562400971244,1.7044949606349988,1.3627817203142487,1.0,153.48886368586784,780.8688905475911,0.1111111111111111,47.81918489653935,86.76321006084346,37340.513857050806,0.2602896301825304,2074.472992058378,13.21499368067987,5.143999421829889,2.1956281639514534,18.358993102509757,17.0,16.0,57.850493892789146,95.6383697930787,2.5567424409524984,0
25.70855073408374,2.0445766014566074,1.6598371505379426,1.6222258095572546,296.8660330464684,1579.8996816877602,0.16666666666666666,36.868544825099846,263.3166136146267,58248.60223346617,0.5266332272292534,3236.0334574147873,17.995985513858617,7.660908690130624,3.031209362053994,25.65689420398924,11.0,28.0,102.46825124139646,194.3977818050719,3.066864902184911,0
12.754129962534115,1.0,1.0,1.0,409.4934526066933,2378.0738175458428,0.08333333333333333,99.81988710016202,198.1728181288202,237379.05998327732,0.7926912725152809,13187.725554626517,8.92789097377388,1.5753501557155083,1.8260603176509755,10.503241129489389,23.0,32.0,123.05377658014146,286.43967602655187,1.5,1
1.0,1.0,1.0,1.0,210.47134955322312,1112.4257379355374,0.07407407407407407,78.77853567732765,82.40190651374351,87635.27068433228,0.3708085793118458,4868.626149129571,1.0,0.10257963907144842,0.14969494174116696,1.1025796390714484,26.0,12.0,131.69281387589547,78.77853567732765,1.5,0
16.55874084838932,2.158403294660069,1.0955091226265798,1.2412089261306227,108.68713713596644,574.4552357802226,0.2857142857142857,6.525371571126385,164.13006736577788,3748.533864444969,0.19148507859340752,208.25188135805382,11.591118593872523,3.9963004416636654,2.0204271189784158,15.587419035536188,6.0,32.0,36.9080498535762,71.77908728239024,3.237604941990104,0
59.15803275283082,8.455032000801785,8.307133915402451,6.21447934577141,316.6878752004808,1739.203287989826,0.13333333333333333,63.999800272636215,231.8937717319768,111308.66306486107,0.579734429329942,6183.814614714504,41.410622926981574,6.70003677851386,4.65704580778814,48.110659705495436,14.0,30.0,33.26018827880617,283.42768692167465,12.682548001202676,0
51.09726755889156,4.624827455054875,2.8925822505247116,2.9810368031409205,146.80910624985665,720.3762228071134,0.1111111111111111,58.97337144936568,80.0418025341237,42483.01457089491,0.24012540760237114,2360.1674761608283,35.76808729122409,13.611831548410052,7.0501577665057455,49.37991883963414,17.0,12.0,56.6145381508268,90.19456809902987,6.937241182582313,0
30.74520904207797,4.323117669692936,3.6228294303749147,3.027597767524652,466.411225769893,2777.103999602117,0.06666666666666667,104.21871781833755,185.1402666401411,289426.2180867096,0.9257013332007056,16079.234338150534,21.52164632945458,2.327739700681596,1.6885911827836957,23.849386030136177,29.0,32.0,229.22379901091793,237.1874267589751,6.4846765045394035,1
5.379337202273513,1.0,1.0,1.0,185.7725725988409,1088.2521996999672,0.07692307692307693,45.15637841432409,83.71170766922825,49141.5281398723,0.3627507332333224,2730.084896659572,3.7655360415914587,0.43835572853946264,0.39327304297376264,4.203891770130921,25.0,32.0,66.5597335850253,119.2128390138156,1.5,0
32.27753104720779,3.1516975142353743,2.537128187154965,2.5759510355775297,293.65576537501005,1583.4850999310986,0.18181818181818182,35.21931197151547,287.9063818056543,55769.25573671971,0.5278283666436996,3098.291985373317,22.59427173304545,9.515025232280866,4.510416088035979,32.109296965326315,10.0,31.0,68.25216875731105,225.40359661769898,4.727546271353061,0
10.09332802674632,1.0,1.0,1.0,171.5739061891077,900.407422878807,0.11764705882352941,39.334261872690405,105.93028504456552,35416.86136362929,0.300135807626269,1967.603409090516,7.065329618722424,2.2049856606924414,0.7632489006278486,9.270315279414865,16.0,21.0,63.40468603920908,108.16922014989862,1.5,0
30.697446865309455,3.5009702705851393,2.225035097740069,2.1804519790028296,175.55806820968817,861.4442338813177,0.11764705882352941,53.558988349894385,101.34638045662561,46138.08168653319,0.28714807796043923,2563.226760362955,21.488212805716618,8.03419123646977,2.212214761116758,29.522404042186388,16.0,13.0,81.829838597373,93.72822961231518,5.251455405877709,0
23.23839839386023,3.436915237142789,2.7455252323603365,2.7635027245234975,208.98073443113964,1244.312317891831,0.08,33.33206430668376,99.54498543134649,41475.49819756924,0.41477077263061035,2304.1943443094024,16.26687887570216,3.046143740124813,1.4829009787191911,19.313022615826974,24.0,37.0,103.42919745997438,105.55153697116525,5.155372855714184,0
6.223607200717353,1.0,1.0,1.0,246.9870244595768,1314.447184544054,0.125,52.29188954513488,164.30589806800674,68734.9269870912,0.43814906151468463,3818.6070548383996,4.356525040502147,1.3637226437070447,0.8458577721470967,5.720247684209191,15.0,24.0,72.68072597579389,174.3062984837829,1.5,0
6.882988913942755,1.0,1.0,1.0,379.2341822246077,2082.698417884264,0.07142857142857142,127.44020002860799,148.76417270601885,265419.502974436,0.6942328059614213,14745.52794302422,4.818092239759928,1.3666894230886777,0.688338991130914,6.184781662848606,27.0,17.0,209.31391551979704,169.92026670481064,1.5,1
30.754211533269128,3.530022053556942,1.9519359393509474,1.84577919361017,203.27451997287895,1210.3363968181789,0.06666666666666667,33.54433600758739,80.68909312121193,40599.930777081616,0.4034454656060596,2255.5517098378677,21.52794807328839,6.175062171807905,3.6132914095727595,27.703010245096294,29.0,32.0,126.9322380245766,76.34228194830234,5.295033080335413,0
15.404571032260224,1.0,1.0,1.0,395.81759298055476,2173.772073592019,0.16666666666666666,52.40755633792214,362.29534559866977,113922.08241257556,0.7245906911973397,6329.00457847642,10.783199722582156,3.3987584903060384,1.138500061103951,14.181958212888194,11.0,33.0,71.84360834612696,323.9739846344278,1.5,0
7.32770436395634,1.0175683202508359,1.0,1.0,118.38149874627439,535.5060440296578,0.3333333333333333,12.40826148032089,178.5020146765526,6644.699018612226,0.1785020146765526,369.14994547845697,5.129393054769438,1.4204006991429188,0.9218548283077362,6.549793753912357,5.0,17.0,29.042016087963987,89.3394826583104,1.5263524803762538,0
6.636626467966184,1.0,1.0,1.0,386.2219231197308,2121.074064355495,0.3333333333333333,21.854692281576554,707.0246881184983,46355.420982922245,0.7070246881184984,2575.3011657179027,4.645638527576328,1.043712992528898,0.8362186149479618,5.689351520105227,5.0,39.0,36.546846614505924,349.67507650522487,1.5,0
13.948932505226866,1.3242415475565503,1.2467693283160033,1.0,357.9353382480058,1904.9061327750733,0.06666666666666667,108.86974195523614,126.99374218500488,207386.639124169,0.6349687109250244,11521.479951342722,9.764252753658806,1.6596533854049904,1.1334875003326537,11.423906139063796,29.0,10.0,275.34449952334387,82.5908387246619,1.9863623213348256,0
131.8580221117616,14.317998328628747,8.609646022752116,8.446309174598925,371.7515884864316,2119.1475202900974,0.06666666666666667,90.65328252339026,141.27650135267317,192107.6788656001,0.7063825067633658,10672.648825866672,92.30061547823313,31.928804637148122,12.008081076026716,124.22942011538125,29.0,22.0,227.95672655277806,143.79486193365352,21.47699749294312,1
10.683562671141186,1.201669888959885,1.0,1.0,160.4368957555208,816.2167455217663,0.08,85.4020116793146,65.2973396417413,69706.55203390203,0.2720722485072554,3872.5862241056684,7.47849386979883,1.1385270552296711,0.7582020556025125,8.6170209250285,24.0,9.0,89.26855268942529,71.1683430660955,1.8025048334398273,0
19.750455494441766,1.1292832613675305,1.0,1.0,300.0565165902474,1666.6905819254143,0.1111111111111111,74.18108956287524,185.18784243615713,123636.92333140982,0.5555635273084715,6868.717962856102,13.825318846109235,4.406101002244054,2.9162752775966414,18.23141984835329,17.0,29.0,38.24090636833471,261.81561022191266,1.693924892051296,0
22.69110835269448,2.683489550654268,2.254281344263496,2.189396880535422,84.67419604643139,365.95578680507225,0.14285714285714285,29.155968622160326,52.279398115010316,10669.79543718668,0.12198526226835742,592.7664131770377,15.883775846886136,2.4582005078787033,2.599499220515845,18.34197635476484,13.0,6.0,53.275460607181806,31.398735439249585,4.025234325981402,0
5.169460495685209,1.0,1.0,1.0,111.95207821429702,499.24263736099186,0.25,15.079799955519306,124.81065934024797,7528.479100669626,0.16641421245366395,418.24883892609034,3.618622346979646,1.0666279273691774,0.7415817920685811,4.685250274348824,7.0,14.0,47.32436411921427,64.62771409508274,1.5,0
2.4220178605184035,1.0,1.0,1.0,276.11087245990905,1525.1155107732636,0.16666666666666666,39.22056299437494,254.1859184622106,59815.888963981095,0.5083718369244212,3323.104942443394,1.6954125023628823,0.5734601195738319,0.19458141355520475,2.268872621936714,11.0,34.0,26.52547158661403,249.58540087329504,1.5,0
5.859305717439203,1.0,1.0,1.0,135.87420759586954,587.2385551791465,0.18181818181818182,38.08245390988532,106.77064639620845,22363.485211717492,0.1957461850597155,1242.4158450954162,4.101514002207442,0.6133431708103221,0.7510990755656036,4.714857173017764,10.0,9.0,59.70929977609891,76.16490781977063,1.5,0
27.017717469390007,3.5229982548861445,2.2073372678624517,2.668559059378729,380.93331338989964,2149.93283866698,0.15384615384615385,47.31101050955972,330.75889825645845,101715.49512502106,0.71664427955566,5650.860840278948,18.912402228573004,1.755768665182868,3.4200611196663133,20.66817089375587,12.0,37.0,81.29691349602136,299.63639989387826,5.284497382329217,0
22.304696674544335,2.347571482769744,1.702287755505391,1.0,102.6739105993093,436.1513297476529,0.14285714285714285,45.40525811720749,62.30733282109327,19803.563705355456,0.14538377658255097,1100.1979836308587,15.613287672181034,1.8455672361809115,2.657951785538961,17.458854908361946,13.0,5.0,60.761364644963926,41.912545954345376,3.521357224154616,0
46.66002876067269,4.7601156515992,4.659156014586965,1.9890216057280992,194.1683420767754,970.841710383877,0.2,23.6079124057323,194.1683420767754,22919.546058573895,0.3236139034612923,1273.3081143652164,32.66202013247088,9.401960418470253,6.838675673871175,42.06398055094113,9.0,22.0,73.5056786696992,120.66266340707621,7.1401734773988,0
22.558227921165283,1.450214246093269,1.0144504742163403,1.2629435781569864,321.80018438375714,1735.2487409059513,0.3333333333333333,20.7794766390815,578.4162469686504,36057.560674650806,0.5784162469686505,2003.1978152583781,15.790759544815698,5.918412805671988,2.0157024932059717,21.709172350487684,5.0,36.0,14.263930125350871,307.53625425840625,2.1753213691399034,0
17.611301915428122,2.2460506101428623,2.066143760595227,1.0,104.25043848386183,551.0054988799657,0.08333333333333333,31.930531025714977,45.9171249066638,17593.898177326304,0.1836684996266552,977.4387876292391,12.327911340799684,1.0786782467743077,1.1107753209029991,13.406589587573992,23.0,15.0,59.825351839388816,44.42508664447301,3.3690759152142933,0
9.729721471955122,1.0,1.0,1.0,268.45496028697346,1428.6979953631153,0.13333333333333333,42.78018219789189,190.49306604841536,61119.96054739697,0.47623266512103846,3395.5533637442763,6.810805030368585,2.2722578907878543,1.1400400846666978,9.08306292115644,14.0,25.0,109.55714069480358,158.8978195921699,1.5,0
58.062972123271386,5.787109855047061,4.8393563151487795,3.747666832028498,156.80496699394257,870.9871215522334,0.11764705882352941,15.840536392141722,102.46907312379216,13796.903196034918,0.2903290405174111,766.4946220019399,40.644080486289965,7.857642362401222,7.137738067597233,48.50172284869119,16.0,30.0,95.4228884743934,61.382078519549175,8.680664782570592,0
6.665759052782889,1.0,1.0,1.0,343.5060493366756,2012.2519087255996,0.06896551724137931,62.2084925172026,138.77599370521375,125179.15780668311,0.6707506362418665,6954.397655926839,4.666031336948022,1.1307266560902687,0.7166094749823058,5.79675799303829,28.0,29.0,210.20213679981288,133.3039125368627,1.5,0
5.29901301295124,1.0,1.0,1.0,232.31775472102018,1283.2215116936115,0.1,45.11585158910675,128.32215116936115,57893.63127751819,0.4277405038978705,3216.3128487510103,3.7093091090658676,1.4954603611064827,0.37454372135006453,5.204769470172351,19.0,26.0,104.09375546776943,128.22399925325075,1.5,0
39.664898224173434,4.4803791085542475,2.2588278019466683,1.961940249076919,263.50245043282956,1543.5923468050605,0.07407407407407407,65.10189867963248,114.34017383741188,100490.79256435917,0.5145307822683535,5582.8218091310655,27.765428756921402,5.275148898376927,3.9841642696981268,33.04057765529833,26.0,31.0,103.25162291373422,160.25082751909534,6.720568662831371,0
4.0560566259141,1.0,1.0,1.0,368.062459268842,2033.0157974701597,0.06896551724137931,100.00942008541654,140.2079860324248,203320.7309294813,0.6776719324900532,11295.596162748961,2.83923963813987,0.6746610698426562,0.3294287562510645,3.513900707982526,28.0,17.0,239.47891915902076,128.58354010982126,1.5,0
364.2167649113234,45.47775276953866,24.845075793953917,23.798687804593275,298.1524493887962,1691.2475096838812,0.14285714285714285,32.33120491695119,241.6067870976973,54680.069800872945,0.5637491698946271,3037.7816556040525,254.95173543792637,19.456679455643727,33.779885845240834,274.4084148935701,13.0,37.0,109.13925141277383,189.01319797602233,68.216629154308,1
22.109161202345096,1.8076158253336745,1.5802036096202403,1.2599088733666348,393.78458368129924,2353.7606862220027,0.08,65.35472654684594,188.30085489776022,153829.38600475545,0.7845868954073343,8546.077000264191,15.476412841641565,1.5564778737402531,2.5319822105269747,17.032890715381818,24.0,38.0,181.38172240404992,212.40286127724931,2.7114237380005117,0
30.492700880818262,1.525045759390564,1.4598871604745576,1.0,239.8341518874239,1422.3933594214734,0.09090909090909091,39.929864318607414,129.30848722013394,56795.97384938762,0.4741311198071578,3155.3318805215345,21.344890616572783,3.4959240537328693,3.7969960681256696,24.840814670305654,21.0,39.0,87.72038305463373,152.11376883279016,2.287568639085846,0
7.61329613812055,1.0,1.0,1.0,166.08882369918024,789.7336720562638,0.09090909090909091,43.62762541405381,71.79397018693308,34454.204821335894,0.26324455735208796,1914.1224900742163,5.329307296684385,0.4336766462762998,0.5574643411475709,5.762983942960685,21.0,5.0,141.15875203400662,24.930071665173603,1.5,0
13.758849084747236,1.0,1.0,1.0,212.76091366511545,1200.7919995309876,0.08,44.05565790121398,96.06335996247901,52901.68154185189,0.4002639998436625,2938.9823078806603,9.631194359323064,2.8596919109701036,1.2456235009735794,12.490886270293167,24.0,25.0,117.30698821248515,95.4539254526303,1.5,0
12.035871227204431,1.0,1.0,1.0,69.57817928728466,330.8364151163989,0.11764705882352941,18.804126473800356,38.92193119016457,6221.089791987481,0.11027880503879962,345.61609955486006,8.4251098590431,1.8848124898491958,0.9257529621369508,10.309922348892297,16.0,10.0,43.72250538580917,25.85567390147549,1.5,0
10.483452008685612,1.265328008185393,1.090363397285802,1.0,321.2064345463101,1753.6045648718768,0.16666666666666666,36.41380665093879,292.26742747864614,63855.41756744817,0.5845348549572923,3547.523198191565,7.3384164060799275,1.9607860820818965,0.7324070995671482,9.299202488161825,11.0,32.0,102.72359464067736,218.48283990563274,1.8979920122780896,0
42.92927962241272,2.415586010723469,1.2187285583879215,1.0,172.82704444135288,830.840942759806,0.2857142857142857,21.035420475987646,237.3831265028017,17477.088579618503,0.27694698091993536,970.9493655343613,30.0504957356889,4.0208334507733925,5.509488883103226,34.07132918646229,6.0,21.0,18.567294284110147,154.25975015724273,3.6233790160852033,0
11.71076792622832,1.5684682258645666,1.24650403949021,1.2476013025221515,129.81659672665717,530.6205152977916,0.25,21.911156719442285,132.6551288244479,11626.509269241134,0.17687350509926386,645.9171816245075,8.197537548359824,1.4519362259789108,1.650343125396357,9.649473774338734,7.0,9.0,67.21329181396493,62.603304912692245,2.35270233879685,0
68.1016522449151,3.431096916695485,2.767680062873775,1.6175032876953541,316.70730212109686,1847.3188599552016,0.09090909090909091,58.26868024371341,167.9380781777456,107640.83195891084,0.6157729533184005,5980.0462199394915,47.67115657144057,14.706968496766674,5.926424968182343,62.37812506820724,21.0,35.0,116.92896985693656,199.77833226416027,5.146645375043228,0
490.69306991635636,36.646129706549274,30.00746795731987,31.379137930503454,76.67414704928515,325.7062188204777,0.2,20.405059277807048,65.14124376409555,6646.054702182241,0.1085687396068259,369.2252612323467,343.48514894144944,142.95149271002308,61.39938967225999,486.43664165147254,9.0,9.0,31.329570876380615,45.344576172904546,54.96919455982391,1
14.088382362387518,1.7482330818107974,1.0856720442810128,1.5418645076637962,195.38604353558637,949.1816862090469,0.09090909090909091,81.83002324352915,86.28924420082245,77671.5594448185,0.31639389540301566,4315.08663582325,9.861867653671263,0.8819918141158382,1.9681403795020016,10.743859467787102,21.0,7.0,133.03935915956416,62.34668437602221,2.622349622716196,0
24.11366316827846,1.968326344489273,1.6869075656343757,1.2651541228722885,417.6615328257385,2425.508758409676,0.06896551724137931,83.06083279471154,167.27646609721901,201464.77742437448,0.808502919469892,11192.487634687472,16.879564217794922,6.573290059268989,3.2459985795390764,23.45285427706391,28.0,27.0,251.53986723631544,166.1216655894231,2.9524895167339094,0
31.670272618055428,1.906209601678306,1.040210465217795,1.0,246.68215121133613,1275.3282209570596,0.09090909090909091,57.1678592061709,115.9389291779145,72907.7841773296,0.4251094069856865,4050.4324542960885,22.169190832638797,6.151009859342094,2.162488616229549,28.32020069198089,21.0,14.0,165.01378091680627,81.66837029452986,2.8593144025174593,0
176.58560538070344,15.190492732038845,9.10875366492436,7.970891240924921,208.37418421104434,1077.278904607824,0.09090909090909091,21.610337959224555,97.93444587343855,23280.361204918307,0.359092968202608,1293.3534002732392,123.6099237664924,33.72429978942663,25.716018350804056,157.33422355591904,21.0,14.0,177.50227284072355,30.871911370320795,22.785739098058265,0
18.18910262620111,1.4012762548584476,1.3154270977924536,1.0910888434761372,152.4112018853272,747.8650931965033,0.2857142857142857,13.598700035401595,213.67574091328663,10169.993069326907,0.24928836439883442,564.999614962606,12.732371838340775,3.1843595359549344,1.5945957744944175,15.91673137429571,6.0,23.0,43.62160160211443,108.78960028321276,2.1019143822876716,0
7.427428459075571,1.0,1.0,1.0,151.10213905288091,726.4016119092995,0.2857142857142857,14.437208721275997,207.54331768837127,10487.21168660588,0.24213387063643316,582.6228714781045,5.1991999213529,0.5002263250878453,0.6233399970815952,5.699426246440745,6.0,21.0,45.22927509685692,105.87286395602399,1.5,0
4.39466538672084,1.0,1.0,1.0,358.3972517049665,2043.021928491601,0.07407407407407407,64.88227808969005,151.33495766604452,132555.9169077269,0.6810073094972003,7364.217605984828,3.076265770704588,0.3184779416841286,0.2471697486395122,3.3947437123887165,26.0,25.0,228.63269552558643,129.7645561793801,1.5,0
18.7354839469566,2.414877363367047,1.5073377860659187,1.5312035756090052,227.47311108232003,1256.4618224002338,0.07142857142857142,84.93974135673336,89.74727302858813,106723.54221928571,0.4188206074667446,5929.085678849206,13.114838762869619,3.751368506237655,1.8476440665393563,16.866207269107274,27.0,18.0,107.92828991358417,119.54482116873585,3.62231604505057,0
11.727584742222753,1.6323298528607229,1.0,1.3174085529614477,134.73326224190146,609.4742592929183,0.2,26.19471370486994,121.89485185858366,15965.003732665662,0.20315808643097277,886.944651814759,8.209309319555926,1.5860343721355674,0.7142258786596467,9.795343691691492,9.0,13.0,53.23859738230611,81.49466485959536,2.4484947792910843,0
224.0817962791215,20.92514847754428,13.295905550188246,16.270471240167193,53.164581384521874,183.91923383323083,0.3333333333333333,14.298418213224078,61.30641127774361,2629.754122803286,0.06130641127774361,146.09745126684922,156.85725739538503,62.58985882100695,16.773414765986956,219.44711621639198,5.0,5.0,18.84837767278409,34.316203711737785,31.387722716316418,0
167.97831686812958,23.683987618441986,14.77359507628758,9.593764855062576,187.5308438895953,848.3073910062401,0.3333333333333333,19.170017162462422,282.76913033541337,16262.067244633343,0.28276913033541334,903.4481802574079,117.5848218076907,25.473514373444605,13.722864658230492,143.0583361811353,5.0,17.0,49.506720319865885,138.02412356972943,35.52598142766298,0
5.805191517898509,1.0,1.0,1.0,287.7380057801668,1438.690028900834,0.08333333333333333,86.92861152167164,119.89083574173617,125063.32662242315,0.4795633429669447,6947.962590134619,4.063634062528956,0.49820365307809983,0.7597987471536215,4.561837715607056,23.0,8.0,219.70691850233683,68.03108727782998,1.5,0
8.559894589276626,1.2532356915590368,1.0,1.0,52.61740999474806,188.63144171624236,0.2857142857142857,19.362461524529888,53.894697633212104,3652.369032547345,0.06287714723874746,202.9093906970747,5.991926212493637,1.957474198400876,1.177403785613524,7.949400410894514,6.0,5.0,13.892486945688283,38.724923049059775,1.8798535373385552,0
21.944666577314592,1.293176213321795,1.1203648568099445,1.0,538.3058589381588,3205.178759149223,0.07692307692307693,117.2941974442639,246.55221224224795,375948.8702198097,1.0683929197164077,20886.048345544983,15.361266604120214,2.7066190845750824,1.7609855776217433,18.067885688695295,25.0,36.0,191.11503450313768,347.19082443502117,1.9397643199826926,1
107.41197845247962,12.750008787632446,10.242921804757575,10.511656310687284,231.97448976281916,1341.1279696802014,0.11764705882352941,16.726708745356706,157.77976113884722,22432.65693909231,0.44704265656006714,1246.2587188384616,75.18838491673573,19.48105025540624,14.594045332254668,94.66943517214197,16.0,38.0,150.43178462920523,81.54270513361394,19.12501318144867,0
21.50780222835021,2.137475583390526,1.7878611728870815,1.0,148.5651919451745,806.1540648276523,0.18181818181818182,17.290782474998153,146.57346633230043,13939.034576270495,0.26871802160921743,774.3908097928053,15.055461559845147,4.827602496193493,2.919105457914784,19.88306405603864,10.0,32.0,34.44602761018668,114.1191643349878,3.206213375085789,0
9.237869028314421,1.0,1.0,1.0,248.79377479324774,1487.1100351634393,0.07142857142857142,27.04410187270492,106.22214536881708,40217.55528688185,0.49570334505447977,2234.3086270489916,6.466508319820094,2.5410239389598748,1.1682679846188821,9.00753225877997,27.0,35.0,176.67616979936795,72.1176049938798,1.5,0
18.71530855226323,2.1199052311593842,2.0684876825313565,1.0,160.74882360447657,706.0598586091321,0.2222222222222222,26.510022325797504,156.90219080202934,18717.662615077523,0.23535328620304405,1039.8701452820846,13.10071598658426,4.642291088388021,1.2103098598035171,17.743007074972283,8.0,12.0,74.59125104563468,86.15757255884189,3.1798578467390763,0
9.448142518766547,1.137421337398896,1.045569920223341,1.0,336.8596631225294,1973.3175045968535,0.07142857142857142,119.98770898703089,140.95125032834667,236773.84648058124,0.6577725015322845,13154.102582254513,6.613699763136583,2.069996066789985,1.124633990086202,8.683695829926567,27.0,30.0,61.33233137453255,275.52733174799687,1.7061320060983438,1
41.38724126494925,2.0874204326196,1.8839912067758338,1.6189132945145177,263.7090502288157,1517.61591736921,0.125,28.84973426138365,189.70198967115124,43782.815926947675,0.5058719724564033,2432.378662608204,28.971068885464476,9.10139768611073,5.98055595944536,38.072466571575205,15.0,38.0,113.69043206962078,150.01861815919497,3.1311306489293997,0
8.57764624978235,1.0,1.0,1.0,188.52011216004456,974.6348411309232,0.06896551724137931,115.34938539003805,67.21619594006367,112423.52990416937,0.3248782803769744,6245.751661342742,6.004352374847644,2.45733405635375,1.0143413902912928,8.461686431201395,28.0,7.0,122.60617765145138,65.91393450859317,1.5,0
10.88599104164901,1.3205208440312906,1.2760922557338092,1.0,237.01278678032088,1243.825924782384,0.09090909090909091,24.529374855833517,113.07508407112581,30510.27236439088,0.41460864159412797,1695.0151313550489,7.620193729154306,1.3493841708952492,0.9052973569472257,8.969577900049556,21.0,16.0,197.29856082325708,39.71422595706379,1.980781266046936,0
80.989585809,9.44650715393581,7.293903069193397,3.695748874133435,145.06210068545,580.2484027418,0.18181818181818182,39.48120089351714,105.49970958941817,22908.903756791446,0.19341613424726664,1272.7168753773026,56.6927100663,4.071996302532453,8.103650448777497,60.76470636883246,10.0,5.0,97.68465961322943,47.37744107222057,14.169760730903715,0
7.98817292345601,1.1711040984969134,1.0,1.0,310.8325270426629,1631.2265707403878,0.06896551724137931,60.64356687375516,112.49838418899226,98923.39762894102,0.5437421902467959,5495.744312718945,5.591721046419207,0.9425136581215755,0.915224976902235,6.534234704540783,28.0,9.0,267.5156935614092,43.31683348125368,1.7566561477453702,0
3.5418399816056105,1.0,1.0,1.0,147.7298889375243,806.5212266832964,0.2,12.28968840062403,161.30424533665928,9911.894564426771,0.2688404088944321,550.6608091348206,2.4792879871239273,0.37002609908258255,0.35792786778621377,2.84931408620651,9.0,34.0,52.14342359933739,95.5864653381869,1.5,0
22.510739391561113,3.265796634012961,2.8459482577521187,1.1634920284836439,413.66930748862876,2433.468876432308,0.08,68.6252977709762,194.67751011458466,166997.52626157005,0.8111562921441028,9277.640347865003,15.757517574092779,4.850133436033851,1.3955599106337535,20.60765101012663,24.0,34.0,213.51218898994816,200.15711849868057,4.898694951019442,0
13.032313340675492,1.567188462085466,1.3618220434610384,1.0,137.6768345067287,661.8614080192324,0.2857142857142857,11.609790460506183,189.1032594340664,7684.072260998874,0.22062046933974414,426.89290338882637,9.122619338472843,2.7162977009750526,1.0583073082601426,11.838917039447896,6.0,21.0,52.538371129683384,85.13846337704534,2.350782693128199,0
37.10302865235983,2.9610153963228307,2.252516992639239,2.524099187298515,161.0605846832358,845.2342736904636,0.18181818181818182,20.630811932817025,153.67895885281158,17437.86933967915,0.2817447578968212,968.7705188710638,25.97212005665188,7.359955104258605,4.832283723835114,33.332075160910485,10.0,27.0,45.528037859460454,115.53254682377533,4.441523094484246,0
29.399166443397398,1.7797224108247256,1.0,1.0,309.1224932921364,1707.457243709934,0.07407407407407407,55.06024853471712,126.47831434888398,94013.02020107202,0.569152414569978,5222.945566726224,20.579416510378177,1.5893442448020205,4.002455573620698,22.168760755180198,26.0,19.0,224.41441862334085,84.70807466879556,2.6695836162370883,0
19.33076380539545,2.4778634342440444,1.6987153071774599,1.1766792343077963,245.0460957323918,1312.8472014149106,0.125,60.751494105730586,164.10590017686383,79757.42901848284,0.4376157338049702,4430.968278804602,13.531534663776814,4.4884972995550445,1.231949640559548,18.02003196333186,15.0,25.0,34.440916165859115,210.60517956653268,3.7167951513660666,0
18.666825098226354,2.1357633403562772,2.051151453868249,1.0,249.04240439836514,1316.2892767979085,0.09523809523809523,59.81011781117718,125.36088350456271,78727.41671887212,0.4387630922659695,4373.745373270674,13.066777568758447,2.4431626608672428,2.7111449482007974,15.50994022962569,20.0,18.0,135.40318055712848,113.63922384123664,3.203645010534416,0
8.305931190092151,1.0,1.0,1.0,103.74418352552067,493.2919216676514,0.09523809523809523,38.48967079926882,46.9801830159668,18986.643672926606,0.1644306405558838,1054.8135373848115,5.814151833064505,1.7962738800665476,0.6884143632642592,7.610425713131053,20.0,6.0,76.80141396603248,26.942769559488177,1.5,0
22.1983172219444,1.9091673068950992,1.4684665266081074,1.6133623202097318,118.06272942840135,518.5689834491819,0.3333333333333333,16.13125843707972,172.85632781639396,8365.17028947247,0.17285632781639398,464.7316827484705,15.538822055361079,4.198691989792745,2.5801409083768725,19.737514045153823,5.0,15.0,14.822675431091152,103.2400539973102,2.8637509603426485,0
57.83197004426512,8.424960328957818,5.345020260964344,4.893566026569366,327.7129379332886,1868.1078475436245,0.14285714285714285,48.9516341606418,266.8725496490892,91446.93192557951,0.6227026158478749,5080.38510697664,40.482379030985584,7.846799655360753,7.2395514341624585,48.32917868634634,13.0,38.0,34.00313296943775,293.70980496385084,12.637440493436728,0
6.2455168997013395,1.0,1.0,1.0,234.58079829324544,1317.1031174174893,0.18181818181818182,20.36893541320439,239.47329407590715,26827.988331206998,0.43903437247249644,1490.4437961781666,4.371861829790937,0.5224004326094236,0.819378237993044,4.89426226240036,10.0,38.0,75.70310207025118,158.87769622299427,1.5,0
19.95586626266732,1.8613417897702462,1.7639434409091983,1.4078172734810959,211.16463607135245,1145.8352221534751,0.09523809523809523,50.77593124715733,109.12716401461667,58180.8504606361,0.38194507405115835,3232.269470035339,13.969106383867125,1.4688460367286236,2.8851187706911765,15.437952420595748,20.0,22.0,94.37999420289059,116.78464186846186,2.7920126846553694,0
69.83019482761908,6.687635001460737,5.572348302640696,2.6262029830119133,155.7399565932604,839.7992813606459,0.25,10.115301738764973,209.94982034016147,8494.823130960916,0.27993309378688197,471.9346183867176,48.881136379333356,18.007781542371863,5.676633041803273,66.88891792170521,7.0,34.0,54.58693920561064,101.15301738764974,10.031452502191105,0
36.83722606986197,2.6113273161197785,2.33372628371824,1.5468437924520773,126.08311856266835,688.3421640574268,0.08,39.32082067756285,55.06737312459414,27066.178797707627,0.22944738801914225,1503.676599872646,25.786058248903377,10.299665773409078,5.004360938368229,36.085724022312455,24.0,19.0,60.548417433396935,65.53470112927141,3.916990974179668,0
96.67622179869612,8.398332712864274,6.107038371176761,4.68619514773979,267.0958094044748,1421.4646920963546,0.2222222222222222,28.864653472914465,315.88104268807876,41030.08576134434,0.4738215640321182,2279.449208963574,67.67335525908727,20.538574422716543,6.1069103183930284,88.21192968180381,8.0,31.0,36.17858162115906,230.91722778331572,12.597499069296411,0
10.157671209346178,1.0,1.0,1.0,276.42365549653266,1645.8807096611074,0.08333333333333333,38.67457598830543,137.15672580509226,63653.73857347456,0.5486269032203691,3536.3188096374756,7.110369846542325,0.7705459931129434,1.2240409320552312,7.880915839655268,23.0,38.0,145.26639779706204,131.1572576994706,1.5,0
2.2324013885398806,1.0,1.0,1.0,287.7288587964318,1580.1646240845876,0.25,21.133401723133534,395.0411560211469,33394.25378946387,0.5267215413615292,1855.236321636882,1.5626809719779162,0.33599159873002715,0.277259280790263,1.8986725707079435,7.0,37.0,58.280497230981965,229.4483615654498,1.5,0
25.553701136926037,3.2391044349988967,2.762082869544071,2.4671265256953623,319.47682316532575,1821.158371797161,0.08333333333333333,85.18976448955125,151.7631976497634,155144.05279157477,0.6070527905990537,8619.114043976377,17.887590795848226,5.93445867346558,3.00951877276704,23.822049469313807,23.0,28.0,104.65046053950087,214.8263626258249,4.858656652498345,0
31.03404966593752,2.8442844058756833,2.030252105629865,1.5322712505978453,222.41643658630682,1214.2673264039208,0.08,32.54717538624064,97.14138611231367,39520.97163824992,0.4047557754679736,2195.6095354583285,21.723834766156262,7.601952494522815,2.334737288563502,29.32578726067908,24.0,19.0,168.17114427590576,54.24529231040106,4.266426608813525,0
103.76267759860018,13.719292532308618,9.895351954456615,10.927853205784109,322.2749655838462,1780.1057392885161,0.16666666666666666,34.9342594447097,296.6842898814193,62186.67573532179,0.5933685797628387,3454.8153186289883,72.63387431902012,8.254804077665238,14.247063339270593,80.88867839668536,11.0,34.0,99.96604184478448,222.30892373906175,20.57893879846293,0
83.57754484252008,11.28587706166054,9.307024495113435,4.541719279543322,251.3482797928316,1388.3377959840582,0.08,46.41957145190678,111.06702367872465,64446.04552006477,0.4627792653280194,3580.3358622258206,58.50428138976405,4.17951909354537,5.590154821563827,62.683800483309426,24.0,21.0,166.24573213100248,85.1025476618291,16.92881559249081,0
38.24804116600612,2.7232377914065884,2.636476281576208,1.0,137.55852039148365,622.2544895744084,0.14285714285714285,56.764977761118736,88.89349851062975,35322.26226244758,0.20741816319146944,1962.3479034693098,26.77362881620428,8.721863819970148,2.1175446297021954,35.495492636174426,13.0,9.0,50.22778537437791,87.33073501710574,4.084856687109882,0
50.32330334531495,5.824185036100393,3.098484921116889,2.461702601767017,204.63208199632166,1081.5628602337601,0.3333333333333333,14.23941549515148,360.52095341125334,15400.822950992959,0.3605209534112534,855.6012750551644,35.22631234172046,7.002439551249033,6.126686003486427,42.22875189296949,5.0,33.0,10.976031262261522,193.65605073406013,8.73627755415059,0
15.955669971246326,1.5513407586272487,1.4153992790629244,1.0,175.1130150800994,769.1519470916404,0.15384615384615385,45.05568212374008,118.3310687833293,34654.665633016695,0.25638398236388016,1925.259201834261,11.168968979872428,1.8128885338483798,1.556436857721896,12.981857513720808,12.0,8.0,107.52949189448927,67.58352318561012,2.327011137940873,0
4.650907986340027,1.0,1.0,1.0,113.49708087633539,533.4861868441986,0.16666666666666666,32.862636664550486,88.9143644740331,17531.76272381739,0.1778287289480662,973.9868179898551,3.2556355904380183,0.24754163562892212,0.6274530755381323,3.5031772260669403,11.0,14.0,23.871708154834067,89.62537272150132,1.5,0
23.133122404849473,1.6557316741519008,1.195371587875172,1.1078127832583107,247.2407999120287,1349.7942404569071,0.08695652173913043,24.64665275980481,117.37341221364409,33267.90994172586,0.4499314134856357,1848.2172189847702,16.19318568339463,4.281359198212805,2.043573419619478,20.474544881607436,22.0,21.0,197.9474943924191,49.29330551960962,2.483597511227851,0
65.30627694229807,7.6918595045742135,3.930206875394563,6.510108595897486,173.69091893314285,825.8807796744891,0.15384615384615385,39.5651816266122,127.05858148838294,32676.123049749254,0.2752935932248297,1815.3401694305142,45.71439385960865,17.161685258957363,4.364278657569274,62.87607911856601,12.0,14.0,74.77796486661235,98.9129540665305,11.53778925686132,0
44.151771189787304,4.89092182367035,3.1816573278402775,2.9634702084188045,249.39846943123422,1185.8616653572733,0.3333333333333333,22.935881987581634,395.28722178575777,27198.783210231446,0.39528722178575776,1511.0435116795247,30.90623983285111,12.777871892071024,5.9006289890307375,43.68411172492213,5.0,21.0,47.56270794051584,201.83576149071837,7.336382735505525,0
54.62921467664738,4.344669515092652,3.264218076140459,2.6101270616460903,289.3634577609354,1539.9715154916746,0.125,49.05284084042867,192.49643943645933,75539.97764820686,0.5133238384972248,4196.6654249003805,38.24045027365316,10.45801132365303,5.73011094432686,48.69846159730619,15.0,24.0,125.85398829283983,163.50946946809557,6.517004272638978,0
12.021457470525537,1.0,1.0,1.0,529.0190181553353,3098.983354415002,0.06666666666666667,119.74915225580051,206.59889029433347,371100.62954603345,1.0329944514716674,20616.701641446303,8.415020229367874,2.147216616440086,0.8285137907085799,10.56223684580796,29.0,28.0,289.52071364373427,239.49830451160102,1.5,1
14.604705836912672,1.6819359931863191,1.2539637882679764,1.0,221.02800654588214,1168.221916228305,0.06666666666666667,118.41115477357378,77.881461081887,138330.50613239076,0.38940730540943497,7685.0281184661535,10.22329408583887,1.040791164250987,1.782334930743029,11.264085250089856,29.0,9.0,139.36514118479676,81.66286536108537,2.5229039897794787,0
35.87750816839545,4.443779042149654,4.28182691221246,2.8026735652264816,324.36138952435385,1923.7022037158647,0.08695652173913043,40.99227583069821,167.2784524970317,78856.93135084273,0.6412340679052883,4380.940630602374,25.114255717876816,6.716922513608453,3.6276237824083104,31.831178231485268,22.0,38.0,179.02513885187835,145.33625067247547,6.6656685632244805,0
10.424836942855963,1.0,1.0,1.0,177.78066453225443,932.9800407571022,0.07142857142857142,45.36440246371679,66.64143148265015,42324.08205952008,0.3109933469190341,2351.33789219556,7.297385859999173,1.5115468321205057,1.1512282773734326,8.80893269211968,27.0,10.0,140.8170773395963,36.96358719265813,1.5,0
10.817222242223615,1.2383908707852953,1.092533644845232,1.0,123.0731569388854,540.5763714990511,0.13333333333333333,41.3270874648476,72.07684953320681,22340.446986371237,0.18019212383301703,1241.1359436872908,7.57205556955653,2.1827404282143084,1.0394250876563949,9.754795997770838,14.0,6.0,81.7460694740378,41.3270874648476,1.857586306177943,0
28.719567464919333,2.5707772491083043,1.81197513637277,1.0190760271965205,139.04017783394056,645.6825904615233,0.25,17.480530645999526,161.42064761538083,11286.874310151019,0.2152275301538411,627.0485727861677,20.103697225443533,4.226991516554014,3.8159947302005643,24.330688741997548,7.0,17.0,49.14030594022873,89.89987189371185,3.8561658736624564,0
50.05316256056811,6.072484134854505,5.025508060938621,1.91272925367239,229.66694239240428,1092.0404740417403,0.16666666666666666,44.956778743252215,182.00674567362336,49094.62197017078,0.36401349134724675,2727.4789983428213,35.03721379239767,5.509590900334214,6.654881874255409,40.54680469273188,11.0,15.0,98.88358604839782,130.78335634400645,9.108726202281757,0
15.808781740724083,1.1053741670580477,1.0,1.0,445.8583497258576,2490.1021638523334,0.09523809523809523,88.71606951927515,237.15258703355556,220912.0766784211,0.8300340546174445,12272.893148801171,11.066147218506858,1.165760414294503,1.9118963923893166,12.231907632801361,20.0,27.0,197.4533550718872,248.40499465397042,1.6580612505870715,0
4.973742857583902,1.0,1.0,1.0,259.47116690675784,1390.130270401894,0.09523809523809523,45.97496223258805,132.39335908589467,63911.18668010449,0.46337675680063134,3550.621482228027,3.481620000308731,0.6402679840030581,0.30111107767971107,4.1218879843117895,20.0,20.0,162.92374621832292,96.5474206884349,1.5,0
8.306474757450458,1.0,1.0,1.0,291.24564997567643,1753.9884280980652,0.06666666666666667,54.908179706566585,116.93256187320435,96308.31181324681,0.5846628093660218,5350.4617674026,5.81453233021532,0.6160182069848221,1.1121155807821208,6.430550537200142,29.0,35.0,154.92189346282143,136.32375651285497,1.5,0
25.646484401985767,2.225565979924999,1.191225228003552,1.635254571769511,252.56360626646088,1344.1253519355482,0.08,92.74729637194756,107.53002815484386,124663.9923770146,0.4480417839785161,6925.777354278589,17.952539081390036,2.416520442615825,3.0032366139760134,20.369059524005863,24.0,15.0,128.90054443719748,123.6630618292634,3.338348969887498,0
25.275237377156724,1.4105906567111617,1.0,1.0,249.88279235463554,1347.4473348665085,0.09090909090909091,41.984482843850884,122.49521226059169,56571.87951369552,0.44914911162216953,3142.8821952053067,17.692666164009704,7.502550813644856,3.0255069941951724,25.19521697765456,21.0,20.0,165.91382666693377,83.96896568770177,2.1158859850667424,0
26.829063669431296,1.6406300079002314,1.3651841313710846,1.0910053380322386,126.43227757419163,537.075150494745,0.2857142857142857,23.762532594764565,153.45004299849856,12762.265769469463,0.179025050164915,709.0147649705257,18.780344568601905,4.320173834488709,2.315302157082214,23.100518403090614,6.0,12.0,23.461302996878512,102.97097457731311,2.460945011850347,0
37.54553070844793,3.8141074263828054,3.5884850683935645,1.78740459149158,57.53821275877661,219.06839755352576,0.3333333333333333,11.977568953755783,73.02279918450859,2623.9068372861393,0.07302279918450859,145.77260207145218,26.28187149591355,6.869628470990032,5.178578293122731,33.15149996690358,5.0,8.0,14.418964525255786,43.11924823352082,5.721161139574209,0
20.226076146400796,1.552538792891956,1.4082502510309973,1.0,155.46273877717834,755.2350304300146,0.09523809523809523,65.24799283850457,71.92714575523948,49277.56985688538,0.2517450101433382,2737.6427698269654,14.158253302480556,5.4287725286064274,2.478445929398722,19.587025831086983,20.0,8.0,96.73954522252424,58.72319355465411,2.328808189337934,0
27.60694175077638,3.686852480137845,3.1064208048630584,1.9461084505080792,148.93078374136547,822.6284111595606,0.11764705882352941,21.37711808257147,96.77981307759536,17585.424683436082,0.2742094703865202,976.9680379686712,19.324859225543463,8.251500248721545,1.69117493265524,27.576359474265008,16.0,29.0,68.76659093172246,80.16419280964301,5.530278720206768,0
19.02907005131053,1.0,1.0,1.0,88.27030685471937,360.8015992544305,0.2,27.52656872731205,72.16031985088611,9931.630018801183,0.12026719975147684,551.7572232667324,13.32034903591737,3.723582021688223,1.7274171807755851,17.043931057605594,9.0,7.0,39.334184672831285,48.93612218188809,1.5,0
79.71678608687704,7.007855222822741,4.517219489361292,3.750997579294398,236.9288495519155,1308.691179677316,0.2,24.580835449822942,261.73823593546325,32168.722542282776,0.436230393225772,1787.151252349043,55.801750260813925,20.177789752685314,11.051778674942378,75.97954001349925,9.0,36.0,34.81975807559351,202.109091476322,10.511782834234111,0
112.0349008472609,9.381192530717076,6.1437752377285095,7.040226534495824,109.94220289928072,563.9246741767982,0.07142857142857142,79.05949977008231,40.280333869771304,44583.60264842433,0.18797489139226609,2476.8668138013513,78.42443059308262,14.758946353478375,6.130512821861406,93.183376946561,27.0,7.0,63.092128961454165,46.85007393782655,14.071788796075614,0
4.821988819651331,1.0,1.0,1.0,131.52641273300117,722.3237370168672,0.14285714285714285,21.057465715147494,103.18910528812388,15210.307327469896,0.2407745790056224,845.0170737483276,3.3753921737559316,0.609672927104264,0.7046934600766604,3.9850651008601954,13.0,31.0,27.858889212275038,103.66752352072612,1.5,0
14.786249624421663,1.0,1.0,1.0,389.2577971978113,2162.1670207435577,0.14285714285714285,49.80809842130048,308.88100296336535,107693.42777248516,0.7207223402478525,5982.968209582508,10.350374737095164,2.227931917048339,1.7435392082947219,12.578306654143503,13.0,33.0,128.7231285325473,260.53466866526406,1.5,0
20.889975230331714,1.90859728484243,1.4653769209043892,1.0,358.44085382165815,1956.8833307653101,0.25,30.31620146388039,489.22083269132753,59325.26929679043,0.6522944435884367,3295.848294266135,14.622982661232198,4.556663776384265,2.3634416149162463,19.179646437616462,7.0,36.0,37.95529548920829,320.48555833244984,2.862895927263645,0
14.580752624478267,1.447671289543363,1.0,1.0226869383874326,202.59622629408415,1125.3387399650796,0.08333333333333333,41.15089237467005,93.7782283304233,46308.6933733498,0.3751129133216932,2572.705187408322,10.206526837134787,3.215754697099799,1.1235333901353302,13.422281534234585,23.0,23.0,116.71610307738143,85.88012321670271,2.1715069343150444,0
172.69155939782164,15.616320660090535,10.570602804491195,9.98615190840412,217.88647633492351,1203.5094514229002,0.09523809523809523,26.593427347704754,114.61994775456192,32005.4411586909,0.4011698171409667,1778.0800643717166,120.88409157847514,22.24437535821642,12.931002166165271,143.12846693669155,20.0,25.0,148.74356523089116,69.14291110403235,23.4244809901358,0
26.278374371879746,2.709136626738957,2.476903472157959,2.323048978985203,94.62260025374648,464.30274731713286,0.09523809523809523,19.70197819533622,44.21930926829837,9147.682603676854,0.1547675824390443,508.2045890931586,18.39486206031582,2.1890537827219947,3.789494575776765,20.583915843037815,20.0,9.0,74.92062205841026,19.70197819533622,4.063704940108436,0
7.6411934945313496,1.0,1.0,1.0,224.18481037922743,1100.0503377281102,0.25,23.889323664045733,275.01258443202755,26279.458564729644,0.3666834459093701,1459.969920262758,5.348835446171944,1.5901252149441232,0.6099754284157353,6.9389606611160675,7.0,22.0,67.19782630121261,156.9869840780148,1.5,0
41.088603973604364,2.095205794302871,1.3700507021513202,1.0,418.3943160065139,2440.448027817682,0.08,79.78766299590104,195.23584222541456,194717.64480252855,0.8134826759392273,10817.646933473809,28.762022781523054,3.3726128314415873,5.240873200312169,32.134635612964644,24.0,32.0,198.978242767786,219.41607323872788,3.1428086914543067,0
27.803709488009165,2.6805421732241093,2.5649953172156064,1.0,241.7411263624727,1397.5924090540739,0.06896551724137931,85.92529132679157,96.38568338303958,120088.53490408375,0.465864136351358,6671.585272449097,19.462596641606414,5.41124488434997,2.483209901475797,24.873841525956383,28.0,26.0,76.02806451794613,165.71306184452658,4.020813259836164,0
28.934408818801725,4.234548534184746,4.134644983890961,3.3711881846625924,235.2462205864602,1341.0068993736384,0.07407407407407407,48.19470961159754,99.33384439804728,64629.4381024613,0.4470022997912128,3590.524339025628,20.254086173161205,6.462660275236268,1.8496438623167841,26.716746448397473,26.0,25.0,138.8568013632651,96.38941922319508,6.35182280127712,0
175.81835541132241,17.916457960342726,11.885263489239733,11.015779783575626,304.1949805663661,1607.79282525223,0.06896551724137931,65.25588321947058,110.88226381049861,104917.94084576218,0.5359309417507433,5828.774491431232,123.07284878792568,39.58600804015065,8.979312372420196,162.65885682807632,28.0,10.0,252.9225008939249,51.27247967244117,26.87468694051409,1
30.59823143070197,3.6030710819142606,2.4400446828097295,2.7568769793298062,81.56833429910333,282.1800747538952,0.3333333333333333,14.074605586436217,94.06002491796507,3971.573256512163,0.09406002491796507,220.64295869512017,21.418762001491377,7.293640076170554,3.1952427671201185,28.71240207766193,5.0,5.0,47.789280891656404,33.77905340744692,5.404606622871391,0
13.951767061927827,1.1326935431654426,1.0,1.0,214.46515235783102,1125.4975737335317,0.06896551724137931,75.27409937300428,77.62052232645046,84720.81620929307,0.37516585791117724,4706.712011627393,9.766236943349478,3.742071184969695,2.058972231132176,13.508308128319172,28.0,9.0,160.69793851997082,53.7672138378602,1.6990403147481639,0
1.9225804891279608,1.0,1.0,1.0,324.21153331596145,1736.980150237232,0.08,111.83756229706276,138.95841201897858,194259.62576091787,0.5789933834124107,10792.201431162104,1.3458063423895725,0.3364318752852943,0.16709842886125145,1.682238217674867,24.0,16.0,165.77498672845587,158.43654658750557,1.5,1
16.469681045698195,2.096461080271711,1.9668153328701674,1.0,142.789614144665,788.7072804095319,0.125,22.438437245229668,98.58841005119149,17697.35881632504,0.2629024268031773,983.1866009069466,11.528776731988735,3.830226861142822,1.4117684335683047,15.359003593131558,15.0,30.0,50.04407353104903,92.74554061361596,3.144691620407567,0
96.27068900712052,9.832087418791295,5.420272296640232,8.621712178263103,495.84027362148055,2928.874249178678,0.09090909090909091,77.35644657743383,266.2612953798798,226567.304388612,0.9762914163928926,12587.072466034,67.38948230498436,19.715580912379174,8.126128163550085,87.10506321736352,21.0,38.0,208.51632919101206,287.3239444304685,14.748131128186941,1
18.004055832324987,2.6574235283602428,1.8505377229200553,1.86211179197014,140.46238593982864,695.8782341712363,0.15384615384615385,29.754285033795178,107.05818987249789,20705.359328345032,0.2319594113904121,1150.2977404636129,12.60283908262749,1.7402717657810622,1.8373928226171858,14.343110848408552,12.0,18.0,46.24048333281057,94.22190260701807,3.9861352925403644,0
1.3660728925626244,1.0,1.0,1.0,239.10274112679556,1263.7541584876112,0.2222222222222222,21.002310655760972,280.83425744169136,26541.757429066598,0.4212513861625371,1474.5420793925887,1.0,0.07707712649704597,0.12850167982315086,1.077077126497046,8.0,30.0,76.33483354464803,162.76790758214753,1.5,0
11.044859646520957,1.0,1.0,1.0,311.9359778026172,1682.0578078965814,0.18181818181818182,37.49441341925433,305.828692344833,63067.770844359104,0.5606859359655271,3503.765046908839,7.731401752564669,1.3379228994331283,1.5240963376381231,9.069324651997798,10.0,31.0,71.97173191938947,239.9642458832277,1.5,0
66.10380084854567,8.396228547613598,5.011973586476645,5.599261501323958,180.35609204610492,847.7529384622222,0.15384615384615385,42.00572560188619,130.42352899418805,35610.47731123682,0.28258431282074076,1978.359850624268,46.27266059398197,10.62674301566105,6.646874616516158,56.89940360964302,12.0,13.0,82.34273230837047,98.01335973773445,12.594342821420398,0
38.66677133887332,5.054348426762998,4.69755381149722,3.5739296764080826,444.33763260369483,2568.875688337923,0.08,115.31668586652586,205.51005506703382,296234.2307822196,0.8562918961126409,16457.457265678866,27.06673993721132,7.898712178214246,3.8966741894194685,34.96545211542556,24.0,30.0,146.43619411516966,297.9014384885252,7.581522640144497,1
7.331227205474443,1.0,1.0,1.0,105.62352166265254,537.355741620745,0.25,10.202631211948265,134.33893540518625,5482.442461379421,0.17911858054024832,304.5801367433012,5.13185904383211,1.9243726021067078,0.468004720241745,7.0562316459388175,7.0,26.0,26.917509456194487,78.70601220645804,1.5,0
10.192562302966115,1.0,1.0,1.0,164.56230975337456,951.393907972726,0.09523809523809523,27.519378466426637,90.60894361645009,26181.76902415412,0.31713130265757533,1454.5427235641178,7.13479361207628,1.0096897887027636,1.5112915149800485,8.144483400779043,20.0,34.0,68.24448512088132,96.31782463249324,1.5,0
12.269906139206014,1.0,1.0,1.0,272.8417217819092,1547.6742969828379,0.06666666666666667,107.88587993298242,103.17828646552252,166972.20337965342,0.5158914323276126,9276.233521091857,8.58893429744421,0.998616341423138,0.9202096977909535,9.587550638867349,29.0,21.0,109.15280050428068,163.6889212776285,1.5,0
9.067925108778176,1.0,1.0,1.0,223.25340276161643,1171.617674822589,0.25,22.44661323501238,292.90441870564723,26298.848806047154,0.39053922494086296,1461.0471558915085,6.3475475761447235,2.6375872573155923,0.5199222423788116,8.985134833460316,7.0,30.0,24.440542680078252,198.8128600815382,1.5,0
1.7583772359805747,1.0,1.0,1.0,259.830024529879,1332.7417321135024,0.06666666666666667,50.66886443411457,88.84944880756683,67528.51015014609,0.4442472440378341,3751.583897230338,1.2308640651864022,0.1354146352187852,0.2045249886314201,1.3662787004051875,29.0,5.0,238.86359786748673,20.966426662392234,1.5,0
50.21477573521521,5.111665960638848,4.11628851281485,2.3844838433694187,137.2463050362872,703.9751415610763,0.08695652173913043,26.758988742489986,61.21522970096315,18837.662888025636,0.23465838052035876,1046.5368271125353,35.150343014650645,8.517569230944671,5.5003576625324095,43.66791224559532,22.0,12.0,105.6220456133445,31.624259422942714,7.6674989409582714,0
90.78299134093572,7.699265489088244,4.466980663034802,3.6107216512209805,149.0547192992154,873.1597128888787,0.10526315789473684,23.563209121669423,91.91154872514512,20574.444911417482,0.29105323762962626,1143.0247173009711,63.548093938655,17.82895629719888,8.30796599821184,81.37705023585389,18.0,39.0,44.32934542512908,104.72537387408633,11.548898233632366,0
3.247421403915915,1.0,1.0,1.0,388.4790758537288,2094.8024891110535,0.08695652173913043,95.65435712192027,182.15673818356987,200376.98539331622,0.6982674963703512,11132.054744073124,2.27319498274114,0.6018887906926453,0.29947467988291454,2.8750837734337855,22.0,19.0,214.5620629047828,173.91701294894597,1.5,0
89.35556466773389,4.479873632402137,2.641452783155389,1.3716060350195531,146.33012601974298,738.1468271789729,0.2857142857142857,10.212044837944282,210.89909347970652,7537.98849613798,0.24604894239299097,418.77713867433226,62.54889526741372,6.3896412262021425,11.482761229923604,68.93853649361586,6.0,26.0,54.42172247824443,91.90840354149853,6.719810448603206,0
17.749762904217533,1.4196269734951037,1.202388265214602,1.0358024058795283,327.53797984923926,1798.7904688006113,0.07407407407407407,56.49218759369762,133.2437384296749,101617.60860523942,0.5995968229335371,5645.422700291079,12.424834032952273,1.1405416958917383,1.2348734411235995,13.56537572884401,26.0,18.0,244.9724749046043,82.565504944635,2.1294404602426553,0
87.37059791789356,10.016678574510184,6.158244776040703,7.249548055231455,184.1123746026775,966.2083962428233,0.25,12.915850899053869,241.5520990607058,12479.403583286265,0.3220694654142744,693.3001990714591,61.159418542525486,6.672567427819538,11.535132187929843,67.83198597034503,7.0,30.0,69.71483806820038,114.39753653447713,15.025017861765276,0
21.021390689258496,3.0989617355397776,1.7316243583341302,2.0875031569764846,222.7022941680939,1275.6210260435757,0.09523809523809523,46.93304675544725,121.48771676605483,59868.781257534734,0.42520700868119193,3326.043403196374,14.714973482480946,4.128536405838971,2.4148261884345303,18.843509888319918,20.0,32.0,67.82323987511796,154.87905429297595,4.648442603309666,0
23.633223810112185,3.183539000994531,1.8548643108120662,2.846291776346696,136.20471999903268,729.7238706692623,0.14285714285714285,16.01682411483982,104.24626723846603,11687.858888909695,0.24324129022308744,649.3254938283164,16.543256667078527,4.3978173303436785,2.1718218338459665,20.941073997422205,13.0,27.0,67.20916996587651,68.99555003315616,4.775308501491796,0
31.403569863697044,1.644275105252586,1.0,1.0,175.27187233585278,833.3980352505373,0.2222222222222222,23.314654713850725,185.1995633890083,19430.387431067873,0.27779934508351245,1079.4659683926595,21.982498904587928,3.405252316365297,3.008551859231255,25.387751220953223,8.0,18.0,64.52726244506184,110.74460989079094,2.466412657878879,0
7.782832993091444,1.088476361690126,1.0,1.0,108.98603896680783,554.4624234586963,0.3333333333333333,6.133208124539323,184.82080781956543,3400.6334403086385,0.18482080781956545,188.9240800171466,5.447983095164011,1.6300640579786851,0.5888858848218443,7.078047153142696,5.0,28.0,37.84082472215169,71.14521424465613,1.6327145425351892,0
84.23487039237673,10.80900520319132,9.362765976643061,3.754655411269077,76.26645038122408,297.9646777548481,0.2222222222222222,28.809778500270486,66.21437283441068,8584.296367021645,0.09932155925161602,476.9053537234247,58.96440927466371,21.481313456783276,10.547168853116695,80.44572273144698,8.0,6.0,25.849338005750724,50.41711237547335,16.213507804786982,0
5.229644143207877,1.0,1.0,1.0,158.72422465812866,820.5923373946057,0.3333333333333333,9.362169327298703,273.5307791315352,7682.524411372126,0.27353077913153523,426.8069117428959,3.660750900245514,0.31584299812099753,0.5296974463899932,3.9765938983665112,5.0,30.0,42.63332499962472,116.09089965850393,1.5,0
12.397810774492767,1.1877050142892853,1.0,1.0,182.08115804752867,948.543301608315,0.10526315789473684,53.887128490918194,99.84666332719105,51114.27477296704,0.316181100536105,2839.681931831502,8.678467542144936,2.163820734028987,1.0176799294395344,10.842288276173923,18.0,18.0,68.31944234447914,113.76171570304953,1.7815575214339279,0
37.679554001949505,3.3836438929915675,1.8331810084212845,1.7122321585522102,194.21048266993296,1011.7304525853051,0.07692307692307693,103.59058302646702,77.82541942963886,104805.7474489431,0.3372434841951017,5822.541524941284,26.375687801364652,8.37720492432982,4.129867952565773,34.75289272569447,25.0,11.0,94.76352296452461,99.44695970540833,5.075465839487351,0
10.90221207621964,1.0,1.0,1.0,176.36504032958905,847.8493447073377,0.09523809523809523,63.06141583330359,80.74755663879405,53466.580090583375,0.2826164482357792,2970.3655605879653,7.631548453353748,1.2328001383793301,1.63068142059717,8.864348591733078,20.0,7.0,125.91590766294617,50.449132666642875,1.5,0
51.0618421332535,2.8885421583520934,1.6836563775930684,2.4878745209914306,330.96334938469545,1886.636622081525,0.08,72.47952081218077,150.930929766522,136742.51831518032,0.628878874027175,7596.8065730655735,35.743289493277445,6.481929451484499,4.775621487700974,42.22521894476194,24.0,27.0,161.844467489607,169.11888189508844,4.33281323752814,0
104.69374854380293,7.624169002631426,7.208101079136285,3.136886898996696,287.0220511039758,1628.1111563868299,0.06896551724137931,61.528624681577625,112.28352802667791,100175.44028121459,0.54270371879561,5565.302237845255,73.28562398066204,21.29570050531942,14.873750827145994,94.58132448598145,28.0,22.0,185.9393105556697,101.0827405483061,11.436253503947139,0
67.69790277763434,5.054350029417071,3.137580886188636,2.64597932631835,214.67933326434223,1223.7665980041045,0.15384615384615385,27.284489531123665,188.2717843083238,33389.84693178181,0.4079221993347015,1854.9914962101004,47.38853194434404,18.581979187921885,5.720586787467708,65.97051113226593,12.0,39.0,32.78273639018447,181.89659687415775,7.581525044125606,0
1.967299172328679,1.0,1.0,1.0,238.97857310159839,1183.9467651214588,0.16666666666666666,38.43455472728435,197.32446085357645,45504.466738251984,0.39464892170715293,2528.025929902888,1.3771094206300751,0.49670586904410374,0.10913251951971724,1.8738152896741789,11.0,19.0,99.21655591147348,139.7620171901249,1.5,0
23.359794563326957,2.9140045067270077,1.6104908616344762,1.0,317.5139341882784,1654.074033091216,0.25,33.67470537705294,413.518508272804,55700.45573618041,0.5513580110304054,3094.469763121134,16.35185619432887,4.573440258624875,1.645095092761115,20.925296452953745,7.0,29.0,28.87360238496754,288.64033180331086,4.371006760090512,0
69.0215747207081,6.7213887834528805,4.10798278153059,2.388891245644827,297.18933937695203,1710.2912149566387,0.09090909090909091,74.27344673682212,155.4810195415126,127029.2234585367,0.5700970716522129,7057.179081029816,48.31510230449567,16.051341949751855,6.340978548074339,64.36644425424753,21.0,32.0,63.7585067755111,233.43083260144093,10.08208317517932,0
4.136712473327017,1.0,1.0,1.0,136.02166594020187,587.8758595403419,0.3333333333333333,15.07862379090713,195.95861984678064,8864.358921764979,0.19595861984678065,492.4643845424988,2.8956987313289115,0.5841270394309945,0.2976922785358951,3.479825770759906,5.0,14.0,45.54992319475909,90.47174274544278,1.5,0
47.86251856449068,6.977349141292309,5.6089259014039285,4.5850093966364796,357.65352543695394,1928.5813365319334,0.09523809523809523,74.88603896372425,183.67441300304125,144423.81711224176,0.6428604455106445,8023.545395124542,33.503762995143475,10.062682050180875,2.394212590318144,43.56644504532435,20.0,21.0,192.90423971676057,164.74928572019334,10.466023711938464,0
44.74380225199727,6.455297163769437,4.019559630765423,2.519395083681408,291.11510236499106,1579.6676195246444,0.11764705882352941,44.07785699407804,185.8432493558405,69628.36343158295,0.5265558731748815,3868.24241286572,31.320661576398088,7.451874344333079,6.331254899124741,38.772535920731166,16.0,26.0,142.35233500997768,148.76276735501338,9.682945745654155,0
4.690279284757774,1.0,1.0,1.0,269.385119973566,1550.2810602046816,0.08333333333333333,27.612673083166683,129.1900883503901,42807.404102456916,0.5167603534015606,2378.189116803162,3.2831954993304415,0.45722734580134466,0.6303169763708899,3.740422845131786,23.0,30.0,194.95095774937758,74.43416222418846,1.5,0
54.65710410181824,8.151166436574176,5.6692702175013645,4.630096607764104,376.7431932565916,2187.8814377103663,0.07407407407407407,81.6629065562592,162.06529168224935,178668.7574039157,0.729293812570122,9926.042077995317,38.259972871272765,12.321600676975784,6.790009582126215,50.58157354824855,26.0,29.0,188.29033197291653,188.45286128367508,12.226749654861264,1
27.86126442370756,2.910059846003904,1.7958028357676936,1.7486863208800496,375.866239848478,2110.3798769478176,0.07142857142857142,124.49518842082739,150.74141978198696,262732.14042014105,0.7034599589826058,14596.23002334117,19.50288509659529,5.269015322089894,1.8606159035305347,24.771900418685185,27.0,21.0,172.9851920515741,202.88104779690389,4.3650897690058565,1
43.83612049938443,6.412208966438531,3.910017300794711,2.872638642681606,127.93444622221503,698.4493608184137,0.07407407407407407,41.77420011601901,51.73698969025286,29177.16336973398,0.2328164536061379,1620.9535205407765,30.6852843495691,6.121950745018596,2.7194332480170003,36.807235094587696,26.0,17.0,70.09324606157331,57.84120016064171,9.618313449657796,0
6.299215722032302,1.0,1.0,1.0,275.2982017197484,1493.8409290247394,0.10526315789473684,64.97313805352441,157.2464135815515,97059.53291152955,0.4979469763415798,5392.196272862752,4.409451005422611,1.7501413246634887,0.3575464761776642,6.159592330086099,18.0,24.0,94.81726268218061,180.48093903756782,1.5,0
24.050681661068236,2.082021209654959,1.6825859464364867,1.451477296162499,154.43169712988623,821.8743876966777,0.18181818181818182,17.436102628150184,149.4317068539414,14330.286171327365,0.2739581292322259,796.1270095181869,16.835477162747765,1.3284040339799257,2.9438736363033122,18.16388119672769,10.0,29.0,49.81508136098512,104.6166157689011,3.123031814482438,0
2.5964515776452703,1.0,1.0,1.0,91.07327450710329,386.8726685181243,0.18181818181818182,27.940539892376222,70.34048518511352,10809.431228000696,0.1289575561727081,600.5239571111498,1.8175161043516892,0.33479500306720666,0.3709830683680181,2.152311107418896,10.0,8.0,40.7803027008261,50.2929718062772,1.5,0
1.3068380940569173,1.0,1.0,1.0,171.21289782208015,856.0644891104007,0.1111111111111111,22.00239867091181,95.11827656782229,18835.472177417476,0.2853548297034669,1046.4151209676374,1.0,0.08392559906760412,0.12160596586536822,1.0839255990676042,17.0,14.0,132.38513546164756,38.8277623604326,1.5,0
23.783548729935564,1.5240568161275372,1.0888961756155158,1.0,176.4619076849522,874.2269319766195,0.08333333333333333,56.3798603687839,72.85224433138495,49288.79235547215,0.29140897732553983,2738.266241970675,16.648484110954893,5.746862381042728,1.4725362343103063,22.39534649199762,23.0,7.0,137.24113525449383,39.22077243045837,2.286085224191306,0
75.24256750954527,8.445328419916404,6.50672441065257,7.116167711725819,245.94235879435408,1380.8949830075744,0.07407407407407407,100.09137810923143,102.28851725982032,138215.68187335183,0.4602983276691915,7678.64899296399,52.66979725668168,16.969220254255262,7.617503516011448,69.63901751093695,26.0,22.0,68.85761290879077,177.0847458855633,12.667992629874606,1
27.20835722741948,3.4862662774472724,2.957103014163182,2.755700731024617,169.43246442889017,895.5187234397551,0.15384615384615385,27.621083787046285,137.77211129842388,24735.19769299821,0.298506241146585,1374.1776496110115,19.045850059193636,3.6143052452399127,2.309532176416628,22.660155304433548,12.0,26.0,45.13758738718189,124.29487704170828,5.229399416170908,0
18.61308305047606,2.007045766160658,1.7081425578643168,1.5137718578796684,322.92958489977485,1773.481840728285,0.2857142857142857,21.39485878800879,506.7090973509386,37943.39354547956,0.5911606135760951,2107.9663080821974,13.029158135333242,4.074696580750286,1.6283188971552944,17.10385471608353,6.0,38.0,44.796420655660604,278.13316424411425,3.0105686492409873,0
16.037970322499373,1.0375968736139487,1.0,1.0,165.58936813387402,869.0010009634959,0.07692307692307693,96.5030733036673,66.84623084334585,83861.26729694051,0.2896670003211653,4658.959294274473,11.22657922574956,2.38940588695081,1.798386727191893,13.61598511270037,25.0,12.0,65.22617189806003,100.363196235814,1.556395310420923,0
6.481302739912754,1.0,1.0,1.0,260.64899534617,1266.2278657907889,0.3333333333333333,22.562574873356173,422.07595526359626,28569.361028634667,0.4220759552635963,1587.1867238130371,4.5369119179389275,1.5494425795995455,0.7898881046667613,6.086354497538473,5.0,23.0,44.04827656195074,216.60071878421928,1.5,0
15.390753629736224,1.7483199032496102,1.2342772200512626,1.0,152.03363865456038,746.0124317302061,0.1,33.48436201910406,74.60124317302062,24979.750334806376,0.24867081057673537,1387.7639074892431,10.773527540815357,2.5170948954447745,0.9397649555687103,13.290622436260131,19.0,10.0,113.2622721061241,38.77136654843628,2.622479854874415,0
33.31545361689108,2.958964338658723,2.767411293845298,2.065694892946764,185.05928288729987,956.742613348037,0.3333333333333333,12.56740482211564,318.9142044493457,12023.77173251364,0.31891420444934565,667.98731847298,23.320817531823753,5.099594218284637,1.784343149209315,28.42041175010839,5.0,30.0,29.22346309306592,155.83581979423394,4.438446507988084,0
11.914228053212414,1.3988856105202343,1.1410842268114152,1.0,182.98782854793217,1021.9801605285934,0.2,14.115515544513102,204.3960321057187,14425.776842125355,0.3406600535095311,801.4320467847419,8.33995963724869,3.3798577479825167,1.7803792013023538,11.719817385231206,9.0,38.0,60.653360495485266,122.3344680524469,2.0983284157803515,0
49.4372517786464,3.756761378667499,2.8786260446812264,2.0340749896820776,271.34763472069386,1344.309450765467,0.09523809523809523,90.36243652060911,128.02947150147304,121475.07740884942,0.4481031502551557,6748.615411602746,34.60607624505248,5.572555895756502,3.6224075870690005,40.17863214080898,20.0,10.0,171.94895454802383,99.39868017267003,5.635142068001249,0
25.410692261821204,2.147691911213541,1.1977620254092913,1.7841996361338412,458.389180759595,2718.5858294657933,0.08333333333333333,105.4345077582711,226.54881912214944,286632.75872833707,0.9061952764885978,15924.042151574282,17.787484583274843,2.0356971856929786,1.4073217033651757,19.82318176896782,23.0,37.0,109.99689425400352,348.39228650559147,3.2215378668203116,1
29.38179607140652,4.164827997700987,3.3436028178118318,3.4873675334704886,223.70411686213646,1147.4417274416287,0.2222222222222222,24.342382681237982,254.98705054258414,27931.465633804895,0.38248057581387623,1551.7480907669387,20.56725724998456,5.762821440753948,2.026977623419078,26.33007869073851,8.0,26.0,59.39303376378007,164.3110830983564,6.247241996551481,0
58.34626254129481,4.612298342798117,2.576438861368262,3.899722041063872,264.08764885904856,1332.1621828997847,0.25,29.400896387057497,333.0405457249462,39166.762310192906,0.4440540609665949,2175.9312394551616,40.84238377890637,17.056389363698838,3.1446176001738326,57.89877314260521,7.0,25.0,45.6809899837643,218.40665887528425,6.918447514197176,0
10.674881739795335,1.035451005157486,1.0,1.0,148.53738757022614,742.6869378511308,0.09090909090909091,58.873154628046855,67.5169943501028,43724.32293234025,0.2475623126170436,2429.1290517966804,7.4724172178567345,1.5420913177885096,0.9519975834299388,9.014508535645245,21.0,10.0,86.86074938846278,61.67663818176337,1.5531765077362287,0
44.312052407547085,6.160000693417931,3.5199536478616973,4.402142779423987,259.4966927478873,1297.4834637394365,0.09090909090909091,66.71017981111983,117.9530421581306,86555.35516801238,0.4324944879131455,4808.630842667354,31.018436685282957,2.902846700655649,5.771209612828992,33.92128338593861,21.0,10.0,189.60983770766657,69.88685504022078,9.240001040126897,0
12.631932574913018,1.5255854665862314,1.2907014821469691,1.0,155.77449442111185,723.3943501265086,0.11764705882352941,19.292412138155612,85.10521766194219,13956.021941053845,0.24113145004216952,775.3345522807691,8.842352802439112,1.7031169434874747,1.0626543168359328,10.545469745926587,16.0,8.0,134.07053076568678,21.703963655425063,2.288378199879347,0
30.187181498494063,1.697133082727279,1.0235851842505233,1.0,404.25061856594505,2315.5153868537022,0.10526315789473684,70.31148541074816,243.7384617740739,162807.32634112696,0.7718384622845674,9044.851463395942,21.131027048945842,5.32752174361917,2.8502235871303716,26.45854879256501,18.0,34.0,130.81706419081328,273.43355437513173,2.5456996240909184,0
9.254171096486298,1.0,1.0,1.0,265.44196385507655,1422.1191255615263,0.07692307692307693,35.410639090803265,109.39377888934818,50358.14709938794,0.47403970852050875,2797.674838854886,6.477919767540408,0.8373243567823127,1.0879081141359372,7.315244124322721,25.0,15.0,220.11634581884837,45.32561803622818,1.5,0
6.733906341374198,1.0,1.0,1.0,382.07393150547193,2098.293903765178,0.18181818181818182,41.81291363266968,381.50798250275966,87735.78177409069,0.6994313012550594,4874.210098560594,4.7137344389619384,1.4445949919294694,0.6793798176218391,6.158329430891408,10.0,34.0,89.3835360767842,292.69039542868774,1.5,0
22.426374399353346,2.5362475484066165,1.5272222374507807,1.415161639973175,342.63619124375003,1859.2346882313284,0.25,28.094097942138283,464.8086720578321,52233.52142859188,0.6197448960771095,2901.8623015884377,15.69846207954734,6.715294058634869,3.053229067909868,22.413756138182208,7.0,35.0,53.668326696041945,288.9678645477081,3.8043713226099247,0
2.091245742754197,1.0,1.0,1.0,327.8081984442486,1767.645859800639,0.14285714285714285,48.135595859095645,252.520837114377,85086.6867293672,0.589215286600213,4727.038151631511,1.4638720199279378,0.3407368511327614,0.2856716289889794,1.8046088710606991,13.0,28.0,113.04938614982188,214.75881229442672,1.5,0
14.076110473526638,1.0,1.0,1.0,97.97862481476369,443.21237971884864,0.2,9.565932720399191,88.64247594376974,4239.739805238525,0.14773745990628287,235.54110029102918,9.853277331468647,1.9521051118386157,0.717755928136628,11.805382443307263,9.0,13.0,68.21794524018843,29.76067957457526,1.5,0
2.9222316651691496,1.0,1.0,1.0,239.3267208072457,1237.3011974145836,0.06896551724137931,54.206578882642205,85.33111706307473,67069.86495924128,0.41243373247152787,3726.103608846738,2.0455621656184046,0.4388491844306825,0.3734747386357681,2.484411350049087,28.0,7.0,208.35153287430728,30.975187932938404,1.5,0
51.16628613222781,5.268386405423229,4.7224712368796,3.260461828633152,289.598231115187,1689.194630391547,0.09090909090909091,41.904193209385504,153.56314821741336,70784.33816018392,0.5630648767971823,3932.463231121329,35.816400292559464,4.031214884311743,4.915717028681086,39.84761517687121,21.0,35.0,145.92671154015096,143.671519575036,7.902579608134843,0
70.8193816482758,5.254042433807722,2.8084062777326713,2.4839389595644987,281.0617513699206,1561.1824707923531,0.10526315789473684,42.41499991250284,164.33499692551084,66217.55436205862,0.5203941569307844,3678.753020114368,49.57356715379305,19.179191652226486,10.543876650800964,68.75275880601953,18.0,28.0,144.39119609630035,136.67055527362027,7.881063650711583,0
7.12249819733185,1.0,1.0,1.0,176.2609901524895,1045.3576354531738,0.07692307692307693,32.826378157595414,80.4121258040903,34315.305051315656,0.34845254515105795,1906.405836184203,4.985748738132295,1.0947736557810508,0.700306868798164,6.080522393913346,25.0,35.0,81.72102105861474,94.53996909387479,1.5,0
33.58150788729965,3.961342950776306,3.0911909810429967,1.90130692748437,158.28538835762504,660.0381982754665,0.25,30.213471858972515,165.00954956886662,19942.045529442727,0.22001273275848882,1107.8914183023737,23.507055521109756,4.930390069818142,4.993220791765098,28.437445590927897,7.0,10.0,63.32876251513999,94.95662584248504,5.942014426164459,0
59.084159305251056,3.4046609752683374,2.7721200039650915,2.2390724752174065,83.45624866400334,299.18752191131205,0.3333333333333333,13.779466983640736,99.72917397043734,4122.644580094214,0.09972917397043735,229.0358100052341,41.358911513675736,12.698519259749725,7.412517599696679,54.05743077342546,5.0,6.0,44.87374110980929,38.58250755419406,5.106991462902506,0
59.320981738250225,4.595619086500879,3.8801538728581746,2.5749545734118486,160.27614598897588,899.9040546611492,0.08,51.19712047024345,71.99232437289194,46072.4962981474,0.29996801822038305,2559.583127674856,41.524687216775156,9.521513209600375,4.4407976689310855,51.046200426375535,24.0,24.0,53.615478342635356,106.66066764634053,6.893428629751318,0
25.980363450363186,3.395543847024848,2.1277706652583603,1.3536108637158453,380.79061848396907,2230.6642062019646,0.07692307692307693,62.73760165568809,171.58955432322804,139946.52239630054,0.7435547354006549,7774.8067997944745,18.18625441525423,5.509353452597536,2.697787896690751,23.695607867851766,25.0,32.0,215.16335011295254,165.62726837101656,5.093315770537272,0
48.48069176182483,4.652521677664298,2.349474076192152,1.7211996722707685,165.50019623484445,898.0478817254173,0.07142857142857142,70.59175722611461,64.14627726610122,63394.778044187144,0.2993492939084724,3521.9321135659525,33.936484233277376,3.1687742510258334,7.233976800439455,37.10525848430321,27.0,15.0,81.83589137426416,83.66430486058027,6.978782516496447,0
9.214722029789582,1.0,1.0,1.0,77.84279150544518,296.3751353849606,0.3333333333333333,15.121677037522085,98.79171179498685,4481.689079243258,0.09879171179498686,248.98272662462543,6.4503054208527075,2.3352947068772916,1.250926719736529,8.78560012773,5.0,8.0,23.404754170365678,54.43803733507951,1.5,0
22.192334995551683,2.070136521024382,1.5895094050307648,1.7419118626596872,172.0197353621977,817.934489799181,0.25,20.367072776726843,204.48362244979526,16658.93128033486,0.27264482993306033,925.4961822408254,15.534634496886177,6.327611446512648,1.3256966222266922,21.862245943398825,7.0,19.0,55.636462352330035,116.38327300986766,3.105204781536573,0
11.46702943347491,1.0,1.0,1.0,165.84509956165562,836.5880449532328,0.08695652173913043,93.55135785715339,72.74678651767242,78263.94757243621,0.27886268165107764,4347.997087357568,8.026920603432437,2.4332044163010944,1.3833503195140124,10.460125019733532,22.0,10.0,72.29374170450224,93.55135785715339,1.5,0
8.3265935207871,1.0,1.0,1.0,450.9424169460083,2705.6545016760497,0.06666666666666667,84.1721136165884,180.3769667784033,227740.65812231033,0.9018848338920166,12652.258784572796,5.828615464550969,2.4034002956393286,0.704079750102175,8.232015760190297,29.0,34.0,247.76834959562242,203.17406735038583,1.5,0
20.973842577115775,1.983164148108049,1.827809184613166,1.3786893953489046,180.82261264278608,794.2303119432843,0.13333333333333333,59.623584711519015,105.89737492577123,47354.858284606584,0.26474343731442807,2630.8254602559214,14.681689803981042,1.8427215095267682,1.0633366150068506,16.52441131350781,14.0,6.0,121.19902793126708,59.62358471151901,2.9747462221620737,0
30.47895518091952,2.1615232015127783,1.6050332819942532,1.8566034969117484,324.9698821995085,1794.9912781815342,0.07407407407407407,108.82078582521547,132.96231690233586,195332.36144112248,0.5983304260605113,10851.797857840138,21.335268626643664,5.161734419500246,2.7537155961787656,26.49700304614391,26.0,19.0,157.55328862225394,167.41659357725456,3.2422848022691673,0
81.14279643829742,4.462683636786486,2.975780809827495,3.5370722222438653,69.37887053902298,313.8396193245291,0.25,12.035901001880065,78.45990483113228,3777.342588657758,0.1046132064415097,209.8523660365421,56.79995750680819,16.265210148847885,5.962002847416828,73.06516765565607,7.0,15.0,14.35760881614268,55.0212617228803,6.6940254551797285,0
27.610237635229016,3.7098486522966483,3.3232048916973,2.37416644936977,164.8928013906076,765.7384563870673,0.15384615384615385,52.3094495103766,117.80591636724114,40055.357122533016,0.25524615212902246,2225.2976179185007,19.32716634466031,5.395983650866551,3.6414293968871356,24.72314999552686,12.0,12.0,51.55566078479163,113.33714060581596,5.564772978444973,0
43.39380295925821,6.427457675527297,4.664065743118733,4.4620587340163915,212.76541173862114,1194.6160517760616,0.10526315789473684,25.527465142988014,125.74905808169069,30495.519620967378,0.3982053505920205,1694.1955344981877,30.375662071480743,6.524928482328709,3.6334959452008855,36.90059055380945,18.0,30.0,124.83747624610687,87.92793549251427,9.641186513290945,0
43.989009028144636,5.6884073558923465,3.3659506476473458,4.77275511773816,352.6420828895087,1850.640089193906,0.06896551724137931,107.5989306159121,127.63035097889008,199126.89455220048,0.6168800297313021,11062.605252900026,30.792306319701243,5.917449985379086,5.839645175841038,36.70975630508033,28.0,9.0,275.7857038781429,76.85637901136579,8.53261103383852,1
500.0,50.0,46.37435048903686,26.985563537608048,205.64904423306,1037.3748293809344,0.08695652173913043,50.4498634781264,90.20650690268995,52335.41851791281,0.3457916097936448,2907.523250995156,350.0,40.85300281880235,25.029896941739764,390.85300281880234,22.0,10.0,155.19918075493362,50.4498634781264,75.0,1
2.2886476930246697,1.0,1.0,1.0,348.203981228569,1965.213194761061,0.1,82.9606919553148,196.5213194761061,163035.44647709245,0.6550710649203537,9057.524804282913,1.6020533851172687,0.33857249858603067,0.18488134340884274,1.9406258837032992,19.0,30.0,77.49014432175228,270.7138369068167,1.5,0
8.79760354350507,1.2850017055514018,1.0,1.0,255.428814411596,1310.166679799787,0.07407407407407407,103.35812957437764,97.0493836888731,135416.37745477853,0.43672222659992904,7523.132080821029,6.158322480453549,0.7976365180156133,0.6520477715716662,6.955958998469162,26.0,8.0,183.87318624471916,71.55562816687683,1.9275025583271028,0
117.78574609273251,8.208791407025025,4.415097339039873,6.533628635281626,364.92711564026706,2070.021818730413,0.07142857142857142,109.28827891217377,147.85870133788663,226229.1218796946,0.6900072729101377,12568.284548871923,82.45002226491275,27.513739582269167,8.640377893274325,109.96376184718191,27.0,23.0,170.63684201862478,194.29027362164226,12.313187110537537,1
13.165296442638327,1.9108503719095853,1.3259640000317967,1.4915876731277777,249.11842273821068,1234.181570779041,0.2857142857142857,23.962301252514695,352.62330593686886,29573.83059930917,0.411393856926347,1642.9905888505095,9.215707509846828,1.3455951151768564,0.7480345283952943,10.561302625023684,6.0,24.0,49.4325789672549,199.68584377095578,2.8662755578643777,0
58.14638819222502,8.691834294417191,7.838025239894985,3.1522911059029877,204.16685672163942,1163.8408591840548,0.13333333333333333,30.244609900293174,155.17878122454064,35199.912772043775,0.38794695306135163,1955.5507095579876,40.70247173455751,3.758659653528919,3.9953794563588425,44.46113138808643,14.0,37.0,39.98183154861934,164.18502517302008,13.037751441625787,0
26.469984442960712,3.2074283817278615,3.049901997396053,2.072365756390896,112.06584166593777,555.1961793017886,0.2857142857142857,7.62438028150085,158.627479800511,4233.026801833167,0.1850653931005962,235.1681556573982,18.528989110072498,4.978779990858158,2.794038069364623,23.507769100930656,6.0,24.0,48.52933932009735,63.53650234584042,4.811142572591792,0
251.1983538555127,37.20608672495167,22.388255614240492,21.519591997958035,216.51424809952718,1136.2510796540591,0.09090909090909091,51.62384472119865,103.29555269582356,58657.64930035547,0.37875035988468636,3258.7582944641927,175.83884769885887,49.940099949018254,19.878859880217387,225.77894764787712,21.0,16.0,132.9327852175865,83.58146288194067,55.809130087427505,1
5.282157794968876,1.0,1.0,1.0,133.38821296992384,556.2188441609972,0.15384615384615385,16.940980599460346,85.57212987092264,9422.892647985711,0.18540628138699905,523.4940359992062,3.6975104564782133,1.4155034830429432,0.48458240005436837,5.1130139395211565,12.0,5.0,116.4472323704635,16.940980599460346,1.5,0
87.02197413462049,6.609682540971326,6.204345256678366,5.871651576672082,250.46314797813824,1294.8756906721223,0.3333333333333333,18.289375914241194,431.62523022404076,23682.468268915145,0.43162523022404076,1315.692681606397,60.91538189423434,16.903618444721808,7.63066869810784,77.81900033895616,5.0,30.0,23.674886641547445,226.7882613365908,9.914523811456988,0
163.9395178699096,15.36106537421108,10.671370049453131,6.5870941500026445,177.63103750737173,888.1551875368586,0.14285714285714285,29.36575494944038,126.87931250526552,26081.347594281655,0.2960517291789529,1448.9637552378697,114.7576625089367,22.35646704167209,22.556519003931683,137.1141295506088,13.0,18.0,91.7926768859306,85.83836062144111,23.04159806131662,0
5.945872892661155,1.0,1.0,1.0,288.9165967643919,1431.349537699683,0.125,68.94057379837022,178.91869221246037,98678.0584350481,0.477116512566561,5482.114357502672,4.162111024862808,1.4909452893461028,0.8355729224300479,5.653056314208911,15.0,15.0,141.8433726612021,147.0732241031898,1.5,0
51.39003552558407,2.945068183162551,2.8980440027203294,1.9346401096739814,194.49422594102643,1061.827926744826,0.07407407407407407,87.51325737480816,78.65392049961675,92924.02064097891,0.3539426422482754,5162.445591165495,35.97302486790885,9.510739654935406,5.102809404877102,45.483764522844254,26.0,17.0,73.32202342206128,121.17220251896515,4.417602274743826,0
6.3053748281851245,1.0,1.0,1.0,250.0154695213564,1201.9130979940355,0.09523809523809523,75.07363945440528,114.46791409467005,90231.9905743315,0.4006376993313452,5012.888365240639,4.413762379729587,0.44024171918047333,0.5234444432588113,4.85400409891006,20.0,7.0,189.9565579578322,60.05891156352422,1.5,0
20.825826747861413,3.08467530111837,2.5422629229880624,1.0,195.7612466940587,1099.1425989093973,0.16666666666666666,16.388162295361298,183.1904331515662,18012.92729667241,0.36638086630313244,1000.7181831484672,14.578078723502989,3.9873677709590654,1.2637126332033561,18.565446494462055,11.0,37.0,82.53394356247158,113.22730313158713,4.627012951677555,0
14.762563512219035,1.018775801020049,1.0,1.0,124.55890920158905,578.4336614873872,0.13333333333333333,56.6116463702426,77.12448819831829,32746.081892768583,0.19281122049579574,1819.2267718204769,10.333794458553324,4.089298537375961,2.14559523157202,14.423092995929284,14.0,10.0,35.597750619779255,88.9611585818098,1.5281637015300733,0
1.1237769380899916,1.0,1.0,1.0,250.35693579801244,1350.0040668171262,0.07142857142857142,118.21392480375015,96.428861915509,159589.27923947663,0.4500013556057087,8866.071068859812,1.0,0.16753059410669852,0.06295701207755668,1.1675305941066985,27.0,14.0,119.0081304605123,131.34880533750015,1.5,0
33.41754667728873,4.704852365802894,4.24334056521153,1.702963682527125,106.72609511909916,436.238947991067,0.25,18.573960354237187,109.05973699776675,8102.684924960216,0.145412982663689,450.1491624977898,23.392282674102113,4.146497663032332,2.6655515382790327,27.538780337134444,7.0,9.0,53.65763696413577,53.06845815496339,7.057278548704341,0
23.855313985379006,3.4439954797918158,2.468435945008743,1.3897015153532029,240.80434041271494,1359.065067162921,0.08695652173913043,72.65917786058294,118.1795710576453,98748.55043909578,0.453021689054307,5486.0305799497655,16.698719789765303,2.0483929353881267,1.9038119810029095,18.74711272515343,22.0,27.0,55.853705858503815,184.95063455421112,5.165993219687723,0
118.4978442097492,17.302292137594463,17.277916269638713,11.087041972562997,306.7222444620309,1674.5291195554103,0.06666666666666667,109.870074444431,111.63527463702735,183980.6390249204,0.5581763731851368,10221.146612495579,82.94849094682444,10.411384176627493,9.721578379452106,93.35987512345193,29.0,14.0,193.0635467608954,113.65869770113551,25.953438206391695,1
41.81990346194369,4.2717343481603836,3.329943549162384,2.0410969026382477,153.8700588659621,789.2430797575017,0.06896551724137931,40.784508216999605,54.43055722465529,32188.890871579904,0.26308102658583393,1788.2717150877725,29.27393242336058,6.615610597161419,2.7780411656691473,35.889543020522,28.0,6.0,133.4778047574623,20.392254108499802,6.407601522240576,0
313.8956823498245,46.37205738197847,30.632503576466316,40.01859570145261,220.79349681540504,1132.5123334671496,0.1111111111111111,48.33146579954108,125.83470371857217,54735.981112526,0.3775041111557165,3040.887839584778,219.72697764487714,62.44011533429291,40.27788329247711,282.16709297917004,17.0,17.0,118.44451041637689,102.34898639902816,69.55808607296771,1
22.838571944105812,2.871516962169846,1.7517851840355199,2.272070962595525,57.161124308572155,238.35760136486692,0.16666666666666666,24.463862761698664,39.72626689414449,5831.147647997783,0.07945253378828897,323.9526471109879,15.987000360874067,1.602213779897588,1.4216962205562296,17.589214140771656,11.0,6.0,26.02529897550113,31.13582533307103,4.3072754432547695,0
17.696447931374358,1.1709234119045084,1.0,1.0422861451443715,336.30034552250316,1935.3706554207095,0.06666666666666667,44.14020776718806,129.02471036138064,85427.66283678904,0.6451235518069032,4745.981268710502,12.38751355196205,5.041579049978397,2.008381660067397,17.429092601940447,29.0,24.0,260.1965390273513,76.10380649515183,1.7563851178567627,0
16.099239247074006,1.5727348534519918,1.0793154585821048,1.0,103.00467091901466,392.1753408184342,0.2222222222222222,16.46758459444084,87.15007573742982,6458.180600781234,0.13072511360614475,358.787811154513,11.269467472951805,3.8442311550433668,1.0043446437273476,15.113698627995172,8.0,5.0,78.3032940273534,24.70137689166126,2.3591022801779875,0
11.851963460939473,1.4439616573832432,1.0,1.273334743626173,198.85730849494539,985.178144039123,0.1111111111111111,20.090308678341167,109.46423822656922,19792.533016901238,0.32839271467970765,1099.5851676056243,8.29637442265763,2.3307594842497523,0.6761967529915526,10.627133906907382,17.0,13.0,165.76738831885405,33.08992017609133,2.165942486074865,0
1.4200596820475735,1.0,1.0,1.0,238.26955206215536,1316.0966330572671,0.08,25.274400200462075,105.28773064458137,33263.55300637006,0.4386988776857557,1847.9751670205587,1.0,0.3651110730147631,0.2001474012872635,1.365111073014763,24.0,21.0,191.93315169464154,46.33640036751381,1.5,0
15.421558723976382,1.7590064034558266,1.2878024662039886,1.0,55.26074367732685,234.74363348027038,0.3333333333333333,7.153088227160994,78.24787782675679,1679.1419210487174,0.0782478778267568,93.2856622804843,10.795091106783467,1.0802291309646237,1.0642861296889294,11.87532023774809,5.0,13.0,15.203449605225279,40.05729407210157,2.63850960518374,0
1.679631339023154,1.0,1.0,1.0,242.36708019988703,1165.144575943657,0.15384615384615385,54.59018002151282,179.25301168363953,63605.45215185345,0.38838152531455233,3533.636230658525,1.1757419373162077,0.28420994762745416,0.22192131662876657,1.459951884943662,12.0,15.0,96.79326680918618,145.57381339070085,1.5,0
34.55112162484908,2.2897019449086087,1.8967083616772515,1.0,161.06900542610998,845.2784651386767,0.10526315789473684,54.687820255219165,88.97668054091332,46226.43676711149,0.2817594883795589,2568.1353759506383,24.185785137394355,7.170162146537153,3.6093168280694696,31.355947283931506,18.0,19.0,39.54051597006742,121.52848945604258,3.434552917362913,0
4.535465158252461,1.0,1.0,1.0,315.8839323429608,1773.5966245238444,0.09523809523809523,93.91178072355905,168.9139642403661,166561.61729432776,0.5911988748412814,9253.423183018209,3.1748256107767228,1.1663548539086601,0.26208481111546045,4.341180464685383,20.0,28.0,43.53976824463956,272.34416409832124,1.5,0
6.867504898634854,1.0,1.0,1.0,295.5392095965351,1731.2630731315267,0.10526315789473684,47.91135105877527,182.23821822437122,82947.1528718987,0.5770876910438422,4608.175159549927,4.807253429044398,1.6884955053241528,0.9995297584410167,6.49574893436855,18.0,39.0,82.59987155753394,212.93933803900117,1.5,0
8.995349901497313,1.0,1.0,1.0,247.3603165709878,1403.1329283153627,0.11764705882352941,34.92891158838642,165.07446215474855,49009.90599988105,0.4677109761051209,2722.772555548947,6.296744931048119,1.0728512071042067,0.6719177059922838,7.369596138152326,16.0,34.0,94.54632837179722,152.8139881991906,1.5,0
15.706552070441857,1.0,1.0,1.0,399.4746864719023,2349.966987769937,0.08333333333333333,67.63268884293295,195.8305823141614,158934.58607500858,0.7833223292566457,8829.699226389366,10.994586449309299,4.479823447329045,2.135534041411461,15.474409896638344,23.0,35.0,187.75496487663398,211.71972159526834,1.5,0
20.25176410241596,1.0308926994848788,1.0,1.0,251.23664292857464,1308.8055750735818,0.07142857142857142,67.02053613511886,93.48611250525585,87716.851338064,0.4362685250245273,4873.158407670223,14.176234871691172,1.6421438670644,1.354458246648445,15.818378738755571,27.0,9.0,201.59180134700512,49.64484158156953,1.5463390492273184,0
73.80123749477204,6.324982615431955,3.1792951283308817,4.089601267239547,156.99292590295687,823.8874952621375,0.1,25.607857266845567,82.38874952621376,21097.99338261172,0.27462916508737917,1172.110743478429,51.660866246340426,19.83654788161833,9.992266019930703,71.49741412795876,19.0,18.0,105.77721136926574,51.21571453369113,9.487473923147931,0
10.043883957272127,1.4324527723878642,1.292426676655256,1.0,132.03323774434472,588.7931951081863,0.2857142857142857,20.04359208052964,168.2266271737675,11801.530622540186,0.19626439836939544,655.6405901411214,7.0307187700904885,2.9401969969820123,0.5154810640349301,9.970915767072501,6.0,15.0,25.13407998151996,106.89915776282474,2.148679158581796,0
35.73659963427758,2.6040430335488893,2.3082362095677413,2.0679521731479773,108.3299469885685,468.1942414075528,0.2857142857142857,10.385993781642505,133.7697832593008,4862.662479859673,0.15606474713585095,270.1479155477596,25.015619743994307,3.3695461150160457,3.6157593094210108,28.385165859010353,6.0,13.0,59.861976007570135,48.46797098099836,3.906064550323334,0
500.0,50.0,38.710479074839064,39.62088482300338,410.4098995719104,2480.6791834989485,0.07142857142857142,91.50740940771007,177.1913702499249,227000.52565362223,0.8268930611663162,12611.140314090124,350.0,115.25825802547315,63.472128971077844,465.25825802547314,27.0,38.0,146.05516128297015,264.3547382889402,75.0,1
31.58937542454887,2.2809925764339307,1.2162974645673588,1.3375974016151668,261.11424088753614,1416.8750022788308,0.07407407407407407,88.11380104414866,104.95370387250598,124846.24205522457,0.47229166742627693,6935.902336401366,22.112562797184207,1.8976173654401702,4.532429425953941,24.010180162624376,26.0,16.0,145.8885010605725,115.22573982696363,3.421488864650896,0
16.17411707767615,1.3289786611966492,1.1738304027557735,1.0,201.53853727540536,1204.65225266782,0.08333333333333333,36.061629325639736,100.38768772231833,43441.723002003826,0.40155075088927333,2413.4290556668793,11.321881954373305,2.448044913824537,2.279260033711506,13.769926868197842,23.0,39.0,76.10678309926713,125.43175417613821,1.9934679917949738,0
7.885439973756714,1.062990497965007,1.0,1.0,339.5368989685121,2074.0694513277745,0.06666666666666667,35.21364282621657,138.27129675518495,73035.54085582323,0.6913564837759248,4057.530047545735,5.519807981629699,1.4120522400069198,1.0405822696694487,6.931860221636619,29.0,39.0,242.39581530998362,97.14108365852846,1.5944857469475107,0
15.907682131908581,1.9548337207789044,1.7417177262133923,1.5314728706922387,237.51636640528724,1187.5818320264361,0.07407407407407407,89.33267079259812,87.96902459455082,106089.85683968817,0.39586061067547873,5893.880935538232,11.135377492336007,3.104564027890606,2.2082906728677183,14.239941520226612,26.0,5.0,196.28590296254964,41.230463442737594,2.932250581168357,0
6.934684699777593,1.0,1.0,1.0,245.55856760408076,1406.5399421726543,0.07407407407407407,71.08519799526822,104.18814386464105,99984.17027759623,0.4688466473908848,5554.676126533124,4.854279289844315,1.9693416638341867,0.484886805715767,6.8236209536785015,26.0,26.0,97.92007946006217,147.6384881440186,1.5,0
27.72664078033828,2.5749787327865024,2.3213459952307147,1.0954876845468273,137.19525767690718,793.175135619906,0.09090909090909091,25.124412974740554,72.10683051090055,19928.059668610364,0.264391711873302,1107.114426033909,19.408648546236794,6.0461453692523275,2.174279627278167,25.45479391548912,21.0,33.0,55.84001566346157,81.3552420134456,3.8624680991797535,0
22.742899035518377,1.2034854507233372,1.0,1.0,298.16303244664255,1553.266412885296,0.08,110.3143074907363,124.26131303082367,171347.5086860615,0.5177554709617653,9519.306038114528,15.920029324862863,3.873558914925981,1.7943431504481497,19.793588239788843,24.0,12.0,178.65586599834492,119.50716644829765,1.8052281760850057,0
1.4998077525064777,1.0,1.0,1.0,138.23892331905114,678.3232727812992,0.13333333333333333,16.158479452309248,90.44310303750656,10960.672665259784,0.22610775759376642,608.9262591810991,1.0498654267545344,0.37857961172595994,0.13154122850826291,1.4284450384804943,14.0,15.0,101.30525599948714,36.933667319563995,1.5,0
19.64318370864934,2.2833904841026316,1.9079525360760892,1.345554653283187,177.94583511548842,864.4574851531472,0.18181818181818182,35.81186130411359,157.17408820966313,30957.83156160734,0.28815249505104906,1719.8795312004079,13.750228596054537,5.650031891209504,1.7547662039110044,19.400260487264042,10.0,18.0,41.86076215985675,136.08507295563166,3.4250857261539474,0
73.06690842729613,4.519207456048854,3.661628605869287,3.6359067851602034,518.0919291337109,2981.560767943354,0.1,91.08075265373316,298.15607679433543,271562.7988271233,0.9938535893144514,15086.822157062406,51.14683589910729,4.056421737642818,7.632242825378775,55.20325763675011,19.0,34.0,182.53126146206236,335.5606676716485,6.778811184073282,1
12.441849841691207,1.0,1.0,1.0,236.04423400579606,1426.7443799331043,0.07407407407407407,49.60286256749486,105.68476888393364,70770.60539676744,0.4755814599777014,3931.7002998204134,8.709294889183845,3.67818802600382,0.8210124929375989,12.387482915187665,26.0,39.0,83.42004149042725,152.6241925153688,1.5,0
9.175380579236386,1.0,1.0,1.0,160.33004986255145,858.9765800416299,0.125,22.629771270415162,107.37207250520373,19438.443532985544,0.2863255266805433,1079.913529610308,6.422766405465469,0.6563428179650643,1.0930141503982103,7.0791092234305335,15.0,25.0,81.88017612511223,78.44987373743923,1.5,0
3.84494412987276,1.0,1.0,1.0,112.680061890482,478.6567351211045,0.2,12.032872037286696,95.7313470242209,5759.615243497683,0.15955224504036816,319.97862463876015,2.691460890910932,0.9750651230924897,0.2566756046598335,3.6665260140034217,9.0,9.0,85.94034625206712,26.73971563841488,1.5,0
2.1606509673185545,1.0,1.0,1.0,128.59171982948249,624.6961310623952,0.3333333333333333,10.604440328378914,208.23204368746508,6624.552845220343,0.2082320436874651,368.0307136233524,1.512455677122988,0.259458936934232,0.17507938056856204,1.77191461405722,5.0,23.0,26.78909267704489,101.80262715243758,1.5,0
54.46831304012862,2.968039921279633,2.597001983579395,1.575336592986669,135.84908776128535,673.0230493563827,0.15384615384615385,15.963346353326251,103.54200759328965,10743.700040647725,0.22434101645212756,596.8722244804292,38.12781912809003,4.5233163960251686,5.465051666114474,42.6511355241152,12.0,18.0,85.29849097575222,50.55059678553312,4.45205988191945,0
16.154941926570853,2.037150977301376,1.9436747653350952,1.1723282648350137,355.6376015991505,2065.3137761155876,0.07692307692307693,91.17690403491599,158.87029047042984,188308.91596688092,0.6884379253718625,10461.606442604496,11.308459348599596,2.584207675241461,2.0943921982662683,13.892667023841057,25.0,30.0,129.51887959255885,226.11872200659167,3.0557264659520635,0
50.72535450265207,4.421851229675227,3.8883887527686722,2.131206422539597,87.08622098095378,404.4158863464917,0.11764705882352941,17.765933404732454,47.57833957017549,7184.82570464762,0.13480529544883055,399.15698359153447,35.50774815185645,10.70249916933146,6.287251625116477,46.21024732118791,16.0,8.0,67.09954590062976,19.986675080324012,6.63277684451284,0
126.16473750299564,11.259675279804194,8.991725058433552,9.678061650900498,334.13507266960926,1845.6157755821991,0.11764705882352941,46.98291566153365,217.13126771555284,86712.41032777449,0.6152052585273997,4817.356129320805,88.31531625209693,18.32390925731693,14.452604137719657,106.63922550941386,16.0,29.0,157.94913893885803,176.1859337307512,16.88951291970629,0
60.67290494539482,7.609989950422207,6.293966752723248,2.824723704110866,336.7057185485737,1779.6251519202392,0.2,43.38505051408359,355.9250303840479,77209.12711219325,0.593208383973413,4289.395950677403,42.47103346177637,3.861305704780454,3.978766870491229,46.33233916655683,9.0,29.0,47.4720484546831,289.2336700938906,11.414984925633311,0
10.476694452207255,1.4860420332521935,1.4036617505826539,1.2783671446387586,287.93949735682315,1464.881493331138,0.16666666666666666,44.77927047312288,244.14691555518965,65596.32460094718,0.48829383111037933,3644.2402556081765,7.333686116545078,2.0939275216544413,1.096957416362015,9.427613638199519,11.0,22.0,100.68072992376383,187.2587674330593,2.2290630498782904,0
23.899109470364543,3.467590131369857,2.737327360642839,2.4630981751464507,113.77816084720656,499.7497982209096,0.2222222222222222,25.557251098516016,111.05551071575769,12772.231079564499,0.16658326607363655,709.5683933091389,16.729376629255178,6.586614144064382,1.4039448254498164,23.31599077331956,8.0,12.0,30.717094777029516,83.06106607017705,5.201385197054786,0
9.604892094109395,1.0345646211026134,1.0,1.0,117.14889771527874,569.1071187009679,0.18181818181818182,21.07908457717686,103.47402158199417,11996.257088571134,0.18970237290032263,666.4587271428408,6.723424465876576,1.4004301643874688,0.8426978640476855,8.123854630264045,10.0,18.0,37.04837632200666,80.10052139327207,1.55184693165392,0
8.585320660276112,1.0,1.0,1.0,289.91623612428543,1668.4353239459233,0.1111111111111111,57.818838033565704,185.38170266065814,96466.99176470906,0.5561451079819745,5359.2773202616145,6.009724462193279,0.8935875993360199,0.7842832341002136,6.903312061529299,17.0,36.0,38.234235272293546,251.6820008519919,1.5,0
30.306984420607073,3.9021730085888895,2.87574780096173,2.2841670762059696,403.1243037900188,2400.2812422538077,0.08,72.6329284161628,192.02249938030462,174339.45564727913,0.8000937474179359,9685.52531373773,21.21488909442495,4.86864540305522,1.636005688534794,26.083534497480173,24.0,37.0,173.12003047216993,230.00427331784888,5.8532595128833345,0
7.398278516623595,1.0,1.0,1.0,240.05001516633195,1333.3791380879552,0.1,49.54725370510865,133.33791380879552,66065.27443994302,0.44445971269598505,3670.293024441279,5.178794961636516,0.4593641273706473,0.5726179528431019,5.638159089007163,19.0,27.0,94.01600424601169,146.03401092032024,1.5,0
1.4176747891971695,1.0,1.0,1.0,120.27203925553,571.8800163158337,0.25,10.126896021289307,142.97000407895842,5791.36946188368,0.1906266721052779,321.74274788242667,1.0,0.36167988030160053,0.20636375516519923,1.3616798803016006,7.0,19.0,62.40406199101968,57.86797726451032,1.5,0
6.918662877243156,1.0,1.0,1.0,492.6481875565545,2966.908587887399,0.07142857142857142,119.52290642370804,211.92204199195706,354613.53751776135,0.9889695292957996,19700.752084320076,4.843064014070209,1.7752265170301733,1.0057193960941433,6.618290531100382,27.0,37.0,156.21333984537634,336.4348477111782,1.5,1
13.897967710578081,1.607482131544332,1.055976559082335,1.4189092778398502,279.2966076063601,1506.0559633187786,0.15384615384615385,32.470007705309364,231.70091743365825,48901.648733587856,0.5020186544395928,2716.758262977103,9.728577397404656,2.737901249166385,1.1845613878853924,12.46647864657104,12.0,29.0,116.94656907981329,162.35003852654683,2.411223197316498,0
124.67099126027496,9.230626639846347,5.72991438506831,5.882801001575355,158.31748100088777,874.4764150352827,0.08,40.74359017412102,69.95811320282262,35629.308671132116,0.29149213834509424,1979.4060372851175,87.26969388219247,17.2389713582177,6.770882893615089,104.50866524041017,24.0,21.0,83.62089901499925,74.69658198588853,13.84593995976952,0
11.143708294872793,1.0,1.0,1.0,361.8364747325754,2119.6311923273847,0.09523809523809523,48.12020206833624,201.8696373645128,101997.08128514222,0.7065437307757949,5666.504515841235,7.800595806410954,2.785323542862576,0.7567635908397593,10.585919349273532,20.0,37.0,178.9797068728977,182.85676785967772,1.5,0
37.12567984339256,5.265309027329774,3.7511400027758883,1.7958403796913263,171.49540010106537,786.2999785095559,0.1111111111111111,38.709277004543175,87.36666427883954,30437.103676792743,0.26209999283651864,1690.9502042662634,25.98797589037479,7.004567216063847,3.312419214959177,32.99254310643864,17.0,6.0,139.61717197967687,31.878228121388496,7.897963540994661,0
16.41228466312014,1.0,1.0,1.0,334.847701618983,1793.9639750505405,0.08695652173913043,89.83263297778572,155.99686739569918,161156.50734608475,0.5979879916835135,8953.139297004709,11.488599264184097,4.2094732732537175,2.3761372532557097,15.698072537437815,22.0,18.0,179.68224465735315,155.1654569616299,1.5,0
87.50414578528942,8.802548741230218,6.632982998179381,3.2553153646387787,201.30487199400358,934.8308758411621,0.13333333333333333,50.07491391948955,124.64411677882161,46811.57563702722,0.31161029194705403,2600.643090945957,61.25290204970259,18.18902285016134,5.610757633314888,79.44192489986393,14.0,10.0,122.61572154909142,78.68915044491216,13.203823111845328,0
80.520810179017,5.804365010398058,3.4475617467715987,3.875443926902876,267.572805824819,1361.266706962859,0.08333333333333333,85.25095474091205,113.43889224690491,116049.28642560108,0.45375556898761965,6447.18257920006,56.3645671253119,19.816281561938265,10.173931940618862,76.18084868725016,23.0,10.0,186.02841433351182,81.54439149130718,8.706547515597087,0
82.3855556704514,4.440004449604111,2.3908795020743248,3.832120309888183,161.82276484208202,786.1319161818327,0.09090909090909091,19.18579793550557,71.46653783471207,15082.568094516442,0.2620439720606109,837.9204496953579,57.66988896931597,16.44751398352602,5.014664923328542,74.11740295284199,21.0,7.0,147.20501403407778,14.617750808004244,6.6600066744061674,0
2.507333316582195,1.0,1.0,1.0,144.02040444067381,766.4662366298627,0.06896551724137931,68.39181047978884,52.85974045723191,52420.01359474656,0.25548874554328754,2912.22297748592,1.7551333216075364,0.3849640903546297,0.37140064742329776,2.140097411962166,28.0,11.0,85.39885260085481,58.62155183981901,1.5,0
25.74058313410485,1.7380602158847647,1.2016937595207469,1.0,122.1938555833814,631.7330690031548,0.08333333333333333,62.107995646569016,52.644422416929565,39235.674699441624,0.21057768966771828,2179.7597055245346,18.018408193873395,7.4515504180553185,2.2693322787717163,25.469958611928714,23.0,12.0,51.98481702639035,70.20903855699106,2.607090323827147,0
49.935207752564814,6.824996160230377,6.216994607516975,3.499856140381115,293.82036120529295,1632.0513027468169,0.07142857142857142,27.619127602045616,116.57509305334406,45075.83318364911,0.5440171009156056,2504.212954647173,34.954645426795366,9.251918203405761,6.367910163317056,44.20656363020113,27.0,19.0,252.90313512818832,40.917226077104615,10.237494240345566,0
31.748525239401523,2.4842546152449834,2.0613236430222917,1.566069209666896,196.98950975418217,1068.9172338251637,0.2,17.813473293797077,213.78344676503275,19041.128598024,0.35630574460838793,1057.840477668,22.223967667581064,6.3901012248404765,2.675102425912388,28.614068892421543,9.0,33.0,62.39882264549314,134.59068710868902,3.726381922867475,0
43.116924118012015,6.253933799396966,5.616787559709249,3.389160908375543,508.3532458393872,3038.569650401787,0.07692307692307693,98.37032488294473,233.73612695398361,298905.08368947956,1.012856550133929,16605.837982748864,30.181846882608408,4.5325334103019355,4.862161340670016,34.71438029291034,25.0,37.0,209.30745819523526,299.04578764415197,9.380900699095449,1
21.54235947896321,2.3300696256033677,1.4818614159277157,1.8644900401056352,263.3026678849985,1567.755773635879,0.07142857142857142,40.613338269625274,111.98255525970563,63671.795558832026,0.5225852578786263,3537.321975490668,15.079651635274246,4.4466165274830365,1.4907659262694537,19.526268162757283,27.0,34.0,158.0088279267108,105.29383995828775,3.4951044384050514,0
8.217441864449482,1.0,1.0,1.0,232.95696425233177,1279.3654254407295,0.14285714285714285,39.55999787192431,182.76648934867563,50611.693507848795,0.4264551418135765,2811.760750436044,5.752209305114637,1.585160250447651,0.5308640169285187,7.337369555562288,13.0,31.0,38.20005165208902,194.75691260024274,1.5,0
2.6208092339854367,1.0,1.0,1.0,170.83707561447716,964.1798866497795,0.11764705882352941,28.897245697070755,113.43292784115053,27862.14308069251,0.3213932955499265,1547.8968378162506,1.8345664637898056,0.2521470067329313,0.37688917760434804,2.086713470522737,16.0,33.0,48.023781401926456,122.8132942125507,1.5,0
9.256413712926614,1.0,1.0,1.0,264.7008067403867,1582.190817863545,0.07692307692307693,25.522285952168556,121.70698598950347,40381.12648440883,0.5273969392878483,2243.3959158004905,6.479489599048629,0.6007113919096139,1.3122329703287685,7.080200990958243,25.0,37.0,187.11305744579428,77.58774929459241,1.5,0
499.5620668694256,50.0,40.90935703833436,22.660091212897328,149.0301972806648,776.3658628041056,0.3333333333333333,9.517028240991117,258.78862093470184,7388.695841648108,0.2587886209347019,410.4831023137838,349.6934468085979,100.45685106559905,69.3126851489879,450.15029787419695,5.0,31.0,27.212235795978508,121.8179614846863,75.0,1
11.2146234146866,1.0,1.0,1.0,380.8796205213894,2066.7536606195254,0.3333333333333333,23.87227838509052,688.9178868731751,49338.118739714206,0.6889178868731751,2741.006596650789,7.850236390280619,2.7018614721021423,1.2621312321909803,10.552097862382762,5.0,37.0,18.02098906801347,362.85863145337595,1.5,0
1.913112943473672,1.0,1.0,1.0,180.02074626520977,865.4236206305392,0.1,71.03717378053975,86.54236206305393,61477.24813251552,0.2884745402101797,3415.40267402864,1.3391790604315703,0.34598713150937316,0.25028648484130095,1.6851661919409435,19.0,8.0,112.72237110469841,67.29837516051134,1.5,0
48.38448637379054,6.7452536784699095,4.0165509643710555,3.695748168463798,266.6739709983814,1345.2086110902019,0.2857142857142857,27.954660224308327,384.3453174543434,37604.84965384032,0.44840287036340065,2089.15831410224,33.86914046165337,5.162293568621303,2.7532559920171926,39.031434030274674,6.0,26.0,15.082028979606436,251.59194201877494,10.117880517704865,0
56.067258259936736,8.109885088457135,6.871671721410472,5.721473284180547,208.46704570666034,1051.5899394427074,0.07407407407407407,65.77441763000716,77.89555106983018,69167.71585241858,0.3505299798142358,3842.650880689921,39.24708078195571,12.145877863789819,4.680433280424986,51.39295864574553,26.0,6.0,173.05005159819495,35.416994108465396,12.164827632685704,0
94.14058670203734,13.109624855232589,7.9884522458088245,9.109824491365968,123.32939896149603,632.5913915832317,0.09523809523809523,26.860302834586925,60.24679919840302,16991.596348478368,0.21086379719441056,943.9775749154649,65.89841069142614,6.592329360407107,7.6602489565919765,72.49074005183324,20.0,14.0,83.03894470961563,40.29045425188039,19.664437282848883,0
35.34561023051511,3.2498450421644223,2.5922442047615806,1.1116578666664327,300.4867945539335,1588.193570674165,0.06666666666666667,83.30697064885355,105.87957137827766,132307.59517685056,0.5293978568913883,7350.4219542694755,24.74192716136058,5.671500990684347,4.014007690984491,30.413428152044926,29.0,9.0,243.03371134782762,57.453083206105894,4.874767563246634,0
55.40787974816337,7.094233782430201,4.485808265229198,3.8107073277402326,132.6850095273787,630.9022935261737,0.15384615384615385,31.556104588286246,97.06189131171904,19908.818759501606,0.21030076450872456,1106.0454866389782,38.785515823714356,5.033345413454899,4.742680538196691,43.81886123716926,12.0,14.0,53.79474805666308,78.89026147071561,10.6413506736453,0
182.77585422490398,17.845059766440638,14.828967574907432,7.299830779794012,419.8396367660513,2427.2439621400754,0.1111111111111111,72.45795842560194,269.6937735711195,175873.14209753892,0.8090813207133585,9770.73011652994,127.94309795743278,17.56745786799154,11.853138098556704,145.51055582542432,17.0,37.0,95.90994027512497,323.92969649092635,26.767589649660955,1
8.210647680107964,1.0,1.0,1.0,99.6633389682774,540.7996635794918,0.07692307692307693,32.874465962956435,41.59997412149937,17778.500133122296,0.18026655452649729,987.6944518401275,5.747453376075574,0.825773470094319,0.9002704849058977,6.573226846169893,25.0,17.0,52.32410798162013,47.33923098665726,1.5,0
6.471313834391606,1.0,1.0,1.0,219.60539387788026,1176.5473181953812,0.3333333333333333,14.354688775423465,392.18243939846036,16888.97058225382,0.3921824393984604,938.2761434585456,4.529919684074124,0.9491913737459697,0.8505790849527707,5.479111057820094,5.0,35.0,12.897875511782356,206.7075183660979,1.5,0
5.400524899927238,1.0,1.0,1.0,192.40986991652204,1080.325590725223,0.09523809523809523,30.90031065222499,102.88815149764028,33382.39635895786,0.360108530241741,1854.5775754976592,3.7803674299490666,0.3390857347687008,0.47639298966419125,4.1194531647177675,20.0,28.0,102.79896902506957,89.61090089145247,1.5,0
14.60080254745358,1.001813476381643,1.0,1.0,151.58535834239598,750.9836230085705,0.16666666666666666,24.021453744004507,125.16393716809507,18039.718362605294,0.25032787433619014,1002.2065757002941,10.220561783217505,2.182065998792154,0.9231630666085112,12.40262778200966,11.0,19.0,64.23461745510687,87.35074088728912,1.5027202145724647,0
112.18024452013546,9.328513127567065,5.076506632895734,3.7400079448237618,321.863747894969,1746.5179110187917,0.2,34.49941788049136,349.30358220375837,60253.851248000115,0.5821726370062639,3347.4361804444507,78.52617116409482,19.95987886103213,7.815465232884487,98.48605002512696,9.0,33.0,61.201479464589866,260.66226843037913,13.992769691350599,0
37.8519327237885,5.129051203041935,4.356997766329955,4.244793181270661,182.36355679093666,963.8647477024283,0.07407407407407407,69.69774041940158,71.3973887186984,67179.19498477585,0.3212882492341428,3732.177499154214,26.49635290665195,6.466002326273628,2.7915168452188706,32.962355232925574,26.0,12.0,112.66581637153507,69.69774041940158,7.693576804562902,0
36.104963293795194,2.552894613748846,1.74662311591692,1.619107819712492,249.18004393382859,1298.0918185186529,0.07142857142857142,60.83634131616878,92.72084417990376,78971.15693112699,0.43269727283955095,4387.286496173721,25.273474305656634,5.260349638314808,2.888027323386286,30.53382394397144,27.0,9.0,204.11608740333318,45.06395653049539,3.8293419206232695,0
2.2633148480861176,1.0,1.0,1.0,232.3085917850848,1244.6053616081851,0.25,17.514590629373902,311.1513404020463,21798.753403691237,0.414868453869395,1211.0418557606242,1.5843203936602823,0.587978986846215,0.2586505051396551,2.172299380506497,7.0,33.0,62.16685424259546,170.14173754248932,1.5,0
8.74232180659373,1.0,1.0,1.0,177.22551975633192,823.0098269064847,0.11764705882352941,40.35963838042946,96.82468551840996,33216.37899748557,0.2743366089688282,1845.3543887491983,6.11962526461561,0.7547392683866646,0.9624819717345,6.874364533002275,16.0,8.0,131.82092657834878,45.404593177983145,1.5,0
2.2193421886703946,1.0,1.0,1.0,178.82112966688044,931.5603357887012,0.09523809523809523,77.93065741831958,88.7200319798763,72597.10939284402,0.3105201119295671,4033.1727440468903,1.5535395320692762,0.3915456389703313,0.26545104977947753,1.9450851710396075,20.0,16.0,46.33901205573714,132.48211761114328,1.5,0
81.89966882383686,8.246645040102702,4.262181194541273,7.214748987683926,189.2333433645718,928.547312931175,0.08333333333333333,90.06153547071563,77.37894274426458,83626.39675978871,0.30951577097705835,4645.910931099373,57.329768176685796,5.3652763167176865,7.0638626893033,62.695044493403486,23.0,6.0,134.41327829544053,54.820065069131246,12.369967560154054,0
134.66305794055822,12.246421051893822,11.506650103001638,5.293731067886331,324.47797509908276,1738.4076259465076,0.2,42.036047191824494,347.6815251893015,73075.78500291497,0.5794692086488359,4059.765833495276,94.26414055839075,9.12866322391184,17.829357250827655,103.3928037823026,9.0,31.0,25.55497284610859,298.9230022529742,18.369631577840735,0
51.186717404142776,6.709957147719599,4.17156923100651,5.580732173962753,392.6783114508883,2338.083753209827,0.07407407407407407,104.84245349914649,173.19138912665386,245130.4371730112,0.7793612510699424,13618.357620722843,35.83070218289994,9.90291313903459,3.603993613932374,45.73361532193453,26.0,35.0,102.34536329940572,290.3329481514826,10.064935721579399,1
6.146339768901904,1.0,1.0,1.0,422.60337661750106,2496.271911014322,0.06666666666666667,63.47148378074466,166.4181274009548,158442.08211227402,0.832090637004774,8802.337895126335,4.302437838231333,1.1770523771499026,0.5956053684157259,5.479490215381235,29.0,30.0,286.905721637978,135.69765497952307,1.5,0
118.91714526560561,9.896178197374276,5.140962250324708,8.41029006666674,289.1767652872803,1632.0720767056496,0.10526315789473684,65.43489574953631,171.79706070585783,106794.4661949634,0.5440240255685499,5933.025899720189,83.24200168592392,32.04916696202885,15.470391893119352,115.29116864795277,18.0,31.0,56.51935817781791,232.65740710946244,14.844267296061414,0
14.821726454222514,1.7691480338697039,1.474449892544625,1.2052296462418093,103.42737198048584,439.35197907906996,0.2,22.2783412193947,87.87039581581399,9788.033305339883,0.14645065969302332,543.7796280744379,10.375208517955759,2.8082490768724404,1.0081125422166775,13.1834575948282,9.0,9.0,53.91994704849763,49.50742493198822,2.653722050804556,0
4.676962510969497,1.0,1.0,1.0,228.85643104919595,1249.426035798467,0.1,36.82076858447989,124.9426035798467,46004.82692755944,0.41647534526615565,2555.823718197747,3.273873757678648,1.3560747807481361,0.28523069197887685,4.629948538426784,19.0,24.0,131.95967161635411,96.89675943284183,1.5,0
6.313655923716108,1.0,1.0,1.0,290.9187045825202,1515.527424711824,0.09090909090909091,85.90613687979142,137.77522042834764,130193.10639237174,0.5051758082372747,7232.950355131764,4.419559146601276,0.39254342569947404,0.8736104479144284,4.812102572300749,21.0,15.0,160.01411505140948,130.90458953111073,1.5,0
11.986871836458311,1.0,1.0,1.0,148.89316150589605,751.0757883130304,0.10526315789473684,19.382250650268237,79.06060929610847,14557.539186430962,0.25035859610434347,808.7521770239423,8.390810285520818,0.8930449809366029,1.0104089834643508,9.28385526645742,18.0,14.0,116.58941042211563,32.3037510837804,1.5,0
21.316772935309128,2.932938727686607,1.9434980900164507,1.8148332996317944,142.01696207531714,728.4451916910416,0.08,100.51741022272788,58.27561533528333,73221.42415798207,0.24281506389701388,4067.85689766567,14.921741054716389,1.3006741380891027,2.523629063758189,16.222415192805492,24.0,10.0,49.87600270448326,92.14095937083388,4.39940809152991,0
16.550013971429433,1.7197029365417162,1.6345440172849344,1.2149062252123877,109.8070507975419,489.6770342758702,0.2,23.64294343983732,97.93540685517405,11577.40642517168,0.16322567809195673,643.1892458428712,11.585009780000602,1.5940843139721035,0.8694526740439135,13.179094093972706,9.0,12.0,41.50521419356742,68.30183660397448,2.5795544048125745,0
3.686943880389057,1.0,1.0,1.0,289.9026093438316,1582.7034717771708,0.11764705882352941,54.75300542588245,186.20040844437304,86657.77177777843,0.5275678239257235,4814.3206543210235,2.5808607162723396,0.6832553248129344,0.43876360925972596,3.264116041085274,16.0,27.0,98.26709035324306,191.63551899058857,1.5,0
86.14050059517547,7.96996190583688,7.274246652692898,5.888987943357981,272.3035811925612,1544.6217346662768,0.09523809523809523,70.40159397722189,147.10683187297874,108743.83221236739,0.5148739115554256,6041.324011798188,60.298350416622824,18.209502749378295,7.029937551303529,78.50785316600113,20.0,30.0,54.05863986317334,218.24494132938784,11.95494285875532,0
