loc,v_g,ev_g,iv_g,n,v,l,d,i,e,b,t,lOCode,lOComment,lOBlank,locCodeAndComment,uniq_Op,uniq_Opnd,total_Op,total_Opnd,branchCount,defects
2.511817227081931,1.0,1.0,1.0,114.83320692138113,557.8575368336215,0.08695652173913043,34.69200101765711,48.50935102901056,19353.194235539686,0.18595251227787382,1075.1774575299826,1.7582720589573515,0.18694386069498678,0.31083413813235566,1.9452159196523382,22.0,6.0,92.75647900105388,22.07672792032725,1.5,0
12.530413831051332,1.0,1.0,1.0,376.99877968342577,2082.37611693929,0.16666666666666666,43.86066253434319,347.06268615654835,91334.39613465017,0.6941253723130967,5074.133118591676,8.771289681735931,2.0945883572062143,1.4473367486564996,10.865878038942146,11.0,34.0,97.88547264669639,279.1133070367294,1.5,0
20.92711363783519,1.0931171787074674,1.0488102662563428,1.0,231.01202008265392,1276.009205520426,0.09090909090909091,59.38402974264122,116.00083686549327,75774.56861250896,0.425336401840142,4209.698256250497,14.648979546484632,1.4725060838986164,1.4528504694529665,16.121485630383248,21.0,24.0,89.6214730763653,141.3905470062886,1.639675768061201,0
7.202660199191453,1.0,1.0,1.0,248.42501348883087,1364.3136795343771,0.08695652173913043,39.96156843092888,118.63597213342409,54520.11446596538,0.454771226511459,3028.895248109188,5.041862139434017,1.5884133776001608,0.6166938770013374,6.630275517034178,22.0,22.0,164.86900676961596,83.55600671921492,1.5,0
11.60701665632666,1.150416149254868,1.1010813443783487,1.0,168.15966983774751,833.0960158660438,0.11764705882352941,26.591763671723037,98.01129598424045,22153.492369763862,0.2776986719553479,1230.7495760979923,8.124911659428662,2.8738051204764345,0.886130034687067,10.998716779905097,16.0,14.0,118.3001129532668,49.859556884480696,1.7256242238823019,0
3.7066476807117157,1.0,1.0,1.0,138.31318329882987,741.0200724477544,0.15384615384615385,19.25168329826988,114.00308806888529,14265.88375242517,0.24700669081591814,792.5490973569539,2.5946533764982007,1.0771335860052573,0.4126870957521344,3.6717869625034583,12.0,28.0,45.26338069052544,93.04980260830442,1.5,0
22.031964565334835,1.326174244093395,1.0,1.0979290287553916,124.97655012977489,641.0400960970256,0.07407407407407407,94.9553461381172,47.484451562742635,60870.18421330499,0.21368003203234187,3381.676900739166,15.422375195734384,1.9211989161420693,1.8607497304443312,17.343574111876453,26.0,8.0,59.23823357261682,65.73831655715807,1.9892613661400924,0
71.29549193189975,4.0119512644015725,3.958405916327055,3.4348897422916127,62.29915940091902,243.39599997776654,0.2857142857142857,10.21839328640665,69.54171427936187,2487.116052111043,0.08113199999258884,138.17311400616904,49.90684435232982,13.054567030693496,5.76819201830052,62.96141138302332,6.0,8.0,31.643979541699068,30.65517985921995,6.017926896602359,0
5.383977193063669,1.0,1.0,1.0,153.0723452124234,743.6225439215598,0.16666666666666666,32.273800728713766,123.93709065359329,23999.525799903622,0.24787418130718658,1333.3069888835346,3.768784035144568,1.0331009204087052,0.3808506913544702,4.801884955553273,11.0,17.0,47.44899737299653,105.62334783942686,1.5,0
9.514280497091567,1.2413634409144598,1.0242353982823684,1.1086639756186891,230.53333172102643,1209.8222143045914,0.2222222222222222,21.701167432766546,268.8493809565758,26254.554436504306,0.4032740714348638,1458.5863575835726,6.659996347964097,2.6698891484488296,0.8648739007845536,9.329885496412928,8.0,29.0,67.77457597527734,162.75875574574908,1.8620451613716897,0
36.710231208981774,5.208167685971842,2.935113137042673,3.781200773694387,297.6911794631874,1584.2910515852927,0.08695652173913043,68.9498836247507,137.7644392682863,109236.68363453983,0.5280970171950976,6068.704646363324,25.69716184628724,7.592379187521939,2.5532060892561184,33.28954103380918,22.0,17.0,184.86409716814074,112.82708229504661,7.812251528957764,1
86.01389587883172,12.014002644444426,9.047565696022346,7.3553969408699915,254.94117864074022,1286.0237823176628,0.18181818181818182,43.12592662289787,233.8225058759387,55460.96727153311,0.4286745941058876,3081.164848418506,60.2097271151822,7.429657671417173,12.580130820424554,67.63938478659936,10.0,22.0,56.56191617541004,198.37926246533019,18.02100396666664,0
3.347360836492251,1.0,1.0,1.0,339.45268681192243,1830.4366373049913,0.14285714285714285,56.118627584793096,261.4909481864273,102721.5919664798,0.6101455457683305,5706.7551092488775,2.343152585544576,0.5325243750210932,0.21908537312126125,2.875676960565669,13.0,28.0,89.07727143361477,250.37541537830765,1.5,0
16.402902733295296,2.3090781878545354,1.7484876069407276,1.4111028023660528,122.49464111023349,529.4130308874626,0.14285714285714285,31.247962058479462,75.63043298392323,16543.078302436046,0.17647101029582085,919.0599056908915,11.482031913306706,3.505146653788394,2.3182299771976442,14.9871785670951,13.0,6.0,88.84298966264022,33.65165144759327,3.4636172817818034,0
28.212269917837883,2.8980341958434335,2.274220509064084,1.433874389296491,233.65918359105586,1356.9418099114796,0.10526315789473684,18.603570840981654,142.83597999068206,25243.963087778073,0.45231393663715985,1402.4423937654485,19.748588942486517,6.3497668500916,2.619433365664468,26.09835579257812,18.0,37.0,155.11077337357776,78.5484102174781,4.34705129376515,0
17.770367648733824,1.278428038940479,1.0,1.0,189.26589200725874,978.4904670086077,0.15384615384615385,31.116415062857946,150.5369949244012,30447.115506489547,0.32616348900286923,1691.5064170271971,12.439257354113677,4.722803948191008,1.5600001416372067,17.162061302304686,12.0,23.0,64.80023175582696,124.46566025143179,1.9176420584107183,0
1.0282409428222283,1.0,1.0,1.0,185.72631697356428,967.5325870438037,0.08333333333333333,73.14339076851942,80.62771558698364,70768.61409542146,0.3225108623479346,3931.589671967859,1.0,0.09781324991484339,0.07519729615869661,1.0978132499148434,23.0,13.0,96.68218908145367,89.0441278921106,1.5,0
36.646136664642285,2.6154823215776015,2.2393685121641287,1.759365808942143,235.6297337449745,1254.0045000082087,0.25,21.93203709551101,313.50112500205216,27502.873212117767,0.4180015000027362,1527.9374006732094,25.652295665249596,10.54989272127439,4.162108184696526,36.202188386523986,7.0,32.0,28.841955415870657,206.78777832910382,3.923223482366402,0
124.36286480465867,9.541209483642755,5.321465398822058,4.438636582340696,419.586706163332,2498.3016177250934,0.08695652173913043,77.33463787765763,217.2436189326168,193205.25091593634,0.8327672059083645,10733.625050885352,87.05400536326107,8.056829915513461,14.743566025292798,95.11083527877453,22.0,39.0,138.36984115366792,281.2168650096641,14.311814225464133,1
23.103730578733707,1.6940910297080258,1.3300642769705815,1.0,95.59515263370466,438.3001900762511,0.2,13.576944611095604,87.66003801525022,5950.777403697936,0.14610006335875036,330.59874464988536,16.172611405113592,6.837330356596657,2.2354498827685974,23.009941761710248,9.0,14.0,50.338670596719304,45.256482036985346,2.541136544562039,0
5.827993284480629,1.0,1.0,1.0,135.23879497306012,620.0648035941974,0.10526315789473684,53.79210592684396,65.269979325705,33354.591596446764,0.2066882678647325,1853.0328664692647,4.0795952991364395,1.5411648784425065,0.3238656056240853,5.620760177578946,18.0,5.0,99.37739102183082,35.861403951229306,1.5,0
10.850892171162458,1.0,1.0,1.0,108.3631134504957,551.2933130415917,0.2222222222222222,13.312357499808375,122.50962512035369,7339.013670463439,0.18376443768053055,407.72298169241327,7.59562451981372,2.3336818008845466,1.5392100688820867,9.929306320698267,8.0,25.0,21.832789701741262,86.53032374875444,1.5,0
167.98852629144142,10.989071074119215,5.963756191278687,6.109279588710582,189.2916231731991,879.0430759453653,0.16666666666666666,40.878551211324314,146.50717932422754,35934.00739699267,0.2930143586484551,1996.3337442773704,117.59196840400898,39.26712904463731,24.86783094581906,156.85909744864628,11.0,13.0,85.23712918073721,104.05449399246189,16.48360661117882,1
59.85680036547831,5.705391062941394,4.639918716560303,1.9590700539821868,178.5787613084542,974.9385359044577,0.08,53.72479032955641,77.99508287235662,52378.368425671695,0.32497951196815256,2909.909356981761,41.89976025583481,4.080617739885807,5.572927983592793,45.98037799572062,24.0,19.0,89.03744409252685,89.54131721592736,8.55808659441209,0
43.29477431074237,5.948300382709903,3.8091486593904578,4.972813451646791,403.18061742343684,2462.838662029986,0.06666666666666667,108.56417351544239,164.18924413533242,267376.0438451634,0.820946220676662,14854.224658064635,30.306342017519658,2.613704041151082,4.821569331550594,32.92004605867074,29.0,39.0,103.69324220842336,299.4873752150135,8.922450574064854,1
30.80555713732828,3.2978977141691277,2.4849708588016823,2.199231071168402,106.27938811674608,499.5598571236856,0.11764705882352941,17.15705849699177,58.77174789690419,8570.977691419925,0.16651995237456188,476.16542730110694,21.563889996129795,2.324015871938618,2.927447862827631,23.88790586806841,16.0,9.0,84.83306499550636,21.44632312123971,4.946846571253691,0
9.085097787129985,1.2522313762971784,1.110305696511414,1.0,159.76824572056447,805.9339991730318,0.2857142857142857,15.203876146989998,230.2668569065805,12253.320706075116,0.2686446663910106,680.7400392263953,6.35956845099099,0.6526730040788102,0.746685699755266,7.0122414550698,6.0,26.0,22.933360397654468,136.83488532291,1.8783470644457676,0
15.789017181177993,1.0987137886118374,1.0,1.0,306.35044888584173,1662.3386433764097,0.125,55.25556878809283,207.7923304220512,91853.46725819012,0.5541128811254699,5102.9704032327845,11.052312026824595,2.950103784034728,0.9115296339448864,14.002415810859322,15.0,27.0,100.06299207696185,206.28745680887988,1.6480706829177563,0
18.2925288547903,1.2200638829546455,1.0,1.0,131.4553263013354,645.0369043706718,0.10526315789473684,31.473454077878614,67.89862151270229,20301.539388247318,0.2150123014568906,1127.8632993470733,12.80477019835321,1.8998802804478834,1.7488896545426464,14.704650478801094,18.0,11.0,89.4907208641639,41.964605437171485,1.8300958244319683,0
38.841496761416764,4.177702544446914,3.3237483669100207,1.40471538790141,371.15563997550043,2135.958953852491,0.07407407407407407,104.8273579210929,158.2191817668512,223906.93376025822,0.7119863179508303,12439.274097792124,27.18904773299173,10.294993456000217,5.120802947613751,37.48404118899195,26.0,27.0,145.37363829930035,225.78200167620005,6.266553816670371,1
122.81788803233988,11.831402116842712,11.648704746241116,7.857421344153487,374.36947154681445,2183.655952193545,0.07142857142857142,91.95340413615489,155.97542515668178,200794.59826637316,0.7278853173978483,11155.255459242953,85.97252162263791,19.827370521253037,6.350071209710352,105.79989214389096,27.0,29.0,170.02857346647022,204.3408980803442,17.74710317526407,1
76.86155097474571,8.917266863545295,5.157610886154675,7.000017386282886,280.28100309023876,1597.724962256023,0.09523809523809523,64.91103734160937,152.16428211962122,103709.98468662213,0.5325749874186744,5761.665815923452,53.80308568232199,17.207581033679126,8.317247485092064,71.01066671600111,20.0,31.0,72.56568359708878,207.71531949315,13.375900295317944,1
3.657349749813742,1.0,1.0,1.0,126.18821992652869,647.25509340766,0.08,52.673354548742154,51.7804074726128,34093.097018540895,0.21575169780255332,1894.0609454744942,2.5601448248696195,0.7798137982993216,0.5049966526401348,3.339958623168941,24.0,10.0,77.90431159018172,48.28390833634697,1.5,0
26.279626013685313,3.2883887757935155,2.7993199991709172,1.3869820387581862,313.0989992257481,1757.960033135428,0.18181818181818182,28.546826537930738,319.62909693371415,50184.18012653203,0.5859866777118093,2788.0100070295575,18.39573820957972,3.4153858612876427,1.885693066711039,21.81112407086736,10.0,38.0,90.4337522298884,222.66524699585975,4.932583163690273,0
48.62394058282304,7.012842161288649,6.220402613519651,5.732125492359802,235.80864711328366,1263.357090048051,0.07142857142857142,84.9770298980647,90.23979214628936,107356.33321294525,0.421119030016017,5964.240734052513,34.03675840797612,5.387138440837227,3.3222592567506335,39.42389684881335,27.0,13.0,147.68431981158693,88.12432730169672,10.519263241932974,0
42.20895474050639,3.7914464119478093,2.4302381498557994,1.9166720825423296,256.22277673529004,1415.262381850338,0.2222222222222222,22.510398496716586,314.50275152229733,31858.120192863385,0.471754127283446,1769.895566270188,29.54626831835447,5.724128198697225,5.370146651165751,35.270396517051694,8.0,37.0,42.373991016482506,213.84878571880756,5.687169617921714,0
9.439655481948211,1.0,1.0,1.0,119.27811275671672,585.2846497478657,0.1,65.51982965407507,58.52846497478657,38347.750550625155,0.1950948832492886,2130.430586145842,6.607758837363748,2.3520279205853023,0.7127755768859947,8.95978675794905,19.0,10.0,43.4130468414719,75.86506591524481,1.5,0
500.0,50.0,47.650486394412205,17.152438926771413,358.98183304952477,2153.8909982971486,0.06896551724137931,74.44699938275782,148.5442067791137,160350.72182075545,0.7179636660990495,8908.373434486413,350.0,98.28460605245232,34.599213378032424,448.2846060524523,28.0,35.0,167.5466917795761,191.43514126994867,75.0,1
4.338369235030704,1.0,1.0,1.0,324.0584226633292,1972.6936063572134,0.06666666666666667,51.11846628509923,131.5129070904809,100841.07160740203,0.6575645354524045,5602.281755966779,3.036858464521493,0.4919045450925409,0.38090415533572336,3.5287630096140337,29.0,38.0,186.56737541375202,137.49104724957724,1.5,0
5.474899196860492,1.0,1.0,1.0,154.83215349766314,818.350207647769,0.3333333333333333,9.005773430843858,272.7834025492563,7369.876557159832,0.2727834025492563,409.4375865088796,3.832429437802344,1.3931516684097145,0.48863585501745893,5.225581106212059,5.0,33.0,32.35363483818666,122.47851865947648,1.5,0
26.5841213950923,1.881858199525124,1.5060480153819364,1.0,121.05448561379734,594.0011170145689,0.16666666666666666,10.662978153874176,99.0001861690948,6333.820934103206,0.19800037233818962,351.87894078351144,18.60888497656461,1.6931386117238965,3.6529269468357763,20.302023588288506,11.0,18.0,84.21874290041382,36.83574271338352,2.822787299287686,0
254.71968498812527,22.83724275143352,12.843867079505085,17.42089079950032,182.92135848283294,1027.050352172489,0.06666666666666667,60.7155402545657,68.47002347816594,62357.91700079464,0.3423501173908297,3464.328722266369,178.30377949168766,57.259926506021834,28.48895688479713,235.5637059977095,29.0,19.0,99.17578571791474,83.74557276491821,34.25586412715028,1
7.363726916898147,1.0,1.0,1.0,160.18065466745708,778.154576161599,0.11764705882352941,59.012980606731006,91.54759719548224,45921.22091206343,0.259384858720533,2551.1789395590795,5.154608841828703,1.1765409514768737,0.6671252761720079,6.331149793305577,16.0,12.0,64.28456118151921,95.89609348593788,1.5,0
14.59977271640517,1.0,1.0,1.0,369.40086222683254,2028.695269007282,0.13333333333333333,56.58688228539303,270.49270253430427,114797.54038024881,0.6762317563357606,6377.641132236045,10.219840901483618,3.3991569923837983,1.5101829179157222,13.618997893867416,14.0,30.0,118.80181210580623,250.5990501210263,1.5,0
73.16757860498022,8.463981626353771,7.933825347315362,5.628726832128339,176.68979283187437,906.2919536400576,0.2,15.662337995622115,181.25839072801153,14194.650900623272,0.3020973178800192,788.5917167012929,51.217305023486155,20.62340296157064,10.63831154982354,71.8407079850568,9.0,25.0,86.19628441272437,90.49350841915,12.695972439530657,0
19.659593030724917,2.1827043075955705,1.9478859767287946,1.2984622878914365,358.91465486209745,2015.201645851431,0.11764705882352941,75.03400319977706,237.0825465707566,151208.64674301227,0.671733881950477,8400.480374611792,13.761715121507441,4.669320932736997,1.2055550982618133,18.431036054244437,16.0,32.0,49.39939166301704,309.5152631990804,3.274056461393356,0
13.443226517688846,1.624424289184121,1.0,1.0,179.74010037564653,890.4677421095946,0.08695652173913043,58.854618512223254,77.43197757474735,52408.13925930099,0.2968225807031982,2911.563292183388,9.410258562382191,2.1575214219898795,0.9513980068629367,11.56777998437207,22.0,8.0,131.5863215929184,48.15377878272811,2.436636433776181,0
39.5972425105551,4.594810328138416,3.172878903984996,4.123607641192711,238.70434014979415,1224.3821180013936,0.13333333333333333,62.238866614320145,163.25094906685248,76204.15532724753,0.40812737266713117,4233.564184847085,27.718069757388566,3.4744172940531217,5.791210387335631,31.192487051441688,14.0,20.0,51.98774030683373,186.71659984296042,6.892215492207624,0
27.85525361543468,1.7111334137833674,1.5182546692003067,1.4344385496266636,223.81303209561787,1165.9435533221367,0.18181818181818182,36.85318122726283,211.98973696766123,42968.72907133949,0.3886478511073789,2387.151615074416,19.498677530804276,7.008040414300131,4.059415325580019,26.506717945104405,10.0,26.0,24.805853468398595,199.00717862721928,2.5667001206750513,0
69.16718484877856,5.471669921807429,3.877612354100791,2.601804310614877,198.13590542701422,999.4755961697932,0.11764705882352941,58.574813245585354,117.5853642552698,58544.09638916572,0.33315853205659773,3252.449799398096,48.41702939414499,11.424785327795036,4.683762586582153,59.841814721940025,16.0,16.0,73.66442728014533,124.47147814686888,8.207504882711143,0
94.60995157502711,5.955948207786332,5.873653337087466,3.720338690945392,88.25149042518211,441.25745212591056,0.16666666666666666,14.039923178540123,73.54290868765176,6195.22072980613,0.14708581737530352,344.1789294336739,66.22696610251897,6.511821397571813,6.103371394884748,72.73878750009078,11.0,20.0,34.64451101621072,53.606979408971384,8.933922311679499,0
29.03214522120454,3.8989369804343776,3.3837713142626864,1.9100942327400223,293.02587842521706,1701.7052773629373,0.08695652173913043,40.14277154437314,147.97437194460323,68311.16618503453,0.5672350924543125,3795.064788057474,20.322501654843176,6.67053744364747,2.67410773812115,26.993039098490648,22.0,33.0,168.94822092442735,124.0776575007897,5.848405470651566,0
28.504993157957802,3.5542980164541764,1.804694669800895,2.720095212021505,83.17023051605652,404.0393992073818,0.2857142857142857,5.94148834693398,115.43982834496622,2400.5953820928653,0.13467979973579394,133.3664101162703,19.95349521057046,3.505059230795121,1.5669716166173806,23.458554441365578,6.0,22.0,37.61881985622934,45.551410659827184,5.331447024681265,0
25.96977024621053,1.821849508729942,1.712525504294715,1.5635091713339735,152.31575648430942,739.9470502592544,0.13333333333333333,50.49627134225081,98.65960670123393,37364.56702878941,0.24664901675308482,2075.8092793771893,18.17883917234737,1.6158925343089443,2.9992579389982073,19.794731706656314,14.0,14.0,44.10946075091482,108.2062957333946,2.732774263094913,0
36.12397123051803,3.0391430799425883,1.6727516221504832,1.5660618105363493,144.02586020105593,776.633155292852,0.1,43.21307905445516,77.66331552928521,33560.709935980965,0.2588777184309507,1864.4838853322758,25.28677986136262,9.958936484837036,2.0861449672247394,35.24571634619966,19.0,22.0,39.40472143763819,104.62113876341776,4.558714619913882,0
21.46030104821074,3.14739992558093,1.7948421423038439,2.4655174611565727,176.9102029181531,788.9189525527521,0.11764705882352941,55.28813419073848,92.81399441797083,43617.856914353404,0.2629729841842507,2423.2142730196338,15.022210733747517,3.6648887706742097,1.1975483791264043,18.687099504421727,16.0,5.0,135.44410227509923,41.46610064305386,4.721099888371395,0
20.070876243316018,2.1960737062468607,1.9045365773334626,1.315545931602605,189.38790422299883,1051.9719414396616,0.09090909090909091,47.56792545645212,95.63381285815106,50040.122892681036,0.3506573138132205,2780.0068273711686,14.049613370321211,2.413327444022663,1.9773565073179484,16.462940814343874,21.0,25.0,71.60066023559358,117.78724398740525,3.2941105593702913,0
84.43251236274067,10.98598360549792,10.244257009336165,5.90987842536594,97.57121519408346,371.4882464203354,0.2222222222222222,28.515566727969627,82.5529436489634,10593.197879455498,0.12382941547344513,588.5109933030832,59.102758653918464,19.34320484441679,12.308458817560428,78.44596349833526,8.0,5.0,54.79786510212902,42.77335009195444,16.47897540824688,0
123.88322851852124,9.47200058834671,7.276152289685421,8.174839577622187,109.5152629204972,542.5601114917757,0.16666666666666666,15.913187006679484,90.42668524862928,8633.860516533498,0.18085337049725858,479.65891758519433,86.71825996296486,33.63127310081365,11.481447273734918,120.34953306377852,11.0,19.0,51.649128350753614,57.86613456974358,14.208000882520064,0
3.2901608904038744,1.0,1.0,1.0,113.98641961724422,508.3146437363976,0.14285714285714285,19.569248134569268,72.61637767662823,9947.335393712741,0.1694382145787992,552.6297440951523,2.3031126232827117,0.16476062608681416,0.28179608115927407,2.467873249369526,13.0,8.0,86.8905375847637,27.095882032480525,1.5,0
20.328531300990658,2.6100145475928858,1.7634766157496005,1.5149732874996569,217.52856296486343,1214.8888669945231,0.08333333333333333,52.186215976053276,101.24073891621026,63400.45279987885,0.40496295566484103,3522.247377771047,14.22997191069346,4.512182733570593,3.045125997861738,18.74215464426405,23.0,24.0,104.08026736474761,113.44829560011581,3.9150218213893284,0
8.789577810341635,1.042331821839762,1.0,1.0,146.5295326643415,790.1337519375581,0.07142857142857142,66.37552879933315,56.438125138397005,52445.54560705655,0.26337791731251936,2913.641422614253,6.152704467239144,2.124906132021298,0.9070571478626028,8.277610599260441,27.0,14.0,72.7789451095269,73.75058755481462,1.5634977327596429,0
13.829918327729999,1.633282830785039,1.083420284465264,1.0,170.93940789516566,903.4835257801076,0.16666666666666666,25.402104974337796,150.58058763001793,22950.38336445112,0.3011611752600359,1275.0212980250624,9.680942829410998,1.4173157098929665,1.2104517174339637,11.098258539303965,11.0,27.0,41.61960075308232,129.31980714208333,2.4499242461775586,0
32.55788075641534,3.4271551195274013,2.129822122446845,1.6960158658031275,402.76934824653915,2434.496679999218,0.07142857142857142,106.66685696090498,173.89261999994415,259680.10913727465,0.8114988933330727,14426.672729848591,22.790516529490734,5.613172617458683,2.884175072755698,28.403689146949418,27.0,38.0,94.62065035948032,308.14869788705886,5.1407326792911014,1
44.850110212110565,4.770160589274212,3.8372772040902356,4.0986531660358265,135.24254113461046,738.3474052551477,0.2857142857142857,8.107706227697964,210.95640150147076,5986.3038557917935,0.2461158017517159,332.5724364328774,31.395077148477395,3.2436261123197245,3.1169009990055763,34.63870326079712,6.0,37.0,32.54492891710291,102.69761221750755,7.155240883911318,0
17.55692164116499,2.1695044272844957,2.061468876130958,1.5340954304174155,255.43267664419295,1434.180364062847,0.18181818181818182,23.432047944884665,260.76006619324494,33605.78305233278,0.47806012135428233,1866.987947351821,12.289845148815493,4.155503375276029,1.7771520902986888,16.44534852409152,10.0,38.0,72.66270267409259,182.76997397010038,3.2542566409267435,0
2.021806863203449,1.0,1.0,1.0,212.20074913629037,1105.4499067770323,0.08695652173913043,89.2986452935364,96.12607885017673,98715.17911505509,0.36848330225901077,5484.176617503061,1.415264804242414,0.5294384418087864,0.18981835395031416,1.9447032460512004,22.0,14.0,90.42986919055893,121.77087994573145,1.5,0
6.308798859163136,1.0,1.0,1.0,81.79063365838645,419.52730816912896,0.18181818181818182,12.165007766867404,76.27769239438709,5103.552962290429,0.1398424360563763,283.530720127246,4.416159201414195,0.4860719080347798,0.48627924862448724,4.902231109448975,10.0,24.0,20.965594824049436,60.82503883433702,1.5,0
58.89755650070493,8.078605419014938,7.426571749414015,5.059421450809258,152.26922184686123,688.7992590248668,0.1111111111111111,67.56613210137692,76.53325100276298,46539.50172660469,0.22959975300828894,2585.527873700261,41.22828955049345,14.966756301820308,3.8904197071607673,56.195045852313754,17.0,5.0,104.57548154000693,47.6937403068543,12.117908128522407,0
1.0,1.0,1.0,1.0,325.59883659104463,1744.412699679667,0.08333333333333333,107.42219673963491,145.36772497330557,187388.64422010686,0.5814708998932223,10410.48023445038,1.0,0.2428925426211334,0.08112388686675537,1.2428925426211335,23.0,17.0,157.45974604205085,168.13909054899378,1.5,1
83.50550702008519,8.737261125799638,8.435113668051388,4.291937850311903,71.76051066509007,257.25873976694845,0.2857142857142857,6.771363476501602,73.50249707627098,1741.992434468745,0.08575291325564949,96.77735747048582,58.453854914059626,11.417568528402517,8.423061270127057,69.87142344246215,6.0,5.0,58.21778371208687,13.542726953003204,13.105891688699456,0
37.54258875812663,4.515019882149677,2.631172389647001,1.7892386533581628,146.42388439834866,688.2566419104978,0.11764705882352941,31.177297281930446,80.97136963652916,21457.98193110674,0.2294188806368326,1192.1101072837077,26.279812130688637,8.355943424490595,2.096127643136745,34.63575555517923,16.0,9.0,107.4522627959356,38.97162160241306,6.772529823224517,0
97.4570041666437,14.617818009833323,8.363228733634479,8.866168618149006,209.20233559113456,1113.3597872985135,0.1,45.049952970178154,111.33597872985136,50156.806056685586,0.37111992909950453,2786.4892253714215,68.21990291665058,4.874022710974299,6.371193451762504,73.09392562762488,19.0,20.0,109.61822902547756,99.58410656565698,21.926727014749986,0
15.826994197691517,1.4802850476727791,1.1408774422164976,1.0,274.5813221644837,1440.982875264711,0.10526315789473684,70.20516961584646,151.68240792260116,101164.44717148916,0.480327625088237,5620.247065082731,11.078895938384061,4.478238727548558,2.291206316456583,15.557134665932619,18.0,19.0,118.56983412926935,156.01148803521434,2.220427571509169,0
1.6926807100323293,1.0,1.0,1.0,310.78931429084605,1686.4251022744509,0.18181818181818182,32.811706651800584,306.622745868082,55334.48574606208,0.5621417007581503,3074.138097003449,1.1848764970226304,0.31753980688453326,0.1765221136044741,1.5024163039071636,10.0,32.0,94.23205038896216,216.55726390188386,1.5,0
33.66420712487929,4.5197173288711,3.3449827774537835,3.7655158478594033,440.21694976380854,2578.7825254494196,0.08695652173913043,76.51795437547521,224.24195873473212,197323.16362661144,0.8595941751498065,10962.397979256191,23.5649449874155,6.904014358092837,1.8968074062780522,30.46895934550834,22.0,35.0,189.7945536258897,250.42239613791887,6.779575993306651,1
92.71995825881109,12.10461939827625,9.677441281621254,10.826787339098095,258.87659053099145,1348.605525824221,0.2,34.97498384927099,269.72110516484423,47167.45648473975,0.44953517527474035,2620.4142491522084,64.90397078116776,20.042796182858325,11.062304719221327,84.94676696402608,9.0,27.0,41.254468802194175,217.62212172879728,18.156929097414377,0
60.92637491637594,7.500499072106719,4.4267186805905085,4.808939792841063,147.57723990907647,805.6878497508341,0.08695652173913043,30.91023595271016,70.05981302181165,24904.00154002997,0.26856261658361136,1383.5556411127761,42.64846244146316,11.596863548189726,3.4228612291531317,54.24532598965288,22.0,21.0,85.75676800365616,61.82047190542032,11.250748608160078,0
9.068167643198793,1.0,1.0,1.0,358.00315719321986,1977.452619220768,0.25,29.552175952628698,494.363154805192,58438.02774119861,0.6591508730735893,3246.557096733256,6.347717350239154,2.395728022871582,1.1234319179694834,8.743445373110736,7.0,38.0,28.707482292500124,329.29567490071975,1.5,0
22.28944594786444,1.8365146483153258,1.522555638214186,1.4975363239766137,172.21187159255152,799.7271658477604,0.25,25.2708348216527,199.9317914619401,20209.773110527207,0.26657572194925344,1122.765172807067,15.602612163505107,4.511951305407161,2.7860976522624057,20.114563468912266,7.0,17.0,42.24757822405193,129.9642933684996,2.7547719724729887,0
10.597270600725864,1.1749516947225016,1.0,1.0,325.89949428382147,1789.7921467748802,0.07407407407407407,81.51493208250554,132.5771960573985,145894.78528615614,0.5965973822582934,8105.2658492308965,7.418089420508104,2.9348080969582497,1.2198295388821194,10.352897517466353,26.0,18.0,206.76228585554418,119.13720842827732,1.7624275420837523,0
7.51484383817768,1.0342103134346907,1.0,1.0,293.4378352680229,1582.309951618244,0.07407407407407407,111.12419514134803,117.20814456431437,175832.9198377227,0.5274366505394147,9768.49554654015,5.260390686724376,1.4697749926891974,0.9259824729507254,6.730165679413574,26.0,15.0,156.66959509405612,136.7682401739668,1.5513154701520362,0
63.21023823461624,8.746890279705648,6.346705452934986,3.451352681403315,278.8716229270032,1549.0172077595819,0.13333333333333333,51.604514732114616,206.53562770127758,79936.28131812839,0.516339069253194,4440.904517673799,44.247166764231366,5.864684176899849,3.7165457091637584,50.111850941131216,14.0,32.0,35.59319633274861,243.27842659425463,13.120335419558472,0
4.772934077965497,1.0,1.0,1.0,309.22843811869177,1826.5785530180112,0.08333333333333333,40.43325070902584,152.21487941816758,73854.5085739069,0.6088595176726704,4103.028254105939,3.341053854575848,1.3287401676779416,0.5855342704521793,4.6697940222537895,23.0,36.0,179.1388488809565,130.0895892377353,1.5,0
6.871760161902764,1.0,1.0,1.0,271.21488610118143,1506.4871827466427,0.25,18.557048903365704,376.6217956866607,27955.956322523074,0.5021623942488809,1553.1086845846153,4.810232113331935,1.5145831802166771,0.43751694310273886,6.324815293548612,7.0,39.0,59.13432720557341,212.08055889560802,1.5,0
5.339698762334883,1.0,1.0,1.0,277.38772947732946,1581.2320304375453,0.11764705882352941,46.29600060933452,186.02729769853474,73204.71904463586,0.5270773434791818,4066.9288358131034,3.7377891336344176,1.2004163364077007,0.44827086540322875,4.938205470042118,16.0,35.0,69.05572673532411,208.33200274200533,1.5,0
3.3592004086577822,1.0,1.0,1.0,197.53667957940422,1065.180478933887,0.09523809523809523,23.307527860940066,101.44575989846541,24826.723689681054,0.35506015964462895,1379.262427204503,2.3514402860604475,0.9955676952441169,0.4846470445148402,3.3470079813045643,20.0,21.0,146.26011828533606,51.276561294068145,1.5,0
23.943506271686868,2.8205402865995506,2.3530711860956783,1.254062528172936,238.9497407665839,1225.640847217441,0.09090909090909091,93.96172604208434,111.42189520158554,115163.32951223334,0.40854694907248035,6397.96275067963,16.760454390180808,1.6472926054159185,2.4012355289052585,18.407746995596725,21.0,13.0,113.66743937713808,125.28230138944579,4.230810429899326,0
80.94773165531197,7.343953952977328,6.775185432868881,2.487858322309746,142.64315651326535,670.4855583959686,0.16666666666666666,15.546906176725145,111.74759306599476,10423.976069231292,0.22349518613198954,579.1097816239607,56.66341215871837,12.72078641991322,11.878484104816767,69.3841985786316,11.0,14.0,100.24250330401497,42.40065320925039,11.015930929465991,0
16.08919441802466,1.0,1.0,1.0,239.90695756362643,1177.1971938900106,0.1111111111111111,59.47141492746225,130.79968821000116,70009.58276927704,0.3923990646300035,3889.4212649598358,11.262436092617262,1.7661727864551486,0.9475287938169856,13.028608879072411,17.0,12.0,148.95067590986065,90.95628165376579,1.5,0
3.297295672501593,1.0,1.0,1.0,324.9429748395359,1870.0102648198636,0.06896551724137931,81.4402654251717,128.96622515999059,152294.1323147253,0.6233367549399546,8460.785128595851,2.308106970751115,0.6845403971077847,0.32232931453650465,2.9926473678588996,28.0,25.0,173.69676762135987,151.24620721817604,1.5,0
55.0330243458338,3.280386367927229,3.25869579289703,2.550901569084973,82.678252183334,379.0766858857534,0.2857142857142857,6.247664330713578,108.30762453878668,2368.3438890135367,0.12635889529525113,131.57466050075203,38.52311704208366,13.85197297584439,3.0950700583950446,52.37509001792805,6.0,17.0,45.19226619905253,37.48598598428147,4.920579551890844,0
151.84224269037816,20.26258742817638,12.802898191955608,6.176676398277885,157.11619912764868,655.162766873971,0.2222222222222222,33.832727304893616,145.59172597199355,22165.94323196665,0.21838758895799035,1231.4412906648138,106.2895698832647,44.27380842800718,17.16136609543882,150.5633783112719,8.0,9.0,72.53438086541465,84.58181826223404,30.393881142264572,0
9.248942410836502,1.158447296011335,1.0,1.0,171.6672498342815,797.1980207245322,0.13333333333333333,56.09351026714569,106.29306942993762,44717.63536045977,0.26573267357484404,2484.313075581098,6.474259687585551,1.5135804238954946,0.5352427728405289,7.987840111481046,14.0,10.0,83.52030512876686,88.14694470551466,1.7376709440170024,0
11.31053825356671,1.086387559604268,1.0,1.0,260.1642215528596,1437.0331964965633,0.16666666666666666,33.093996004118225,239.5055327494272,47557.1708626425,0.4790110654988544,2642.0650479245833,7.917376777496696,2.788664756012013,0.7638773365860225,10.70604153350871,11.0,34.0,49.56606516301633,210.59815638984327,1.629581339406402,0
37.29251946870853,3.4652611086592664,3.012277049046606,2.5285353223337674,358.9250690107909,2153.5504140647454,0.06896551724137931,52.15149882407293,148.52071821136175,112310.88188667934,0.7178501380215818,6239.493438148853,26.104763628095967,10.414417060929427,2.8298694111704767,36.51918068902539,28.0,35.0,224.8212148917462,134.10385411904468,5.1978916629889,0
140.64633786010828,19.65306082564792,12.714710791002824,14.546929111082875,141.40377643808404,767.2943282677504,0.09090909090909091,29.79739905271301,69.75402984252277,22863.375290277534,0.25576477608925013,1270.1875161265298,98.45243650207578,31.05912180621708,17.563124966193584,129.51155830829288,21.0,21.0,78.97113080382822,62.432645634255834,29.47959123847188,0
10.763911652303774,1.0,1.0,1.0,196.20507794901528,1044.1893166964294,0.08,55.205323148891395,83.53514533571435,57644.80865684648,0.3480631055654765,3202.4893698248043,7.534738156612641,1.191383520042071,0.7146829587434177,8.726121676654712,24.0,15.0,122.59798041716007,73.60709753185519,1.5,0
4.059501824671736,1.0,1.0,1.0,186.30040892939286,955.5875235714371,0.18181818181818182,19.408445992169874,173.74318610389767,18546.468842027592,0.3185291745238124,1030.359380112644,2.8416512772702154,0.819871350122679,0.5466655277504655,3.6615226273928942,10.0,24.0,89.25817896854349,97.04222996084937,1.5,0
42.84985784463658,6.166940540694981,3.446592039449875,5.530138195987381,257.98959551420904,1343.9847666487478,0.08333333333333333,64.64304831453808,111.99873055406232,86879.27220447818,0.44799492221624926,4826.626233582121,29.994900491245605,12.533069733501975,2.707699395036575,42.52797022474758,23.0,13.0,179.29371060955398,78.69588490465506,9.250410811042471,0
52.39869506990194,6.860277337158435,4.563068921857912,5.241860543301038,105.46203859174454,421.8481543669782,0.2,37.53491542323724,84.36963087339564,15834.034795613252,0.1406160514556594,879.6685997562918,36.67908654893136,15.55656773940292,2.804611067468478,52.23565428833428,9.0,6.0,47.07439237781995,58.38764621392459,10.290416005737653,0
20.233866106775302,2.672136142730234,2.304544409923967,1.966538352802153,85.04952399892169,367.5779272277366,0.13333333333333333,38.49782968404993,49.01039029703155,14150.952438029504,0.12252597574257887,786.1640243349725,14.16370627474271,4.261048971703034,1.8110229166914862,18.424755246445745,14.0,5.0,52.05138426973603,32.99813972918565,4.00820421409535,0
10.280409443941624,1.0,1.0,1.0,135.97630022351888,606.3770126020779,0.14285714285714285,52.69014658336453,86.62528751458255,31950.093678786165,0.2021256708673593,1775.0052043770092,7.196286610759136,2.7936698028690325,1.5209265827882206,9.98995641362817,13.0,8.0,63.020712646552596,72.95558757696627,1.5,0
66.2380106514681,4.2610646732448965,2.3857240481926225,2.6736752994820363,281.64205459395123,1564.405816611146,0.1111111111111111,59.217768918055754,173.82286851234954,92640.62214214116,0.5214686055370487,5146.701230118953,46.366607456027666,6.6295863567280575,4.04278549853138,52.99619381275572,17.0,29.0,72.63816429493089,209.00389029902033,6.391597009867345,0
37.85046274080828,1.991046187591762,1.158114324400868,1.3785021678815796,119.01423447055234,589.6198812975289,0.08333333333333333,58.382345390269634,49.134990108127404,34423.39155888211,0.19653996043250962,1912.4106421601173,26.495323918565795,4.221070404053905,2.2775321546579113,30.7163943226197,23.0,7.0,78.40042898166912,40.61380548888322,2.986569281387643,0
7.987496485597864,1.0,1.0,1.0,313.54576923740194,1657.2155044422348,0.07692307692307693,102.57070225381304,127.47811572632575,169981.75807654703,0.5524051681474116,9443.431004252612,5.591247539918505,2.302171439051782,0.9993688107877787,7.893418978970287,25.0,13.0,198.66658271313133,114.8791865242706,1.5,1
21.304401137967954,2.714586536166661,2.4613365340962585,1.9626210455393356,262.50822157042194,1517.6544566562425,0.06896551724137931,77.80088654902848,104.66582459698223,118074.86220293978,0.5058848188854141,6559.714566829988,14.913080796577567,1.785497228794675,1.7302618517730493,16.698578025372242,28.0,26.0,112.46365465443841,150.0445669159835,4.071879804249992,0
3.9667652400382742,1.0,1.0,1.0,297.9570824436591,1563.6571707814571,0.18181818181818182,43.147086576828215,284.30130377844677,67467.2513241858,0.5212190569271524,3748.180629121433,2.7767356680267916,0.38785685594609837,0.4828670406548549,3.16459252397289,10.0,27.0,56.333397613421106,241.623684830238,1.5,0
45.74436193461779,5.622454545979119,4.484781094475786,2.8865066525606893,110.01683110320894,510.90234209803725,0.2222222222222222,16.311018001340695,113.53385379956383,8333.337298888207,0.17030078069934576,462.96318327156706,32.02105335423245,7.096649929041922,3.2021537761562353,39.11770328327437,8.0,16.0,40.69500459751098,69.32182650569796,8.43368181896868,0
14.662888601882344,1.102514713391709,1.0,1.0,318.412397075836,1727.7899677128182,0.06896551724137931,39.59859331069102,119.15792880778056,68418.05225775186,0.5759299892376061,3801.0029032084367,10.26402202131764,2.894396613280997,1.4077428700714694,13.158418634598636,28.0,14.0,275.9853328143813,42.42706426145467,1.6537720700875636,0
11.907244556446512,1.0660466722650537,1.0,1.0,371.9167628386336,2054.305282035355,0.25,30.155245899542724,513.5763205088388,61948.080932505596,0.6847684273451183,3441.5600518058664,8.335071189512558,2.392812051234482,0.9112493730929419,10.72788324074704,7.0,38.0,35.90116567230035,336.01559716633324,1.5990700083975806,0
19.30860048850117,2.8637788115509935,1.4609140985316311,1.1557534348010319,112.26951738139695,500.65823561975117,0.25,21.88444961378169,125.16455890493779,10956.629931145286,0.16688607853991705,608.7016628414048,13.516020341950819,2.3748420503126932,1.8372678154636983,15.890862392263513,7.0,14.0,18.47901903661827,93.79049834477868,4.29566821732649,0
21.080938408114417,1.5701330232841928,1.3882142299595928,1.0,331.58198048833054,1799.2516140181467,0.2222222222222222,35.409500836996244,399.83369200403257,63710.60153254241,0.5997505380060489,3539.4778629190228,14.75665688568009,5.905898140492076,2.675375764270787,20.662555026172168,8.0,34.0,21.748848164613378,309.83313232371717,2.3551995349262893,0
58.78672557428969,5.151895956835137,3.608928412987336,2.678110257381487,442.12292240832676,2567.5647296024886,0.06666666666666667,132.6846983810751,171.17098197349924,340676.55172119284,0.8558549098674962,18926.475095621823,41.15070790200278,16.388268064114804,7.418943204288596,57.53897596611758,29.0,26.0,195.05486335391103,247.0680590544157,7.7278439352527055,1
40.82557150230497,3.270484196566246,2.969804993807532,1.949421229139861,85.44444695487107,369.2847558463702,0.2,9.936929139429246,73.85695116927404,3669.556451116811,0.12309491861545674,203.86424728426726,28.577900051613476,6.042879158530031,4.146948416048349,34.62077921014351,9.0,10.0,61.15417572515513,24.290271229715934,4.905726294849369,0
16.64831259173104,1.0149227336151643,1.0,1.0,100.24738957556056,425.84364432892136,0.15384615384615385,30.897022705050585,65.51440681983406,13157.300747632169,0.1419478814429738,730.9611526462317,11.653818814211728,2.639971912959445,2.3779980951495254,14.293790727171174,12.0,6.0,64.20086308633488,36.046526489225684,1.5223841004227463,0
50.219418753736804,4.971190844553895,4.54551837540992,4.314371542115647,279.08534811819675,1613.492788245548,0.09523809523809523,48.56867352807771,153.66597983290933,78365.20447220583,0.5378309294151826,4353.622470678102,35.15359312761576,11.330720158455037,3.8356793678296883,46.484313286070794,20.0,34.0,109.09499076992475,169.99035734827197,7.456786266830843,0
32.48845204266934,2.8547299476035555,1.8351041532271997,2.167156802865625,105.25918029026684,530.9687900647133,0.07407407407407407,78.0765199673933,39.331021486275056,41456.19533955024,0.17698959668823777,2303.121963308347,22.741916429868535,7.009350198294031,2.4051569827480943,29.75126662816257,26.0,6.0,63.21797723090121,42.04120305936562,4.282094921405333,0
12.038145941545347,1.4384225122615855,1.0,1.0622909398842397,343.48086937606786,1875.2103186687323,0.25,28.430808831890324,468.80257966718307,53313.74608965886,0.6250701062229107,2961.8747827588254,8.426702159081742,1.7524441118565697,1.3408164007977275,10.179146270938311,7.0,36.0,42.926604581798685,300.55426479426916,2.1576337683923783,0
17.29362973212537,2.2785992232047514,2.2465913783615656,1.0,253.9560770410978,1425.889685735532,0.06896551724137931,56.59628970393269,98.33721970589876,80700.06573973772,0.47529656191184405,4483.336985540985,12.105540812487758,2.6556281627226794,1.9391295729475464,14.761168975210438,28.0,20.0,169.06164248519877,84.89443455589904,3.417898834807127,0
16.812666041510358,1.7556621713757707,1.50752371578006,1.1627407518807138,154.41250597505487,778.9175370959688,0.11764705882352941,48.597737976360456,91.63735730540809,37853.63037298192,0.2596391790319896,2102.979465165662,11.76886622905725,2.303498933372131,0.9188795163519766,14.072365162429382,16.0,16.0,51.1423127752889,103.27019319976597,2.6334932570636562,0
36.830032460210965,1.9600811500684754,1.7974358388959515,1.2110066747969594,120.43988077393118,617.7702350166018,0.06666666666666667,92.67709605747362,41.18468233444012,57253.15141208166,0.20592341167220057,3180.7306340045366,25.781022722147675,4.008810984694876,4.079948910590769,29.78983370684255,29.0,5.0,82.0907375777352,38.34914319619598,2.940121725102713,0
12.930293120607352,1.4467994045315589,1.0,1.2869010259924656,72.76834304978155,337.9257202913786,0.15384615384615385,17.033254131798675,51.98857235251978,5755.974671394168,0.11264190676379286,319.7763706330093,9.051205184425147,2.1274804866314474,1.130671582978029,11.178685671056595,12.0,12.0,35.862959097551084,36.905383952230466,2.1701991067973383,0
12.572463379253227,1.0,1.0,1.0,192.45294073218346,987.1456004587048,0.1111111111111111,68.33674129331469,109.68284449541164,67458.3135173803,0.329048533486235,3747.684084298906,8.800724365477258,2.7861651653662034,1.5683425467315897,11.586889530843461,17.0,17.0,47.73984152281116,144.7130992093723,1.5,0
213.259294692919,23.80733621967081,20.74591146091426,15.366614914763236,185.14998369200453,890.081685420643,0.2222222222222222,26.025731835530383,197.79593009347622,23165.02725647457,0.2966938951402143,1286.9459586930316,149.2815062850433,50.22078879988471,27.896569140473698,199.502295084928,8.0,19.0,55.02132451435263,130.1286591776519,35.71100432950621,1
62.033997286875724,7.351214465783132,3.9622414978709233,5.958068168590948,179.44909590893087,889.0260488542858,0.10526315789473684,79.72310351278425,93.58168935308271,70875.91571837182,0.2963420162847619,3937.550873242879,43.423798100813,15.180861310026131,6.526930718715679,58.60465941083913,18.0,12.0,64.29350194602029,115.15559396291057,11.026821698674699,0
8.062947647005727,1.0,1.0,1.0,138.2331808576324,697.3026446184543,0.10526315789473684,39.616343365582594,73.40027838088993,27624.5809989335,0.23243421487281812,1534.6989443851944,5.644063352904008,1.1585085338826775,0.40452214032421224,6.802571886786685,18.0,14.0,72.20594191499474,66.02723894263765,1.5,0
39.850270482570345,5.257630088670006,3.75676799053517,1.6252907572100552,83.3923194528741,396.52109754289455,0.1111111111111111,21.918531671036558,44.05789972698828,8691.16023472811,0.13217369918096486,482.8422352626728,27.89518933779924,9.610251322369844,4.528448490228587,37.505440660169086,17.0,9.0,57.6058116045958,25.786507848278305,7.88644513300501,0
23.150585661987478,3.266744721486188,1.662146676600212,2.3329130755612826,235.8230453466745,1199.7409803117002,0.18181818181818182,28.99921270641547,218.13472369303642,34791.54388066241,0.39991366010390006,1932.8635489256894,16.205409963391233,1.1952434142557018,2.8912333046558754,17.400653377646936,10.0,23.0,96.62682435588025,139.19622099079425,4.900117082229283,0
32.1322889322606,4.219248972409016,2.607444341841943,1.5146550082719012,225.873026414641,1176.6749976605483,0.09090909090909091,26.445098272118308,106.97045433277712,31117.28594747778,0.3922249992201828,1728.7381081932099,22.49260225258242,5.438791055071976,2.406654671597928,27.931393307654396,21.0,15.0,185.57573380950834,40.29729260513266,6.328873458613524,0
23.68423387612152,1.9068394356797762,1.2249460156989351,1.0,264.9007620687067,1336.2638463929568,0.2222222222222222,37.463854796513495,296.94752142065704,50061.594711096346,0.4454212821309856,2781.1997061720194,16.578963713285063,5.884966065812229,2.2846901498683825,22.463929779097292,8.0,24.0,30.751669590497336,234.14909247820933,2.860259153519664,0
83.72780951503384,9.098223915689063,5.057975377372435,6.794630371531741,110.87387620190486,577.5922875403409,0.15384615384615385,13.302602876491385,88.86035192928321,7683.480825673378,0.19253076251344695,426.8600458707432,58.60946666052369,17.374456564704676,12.272207952613595,75.98392322522837,12.0,24.0,55.446364216524096,55.427511985380775,13.647335873533596,0
30.40917626180656,4.302336324963019,3.509710256151879,1.9890600297404275,277.96277772870116,1543.9689463531927,0.09090909090909091,81.0522381663595,140.36081330483572,125142.13876128211,0.5146563154510643,6952.34104229345,21.28642338326459,5.124426088499606,2.4270036540450577,26.410849471764195,21.0,25.0,77.26199750723953,200.70078022146163,6.453504487444528,0
18.643425468494268,1.5300001657957956,1.0,1.03608356816563,177.96307580284105,873.2453430225266,0.25,20.759264228505316,218.31133575563166,18127.930812116392,0.29108178100750887,1007.1072673397996,13.050397827945988,3.9367550744312285,1.3482053738096018,16.987152902377215,7.0,22.0,41.54505372980613,136.41802207303493,2.295000248693693,0
70.14950094283044,9.259929296257084,5.915333116997446,7.875052751786367,114.58008253548294,592.3704333675169,0.09090909090909091,48.49985915586584,53.85185757886517,28729.88258642378,0.19745681112250563,1596.1045881346545,49.10465065998131,19.4129274228849,4.986610879485271,68.51757808286621,21.0,14.0,45.294569455674605,69.28551307980834,13.889893944385626,0
26.574232660011326,1.3538910672638134,1.2850041408192812,1.0,191.83829093589776,1093.5626131112979,0.14285714285714285,16.0026696684385,156.2232304444711,17499.921259374514,0.3645208710370993,972.2178477430285,18.601962862007927,5.091502068953516,2.813681971273721,23.693464930961444,13.0,38.0,95.82227292526676,96.01601801063102,2.03083660089572,0
23.237661318707993,1.1703571503594294,1.0,1.0,246.4316529929127,1283.7742040814346,0.2857142857142857,20.256780174354763,366.7926297375527,26005.13184558487,0.42792473469381154,1444.7295469769372,16.266362923095596,5.808173227067724,3.368966164442685,22.07453615016332,6.0,30.0,37.1115911912468,209.32006180166587,1.7555357255391442,0
29.277728952385136,3.6881496549563337,2.567188472449861,1.3422568142273272,493.6641609601958,2961.984965761175,0.06666666666666667,94.11739940336936,197.4656643840783,278774.3220493198,0.9873283219203917,15487.462336073322,20.494410266669593,8.642366367910974,3.2459929094912843,29.136776634580567,29.0,34.0,266.4842313658559,227.17992959433982,5.532224482434501,1
17.951419129713344,2.2644774256927445,1.9518335255345944,1.0,111.56926546769469,552.7360433326268,0.1111111111111111,33.52148667083987,61.41511592584742,18528.533909067417,0.18424534777754226,1029.36299494819,12.56599339079934,4.064058586499861,1.442079002797534,16.630051977299203,17.0,13.0,56.35740506866432,55.21186039903037,3.3967161385391167,0
20.309167632063087,2.6178053781997503,2.4994986338822667,1.0,527.2510516386246,3114.414278448893,0.08,108.2873587982958,249.15314227591145,337251.6964169308,1.0381380928162978,18736.205356496157,14.21641734244416,3.9264006432540577,2.312340448357279,18.14281798569822,24.0,35.0,202.38897524373726,324.86207639488737,3.9267080672996255,1
9.934032551790432,1.4205933157514943,1.0,1.0,85.47716916434392,333.94994834741374,0.2857142857142857,11.82101348998052,95.41427095640393,3947.6268443930758,0.11131664944913791,219.312602466282,6.953822786253302,0.5897982823339779,1.1174219999967159,7.54362106858728,6.0,8.0,50.01412869440236,35.46304046994156,2.1308899736272413,0
8.154739862734756,1.0,1.0,1.0,128.3968211770108,658.5836342929613,0.08,61.066944924401994,52.686690743436905,40217.69052348077,0.21952787809765376,2234.316140193376,5.708317903914328,1.1711794542891916,0.8945139130770343,6.87949735820352,24.0,10.0,72.4187883296423,55.97803284736849,1.5,0
6.060034761107185,1.0,1.0,1.0,192.12890054958172,977.4486422762789,0.125,45.119129073270955,122.18108028453486,44101.63145335687,0.32581621409209294,2450.090636297604,4.2420243327750295,1.1596523931846303,0.3996145736128168,5.40167672595966,15.0,18.0,77.82710689729531,114.30179365228642,1.5,0
3.7796070751047766,1.0,1.0,1.0,109.80658956134182,563.229074985637,0.07407407407407407,32.37699140474111,41.720672221158296,18235.662919710256,0.18774302499521234,1013.0923844283475,2.6457249525733433,0.9422622534402748,0.4288216701983321,3.587987206013618,26.0,8.0,87.39174935805951,22.41484020328231,1.5,0
6.989011754414388,1.0,1.0,1.0,360.4363286808192,2034.2508046449184,0.1,86.94608773571234,203.42508046449186,176870.1489371005,0.6780836015483062,9826.119385394471,4.892308228090071,1.1149304688487578,0.6500930292162262,6.007238696938829,19.0,30.0,76.71751606954743,283.7188126112718,1.5,1
16.295346212953792,1.9264835218247223,1.8990090447654813,1.485056643081462,166.51161459144024,867.434491049689,0.125,35.7688887312869,108.42931138121112,31027.167792036806,0.2891448303498963,1723.7315440020448,11.406742349067654,4.725887807697302,0.8450637138550758,16.132630156764957,15.0,21.0,61.58954097966532,104.9220736117749,2.8897252827370834,0
22.731260665086797,2.342372305965512,2.276115220680079,1.448481700505936,235.01043646244614,1333.0791554173613,0.07142857142857142,34.235648635994565,95.21993967266866,45638.82956883717,0.44435971847245376,2535.490531602065,15.911882465560756,2.681116692762058,2.363515758765,18.592999158322815,27.0,23.0,174.14706110956692,60.863375352879224,3.5135584589482685,0
14.50428501757256,1.0,1.0,1.0,88.02230607261247,367.04641477679417,0.25,16.221957148099307,91.76160369419854,5954.211211872639,0.12234880492559806,330.7895117707022,10.152999512300791,3.425067954394882,2.160074933984055,13.578067466695673,7.0,10.0,37.03901217858607,50.983293894026396,1.5,0
1.189051358939902,1.0,1.0,1.0,291.52650945679443,1561.8684351395618,0.25,23.10550451510425,390.46710878489046,36087.758180115954,0.5206228117131873,2004.8754544508863,1.0,0.1840150369275938,0.1010384015238075,1.184015036927594,7.0,33.0,67.0730370243531,224.45347243244132,1.5,0
132.8875961707301,13.559481104224014,13.27127793353984,7.019705873469448,139.81369878777622,699.0684939388811,0.11764705882352941,45.81916030927977,82.24335222810366,32030.731390952373,0.2330228313129604,1779.4850772751317,93.02131731951106,22.78984051091029,19.475464156822074,115.81115783042135,16.0,15.0,48.17537816921666,91.63832061855955,20.339221656336022,0
73.97862110437643,10.004499688261262,7.296424123898548,3.515483510014084,425.23375405240836,2387.5641449281225,0.06896551724137931,100.75114389730923,164.65959620193948,240549.81872970934,0.7958547149760408,13363.878818317186,51.7850347730635,18.540929529924536,4.410647866271082,70.32596430298804,28.0,20.0,274.10703820644454,151.12671584596384,15.006749532391893,1
34.29199076324683,4.140889873213141,2.501713902673948,3.335403330453355,117.6976143378987,642.5620771545026,0.2,10.68320985974636,128.51241543090052,6864.625518156083,0.21418735905150088,381.3680843420046,24.00439353427278,4.254052292285599,4.226316798948415,28.25844582655838,9.0,34.0,34.605982095427,83.09163224247169,6.2113348098197125,0
198.14296330870087,22.22932540968141,18.972695488939337,11.179792634531834,320.40521736843283,1843.8959810615636,0.08,49.60536863324681,147.51167848492508,91467.13986192114,0.6146319936871879,5081.50777010673,138.7000743160906,14.702805109877874,12.172516559191259,153.40287942596848,24.0,29.0,196.3917957853158,124.01342158311702,33.34398811452212,1
6.2162265521797435,1.0,1.0,1.0,180.13702272402054,856.531278027382,0.16666666666666666,44.105761294654215,142.75521300456364,37777.964090080815,0.28551042600912735,2098.7757827822675,4.35135858652582,1.1193179723574322,0.48086961555457614,5.470676558883253,11.0,15.0,51.82935350320828,128.30766922081227,1.5,0
193.47535591590852,15.452566803277536,9.79110926926841,12.715472787609345,63.62180732236338,287.7971871790325,0.16666666666666666,13.305712074251554,47.966197863172084,3829.3465083836873,0.09593239572634417,212.74147268798262,135.43274914113596,35.25094922708167,20.71813117432368,170.68369836821762,11.0,11.0,34.59116279672362,29.030644525639755,23.178850204916305,0
6.307523377948551,1.0,1.0,1.0,415.9895583205184,2323.286083911652,0.1111111111111111,72.74810798644366,258.1428982124058,169014.66691580665,0.7744286946372173,9389.703717544813,4.415266364563986,1.5724147587621053,0.6892733466705808,5.987681123326091,17.0,30.0,150.6729291934886,265.31662912702984,1.5,0
26.74869027201799,2.431659328232281,1.413376638592256,1.2240547574230216,129.23592067263027,687.7842770963056,0.14285714285714285,17.12013024030547,98.25489672804365,11774.9564011231,0.22926142569876853,654.1642445068388,18.72408319041259,7.8127521465881,3.411023255606892,26.53683533700069,13.0,26.0,58.12153352059217,71.1143871520381,3.6474889923484217,0
4.355307471826255,1.0,1.0,1.0,462.4478316355009,2720.4155224630344,0.06666666666666667,121.60346596318887,181.36103483086896,330811.9563915643,0.9068051741543448,18378.44202175357,3.0487152302783787,0.27797824668205673,0.4857524105310721,3.3266934769604353,29.0,29.0,210.85445378062738,251.59337785487352,1.5,1
20.442844409948794,1.4536004911060005,1.0,1.0,275.67380281581103,1547.828414434609,0.07692307692307693,58.533888436711315,119.06372418727761,90600.41572968717,0.5159428048115363,5033.356429427065,14.309991086964155,4.046096183181154,2.235659524608395,18.35608727014531,25.0,23.0,163.2887370173253,112.38506579848571,2.180400736659001,0
31.92533188379195,2.976984125085338,2.3919254919490185,2.203161447777525,339.5773957891793,1945.0723112481433,0.1111111111111111,57.00159918200482,216.1191456942381,110872.23226578238,0.6483574370827144,6159.5684592101325,22.347732318654366,7.033777390590098,4.508984103922632,29.38150970924446,17.0,35.0,98.15885807715891,241.41853771202042,4.465476187628007,0
16.6826891279539,1.532480474389093,1.0,1.0,192.15780025453256,1067.357575056725,0.11764705882352941,24.953008453037306,125.57147941843823,26633.78259280386,0.35578585835224164,1479.6545884891032,11.67788238956773,4.9455888255113525,1.5884601828944114,16.623471215079082,16.0,30.0,95.464892499013,96.69290775551956,2.2987207115836394,0
47.30674723069845,2.574884637299879,1.8945932569889334,1.6891402717103168,201.87680020919015,1108.677730305968,0.1111111111111111,20.73163475312257,123.18641447844088,22984.70176362426,0.36955924343532265,1276.9278757569034,33.11472306148891,13.513056613766858,3.430996486780265,46.627779675255766,17.0,27.0,133.5843563165511,68.29244389263906,3.8623269559498183,0
22.619612493239387,2.4634118654569885,2.004400773460111,2.1473365071429784,139.02872851038904,767.9337955989639,0.06896551724137931,49.28590780301873,52.9609514206182,37848.31424871277,0.2559779318663213,2102.684124928487,15.83372874526757,5.15982067923622,1.4969401345683722,20.99354942450379,28.0,17.0,75.66113276365068,63.367595746738374,3.695117798185483,0
10.730630613166182,1.12637740100173,1.041187784426427,1.0,190.49831989410274,1040.012550927147,0.13333333333333333,20.454486676124052,138.6683401236196,21272.922865941116,0.346670850309049,1181.8290481078398,7.511441429216327,1.936313888139765,0.9657509572208174,9.447755317356092,14.0,29.0,102.83623413928538,87.66208575481737,1.689566101502595,0
10.173883734599695,1.0,1.0,1.0,72.82796714456548,261.08553121701965,0.3333333333333333,9.641243960222258,87.02851040567322,2517.1893009475107,0.08702851040567322,139.84385005263948,7.121718614219786,0.9195255881872846,1.2338405530156107,8.04124420240707,5.0,6.0,45.83248405594315,26.995483088622326,1.5,0
53.148853160322304,7.67024611616224,6.969746789324284,6.673888850111736,108.09725754113745,558.854714349275,0.06666666666666667,76.00153422452429,37.256980956618335,42473.81569915317,0.18628490478309168,2359.6564277307316,37.20419721222561,7.762078488065623,2.8835564013628843,44.966275700291234,29.0,6.0,71.40686170860849,36.69039583252897,11.505369174243361,1
9.166078627611622,1.0,1.0,1.0,171.70423473683354,866.1438319754266,0.15384615384615385,38.34328976297187,133.25289722698872,33210.8039258446,0.28871461065847553,1845.0446625469222,6.416255039328135,1.7991232409417819,0.576595280171058,8.215378280269917,12.0,20.0,37.502720566432004,134.20151417040154,1.5,0
60.248854791606355,8.16272060446075,6.8434883975236,6.142619647689282,309.2057260015158,1645.570640307511,0.07407407407407407,100.42154865552946,121.89412150426007,165250.7521217515,0.5485235467691704,9180.597340097305,42.17419835412445,13.935566086908546,3.6517641845022264,56.10976444103299,26.0,13.0,201.05944283402252,108.14628316749327,12.244080906691124,1
87.11718369755891,4.358557482091603,3.117836499707786,1.931996004056103,341.9624763907186,1958.7338632114822,0.09523809523809523,70.3022462641151,186.54608221061736,137703.39041735517,0.6529112877371608,7650.188356519731,60.982028588291236,18.19441417744181,9.454393694118787,79.17644276573304,20.0,32.0,109.96506371913881,231.9974126715798,6.537836223137405,0
2.7116121984582344,1.0,1.0,1.0,205.67374464828083,1054.9588454559025,0.1111111111111111,55.151367991653515,117.21764949510028,58182.42350178841,0.3516529484853008,3232.3568612104673,1.898128538920764,0.6196866350812306,0.20143608481839947,2.5178151740019947,17.0,17.0,88.88261243066162,116.79113221761921,1.5,0
78.21892803618296,4.065192033227341,3.484405085958046,3.1645567986200285,228.1461241100389,1267.2579175350847,0.25,18.066649350361647,316.8144793837712,22895.104432575892,0.42241930584502824,1271.9502462542162,54.75324962532807,12.30290861933229,5.211409827573533,67.05615824466035,7.0,39.0,21.670131534477207,206.4759925755617,6.097788049841011,0
238.05630900208698,29.943008973065243,18.231738507138335,13.424152254560104,140.817069434775,653.934219520617,0.25,19.14071194672367,163.48355488015426,12516.766527949694,0.217978073173539,695.3759182194275,166.63941630146087,55.20688223073521,26.01409641275779,221.84629853219607,7.0,17.0,42.379122280196135,98.43794715457886,44.91451345959786,1
27.177910066625056,2.3418955374755455,1.377764575348089,1.708463674962004,270.4119819372392,1622.471891623435,0.06896551724137931,72.35893475581972,111.89461321540932,117400.33774913155,0.5408239638744784,6522.240986062864,19.024537046637537,2.335542235573167,3.427976744830722,21.360079282210705,28.0,35.0,84.3461497079885,186.0658322292507,3.512843306213318,0
41.21907037134959,5.103814541980627,3.4663141578201038,4.018042935631996,270.7498788666355,1388.7527555105405,0.2,37.8057471944325,277.7505511021081,52502.83559040302,0.46291758517018017,2916.824199466834,28.85334925994471,3.73636767506297,3.4300652061126913,32.58971693500768,9.0,25.0,52.316672854358906,218.43320601227663,7.655721812970941,0
69.71436466193562,6.286459408314899,5.196671006921749,3.2384527370021337,259.87396620933794,1481.395878690566,0.125,28.021648040663344,185.17448483632074,41511.15392155625,0.49379862623018866,2306.1752178642364,48.80005526335493,6.323653131356943,7.516634906031673,55.12370839471187,15.0,36.0,121.6338358753988,138.24013033393916,9.42968911247235,0
14.431614071325699,1.0,1.0,1.0,122.46642668282763,691.1829002734692,0.16666666666666666,10.963215321491408,115.19715004557818,7577.586962230965,0.23039430009115638,420.9770534572758,10.102129849927989,3.9357355159684024,0.8631900697932756,14.03786536589639,11.0,38.0,44.727263494070385,77.73916318875725,1.5,0
24.99651132787038,3.168324546960177,1.8751119543076518,1.1253215217376429,232.68394376966444,1221.1084704453822,0.07692307692307693,83.19875974396057,93.93142080349094,101594.71025390053,0.4070361568151274,5644.15056966114,17.497557929509263,1.724972147593093,3.587476885049061,19.222530077102356,25.0,12.0,146.15723363594546,86.52671013371898,4.752486820440265,0
4.149386800677381,1.0,1.0,1.0,299.9297619595551,1538.4246342954923,0.06896551724137931,43.436369629327814,106.09825064106843,66823.58106212247,0.5128082114318308,3712.4211701179147,2.9045707604741664,1.0389114056470419,0.347260598488237,3.9434821661212083,28.0,6.0,278.2115771448912,21.718184814663907,1.5,0
23.721030896139695,3.37341627994677,2.48223239101712,2.991744155434999,433.2580066728773,2457.623696663284,0.13333333333333333,62.12086796758313,327.68315955510457,152669.71717442345,0.8192078988877614,8481.650954134637,16.604721627297785,2.5711871670584214,3.5522378814913713,19.175908794356207,14.0,36.0,104.90484741565217,328.3531592572251,5.060124419920155,0
36.515411150310484,2.01190434500784,1.4371491141907076,1.5969896982493257,406.14781879108614,2255.984146390156,0.13333333333333333,60.224576449525074,300.7978861853542,135865.68969319054,0.7519947154633854,7548.093871843918,25.560787805217338,6.101998525590413,5.399123982666969,31.66278633080775,14.0,32.0,122.23195838618224,283.9158604049039,3.0178565175117598,0
37.31500884098477,3.654353139824396,2.254494231544644,2.0519331137475674,140.71983533675302,690.4968366294927,0.08,26.138189754256473,55.239746930359416,18048.337340535512,0.2301656122098309,1002.6854078075285,26.120506188689337,10.41048255648926,4.771930831802444,36.5309887451786,24.0,5.0,127.65074045962479,13.069094877128236,5.481529709736594,0
72.13285797716202,8.822096890173963,4.647710739717479,5.487102026019634,88.77282571641771,389.91842906352394,0.2857142857142857,7.983100281275333,111.40526544672112,3112.757920731454,0.1299728096878413,172.93099559619188,50.49300058401341,14.17297464200327,3.75139259315859,64.66597522601668,6.0,14.0,48.85732431004105,39.91550140637666,13.233145335260945,0
7.9267045850996,1.0,1.0,1.0,63.959495588500666,255.83798235400266,0.25,18.546492962583695,63.959495588500666,4744.897339290122,0.08527932745133422,263.6054077383401,5.54869320956972,0.812720435972119,0.8271317435847172,6.361413645541839,7.0,8.0,16.268513684714023,47.69098190378664,1.5,0
10.60018964495855,1.0,1.0,1.0,303.87694430809415,1732.2322027612086,0.15384615384615385,40.2116206176058,266.4972619632629,69655.86415903333,0.5774107342537362,3869.7702310574073,7.420132751470985,1.2828616111546949,0.6220577347232753,8.70299436262568,12.0,39.0,35.799473524055514,268.07747078403867,1.5,0
195.3140576739665,24.591816465087355,21.0909516797209,14.490695758241088,113.15820494841842,555.2549316773357,0.125,29.394866899005482,69.40686645966696,16321.644811671664,0.18508497722577855,906.7580450928702,136.71984037177654,54.709744130045635,27.249006886579128,191.42958450182218,15.0,14.0,54.36847115040746,58.789733798010964,36.88772469763103,1
16.770241081357028,2.1537931818817198,2.00388367333059,1.2451098623659453,204.68118775159434,1032.4925798374459,0.1111111111111111,61.63335443958488,114.7213977597162,63635.98112936269,0.3441641932791486,3535.332284964594,11.739168756949919,2.629338704200714,2.1627510864154806,14.368507461150633,17.0,15.0,88.66546174766987,116.01572600392447,3.2306897728225796,0
25.534757027336873,3.63281707392857,1.833814612733524,2.227490748542711,218.09345630498464,1070.1607297066864,0.16666666666666666,35.219657293039276,178.36012161778106,37690.69414873833,0.3567202432355621,2093.927452707685,17.87432991913581,5.023870773154931,3.759585377790843,22.898200692290743,11.0,18.0,96.42554929266714,121.6679070123175,5.449225610892855,0
18.533649094748764,1.6238536705791395,1.5965886127454356,1.4154852353413265,154.66966895497353,786.876193476919,0.1111111111111111,36.7887430239075,87.43068816410211,28948.18607345289,0.2622920644923063,1608.2325596362716,12.973554366324134,3.0577379396454254,2.054238071627967,16.031292305969558,17.0,16.0,81.09218290715854,73.577486047815,2.4357805058687094,0
7.493103082298187,1.0,1.0,1.0,89.68422727985123,431.14391144472563,0.2857142857142857,6.308510453333048,123.18397469849303,2719.8758722399493,0.14371463714824187,151.10421512444162,5.245172157608731,1.083574055118627,0.7659246191922975,6.328746212727358,6.0,21.0,43.42181728874222,46.26240999110902,1.5,0
140.92601735569605,12.163725391672044,12.105326105925954,8.070182979911639,236.7691885920415,1173.0010405359862,0.18181818181818182,38.100963097086385,213.2729164610884,44692.46935830554,0.39100034684532875,2482.914964350308,98.64821214898723,14.912760397094887,14.359992730781928,113.56097254608211,10.0,20.0,76.74514358427868,160.02404500776282,18.245588087508064,1
10.662770754993693,1.0,1.0,1.0,231.96610856261333,1328.6834180012204,0.14285714285714285,23.56301085733169,189.8119168573172,31307.781804319337,0.44289447266707344,1739.3212113510742,7.463939528495584,2.3623142036727987,0.9451995802943486,9.826253732168382,13.0,39.0,86.96296482518751,145.0031437374258,1.5,0
5.192718581764146,1.0,1.0,1.0,168.64519757487233,835.501415589898,0.08,89.23669660492484,66.84011324719184,74557.38633598095,0.27850047186329935,4142.077018665608,3.634903007234902,1.1920431080950005,0.503013491207112,4.8269461153299025,24.0,6.0,116.59045788866615,52.05473968620616,1.5,0
11.69441838937318,1.0,1.0,1.0,272.3112064840529,1495.4931424947154,0.06666666666666667,72.89406578090025,99.69954283298102,109012.57550389502,0.4984977141649051,6056.254194660834,8.186092872561225,1.388376237033185,1.3277989791743745,9.57446910959441,29.0,15.0,191.87637527754228,80.43483120651062,1.5,0
1.818392370688165,1.0,1.0,1.0,74.74508524128669,284.58106819302805,0.2857142857142857,17.368626295267074,81.30887662657943,4942.782224152619,0.09486035606434268,274.59901245292326,1.2728746594817155,0.4496024428846934,0.2605660997176193,1.722477102366409,6.0,7.0,28.42874845390782,46.316336787378866,1.5,0
9.193116909398194,1.0,1.0,1.0,355.2202428131306,2062.890025515331,0.08695652173913043,95.91303273846296,179.38174134915923,197858.03855310066,0.6876300085051104,10992.113252950037,6.435181836578735,2.423616345362245,1.0074592840766168,8.85879818194098,22.0,33.0,58.761777985154126,296.45846482797646,1.5,1
6.285501817794891,1.0,1.0,1.0,394.8462846716741,2142.5404780389763,0.09523809523809523,85.2163687660486,204.0514740989501,182579.51947275546,0.7141801593463254,10143.306637375303,4.399851272456424,1.7610013386429153,0.8530154722394239,6.1608526110993385,20.0,22.0,198.8486365097623,195.9976481619118,1.5,0
42.13650036509305,5.974094591723999,5.9506505575515165,3.663615213963012,206.8380876895086,1190.3299258157444,0.06666666666666667,69.21241989912431,79.3553283877163,82385.6146440528,0.3967766419385815,4576.978591336267,29.49555025556513,3.8050567527368844,5.74227762301393,33.300607008302016,29.0,24.0,87.50632924274252,119.33175844676606,8.961141887585999,0
8.952232231486079,1.044507121831765,1.0,1.0,107.34059368195275,550.5802842016304,0.11764705882352941,27.82315812671049,64.77415108254476,15318.882308791164,0.18352676140054347,851.0490171550647,6.266562562040255,1.127810460662969,0.9120826719219993,7.394373022703224,16.0,18.0,41.26059313101534,66.08000055093741,1.5667606827476475,0
58.28616293273725,5.662982149856028,4.143198015672507,4.04163351583612,410.95511355972246,2319.3715613836143,0.16666666666666666,43.949852358005394,386.561926897269,101936.0376861663,0.7731238537945381,5663.113204787016,40.80031405291607,15.450981994718441,4.939575360487879,56.25129604763451,11.0,38.0,99.31070593022972,311.6444076294928,8.494473224784043,0
107.57419458452816,13.76094599264443,7.500223778002727,11.583772153582233,239.8239071671715,1332.1232011165437,0.16666666666666666,29.220653154091167,222.02053351942394,38925.510018344154,0.4440410670388479,2162.528334352453,75.30193620916971,10.718160332191296,12.258874159326973,86.020096541361,11.0,35.0,48.56145015857477,191.26245700859673,20.641418988966645,0
51.28562013098115,5.851542190927051,5.841481691531269,2.3302215583204293,229.049282510734,1250.4788951652881,0.09090909090909091,35.517113221610416,113.67989956048073,44413.40050081984,0.4168262983884294,2467.4111389344353,35.8999340916868,2.6087515273494812,4.8509906047946805,38.508685619036285,21.0,22.0,151.24989164434928,77.79939086638473,8.777313286390577,0
15.510761190221434,1.0,1.0,1.0,392.74847234432855,2238.8389909908487,0.1111111111111111,76.25803975535003,248.75988788787208,170729.47278080788,0.7462796636636162,9484.970710044881,10.857532833155004,4.152336671320065,0.9018590439265727,15.00986950447507,17.0,34.0,78.74477923406367,314.00369311026486,1.5,0
23.79171464828869,1.4171858074453332,1.2049462679627103,1.05287175566536,180.93468555926881,993.6667131221066,0.125,25.99004326598307,124.20833914026332,25825.440866010736,0.33122223770736886,1434.7467147783743,16.65420025380208,3.1312837237248647,2.088458363315945,19.785483977526944,15.0,29.0,76.97451249533654,103.96017306393227,2.1257787111679995,0
3.2220508663486127,1.0,1.0,1.0,91.71755670853024,466.60966164491833,0.18181818181818182,10.572608113997191,84.83812029907607,4933.281094776547,0.15553655388163945,274.07117193203044,2.2554356064440286,0.494985570810758,0.48139764267891516,2.7504211772547866,10.0,23.0,40.96903776134372,50.74851894718652,1.5,0
17.10660682585832,1.6367880696973713,1.2666413032154957,1.103714880059406,154.04438273296253,819.813128326135,0.07142857142857142,26.944834307890485,58.558080594723926,22089.728906181066,0.27327104277537834,1227.2071614545036,11.974624778100825,2.7641455140442885,0.9383176899855998,14.738770292145114,27.0,12.0,128.09750525129022,25.946877481672317,2.455182104546057,0
7.152585060737085,1.0,1.0,1.0,318.4535889367539,1806.4042081266161,0.10526315789473684,60.9034721597159,190.14781138174905,110016.28839883301,0.6021347360422054,6112.01602215739,5.006809542515959,1.874468312070638,0.855926187674095,6.881277854586597,18.0,32.0,95.1408576844622,223.31273125229166,1.5,0
46.20978893616762,3.757240164327621,2.1912589803245335,1.8528696794536827,165.15409135627033,747.0847645463888,0.18181818181818182,33.6618483957242,135.83359355388887,25148.25408291585,0.24902825484879626,1397.1252268286582,32.34685225531733,6.213970618021589,6.197604698491429,38.56082287333892,10.0,12.0,77.63328552738743,87.52080582888291,5.635860246491432,0
440.23244305552305,38.923599745522175,25.15189659727847,30.71409715061228,218.01457295473884,1204.2170010388115,0.18181818181818182,21.818288529993822,218.9485456434203,26273.95398138866,0.4014056670129372,1459.6641100771476,308.1627101388661,120.2142606627517,50.57064108881289,428.3769708016178,10.0,35.0,60.922895538783344,157.0916774159555,58.38539961828326,1
36.59040191179683,5.157333388065833,2.9707780495578406,3.2490859407353456,89.21174582137044,339.66077955834663,0.2857142857142857,11.970230774188332,97.04593701667046,4065.81791625412,0.11322025985278221,225.8787731252289,25.61328133825778,7.4730328496637375,3.9142517722698527,33.086314187921516,6.0,7.0,57.29113042353489,31.92061539783555,7.73600008209875,0
1.841594589882388,1.0,1.0,1.0,93.7227811618221,476.8111665394072,0.07407407407407407,53.64394627045479,35.319345669585715,25578.03259899283,0.15893705551313575,1421.0018110551573,1.2891162129176714,0.33484182406842955,0.2223825681296661,1.6239580369861009,26.0,7.0,60.71112191846531,33.011659243356796,1.5,0
13.020483464000593,1.5169489682042228,1.0,1.1498111106560056,338.0620956711962,1917.6319986452852,0.08,85.98799010037634,153.41055989162282,164893.32131567568,0.639210666215095,9160.740073093093,9.114338424800415,1.7109387496229869,1.2100491743399215,10.825277174423402,24.0,26.0,144.58911794534941,193.47297772584676,2.275423452306334,1
23.265907937894447,1.7840386200587592,1.0,1.464955069215686,245.30662790146582,1391.4835326618465,0.06666666666666667,34.11881431551611,92.7655688441231,47475.76827398794,0.4638278442206155,2637.542681888219,16.286135556526112,2.580838869161263,1.3758567738221648,18.866974425687374,29.0,21.0,193.54015100895862,51.7664768925072,2.676057930088139,0
22.30540242446444,1.376335858395394,1.0,1.0,375.9614891354323,2014.2332297767352,0.1,85.5395317679707,201.42332297767354,172296.56734658926,0.6714110765922451,9572.031519254959,15.613781697125107,4.595238796856567,3.2618790473906962,20.209020493981676,19.0,21.0,177.86994188328964,198.09154725214268,2.064503787593091,0
8.35637106122471,1.0,1.0,1.0,118.30166232995211,629.5929404256501,0.09090909090909091,37.60272730506836,57.235721856877284,23674.411652021874,0.2098643134752167,1315.245091778993,5.849459742857297,1.3514219096930096,0.779065117465345,7.200881652550306,21.0,18.0,50.25863196839983,68.04303036155228,1.5,0
26.959886906278236,1.6364939084319072,1.1506800723485293,1.0,209.02197349895835,982.4951861987386,0.15384615384615385,55.69972000507612,151.1531055690367,54724.706777604864,0.32749839539957953,3040.2614876447146,18.871920834394764,7.484846508844562,3.1418762035843617,26.356767343239326,12.0,13.0,79.05596015378075,129.9660133451776,2.454740862647861,0
4.522201784466772,1.0,1.0,1.0,194.11552756412777,1059.760448852059,0.2,14.741250777014768,211.95208977041182,15622.194540089933,0.3532534829506863,867.8996966716629,3.1655412491267403,0.7819324590543159,0.4663793898039978,3.947473708181056,9.0,34.0,79.4613548540129,114.65417271011486,1.5,0
6.463102933770838,1.0,1.0,1.0,286.95314978650725,1593.9067667579166,0.09090909090909091,82.50952155215359,144.9006151598106,131512.48472393575,0.5313022555859722,7306.249151329764,4.524172053639586,1.1501009535936595,0.3584909158781816,5.6742730072332455,21.0,25.0,82.64385832403174,204.30929146247553,1.5,1
43.5956410711361,2.458794517176412,2.400852434708693,1.4273896152055234,276.844936667588,1483.2111454118026,0.08,42.77421582422965,118.65689163294421,63443.19364674731,0.49440371513726755,3524.6218692637394,30.51694874979527,6.721611701154614,6.333341938418367,37.23856045094988,24.0,16.0,216.248130916596,60.596805750992004,3.688191775764618,0
5.9370009953718,1.0,1.0,1.0,106.04561524422883,571.8316186907481,0.3333333333333333,6.438099923868727,190.61053956358268,3681.509100758636,0.1906105395635827,204.5282833754798,4.15590069676026,1.4683138494554373,0.7673794797995842,5.624214546215697,5.0,36.0,10.761736370971672,95.28387887325715,1.5,0
38.315477490955274,2.6095932318803925,2.2592887632162113,1.2951592388963762,339.34256178189366,1829.8428081868833,0.07407407407407407,109.68099912418828,135.5439117175469,200698.98744214777,0.6099476027289611,11149.943746785988,26.820834243668692,5.985253057655574,2.4870495764968563,32.80608730132427,26.0,15.0,204.3505628598158,134.99199892207787,3.9143898478205887,0
3.8831375369879484,1.0,1.0,1.0,421.1081686903342,2339.0827391577163,0.08695652173913043,93.66730637644656,203.3984990571927,219095.57956854365,0.7796942463859055,12171.976642696869,2.7181962758915637,0.4556298842283154,0.5753446368150982,3.173826160119879,22.0,24.0,208.22792692568294,212.88024176465126,1.5,1
166.9661438705784,18.629912010583922,11.527040971551488,15.599515344796789,341.8080070135651,2010.7344966745723,0.1,48.42956608051546,201.07344966745723,97378.99917707319,0.6702448322248574,5409.9443987262885,116.87630070940487,44.330799938071586,20.652065245973724,161.20710064747647,19.0,39.0,137.89404456928946,203.91396244427563,27.944868015875883,1
7.93176904301603,1.0,1.0,1.0,163.89764267144346,761.1170824092687,0.2,32.14336981073941,152.22341648185375,24464.867849152146,0.2537056941364229,1359.159324952897,5.552238330111221,1.5800643547065842,0.7712230766721514,7.132302684817805,9.0,15.0,49.61010556659225,114.28753710485122,1.5,0
15.35744102393339,1.152578136814588,1.0,1.0,103.42785898725522,474.2128549864408,0.16666666666666666,32.7792932659314,79.03547583107346,15544.362244075142,0.15807095166214694,863.5756802263968,10.750208716753372,3.0388928799857506,1.7067800099379162,13.789101596739123,11.0,12.0,25.949529449599186,77.47832953765604,1.7288672052218819,0
29.866454076361876,2.60172562527988,1.846232559518762,1.1499266371328574,276.52922241990257,1369.9800534268327,0.08695652173913043,86.27567822514658,119.12870029798545,118195.95826432253,0.4566600178089442,6566.4421257956965,20.906517853453312,6.054096053588947,1.8121073249833155,26.96061390704226,22.0,8.0,205.94003114478267,70.58919127511993,3.90258843791982,1
10.191765160362793,1.0,1.0,1.0,197.7575782063523,1066.3716344486468,0.18181818181818182,21.89591881109786,193.8857517179358,23349.186730345296,0.3554572114828823,1297.1770405747386,7.1342356122539545,2.341149733429759,1.0807465083424803,9.475385345683714,10.0,31.0,57.62369781532598,140.1338803910263,1.5,0
23.85722611690652,1.7331334888880345,1.5663294395549616,1.1174325272956294,268.47021562160114,1592.2263318105888,0.07407407407407407,78.16301732561176,117.9426912452288,124453.21435960631,0.5307421106035296,6914.067464422573,16.700058281834565,3.0600947585941216,1.3685961909577982,19.760153040428687,26.0,34.0,58.03132282187718,210.43889279972396,2.599700233332052,0
40.061992601365105,5.599485644183385,4.147715169850285,4.230938546181932,370.3365623244809,2160.132436262563,0.07692307692307693,71.23919846044082,166.16403355865867,153886.10332774423,0.7200441454208543,8549.227962652458,28.043394820955573,2.3420678635456595,4.185898358021091,30.38546268450123,25.0,31.0,187.9642142657524,182.3723480587285,8.399228466275078,1
63.60778566716234,9.41199154607593,7.787707986623302,3.3291100696490985,173.47344750886234,889.7944081981017,0.2,20.904432447352804,177.95888163962036,18600.647098209483,0.2965981360660339,1033.3692832338602,44.525449967013635,16.070398293441233,6.6959641743569085,60.59584826045487,9.0,25.0,52.69228225749059,120.78116525137175,14.117987319113894,0
51.92482103588239,5.959201859448724,3.5435604267967484,3.5492919002265095,288.03891080422704,1608.686515590174,0.08333333333333333,100.8133113016188,134.05720963251449,162177.01448290865,0.536228838530058,9009.83413793937,36.34737472511767,4.269584015150319,7.136748794424721,40.61695874026799,23.0,24.0,68.87953840940358,219.1593723948235,8.938802789173085,1
16.34345388942445,2.315578614264732,1.7754787740671372,1.9465288698686947,78.61462982115134,355.61814864846536,0.13333333333333333,20.701478916535102,47.41575315312871,7361.821606583451,0.11853938288282179,408.9900892546362,11.440417722597113,3.7664295923654727,2.0021670767593815,15.206847314962586,14.0,8.0,51.99844264274907,26.61618717840227,3.473367921397098,0
16.84479776501491,1.9249256209870818,1.2685029327135693,1.5904181628806295,95.74362017177216,491.09612492790046,0.1,28.4649905658496,49.10961249279005,13979.046562997983,0.16369870830930017,776.6136979443323,11.791358435510435,1.1888860264049783,1.2626058461146834,12.980244461915413,19.0,15.0,47.80258342928863,47.94103674248354,2.8873884314806224,0
336.6117771241911,17.94802167443363,13.698052281758882,5.888537253793643,204.78057325125442,1023.9028662562721,0.13333333333333333,43.73432653484774,136.52038216750293,44779.702292818336,0.3413009554187574,2487.7612384899076,235.62824398693377,48.41384877467353,46.736059112753935,284.0420927616073,14.0,17.0,92.32087644736023,112.45969680389419,26.922032511650443,1
62.794461813304146,9.398840098651148,8.36884862588824,4.532300039324212,233.90411659875545,1189.978501611655,0.09523809523809523,67.41385708459569,113.33128586777666,80221.04064138944,0.3966595005372183,4456.724480077191,43.9561232693129,4.1291451244849995,6.739369553420688,48.0852683937979,20.0,13.0,139.5247166803215,94.37939991843396,14.09826014797672,1
6.644647294425649,1.0,1.0,1.0,125.19064646626904,581.3673584942827,0.11764705882352941,25.29389535713082,68.39615982285679,14705.045129805945,0.19378911949809424,816.9469516558859,4.651253106097954,1.1997137930838881,0.7351501408915013,5.850966899181842,16.0,8.0,96.73501418949688,28.45563227677217,1.5,0
22.646057988029085,2.6782174814592024,1.813448746832466,1.0802828267865583,269.8218080170521,1426.116782790751,0.08695652173913043,53.066479923206515,124.01015502528269,75678.99762211325,0.4753722609302503,4204.388756784069,15.852240591620358,4.830040545518389,1.5149790880316545,20.682281137138748,22.0,16.0,187.80997540846022,82.01183260859189,4.017326222188803,0
13.434529667674614,1.0114000305107778,1.0,1.0,364.4205450723203,1952.4020217762243,0.07142857142857142,119.99825968158258,139.4572872697303,234284.8448119502,0.6508006739254081,13015.82471177501,9.404170767372229,1.247507388678986,1.8241049657032307,10.651678156051215,27.0,13.0,239.97790540253095,124.44263966978934,1.5171000457661665,1
17.07471850106013,1.5230326411148678,1.478323980159373,1.0,102.16494535325673,462.14946004263584,0.3333333333333333,9.380551317490509,154.04982001421195,4335.216726280475,0.15404982001421194,240.8453736822486,11.952302950742089,2.4400951680667813,2.443332652374462,14.39239811880887,5.0,17.0,34.62497586732506,67.53996948593166,2.284548961672302,0
4.593332570072479,1.0,1.0,1.0,262.4476052613635,1488.7144470242897,0.09523809523809523,71.09889306715309,141.78232828802757,105845.94927650591,0.4962381490080966,5880.330515361439,3.2153327990507354,1.29789146654755,0.5856456076862826,4.513224265598286,20.0,30.0,42.04103675318889,220.4065685081746,1.5,0
12.252035895549625,1.1473876619446146,1.0,1.0,331.2680859384013,1808.5354626175656,0.07407407407407407,97.25467378096336,133.96558982352337,175888.526438175,0.6028451542058552,9771.584802120833,8.576425126884736,1.9676436304277478,1.7652150766407775,10.544068757312484,26.0,17.0,196.607768395529,134.66031754287235,1.7210814929169218,0
176.59640440106088,13.2543735344624,11.131742800762478,7.810187409925677,232.16088441670897,1259.7664245308554,0.18181818181818182,27.078931373194067,229.04844082379188,34113.12855612509,0.4199221415102851,1895.1738086736161,123.6174830807426,44.26139738416672,14.168327831932215,167.87888046490932,10.0,32.0,53.439937353628125,178.72094706308084,19.8815603016936,0
40.241208636977746,3.3579123102501187,1.8550860202858528,2.4954077626508315,264.1760006244409,1308.779767586366,0.25,31.865280644715472,327.1949418965915,41704.634596265045,0.43625992252878865,2316.924144236947,28.16884604588442,11.33981912459661,5.477308043387591,39.50866517048103,7.0,23.0,45.67121906067767,218.50478156376326,5.0368684653751785,0
1.010662756512263,1.0,1.0,1.0,264.1669775859155,1354.987191769118,0.2857142857142857,22.863218140242317,387.1391976483194,30979.367742651695,0.45166239725637264,1721.075985702872,1.0,0.29671689714255295,0.0999437469662745,1.296716897142553,6.0,28.0,43.155868896906455,221.01110868900906,1.5,0
86.4934069669376,12.622189636920929,9.571788196419304,4.669301527414015,159.0694801821049,780.5365363539063,0.2857142857142857,16.282265336800652,223.01043895825893,12708.90298998165,0.2601788454513021,706.0501661100917,60.54538487685632,23.749403357478613,5.742446082655039,84.29478823433493,6.0,23.0,28.811357487699684,130.25812269440522,18.933284455381393,0
74.2587360121427,9.643336113139203,6.67868884212684,6.998560824497244,270.1549841449128,1385.7013721175379,0.1111111111111111,52.619527402953594,153.96681912417085,72914.95132244918,0.4619004573725126,4050.8306290249548,51.981115208499894,9.605466437322923,8.679365513445559,61.58658164582282,17.0,17.0,158.72539670336403,111.42958744154878,14.465004169708804,1
13.050907020399025,1.2509930891095362,1.0,1.0,168.12881444779094,832.9431522069654,0.14285714285714285,46.292793554877164,118.99187888670933,38559.26538806567,0.2776477174023218,2142.1814104480927,9.135634914279317,3.793157660431668,1.545384355395215,12.928792574710984,13.0,17.0,39.933386141977245,128.1954283058137,1.8764896336643044,0
47.499360725516816,3.3241046338557623,2.2949348052551484,1.8238897962772525,363.0425753548459,2079.478993252323,0.09523809523809523,65.33354126966057,198.04561840498314,135859.72662504288,0.693159664417441,7547.76259028016,33.24955250786177,12.02203169612307,3.737841134268095,45.271584203984844,20.0,32.0,147.441889164966,215.60068618987987,4.986156950783643,0
7.161510676240217,1.0,1.0,1.0,72.49137378052544,289.96549512210174,0.2,34.8283825866332,57.99309902442035,10099.029201035082,0.09665516504070058,561.0571778352823,5.013057473368152,1.8569360038424676,0.3777649126096365,6.8699934772106195,9.0,6.0,18.31388975687379,54.17748402365164,1.5,0
11.423734222396705,1.0,1.0,1.0,321.69616894292403,1734.6878566321088,0.07142857142857142,61.17437715786444,123.90627547372205,106118.4491927801,0.5782292855440363,5895.469399598895,7.996613955677693,0.6145197457547534,0.7994869084066284,8.611133701432447,27.0,14.0,253.72463876751908,67.97153017540494,1.5,0
121.29864349195341,8.617810319161068,6.354119055631949,4.238811108587696,186.8770605792257,1065.2814185352772,0.07692307692307693,52.95196015352196,81.94472450271364,56408.73922656735,0.35509380617842573,3133.8188459204084,84.90905044436738,35.00190209655081,10.91417959773589,119.91095254091819,25.0,26.0,72.5008266476183,114.37623393160743,12.926715478741603,0
14.496742255599253,1.2554372931403952,1.2122239432650461,1.0,93.43190122434251,453.8904004864924,0.16666666666666666,19.275082741247648,75.64840008108206,8748.775024835173,0.15129680016216412,486.0430569352874,10.147719578919476,3.5447804694641434,0.9677487461032442,13.69250004838362,11.0,17.0,30.349812252986567,63.082088971355944,1.8831559397105928,0
2.1304260978504916,1.0,1.0,1.0,109.21846677382311,541.089725116986,0.1111111111111111,18.17143884065015,60.12108056855399,9832.378847267511,0.18036324170566198,546.2432692926395,1.491298268495344,0.5155458041078587,0.14785795144194788,2.0068440726032026,17.0,13.0,79.28903809510521,29.929428678717894,1.5,0
18.616273781240533,1.1761513594630488,1.0,1.0,206.45686037599984,1229.2846763048365,0.08,27.3890947757357,98.34277410438692,33668.994505672745,0.4097615587682788,1870.4996947595969,13.031391646868373,1.310235366789159,1.6594372654182226,14.341627013657533,24.0,37.0,119.72472691950347,86.73213345649638,1.7642270391945734,0
18.277922824100116,1.1373148555511257,1.0,1.0046013358850834,265.2911640080615,1473.5833420477622,0.06896551724137931,118.84375101622706,101.6264373826043,175126.171803984,0.4911944473492541,9729.231766888,12.794545976870081,1.9766136024679826,2.671842292163447,14.771159579338065,28.0,18.0,104.00321620032481,161.2879478077367,1.7059722833266884,0
84.60913870096037,8.409936765080571,6.151605233329847,5.545873141332583,291.8280299960232,1573.6293706027586,0.1111111111111111,60.60550459737763,174.84770784475094,95370.60205463396,0.5245431235342529,5298.366780812998,59.22639709067226,24.58448960811542,10.696655494691543,83.81088669878767,17.0,24.0,113.57654588608897,178.2514841099342,12.614905147620856,0
20.434072059436346,1.5865228944414114,1.0,1.0,199.37736777403867,987.7546198007894,0.16666666666666666,38.060254965245115,164.62576996679823,37594.192672716796,0.32925153993359646,2088.5662595953777,14.30385044160544,3.579421459242543,1.6750797901271348,17.883271900847983,11.0,19.0,60.976440627692796,138.40092714634588,2.379784341662117,0
12.110843717427514,1.2943197077748856,1.0,1.0,280.84479782584896,1593.0711483482066,0.13333333333333333,47.11134926953325,212.40948644642754,75051.73128104878,0.5310237161160689,4169.540626724932,8.477590602199259,1.8101412560205845,1.7580150018254417,10.287731858219843,14.0,36.0,31.827665972601793,249.01713185324718,1.9414795616623284,0
70.39113798021353,6.698678917856974,5.391805707511155,3.2950905692746244,411.95598029226073,2402.893923722175,0.1,81.34221670736376,240.2893923722175,195456.71826821676,0.800964641240725,10858.706570456487,49.273796586149466,18.300654387761103,8.064338143047348,67.57445097391057,19.0,37.0,86.58711346280569,325.36886682945504,10.04801837678546,1
23.218474559536638,2.1708324225022837,2.084874608216256,1.0765084101033675,334.7714262264595,1859.5176319777145,0.07692307692307693,69.70729744990079,143.0398178444396,129621.94868560569,0.6198392106592382,7201.219371422539,16.252932191675647,1.6679015237578347,2.2184083266995414,17.92083371543348,25.0,21.0,212.0865827146341,122.6848435118254,3.2562486337534255,0
8.165947649768992,1.0,1.0,1.0,326.14814838600876,1723.8241471572246,0.18181818181818182,43.2710388960447,313.4225722104045,74591.66172158135,0.5746080490524083,4143.981206754519,5.716163354838294,1.2594790519530998,0.790708873392863,6.975642406791394,10.0,28.0,75.17612278894948,250.97202559705926,1.5,0
80.31826644857577,5.148799982826362,3.1174766700460563,3.1844543054695276,235.95974857932043,1288.206112119649,0.2,21.313163201344594,257.64122242392983,27455.747104575694,0.42940203737321636,1525.3192835875386,56.22278651400303,11.559822048671082,7.314941683416935,67.78260856267411,9.0,34.0,70.19070145775139,165.76904712156906,7.723199974239543,0
25.340251944890873,3.347646399150121,2.293521902115647,1.7784522368953264,364.8254761921574,2003.5679210458477,0.07142857142857142,120.02416544258723,143.1119943604177,240476.5676310674,0.6678559736819493,13359.809312837077,17.73817636142361,3.4833431698994635,1.85742032851168,21.22151953132307,27.0,17.0,204.79325560204109,160.0322205901163,5.021469598725181,1
20.156184412057804,2.7934108031983587,2.5262800413743376,1.0879046233273928,178.71182183938402,849.7546081529514,0.2857142857142857,21.68358811614263,242.78703090084323,18425.728922982773,0.2832515360509838,1023.6516068323763,14.109329088440463,2.558284621910681,1.7871121971926536,16.667613710351144,6.0,20.0,26.926705026385598,151.7851168129984,4.190116204797538,0
24.86571805008361,1.8268433584763963,1.1593698896613271,1.0,94.27728694452767,471.38643472263834,0.07692307692307693,43.47232594495091,36.26049497866449,20492.26473629086,0.15712881157421277,1138.459152016159,17.406002635058528,2.5492020637355752,2.555938167032346,19.955204698794102,25.0,6.0,69.93278441535517,24.34450252917251,2.7402650377145945,0
5.557775589052125,1.0,1.0,1.0,216.1812788167196,1158.202443685417,0.1,59.05816068250208,115.8202443685417,68401.30602203992,0.3860674812284723,3800.0725567799955,3.890442912336487,0.5181386394386376,0.571354531476635,4.408581551775125,19.0,21.0,79.41501197303059,136.766266843689,1.5,0
10.663380287214302,1.0,1.0,1.0,398.59844973824306,2324.9809171397446,0.09523809523809523,60.949405867193946,221.426754013309,141706.2055522311,0.7749936390465816,7872.566975123951,7.464366201050011,2.240392505103893,1.3454380410703803,9.704758706153903,20.0,36.0,173.0856480296255,225.5128017086176,1.5,0
20.172072982122643,2.2356660350313913,2.1696653968089445,1.7242954772257384,263.64491367819716,1363.0244307280118,0.08333333333333333,32.94156147617606,113.58536922733431,44900.15307835668,0.45434147690933724,2494.4529487975933,14.120451087485849,5.645128608168262,1.7323733051468653,19.76557969565411,23.0,12.0,226.4066267920851,37.238286886112064,3.353499052547087,0
15.90134291894123,1.932574819960262,1.508130251512698,1.0,124.46969225515676,546.7103979002356,0.14285714285714285,38.27655221165294,78.10148541431937,20926.189089881926,0.18223679930007855,1162.566060548996,11.13094004325886,2.817923272443511,1.9348722727054046,13.948863315702372,13.0,7.0,77.36008953312238,47.10960272203439,2.8988622299403928,0
92.47275488789153,8.071114419529128,6.694092219817581,5.92853170735316,126.3102336597634,685.3927690661607,0.07407407407407407,55.282545756765764,50.769834745641525,37890.25711725642,0.2284642563553869,2105.014284292023,64.73092842152407,11.512269679889686,9.969412235309285,76.24319810141375,26.0,16.0,54.01767382399278,72.29255983577062,12.106671629293691,0
26.072653939251737,3.075728065357003,2.1033205245798907,1.6344271730829654,129.8192086601418,725.0354122401872,0.08333333333333333,26.703443084624084,60.41961768668226,19360.9418650928,0.24167847074672905,1075.6078813940444,18.250857757476215,2.3410648859912095,3.8114189344913614,20.591922643467424,23.0,24.0,71.76824543269814,58.05096322744367,4.613592098035505,0
56.02985687639381,6.79619088327604,6.055386658620134,2.3380733910264877,242.12807586088178,1210.640379304409,0.16666666666666666,50.229400894370336,201.77339655073482,60809.74095099372,0.4035467931014696,3378.318941721873,39.22089981347566,14.429696326515888,4.960238770051292,53.65059613999155,11.0,20.0,50.34309062783139,191.78498523305038,10.19428632491406,0
20.313271186848215,2.915649700796474,1.7006492690089317,2.2964765855110465,181.40407545520623,862.5559712234789,0.2222222222222222,27.02623434636999,191.67910471632862,23311.639815146507,0.287518657074493,1295.0911008414726,14.21928983079375,5.949208959094724,2.846329003000604,20.168498789888474,8.0,18.0,53.029462309948784,128.37461314525746,4.373474551194711,0
71.34634958283277,4.030167203511003,2.113645018806111,2.6106550296452893,198.5122732644331,954.3189539666165,0.25,30.05117151655592,238.57973849165413,28678.402567151028,0.3181063179888722,1593.244587063946,49.942444707982936,9.79505831210656,9.422302485350652,59.7375030200895,7.0,20.0,18.205244165097582,180.30702909933552,6.045250805266505,0
32.363566776524664,2.240502941362438,1.5633299078768,1.0,541.4246123949364,3272.5837432358835,0.06896551724137931,100.98884433618211,225.69543056799196,330494.4502227688,1.0908612477452946,18360.802790153823,22.654496743567265,3.972226720329881,3.6818874043578047,26.626723463897147,28.0,37.0,267.3120349110135,274.1125774839229,3.360754412043657,1
20.411624815873576,1.1604539156903717,1.0755642248938784,1.0,283.19562953271566,1665.938801680281,0.08,56.60556488986654,133.27510413442246,94301.40694105966,0.555312933893427,5238.967052281092,14.288137371111503,4.089943362172776,2.3565516139638447,18.37808073328428,24.0,34.0,118.09606527060494,165.09956426211073,1.7406808735355574,0
19.767917460131084,2.7042391160148296,2.3728708986899103,1.0,237.1341794090666,1185.670897045333,0.125,43.069444084450524,148.20886213066663,51066.18640285426,0.3952236323484444,2837.0103557141256,13.837542222091757,4.820055697990271,1.1557311650370563,18.65759792008203,15.0,16.0,139.51010615097874,97.62407325808786,4.056358674022245,0
6.389612650333025,1.0,1.0,1.0,181.9343796830518,844.877095223965,0.3333333333333333,17.589188446596363,281.6256984079883,14860.70244210726,0.2816256984079883,825.59458011707,4.472728855233117,1.0469425111561665,0.9266373485724018,5.519671366389284,5.0,19.0,41.22087211028087,140.7135075727709,1.5,0
36.90322199467982,3.9657754896980113,3.117372672068704,2.9792022109465073,293.4393910366995,1480.2239385336525,0.18181818181818182,46.30530635553326,269.13162518793683,68542.22294859482,0.4934079795112175,3807.9012749219346,25.832255396275873,7.658093430285435,2.2397896287760526,33.49034882656131,10.0,22.0,80.4349818012465,213.00440923545298,5.948663234547017,0
19.1395010751565,1.1171026464204128,1.0,1.0,231.74573110902213,1294.2912179460968,0.125,29.304404894353247,161.7864022432621,37928.433901898024,0.43143040598203225,2107.1352167721125,13.397650752609549,4.385572968216371,2.0349755055838554,17.78322372082592,15.0,32.0,102.80634957386783,128.9393815351543,1.6756539696306192,0
10.996858573482378,1.0,1.0,1.0,278.0663973448832,1402.67649955772,0.3333333333333333,21.695986130607984,467.5588331859067,30432.44988013405,0.4675588331859067,1690.6916600074471,7.697801001437663,3.190717312757188,0.9128171198516664,10.888518314194851,5.0,27.0,35.07135268207379,242.99504466280942,1.5,0
75.77391657911558,6.044635722029081,5.400760166735574,2.038341382935825,346.66785100562447,1892.6094269451498,0.07692307692307693,111.2284236594571,145.5853405342423,210511.96316213746,0.6308698089817166,11695.109064563192,53.0417416053809,6.915077057772961,7.045852623386081,59.95681866315386,25.0,18.0,177.60064704324964,169.0672039623748,9.066953583043622,1
4.480527427841517,1.0,1.0,1.0,327.6805020454874,1809.9635548401166,0.16666666666666666,39.34118885513711,301.6605924733527,71206.11803188034,0.6033211849467055,3955.8954462155743,3.136369199489062,1.341226276300461,0.49742054299780347,4.477595475789522,11.0,34.0,77.32748205825122,250.35301998723617,1.5,0
12.097573865089501,1.0,1.0,1.0,413.9531802226649,2311.91298859785,0.18181818181818182,46.00722654089421,420.3478161087,106364.70460925705,0.77063766286595,5909.150256069836,8.46830170556265,1.7909147191212758,1.7043683608864504,10.259216424683926,10.0,37.0,64.2982585118689,349.65492171079603,1.5,0
68.94178815076688,3.9500877556779157,3.87989325107945,1.6488774250614058,276.52116395809605,1451.1630243851369,0.10526315789473684,44.314895383452004,152.7540025668565,64308.13760996115,0.4837210081283789,3572.6743116645084,48.25925170553681,15.911767165152954,6.601638977346082,64.17101887068976,18.0,19.0,178.04361866153602,98.47754529656001,5.925131633516873,0
29.330488234614904,3.6098859214115757,3.3915455305795525,2.2007203606948083,153.01537072799238,638.0626200036195,0.2857142857142857,26.466355872889743,182.30360571531983,16887.19237020421,0.2126875400012065,938.1773539002339,20.531341764230433,5.663822706346097,4.363583421820444,26.19516447057653,6.0,11.0,47.14994723643341,105.86542349155896,5.414828882117364,0
18.96450903428726,1.5154163893059225,1.2459984604732397,1.282248846262566,210.5475661863495,1012.1768786331965,0.2222222222222222,28.964599465845634,224.92819525182142,29317.29787820038,0.33739229287773215,1628.7387710111323,13.275156324001081,3.255583297706422,2.0724644286136638,16.530739621707504,8.0,19.0,65.72456885712135,144.82299732922817,2.2731245839588836,0
27.145309031914923,2.5852491349313143,1.773223671323266,1.0,169.73622990029833,840.9066039110363,0.125,16.425324417308172,105.11332548887954,13812.163773895636,0.2803022013036788,767.3424318830909,19.001716322340446,6.094633354542466,1.793094090527163,25.096349676882912,15.0,15.0,134.6955378100409,35.04069209025743,3.8778737023969714,0
24.91068941831453,1.5635608602282804,1.264938152961894,1.1874970372572293,376.19167153455896,2154.7959702191206,0.1,85.33638418241718,215.47959702191207,183882.49674934323,0.7182653234063735,10215.694263852401,17.43748259282017,3.710159783171262,1.7188607239291545,21.14764237599143,19.0,33.0,70.77724393432908,305.4144276002299,2.3453412903424207,1
3.2543902940424165,1.0,1.0,1.0,264.4019185300246,1548.8614138241528,0.08695652173913043,62.83822921728425,134.68360120210025,97327.70854768908,0.5162871379413843,5407.0949193160595,2.2780732058296915,0.26532228951321407,0.39576999506995303,2.5433954953429057,22.0,35.0,58.749532000730696,205.65238652929392,1.5,0
13.20883253921829,1.4074432127488832,1.0,1.0,194.11163793240115,995.6535278380355,0.3333333333333333,13.732988372371436,331.88450927934514,13673.29832071034,0.33188450927934515,759.6276844839078,9.246182777452804,2.2748693337560013,0.7270112294115955,11.521052111208805,5.0,29.0,29.315777463943945,164.79586046845722,2.1111648191233248,0
139.74592961431384,19.586588626875745,12.796642776450117,14.620375126456018,225.67703869411736,1166.7333645961814,0.25,22.072752382345975,291.68334114904536,25753.016652952898,0.3889111215320605,1430.723147386272,97.82215073001969,25.221201112956845,13.699874490873679,123.04335184297653,7.0,28.0,42.7885189546793,182.88851973943807,29.379882940313617,1
9.104884595656042,1.0,1.0,1.0,133.92093628310133,663.4706084172964,0.25,10.716818671694616,165.8676521043241,7110.294204407069,0.22115686947243213,395.0163446892816,6.373419216959229,0.9148181813630246,0.590196018745991,7.288237398322254,7.0,23.0,60.43417967719539,73.48675660590594,1.5,0
13.70881125059217,1.9760232466709327,1.5550427632612638,1.0,95.57292530808067,398.53193070314427,0.16666666666666666,27.122833831684748,66.42198845052404,10809.315333081882,0.1328439769010481,600.517518504549,9.596167875414519,3.8919978521071337,1.2793318125188309,13.488165727521652,11.0,6.0,61.05295497684554,34.519970331235136,2.964034870006399,0
10.486147328062325,1.4595335052388145,1.0422053279274368,1.0,257.7085820990636,1288.5429104953182,0.3333333333333333,20.821709359008437,429.5143034984394,26829.66597894434,0.4295143034984394,1490.5369988302411,7.340303129643627,1.1206431524729306,1.310681823575591,8.460946282116558,5.0,26.0,32.83412102177251,224.8744610772911,2.1893002578582217,0
18.094024253479574,1.947749075067052,1.2305630203362847,1.6511634674619784,231.25308988952526,1330.8355168419139,0.06666666666666667,29.564126649553707,88.72236778946092,39344.98976963861,0.4436118389473046,2185.832764979923,12.665816977435702,2.755844715811668,1.734878437815028,15.42166169324737,29.0,24.0,180.28045773512233,50.972632154402945,2.921623612600578,0
9.976702275591993,1.4305527927346169,1.2595754960629706,1.0033494537193626,189.36781350690083,1084.6837724220863,0.125,30.549370945265903,135.5854715527608,33136.4069220327,0.3615612574740288,1840.9114956684834,6.983691592914395,0.8852569536047261,0.6619054188714045,7.868948546519121,15.0,37.0,34.58433405088692,154.7834794560139,2.145829189101925,0
36.02055697587008,2.9648115118120946,2.2702562309902903,1.6685710527874467,93.45283202636216,422.73967564023826,0.18181818181818182,9.321400114849633,76.86175920731606,3940.5256610644133,0.14091322521341276,218.91809228135628,25.214389883109053,6.625951254157735,2.7084770644533647,31.840341137266787,10.0,12.0,69.21719172775312,24.235640298609045,4.447217267718142,0
25.451535998432636,2.2031922665827315,1.1761468314205488,1.4187583111453046,361.42933459142125,2079.9851605554286,0.08,61.77800948910591,166.3988128444343,128497.34298599276,0.6933283868518095,7138.741276999597,17.816075198902844,3.2300392141794183,2.208021507064646,21.04611441308226,24.0,29.0,206.98431086865645,154.4450237227648,3.3047883998740972,0
50.818331110617166,2.7720279143011295,1.8965057745972993,2.0717259093541136,124.56484378359342,547.128333616392,0.25,25.4362032728371,136.782083404098,13916.867510195178,0.182376111205464,773.1593061219543,35.572831777432015,8.756919786398532,2.8944148810167603,44.32975156383055,7.0,13.0,22.820030692245012,101.7448130913484,4.158041871451694,0
5.690912478512316,1.0,1.0,1.0,474.18367509334064,2823.3826886864576,0.08333333333333333,94.01298242524976,235.28189072387147,265434.6270912344,0.9411275628954858,14746.368171735243,3.983638734958621,0.6041144271148507,0.6170870584094603,4.587753162073472,23.0,38.0,155.35703904249362,318.826636050847,1.5,1
13.351001764101898,1.6313909078119584,1.4317384590295013,1.3898414739859006,298.6542945368613,1519.392625836116,0.2857142857142857,27.660105900367864,434.1121788103188,42026.560934864974,0.5064642086120387,2334.808940825832,9.345701234871328,0.8470380452321222,1.4786685601155711,10.19273928010345,6.0,27.0,40.49330613342789,258.1609884034334,2.4470863617179375,0
15.319596748483118,1.9509800445963776,1.2908140347755461,1.0849510713680477,134.70888580781576,673.5444290390788,0.08695652173913043,67.99356534728629,58.56908078600684,45796.68715016924,0.22451480967969292,2544.260397231624,10.723717723938181,3.750339354986933,0.86119408350536,14.474057078925114,22.0,9.0,72.89655367391914,61.81233213389663,2.9264700668945665,0
34.701270222074655,2.254945053679079,2.185248255913446,1.0734588042499509,164.87677050100598,910.7070569768998,0.11764705882352941,31.219582150259136,107.14200670316468,28431.89378011105,0.30356901899229993,1579.549654450614,24.290889155452255,7.296690604941181,3.131134898050179,31.587579760393435,16.0,29.0,47.80333743753421,117.07343306347175,3.3824175805186187,0
7.753424086081804,1.0,1.0,1.0,250.48402073048942,1191.0233396630592,0.13333333333333333,60.6944170630663,158.80311195507457,72288.4673093558,0.39700777988768643,4016.0259616308776,5.427396860257263,1.048145386215531,0.7086634909373644,6.475542246472793,14.0,12.0,137.76581761336632,112.71820311712311,1.5,0
60.26699245830202,4.07925100985661,4.00018432320902,2.241290374733938,210.39830083587887,1032.401443703586,0.2,35.15368299018432,206.4802887407172,36292.71307056449,0.344133814567862,2016.2618372535826,42.18689472081141,3.728933143100705,5.0251797649544265,45.915827863912114,9.0,20.0,46.3477802150187,164.05052062086017,6.118876514784915,0
83.40420340390955,9.692630578508592,6.03707963561042,6.365723067560456,174.964989203725,882.5923626328856,0.14285714285714285,40.726767060355336,126.08462323326937,35945.1335621982,0.2941974542109619,1996.9518645665667,58.38294238273668,22.218359817831086,8.821994045097451,80.60130220056777,13.0,19.0,49.65185978724705,125.31312941647796,14.538945867762887,0
6.130971270549238,1.0,1.0,1.0,58.04918676256743,208.10415774116316,0.2857142857142857,18.912804314378718,59.458330783189474,3935.83321236722,0.06936805258038772,218.65740068706776,4.291679889384466,0.5668006378133159,0.5186541067664487,4.858480527197782,6.0,5.0,20.223578133809998,37.825608628757436,1.5,0
11.144571586520122,1.5648802695040296,1.1218689533019213,1.0,288.30268409354056,1454.3123642367138,0.2857142857142857,27.139755760171695,415.5178183533468,39469.68236438227,0.4847707880789046,2192.7601313545706,7.801200110564085,3.150409399384484,1.0212988817691735,10.951609509948568,6.0,26.0,44.04488225199528,244.25780184154527,2.3473204042560445,0
10.608782438930927,1.0,1.0,1.0,122.6496893806659,511.4400061675724,0.18181818181818182,33.68379099655226,92.98909203046772,17227.23827502391,0.17048000205585748,957.0687930568838,7.426147707251649,1.799767683897122,1.3765145024197865,9.22591539114877,10.0,7.0,68.7556237861823,53.894065594483614,1.5,0
472.8903037403884,37.42464580858798,28.799930443878143,26.74180660396692,189.12376686679247,954.014817413767,0.13333333333333333,32.80639492870589,127.20197565516894,31297.786867913284,0.3180049391379223,1738.7659371062937,331.0232126182718,63.885908846473015,31.310509419874073,394.9091214647448,14.0,18.0,100.07783777459076,89.0459290922017,56.13696871288197,1
11.990562400675765,1.619812655321896,1.45521770914498,1.2627578127089278,228.9820244448966,1257.5356399515426,0.08695652173913043,81.06185215789962,109.35092521317762,101938.16812904165,0.41917854665051424,5663.231562724536,8.393393680473036,2.823056443522217,1.3418814587548913,11.216450123995253,22.0,22.0,59.4890608420156,169.49296360288102,2.4297189829828443,0
150.37776035282226,14.413221258443592,13.277681402383053,8.590218845576768,197.4613833292282,1043.6628335879118,0.11764705882352941,17.7700718752794,122.78386277504845,18545.963566414954,0.3478876111959706,1030.3313092452752,105.26443224697557,40.48317453631244,15.121903394960565,145.747606783288,16.0,22.0,146.37242668779993,51.08895664142827,21.619831887665388,0
4.393128457057014,1.0,1.0,1.0,76.55232085829164,306.20928343316655,0.2222222222222222,17.819635731256273,68.04650742959257,5456.537888308034,0.10206976114438884,303.1409937948908,3.07518991993991,0.626804499320098,0.35367831205800165,3.701994419260008,8.0,7.0,40.91304939577909,35.639271462512546,1.5,0
6.125245520474046,1.0,1.0,1.0,190.68901610421932,1021.6263204878103,0.07407407407407407,63.707088957810896,75.67602373983779,65084.838880957956,0.3405421068292701,3615.824382275442,4.2876718643318315,0.9300323993420846,0.7518951155894534,5.217704263673916,26.0,14.0,117.18083653751445,73.50817956670488,1.5,0
8.811648697607016,1.0,1.0,1.0,159.14581882638123,788.4396284431559,0.07692307692307693,34.736519535069554,60.649202187935074,27387.648555638665,0.26281320948105197,1521.5360308688148,6.16815408832491,1.3947919497224772,0.9262702539290412,7.562946038047388,25.0,5.0,142.47228944954784,16.673529376833386,1.5,0
7.2803055047346765,1.0813763331887807,1.0,1.0,175.25629822244053,1003.8541353793452,0.09090909090909091,22.222330979900295,91.25946685266774,22307.978851941447,0.3346180451264484,1239.3321584411915,5.096213853314273,2.042713690643457,0.7115490504847839,7.13892754395773,21.0,31.0,107.53109904560155,67.725199176839,1.622064499783171,0
14.563545445671144,1.5846762306290765,1.3003971921887878,1.137668344704214,264.3422511633104,1499.4616844525558,0.1,28.226443547453815,149.94616844525558,42324.470587770076,0.49982056148418524,2351.3594770983377,10.1944818119698,3.2497240633971543,1.7005405131186055,13.444205875366954,19.0,31.0,169.26370447715018,95.07854668616022,2.3770143459436146,0
8.580276651410609,1.0,1.0,1.0,202.89545751147796,953.6978671173594,0.18181818181818182,33.923306092389566,173.39961220315624,32352.58466588125,0.3178992890391198,1797.3658147711806,6.006193655987426,0.9602318815453647,1.11740111229308,6.966425537532791,10.0,15.0,94.34087801583135,108.5545794956466,1.5,0
7.514166373574325,1.0,1.0,1.0,164.3173094101225,806.2870602402253,0.09523809523809523,75.76479477818552,76.7892438324024,61088.173651407174,0.26876235341340843,3393.7874250781765,5.259916461502027,0.7232379452014152,1.1065878301482686,5.983154406703442,20.0,9.0,88.55251463193699,75.76479477818552,1.5,0
80.65383832135437,4.6526546089060075,3.5804274283797874,3.618324380993652,296.10312301324615,1493.6608524516917,0.09090909090909091,95.34166893997701,135.78735022288106,142408.11850305303,0.49788695081723056,7911.562139058502,56.457686824948055,8.677700986151043,9.108644201919002,65.1353878110991,21.0,11.0,187.1412156532724,108.96190735997374,6.978981913359011,1
87.23035228523099,11.33899764038773,6.795364780957228,3.9746369863141715,167.4961798258147,829.8089560969477,0.25,16.002420666744598,207.45223902423692,13278.951988495557,0.2766029853656492,737.7195549164198,61.06124659966169,10.109210340091117,11.989288412138315,71.17045693975281,7.0,23.0,57.76529525385176,109.73088457196295,17.008496460581593,0
62.74982555765741,8.943908674241161,6.884676304338036,5.499915054047561,356.4865739795442,1990.9641476863123,0.13333333333333333,46.166258904074006,265.461886358175,91915.36631081533,0.6636547158954375,5106.409239489741,43.924877890360186,6.748484759748155,3.144340678760828,50.673362650108345,14.0,33.0,132.2504593026133,224.23611467693087,13.415863011361742,1
37.66754117089709,5.177194057986398,3.0623043745019314,2.202039870146873,216.14005743328246,1050.004291296668,0.2,40.60035786507717,210.00085825933363,42630.549986511454,0.3500014304322227,2368.3638881395254,26.36727881962796,8.084456736275042,3.880644537148019,34.451735555903,9.0,19.0,35.694022477383925,180.44603495589854,7.765791086979597,0
22.450023903587347,1.8897478292629106,1.3594252573862915,1.0,249.19915339492462,1459.803904589349,0.10526315789473684,29.276333049938316,153.66356890414198,42737.70529835816,0.48660130152978304,2374.316961019898,15.715016732511142,1.7731787165513213,1.6043854552531052,17.488195449062463,18.0,39.0,119.08211761742099,130.11703577750362,2.834621743894366,0
11.062523904615485,1.0,1.0,1.0,228.76755199996,1233.5872564158306,0.07692307692307693,91.0725257734346,94.89132741660235,112345.9072037112,0.4111957521386102,6241.439289095067,7.7437667332308395,1.624416833243291,0.6573268260424416,9.36818356647413,25.0,16.0,104.90891694808893,123.85863505187106,1.5,0
6.3994432493587965,1.0,1.0,1.0,419.4310661224472,2390.9415083466606,0.1111111111111111,66.38602374402471,265.6601675940734,158725.09974367567,0.7969805027822202,8818.061096870872,4.479610274551157,1.3199708794761418,0.6604039958686655,5.799581154027299,17.0,34.0,146.07685070587488,273.35421541657234,1.5,0
31.049876909962816,3.5750839411750497,2.0533482430421457,2.5888632193023344,85.50923813259811,438.6010829454384,0.18181818181818182,13.016660577382595,79.74565144462517,5709.121425573202,0.1462003609818128,317.1734125318446,21.73491383697397,3.8102854427388895,3.871380954400837,25.54519927971286,10.0,24.0,20.42593524568514,65.08330288691297,5.362625911762574,0
4.911815008225887,1.0,1.0,1.0,166.52681841971034,763.519217818773,0.11764705882352941,62.229965570251636,89.82579033162035,47513.7746370877,0.254506405939591,2639.654146504872,3.438270505758121,0.3257446760188729,0.4480913867481746,3.764015181776994,16.0,7.0,104.2968528494587,62.229965570251636,1.5,0
6.093940306064479,1.0,1.0,1.0,167.1264543016319,785.5678237514827,0.15384615384615385,47.38411067122618,120.85658826945888,37223.43270039456,0.2618559412504942,2067.9684833552533,4.2657582142451345,0.429354540661063,0.7130564947986351,4.695112754906197,12.0,13.0,56.56352940210412,110.56292489952776,1.5,0
80.11762821455669,11.277605338257205,9.80333967201137,6.1545866530802735,109.24994848818733,581.4203702242813,0.2,9.873395067859008,116.28407404485627,5740.593015725178,0.19380679007476045,318.9218342069543,56.082339750189675,6.528921248569107,7.929395921601769,62.61126099875878,9.0,30.0,41.233226909603054,68.01672157858427,16.916408007385808,0
196.52287761745353,13.125348354078357,9.708507067180543,8.91229361166087,152.39781314170983,716.3367338491373,0.1,22.219213312186206,71.63367338491373,15916.43869274874,0.23877891128304576,884.2465940415966,137.56601433221746,50.89171300176433,18.415881095298975,188.45772733398178,19.0,6.0,136.02576122746737,16.37205191424247,19.688022531117536,0
32.19960436906165,1.6411052147680538,1.192871590887871,1.0604282722335903,240.84892097087913,1345.1321919615132,0.09523809523809523,23.075503243085752,128.1078278058584,31039.602257986942,0.4483773973205044,1724.4223476659413,22.539723058343156,6.9057163707840825,2.5445951172058523,29.44543942912724,20.0,27.0,176.23751189023903,64.6114090806401,2.461657822152081,0
75.77349662449417,4.34421922495398,4.021519842606921,2.4020797787432837,160.67241852439528,810.4950031475598,0.3333333333333333,11.277196684701988,270.16500104918657,9140.11156246319,0.2701650010491866,507.7839756923994,53.041447637145914,5.010947006102612,6.687719669184232,58.052394643248526,5.0,27.0,34.36781565573305,126.30460286866224,6.51632883743097,0
14.954047800380323,1.081733105870032,1.0,1.0,328.36547471946085,1813.7470438430148,0.09523809523809523,58.4068454369174,172.73781369933474,105935.24325140481,0.6045823479476716,5885.291291744712,10.467833460266226,2.209718068036888,1.2707884483454224,12.677551528303114,20.0,25.0,176.50767658347561,151.85779813598523,1.622599658805048,0
4.034131257049924,1.0,1.0,1.0,162.22662852817476,796.0283178821774,0.2,26.82335067273013,159.20566357643548,21352.146715977135,0.2653427726273925,1186.230373109841,2.8238918799349464,0.482668851235747,0.4623869545464466,3.3065607311706935,9.0,20.0,37.05099205543416,125.1756364727406,1.5,0
41.87152251765295,4.199059301188068,2.721356405844464,1.7457011514841854,96.92944688286097,425.74489832389867,0.25,13.459335754005508,106.43622458097467,5730.243532096289,0.14191496610796622,318.34686289423826,29.310065762357063,8.144431013425631,2.579363296631554,37.454496775782694,7.0,13.0,43.09210386683894,53.83734301602203,6.2985889517821025,0
39.77136527601101,3.237748886280872,3.0287856429933164,2.7309222224965897,292.4801920730759,1577.1460355333256,0.08,105.31811771479819,126.17168284266606,166102.05182372607,0.5257153451777752,9227.891767984782,27.839955693207706,7.186744862022902,2.356995749493147,35.026700555230605,24.0,17.0,134.5030155008786,157.9771765721973,4.856623329421308,1
21.889394818195836,1.4895361230676898,1.0,1.0,198.0452989316804,1128.9452880212766,0.1,45.564094089954324,112.89452880212767,51439.36932581203,0.3763150960070922,2857.7427403228908,15.322576372737084,3.727348166924434,2.539198242446651,19.049924539661518,19.0,32.0,39.77002472447062,158.27527420720978,2.234304184601535,0
15.016497803512006,1.877188476567192,1.4503659813493557,1.0,183.0228901465481,1027.62042300424,0.1111111111111111,19.469366524217595,114.18004700047109,20007.11866324107,0.3425401410014133,1111.5065924022817,10.511548462458403,1.9315434698950251,1.5711732668155063,12.443091932353429,17.0,31.0,109.72645146714066,73.29643867940742,2.815782714850788,0
63.729826971444,4.4894561130603385,3.8784987563877666,2.1230061026150917,296.61960334769606,1674.0783843624179,0.06896551724137931,58.824280288424575,115.45368168016675,98476.45610652784,0.558026128120806,5470.914228140436,44.610878880010794,5.381980255839189,5.9281491214230035,49.99285913584998,28.0,21.0,204.18144860874318,92.4381547389529,6.734184169590508,0
6.154111283709278,1.0,1.0,1.0,165.95068160881743,780.0411750866718,0.09523809523809523,52.0739615029437,74.28963572254017,40619.83412217432,0.26001372502889064,2256.6574512319066,4.3078778985964945,1.4498722828344088,0.40152061169105074,5.757750181430904,20.0,5.0,134.7063047070512,31.24437690176622,1.5,0
7.936428042470005,1.0,1.0,1.0,328.8834989127479,1856.171171053481,0.07142857142857142,67.99717610737562,132.58365507524863,126214.39800355719,0.6187237236844937,7011.911000197621,5.555499629729003,2.142551385523473,0.7230301118090062,7.698051015252476,27.0,22.0,213.03645813721903,115.84704077552884,1.5,0
5.991082968649627,1.0,1.0,1.0,153.04036540069222,743.4671866039421,0.125,29.185511778387294,92.93339832549276,21698.470331473814,0.24782239553464736,1205.4705739707674,4.1937580780547385,1.7136757564674292,0.7726890001352974,5.907433834522168,15.0,13.0,98.56074341436926,54.479621986322954,1.5,0
22.241669970455522,3.1891597481887053,2.698078092841031,2.542177605165673,115.21001293809856,625.1600325947769,0.07692307692307693,36.01386247774109,48.089233276521306,22514.427440448435,0.2083866775315923,1250.8015244693574,15.569168979318864,1.4380294481215479,3.0907496910361205,17.00719842744041,25.0,17.0,63.350050970151386,51.85996196794717,4.783739622283058,0
5.444077853456804,1.0,1.0,1.0,180.10238917069307,846.5604233900298,0.2857142857142857,24.37695060219404,241.87440668286564,20636.561622751226,0.2821868077966766,1146.4756457084013,3.8108544974197627,1.279234050258039,0.6546920471628257,5.0900885476778015,6.0,19.0,17.58938515606615,162.51300401462692,1.5,0
8.836663589288166,1.0,1.0,1.0,255.8200076250904,1312.173220506108,0.07407407407407407,115.19920460525864,97.19801633378577,151161.3113066243,0.437391073502036,8397.850628145794,6.185664512501716,2.046799846272758,0.4947755537805692,8.232464358774473,26.0,8.0,176.0667121291421,79.75329549594828,1.5,1
8.61145527227535,1.1663552742604055,1.0,1.0028015025214374,213.5428068809603,1192.628568728903,0.18181818181818182,22.571640989877512,216.84155795070964,26919.583887620258,0.39754285624296765,1495.5324382011254,6.028018690592745,2.4695707836529444,1.0078931441434318,8.49758947424569,10.0,37.0,41.998335357891214,171.5444715230691,1.7495329113906082,0
14.691513309730238,1.5983988150576727,1.1763488885800353,1.2762382297244503,167.85472421834055,887.1797318301279,0.18181818181818182,24.393640326820567,161.305405787296,21641.543283509265,0.2957265772767093,1202.3079601949592,10.284059316811167,1.6635001983087487,1.0886199651137694,11.947559515119915,10.0,28.0,26.371610322781265,141.48311389555928,2.397598222586509,0
3.3708018856232385,1.0,1.0,1.0,195.0829978204099,984.0755269920937,0.10526315789473684,58.33212165829151,103.58689757811513,57403.21336145014,0.3280251756640312,3189.0674089694526,2.3595613199362666,0.7939747197200007,0.2748050427250095,3.1535360396562675,18.0,14.0,97.86279505659073,97.22020276381919,1.5,0
22.30132269634932,2.001947667329458,1.8781332396438173,1.4436525350251437,372.54360590463193,2143.946541631479,0.06666666666666667,107.84564262654987,142.92976944209857,231215.292539216,0.7146488472104929,12845.294029956443,15.610925887444523,1.4196257581887997,1.5518892966459414,17.030551645633324,29.0,24.0,186.60284275540803,185.94076314922393,3.0029215009941868,1
89.72634083923825,10.59009160841379,6.736456823419782,6.7793315600060415,146.49306277838375,725.7553911139416,0.125,36.11416133270201,90.7194238892427,26210.047282767136,0.2419184637046472,1456.1137379315076,62.80843858746677,18.646159215553823,11.446889889682032,81.45459780302059,15.0,15.0,69.44951860195279,77.04354417643096,15.885137412620685,0
23.631714550585425,3.286726967998278,2.2055199992214205,2.145461456721072,240.99261358734702,1170.7375367734544,0.15384615384615385,52.17563935541377,180.11346719591606,61083.97949853723,0.39024584559115144,3393.5544165854017,16.542200185409797,3.2543696347030537,2.714343749436069,19.79656982011285,12.0,16.0,93.16163541367469,147.83097817367235,4.930090451997417,0
127.68743630741517,6.908737813585456,6.669486137914079,3.444597475864363,228.36268048200913,1171.3368187003991,0.15384615384615385,37.18974837503208,180.20566441544602,43561.72154987841,0.39044560623346636,2420.095641659912,89.3812054151906,30.92939058746789,14.196736771848437,120.3105960026585,12.0,22.0,85.80197837771948,142.56070210428965,10.363106720378184,0
99.56371819267713,5.690453019886813,4.491223598021637,3.284818346264613,213.8188352260801,1137.9284664057673,0.3333333333333333,13.607578627315231,379.3094888019224,15484.451078876717,0.37930948880192245,860.2472821598176,69.69460273487398,26.466632081929788,11.628769576587748,96.16123481680377,5.0,34.0,23.312734443666876,190.50610078241323,8.535679529830219,0
51.074331738752036,4.213895521839889,2.4840109608226997,1.4616859849707433,373.1356743884139,2105.924085522816,0.07692307692307693,86.08058430335089,161.994160424832,181279.1757803039,0.7019746951742719,10071.065321127993,35.75203221712642,7.211964320811273,3.7630150894853496,42.96399653793769,25.0,24.0,200.97450578171214,172.16116860670178,6.320843282759833,1
21.968794424225763,1.6098286245656002,1.339132028585898,1.0,358.1356565367153,1918.7304046034926,0.16666666666666666,51.15925701219817,319.78840076724873,98160.82190622906,0.6395768015344976,5453.378994790503,15.378156096958033,3.985062926897038,2.0752698942307015,19.36321902385507,11.0,29.0,79.08516374290711,279.0504927938082,2.4147429368484,0
20.635243549945056,1.578453513607466,1.5711627595839532,1.1325358330472333,204.6983239834105,973.317502422527,0.18181818181818182,39.324321672346564,176.96681862227766,38275.05055458841,0.32443916747417567,2126.3916974771337,14.444670484961538,1.6374275326537084,2.338496654804501,16.082098017615245,10.0,16.0,70.99563029743217,133.70269368597832,2.367680270411199,0
50.22735139541723,3.6227481671954225,3.302956529325551,3.1587814266331766,218.68816626443848,1240.4922963076767,0.07692307692307693,27.885877936069647,95.42248433135975,34592.21675547061,0.4134974321025589,1921.7898197483673,35.15914597679206,7.7464007301399995,5.708810761911693,42.90554670693206,25.0,25.0,160.6855401574136,58.00262610702487,5.434122250793134,0
12.553446741089065,1.0,1.0,1.0,160.1893074281717,863.7915933877935,0.15384615384615385,27.019179858334127,132.89101436735285,23338.94042186181,0.2879305311292645,1296.6078012145451,8.787412718762345,1.759994467290196,1.6217193556473233,10.547407186052542,12.0,29.0,25.09340813650107,135.09589929167063,1.5,0
2.0979802542727612,1.0,1.0,1.0,260.6226839538943,1377.4957120557474,0.08333333333333333,62.14697907704296,114.79130933797894,85607.19719584493,0.4591652373519158,4755.955399769163,1.4685861779909328,0.20094636339414562,0.16513285801714211,1.6695325413850783,23.0,15.0,174.1573217597476,86.46536219414672,1.5,0
36.248748802922485,5.197904311835839,4.875997538207883,3.4512699445527075,188.92652006045148,1005.4533549790176,0.07407407407407407,54.51626840190787,74.47802629474204,54813.564965634876,0.3351511183263392,3045.198053646382,25.37412416204574,9.918370184834728,4.604809497066688,35.29249434688047,26.0,13.0,130.21669255070455,58.709827509746944,7.796856467753759,0
5.169198482370325,1.0,1.0,1.0,458.965456144397,2653.444398052686,0.07692307692307693,91.8514642136108,204.11110754251433,243722.75317054236,0.8844814660175621,13540.15295391902,3.618438937659227,0.44983378103219096,0.4860000190353196,4.068272718691418,25.0,29.0,238.5219420317311,220.44351411266592,1.5,1
6.330824789527575,1.0,1.0,1.0,575.0245634784192,3500.4406629810737,0.06896551724137931,117.52859116499384,241.40970089524646,411401.8595768226,1.1668135543270246,22855.658865379035,4.431577352669302,1.3227298605589894,0.7408158286914921,5.754307213228291,28.0,39.0,239.228588721294,335.79597475712524,1.5,1
20.090935387426256,1.4993176442348843,1.0,1.0,443.46472556337017,2630.072805790758,0.08,91.66293645838645,210.40582446326064,241080.19647812843,0.876690935263586,13393.344248784913,14.063654771198378,5.47549635330812,1.9201296313402754,19.539151124506496,24.0,36.0,160.83733815001193,282.62738741335824,2.2489764663523264,1
17.91879473038585,2.5677899357213927,1.3635620020897876,1.2089448040202717,226.67346355792148,1122.9848368212683,0.15384615384615385,56.357050516822625,172.76689797250282,63288.11317836203,0.3743282789404228,3516.0062876867796,12.543156311270096,4.981284182301952,2.5957348276833305,17.524440493572047,12.0,18.0,48.209470254649865,178.46399330327162,3.851684903582089,0
3.689567610356322,1.0,1.0,1.0,86.23721054770516,395.3943765280231,0.10526315789473684,31.35285887358175,41.620460687160325,12396.744086690951,0.13179812550934103,688.7080048161639,2.5826973272494254,0.9161562564629492,0.25063316336324665,3.4988535837123744,18.0,5.0,65.33530463198399,20.901905915721166,1.5,0
24.497960690400483,3.159500594630137,2.0060263337528967,1.5361052054678874,292.90596659535146,1599.1000953181817,0.08695652173913043,94.4991175820514,139.05218220158102,151113.54793294246,0.5330333651060606,8395.197107385691,17.148572483280336,2.303672677923061,2.878522847111112,19.452245161203397,22.0,21.0,103.90773143124865,188.9982351641028,4.739250891945206,0
64.03101613231081,3.8723285872657778,3.320965706258168,1.2775126615512773,404.42022123104505,2379.0598034461855,0.06666666666666667,113.99728818823237,158.60398689641235,271206.3660304943,0.7930199344820619,15067.02033502746,44.821711292617564,16.28679174422325,6.893163000118321,61.108503036840816,29.0,29.0,168.5637629105643,235.85645832048078,5.808492880898667,1
5.186142246486752,1.0,1.0,1.0,146.13964233181355,737.1859523837479,0.09523809523809523,45.207046711986166,70.20818594130932,33325.9997848321,0.24572865079458264,1851.4444324906722,3.6302995725407263,0.6178832267144262,0.3488878871982108,4.248182799255153,20.0,12.0,87.37048160623154,58.769160725582026,1.5,0
92.47885252401306,8.398865407672194,7.10113215168736,4.083511599432746,150.40963466411995,680.3873011910472,0.14285714285714285,46.05702864314613,97.1981858844353,31336.617419388956,0.2267957670636824,1740.923189966053,64.73519676680914,25.94952041304354,5.234361645718425,90.68471717985268,13.0,9.0,79.5526675208182,70.85696714330174,12.59829811150829,0
3.0888381280000607,1.0,1.0,1.0,88.62977354011804,430.56175546035394,0.1,24.21879541900809,43.0561755460354,10427.6870707433,0.1435205851534513,579.3159483746279,2.1621866896000426,0.7020054008097578,0.4012846722433016,2.8641920904098006,19.0,9.0,63.13630467800426,25.49346886211378,1.5,0
254.87901287292996,27.41861193856287,19.919950783172286,9.455936177629738,461.77588152670836,2657.4682493985724,0.13333333333333333,56.74760813579416,354.32909991980966,150804.9668501851,0.8858227497995241,8378.053713899171,178.41530901105097,62.781005841416075,16.75705469317514,241.19631485246703,14.0,39.0,137.503835036456,324.27204649025236,41.12791790784431,1
12.26178460857245,1.6212322004261226,1.4361205053638486,1.0,218.39713830874558,1232.6020408729003,0.07407407407407407,77.97228339118122,91.30385487947409,96108.79563949011,0.41086734695763344,5339.377535527228,8.583249226000714,0.8737516378234241,0.8417797076664758,9.457000863824138,26.0,23.0,74.44830743271872,143.94883087602688,2.431848300639184,0
23.920609181024346,3.0586138384339008,2.8185790801194233,1.2442733753103776,306.2457396498982,1710.3709719502956,0.09523809523809523,41.83381332328524,162.89247351907576,71551.3399541346,0.5701236573167652,3975.074441896367,16.74442642671704,4.681054589805804,3.5365047271892815,21.425481016522845,20.0,27.0,189.11106234469955,117.13467730519868,4.587920757650851,0
2.0741671777946933,1.0,1.0,1.0,168.6698321153272,752.1715824453348,0.2222222222222222,26.914525538729922,167.14924054340773,20244.341265231862,0.2507238608151116,1124.6856258462146,1.4519170244562851,0.5295048708691762,0.25248025049472483,1.9814218953254614,8.0,13.0,74.46899272977248,94.20083938555473,1.5,0
18.642365770773694,2.6623762580714523,2.0071352244455087,1.3125792584894327,391.38985215966284,2302.4067933977994,0.08,83.14993359439518,184.19254347182397,191444.97197831137,0.7674689311325998,10635.831776572853,13.049656039541585,4.947638913777403,1.399085020728269,17.99729495331899,24.0,34.0,148.8692125093436,242.52063965031925,3.9935643871071784,0
26.42151428370388,1.9502302853345377,1.585406663435467,1.5266743398798008,206.10559260484342,1081.6272101055524,0.1111111111111111,29.757202995174076,120.18080112283916,32186.200456214723,0.36054240336851745,1788.1222475674847,18.495059998592712,1.5101989630818693,2.8824523533437425,20.00525896167458,17.0,20.0,132.58779696970748,73.51779563513595,2.9253454280018065,0
18.112557370235663,1.673342911008604,1.4227656631698966,1.0,225.69568076251,1354.17408457506,0.07407407407407407,28.393927689335595,100.30919145000445,38450.32103619648,0.45139136152502,2136.12894645536,12.678790159164963,5.158271738372057,1.8730410000305393,17.83706189753702,26.0,37.0,142.69804597829827,82.99763478421174,2.510014366512906,0
10.219551584461176,1.0,1.0,1.0,96.1763737543359,384.7054950173436,0.2,21.094639824394513,76.94109900346872,8115.223855856261,0.1282351650057812,450.8457697697923,7.153686109122822,0.6217031843705331,1.3739913911286836,7.7753892934933555,9.0,6.0,63.36248958305555,32.81388417128035,1.5,0
6.450273788695878,1.0,1.0,1.0,240.84950416918934,1322.7100952210294,0.07407407407407407,80.74348523225035,97.9785255719281,106800.22304002765,0.44090336507367645,5933.3457244459805,4.515191652087114,1.3134671224774643,0.7929455397644791,5.828658774564579,26.0,18.0,122.83979498359268,118.00970918559665,1.5,0
77.99400333742854,5.10527025667108,4.9784669298226785,3.5287347853190814,93.56620487594313,382.44838562723385,0.16666666666666666,41.30886020692194,63.741397604538975,15798.506898238378,0.12748279520907796,877.6948276799098,54.595802336199974,17.41971745261142,10.38662619062396,72.01551978881139,11.0,5.0,48.50199374111919,45.064211134823935,7.65790538500662,0
20.841966244893207,2.8375812082118745,2.078867773143911,1.8747264728565367,461.66966476803765,2704.4521222380818,0.07142857142857142,123.14265864187763,193.1751515884344,333033.42450206564,0.9014840407460273,18501.856916781424,14.589376371425244,1.6014200460121126,1.4829196289643327,16.190796417437358,27.0,30.0,178.89763381261497,282.7720309554227,4.256371812317812,1
127.60031656443681,10.583008484002017,9.001204215354623,9.047339460856149,258.4882967275038,1402.6259340354313,0.14285714285714285,39.14794229934679,200.37513343363304,54909.91913318646,0.46754197801181047,3050.551062954803,89.32022159510576,7.911598140867387,14.549233143008014,97.23181973597315,13.0,29.0,77.80548611513396,180.6828106123698,15.874512726003026,1
10.678380401642654,1.0,1.0,1.0,240.24404884136536,1211.8856671862484,0.15384615384615385,45.888159257990615,186.4439487978844,55611.20249831878,0.4039618890620828,3089.511249906599,7.474866281149858,2.629316661856577,0.5768897394701437,10.104182943006435,12.0,20.0,79.63549143839819,160.60855740296716,1.5,0
11.920342184199741,1.0,1.0,1.0,190.6397903997792,1014.5712565320231,0.09523809523809523,52.387048696927764,96.62583395543076,53150.39382244628,0.3381904188440077,2952.7996568025715,8.344239528939818,1.742368478158818,0.6781966780856417,10.086608007098636,20.0,19.0,85.86569300592367,104.77409739385553,1.5,0
53.448207105640584,4.419518880663824,3.418752215909331,3.66994872344585,288.41634412285396,1545.2055626200154,0.18181818181818182,38.55801896411199,280.94646593091187,59580.06538695389,0.5150685208733384,3310.003632608549,37.413744973948404,4.103653330824237,6.486084417228879,41.51739830477264,10.0,30.0,49.35662654535962,239.05971757749433,6.629278320995736,0
2.864603784803961,1.0,1.0,1.0,126.1919176908922,676.0797615914397,0.09523809523809523,34.65154475726986,64.38854872299426,23427.20811827011,0.2253599205304799,1301.5115621261173,2.0052226493627727,0.6894154675832511,0.15022558108610876,2.694638116946024,20.0,20.0,53.423673700625486,72.76824399026671,1.5,0
4.682555312266094,1.0,1.0,1.0,113.61543159348498,551.9416074343668,0.18181818181818182,23.535084687291715,100.35301953352123,12989.992473407741,0.1839805358114556,721.6662485226523,3.2777887185862653,1.2281910268836036,0.5056059378426125,4.505979745469869,10.0,18.0,24.182109781776457,89.43332181170852,1.5,0
74.9620485119049,6.79401640022008,3.6045754443459996,2.9892406607939597,305.93401835970866,1743.9584293881892,0.10526315789473684,61.7919330935632,183.57457151454622,107762.56258671056,0.5813194764627297,5986.809032595031,52.47343395833342,14.75602045731643,10.04795120152035,67.22945441564985,18.0,33.0,72.49782667291434,233.4361916867943,10.19102460033012,1
4.921824449976067,1.0,1.0,1.0,124.91675616209481,718.8818788480409,0.07692307692307693,25.891113920683473,55.29860606523391,18612.6526207696,0.23962729294934695,1034.0362567094223,3.445277114983247,0.4444860389962399,0.4330919107228009,3.889763153979487,25.0,28.0,64.84937186610915,60.06738429598566,1.5,0
2.264012726649929,1.0,1.0,1.0,161.96510751691065,752.1426670699343,0.3333333333333333,18.476764896440127,250.71422235664477,13897.163228032616,0.25071422235664476,772.0646237795897,1.5848089086549502,0.12181660362944667,0.12335256829990694,1.7066255122843967,5.0,19.0,14.150988345389628,147.814119171521,1.5,0
189.09180269708327,12.719083133246649,11.76043710266126,5.267531078427973,446.337922284736,2556.5881147019786,0.06666666666666667,120.67536322431118,170.43920764679856,308517.1993566182,0.8521960382339929,17139.844408701014,132.3642618879583,42.58359126584756,22.952860244955293,174.94785315380585,29.0,23.0,246.59939005139339,199.73853223334265,19.078624699869973,1
3.771296428370136,1.0,1.0,1.0,92.36046395475503,434.13479315886923,0.14285714285714285,31.158799732509667,62.01925616555275,13527.119076951714,0.14471159771962308,751.5066153862064,2.639907499859095,0.7072497691118631,0.5391771411867221,3.347157268970958,13.0,12.0,30.04286448973569,62.31759946501934,1.5,0
25.05173979451046,3.4511235985780786,1.7786278986484143,2.305898744676654,423.0492230147183,2575.2964251219255,0.06666666666666667,78.88538910043437,171.6864283414617,203153.26054470072,0.8584321417073085,11286.292252483374,17.53621785615732,5.328487153071168,3.0492260999165803,22.86470500922849,29.0,38.0,210.87472819286032,212.17449482185796,5.176685397867118,1
21.821642035638384,2.0426131020149203,1.9755893901946935,1.0,169.9144819210432,871.5394664506094,0.06896551724137931,105.72309237278697,60.10617010004203,92141.84751808725,0.29051315548353646,5118.991528782625,15.275149424946868,5.527338297272977,2.3533489691127683,20.802487722219844,28.0,6.0,117.05293573464971,52.86154618639348,3.0639196530223805,0
1.0,1.0,1.0,1.0,406.89256213716146,2284.5836741287794,0.1111111111111111,67.56499910210245,253.84263045875326,154357.8938911889,0.7615278913762598,8575.438549510494,1.0,0.15855694424824301,0.073002882987906,1.158556944248243,17.0,31.0,152.53021257630522,254.36234956085627,1.5,0
14.573715124085401,1.5875707193984558,1.4364755273430903,1.0607124879794758,195.5113231339979,1026.029251864667,0.08333333333333333,46.209102791665806,85.50243765538892,47411.891166670364,0.34200975062155564,2633.993953703909,10.201600586859781,1.1823489990350498,0.7510937526722239,11.38394958589483,23.0,14.0,135.2385803622599,60.272742771738,2.3813560790976838,0
34.40135315046081,2.208934828556942,2.0136759705270473,1.9161251719892733,272.4173904142749,1615.6359887313863,0.09090909090909091,47.00864312739004,146.8759989755806,75948.85561804169,0.5385453295771288,4219.380867668983,24.080947205322563,9.804241896588092,4.109833710279353,33.885189101910655,21.0,39.0,93.33684516707473,179.08054524720015,3.313402242835413,0
30.72790679532736,2.3334514533981885,1.993590316825057,1.6447216747547435,292.754370479101,1588.562722315746,0.125,53.742240588313095,198.57034028946825,85372.92001231843,0.529520907438582,4742.940000684357,21.509534756729153,5.725086296032208,2.246290419628802,27.234621052761362,15.0,27.0,92.11667228273214,200.6376981963689,3.5001771800972827,0
59.395877438285325,6.214281605379628,3.514990974627757,4.783396572565702,138.7349867033693,644.2653267407555,0.15384615384615385,36.030930865395455,99.11774257550086,23213.479446767575,0.21475510891358518,1289.637747042643,41.57711420679973,12.106277393384435,8.066926391517677,53.683391600184166,12.0,12.0,60.667969828345804,78.06701687502348,9.321422408069441,0
12.616562338596102,1.0,1.0,1.0,281.4198001693866,1662.3159710385783,0.07142857142857142,43.171678718469494,118.73685507418415,71764.97103025814,0.554105323679526,3986.9428350143407,8.83159363701727,3.5749389890542487,1.2192193147034134,12.40653262607152,27.0,32.0,175.88902996868333,105.53077020070322,1.5,0
47.228868694588606,5.56888690838532,5.260054771347668,2.580358315151787,147.19122691299702,766.7858324329668,0.2,19.43756684895535,153.35716648659337,14904.450876747667,0.2555952774776556,828.0250487082037,33.06020808621202,13.360853980204974,4.867575259183959,46.421062066416994,9.0,27.0,26.246366519497073,120.94486039349995,8.35333036257798,0
8.782886553962014,1.0,1.0,1.0,213.26186603523956,964.703263874737,0.13333333333333333,57.24361200462633,128.62710184996493,55223.0993368421,0.3215677546249123,3067.949963157894,6.148020587773409,1.695304834954866,1.1013182414158664,7.843325422728276,14.0,8.0,139.6629363150057,73.59892972023385,1.5,0
3.6966947156399086,1.0,1.0,1.0,194.54603612531707,954.6161150762335,0.16666666666666666,39.10706073073856,159.10268584603892,37332.23038682798,0.31820537169207785,2074.012799268221,2.587686300947936,0.45987938105243553,0.4729664366894574,3.0475656820003714,11.0,18.0,59.44891723731114,135.09711888800592,1.5,0
4.232216915138349,1.0,1.0,1.0,393.2990515162024,2196.5604542871883,0.13333333333333333,67.1788393847894,292.87472723829177,147562.38195753907,0.7321868180957295,8197.91010875217,2.9625518405968445,1.2666111428028637,0.48359461838605067,4.229162983399708,14.0,33.0,67.00183164722529,326.2972198689771,1.5,0
3.474558615285991,1.0,1.0,1.0,102.13393149147173,388.86012677314903,0.2222222222222222,27.120334132820517,86.41336150514422,10546.016569018748,0.12962004225771634,585.8898093899304,2.4321910307001935,0.7651126520972985,0.49979156567438143,3.197303682797492,8.0,5.0,61.45343029224095,40.680501199230775,1.5,0
67.45786369947822,5.630471847826105,5.326498350895217,5.029493235081734,140.13190193270435,624.9086342584828,0.14285714285714285,55.095707085748174,89.27266203692612,34429.7830684603,0.20830287808616094,1912.7657260255723,47.22050458963476,10.260959604886956,9.999268587925256,57.48146419452171,13.0,8.0,63.84553827551458,76.28636365718978,8.445707771739158,0
3.262558779298499,1.0,1.0,1.0,290.253809198838,1678.0616791992352,0.10526315789473684,32.658399553304655,176.63807149465632,54802.80879437796,0.5593538930664117,3044.6004885765533,2.2837911455089492,0.6197530579960205,0.4720548809183616,2.90354420350497,18.0,36.0,155.9914999241411,134.26230927469692,1.5,0
27.906136441394665,1.8171999395331113,1.815300349374974,1.0,336.16451771511043,1835.2671970778317,0.2857142857142857,23.87048865361658,524.3620563079519,43808.72480420108,0.6117557323592773,2433.818044677838,19.534295508976264,4.2963872580090845,3.6952725019062918,23.830682766985348,6.0,37.0,33.804994769300414,302.35952294581,2.725799909299667,0
14.598093925055137,1.9127928269088423,1.5160634711974947,1.0,289.78975671305227,1711.756388632009,0.06666666666666667,30.33409581013984,114.11709257546727,51924.58229638233,0.5705854628773364,2884.699016465685,10.218665747538596,3.9717952080869736,1.759983020354087,14.19046095562557,29.0,30.0,224.9375518775809,64.85220483547138,2.8691892403632635,0
17.757744166760514,2.2372603707470615,1.9589358249081903,1.1871391371665292,191.8628181574939,984.1186947584338,0.14285714285714285,45.70317925949978,140.58838496549052,44977.353119169646,0.32803956491947794,2498.741839953869,12.43042091673236,3.029912323209975,2.0658042966839854,15.460333239942335,13.0,21.0,37.1751345099562,154.6876836475377,3.3558905561205923,0
103.16490777078359,10.155816290584099,6.10705746915178,3.8452492486112164,374.5888091849945,2145.614902181201,0.07692307692307693,69.35936253302327,165.04730016778473,148818.4818566432,0.7152049673937337,8267.693436480178,72.2154354395485,26.39805262722132,6.228583131860115,98.61348806676982,25.0,27.0,219.22383711102236,155.36497207397213,15.233724435876148,1
11.86849202084339,1.2316774195719764,1.0269287959461262,1.0129298921354641,211.29562018410417,1139.3730540755885,0.3333333333333333,11.612628426552687,379.79101802519614,13231.11591620633,0.37979101802519616,735.0619953447962,8.307944414590374,3.0863310227456853,0.9156355814428212,11.39427543733606,5.0,36.0,39.428719471124396,171.86690071297977,1.8475161293579645,0
41.8428893234262,2.3412943438010365,1.931255093789225,1.0,268.81628569633415,1493.1639436782484,0.07142857142857142,114.13268654527093,106.65456740558916,170418.8123445301,0.49772131455941615,9467.711796918338,29.29002252639834,10.715256159565607,2.115945636929973,40.005278685963944,27.0,19.0,99.73082414778459,169.08546154854955,3.5119415157015546,1
21.01162848098529,2.2177928346044324,2.1082435557184396,1.085555544487244,194.45243929295225,972.2621964647612,0.13333333333333333,58.40349130055384,129.63495952863482,56783.50673308705,0.3240873988215871,3154.6392629492807,14.708139936689703,4.844171128683547,1.3393019383469682,19.55231106537325,14.0,17.0,44.2720330915281,150.18040620142415,3.3266892519066484,0
16.736254813535485,2.1612220797291886,1.978374828003664,1.0,76.49522489240482,335.9913090542892,0.13333333333333333,13.070481835134892,44.79884120723856,4391.568301757281,0.1119971030180964,243.97601676429338,11.71537836947484,4.413675566403053,1.5719183858287247,16.12905393587789,14.0,6.0,63.424743057269936,13.070481835134892,3.2418331195937826,0
317.33657114644046,34.07647602036032,33.02805296483345,29.2690893937895,393.55449504882097,2197.987096837915,0.08,79.07447126534765,175.8389677470332,173804.66753051462,0.7326623656126383,9655.814862806368,222.13559980250832,46.58735531832967,20.516969214825096,268.722955120838,24.0,23.0,235.40555251812563,158.1489425306953,51.114714030540476,1
3.5622412277842095,1.0,1.0,1.0,255.97934354745183,1499.5221296462046,0.06666666666666667,69.19720912394712,99.96814197641363,103762.74639111497,0.4998407098820682,5764.597021728609,2.4935688594489465,0.28022656144641317,0.49930632032383415,2.7737954208953597,29.0,28.0,117.5849252995576,138.39441824789424,1.5,0
94.34499304538278,11.015233363353172,10.292049668492108,9.332305674556391,295.98252379700034,1711.1814389873318,0.07407407407407407,66.84154608170026,126.75418066572827,114378.0130082219,0.5703938129957773,6354.334056012328,66.04149513176795,24.587583665413728,12.318618055981911,90.62907879718168,26.0,28.0,146.87445946089971,149.1080643361006,16.522850045029756,1
44.154192309432545,3.803832580903666,2.0231127235628903,3.36029515084713,145.52602134642396,658.2959737790242,0.25,28.40356940449287,164.57399344475604,18697.955379930732,0.21943199125967472,1038.7752988850407,30.90793461660278,7.706765622657722,2.523906229276304,38.6147002392605,7.0,15.0,15.681132640170834,129.84488870625313,5.705748871355499,0
11.297370578146719,1.18043206997812,1.0895163444608698,1.0,168.2248748430557,876.3596404336654,0.18181818181818182,21.564198606992054,159.33811644248462,18897.993337463704,0.29211988014455514,1049.8885187479837,7.908159404702703,0.9246220894676368,0.8460755774690435,8.832781494170339,10.0,26.0,51.778202365298604,116.44667247775708,1.7706481049671798,0
141.90846270914452,14.014388252771004,11.263913164253847,6.174619848968124,247.0490204515665,1212.2425151080881,0.18181818181818182,45.33585480422957,220.4077300196524,54958.05065245435,0.4040808383693627,3053.2250362474642,99.33592389640116,11.186378823947944,18.718746334807328,110.5223027203491,10.0,19.0,65.70560123464821,181.34341921691828,21.021582379156506,0
2.1864251645200645,1.0,1.0,1.0,288.74391105527275,1536.6743324727138,0.07692307692307693,40.09915712806647,118.20571788251645,61619.34551249001,0.5122247774909046,3423.2969729161114,1.530497615164045,0.19636415260641538,0.28490128416409044,1.7268617677704605,25.0,14.0,240.624922501593,48.11898855367976,1.5,0
10.73897891254481,1.3089504928417823,1.0,1.0,263.15849115243117,1381.0366861151438,0.2857142857142857,21.220796343310134,394.5819103186125,29306.69825868939,0.46034556203838123,1628.1499032605216,7.517285238781367,2.5531204454897627,1.552266297684123,10.07040568427113,6.0,31.0,36.80333015712309,226.3551609953081,1.9634257392626735,0
4.710628576597615,1.0,1.0,1.0,284.06181637670454,1468.57828644104,0.08695652173913043,75.34915690455334,127.70245969052522,110656.135731666,0.4895260954803467,6147.563096203667,3.29744000361833,1.0726768688037265,0.705439128069453,4.370116872422057,22.0,13.0,188.16288940727304,95.89892696943153,1.5,0
32.93382212559123,1.6638579219141019,1.1049695022660961,1.0,300.7415321204296,1776.447327791063,0.07142857142857142,52.59352963317835,126.88909484221877,93429.63517595976,0.5921491092636876,5190.53528755332,23.053675487913857,3.324823146049989,4.861921567211842,26.378498633963847,27.0,32.0,172.17957079488252,128.56196132554706,2.495786882871153,0
5.282096475028799,1.0,1.0,1.0,36.947705003592944,132.45613692558814,0.2857142857142857,11.49501217934404,37.844610550168035,1522.5849071884975,0.04415204564186272,84.58805039936097,3.6974675325201587,1.3824876241057127,0.4807436646169037,5.079955156625871,6.0,5.0,13.957680644904869,22.99002435868808,1.5,0
33.7735089424318,3.4162415493911924,2.87259528073023,2.2714103774603567,254.5672059777211,1335.950244270943,0.11764705882352941,66.27132609215637,157.1706169730521,88535.19428097561,0.4453167480903143,4918.621904498646,23.64145625970226,4.063753520179766,2.5341224406508873,27.705209779882026,16.0,21.0,72.32105922429108,182.24614675343003,5.124362324086789,0
16.059110180129622,1.9282685563547894,1.8432073729330376,1.3213157313684054,455.0197690162562,2709.2770298296805,0.07407407407407407,102.3047535565563,200.68718739479112,277171.9188531643,0.9030923432765602,15398.439936286906,11.241377126090734,3.986616222433756,2.020894789986609,15.22799334852449,26.0,35.0,171.71429762886947,283.3054713873867,2.8924028345321844,1
11.299689741226155,1.5318137003371715,1.3981146382124827,1.0709794271832607,151.30150414229405,693.7117227951248,0.2,19.457621578575925,138.74234455902499,13497.9801867695,0.23123724093170828,749.8877881538612,7.909782818858308,1.9458232623321234,0.9031535706579878,9.855606081190432,9.0,14.0,86.44276554704096,64.85873859525307,2.2977205505057574,0
32.020511929330624,3.0967155316648776,2.2460433299418,1.6199795401891808,419.9175574630593,2459.869071138992,0.08,73.04630413793737,196.78952569111934,179684.3443099243,0.8199563570463306,9982.463572773571,22.414358350531437,7.457166425494596,4.183160831606706,29.871524776026032,24.0,33.0,212.95302907223677,206.96452839082255,4.645073297497317,1
14.55091751783471,1.942509762998034,1.3478911661319142,1.5220864177587743,96.9510261882834,493.2347431539803,0.16666666666666666,13.117675077086801,82.20579052566337,6470.0930974242765,0.16441158105132675,359.4496165235709,10.185642262484297,2.1149309828175338,1.5044989999195222,12.30057324530183,11.0,22.0,42.09529404773859,54.8557321405448,2.913764644497051,0
5.439233707365546,1.0,1.0,1.0,142.00427251618297,750.5496970449528,0.06896551724137931,46.708671662405884,51.76204807206571,35057.17936559091,0.25018323234831763,1947.6210758661618,3.807463595155882,0.7440063945965043,0.7037972850337618,4.551469989752387,28.0,10.0,105.30460192429263,36.69967059189034,1.5,0
500.0,32.958376723990725,22.61647894567012,11.973098596367299,166.3727062723552,866.7108546393175,0.09523809523809523,55.40295972595946,82.54389091803023,48018.346573634015,0.28890361821310584,2667.6859207574453,350.0,130.16994986991654,38.79399398585053,480.16994986991654,20.0,16.0,72.18767473822412,94.18503153413108,49.43756508598609,1
11.19424022465183,1.2957012556132368,1.0,1.0083919204933312,273.5000059702871,1484.0834428073822,0.08,30.55592708223567,118.72667542459058,45347.54546237564,0.49469448093579405,2519.308081243091,7.83596815725628,0.6585074906081654,1.1284099923320385,8.494475647864446,24.0,18.0,225.1197880900806,48.38021788020647,1.9435518834198553,0
1.4033596387704783,1.0,1.0,1.0,166.55986987196582,719.8597810804323,0.3333333333333333,20.4088706246495,239.9532603601441,14691.525139959054,0.2399532603601441,816.1958411088364,1.0,0.41214460448840745,0.14932080466327521,1.4121446044884074,5.0,14.0,44.10664612406883,122.45322374789698,1.5,0
7.311742170136131,1.0181061201091717,1.0,1.0,226.85252963078636,1113.1405442353084,0.3333333333333333,18.58571923406684,371.04684807843614,20688.5176232138,0.37104684807843613,1149.3620901785443,5.118219519095291,1.5504175610040918,1.0551634114812956,6.668637080099383,5.0,24.0,40.99533729011795,185.8571923406684,1.5271591801637574,0
4.38973110697553,1.0,1.0,1.0,289.4118171282414,1550.5388610155721,0.09090909090909091,95.25196691774987,140.95807827414293,147691.87629414085,0.5168462870051908,8205.104238563381,3.072811774882871,0.6941080009560927,0.33651572295445464,3.7669197758389634,21.0,19.0,107.97949918967024,181.4323179385712,1.5,0
54.12925184411306,5.550896480542577,3.754643057845483,3.288959602651516,294.34596184187825,1576.9737979171928,0.3333333333333333,18.345189838189416,525.6579326390643,28929.883692641455,0.5256579326390642,1607.215760702303,37.890476290879135,11.205493064325083,7.776685952572742,49.09596935520422,5.0,35.0,30.17522817195067,264.1707336699276,8.326344720813866,0
29.54702882766954,2.4565195529294153,1.9001659527256598,1.0,247.6216697181029,1289.9735407156315,0.07692307692307693,109.12012579070034,99.22873390120243,140762.07502956482,0.4299911802385438,7820.115279420268,20.682920179368676,2.3840090122232294,3.8554703991307115,23.066929191591903,25.0,11.0,142.86634895903057,104.75532075907233,3.684779329394123,0
32.40962226348782,4.796625441937931,3.676339122146409,3.9362325216609033,186.75784288878762,987.0903171943253,0.08,72.08432498991047,78.96722537554602,71153.73921902955,0.32903010573144176,3952.9855121683086,22.68673558444147,5.785542588094976,3.9892811339322938,28.47227817253645,24.0,14.0,96.65243665139954,90.10540623738808,7.194938162906897,0
12.883830055058382,1.0560819923872358,1.0,1.0,197.9082987151729,989.5414935758645,0.1111111111111111,53.96054118206632,109.94905484176272,53396.19451546385,0.3298471645252882,2966.4552508591028,9.018681038540867,3.8171423304301073,1.6579817851088388,12.835823368970974,17.0,14.0,102.68381427623231,95.22448443894058,1.5841229885808537,0
14.3647846860715,1.7872465539783302,1.7433169578927505,1.3758315550375475,343.2762309610093,1896.1075297548714,0.14285714285714285,61.869085906002965,270.8725042506959,117310.4396454232,0.6320358432516238,6517.246646967956,10.05534928025005,1.5631379387738313,1.5879192770657726,11.618487219023882,13.0,32.0,29.171640976686465,314.1045899843228,2.680869830967495,0
12.869789629507114,1.3281388666257463,1.0,1.0,300.6943047186926,1730.4618961973376,0.1,65.86462044277853,173.04618961973378,113976.21598372847,0.5768206320657792,6332.011999096027,9.008852740654978,2.9673812786248863,0.9576153202173646,11.976234019279865,19.0,34.0,58.03517677161379,242.65912794707882,1.9922082999386195,0
18.220879814128185,2.019807016563204,1.026248462216295,1.3307043940360848,79.37306524166281,310.10188213727383,0.25,6.879270937088292,77.52547053431846,2133.274865323327,0.10336729404575794,118.5152702957404,12.75461586988973,2.892434281110259,1.2563204959677015,15.647050150999988,7.0,7.0,63.64901738546101,15.72404785620181,3.0297105248448055,0
54.72934966270639,4.889960946999235,2.631884582699088,2.030730899922571,292.2599085003645,1533.7588148955674,0.10526315789473684,66.60810992152778,161.44829630479657,102160.77573567614,0.5112529382985225,5675.598651982008,38.31054476389447,11.663620020355125,7.477897820130034,49.974164784249595,18.0,19.0,144.24188645252494,148.01802204783954,7.334941420498852,0
30.062859163054828,4.4036771319857975,3.479334079756813,1.9042473674350078,376.43331478424597,2156.18008353171,0.07142857142857142,119.99097956811624,154.01286310940785,258722.16034823257,0.7187266945105699,14373.453352679588,21.04400141413838,3.0430169332701045,3.683119331534766,24.08701834740848,27.0,25.0,145.33957635676282,231.09373842748315,6.605515697978696,1
36.6031900170517,3.922699182012759,2.2315951656290816,1.2882498837452134,225.8923154477391,1129.4615772386956,0.125,59.04453175309139,141.18269715483694,66688.52996116685,0.3764871924128985,3704.9183311759357,25.62223301193619,6.1352892896328415,2.610555188287409,31.75752230156903,15.0,16.0,92.05804347406527,133.83427197367382,5.884048773019138,0
36.578867754454045,5.259264359354193,2.7393530376550292,2.337361489490711,192.245079903062,1001.4917785266127,0.06896551724137931,83.01273469693096,69.06839851907674,83136.57131198724,0.33383059284220423,4618.698406221513,25.60520742811783,10.791613829563302,4.078885276418878,36.39682125768113,28.0,8.0,138.87975045503495,53.36532944802705,7.888896539031289,0
58.05152190020794,2.946645421237754,2.032635005136719,1.4947335244389264,301.89777773114554,1606.6782650914438,0.07407407407407407,88.97159640731672,119.01320482158842,142948.73015812377,0.5355594216971479,7941.596119895765,40.636065330145556,5.73675517601917,5.500651531728278,46.37282050616473,26.0,13.0,206.08221236941986,95.8155653617257,4.419968131856631,1
28.382706960034007,3.0445294827362366,2.470272146759956,2.435280109428308,449.8650569901342,2525.8617640059556,0.11764705882352941,76.96705407234617,297.1602075301124,194408.13896951807,0.8419539213353185,10800.452164973227,19.867894872023804,5.93514352840219,1.8694416676773888,25.803038400425994,16.0,32.0,132.3759589417062,317.489098048428,4.566794224104354,1
30.895720748647904,3.7605866243867276,2.0905849492740582,1.954886804348667,211.38979698564674,1160.9217111081255,0.1111111111111111,22.33769980368376,128.99130123423615,25932.320678312186,0.3869739037027085,1440.6844821284549,21.627004524053532,5.990662864794721,3.187996910320599,27.617667388848254,17.0,27.0,137.80678586762966,73.58301111801708,5.640879936580092,0
83.64381531485702,10.414325588888312,6.83871182448633,7.839623841979518,323.062118933199,1763.7355468878695,0.1111111111111111,60.062550260132134,195.97061632087437,105934.4549305343,0.5879118489626232,5885.247496140794,58.550670720399914,15.997958397503222,6.536923863529568,74.54862911790313,17.0,26.0,132.27519457748514,190.78692435571384,15.62148838333247,0
9.04258331392912,1.2704620507655195,1.0,1.0,137.66125713152485,700.3465303364409,0.3333333333333333,10.300093412397672,233.4488434454803,7213.634683513941,0.23344884344548028,400.75748241744117,6.329808319750383,1.8427050644496816,0.5391587168135539,8.172513384200066,5.0,28.0,18.18017354771183,119.48108358381302,1.9056930761482793,0
7.193004122834371,1.0,1.0,1.0,345.326970530548,2031.4353029487097,0.06896551724137931,96.47431395256552,140.09898641025583,195981.32719099888,0.6771451009829033,10887.85151061105,5.03510288598406,1.2628001599875698,0.6955335028046049,6.29790304597163,28.0,30.0,131.70527534986724,213.6216951806808,1.5,0
4.839900104627517,1.0,1.0,1.0,313.89630135860295,1762.4366532695021,0.13333333333333333,46.65472252808627,234.99155376926694,82225.9930316176,0.5874788844231674,4568.110723978756,3.387930073239262,0.2624807902172412,0.5276016495332981,3.650410863456503,14.0,34.0,80.62268871817159,233.27361264043134,1.5,0
25.015546118535777,2.4321701442889907,1.3197126511621626,1.0796523294071378,151.9476298239647,834.4740613286957,0.25,10.999507317475157,208.61851533217393,9178.8035438282,0.27815802044289856,509.9335302126778,17.510882282975043,6.879880630502445,1.3681162531412525,24.390762913477488,7.0,37.0,32.52440751994872,119.42322230401598,3.648255216433486,0
2.1717239747273775,1.0,1.0,1.0,298.186068153904,1674.2282522417331,0.06896551724137931,48.71964221229217,115.4640173959816,81567.80143092849,0.5580760840805777,4531.544523940472,1.5202067823091643,0.5575786352961203,0.1959096451323598,2.0777854176052846,28.0,20.0,225.1066048354657,73.07946331843826,1.5,0
34.97330007164746,5.156926946464683,3.91883997953618,3.471098915918023,218.3775777849855,1120.1204010141046,0.2222222222222222,26.8591040345168,248.915644669801,30085.430382022514,0.37337346700470153,1671.4127990012507,24.48131005015322,3.2714696454917043,2.64979376753089,27.752779695644925,8.0,26.0,37.0786255519971,181.2989522329884,7.7353904196970245,0
17.618831235293563,1.2721944451127576,1.0,1.0055126653031992,128.6856046111182,698.2821607388405,0.09523809523809523,28.942813358897503,66.50306292750862,20210.250250111927,0.23276072024628017,1122.7916805617738,12.333181864705493,2.7012891533426373,0.9349443202579567,15.03447101804813,20.0,22.0,62.11713388565394,66.56847072546425,1.9082916676691364,0
78.37990962899241,7.623737358692488,4.175421110502721,5.267633078917598,107.6438004081056,493.54278830627686,0.15384615384615385,22.667958505734205,75.92965973942721,11187.607446131045,0.16451426276875897,621.5337470072803,54.865936740294686,19.01788534931814,4.9039374096794806,73.88382208961282,12.0,11.0,62.307883396637195,45.33591701146841,11.435606038038733,0
8.968327711703395,1.0,1.0,1.0,457.2452407023015,2593.689490855591,0.09523809523809523,84.01901014745826,247.0180467481515,217919.22365155176,0.8645631636185304,12106.62353619732,6.2778293981923765,2.6457963911561637,0.5731067755255924,8.92362578934854,20.0,30.0,196.78630924518086,260.4589314571206,1.5,0
15.737053976118288,1.60840310914933,1.5401591599491624,1.0,135.34886194899804,688.5823057710495,0.09090909090909091,44.746787542280906,62.59839143373178,30811.84614171106,0.2295274352570165,1711.769230095059,11.015937783282801,4.528876458440944,1.0746428901533704,15.544814241723746,21.0,12.0,79.94807737284074,55.40078457615731,2.412604663723995,0
77.21888102204133,6.794922733237424,5.8578772261232865,2.3240071868093106,217.6820057471272,1107.4491154473524,0.08333333333333333,61.7286676152809,92.28742628727936,68361.35834828646,0.36914970514911744,3797.8532415714703,54.05321671542893,21.22282181007027,10.064535761566201,75.2760385254992,23.0,10.0,158.63719324555416,59.044812501573034,10.192384099856136,0
105.61102572894708,5.752210432328154,5.221902404680102,3.573911723350995,466.0485655263275,2764.011628684614,0.07407407407407407,120.33920643073404,204.74160212478623,332618.9659612272,0.9213372095615381,18478.8314422904,73.92771801026295,9.46205872206062,9.922069968275927,83.38977673232357,26.0,34.0,142.05839436665892,323.99017115966853,8.628315648492231,1
8.880138565433477,1.0,1.0,1.0,151.85993747147805,843.5195156955351,0.1,34.96821179619335,84.35195156955352,29496.369079063916,0.2811731718985117,1638.6871710591065,6.216096995803433,2.4741733422715315,0.5746213275112051,8.690270338074964,19.0,27.0,48.79573428269765,103.0642031887804,1.5,0
24.98154816866379,2.2269451878479214,2.1964669280590345,1.6542307440185648,302.2725499587965,1763.122538210777,0.09523809523809523,49.78710621597486,167.9164322105502,87780.76908167914,0.5877075127369257,4876.7093934266195,17.48708371806465,6.735305885034454,1.499634759481184,24.222389603099103,20.0,36.0,118.06025695968953,184.21229299910698,3.3404177817718823,0
28.59702733879718,4.260732561865091,3.7563610451844434,2.115058852891616,322.872195267601,1783.404574448732,0.1,62.68002090644616,178.3404574448732,111783.83601109825,0.5944681914829107,6210.21311172768,20.017919137158025,4.124763095685462,2.2818725113006693,24.142682232843487,19.0,26.0,144.7289779545435,178.1432173130575,6.391098842797637,0
31.4495315116757,2.226267903559843,1.7903734662226243,1.772828068730194,281.62228306046705,1528.15706870975,0.06666666666666667,108.28936469228499,101.87713791398333,165483.15812060333,0.5093856895699167,9193.508784477963,22.01467205817299,4.674364267817842,4.082197995813975,26.689036325990834,29.0,13.0,177.06703439205396,104.5552486684131,3.3394018553397644,1
14.656870605293312,1.5313199633527668,1.0454519544926781,1.1659323195872295,376.32403933939327,2029.25867394029,0.2857142857142857,26.871912356629785,579.7881925543685,54530.06123505425,0.6764195579800967,3029.4478463919027,10.259809423705319,2.4180499200938486,1.2670276134722886,12.677859343799167,6.0,35.0,53.861091059835886,322.4629482795574,2.2969799450291504,0
93.47182722118987,13.902210203808332,8.213726330266892,6.519879061212149,167.23406490537926,795.179165154582,0.125,64.10101431654333,99.39739564432276,50971.79104979084,0.26505972171819403,2831.7661694328244,65.43027905483291,20.00707516217154,6.168181204511426,85.43735421700444,15.0,11.0,64.67244199890992,102.56162290646934,20.8533153057125,0
2.079974886108725,1.0,1.0,1.0,120.22053458691138,510.688116552637,0.3333333333333333,19.066172809777285,170.2293721842123,9736.86788209226,0.17022937218421233,540.9371045606811,1.4559824202761074,0.23963162696727933,0.1880538951740529,1.6956140472433867,5.0,13.0,13.449966852158596,106.77056773475279,1.5,0
12.117415535276447,1.8095754555065588,1.8050062649247083,1.0,245.41096674870715,1278.4569866913068,0.1,34.33352449325317,127.84569866913068,43893.93426613663,0.4261523288971023,2438.551903674257,8.482190874693512,0.6753896906152677,1.278764865882697,9.157580565308779,19.0,17.0,180.35797297201694,65.05299377669022,2.714363183259838,0
34.381439842987646,5.048221017704875,3.703775476102503,4.171767634649015,130.97745079557598,648.8880034753209,0.08333333333333333,22.122151068426547,54.074000289610076,14354.79843937074,0.2162960011584403,797.4888021872633,24.06700789009135,2.9329905931478395,1.8207866751548096,26.99999848323919,23.0,7.0,115.5881283131923,15.389322482383685,7.572331526557312,0
34.76703870677795,3.440335956187479,2.9650180534940995,2.7589355208422552,250.62742156398716,1399.7447510873012,0.2222222222222222,19.773746627095463,311.05438913051137,27678.1980506071,0.4665815836957671,1537.6776694781722,24.336927094744567,5.563733633886498,3.9204766158051316,29.900660728631067,8.0,39.0,52.889955293032536,197.73746627095463,5.160503934281219,0
101.83061918471073,12.182769356995424,9.107183242825919,5.812708708984717,240.9388350280192,1380.0784814556193,0.125,22.87469603139389,172.50981018195242,31568.87576276496,0.46002616048520645,1753.82643126472,71.28143342929751,12.270655023322913,9.114866391219682,83.55208845262042,15.0,37.0,125.0403751356235,115.8984598923957,18.274154035493137,0
84.59460313455212,5.16401940598017,3.697265993160306,2.432858651291771,233.4281132867014,1197.318857158983,0.2,33.24418779594109,239.46377143179663,39803.8929390148,0.399106285719661,2211.327385500822,59.21622219418648,20.39822392438865,4.312005811413566,79.61444611857513,9.0,25.0,41.3505837990418,192.0775294876596,7.746029108970255,0
14.258454793765214,1.341932797613507,1.0,1.0409627574473819,309.22177844914694,1677.9192377849067,0.25,24.8029993080334,419.4798094462267,41617.42969371497,0.5593064125949689,2312.0794274286095,9.98091835563565,1.0932316266558626,1.6737848927757188,11.074149982291512,7.0,35.0,54.10521413794623,255.1165643112007,2.0128991964202605,0
95.56871258124839,12.510121682941074,9.411518935316085,10.791762417909338,141.78434262814687,823.3920000322705,0.1111111111111111,19.47750569102152,91.48800000358561,16037.62236657014,0.2744640000107568,890.9790203650077,66.89809880687388,26.69867824014674,11.586632548014604,93.59677704702062,17.0,38.0,52.416963575224614,89.36737905292227,18.76518252441161,0
8.52625228060389,1.0,1.0,1.0,373.56390807673046,2119.013379020356,0.13333333333333333,59.204677262918835,282.5351172027141,125455.50322070728,0.7063377930067852,6969.750178928182,5.968376596422723,2.3347589665010497,0.9624772821634882,8.303135562923773,14.0,36.0,60.624899687016594,312.9390083897139,1.5,0
61.378822138837265,7.382025002184047,6.454744192420517,4.896845661433586,202.97317541923124,1173.4609392949174,0.125,29.17648107803416,146.68261741186467,34237.46089115035,0.39115364643163913,1902.081160619464,42.96517549718608,17.013546865442912,5.167668507928611,59.97872236262899,15.0,39.0,47.36527633638239,155.60789908284886,11.07303750327607,0
176.37756873224964,21.972259082759322,20.590995279918584,9.790900393699875,290.4750937532774,1566.3339089290916,0.08695652173913043,57.03418351105113,136.20294860252972,89334.57560144387,0.5221113029763639,4963.031977857992,123.46429811257474,41.43153177754181,18.15992009150769,164.89582989011654,22.0,19.0,186.77657827863897,103.69851547463841,32.95838862413898,1
86.3089178515204,6.503110621518855,6.122305718373043,4.002331293092221,287.0520791021395,1557.620579595898,0.2857142857142857,21.434993173885445,445.0344513131137,33387.58649114157,0.5192068598652994,1854.8659161745318,60.41624249606428,6.62420882979927,7.656962158001396,67.04045132586354,6.0,36.0,22.6871632908857,264.3649158112538,9.754665932278282,0
22.80373777967104,3.1371087764240135,1.9257122043463142,1.3806638935224123,139.48501582383875,622.0238898909503,0.16666666666666666,27.176751474090132,103.67064831515837,16904.588666513162,0.20734129663031675,939.1438148062867,15.962616445769726,3.637980461216928,2.737866310713663,19.600596906986652,11.0,10.0,85.1315128756585,54.353502948180264,4.70566316463602,0
13.488877727974726,1.2946927411101383,1.2273098998600176,1.016083734533074,262.3605938735366,1386.6812650012075,0.14285714285714285,34.56439013999717,198.09732357160107,47929.79224332654,0.4622270883337358,2662.7662357403633,9.442214409582308,1.1175716346694757,1.4616280640562307,10.559786044251783,13.0,25.0,124.10303331354787,138.2575605599887,1.9420391116652076,0
3.208137159318627,1.0,1.0,1.0,180.5363740350934,1029.1367171188224,0.13333333333333333,17.210031745675106,137.2182289491763,17711.475572254796,0.3430455723729408,983.9708651252664,2.2456960115230387,0.9525754785973916,0.1866491356328489,3.19827149012043,14.0,37.0,87.11048741571423,93.42588661937916,1.5,0
29.155616367207628,3.9809541631116385,2.606146900853838,3.1856324929936655,326.66088002476215,1921.6293553760895,0.08695652173913043,55.777653082586276,167.09820481531213,107183.97553748141,0.6405431184586965,5954.665307637856,20.408931457045338,3.8852659453982277,3.3327597255259405,24.294197402443565,22.0,36.0,139.04513783788104,187.6157421868811,5.971431244667458,0
5.268466462824347,1.0,1.0,1.0,340.31526306160436,1930.4129224503404,0.07142857142857142,105.03675694826829,137.88663731788145,202764.31294521267,0.6434709741501135,11264.684052511815,3.6879265239770427,1.0343719055448657,0.6254925769315464,4.722298429521908,27.0,23.0,153.5832507091274,186.73201235247694,1.5,1
7.754229245859073,1.0,1.0,1.0,395.57052842587353,2221.013739994607,0.16666666666666666,49.918607287888975,370.16895666576784,110869.91266779634,0.7403379133315356,6159.439592655352,5.427960472101351,1.8986095661029465,0.6751624313355772,7.326570038204297,11.0,37.0,50.67833261864056,344.89219580723295,1.5,0
4.8119626638539845,1.0,1.0,1.0,233.7129098096159,1275.939649498344,0.16666666666666666,28.30921118137053,212.65660824972397,36120.84499233251,0.425313216499448,2006.7136106851394,3.368373864697789,1.3480906894520144,0.6620229811439293,4.716464554149804,11.0,32.0,63.85764272139271,169.85526708822317,1.5,0
11.559749584995876,1.0194216621912353,1.0,1.0,236.3612533330806,1282.558738338509,0.25,18.33650306504159,320.6396845846273,23517.642236639946,0.4275195794461697,1306.5356798133303,8.091824709497113,2.761473106809604,1.5524909631062558,10.853297816306716,7.0,35.0,47.75722180693853,188.60403152614208,1.5291324932868529,0
19.42258768838008,2.5441189532027555,2.189806630579118,1.7027611378367031,348.73234250257485,1880.4754863630844,0.11764705882352941,58.62320654299398,221.23241016036286,110239.50283610015,0.6268251621210281,6124.416824227786,13.595811381866055,4.246281581726746,1.3113481014701425,17.8420929635928,16.0,25.0,158.2069212378444,190.52542126473043,3.8161784298041335,0
27.89193272569509,3.02479623764707,2.0068894185736648,1.0350022975766533,467.1259695560078,2636.3917946831943,0.16666666666666666,51.1362765602057,439.398632447199,134815.25993397686,0.8787972648943981,7489.736662998715,19.52435290798656,4.643879765286662,3.9167701405248034,24.168232673273224,11.0,38.0,104.52328122000372,362.60268833600406,4.5371943564706045,0
9.770738360951512,1.0,1.0,1.0,265.4349599096272,1422.081601559544,0.09090909090909091,41.261463031100945,129.28014559632217,58677.167429957946,0.474027200519848,3259.8426349976635,6.839516852666058,1.9673384956879312,0.9193017772926376,8.80685534835399,21.0,19.0,186.84169699324445,78.59326291638276,1.5,0
72.46766393481033,4.417613360282207,3.666882918320539,2.845665158674077,144.94598716965726,664.5719158028884,0.3333333333333333,13.07641654492933,221.52397193429613,8690.219195100271,0.22152397193429613,482.78995528334843,50.72736475436723,5.329341010432664,8.868227856744285,56.056705764799894,5.0,18.0,45.565221428194334,99.38076574146291,6.6264200404233105,0
15.645036191482614,2.1831792437114954,1.8925282374380654,1.3201510424819844,244.1442180106505,1231.5596576082935,0.2,36.08607690255438,246.31193152165872,44442.15651453642,0.41051988586943117,2469.0086952520232,10.951525334037829,4.239501849436946,2.0559095233121387,15.191027183474775,9.0,23.0,51.68514119702709,192.4590768136234,3.274768865567243,0
7.804754350185422,1.0,1.0,1.0,275.8645148932482,1468.1311121928509,0.09523809523809523,65.33671127242692,139.8220106850334,95922.85858741132,0.48937703739761695,5329.047699300629,5.463328045129795,1.4512497966843254,0.7844655540769064,6.91457784181412,20.0,19.0,145.19109234839436,130.67342254485385,1.5,0
26.352172533877038,3.592294820019336,2.57309701503279,2.943733427990305,202.8970494034209,995.5936235943631,0.1,24.913238310236874,99.5593623594363,24803.461204758638,0.33186454119812103,1377.9700669310355,18.446520773713925,1.5820200701232185,2.369328943184319,20.028540843837142,19.0,10.0,174.05014188630454,28.846907517116378,5.388442230029003,0
211.9315616721673,18.22529889464655,10.62928661873828,11.178600852422166,122.14584121806058,527.9055428339868,0.2857142857142857,19.560900963959064,150.8301550954248,10326.308041700666,0.17596851427799562,573.6837800944814,148.3520931705171,59.33565160277046,29.99788190216043,207.68774477328756,6.0,13.0,30.861636719584947,91.28420449847563,27.337948341969824,0
30.029873809607622,3.42141992943416,2.2562993641109372,2.9299582596005416,209.87858439061552,1101.4275975061025,0.14285714285714285,21.80237452709856,157.34679964372893,24013.736995310417,0.36714253250203416,1334.0964997394676,21.020911666725333,5.174912822758655,2.194743996795414,26.19582448948399,13.0,24.0,126.02329774792875,83.85528664268676,5.13212989415124,0
12.99511148533976,1.848164396566415,1.3234402654704043,1.0,289.69481742192295,1634.9958884523785,0.16666666666666666,32.59182158407928,272.49931474206306,53287.494287143105,0.5449986294841261,2960.416349285728,9.09657803973783,3.471608756652182,0.9836910551026584,12.568186796390012,11.0,38.0,58.589173462088105,231.10564395983485,2.7722465948496224,0
3.212490113341561,1.0,1.0,1.0,241.45407482367102,1276.1819028263621,0.2222222222222222,24.127068934000675,283.59597840585826,30790.52874181579,0.4253939676087874,1710.5849301008773,2.2487430793390923,0.8488105259486243,0.2767946740222418,3.0975536052877164,8.0,30.0,54.4692905851658,186.98478423850523,1.5,0
15.436042775656368,1.646949318146758,1.0,1.0838127765442032,382.49429669989274,2124.5985562795026,0.08,103.41484787039862,169.96788450236022,219715.0364833133,0.7081995187598342,12206.390915739628,10.805229942959457,3.919796238357221,2.098477190079461,14.725026181316679,24.0,22.0,184.2825049482954,198.21179175159736,2.470423977220137,1
26.6266807848276,3.366765020017695,2.2149701014079772,1.725263440966743,393.70272844854935,2276.137093357182,0.08695652173913043,60.799511382394726,197.92496463975496,138388.02311546085,0.758712364452394,7688.223506414492,18.63867654937932,1.740073687741894,3.8310155828157764,20.378750237121213,22.0,32.0,211.30419430136516,182.39853414718417,5.050147530026543,0
12.615206236755535,1.5864679409760383,1.4118315973855966,1.0,153.9852667229862,813.8740704097665,0.07692307692307693,49.16251063619018,62.6056977238282,40012.09264303954,0.2712913568032555,2222.894035724419,8.830644365728874,1.4099594834002138,0.9083802726061839,10.240603849129087,25.0,13.0,98.92325481045322,55.062011912532995,2.3797019114640574,0
2.7224669443838274,1.0,1.0,1.0,202.2706908934902,1110.8409200801568,0.2222222222222222,14.974952247158605,246.8535377955904,16634.789732390076,0.37028030669338563,924.154985132782,1.905726861068679,0.732035882472372,0.3713091393357956,2.637762743541051,8.0,36.0,63.752382607273105,138.5183082862171,1.5,0
7.237830686734774,1.0,1.0,1.0,194.77106985034206,936.3336613194673,0.1111111111111111,69.49920692230441,104.0370734799408,65074.446876360555,0.3121112204398224,3615.2470486866973,5.066481480714342,1.9885777974852252,0.5487744646814733,7.0550592781995665,17.0,10.0,104.83091971559517,89.94015013474689,1.5,0
115.05912803607045,14.468995942674574,13.107541335954904,11.482418778271894,81.36784866105053,373.0685348752708,0.3333333333333333,7.9770477679243275,124.35617829175693,2975.985523409578,0.12435617829175694,165.3325290783099,80.54138962524931,18.929207372960917,16.921069950492164,99.47059699821023,5.0,18.0,20.74228562482564,60.62556303622489,21.70349391401186,0
112.25815838559612,15.054129295883332,13.422530538513154,9.87679925674672,402.9822837004763,2389.9820763187745,0.06896551724137931,73.40342188500567,164.82635009094997,175432.86264562883,0.7966606921062581,9746.27014697938,78.58071086991728,17.96246911231871,12.319298895167162,96.543179982236,28.0,32.0,229.95993211439148,173.0223515860848,22.581193943825,1
6.931200267336407,1.0,1.0,1.0,142.85122543337152,738.5301218546593,0.25,11.818749038025048,184.63253046366484,8728.502167222277,0.24617670728488644,484.9167870679043,4.851840187135484,0.6500437154701076,0.3514717858733971,5.5018839026055915,7.0,28.0,44.92444768973541,97.92677774363612,1.5,0
45.029063850703096,3.845504311532425,2.7681123149392417,2.969219702185141,284.92516075950317,1495.2665904221333,0.09523809523809523,77.31630525308614,142.40634194496508,115608.48813981899,0.49842219680737776,6422.6937855455,31.520344695492167,13.153111001956052,2.405136955499099,44.67345569744822,20.0,17.0,145.75581130394812,139.16934945555505,5.768256467298637,0
4.882769885239708,1.0,1.0,1.0,211.88312018095462,1149.7339071542228,0.07407407407407407,70.9032984069274,85.1654746040165,81519.92630751843,0.38324463571807427,4528.884794862135,3.417938919667795,0.5043150264792458,0.31615179681717925,3.922253946147041,26.0,16.0,119.1634222642034,92.71969791675123,1.5,0
108.32971990626451,10.123441506226193,7.942210357271762,4.6426818539254695,157.41197197942014,787.0598598971008,0.2222222222222222,18.43507317707557,174.9021910882446,14509.506111941897,0.2623532866323669,806.0836728856609,75.83080393438516,10.587518087443542,7.448460760157173,86.4183220218287,8.0,23.0,46.80153291696672,110.61043906245342,15.18516225933929,0
26.95807866779134,1.413856071545513,1.0,1.0,323.4461143545249,1869.9583350253406,0.06666666666666667,68.16111376218284,124.66388900168937,127458.44280420424,0.6233194450084468,7081.024600233569,18.87065506745394,5.800899822232116,3.4172576033956044,24.671554889686057,29.0,25.0,201.22618622923156,122.21992812529336,2.1207841073182694,0
62.77580938188621,5.415147732231273,3.5003863002600553,4.364369118256669,414.80985914958524,2440.178334733072,0.07142857142857142,115.31916137839173,174.29845248093372,281399.3191751383,0.8133927782443573,15633.295509729905,43.94306656732034,6.949977387752591,4.5372212885682375,50.89304395507293,27.0,31.0,141.46073588228631,273.3491232672989,8.12272159834691,1
2.5648191860781715,1.0,1.0,1.0,251.9168368348433,1442.9596025551589,0.06666666666666667,89.35287125239836,96.19730683701059,128932.58358952301,0.48098653418505294,7162.921310529056,1.79537343025472,0.7301858191227137,0.37680826141698476,2.5255592493774337,29.0,23.0,104.02242924466671,147.8944075901766,1.5,0
45.29354474886616,2.8147338924345595,2.7088148441383435,1.233159595956084,410.66487742385175,2305.7641299040656,0.09523809523809523,74.7594478115183,219.59658380038718,172377.6531352339,0.7685880433013552,9576.536285290773,31.70548132420631,2.3881813575688615,5.145854230264768,34.09366268177517,20.0,28.0,193.86247877044866,216.80239865340306,4.222100838651839,0
19.901420748492498,1.5553657662857263,1.0,1.3110972092566158,415.3992712680059,2390.5760746280594,0.08333333333333333,102.12342918877063,199.2146728856716,244133.82647764788,0.7968586915426864,13562.990359869327,13.930994523944747,1.0236955609677423,2.373279270159855,14.954690084912489,23.0,30.0,140.1100273678416,275.2892439001643,2.3330486494285894,1
55.83019683608802,3.089506276418396,1.671958145933032,2.1130303162477007,334.20268387791236,1753.8714597895853,0.3333333333333333,22.33680826260639,584.6238199298617,39175.890514577535,0.5846238199298618,2176.4383619209743,39.08113778526161,9.838352642335412,4.007583756388871,48.919490427597026,5.0,32.0,39.35681481150802,294.84586906640436,4.634259414627594,0
60.21017498502866,7.156052683597914,6.732167652806897,3.1208136649954104,149.4129914995001,747.0649574975005,0.2,19.920833523286415,149.4129914995001,14882.156649388748,0.24902165249916683,826.7864805215971,42.14712248952006,10.357090278004852,8.385509087441934,52.50421276752491,9.0,22.0,47.595397936036186,101.81759356346392,10.734079025396872,0
21.735386080689548,1.2475870004152612,1.1947379543366334,1.0,428.79137805137754,2501.0929471958184,0.08333333333333333,107.37182455624782,208.4244122663182,268546.9131251782,0.8336976490652728,14919.272951398789,15.214770256482682,1.9744643259621055,2.5382900610896746,17.189234582444787,23.0,33.0,111.34424458073181,317.4471334706457,1.8713805006228919,1
9.766951913461643,1.0,1.0,1.0,182.8693222596157,1021.3183073522463,0.07407407407407407,27.287678469086288,75.65320795201824,27869.40558561954,0.3404394357840821,1548.3003103121966,6.83686633942315,1.695834793622291,1.3326084123403596,8.53270113304544,26.0,21.0,136.69017408116198,46.179148178453715,1.5,0
51.19466966986475,3.0353305030883564,2.0902586853260834,2.538308807269045,187.77752411302015,978.2182549800442,0.06896551724137931,62.40496251894272,67.46332792965822,61045.67353737521,0.32607275166001476,3391.426307631956,35.83626876890532,7.828447057270465,7.456406865315483,43.66471582617579,28.0,8.0,147.66004820798554,40.1174759050346,4.552995754632534,0
18.686747835095055,1.0523773376247612,1.0,1.0,397.7925122953686,2233.489534700126,0.125,66.72593346669137,279.18619183751576,149031.6740909521,0.7444965115667087,8279.537449497338,13.080723484566537,5.093678224307932,1.1691195174549505,18.17440170887447,15.0,33.0,95.30161391303443,302.4908983823342,1.5785660064371418,0
7.047395075914591,1.0,1.0,1.0,141.48866262575228,665.0589294727511,0.1111111111111111,31.7113847356043,73.89543660808344,21089.939584359538,0.22168630982425036,1171.6633102421965,4.933176553140213,0.36867376173821326,0.42043859089508917,5.301850314878426,17.0,8.0,107.91190231746539,33.57676030828691,1.5,0
6.6579879030771,1.0,1.0,1.0,202.03865508549904,1067.8555558848411,0.08,46.86809794879012,85.4284444707873,50048.35878837046,0.3559518519616137,2780.4643771316923,4.660591532153969,1.9578975331660637,0.8678073542209809,6.618489065320032,24.0,14.0,143.45353264951137,58.58512243598766,1.5,0
3.4123551080328283,1.0,1.0,1.0,155.91294665305372,824.0626341894016,0.2,19.23125552084973,164.81252683788034,15847.7590832809,0.2746875447298005,880.4310601822722,2.38864857562298,0.7032802150675553,0.466170723596675,3.091928790690535,9.0,29.0,27.704576514055542,128.2083701389982,1.5,0
10.887883969109394,1.497690124549483,1.0,1.1807035063743185,390.66284345724443,2316.918712090365,0.07692307692307693,83.8360235267841,178.22451631464347,194241.25165645414,0.7723062373634549,10791.180647580786,7.621518778376576,0.9577076528693523,1.1799868600716639,8.579226431245928,25.0,35.0,149.21509570010622,241.44774775713822,2.2465351868242243,1
75.43191454508762,10.378933028387868,6.2713987027569535,6.341931971051819,65.36928506132551,261.47714024530205,0.2222222222222222,19.273317717201905,58.106031165622674,5039.531999733067,0.08715904674843401,279.9739999851704,52.802340181561334,4.653395068737133,6.532407931391634,57.45573525029847,8.0,7.0,26.822649626921695,38.54663543440381,15.568399542581801,0
24.863373073613232,1.6809306939776203,1.0809122107671072,1.4236296728106386,70.9559624678894,277.21718246814817,0.2222222222222222,26.790441225691684,61.603818326255144,7426.770633664771,0.09240572748938272,412.59836853693173,17.40436115152926,4.587949089125791,2.865826065744134,21.99231024065505,8.0,6.0,24.07269032292897,46.88327214496044,2.5213960409664304,0
10.636364603134314,1.0,1.0,1.0,341.3085949848372,1791.1627661957004,0.2222222222222222,35.415902543333665,398.0361702657112,63435.64596683487,0.5970542553985668,3524.2025537130485,7.44545522219402,1.1564125918984687,0.8569336823739447,8.601867814092488,8.0,29.0,75.68932590983474,265.6192690750025,1.5,0
52.76389372441067,3.0412755710848085,1.6205291345462949,1.1982725522419369,128.65275083688192,546.5075599601929,0.2222222222222222,26.885799998337767,121.44612443559842,14693.292954669332,0.18216918665339762,816.2940530371851,36.934725607087465,6.610861283167913,3.896010418841101,43.54558689025538,8.0,10.0,54.71680084145307,73.93594999542886,4.561913356627213,0
7.396656353172672,1.0,1.0,1.0,283.6941040073383,1640.1376638725005,0.08,42.221424328032825,131.21101310980004,69248.94826274931,0.5467125546241668,3847.1637923749618,5.1776594472208695,0.8231224137561776,0.730897054190699,6.000781860977047,24.0,30.0,174.6220911599202,109.07201284741812,1.5,0
22.520372166970258,1.2832475176261384,1.0,1.0,243.89619669328096,1279.9495610509175,0.07692307692307693,109.17063714096942,98.45765854237827,139732.9090882328,0.42664985368363917,7762.939393790711,15.76426051687918,4.786549226926771,1.612805072649593,20.55080974380595,25.0,12.0,130.35873406667275,113.5374626266082,1.9248712764392075,0
16.190806039859176,1.7108754649419315,1.6372412660951234,1.390516534209387,364.5024134614294,2170.318925359154,0.08695652173913043,44.143488533213656,188.7233848138395,95805.4485950084,0.7234396417863846,5322.5249219449115,11.333564227901423,3.050060317759678,1.5926954322940565,14.383624545661101,22.0,39.0,203.9806369770161,160.5217764844133,2.566313197412897,0
51.15993727764211,3.8261267371574017,2.6170700405444167,1.3341533649734345,255.44955140740433,1470.0834308277356,0.08695652173913043,34.09098867672548,127.83334181110745,50116.59759419008,0.49002781027591186,2784.255421899449,35.811956094349476,3.55528851804115,7.451989745772179,39.36724461239063,22.0,31.0,156.27576616602113,99.17378524138321,5.739190105736102,0
3.0262552221816046,1.0,1.0,1.0,241.93958781951693,1365.4722402667262,0.09523809523809523,26.290802898580978,130.04497526349772,35899.361532336305,0.4551574134222421,1994.4089740186837,2.118378655527123,0.5496636787687178,0.40545284343826726,2.668042334295841,20.0,29.0,163.067179123774,78.87240869574293,1.5,0
7.241024522526021,1.0794376681391866,1.0,1.0,207.48603513612738,1072.687240500403,0.14285714285714285,40.4569999705258,153.24103435720042,43397.70765730821,0.35756241350013435,2410.983758739345,5.068717165768215,1.7943073497301683,1.0438884840531397,6.863024515498383,13.0,22.0,64.33049677888224,143.15553835724515,1.61915650220878,0
2.8125884307665032,1.0,1.0,1.0,227.51258952339214,1093.7337670753504,0.08695652173913043,26.6759139152478,95.10728409350874,29176.34781670174,0.36457792235845016,1620.9082120389855,1.9688119015365522,0.19772116323384126,0.36741657614307466,2.1665330647703933,22.0,5.0,212.96209102416606,14.550498499226073,1.5,0
14.709358646442308,1.9665520509647485,1.5483738062861472,1.0,244.42739786323685,1243.51530401273,0.07407407407407407,35.378605454249396,92.1122447416837,43993.83731698737,0.4145051013375767,2444.1020731659646,10.296551052509615,4.007340358095029,1.257283807021602,14.303891410604646,26.0,7.0,222.65594835292953,21.77144951030732,2.9498280764471225,0
85.94546819343489,9.213205378714676,7.189261896104003,6.1336802203353225,88.19147698280987,344.554452036965,0.2857142857142857,11.733983586037262,98.44412915341857,4042.9962846978106,0.11485148401232168,224.6109047054339,60.16182773540442,16.72298234621217,11.276434231828071,76.88481008161659,6.0,8.0,52.98952622469809,35.201950758111785,13.819808068072014,0
10.95135670311887,1.5014466506321276,1.327826287636944,1.0966011003837828,165.25011095718935,907.5293335290627,0.07692307692307693,50.507035920024066,69.80994873300483,45836.61664702787,0.3025097778430209,2546.4787026126596,7.665949692183209,3.150224748579019,1.5582857866134863,10.816174440762229,25.0,19.0,84.43885348515086,80.8112574720385,2.2521699759481915,0
10.882753344511617,1.2466090996219041,1.095653031157466,1.0,115.3486382956437,506.64783367976116,0.2222222222222222,25.232920920580202,112.58840748439137,12784.204721824684,0.16888261122658704,710.2335956569269,7.617927341158131,0.9471837503826327,1.5747733559711705,8.565111091540764,8.0,12.0,33.34164530375805,82.00699299188565,1.8699136494328563,0
57.17228820329736,8.268105984264693,6.90671175242671,3.5490549200309554,264.84133618247125,1409.4665477170029,0.11764705882352941,65.4270438076578,165.81959384905915,92217.22956290854,0.46982218257233427,5123.179420161586,40.02060174230815,17.059710533099043,6.764612852088465,57.080312275407195,16.0,23.0,68.56020475949786,196.2811314229734,12.40215897639704,1
72.40384966498338,5.6571921521498965,4.099005032406597,3.5220456723069375,288.56392913441886,1556.0283026570223,0.16666666666666666,43.063920844768326,259.338050442837,67008.67965784122,0.5186761008856741,3722.7044254356233,50.682694765488364,15.282151415973285,5.150568353547323,65.96484618146165,11.0,30.0,45.840011645724665,242.7239174886942,8.485788228224845,0
18.06027399555077,1.97817711095213,1.8700107685910052,1.5823725203198722,225.42029956809716,1146.8173977162141,0.1,36.35223065455542,114.68173977162142,41689.37056043684,0.3822724659054047,2316.076142246491,12.642191796885538,3.465288883155974,0.9747656393152959,16.107480680041512,19.0,14.0,168.02204063985175,57.3982589282454,2.967265666428195,0
45.67987481468499,5.436505098678953,4.410578117547445,2.6863316474299954,96.13057368833721,471.70220798175353,0.16666666666666666,20.646627073941897,78.61703466362559,9739.059578154243,0.15723406932725117,541.0588654530135,31.97591237027949,8.16847092173375,2.9564025402391483,40.144383292013245,11.0,18.0,24.805861978356106,71.3247117099811,8.15475764801843,0
5.516008776047978,1.0,1.0,1.0,291.53443924768305,1645.3784494805393,0.07407407407407407,121.17388916732774,121.87988514670661,199376.90587566444,0.5484594831601798,11076.494770870246,3.8612061432335842,0.3084198712029505,0.8083969660813068,4.169626014436535,26.0,23.0,67.82879770800105,223.705641539682,1.5,1
104.95893733940419,14.48126836718228,13.173391296329504,6.767982747033788,175.0232318389939,1033.8430821627626,0.07692307692307693,25.085806326076128,79.52639093559712,25934.787330688672,0.3446143607209209,1440.821518371593,73.47125613758293,29.90382962384535,10.098066028488864,103.37508576142828,25.0,34.0,104.78297412598074,70.24025771301315,21.721902550773418,0
264.6604153523198,39.164531978682206,20.449952498947503,34.05274952654478,156.91853812144205,777.4052425925504,0.09090909090909091,85.4068722993523,70.67320387205004,66395.75027894895,0.25913508086418346,3688.652793274942,185.26229074662382,55.84298193516358,35.861116148203685,241.1052726817874,21.0,9.0,75.57865974110653,81.33987838033553,58.74679796802331,1
37.541949062380276,3.7308043624860017,2.4634387548038412,1.9234764395507615,203.02152357552913,1179.018044219983,0.09523809523809523,34.97888482063149,112.28743278285552,41240.736370217,0.39300601473999436,2291.152020567611,26.27936434366619,2.7370566565783556,3.622963845583325,29.01642100024455,20.0,35.0,77.09753822125575,125.92398535427338,5.596206543729003,0
1.6467473748355372,1.0,1.0,1.0,298.18256725450675,1529.4627781675918,0.08333333333333333,100.97097791390375,127.45523151396597,154431.35239449778,0.5098209260558639,8579.5195774721,1.152723162384876,0.09096310159918086,0.19115733082254227,1.2436862639840567,23.0,11.0,192.8215468226072,105.36102043189958,1.5,1
10.27921284012191,1.0,1.0,1.0,193.5497061730365,1008.2881682396194,0.14285714285714285,29.516646360571396,144.0411668913742,29761.28529147716,0.33609605607987314,1653.4047384153978,7.195448988085336,0.6444646011337287,0.5387754606227368,7.839913589219065,13.0,23.0,84.56516576477287,108.98454040826363,1.5,0
41.904381254292375,5.668559632984163,4.394087444377692,4.078896416216122,230.12947191629803,1324.3692218105823,0.10526315789473684,48.32462417252766,139.4072865063771,63999.64490965931,0.4414564072701941,3555.5358283144064,29.33306687800466,8.479307164118412,3.142262644894046,37.812374042123075,18.0,35.0,36.83097522618739,193.29849669011065,8.502839449476244,0
12.112287139017797,1.3874242478554666,1.2390603289781796,1.0,328.52124216184615,1854.1266460476165,0.09090909090909091,77.62578220679944,168.5569678225106,143928.0312099158,0.6180422153492056,7996.001733884211,8.478600997312457,2.46489711019748,1.1340362359317306,10.943498107509937,21.0,28.0,114.1262246383048,214.39501752354133,2.0811363717831997,0
92.44725494758686,5.036271041058209,3.229900759815715,4.4870281611974665,302.019106381097,1686.7653836397403,0.2,29.382852882446674,337.35307672794806,49561.97911469021,0.5622551278799134,2753.4432841494563,64.7130784633108,16.17058012545163,10.452373666791802,80.88365858876242,9.0,38.0,47.367714733225846,254.65139164787115,7.554406561587314,0
40.68212136039409,4.239768277490361,2.509756379077737,2.8187563960320507,140.1442681500118,712.9787566274085,0.2857142857142857,13.143738773215045,203.70821617925958,9371.206527962322,0.23765958554246952,520.6225848867957,28.477484952275862,5.15407715427577,2.7318906468455433,33.631562106551634,6.0,27.0,17.46937293333809,122.67489521667373,6.359652416235542,0
8.60401882278111,1.0,1.0,1.0,242.12569668090563,1241.9312239513374,0.08,70.15251629391913,99.354497916107,87124.60042417313,0.4139770746504458,4840.25557912073,6.022813175946777,1.5739820590614104,1.088022460095871,7.596795235008187,24.0,10.0,177.81922341147975,64.30647326942588,1.5,0
20.87845514409576,2.6693843393634427,2.099889535332238,1.4129893781263387,395.55085746271436,2254.8138184252225,0.09523809523809523,76.00478353812369,214.74417318335452,171376.63618817917,0.7516046061417408,9520.92423267662,14.61491860086703,3.7388188591997666,1.8047434883410707,18.353737460066796,20.0,31.0,152.33555014071857,243.2153073219958,4.004076509045164,1
6.8716217105998245,1.0,1.0,1.0,174.88881705180114,889.740358101267,0.10526315789473684,19.732608848418216,93.65687980013337,17556.898463063855,0.296580119367089,975.383247947992,4.810135197419877,0.37693518122280606,0.9052916798377484,5.187070378642683,18.0,15.0,139.80862354350208,35.080193508299054,1.5,0
16.133504683966187,1.5681887265590113,1.0398265180580024,1.0,159.70616613884795,767.76422387054,0.10526315789473684,16.925714980569627,80.81728672321474,12994.958425511011,0.2559214079568467,721.9421347506118,11.29345327877633,1.9459798968395627,0.9647337120755819,13.239433175615892,18.0,9.0,140.89981616043724,18.806349978410697,2.352283089838517,0
10.324173750506137,1.3407778411368603,1.0817289599318214,1.0,128.95735884153763,613.1777338676369,0.3333333333333333,13.517641564118835,204.39257795587895,8288.716821521366,0.20439257795587898,460.4842678622981,7.226921625354295,0.6534823640970194,1.2180011994537037,7.880403989451315,5.0,21.0,10.002113077291872,118.95524576424575,2.01116676170529,0
82.24595098432607,4.49432026419277,2.364365781870534,1.6783881006864039,101.02118738212569,429.13068132127165,0.25,9.800473190290198,107.28267033031791,4205.6837374200895,0.14304356044042388,233.6490965233383,57.572165689028246,22.620818440684328,6.5248043207379745,80.19298412971257,7.0,11.0,67.41956501541644,33.60162236670925,6.741480396289155,0
254.47802034576475,16.7584346292813,9.211217841159437,12.66051903229717,320.40775578405953,1738.6173123442395,0.16666666666666666,38.973925423683454,289.76955205737323,67760.74147162936,0.5795391041147465,3764.4856373127423,178.13461424203533,58.86223971090213,32.96465457399369,236.99685395293744,11.0,31.0,93.65037150081037,226.75738428324917,25.137651943921952,1
3.605909401599647,1.0,1.0,1.0,245.94119122814135,1299.898117826843,0.1,33.50458733962074,129.9898117826843,43552.55002133807,0.43329937260894763,2419.58611229656,2.5241365811197527,1.078270734398646,0.32531448247173966,3.6024073155183984,19.0,19.0,175.40521788157136,70.53597334656999,1.5,0
1.997987565129923,1.0,1.0,1.0,141.74611686077913,759.4121925342964,0.08333333333333333,59.33217394602385,63.284349377858035,45057.57630417623,0.25313739751143216,2503.198683565346,1.398591295590946,0.2508329849123874,0.23283540742913345,1.6494242805033335,23.0,17.0,48.87836633656788,92.86775052421125,1.5,0
14.966181570411882,1.2540184876256588,1.0479418870005435,1.0,281.02140121577423,1495.5756903948425,0.08,40.290384318684204,119.6460552315874,60257.31934368966,0.49852523013161415,3347.6288524272036,10.476327099288318,4.035203754662376,2.146607307781185,14.511530853950694,24.0,15.0,227.30088879086196,53.72051242491227,1.8810277314384882,0
3.2475509596598484,1.0,1.0,1.0,242.5059099568189,1263.3232288094614,0.2857142857142857,18.54542521739902,360.9494939455604,23428.86646528894,0.4211077429364871,1301.6036925160522,2.2732856717618937,0.6519899146207669,0.16907615184207753,2.9252755863826607,6.0,30.0,50.86984937702902,191.63606057978987,1.5,0
21.23082052754339,2.813963604874444,2.6066060563157865,2.1365724084201614,276.1874418563909,1558.7622032592385,0.08333333333333333,32.42962499436626,129.8968502716032,50550.073707089214,0.5195874010864129,2808.337428171623,14.861574369280373,3.4665970739872964,1.0851428674356547,18.32817144326767,23.0,26.0,200.04832230440053,76.13911955199033,4.220945407311666,0
49.339419047907796,6.8280911569476945,4.001833767228009,3.5146446541769576,105.61724232467967,583.3833816082551,0.14285714285714285,13.771206152677793,83.34048308689358,8033.8928141735805,0.19446112720275172,446.3273785651989,34.537593333535455,5.2123779540620365,6.26748403310098,39.74997128759749,13.0,32.0,35.701888011084726,69.91535431359495,10.242136735421543,0
120.6592282258242,17.339390300439103,12.885642818455757,13.538739627308306,249.38864425692213,1421.6249329755183,0.08333333333333333,26.74879654354662,118.46874441462651,38026.75609339524,0.4738749776585061,2112.59756074418,84.46145975807693,28.30641860914651,13.832290083841222,112.76787836722343,23.0,28.0,181.93515732102196,67.45348693590017,26.009085450658652,0
25.576487449976646,2.1508185989091086,1.8646809231671428,1.0953567506362074,405.03823021427235,2197.8446729186203,0.2,42.078206721182006,439.56893458372406,92481.36248811835,0.7326148909728735,5137.853471562131,17.90354121498365,7.0600105018396615,2.028163586956761,24.96355171682331,9.0,33.0,87.11400165423055,317.9242285600418,3.226227898363663,0
15.930153028433685,1.2697557913136188,1.126261067893948,1.0,204.2220988251336,1055.812934563081,0.08695652173913043,32.055388149350755,91.80982039678965,33844.49343052463,0.3519376448543603,1880.249635029146,11.151107119903578,1.733632348975746,1.5840891646163884,12.884739468879324,22.0,13.0,163.42433208959628,40.79776673553732,1.9046336869704281,0
1.8699993814897553,1.0,1.0,1.0,192.6324329406945,935.8046982710804,0.09523809523809523,68.15845355639718,89.12425697819813,63783.001064967706,0.31193489942369346,3543.5000591648727,1.3089995670428287,0.17549492355447188,0.10134193594771235,1.4844944905973005,20.0,8.0,131.28982473993705,61.342608200757454,1.5,0
20.726688700378183,2.756891915579199,1.6929622975661442,1.7387683150474462,132.47531131915323,656.3086985547016,0.2222222222222222,9.731306424907377,145.84637745660032,6386.741054967966,0.2187695661849005,354.8189474982203,14.508682090264728,4.643928159690668,1.4352104504267358,19.152610249955394,8.0,22.0,76.5202993759358,55.95501194321742,4.135337873368798,0
21.879381572849876,2.580786527990323,1.5388388958704549,2.275520610134024,146.00160793963695,760.5885678683802,0.11764705882352941,21.83072623147777,89.48100798451532,16604.20079992636,0.2535295226227934,922.4555999959089,15.315567100994912,6.43786123206889,2.0227408940996225,21.753428333063802,16.0,20.0,88.69595158200781,57.30565635762915,3.871179791985484,0
43.239229655314695,3.183150941638544,2.5306248428012204,2.829015087275497,299.36520425248517,1680.8487593019886,0.16666666666666666,32.51185624458939,280.14145988366477,54647.513231322686,0.5602829197673296,3035.972957295705,30.267460758720283,10.26883169471923,5.768305288339088,40.536292453439515,11.0,37.0,74.73783383532212,224.62737041716306,4.774726412457816,0
8.58326414957181,1.0,1.0,1.0,293.3186398239354,1672.0452245234828,0.10526315789473684,49.95686264843296,176.00476047615606,83530.13362348788,0.5573484081744943,4640.562979082661,6.008284904700267,1.0398211212601745,0.8408742209154977,7.048106025960442,18.0,33.0,104.59271426318872,188.72592556074673,1.5,0
11.9166535493442,1.1996635314836341,1.0,1.0,390.07177847109,2103.390847183956,0.07142857142857142,121.11929519153885,150.24220337028257,254761.21692325454,0.7011302823946519,14153.400940180807,8.34165748454094,1.8469485014014746,1.294580559543396,10.188605985942415,27.0,14.0,255.4947838138246,134.5769946572654,1.7994952972254512,1
3.4089260271362276,1.0,1.0,1.0,166.0017321401416,814.5523382931852,0.11764705882352941,71.00736406523238,95.82968685802179,57839.21443537053,0.27151744609772843,3213.2896908539183,2.3862482189953593,0.49797389890718535,0.46830250564046855,2.884222117902545,16.0,13.0,41.73884502598493,124.26288711415667,1.5,0
1.2846016004810115,1.0,1.0,1.0,330.3531231581097,1792.5835087986122,0.25,28.02823526921155,448.14587719965306,50242.952324316255,0.5975278362662041,2791.275129128681,1.0,0.3378807360103333,0.10390100708955435,1.3378807360103333,7.0,35.0,42.0627032462195,288.29041991189024,1.5,0
5.3111240111925095,1.0,1.0,1.0,285.59864429235313,1540.0385455396497,0.2,29.746100251718392,308.00770910792994,45810.140967133004,0.5133461818465499,2545.0078315073893,3.7177868078347562,1.2897676668597595,0.6377062994527674,5.0075544746945155,9.0,32.0,67.46057577975157,218.13806851260154,1.5,0
3.051426001698679,1.0,1.0,1.0,214.51807622894444,1042.1247374315399,0.09090909090909091,51.814583328386306,94.73861249377636,53997.259046219224,0.34737491247717994,2999.847724789957,2.1359982011890755,0.6018750390832056,0.41550268787925837,2.737873240272281,21.0,7.0,175.04029845493582,39.477777774008615,1.5,0
30.08584377070037,2.832183735058655,1.6252819547352433,1.0412872854454724,180.5877974570359,910.9560235201673,0.13333333333333333,32.15936645279203,121.4608031360223,29295.768582763292,0.30365200784005575,1627.542699042405,21.06009063949026,3.5723863982180153,2.1138786201986344,24.632477037708274,14.0,18.0,93.29808851374327,87.28970894329264,4.248275602587983,0
10.785893597548789,1.3443243053202607,1.0,1.166954655621411,407.5230982399317,2224.8444878561168,0.13333333333333333,64.80233920961005,296.6459317141489,144175.12719068324,0.7416148292853723,8009.729288371291,7.550125518284152,3.068555793810325,0.923788235790834,10.618681312094477,14.0,29.0,129.79878734160286,277.72431089832884,2.016486457980391,0
10.528811417145013,1.5058878013679633,1.199197235482915,1.0,272.6811129626168,1398.6586017608022,0.125,48.61580225120707,174.83232522010027,67996.91000015294,0.4662195339202674,3777.606111119608,7.370167992001509,2.2460987702432638,1.5580642254053587,9.616266762244774,15.0,19.0,143.0389736260646,129.6421393365522,2.258831702051945,0
6.163867026275202,1.0,1.0,1.0,92.60111082544977,445.1664059147276,0.09090909090909091,59.6932219933916,40.469673264975235,26573.41709226811,0.14838880197157586,1476.3009495704507,4.314706918392641,1.8036656015069201,0.9142362004306595,6.1183725198995615,21.0,6.0,52.80562949652203,39.795481328927735,1.5,0
1.0,1.0,1.0,1.0,154.9165301232159,812.9907207208366,0.2,16.75021830148504,162.59814414416735,13617.772049155672,0.27099690690694556,756.5428916197595,1.0,0.1950292582605077,0.0723229930293938,1.1950292582605078,9.0,28.0,46.970678846978956,107.94585127623694,1.5,0
122.72829135104446,8.66098823215679,4.750155522249023,4.0049995287138795,79.91491272953328,413.1541053084946,0.1111111111111111,19.113585741651494,45.90601170094384,7896.856416329222,0.13771803510283154,438.71424535162345,85.90980394573111,31.33231059350659,6.951892995020126,117.2421145392377,17.0,18.0,37.190426954077004,42.72448577545628,12.991482348235184,0
6.047683902226371,1.0,1.0,1.0,170.0712606447775,799.4097084490381,0.13333333333333333,61.35301376098994,106.58796112653842,49046.19484314279,0.266469902816346,2724.7886023968217,4.233378731558459,1.531735273555805,0.4662290218598222,5.765114005114264,14.0,11.0,64.8946656259376,105.17659501883989,1.5,0
12.244733377529641,1.1406633907169739,1.0,1.0,208.11099265014508,1122.20053153916,0.14285714285714285,28.30339782337297,160.3143616484514,31762.08808175345,0.37406684384638667,1764.5604489863026,8.571313364270749,1.6448619021003654,1.0992488461671475,10.216175266371113,13.0,28.0,81.83429466894262,126.27669798120247,1.7109950860754608,0
3.5047857850341417,1.0,1.0,1.0,366.7756261101372,2100.861611031479,0.09090909090909091,56.35943177302783,190.9874191846799,118403.36663150195,0.7002872036771596,6577.96481286122,2.453350049523899,1.0199108208264145,0.3298023053781053,3.4732608703503134,21.0,31.0,195.0135483256714,171.76207778446576,1.5,0
64.47750557048155,9.315123587232064,7.268855733809789,5.367639927244261,143.04423755392838,761.2711466499934,0.3333333333333333,7.084433189665162,253.75704888333112,5393.174577661668,0.2537570488833311,299.62080987009267,45.13425389933708,3.577558053335696,7.213783991318729,48.711811952672775,5.0,34.0,43.862172898616116,99.18206465531226,13.972685380848095,0
23.85788389735427,1.4610680499862068,1.0,1.1628635019510483,293.7172163245115,1563.141905509527,0.2222222222222222,33.69465422718805,347.364867891006,52669.52601417137,0.521047301836509,2926.0847785650762,16.700518728147987,5.777848097868378,3.3389174365245275,22.478366826016366,8.0,31.0,24.159982507007086,269.5572338175044,2.1916020749793104,0
7.451099889590458,1.0,1.0,1.0,64.15398257751878,308.41096391363266,0.2222222222222222,8.440007718820292,68.53576975858503,2602.990915999866,0.10280365463787755,144.610606444437,5.215769922713321,2.1711705682619606,0.6187005979843114,7.386940490975281,8.0,19.0,21.953943983417325,42.20003859410146,1.5,0
12.545028685038213,1.0,1.0,1.0,407.8688345249566,2336.2402400543515,0.08695652173913043,92.31405199811661,203.15132522211752,215667.80300046984,0.7787467466847838,11981.544611137213,8.781520079526748,1.690154717199177,1.693559472219556,10.471674796725924,22.0,30.0,147.7110516211734,260.1577829037832,1.5,1
150.47785139524717,20.978231602071123,11.194284744683412,18.671655510043294,96.95166964723207,411.84366496877044,0.14285714285714285,16.912350554145227,58.834809281252916,6965.2444354557865,0.1372812216562568,386.95802419198816,105.33449597667301,31.905464749086406,8.930543286940862,137.23996072575943,13.0,5.0,81.3402691357134,15.61140051151867,31.467347403106686,0
18.40158278321874,2.6950593531690994,2.2521665282890666,1.299914825373674,192.53971602015926,1010.4344731328084,0.06666666666666667,117.19238850241213,67.3622982088539,118415.2293316102,0.3368114910442695,6578.623851756122,12.881107948253117,3.506528557825565,0.9971352131287345,16.38763650607868,29.0,8.0,119.79961281176553,72.74010320839373,4.042589029753649,0
16.1499952388555,1.5806027502789024,1.1565298358831342,1.0,460.96371913822054,2676.979923227324,0.08695652173913043,83.68410996541769,232.78086288933252,224020.68227057077,0.8923266410757746,12445.593459476155,11.304996667198848,3.8820846183501545,1.6215324927039696,15.187081285549002,22.0,33.0,202.30374288147502,258.65997625674555,2.3709041254183534,1
6.490517182206367,1.0,1.0,1.0,186.1275734627559,853.3879446769579,0.10526315789473684,24.880215750438303,89.83030996599557,21232.47618238582,0.28446264822565265,1179.5820101325455,4.543362027544457,1.7300115299315717,0.36324972767591085,6.273373557476028,18.0,5.0,169.5407629624637,16.586810500292202,1.5,0
2.0678359371518584,1.0,1.0,1.0,321.0959962096871,1864.718414041316,0.06666666666666667,91.1298913505243,124.31456093608773,169931.58647090712,0.6215728046804386,9440.643692828173,1.447485156006301,0.4151411048830604,0.184552248453366,1.8626262608893613,29.0,26.0,151.40585369491774,169.69014251476938,1.5,0
16.575962300047863,1.984376989359039,1.1357908459387727,1.5008247840668532,240.84474640388143,1235.3608674498462,0.1,40.089262397809385,123.53608674498463,49524.7059711823,0.4117869558166154,2751.372553954572,11.603173610033503,4.209899031076186,2.3152941406756278,15.813072641109688,19.0,15.0,173.3259886812551,67.51875772262633,2.9765654840385585,0
29.683226880838326,2.536938805470748,1.6572016581851179,2.185541462630897,98.67801861913516,458.2465275591763,0.18181818181818182,15.98736902603245,83.31755046530478,7326.1563409865,0.15274884251972543,407.0086856103611,20.778258816586828,3.801572244225421,2.2009609192039292,24.57983106081225,10.0,14.0,50.71591154103781,47.96210707809735,3.805408208206122,0
75.15114536944391,10.426526076289454,9.205923880025049,6.329704135003074,407.38957983091905,2299.248201778457,0.06896551724137931,118.58166059158759,158.56884150196254,272648.66987911105,0.7664160672594856,15147.14832661728,52.60580175861073,8.052202088047022,9.06304607884394,60.65800384665775,28.0,21.0,221.04697032985283,186.34260950106622,15.63978911443418,1
1.3522963651620916,1.0,1.0,1.0,238.15099232708016,1307.8902646054598,0.13333333333333333,35.41671766877889,174.38536861406132,46321.18024327608,0.4359634215351533,2573.3989024042266,1.0,0.21321240604510858,0.10850358036609428,1.2132124060451086,14.0,30.0,81.30552836534511,156.84546396173505,1.5,0
5.206377974526455,1.0,1.0,1.0,186.34138266216831,1023.3594993475818,0.1,47.39357912670102,102.33594993475819,48500.669407390764,0.34111983311586064,2694.4816337439315,3.644464582168518,1.1424571248732842,0.2837059773490394,4.786921707041802,19.0,25.0,56.63263978909181,129.7087428730765,1.5,0
10.005257364892234,1.06628820339487,1.0,1.0,132.4923766528697,622.7724295700582,0.2222222222222222,12.689908394155628,138.3938732377907,7902.925081649776,0.20759080985668607,439.05139342498757,7.003680155424563,0.9686263469753029,1.0572461222067755,7.972306502399866,8.0,17.0,75.38778887916938,57.104587773700324,1.599432305092305,0
20.001814245445523,1.5951716987519953,1.0,1.0,189.7598307473674,981.0440932502763,0.08695652173913043,51.73050953158077,85.30818202176316,50749.91081678443,0.3270146977500921,2819.4394898213573,14.001269971811865,4.402160254498225,2.669949156260068,18.40343022631009,22.0,13.0,123.92100043444644,65.83883031292098,2.392757548127993,0
16.87713201091745,1.8303351535927184,1.7749067690232876,1.416708798545549,307.8637406562051,1615.6465949813592,0.08695652173913043,92.53338982213015,140.49100825924862,149501.25618820734,0.5385488649937864,8305.625343789296,11.813992407642214,2.506649233449595,1.5349219062442645,14.32064164109181,22.0,15.0,173.26971909674305,134.59402155946202,2.7455027303890773,0
17.356612837974428,1.6309007963525632,1.2627567376759488,1.0,216.75977020681609,1190.4128151700118,0.06666666666666667,66.6777472657479,79.36085434466744,79374.0448318135,0.39680427172333727,4409.669157322973,12.1496289865821,4.319953645003691,1.9392436372092006,16.46958263158579,29.0,15.0,143.18432494805978,73.5754452587563,2.446351194528845,0
32.776613901519354,2.629310556488407,2.350384337468226,1.4701923356469446,141.30027260079046,706.5013630039523,0.09090909090909091,91.7588174999838,64.22739663672294,64827.72963136947,0.23550045433465078,3601.5405350760816,22.943629731063545,1.9406690338114567,4.588803291344336,24.884298764875002,21.0,10.0,45.17198760080743,96.12828499998304,3.9439658347326105,0
6.794057051676982,1.0,1.0,1.0,92.7202418808905,413.47957833134126,0.11764705882352941,63.803141291114,48.64465627427544,26381.295957264807,0.13782652611044707,1465.627553181378,4.755839936173888,1.4742808903194964,0.8762258098769841,6.230120826493384,16.0,5.0,44.867885912554996,47.8523559683355,1.5,0
61.61896710414095,4.638108084644491,3.511637506962431,3.010198707721226,97.25920693970103,433.7207826304908,0.16666666666666666,15.795946372293841,72.2867971050818,6851.030222980547,0.1445735942101636,380.6127901655859,43.13327697289866,13.09129365159964,4.27559470285259,56.224570624498305,11.0,10.0,65.66731419511335,31.591892744587682,6.957162126966737,0
33.78925761864764,2.35799905383297,1.2847301490925893,1.9188872477190746,208.5086276192977,1094.2381636736754,0.09523809523809523,32.28573915504428,104.21315844511194,35328.28792586294,0.36474605455789183,1962.6826625479412,23.652480333053347,9.637840682263162,4.167512834569181,33.29032101531651,20.0,17.0,150.394297140218,58.114330479079705,3.5369985807494553,0
13.68364443861856,1.425893200674869,1.1711812963607244,1.0,301.6044458185464,1626.3469079748807,0.125,64.28783517473137,203.29336349686008,104554.32195682313,0.5421156359916269,5808.573442045729,9.578551107032991,3.124549211185408,1.3709547921823437,12.7031003182184,15.0,26.0,70.16823918951349,231.43620662903294,2.1388398010123035,0
137.1519712550815,15.109621515750543,8.72860439436176,11.981971543706521,316.123395420503,1819.254577446933,0.10526315789473684,44.99326432473035,191.50048183651924,81854.20207704547,0.606418192482311,4547.455670946971,96.00637987855704,34.161192264907264,17.088680381997793,130.1675721434643,18.0,35.0,136.15033812158165,179.9730572989214,22.664432273625813,1
130.021424755238,14.413807503763916,10.193323369832443,9.218498319247578,106.03338132305548,539.4408874131725,0.25,6.858676263038178,134.86022185329313,3699.8504098129765,0.17981362913772417,205.5472449896098,91.0149973286666,35.90512441326616,12.930832882013867,126.92012174193275,7.0,26.0,53.12359300818954,52.90978831486594,21.620711255645872,0
61.526896842248746,5.464702082858272,4.4513089941946475,2.6247932986373326,305.4444182352529,1765.8840543062681,0.08333333333333333,46.690075931241196,147.15700452552232,82449.2605813277,0.5886280181020894,4580.514476740428,43.06882778957412,13.459807277090754,3.8636317184339464,56.528635066664876,23.0,31.0,175.52420694832088,129.92021128693202,8.197053124287407,0
1.0,1.0,1.0,1.0,252.7424213277701,1354.0806660366231,0.08695652173913043,70.66549080114562,117.74614487274984,95686.77484982013,0.4513602220122077,5315.9319361011185,1.0,0.12253840873999365,0.10699094466892392,1.1225384087399937,22.0,18.0,130.68384630760949,122.05857502016063,1.5,0
133.58448328239533,17.823355119905948,15.016579279869521,9.209015864669647,206.01439836272615,944.5682911017293,0.13333333333333333,52.88300468438239,125.94243881356391,49951.60936305182,0.31485609703390977,2775.0894090584347,93.50913829767673,35.726295061602386,13.253370672129858,129.2354333592791,14.0,9.0,130.46724881360845,75.5471495491177,26.73503267985892,1
52.12841674139549,5.088947093964768,4.253172847573612,3.427995908666884,169.551643161308,941.7896668874264,0.18181818181818182,14.92107050308902,171.23448488862297,14052.510018708012,0.3139298889624755,780.695001039334,36.48989171897684,12.34893677676787,5.306264834138485,48.838828495744714,10.0,36.0,59.135721438449245,110.41592172285876,7.6334206409471514,0
223.11567640831672,33.19455533420293,19.070972596900603,14.555382273307488,204.84064109823032,1189.582305319243,0.1111111111111111,23.88817655520113,132.1758117021381,28416.952136409254,0.39652743510641436,1578.7195631338475,156.18097348582168,34.83045459786199,30.765475364628593,191.01142808368365,17.0,38.0,95.23606631554279,109.60457478268755,49.7918330013044,1
88.67318301648379,8.331885060201762,5.607894136066836,7.100433589800193,153.4748052435554,721.3990703007765,0.13333333333333333,60.167422883379686,96.18654270677021,43404.72293046377,0.24046635676692552,2411.3734961368764,62.07122811153865,20.18487999205941,12.368464072075518,82.25610810359807,14.0,11.0,50.33065172919022,103.14415351436517,12.497827590302641,0
133.48795018722996,15.345520387133485,8.002015771049363,9.897055784932986,210.2759125708445,1095.4225604528847,0.08695652173913043,82.2276526104948,95.25413569155519,90074.02576261855,0.36514085348429487,5004.112542367697,93.44156513106097,35.63089991315395,12.728571380961759,129.0724650442149,22.0,14.0,98.14729537471523,112.12861719612927,23.018280580700228,1
57.649744812919735,3.1728286446442473,2.7278027702370915,2.7032800398598127,197.21119549423142,1089.308256740459,0.08,76.95434887130028,87.14466053923672,83827.00761759322,0.36310275224681965,4657.055978755179,40.35482136904381,16.944011340868,5.509770828932797,57.29883270991181,24.0,21.0,56.12822256351424,141.08297293071718,4.7592429669663705,0
101.33499781150226,11.687369871689839,11.410297284966571,3.831617902930814,418.5844538574797,2419.987298239355,0.09523809523809523,79.20537339396927,230.47498078470045,191675.99756571098,0.8066624327464517,10648.666531428387,70.93449846805157,29.19338428294305,10.287396825562217,100.12788275099462,20.0,34.0,141.36564697858722,277.21880687889245,17.53105480753476,1
219.85065806798863,29.71119821425883,18.779117183657295,15.02099606722147,251.43116485241325,1453.6140072023195,0.06666666666666667,75.71837106881736,96.90760048015463,110065.28478817578,0.48453800240077316,6114.738043787544,153.89546064759205,28.87341710388071,22.4157373800852,182.76887775147276,29.0,25.0,115.66029259108555,135.7708722613277,44.56679732138824,1
26.046038561348652,3.757031248555786,2.0432552626370453,1.1785228309126503,265.71400067466914,1475.9320258821815,0.06666666666666667,110.48192964964434,98.39546839214543,163063.81825117223,0.4919773419607272,9059.101013954012,18.232226992944057,4.048164610212953,3.777683948617352,22.28039160315701,29.0,17.0,128.5640190406279,137.14998163404124,5.635546872833679,1
3.0444593958952955,1.0,1.0,1.0,106.53728138412713,426.1491255365085,0.18181818181818182,20.72676637581786,77.48165918845609,8832.693366254289,0.1420497085121695,490.70518701412715,2.1311215771267067,0.23559290634922211,0.3499303052553854,2.3667144834759286,10.0,5.0,81.6651617331457,24.872119650981432,1.5,0
13.888302234831155,1.086313343240745,1.00847802707743,1.0,98.26586380966182,444.5117231084659,0.1111111111111111,27.998692441247467,49.39019145649621,12445.747021842892,0.14817057436948863,691.4303901023828,9.721811564381808,1.553907580394661,1.0797557719587345,11.275719144776469,17.0,5.0,78.50208090995773,19.763782899704093,1.6294700148611176,0
32.07043954016285,3.448759064729416,2.6761925370848454,1.1103825730395998,321.2885097915598,1774.656989602911,0.2222222222222222,30.50399712660197,394.368219911758,54134.131711551294,0.591552329867637,3007.4517617528495,22.449307678113996,8.678430980942686,3.3081838480166175,31.127738659056682,8.0,37.0,31.5005370888411,289.7879727027187,5.173138597094124,0
21.97411349528191,2.089118491608919,1.093420750527926,1.1734333303800268,245.8804455933667,1434.1935957799255,0.07142857142857142,69.91378730121882,102.4423996985661,100269.90600412792,0.47806453192664183,5570.550333562662,15.381879446697335,3.081044983470781,2.4769738945378332,18.462924430168115,27.0,29.0,90.51647381288043,155.36397178048625,3.1336777374133784,0
4.5002171024827495,1.0,1.0,1.0,443.1101149524884,2487.934724450758,0.10526315789473684,85.79917888208325,261.88786573165874,213462.7564700971,0.8293115748169193,11859.042026116505,3.1501519717379245,0.923166276924093,0.512922019183324,4.073318248662018,18.0,30.0,147.57960991420163,295.5305050382868,1.5,0
2.836919696842364,1.0,1.0,1.0,96.7182351135028,437.5109288164188,0.3333333333333333,11.323608999153018,145.8369762721396,4954.202690773395,0.1458369762721396,275.2334828207442,1.9858437877896544,0.6141687298408747,0.3078779090496519,2.600012517630529,5.0,17.0,15.188250319601075,81.52998479390173,1.5,0
8.253231310300713,1.1192616113999754,1.0,1.0,435.08294162402075,2537.7909455321715,0.08,109.07717078398287,203.0232756425737,276815.056379858,0.8459303151773905,15378.614243325444,5.777261917210499,2.025816028745659,0.5593513251445278,7.803077945956158,24.0,32.0,135.12072196806787,299.9622196559529,1.678892417099963,1
52.946791069561705,7.463215234140873,7.171395146637369,5.029032507307209,404.65588273341353,2247.6970549967923,0.2,41.465950386614466,449.5394109993585,93202.89456663643,0.7492323516655974,5177.938587035357,37.06275374869319,5.067008305709331,2.825204709833382,42.12976205440252,9.0,37.0,54.498968357558,350.15691437585554,11.19482285121131,0
133.8082392955358,12.707255506761046,9.21713337198602,9.429467327840637,223.77343321943954,1242.9694174623291,0.15384615384615385,22.934400274561877,191.22606422497373,28506.758149120058,0.41432313915410973,1583.7087860622255,93.66576750687506,16.88703917900448,11.211030364320619,110.55280668587953,12.0,34.0,89.9894316178286,133.78400160161095,19.06088326014157,0
60.33311576783564,4.708576518699457,3.2298433322360687,2.3988430199621815,213.6895191710727,1038.0996229910202,0.11764705882352941,61.92568211227648,122.12936741070826,64285.02725421598,0.3460332076636734,3571.390403011999,42.23318103748495,9.779037886422858,5.596030152831612,52.0122189239078,16.0,12.0,113.06028573862342,100.62923343244928,7.062864778049185,0
71.44391558858706,4.5783649311586725,3.3446176655191295,3.9677878520885113,78.23757250715099,280.47876358558875,0.2857142857142857,13.661490102891303,80.13678959588249,3831.7578527957103,0.09349292119519625,212.87543626642835,50.01074091201094,10.088614275018786,4.013749466958428,60.09935518702972,6.0,5.0,50.91459230136839,27.322980205782606,6.867547396738009,0
18.229138170017197,2.1579012551680794,1.9794125642139884,1.565680913996378,187.17134862804306,944.1660503316914,0.11764705882352941,70.32619533434568,111.07835886255192,66399.6060836842,0.31472201677723044,3688.867004649122,12.760396719012038,5.390835732958913,2.3970721293823485,18.15123245197095,16.0,16.0,37.72818354255848,149.44316508548457,3.236851882752119,0
2.483083291712149,1.0,1.0,1.0,89.75267981385379,381.2628779865622,0.2,22.68402643338174,76.25257559731244,8648.577202314375,0.12708762599552073,480.47651123968745,1.738158304198504,0.6424610540927801,0.20959145819929662,2.380619358291284,9.0,9.0,39.3437321841166,50.40894762973719,1.5,0
11.63171364868872,1.6395349022014742,1.0,1.0,332.99192938884903,1925.14612549754,0.07407407407407407,99.84180775470381,142.60341670352148,192210.06936163828,0.6417153751658466,10678.337186757683,8.142199554082104,1.9764804251380124,1.644297130795783,10.118679979220117,26.0,28.0,110.26789670527899,222.72403268357002,2.4593023533022116,1
14.724057279951742,1.7242054755153915,1.6876560877856832,1.4676618165821314,85.87060993573562,371.12660160636966,0.2,23.46438793626975,74.22532032127394,8708.258553561289,0.12370886720212322,483.79214186451605,10.30684009596622,3.972803267737993,0.9635571912448908,14.279643363704212,9.0,10.0,28.513217202631793,57.35739273310383,2.586308213273087,0
11.062234563620438,1.2673839803175204,1.0,1.0,184.17801784985892,1023.0331646729113,0.1111111111111111,31.407436342191744,113.67035163032347,32130.848995415425,0.34101105489097044,1785.047166411968,7.743564194534306,1.5145663414061392,0.6160945130320409,9.258130535940445,17.0,29.0,73.32824252447627,110.84977532538264,1.9010759704762807,0
21.44805227990459,2.272211196722701,1.9831495222866882,1.6446890089411064,76.18959782864941,323.64788885452145,0.14285714285714285,19.471838920936406,46.235412693503065,6302.019558876371,0.10788262961817381,350.11219771535394,15.013636595933212,5.286024357452278,2.1068767162270046,20.29966095338549,13.0,5.0,58.21559267086196,17.974005157787452,3.408316795084052,0
34.11385858592076,1.8618536862813035,1.5231234152185589,1.02443124792579,243.15109680334973,1327.4667859945457,0.13333333333333333,36.56334198241018,176.99557146593943,48536.62206660948,0.44248892866484857,2696.479003700527,23.87970101014453,3.613302360027239,2.3508860743881512,27.49300337017177,14.0,29.0,86.45105973587756,156.70003706747218,2.792780529421955,0
55.90301005740958,8.00487743235618,4.753008235648706,3.475843128374706,76.76796543761884,265.57352693335383,0.3333333333333333,16.75824428357025,88.5245089777846,4450.546039598466,0.0885245089777846,247.25255775547035,39.1321070401867,13.588932268332647,8.035494615914242,52.72103930851935,5.0,5.0,36.54817915705024,40.2197862805686,12.007316148534269,0
14.386009369824016,1.6226519347181845,1.0,1.1912465114382933,281.6022164943224,1537.3880446074493,0.25,23.29492046114089,384.3470111518623,35813.33221703945,0.5124626815358164,1989.629567613303,10.07020655887681,2.3609362023066525,0.7341229471608527,12.431142761183462,7.0,36.0,35.341628762261585,246.26058773206086,2.4339779020772765,0
2.0451859474847645,1.0,1.0,1.0,223.19000094558552,1095.16891667375,0.08695652173913043,72.27445532234184,95.23207971076086,79152.73693855444,0.3650563055579166,4397.374274364136,1.4316301632393351,0.15722332253861024,0.18664769348288504,1.5888534857779453,22.0,7.0,170.6267607111551,52.563240234430424,1.5,0
11.252009521705537,1.1672344143906748,1.0,1.0,172.97721187286365,920.5722836414769,0.11764705882352941,32.64934951155914,108.30262160487963,30056.086239264736,0.3068574278804923,1669.782568848041,7.876406665193875,1.3312884112312864,1.6053779508247985,9.207695076425162,16.0,23.0,75.02916333818624,97.94804853467741,1.7508516215860122,0
21.167192858757026,2.561465062946129,2.119069967514123,1.7274842206894119,223.35481726243444,1196.6350489654615,0.25,19.877831166612573,299.15876224136537,23786.509471386613,0.39887834965515384,1321.4727484103673,14.817035001129918,3.1871157801605423,1.8720650749645047,18.00415078129046,7.0,33.0,30.25588592962658,193.09893133280787,3.8421975944191935,0
87.12723369402589,4.846100013106116,3.644439255751177,2.0594536727452533,197.68660167735734,1022.0249044619375,0.06666666666666667,29.27130063123594,68.13499363079583,29915.998231115558,0.34067496815397913,1661.999901728642,60.989063585818116,20.67731633966742,5.167597089697193,81.66637992548553,29.0,6.0,183.55562895882966,14.130972718527696,7.269150019659174,0
10.161749166396726,1.1500419151416315,1.0,1.0,139.48987273144678,663.2586525291291,0.14285714285714285,51.54656522769212,94.75123607558987,34188.70539542394,0.2210862175097097,1899.3725219679966,7.113224416477708,0.6934954684644888,0.8158817016329912,7.806719884942197,13.0,13.0,28.466501471802225,111.02337125964456,1.725062872712447,0
37.15329100107243,4.698589503380976,3.4751763481580715,4.082593532913096,224.13176119073094,1077.4809253496999,0.2857142857142857,28.40480226222258,307.8516929570571,30605.632625874834,0.35916030844989993,1700.312923659713,26.0073037007507,7.983749909443554,3.707937058422561,33.99105361019426,6.0,21.0,15.829877934432018,208.30188325629894,7.047884255071464,0
28.448785751183458,3.63721792540858,2.3412406522892657,3.035847175235403,147.76197696179023,717.824875882855,0.25,17.55658585560484,179.45621897071376,12602.554062726233,0.23927495862761836,700.1418923736796,19.91415002582842,6.51486895401499,1.9491733560292317,26.42901897984341,7.0,21.0,37.406294440845514,110.35568252094471,5.45582688811287,0
21.172022987560705,2.6890833097788307,1.833125733888339,1.3253454916565006,205.18277804125046,1052.4405387765746,0.10526315789473684,17.684125200443408,110.78321460806048,18611.49025374706,0.3508135129255249,1033.9716807637255,14.820416091292493,4.519810718409335,2.046406664018901,19.34022680970183,18.0,16.0,171.7794304404129,33.40334760083755,4.033624964668246,0
61.35274927979929,4.45594359386223,4.141972671539084,2.422266372875077,142.776940703761,720.2231600660426,0.2222222222222222,12.896029887005103,160.04959112578723,9288.019397524946,0.24007438668868086,516.0010776402747,42.9469244958595,14.734930862802386,8.198832904281423,57.681855358661885,8.0,24.0,62.17675390997911,80.60018679378189,6.683915390793345,0
9.088324464823737,1.340890007938327,1.0,1.0526541420972464,128.98686927815285,671.9510802830148,0.06666666666666667,91.60647809166751,44.79673868553432,61555.07191461831,0.2239836934276716,3419.726217478795,6.361827125376616,0.8592297712072238,1.2474797479394577,7.221056896583839,29.0,7.0,78.4453641241294,50.541505154023454,2.0113350119074904,0
10.07217085969192,1.5059729785290876,1.0,1.0,256.8955907167278,1284.477953583639,0.08333333333333333,70.49893091089336,107.03982946530324,90554.32250625866,0.428159317861213,5030.7956947921475,7.050519601784343,1.9819598691079165,0.553224796652641,9.032479470892259,23.0,8.0,201.7225143516808,55.17307636504699,2.2589594677936313,0
19.80073409041941,1.1397220867617115,1.102456244979929,1.0,307.954177693084,1627.6616940869253,0.1111111111111111,67.3668554349162,180.8512993429917,109650.4500425047,0.5425538980289751,6091.691669028039,13.860513863293587,5.648876914552431,1.3086371652264257,19.50939077784602,17.0,21.0,133.5929048027126,174.36127289037137,1.7095831301425672,0
9.316846321258797,1.3383150570059081,1.202208721177733,1.1455778556639262,152.35366392791585,754.7899597056027,0.16666666666666666,21.062351658172652,125.79832661760044,15897.65155937737,0.25159665323520086,883.2028644098539,6.521792424881157,1.888488110365727,0.7223259049327183,8.410280535246883,11.0,19.0,75.76329426183348,76.59036966608237,2.007472585508862,0
36.951814358688694,2.9171580073551415,1.5397724755307918,1.813349106440401,437.0325459599264,2515.073136783462,0.11764705882352941,63.16527305304246,295.8909572686426,158865.2814332994,0.838357712261154,8825.848968516633,25.866270051082083,7.495087518765541,4.0457279669666395,33.36135756984763,16.0,37.0,136.9974989579747,300.0350470019517,4.3757370110327125,0
8.534947753278926,1.0150477501550788,1.014511278123327,1.0,186.70759491739275,897.5696754116653,0.25,25.012907240631193,224.39241885291634,22450.827033075435,0.29918989180388844,1247.2681685041907,5.974463427295248,1.9981158548839917,0.7348545282140698,7.97257928217924,7.0,20.0,36.6301514736056,150.07744344378716,1.5225716252326182,0
26.352550126375284,2.2086360050161464,1.871738063810341,1.0,170.5819667100934,925.6229137467465,0.07142857142857142,57.99746789352664,66.11592241048189,53683.7852215395,0.3085409712489155,2982.43251230775,18.446785088462697,3.5128228136730355,3.5418905543486927,21.959607902135733,27.0,15.0,101.8442269844322,68.7377397256612,3.31295400752422,0
17.81058026200093,2.614155618133585,1.516558724207349,1.0,317.3307764744287,1808.9249620033863,0.07142857142857142,82.47621119054583,129.20892585738474,149193.27719404138,0.6029749873344621,8288.515399668966,12.46740618340065,4.009499578621232,2.1669631962571883,16.476905762021882,27.0,24.0,164.597052047492,152.7337244269367,3.9212334272003773,0
25.995180559203156,1.5636201403657757,1.0,1.0,172.06887568534646,927.8499962760463,0.14285714285714285,19.945885005984955,132.5499994680066,18506.78932852559,0.3092833320920155,1028.154962695866,18.19662639144221,7.254175010817127,1.560896273869671,25.450801402259337,13.0,28.0,83.07954258172127,88.98933310362519,2.3454302105486633,0
11.568782723235325,1.154271613816796,1.0,1.0,150.249986406169,714.421782562924,0.2857142857142857,16.058617221384747,204.12050930369256,11472.625940797361,0.23814059418764133,637.3681078220757,8.098147906264726,0.6099509761860324,1.3009761406346545,8.70809888245076,6.0,20.0,37.839665856475776,112.41032054969322,1.7314074207251942,0
13.371078406908504,1.240899979141579,1.1042527281864285,1.0,477.2210249869962,2830.27255116041,0.07407407407407407,114.28325121910704,209.6498186044748,323452.7489828081,0.9434241837201366,17969.59716571156,9.359754884835953,3.577141344230485,0.8196639877939276,12.936896229066438,26.0,34.0,169.5353486278619,307.68567635913433,1.8613499687123682,1
22.538188149503664,1.8617071983343787,1.15336106717851,1.0819066115857354,328.7074909637936,1873.777237140513,0.14285714285714285,34.00702991115313,267.6824624486447,63721.5985502753,0.624592412380171,3540.088808348628,15.776731704652564,2.3587246781858546,1.7017135981853027,18.13545638283842,13.0,38.0,124.6653114968748,204.0421794669188,2.792560797501568,0
25.597364766889463,2.9322651417429793,1.842882977272728,2.3670187491488193,191.07010801533448,852.0640810600263,0.11764705882352941,58.11022434535584,100.24283306588545,49513.63490701759,0.2840213603533421,2750.757494834311,17.918155336822622,4.197476824000195,1.7351701871338086,22.115632160822816,16.0,5.0,147.4874397563176,43.58266825901688,4.398397712614469,0
19.98451455760188,1.2611342691068592,1.0,1.0,332.30853449771575,1824.9896541180567,0.11764705882352941,51.92186312225422,214.7046651903596,94756.86302064781,0.6083298847060189,5264.270167813767,13.989160190321316,5.25766498694958,1.3450816321969385,19.246825177270896,16.0,28.0,144.09178067954423,188.21675381817155,1.8917014036602888,0
155.46720791665106,18.915110912436692,15.113347305497852,12.591807451952047,258.7957389930392,1445.364497622544,0.1,32.42460846489018,144.5364497622544,46865.377924463675,0.48178816587418133,2603.632106914649,108.82704554165574,39.796189901920066,17.356289516770275,148.6232354435758,19.0,28.0,159.8153552581113,98.98038373492791,28.37266636865504,1
6.117268647717532,1.0,1.0,1.0,143.71959859731493,621.1457709636697,0.2857142857142857,18.521796310410263,177.4702202753342,11504.735448861837,0.20704859032122325,639.1519693812131,4.282088053402272,1.6699034318804484,0.6506357046298606,5.95199148528272,6.0,13.0,57.2845491487337,86.43504944858122,1.5,0
18.596166290422925,2.4259790789879,1.3394354493045724,1.9416202850565918,218.57958940024417,1227.2609723282112,0.08695652173913043,64.06258730042077,106.71834541984445,78621.51318017532,0.4090869907760704,4367.861843343073,13.017316403296046,5.301845079046304,1.2571531946248005,18.319161482342352,22.0,26.0,61.33505693557497,157.2445324646692,3.63896861848185,0
3.0393545489767164,1.0,1.0,1.0,153.08285446175773,778.8033337067261,0.1111111111111111,41.513045452568576,86.53370374519179,32330.498190779253,0.2596011112355754,1796.1387883766251,2.127548184283701,0.49173486011654316,0.4529163494909905,2.619283044400244,17.0,16.0,70.05676355662057,83.02609090513715,1.5,0
31.390263788448745,2.6984224130631858,2.4003788778862143,1.0,169.38597001296003,901.4599526917203,0.10526315789473684,25.403692024922652,94.89052133597056,22900.411010981807,0.30048665089724014,1272.245056165656,21.97318465191412,6.720371479981206,2.8936698198922373,28.693556131895328,18.0,21.0,107.28805617426022,62.09791383869982,4.047633619594778,0
5.268281173658441,1.0,1.0,1.0,233.6268935174425,1234.812101382985,0.2,23.201461501883596,246.96242027659702,28649.44543229731,0.41160403379432836,1591.6358573498505,3.6877968215609087,0.777701612918721,0.3145529100887547,4.465498434479629,9.0,29.0,78.95048350488518,154.6764100125573,1.5,0
14.38272297639882,1.4627924739110396,1.0,1.0,167.20572800789057,928.7590727292722,0.13333333333333333,17.52697509761854,123.83454303056963,16278.337139413241,0.3095863575764241,904.3520633007356,10.067906083479174,1.9802014965403782,0.8925472258601563,12.048107580019552,14.0,32.0,84.57855969054604,82.62716831734454,2.1941887108665594,0
12.852300333527877,1.0,1.0,1.0,180.76134244833355,934.5225836179151,0.11764705882352941,21.205158325044074,109.94383336681354,19816.69934394713,0.31150752787263836,1100.9277413303962,8.996610233469513,2.029363476569776,1.3930527538437083,11.025973710039288,16.0,19.0,127.74844663572335,53.01289581261019,1.5,0
28.136547440435937,4.066738771855621,2.8231459845775726,2.856103820692314,224.69280634557737,1261.5849116903853,0.13333333333333333,36.22585939153975,168.21132155871803,45701.99762138399,0.4205283038967951,2538.9998678546663,19.695583208305155,6.63372660156393,4.161590643599636,26.329309809869084,14.0,34.0,43.56350938787862,181.12929695769876,6.100108157783431,0
10.346526907929613,1.0,1.0,1.0,250.2753016349285,1478.3488255404445,0.06896551724137931,60.25889079357831,101.95509141658238,89083.6604330564,0.4927829418468148,4949.092246280911,7.2425688355507285,1.8143688911545823,1.1090970916887821,9.05693772670531,28.0,31.0,112.54069410674948,137.734607528179,1.5,0
9.831909452647238,1.3794297161984097,1.2194778780848559,1.0,362.32635118386315,1953.7786962206012,0.125,67.92033882759512,244.22233702757515,132701.31104144026,0.651259565406867,7372.295057857792,6.882336616853067,2.492535724689259,1.4246844591225025,9.374872341542325,15.0,26.0,117.81313140452069,244.51321977934245,2.0691445742976144,0
112.50838552909768,6.565789362074349,3.9660230918604413,2.328749600759024,166.29734026454227,907.8889575355274,0.06666666666666667,67.74308186250396,60.525930502368496,61503.19597239261,0.3026296525118425,3416.8442206884783,78.75586987036837,26.58625121040293,10.622286276377013,105.3421210807713,29.0,14.0,96.21829006195198,70.0790502025903,9.848684043111524,0
28.260926132482005,3.737860538210314,2.586953004440684,1.4514915237422819,311.06535904362454,1677.3631551938674,0.2857142857142857,23.51668951501567,479.2466157696764,39446.02852462122,0.5591210517312891,2191.4460291456235,19.782648292737402,1.557731375909989,2.6447736302049947,21.34037966864739,6.0,35.0,28.865084863436486,282.20027418018805,5.6067908073154715,0
10.244479525036594,1.0,1.0,1.0,230.57175710140535,1235.300179466948,0.2,27.211132482022716,247.06003589338962,33613.91683854156,0.4117667264889827,1867.43982436342,7.171135667525615,2.126339450344547,1.0244554917397468,9.297475117870162,9.0,31.0,37.07037056257714,193.5013865388282,1.5,0
14.86485339282407,1.0,1.0,1.0,174.91079467779704,840.8582697153146,0.16666666666666666,39.510371219070834,140.14304495255243,33222.622379077664,0.28028608990510484,1845.7012432820925,10.405397374976848,2.365634105521885,1.779955388431752,12.771031480498733,11.0,16.0,52.787829091578104,122.12296558621894,1.5,0
144.66575487786932,17.64183618873752,12.950729894340974,14.391161213593515,219.49839917054942,1212.413007073863,0.18181818181818182,19.837843783932193,220.43872855888418,24051.659835938768,0.40413766902462095,1336.2033242188204,101.26602841450851,23.747932097560543,12.551431873077417,125.01396051206905,10.0,35.0,76.66592392623762,142.83247524431178,26.462754283106282,1
15.146994752380246,1.1818674407206464,1.0696648667509299,1.041523123241709,471.7808458551414,2819.966178221746,0.07407407407407407,120.60789779207309,208.88638357198116,340110.1926000713,0.9399887260739153,18895.01070000396,10.602896326666173,3.8563228257331854,2.0658774579832877,14.459219152399358,26.0,36.0,128.51221367770262,343.2686321774388,1.7728011610809697,1
8.783439312775688,1.0667453253580883,1.0,1.0,398.60236479466914,2391.614188768015,0.07142857142857142,81.97254259468325,170.82958491200108,196046.69595883493,0.7972047295893384,10891.483108824163,6.148407518942981,1.641642343880302,0.4648910922492891,7.790049862823283,27.0,36.0,173.9368776833151,224.66548711135408,1.6001179880371326,0
8.828672114058675,1.0,1.0,1.0,356.9692953560448,1982.8176683759084,0.25,29.520147146087314,495.7044170939771,58533.06933431858,0.6609392227919695,3251.837185239921,6.1800704798410715,2.396149779796384,0.8296869942438406,8.576220259637456,7.0,39.0,19.59618511504694,337.3731102409979,1.5,0
10.392124117013406,1.0,1.0,1.0,266.4915449751321,1446.0536779246684,0.1111111111111111,40.21452611189973,160.6726308805187,58152.363390110215,0.48201789264155614,3230.686855006123,7.274486881909383,2.3714972527095988,1.0506352786280304,9.645984134618981,17.0,25.0,143.48240627990938,123.0091386952227,1.5,0
9.84144680306726,1.409423193146622,1.234013098740863,1.0,73.93743412995374,329.7189315600282,0.25,9.15218992185371,82.42973289000705,3017.650282468063,0.10990631052000939,167.64723791489237,6.889012762147082,1.8522587243680289,1.0894798882146741,8.74127148651511,7.0,14.0,34.71376303629499,39.22367109365875,2.114134789719933,0
4.325045160143081,1.0,1.0,1.0,356.2537885310712,2010.645149531782,0.06666666666666667,102.04814393868426,134.04300996878547,205182.60562903664,0.6702150498439273,11399.03364605759,3.0275316121001565,1.0321049634812758,0.33565460685009624,4.0596365755814325,29.0,20.0,208.45992489573544,147.7938636353358,1.5,0
5.211980321615305,1.0,1.0,1.0,241.17011982594386,1283.4900363490424,0.06896551724137931,26.46332389597558,88.51655423096844,33965.41254916218,0.42783001211634747,1886.9673638423435,3.648386225130713,0.31056764077472676,0.4834007357470507,3.95895386590544,28.0,11.0,218.4872707722505,22.682849053693353,1.5,0
7.424724285745333,1.0,1.0,1.0,138.35093492253262,703.8552404706286,0.07692307692307693,64.47048680582296,54.14271080543297,45377.889993971,0.23461841349020954,2520.9938885539445,5.197307000021732,0.4215083817247011,0.7309921344247379,5.618815381746433,25.0,8.0,91.93218442234009,46.41875050019253,1.5,0
40.849117683748936,4.51121918560888,2.859319355335585,2.5511951825789416,200.58887065754988,1081.6388620622215,0.18181818181818182,17.158573728325294,196.66161128404028,18559.3801621165,0.36054628735407385,1031.0766756731389,28.594382378624253,2.8936425002502344,4.848422539924652,31.488024878874487,10.0,31.0,90.77399879626799,109.81487186128189,6.76682877841332,0
12.711603722773596,1.0204539785145663,1.0,1.0,307.49802722183836,1688.7339929135196,0.125,50.887779257251005,211.09174911418995,85935.92265559926,0.5629113309711732,4774.21792531107,8.898122605941516,2.0261194401629443,1.6188788999804435,10.92424204610446,15.0,29.0,103.94691019283435,203.55111702900402,1.5306809677718496,0
15.664640471744985,1.097089236289607,1.0,1.0,458.26338829284754,2672.99994143065,0.09090909090909091,100.4026229729246,242.99999467551362,268376.2053261111,0.8909999804768833,14909.789184783951,10.965248330221488,1.7052924936537652,1.9390120048941415,12.670540823875253,21.0,35.0,114.02582381424888,344.23756447859864,1.6456338544344105,1
92.21341605232729,9.613895993062764,9.260804230630455,4.957815408340494,134.1498893192381,658.2588303024932,0.13333333333333333,37.50615258183391,87.76784404033242,24688.756127664823,0.21941961010083105,1371.5975626480458,64.5493912366291,27.3011948641576,7.760524814336705,91.8505861007867,14.0,15.0,48.42154056076059,85.72834875847751,14.420843989594147,0
95.01251121470064,8.933256571368164,4.748607245469055,3.020063695401255,357.5741853042824,1915.7222932766365,0.11764705882352941,65.58709288093695,225.3790933266631,125646.65598321629,0.6385740977588789,6980.369776845349,66.50875785029044,17.6317125393448,14.246655963166267,84.14047038963524,16.0,24.0,152.61452005135448,204.95966525292798,13.399884857052246,1
14.317034731030034,1.2743781791282371,1.0371890500918672,1.1313940666570679,296.15920170190134,1607.0382379757368,0.09090909090909091,60.76051389917171,146.09438527052154,97644.46919502517,0.535679412658579,5424.692733056954,10.021924311721023,3.0868090473077814,1.9308888109392497,13.108733359028804,21.0,21.0,168.851458294113,127.30774340778834,1.9115672686923557,0
9.421212418749846,1.1047004620244136,1.0,1.0,118.81437574741082,544.7594573484718,0.2222222222222222,22.375200933120723,121.05765718854927,12189.102318389863,0.1815864857828239,677.1723510216591,6.5948486931248915,1.127766553488718,0.7160341641613529,7.72261524661361,8.0,15.0,29.313572014927928,89.5008037324829,1.6570506930366204,0
7.1184045737308885,1.0,1.0,1.0,349.28530733139036,1871.3141984769338,0.2857142857142857,27.52073058382522,534.6611995648382,51499.93389397053,0.6237713994923113,2861.107438553918,4.982883201611622,0.9285903751621684,0.49480443463283497,5.9114735767737905,6.0,34.0,28.210117186762776,321.0751901446276,1.5,0
46.12388477044654,2.517995376102913,1.4550827151760506,2.101961493746306,482.8302620195334,2791.415425310286,0.125,66.68800332168087,348.92692816378576,186153.92115528358,0.930471808436762,10341.884508626865,32.286719339312576,6.174395906702352,3.7545822362603087,38.46111524601493,15.0,39.0,127.1609109705688,355.6693510489646,3.776993064154369,0
15.710846281308266,1.3177385818355978,1.0,1.0,298.6661311220485,1567.3782068491478,0.16666666666666666,43.8872493398164,261.22970114152463,68787.91817378288,0.5224594022830492,3821.551009654604,10.997592396915785,3.529974627784891,1.4962143592272537,14.527567024700677,11.0,26.0,83.21963436294983,215.4464967590987,1.9766078727533967,0
12.63165710471044,1.151709715869014,1.0,1.0,184.22907287291721,966.8208203059855,0.2857142857142857,12.70044626461523,276.2345200874244,12279.055875807388,0.32227360676866185,682.1697708781882,8.842159973297308,2.1275064512115454,1.7062834564189393,10.969666424508853,6.0,31.0,48.757646050354765,135.47142682256245,1.7275645738035208,0
7.56553079864917,1.0,1.0,1.0,369.69401969534556,2201.230768042119,0.08695652173913043,68.2117220691141,191.4113711340973,150149.7413596716,0.733743589347373,8341.652297759534,5.295871559054419,1.357414444225827,0.9671489078568425,6.653286003280246,22.0,39.0,121.6513939894761,248.04262570586945,1.5,0
7.975707098955935,1.0,1.0,1.0,223.62467545999723,1137.6822267894024,0.07692307692307693,42.12419851606089,87.51401744533865,47923.951969470996,0.3792274089298008,2662.441776081722,5.582994969269154,1.5791959518006402,1.0777143299682503,7.1621909210697945,25.0,8.0,193.2952525284334,30.32942293156384,1.5,0
29.490548724494293,1.6268219299465305,1.0,1.0,151.76226995073685,737.2582231980998,0.2222222222222222,21.147937464275497,163.83516071068883,15591.49079921628,0.24575274106603326,866.1939332897933,20.643384107146005,7.1426968382877885,2.2765438910483082,27.786080945433795,8.0,20.0,40.73559826329048,111.02667168744637,2.440232894919796,0
4.143223387633441,1.0,1.0,1.0,161.75533054763335,815.9576381893645,0.15384615384615385,33.56402586330471,125.53194433682532,27386.823271548856,0.27198587939645485,1521.4901817527143,2.900256371343408,0.300766683274535,0.45304541103327,3.2010230546179432,12.0,20.0,44.281240026066854,117.4740905215665,1.5,0
66.27696709574266,8.195526105323596,4.790055908577619,4.6135607545857,385.8019987234073,2177.4109985225623,0.08,99.84369601563056,174.192879881805,217400.7618375773,0.7258036661741875,12077.820102087628,46.393876967019864,16.18606003420406,5.191137232832884,62.579937001223925,24.0,25.0,169.4739906895411,216.32800803386618,12.293289157985395,1
10.584455128235675,1.0,1.0,1.0,451.59281296422466,2535.5626124819105,0.10526315789473684,79.85229900328984,266.90132762967477,202470.50387346826,0.8451875374939701,11248.361326303791,7.409118589764971,2.0196068347013014,0.644617831669174,9.428725424466272,18.0,30.0,176.54600528622635,275.04680767799834,1.5,1
16.784181524035358,1.0,1.0,1.0,194.04701581955413,1032.7042652191376,0.11764705882352941,40.763363826983976,121.4946194375456,42096.49968880586,0.34423475507304585,2338.694427155881,11.74892706682475,3.6467639270407246,1.9875789886832096,15.395690993865475,16.0,23.0,71.75692433860219,122.29009148095193,1.5,0
4.037503075294508,1.0,1.0,1.0,192.8560219525121,1077.0936506430362,0.07407407407407407,26.575750365452276,79.78471486244712,28624.571979702996,0.3590312168810121,1590.2539988723886,2.826252152706155,0.5324979682304053,0.2596104590358422,3.3587501209365604,26.0,21.0,147.88167518020825,44.97434677230385,1.5,0
19.78968562834686,1.8586317703466235,1.7098092690224878,1.0,451.62599576341586,2622.7524494258396,0.07692307692307693,107.5910167538085,201.7501884173723,282184.6027272678,0.8742508164752799,15676.9223737371,13.8527799398428,3.0148934816625594,2.3108371613095353,16.86767342150536,25.0,30.0,184.8002742139707,266.8257215494451,2.787947655519935,1
13.544964691404205,1.742961598929481,1.435987508168159,1.0,227.55507078184087,1277.655695997135,0.08695652173913043,35.9536894967079,111.10049530409869,45936.436177581214,0.425885231999045,2552.024232087845,9.481475283982943,1.4600314508381758,1.5549135976936137,10.94150673482112,22.0,26.0,139.30510565355786,88.24996512828302,2.6144423983942215,0
18.91401688602802,2.6923649816153166,2.302203074162309,2.1731296393053428,354.4131182410266,1979.3839751397868,0.125,50.72767789907744,247.42299689247335,100409.55272948662,0.6597946583799289,5578.308484971479,13.239811820219613,5.5763250162114,2.4782061202727803,18.816136836431014,15.0,32.0,131.2113354850859,223.20178275594074,4.038547472422975,0
117.45445930050423,12.911773280075199,10.561842189449742,4.554159463988431,108.12613583843878,450.8778771420535,0.15384615384615385,10.998836017365248,69.36582725262362,4959.131834543201,0.15029262571401783,275.50732414128896,82.21812151035296,20.46652681676086,7.511854027216126,102.68464832711382,12.0,5.0,97.12729982107354,10.998836017365248,19.3676599201128,0
24.85944236825605,1.7081132240254757,1.6621618045808921,1.3916995841044686,45.974576597900224,170.12614926758997,0.2857142857142857,13.361276062503038,48.607471219311414,2273.1024458148686,0.05670871642252999,126.28346921193715,17.401609657779236,7.433451289061742,3.1906600782655503,24.83506094684098,6.0,6.0,14.798265785393138,31.176310812507083,2.5621698360382137,0
7.7400564358228605,1.0,1.0,1.0,497.27505702569437,2820.7556354028693,0.06666666666666667,136.85451345240872,188.05037569352461,386033.1400511997,0.9402518784676231,21446.285558399984,5.418039505076002,1.3347455997083677,1.160448492372831,6.752785104784369,29.0,21.0,289.6337262703156,207.64133075537876,1.5,1
8.554146253602324,1.2453226568825344,1.2384978165934746,1.0,222.50389318611963,1221.9586947395983,0.1,25.627609311431765,122.19586947395983,31315.880023493533,0.40731956491319943,1739.7711124163075,5.9879023775216265,0.8976534264189521,1.1557014700028805,6.885555803940578,19.0,25.0,152.36517296535902,70.13872022076062,1.8679839853238016,0
41.02400663761472,4.431541549050672,4.056979187666343,2.1750176609618728,185.91003270255058,883.9812910241594,0.14285714285714285,32.529755053697016,126.28304157487992,28755.694869066763,0.29466043034138645,1597.5386038370425,28.7168046463303,7.255632954882312,5.135434692831245,35.97243760121261,13.0,13.0,115.84594489458777,70.0640878079628,6.647312323576008,0
95.43371752543514,11.280241049957494,8.961996912150074,5.67741041814858,241.59277225137723,1294.3458412766063,0.08333333333333333,48.41014011650473,107.86215343971719,62659.4635354157,0.4314486137588688,3481.0813075230944,66.80360226780459,5.716374029854577,11.090976017778187,72.51997629765917,23.0,17.0,165.82037902554373,75.7723932258335,16.92036157493624,0
28.171240718997915,2.3592701229947486,1.9609918533761592,1.7717243829777405,351.01731939157,1868.0889338620473,0.08,103.95793110494378,149.4471147089638,194202.6606843386,0.622696311287349,10789.036704685477,19.71986850329854,7.780684003734329,2.596772809538852,27.500552507032868,24.0,15.0,212.40674458497836,138.6105748065917,3.5389051844921227,1
45.89954909893912,4.046172370313557,3.335716852477409,3.1195896076429506,213.88318285833293,1078.9110698402435,0.15384615384615385,51.16983350433624,165.98631843696054,55207.699809710546,0.3596370232800812,3067.094433872808,32.12968436925738,11.687749316109006,5.647940287239343,43.81743368536639,12.0,20.0,34.7887655931561,179.09441726517684,6.069258555470336,0
41.74940785172415,5.154609418683324,2.727809572617091,2.256619997676103,216.70697949875782,1223.0630276114487,0.06666666666666667,53.879101138592894,81.53753517409658,65897.53656355088,0.4076876758704829,3660.9742535306045,29.224585496206902,9.663114628990327,5.110870807220108,38.88770012519723,29.0,20.0,138.6751778497612,78.0318016489966,7.731914128024986,0
110.26397856874785,15.743172179580709,9.587721726979161,13.912600119023045,223.15846740164736,1095.0141850235536,0.08333333333333333,26.11652263597686,91.25118208529614,28597.96274988339,0.3650047283411845,1588.775708326855,77.18478499812349,22.32367889898672,12.476350239280615,99.5084638971102,23.0,6.0,207.26145362322666,15.897013778420696,23.614758269371062,0
1.9357440852166352,1.0,1.0,1.0,116.72446104108352,520.5247522350052,0.2,29.14798355649252,104.10495044700104,15172.246918893274,0.17350825074500173,842.9026066051819,1.3550208596516446,0.3773898763192132,0.25092632035842327,1.7324107359708578,9.0,12.0,32.51917521121624,84.20528582986728,1.5,0
44.73081900130369,5.769595333366821,4.426330924215561,1.9680192257515587,119.13519664578726,600.9648853686222,0.125,33.227560340076884,75.12061067107777,19968.596990853282,0.20032162845620738,1109.366499491849,31.311573300912585,13.382658284435468,4.243898576819383,44.69423158534805,15.0,17.0,39.38905182960273,79.74614481618453,8.65439300005023,0
65.39744907181229,4.392321684626761,3.0270862103453644,2.887084152240704,312.70425649349187,1675.3293162293148,0.1,66.89303124578531,167.5329316229315,112067.8562975077,0.5584431054097716,6225.992016528206,45.7782143502686,7.814953211943962,4.0628342602403285,53.59316756221256,19.0,21.0,157.79407887167326,154.9101776218186,6.588482526940142,0
4.029053773117661,1.0,1.0,1.0,167.4014963009469,896.8622220832048,0.15384615384615385,13.07479145362561,137.97880339741613,11726.286516373159,0.29895407402773494,651.460362020731,2.820337641182362,0.9868002471851408,0.42670408239111446,3.807137888367503,12.0,28.0,104.20667094175644,63.194825359190446,1.5,0
6.939281085673423,1.0,1.0,1.0,97.39836531688111,482.5306220906054,0.08333333333333333,30.863638431787898,40.21088517421711,14892.65065247013,0.16084354069686846,827.369480692785,4.857496759971396,1.3555968355496553,0.5308852088503472,6.213093595521052,23.0,7.0,75.9280081469417,21.47035716993941,1.5,0
7.235943082666732,1.0,1.0,1.0,493.23197959522554,2936.8000330707064,0.07142857142857142,98.23882396403276,209.77143093362187,288507.78146639874,0.9789333443569022,16028.210081466597,5.065160157866712,2.1271511716636256,0.6399707553423971,7.192311329530337,27.0,34.0,238.53873228106656,254.693247314159,1.5,0
8.376680919239954,1.0,1.0,1.0,152.81211749846798,749.8323422482565,0.15384615384615385,20.9608030403799,115.35882188434717,15717.088039172437,0.24994411408275216,873.1715577318021,5.863676643467968,2.152394828567139,0.4334219553174842,8.016071472035106,12.0,17.0,89.92970837732828,62.882409121139695,1.5,0
11.267692262313373,1.0,1.0,1.0,345.49134605213334,1919.0623791322807,0.08333333333333333,97.65231341305174,159.92186492769005,187400.8809062222,0.6396874597107602,10411.16005034568,7.887384583619361,3.3761530354552733,0.9947012676725407,11.263537619074635,23.0,23.0,141.69521371185144,203.7961323402819,1.5,0
26.873035219560705,3.4707401548646852,2.0219642107544806,1.6444978132974042,217.28003204801567,1105.4040891899626,0.08695652173913043,24.89299827528426,96.12209471217066,27516.82208569791,0.36846802972998755,1528.7123380943283,18.81112465369249,5.29617133516233,3.517145822057808,24.107295988854823,22.0,11.0,190.12403392952376,27.15599811849192,5.206110232297028,0
56.758735918303096,7.4246689715483445,7.263776723195148,4.156094125700914,123.36604213342392,593.0643498648813,0.13333333333333333,24.20506310484988,79.07524664865083,14355.160013716219,0.19768811662162708,797.508889650901,39.731115142812165,5.7403509134095465,5.918360346115635,45.471466056221715,14.0,13.0,74.95591592372416,48.41012620969976,11.137003457322518,0
73.52168151535334,7.085927437053776,4.336262104860202,4.202533814979095,268.8065538689116,1378.7848916033104,0.16666666666666666,52.6476238111204,229.79748193388505,72589.7482895875,0.4595949638677701,4032.7637938659723,51.46517706074733,12.934063531207823,3.748139197759873,64.39924059195515,11.0,23.0,39.071468147658955,229.73508572125263,10.628891155580664,1
7.349353326748004,1.0,1.0,1.0,197.7045077055567,1052.1691740440772,0.14285714285714285,34.20440335916087,150.30988200629673,35988.81883107875,0.3507230580146924,1999.3788239488194,5.144547328723602,1.6740194110179343,0.7127724906705715,6.818566739741536,13.0,26.0,55.62467836750382,142.07982933805286,1.5,0
7.288927395772198,1.0,1.0,1.0,197.92851751558985,951.5126328941354,0.3333333333333333,18.230647476506224,317.17087763137846,17346.691379735264,0.31717087763137847,963.7050766519592,5.102249177040538,1.7755105280485393,0.5768833596951655,6.877759705089078,5.0,22.0,30.206560731732594,167.72195678385725,1.5,0
97.41558499067874,14.542072065063829,11.657523515046572,8.082364409972556,237.22008440497927,1345.6132184034216,0.08333333333333333,38.38339333431507,112.13443486695179,51649.20143783215,0.4485377394678072,2869.4000798795637,68.19090949347512,4.883199469115678,9.522866895353681,73.0741089625908,23.0,27.0,143.76486585186433,93.45521855311496,21.813108097595745,1
43.64517433222897,4.899567544447489,3.3695578334031326,3.564565517042471,117.27551878307463,469.1020751322985,0.2,26.53309239383945,93.82041502645971,12446.728701627093,0.15636735837743285,691.4849278681718,30.551622032560275,7.692757546656611,3.9485471544691255,38.24437957921688,9.0,6.0,76.00181950376881,41.27369927930581,7.349351316671234,0
22.185475327855535,1.1886416182125052,1.0,1.0,308.74162935635974,1631.8236928552496,0.08333333333333333,84.18914839686235,135.98530773793746,137381.84703530653,0.5439412309517498,7632.324835294808,15.529832729498873,2.413971508942087,3.1769139645492115,17.94380423844096,23.0,15.0,191.60890115202952,117.13272820433022,1.7829624273187579,0
35.445773112050325,1.833588489727047,1.6749618865348965,1.0,191.30812033080593,1024.943203578027,0.3333333333333333,10.97593458629326,341.64773452600895,11249.70955713828,0.34164773452600894,624.98386428546,24.812041178435226,9.525270239251826,1.9182447752435288,34.337311417687054,5.0,35.0,33.25466228818299,158.05345804262294,2.7503827345905703,0
19.379880916383183,1.589851729647035,1.0,1.0,476.03293861641225,2776.6477740691685,0.1,79.83838628621497,277.66477740691687,221683.07756689322,0.9255492580230562,12315.726531494067,13.565916641468228,1.7098163701091893,2.293779471270264,15.275733011577417,19.0,37.0,156.6793934715524,319.3535451448599,2.3847775944705525,0
37.694025973538416,2.6226892887763538,2.3577278689047945,1.1817935165258449,193.57588462699616,1023.1264101257482,0.09523809523809523,64.68006910526779,97.44061048816648,66175.88691035795,0.34104213670858274,3676.4381616865526,26.38581818147689,8.165056094102113,5.092563161193905,34.550874275579005,20.0,18.0,70.68375332698736,122.8921313000088,3.934033933164531,0
13.419648838751804,1.762068610716235,1.3845000955298687,1.0,167.07361939055642,933.0998991560166,0.07142857142857142,65.73836670326025,66.64999279685833,61340.463341493385,0.3110332997186722,3407.803518971855,9.393754187126262,1.5635977327950001,1.9582469377966576,10.957351919921262,27.0,20.0,64.81393785215158,102.25968153840483,2.6431029160743527,0
27.731415977074878,3.729336536090298,3.7034148752981677,2.5893824793417433,195.79686359303264,930.9920596613163,0.16666666666666666,33.31524872540529,155.16534327688603,31016.232028994113,0.3103306865537721,1723.124001610784,19.411991183952413,3.8584254205619417,1.879181207943522,23.270416604514356,11.0,15.0,98.87977639185362,96.91708720117903,5.594004804135447,0
3.278364728061527,1.0,1.0,1.0,286.3921860426681,1648.1548121742253,0.11764705882352941,51.52025491390181,193.90056613814414,84913.35606079004,0.5493849373914085,4717.408670043891,2.2948553096430686,0.9347923126822925,0.3380993286646448,3.229647622325361,16.0,37.0,41.670975201634505,244.72121084103358,1.5,0
8.799182735535252,1.0,1.0,1.0,84.24919501248395,386.2793998481828,0.15384615384615385,18.283552878530106,59.427599976643506,7062.559833011124,0.12875979994939427,392.3644351672847,6.1594279148746764,0.9688958852474097,0.47831440239465167,7.128323800122086,12.0,11.0,47.68208925542374,36.56710575706021,1.5,0
8.913674763732304,1.0,1.0,1.0,250.82802793570622,1377.5106818649745,0.2,22.845632945343816,275.5021363729949,31470.103416177484,0.4591702272883248,1748.339078676527,6.239572334612613,0.6573896683230972,0.8906396966272422,6.896962002935711,9.0,35.0,68.06296437295569,182.76506356275053,1.5,0
12.816481503931117,1.8050508868843196,1.6995934840946652,1.0,159.31217368906562,803.6333920993351,0.13333333333333333,31.483054353876266,107.15111894657801,25300.833764053325,0.267877797366445,1405.6018757807403,8.971537052751781,0.8628212396619586,0.8016172036086088,9.83435829241374,14.0,18.0,73.85816901425862,85.45400467480701,2.7075763303264795,0
6.60735943861463,1.0,1.0,1.0,391.89389096335805,2295.706965369948,0.07692307692307693,63.11783976524858,176.59284348999603,144900.06438818548,0.765235655123316,8050.003577121415,4.62515160703024,1.163911324576542,0.883996422146167,5.789062931606782,25.0,32.0,225.26279398310177,166.63109698025627,1.5,0
10.588279152567031,1.2241501761364122,1.0,1.0364197128351214,201.23223937332466,987.424582914209,0.2,34.66664874806598,197.48491658284183,34230.70118109244,0.3291415276380697,1901.705621171802,7.411795406796921,2.228069035086755,0.6499826950972654,9.639864441883676,9.0,20.0,39.45454521568341,161.77769415764124,1.8362252642046184,0
3.2631830839447713,1.0,1.0,1.0,178.78145321432015,981.841477401383,0.09090909090909091,58.96934180106715,89.25831612739846,57898.545675346904,0.3272804924671277,3216.5858708526057,2.2842281587613398,0.4301639244930307,0.3306545436771345,2.7143920832543706,21.0,23.0,43.994386240452364,134.78706697386778,1.5,0
38.80078861974686,4.388424264810278,3.268479427977234,2.624566053320385,239.62031986456998,1187.1261045667754,0.2,40.90359144767654,237.4252209133551,48557.72117807112,0.39570870152225845,2697.651176559507,27.1605520338228,8.635695014495937,3.961933273344229,35.79624704831873,9.0,21.0,39.647206120373575,199.9731137441964,6.582636397215417,0
18.192033478734682,1.6115510670638948,1.5850926660721216,1.0,302.7219494364697,1765.7438359364678,0.07407407407407407,54.7184003122039,130.7958396989976,96618.67806357813,0.5885812786454893,5367.704336865452,12.734423435114277,1.1871835368407375,2.677231512736833,13.921606971955015,26.0,30.0,172.23961023044498,130.48233920602468,2.4173266005958425,0
2.5954265338124785,1.0,1.0,1.0,148.3989193240949,728.1772616298684,0.1,45.99406540877691,72.81772616298684,33491.832600588226,0.24272575387662282,1860.6573666993459,1.8167985736687349,0.6860585981380075,0.2997667539349682,2.5028571718067423,19.0,10.0,95.14263306130059,53.25628626279432,1.5,0
7.37579805592214,1.0,1.0,1.0,214.586203073011,1063.1021755242398,0.1111111111111111,65.4764157473909,118.12246394713775,69608.12002658086,0.35436739184141325,3867.1177792544922,5.163058639145498,1.874498612327216,0.5810950902053005,7.037557251472714,17.0,13.0,106.74269478319071,107.8435082898203,1.5,0
30.081841373266602,3.282115636025632,3.0629503633803465,2.4922841661242705,178.7960564312868,850.1551341612397,0.3333333333333333,15.19683314521432,283.38504472041325,12919.665721395655,0.28338504472041326,717.7592067442031,21.05728896128662,8.915477696153934,2.2284607330984443,29.972766657440552,5.0,21.0,45.06392475340075,133.73213167788603,4.923173454038448,0
10.468530528220079,1.0,1.0,1.0,362.6660875064896,2057.1963054454636,0.125,46.49330854142612,257.14953818068295,95645.86255935782,0.6857321018151545,5313.6590310754345,7.327971369754055,2.9743842720112865,0.6576835520094848,10.302355641765342,15.0,35.0,139.4982065076442,223.16788099884536,1.5,0
8.70302135742238,1.0,1.0,1.0,150.27793882995172,820.43213083188,0.07142857142857142,30.833635392526894,58.60229505942,25296.905186384112,0.27347737694396,1405.383621465784,6.092114950195665,1.2101489491310466,1.093547447931465,7.302263899326712,27.0,16.0,111.45039796528822,38.82754086466349,1.5,0
18.365773335554334,1.5952082683576407,1.460418584607731,1.413540975745853,168.5831460779825,850.399830698722,0.3333333333333333,12.50870778099879,283.4666102329073,10637.402979221157,0.2834666102329073,590.9668321789532,12.856041334888033,2.7515389671018426,2.1869166845247436,15.607580301989875,5.0,27.0,28.48561893079603,140.09752714718647,2.392812402536461,0
30.3354514130212,2.77629335155011,2.3721443210690705,2.4745307372709053,133.39011056333888,619.4444905942961,0.125,28.11962155077355,77.43056132428701,17418.544647223312,0.20648149686476536,967.6969248457395,21.23481598911484,7.174067667275689,3.3668623669878595,28.40888365639053,15.0,9.0,95.89728182897414,37.492828734364736,4.164440027325165,0
3.583632861087948,1.0,1.0,1.0,281.00655929087395,1378.868443088697,0.08695652173913043,96.19880445799588,119.90160374684321,132645.49572999077,0.459622814362899,7369.19420722171,2.5085430027615634,0.29930749997530726,0.193817358396094,2.8078505027368705,22.0,7.0,211.0437924123315,69.96276687854245,1.5,0
38.867334876429304,5.497896314861549,4.319317308138649,3.2856576648651155,344.82818399456914,1956.0121295168035,0.08695652173913043,47.44092738062112,170.08801126233072,92795.02939202075,0.6520040431722678,5155.279410667819,27.207134413500512,4.994595468624194,4.908279244176864,32.20172988212471,22.0,28.0,219.75664817293168,125.0715358216375,8.246844472292324,0
7.687903058030669,1.0,1.0,1.0,287.6768676136744,1597.9267217324596,0.07692307692307693,108.29285104850514,122.91744013326613,173044.04046299937,0.5326422405774865,9613.557803499965,5.381532140621467,0.6122279608707603,0.8778720996287024,5.993760101492228,25.0,21.0,97.08144976830533,190.59541784536904,1.5,1
19.658040455336824,1.4618918269604333,1.1676121917110789,1.0,378.6128758250451,2147.6532716266925,0.09523809523809523,71.70841819668213,204.53840682158975,154004.81894327942,0.7158844238755642,8555.823274626635,13.760628318735776,3.2184460773813997,2.877718659143321,16.979074396117177,20.0,30.0,156.31677941533047,222.29609640971458,2.19283774044065,0
19.249706833133015,1.3353828514352162,1.12611562441866,1.0,123.23087465200832,579.2392977155662,0.1111111111111111,35.717614066721914,64.35992196839624,20689.04568808363,0.19307976590518872,1149.391427115757,13.47479478319311,3.618965481263418,2.0928322268486435,17.093760264456527,17.0,8.0,85.41222446371454,37.81865018829379,2.003074277152824,0
10.670902643339184,1.069538605513458,1.0,1.0,124.28592175787459,597.4865377051847,0.16666666666666666,32.861658963257824,99.58108961753078,19634.398837205466,0.19916217923506155,1090.7999354003036,7.469631850337429,1.096863336440529,0.8578892525913999,8.566495186777958,11.0,16.0,22.713521325986765,101.57240043188783,1.604307908270187,0
5.880303079078425,1.0,1.0,1.0,53.991536095403845,186.78002710723698,0.3333333333333333,18.17559799915323,62.260009035745654,3394.838686972082,0.06226000903574566,188.60214927622678,4.116212155354898,0.33316575159443734,0.5183608017309773,4.449377906949335,5.0,5.0,10.370100897436094,43.62143519796775,1.5,0
14.25597535939249,1.7521130080946903,1.4003793126218607,1.2235599126479388,340.3642208161433,1880.0228613030376,0.09523809523809523,87.18217677160862,179.049796314575,163904.48542878687,0.6266742871010126,9105.804746043716,9.979182751574742,3.2765785209873113,0.9634768442746523,13.255761272562053,20.0,25.0,113.69056120996092,226.67365960618238,2.628169512142035,0
141.2309326590615,10.485209174963936,7.203893042140804,3.591687290617386,105.0458695213041,510.310837751146,0.3333333333333333,7.86588260428445,170.10361258371532,4014.045141444564,0.17010361258371534,223.00250785803132,98.86165286134305,7.767883640429489,17.27133105142951,106.62953650177253,5.0,23.0,29.533396520173383,75.51247300113072,15.727813762445905,0
3.9196013940613192,1.0,1.0,1.0,163.70633726597228,909.321395926549,0.09090909090909091,47.619369097582926,82.66558144786809,43301.31118095568,0.30310713197551636,2405.628398941982,2.7437209758429235,1.1498176254376935,0.4733787502259205,3.893538601280617,21.0,25.0,45.79170902433837,117.91462824163392,1.5,0
153.0516770598326,21.180167500540456,11.999482405152147,6.580189500837335,177.95347305953283,897.6674530209203,0.18181818181818182,22.39114776469318,163.21226418562188,20099.8045841472,0.2992224843403068,1116.6558102304,107.13617394188282,16.13192442625476,10.723565990085602,123.26809836813757,10.0,22.0,74.9541933419442,102.99927971758862,31.770251250810684,1
14.707162127772932,2.0747066231018803,2.0132400400662522,1.5554019604304221,42.466671232810654,161.6856897416437,0.2857142857142857,6.132940717594839,46.19591135475534,991.6087500689329,0.05389522991388123,55.0893750038296,10.295013489441052,3.176379679238066,0.9684509235449238,13.471393168679118,6.0,7.0,26.11216265255775,16.354508580252904,3.1120599346528204,0
20.95643377190331,3.0570922956392264,2.6757114481998445,2.0923190915603755,380.3545158953857,2228.1095255261175,0.09090909090909091,69.32624285924689,202.55541141146523,154466.46208362497,0.7427031751753725,8581.470115756943,14.669503640332316,3.325533128137408,1.2091965668713285,17.995036768469724,21.0,36.0,136.0620410580395,244.2924748373462,4.58563844345884,0
5.451806525605014,1.0,1.0,1.0,167.81337178835855,779.301165306336,0.18181818181818182,41.246615311708354,141.69112096478835,32143.53537735648,0.259767055102112,1785.7519654086932,3.8162645679235094,0.3539229115787215,0.7697818573400205,4.170187479502231,10.0,14.0,44.073525853233505,123.73984593512506,1.5,0
7.960379702096468,1.1192197590376576,1.0,1.0,156.06664829065895,819.0264574954724,0.10526315789473684,43.19968812726542,86.21331131531288,35381.68753178341,0.27300881916515746,1965.6493073213007,5.572265791467527,1.337709184583753,0.5835514224363726,6.90997497605128,18.0,19.0,60.06734134118024,95.99930694947871,1.6788296385564863,0
10.984755192311958,1.0,1.0,1.0,186.94516603226282,934.7258301613141,0.08695652173913043,78.41084684274682,81.28050697054906,73292.64390873817,0.31157527672043805,4071.813550485454,7.68932863461837,1.9683600248091455,0.9272929683647253,9.657688659427516,22.0,9.0,115.66257799340205,71.28258803886075,1.5,0
5.726852254095532,1.0,1.0,1.0,94.7546956536874,402.51107869527203,0.18181818181818182,31.207125816915195,73.18383249004947,12561.213875545607,0.13417035956509069,697.8452153080893,4.008796577866872,1.510003726905838,0.4469834003133357,5.51880030477271,10.0,8.0,38.58186918324006,56.172826470447355,1.5,0
15.631661662379493,1.0,1.0,1.0,248.06378570115504,1377.8923385605863,0.13333333333333333,33.974622242529016,183.71897847474483,46813.37169347081,0.4592974461868621,2600.7428718594897,10.942163163665644,3.6435413019925584,1.4281470674437802,14.585704465658202,14.0,32.0,87.89770941494682,160.1660762862082,1.5,0
12.324398676725393,1.4873631001712686,1.1949086129378033,1.1493416717216074,125.56541795167853,654.1271891549775,0.06896551724137931,38.9321755938998,45.112219941722586,25466.59458892569,0.21804239638499248,1414.8108104958717,8.627079073707774,0.8605587625641906,1.4962421416589529,9.487637836271965,28.0,8.0,100.53759078417151,25.027827167507013,2.231044650256903,0
185.10761727039795,26.608612604058184,19.327839652791738,8.529951715863755,279.2966775114014,1506.0563402689506,0.08695652173913043,80.19947409207087,130.96142089295222,120784.92644259878,0.5020187800896502,6710.273691255487,129.57533208927856,18.93478235152718,25.370769200028356,148.51011444080575,22.0,19.0,133.47945188945437,145.81722562194705,39.91291890608728,1
4.957149991894041,1.0,1.0,1.0,227.93431392849067,1169.1396054124098,0.14285714285714285,54.82659838562885,167.01994363034424,64099.947602678774,0.3897132018041366,3561.1082001488207,3.4700049943258287,0.634376007414197,0.33837443856922855,4.104381001740026,13.0,21.0,42.36736554636222,185.56694838212843,1.5,0
22.71961435956734,2.583091958228635,1.8410449779090028,2.1983946641345473,140.8214236851189,608.6200673867521,0.15384615384615385,39.30588868086266,93.6338565210388,23922.35261764281,0.20287335579558405,1329.019589869045,15.903730051697138,1.7971651542208984,2.6954830921229718,17.700895205918037,12.0,7.0,88.41357211063536,52.407851574483544,3.8746379373429525,0
27.04265781399709,3.3707584747551733,1.9446966914963453,2.146614357200195,142.44341086933912,691.9873828843977,0.13333333333333333,14.001115432219825,92.26498438458636,9688.59522540415,0.2306624609614659,538.2552903002305,18.929860469797962,4.441074198268295,2.305554627783184,23.370934668066255,14.0,14.0,112.4410206574395,30.002390211899623,5.0561377121327595,0
5.560095818281123,1.0,1.0,1.0,161.25253654244298,905.386204313402,0.09090909090909091,37.76486444567029,82.30783675576382,34191.78727687558,0.30179540143780065,1899.5437376041987,3.892067072796786,1.6462181449166713,0.8231872917301369,5.538285217713457,21.0,27.0,60.54623135398887,100.70630518845411,1.5,0
45.795827966817484,5.252141352107844,3.261684803515401,1.7170325605015044,211.27379833956687,1192.3989344959814,0.07142857142857142,33.00367148188138,85.17135246399867,39353.54270945077,0.39746631149866046,2186.3079283028205,32.05707957677224,8.181571112602946,3.658716437796804,40.238650689375184,27.0,22.0,155.04532100006526,56.228477339501616,7.878212028161766,0
12.453573184969027,1.831041060418788,1.5725825748833995,1.1666889835304368,58.48518003543896,233.94072014175583,0.18181818181818182,27.346203319207557,42.53467638941015,6397.390497638289,0.07798024004725194,355.41058320212716,8.717501229478318,2.9324496287074764,0.6316364596544661,11.649950858185793,10.0,5.0,25.669736052389887,32.81544398304907,2.7465615906281817,0
1.009174245863077,1.0,1.0,1.0,436.15930795625707,2555.0129368557477,0.10526315789473684,70.65473305459695,268.94873019534185,180523.75700458462,0.8516709789519159,10029.097611365813,1.0,0.22275952153431094,0.10249577048498724,1.222759521534311,18.0,39.0,122.13827215804835,314.0210357982087,1.5,0
44.33699962867464,3.7683281086222884,2.5040777946177855,2.8778112971235545,207.95826634859088,1238.2243422072308,0.07407407407407407,36.45856224805334,91.72032164498006,45143.879257417226,0.41274144740241026,2507.9932920787346,31.035899740072246,11.637480726955344,2.8851463841909295,42.67338046702759,26.0,35.0,106.99609396936624,100.96217237922464,5.652492162933433,0
5.2575804954776695,1.0,1.0,1.0,205.27939984618664,1026.3969992309333,0.07407407407407407,94.3226111180934,76.0294073504395,96812.44501123733,0.34213233307697777,5378.469167290963,3.680306346834368,0.5464249287459713,0.28627232783367085,4.22673127558034,26.0,5.0,161.74588702245123,43.533512823735414,1.5,0
5.712576024813765,1.0,1.0,1.0,106.50538354089035,444.1194616153612,0.18181818181818182,28.19281424384191,80.74899302097477,12520.977483396955,0.14803982053845374,695.6098601887197,3.998803217369635,1.3622012585963332,0.6845204085696484,5.361004475965968,10.0,7.0,61.39688075074329,45.10850279014706,1.5,0
45.854920004186724,2.2992836658665876,1.6669341850555903,1.0,155.98144714499102,662.5978809139538,0.16666666666666666,36.18880696745641,110.43298015232563,23978.626809440742,0.22086596030465125,1332.145933857819,32.098444002930705,12.396364510082064,5.65051508238418,44.49480851301277,11.0,7.0,103.34318246505444,52.6382646799366,3.4489254987998814,0
13.242167175944976,1.6311331078854177,1.0,1.0,327.02059263278744,1740.3800795391467,0.11764705882352941,74.91264671466364,204.7505975928408,130376.4780477543,0.5801266931797155,7243.1376693196835,9.269517023161482,1.229898795852525,1.272173693745408,10.499415819014008,16.0,23.0,102.28265248879653,224.7379401439909,2.4466996618281263,0
60.42038697341103,7.562922802734315,5.895323051654146,2.902847272801221,134.73969576161778,721.8749271292861,0.25,9.068271562966833,180.46873178232153,6546.1578737052605,0.24062497570976205,363.67543742807004,42.29427088138772,8.259500429377834,7.110787834583521,50.553771310765555,7.0,33.0,46.647914864225676,88.0917808973921,11.344384204101473,0
85.81547181643894,10.700971404431264,8.901673970195963,3.502591664247077,360.9220234409179,2015.7359666019283,0.10526315789473684,80.12519199925413,212.18273332651876,161511.2313437816,0.6719119888673094,8972.846185765644,60.070830271507255,25.10320874484015,8.909700810976704,85.17403901634741,18.0,29.0,93.83805011007075,267.08397333084713,16.051457106646897,1
9.263536133327781,1.0,1.0,1.0,360.73495547429906,2164.409732845794,0.07407407407407407,38.08534668840924,160.32664687746623,82432.2950511993,0.721469910948598,4579.5719472888495,6.484475293329447,2.2713909125906326,1.0465953384855866,8.755866205920078,26.0,37.0,249.4085574620259,111.32639801227316,1.5,0
52.03491809989954,5.319474901813627,4.9767201780369446,4.129937305467584,358.7433322889723,2092.51040055653,0.08333333333333333,57.41243932202845,174.37586671304416,120136.12640266522,0.6975034668521767,6674.229244592512,36.424442669929675,6.277893611713208,5.706690142466998,42.702336281642886,23.0,33.0,189.00220733688818,169.7411249520841,7.97921235272044,0
8.112832264774353,1.0,1.0,1.0,379.99282982488126,2225.9907753989,0.07142857142857142,115.11810890686485,158.99934109992142,256251.84850804711,0.7419969251329667,14236.213806002617,5.678982585342046,1.5494328592951525,0.9458124535238628,7.228415444637199,27.0,30.0,115.64754270541378,264.34528711946746,1.5,1
292.87300954937854,15.113313351400226,9.259643151448907,9.747678014387333,249.0738048754207,1209.995810468907,0.09523809523809523,82.22252350135952,115.23769623513398,99488.90896282626,0.403331936822969,5527.161609045903,205.01110668456496,44.247702587058576,20.490293364989558,249.25880927162353,20.0,8.0,175.07353372419715,74.00027115122356,22.66997002710034,1
8.744733159945522,1.0,1.0,1.0,168.96840068678887,829.1094562850162,0.16666666666666666,31.528756076197638,138.18490938083602,26140.789807679124,0.27636981876167205,1452.266100426618,6.121313211961865,1.508390339158878,0.6722134270504575,7.629703551120743,11.0,18.0,60.05087969628792,108.91752099050093,1.5,0
68.80696182604174,4.291907633982892,3.1518719443494647,2.162208103158487,312.88999607153045,1708.201537708213,0.15384615384615385,39.25086567980727,262.8002365704943,67048.3891106253,0.5694005125694044,3724.91050614585,48.164873278229216,9.549824734532365,6.4676008546061725,57.71469801276158,12.0,31.0,103.55204577922501,209.33795029230544,6.437861450974339,0
55.28756567403928,3.206907279936223,2.4042113312430127,1.6585240724036245,472.4399110608293,2790.6508676353374,0.08695652173913043,82.09809793297111,242.66529283785542,229107.12822785674,0.9302169558784458,12728.173790436485,38.70129597182749,6.625261291650086,5.230911445681132,45.326557263477575,22.0,37.0,188.82830001965635,283.6116110411729,4.810360919904334,0
29.35037686395117,3.684937081859042,2.0785900683504015,1.8003204477499692,327.0316863671468,1899.1890734930485,0.06666666666666667,120.94815348345874,126.61260489953656,229703.41155494502,0.6330630244976828,12761.30064194139,20.545263804765817,6.4186562328735635,3.740446401490868,26.96392003763938,29.0,26.0,101.81788332898222,225.21380303816454,5.527405622788563,1
8.983128494226289,1.0,1.0,1.0,150.15981936227575,697.3206066009587,0.1111111111111111,22.104914587491137,77.48006740010652,15414.212449011702,0.23244020220031958,856.3451360562057,6.288189945958402,2.197591715473004,0.7791908695936016,8.485781661431407,17.0,7.0,129.35519386816645,20.804625494109306,1.5,0
16.74873963335817,2.443655254487369,1.975761552641832,1.0,337.1035644388194,1930.9024020552768,0.07692307692307693,102.22096900781838,148.53095400425207,197378.7145976145,0.6436341340184256,10965.484144311917,11.724117743350718,4.496857056571439,1.109612636459257,16.220974799922157,25.0,27.0,108.12859386130623,228.97497057751318,3.6654828817310534,1
1.5154224795366842,1.0,1.0,1.0,203.19446778156086,1073.9644908731955,0.14285714285714285,36.56380752558084,153.42349869617078,39268.23093359594,0.3579881636243985,2181.5683851997746,1.0607957356756788,0.13461875503175438,0.1138788424289027,1.195414490707433,13.0,25.0,56.93923767923749,146.25523010232337,1.5,0
26.29303423344458,3.899300178131755,2.678817988297913,2.564639399983447,212.52564443398953,1146.0057352686856,0.13333333333333333,37.83366495584112,152.80076470249142,43357.59702562781,0.38200191175622855,2408.755390312656,18.405123963411203,6.723493824768048,1.879251244597826,25.128617788179252,14.0,27.0,61.190984610625044,151.3346598233645,5.848950267197632,0
30.55530735084369,1.7049787327928285,1.5433552164750608,1.4755377308691098,238.24323363979755,1212.0535983217928,0.07692307692307693,59.902200177510956,93.23489217859945,72604.67727254449,0.40401786610726426,4033.593181808027,21.38871514559058,3.4741447438284476,3.7633750440113807,24.862859889419028,25.0,8.0,195.11364951198965,43.12958412780789,2.5574680991892427,0
23.57529408473274,2.55445277640117,2.003144450801654,1.7003580802395897,255.48474207639634,1463.3962799681938,0.07142857142857142,78.84120308324289,104.52830571201383,115375.92330023453,0.4877987599893979,6409.773516679696,16.50270585931292,3.6974099705460017,2.2876041776873763,20.20011582985892,27.0,25.0,103.6424250271878,151.84231704920853,3.8316791646017547,0
1.0,1.0,1.0,1.0,360.7083618160824,2025.2727899434283,0.14285714285714285,60.4164446438383,289.32468427763257,122359.78140228908,0.6750909299811427,6797.765633460504,1.0,0.27536092146231167,0.12086306979709834,1.2753609214623116,13.0,35.0,26.094206865593385,334.614154950489,1.5,0
4.398379888200924,1.0,1.0,1.0,306.3567562877906,1682.4663006006183,0.1,58.33027570404185,168.24663006006185,98138.72317679343,0.5608221002002061,5452.151287599635,3.0788659217406464,0.7196888688292397,0.40298822170182175,3.798554790569886,19.0,25.0,146.71600172936024,159.64075455843033,1.5,0
8.184898586501648,1.0,1.0,1.0,369.6300799994974,2136.9644534159916,0.08,111.77907452251098,170.95715627327934,238867.90889034307,0.7123214844719972,13270.439382796838,5.729429010551153,0.8124811896376681,1.1374844968545228,6.541910200188822,24.0,30.0,80.86747081634405,288.76260918315336,1.5,1
28.502469134691317,2.1675773749398215,1.6446120006751737,1.5845758823431522,151.26567572685593,835.5253317021181,0.2857142857142857,10.06878905640599,238.7215233434623,8412.728316192271,0.27850844390070606,467.3737953440151,19.951728394283922,2.5642863096097055,4.2283991781555,22.516014703893628,6.0,39.0,17.015154974776063,134.25052075207986,3.2513660624097325,0
28.423227675067192,3.858604161256026,3.556400461281532,3.0655162093464146,331.31019923633175,1940.8088506183608,0.06666666666666667,109.10322962925491,129.3872567078907,211748.5136955053,0.6469362835394536,11763.806316416962,19.896259372547032,4.782092705294473,3.3250699968826103,24.678352077841506,29.0,28.0,113.10373997782195,218.20645925850982,5.7879062418840395,1
16.37460157020208,1.4322095887967594,1.028517781270269,1.0,213.1352156689374,1075.1380285485836,0.1111111111111111,67.71777058630764,119.45978094984262,72805.95036586806,0.3583793428495279,4044.7750203260034,11.462221099141455,3.9408443463091816,2.23318872411815,15.403065445450636,17.0,15.0,85.66647103588774,127.46874463304968,2.1483143831951392,0
43.04709048016979,2.2248170683204127,1.5944619069522403,1.1161424185931101,280.13351519111717,1490.8504248151623,0.2857142857142857,21.64323630638855,425.9572642329035,32266.828041754314,0.49695014160505413,1792.6015578752397,30.132963336118852,12.884049538996612,4.338859454992893,43.01701287511546,6.0,33.0,34.843503718713634,245.29001147240353,3.3372256024806193,0
5.862107318655275,1.0,1.0,1.0,102.18853518381033,506.2620639714725,0.08333333333333333,68.9822435582365,42.18850533095604,34923.09300117563,0.16875402132382417,1940.171833398646,4.103475123058692,1.447073836807039,0.8409901327734024,5.550548959865731,23.0,7.0,54.20088749112407,47.98764769268626,1.5,0
41.774328779369625,4.822939284876691,3.8009232731154485,2.755363412108572,91.1800312095606,326.87699270085943,0.2857142857142857,16.296255621723645,93.39342648595984,5326.871029913499,0.10895899756695314,295.9372794396388,29.242030145558736,11.247862918047925,5.562613165066208,40.48989306360666,6.0,5.0,58.587519966113305,32.59251124344729,7.2344089273150365,0
35.505603383268195,2.678399059324451,2.097442367603777,2.225853354167308,258.5107397859753,1280.7129532430604,0.25,29.809967949195006,320.1782383107651,38178.01208829451,0.4269043177476868,2121.0006715719173,24.853922368287733,8.41333997029521,5.296649830478327,33.267262338582945,7.0,23.0,54.09953099149526,204.41120879448005,4.017598588986676,0
31.597110590586507,2.9448115026912154,1.858043382477237,1.4933853556177084,268.7580174361629,1400.0823584725829,0.18181818181818182,41.278239298188154,254.5604288131969,57792.93463020292,0.466694119490861,3210.718590566829,22.117977413410554,8.653146005850239,3.5486516958746774,30.771123419260793,10.0,26.0,45.85552522594689,222.902492210216,4.417217254036823,0
16.144048740197313,1.0,1.0,1.0,85.45662225798858,401.6837014396296,0.25,9.875448182895903,100.4209253599074,3966.806579480891,0.13389456714654321,220.37814330449393,11.300834118138118,1.1151241074654084,2.0651575963679205,12.415958225603527,7.0,18.0,31.84704640798225,53.60957585000633,1.5,0
180.7098289377255,19.66290622228594,15.493489867773533,16.04926401793479,236.4333881417139,1192.6631927620563,0.13333333333333333,58.28296622563816,159.02175903494083,69511.9485823127,0.3975543975873521,3861.7749212395947,126.49688025640783,51.047436490825945,18.845652318006692,177.54431674723378,14.0,18.0,78.23676552926744,158.19662261244645,29.49435933342891,1
36.300620187786805,4.56042848749007,3.185120619069713,2.7783252140365087,302.5298194093902,1698.6171551762993,0.06896551724137931,70.8339860736472,117.14601070181375,120319.8239142162,0.5662057183920998,6684.4346619009,25.410434131450764,5.412478316013459,2.7556530582070033,30.822912447464223,28.0,20.0,196.2788402989194,106.2509791104708,6.840642731235104,0
6.283938691724669,1.0,1.0,1.0,180.8041070058774,1009.7841576042006,0.18181818181818182,19.617666010363155,183.59711956440012,19809.608346435118,0.3365947192014002,1100.5337970241733,4.398757084207268,1.7620387537151745,0.5371229091814025,6.160795837922442,10.0,37.0,31.70984532711742,149.09426167875998,1.5,0
27.057563306399025,2.4899252718639757,2.342883936258362,2.0329759836958714,247.0973650231236,1357.0224291971451,0.07142857142857142,114.21639393742042,96.93017351408179,154994.20835509634,0.4523408097323817,8610.789353060907,18.940294314479317,1.8651646763031982,3.7718389758555615,20.805458990782515,27.0,17.0,94.8088397732297,152.2885252498939,3.7348879077959634,1
49.549890579503206,2.914933343471936,2.549963707113136,1.732391648013606,264.8087076064871,1379.5086130884667,0.09523809523809523,51.35245550183466,131.38177267509207,70841.15466802314,0.45983620436282224,3935.6197037790635,34.68492340565224,11.337547094753306,2.754715992186114,46.02247050040555,20.0,16.0,177.50953325336815,87.29917435311893,4.372400015207903,0
9.91719065701889,1.0,1.0,1.0,398.3267755057019,2343.214237303332,0.09090909090909091,86.56309097551437,213.01947611848473,202835.86719880885,0.781071412434444,11268.659288822713,6.942033459913223,2.3198509290474623,1.0824414128501165,9.261884388960686,21.0,37.0,85.05082721336419,313.2759482923377,1.5,1
74.22690580088609,4.859452205544211,3.5524048644771966,1.7075473579481442,267.92334876636266,1588.9830081335504,0.08333333333333333,45.99015513414986,132.41525067779585,73077.57504959009,0.5296610027111834,4059.8652805327824,51.958834060620255,22.21074795799014,6.47617900934597,74.1695820186104,23.0,37.0,115.95587962743267,151.96746913892997,7.289178308316316,0
31.767394921627847,3.1185663036802715,1.8475905450307974,1.2698147958997927,129.82856450867206,695.5632860401242,0.25,6.9009027351214485,173.89082151003106,4800.014583084356,0.2318544286800414,266.66747683801975,22.237176445139493,7.69450200147599,2.8167912028882998,29.931678446615482,7.0,33.0,62.79122365320656,67.0373408554655,4.677849455520407,0
1.2080723556759247,1.0,1.0,1.0,214.38707986338076,1071.9353993169038,0.08695652173913043,59.0403680779132,93.2117738536438,63287.46053141487,0.35731179977230126,3515.9700295230487,1.0,0.17594779728487828,0.16726621989333368,1.1759477972848782,22.0,9.0,160.71401797436877,53.673061889012,1.5,0
28.77786090084539,4.169739755175109,3.6984774355725363,2.4889320066539273,80.08890591349932,357.1509993327265,0.16666666666666666,14.009130265715369,59.52516655545441,5003.374874182588,0.11905033311090883,277.96527078792155,20.14450263059177,5.447998371461285,3.896011197914351,25.592501002053055,11.0,10.0,52.07064538206858,28.01826053143074,6.254609632762664,0
12.339000453931392,1.0,1.0,1.0,378.33002030233524,2124.213289315828,0.14285714285714285,50.77678441820377,303.4590413308326,107860.72024987332,0.7080710964386094,5992.262236104074,8.637300317751974,1.7476680708032035,1.3558616570987738,10.384968388555178,13.0,35.0,97.10475275536056,281.2252675469747,1.5,0
38.26806657237803,4.208982081752383,3.961219334134876,3.7139678231988174,135.9511991243371,746.6240138607229,0.08,48.09829815491753,59.72992110885784,35911.34442829433,0.24887467128690763,1995.074690460796,26.787646600664623,3.7887169706073185,2.9578109907514745,30.57636357127194,24.0,20.0,51.77917735323143,84.17202177110566,6.313473122628575,0
62.36834208798538,6.402101130522096,3.674521591868307,5.190300240783567,320.3830415304288,1826.3242149589032,0.11764705882352941,43.16017356643867,214.86167234810625,78824.47010621612,0.6087747383196344,4379.137228123118,43.65783946158977,6.9930866472298625,6.08375950893294,50.65092610881963,16.0,35.0,126.16226048145475,194.22078104897403,9.603151695783144,0
25.385914083873512,2.5798006113387575,1.9456173802035095,1.2624494243261424,131.25694201840983,693.7457325851768,0.2,11.728768065186086,138.74914651703537,8136.782793704148,0.23124857752839229,452.0434885391194,17.770139858711456,2.6782807913943674,2.3057858057682927,20.448420650105824,9.0,29.0,53.065154917169245,78.19178710124058,3.869700917008136,0
148.16146824854204,20.344929615776124,16.753700460506053,17.871331519494603,218.38933778831662,1199.362160938154,0.25,14.631025826088255,299.8405402345385,17547.898751519147,0.39978738697938465,974.8832639732859,103.71302777397942,27.7363946909996,12.647330053006854,131.44942246497902,7.0,37.0,59.53820024792984,158.8511375403868,30.517394423664186,1
16.208758406554445,1.1435902618033034,1.0,1.0,284.839191323942,1436.8411416773104,0.125,58.45111378465241,179.6051427096638,83984.96506265034,0.47894704722577014,4665.831392369463,11.34613088458811,4.482372620992106,0.9770405813790364,15.828503505580215,15.0,17.0,144.5565182407762,140.28267308316578,1.7153853927049552,0
42.51178738302114,2.2989238461220545,2.171594375899886,1.2316808117992182,317.76078961579964,1734.7933019916507,0.06666666666666667,43.47858459529112,115.65288679944338,75426.35733598839,0.5782644339972168,4190.353185332689,29.758251168114793,11.825999435924105,4.434463576831849,41.5842506040389,29.0,14.0,272.7829434827399,44.97784613305978,3.4483857691830817,0
52.769379478434246,6.186004003810493,6.153723213614701,4.460139508647844,275.15670447358025,1433.416020195263,0.2222222222222222,27.719136785163922,318.53689337672506,39733.05473383779,0.4778053400650876,2207.391929657655,36.938565634903966,3.3609316134049214,4.231214003522408,40.29949724830889,8.0,28.0,74.1929627811418,200.96374169243845,9.27900600571574,0
17.87109918457651,1.5103892868159268,1.0,1.0,185.627932341344,851.0971088714662,0.2,39.22550865423124,170.21942177429324,33384.71700962888,0.2836990362904887,1854.706500534938,12.509769429203557,1.2505274890287097,2.074491388230209,13.760296918232266,9.0,14.0,54.87623682723987,130.75169551410414,2.2655839302238903,0
51.138066929720196,2.646854777742435,1.4954132682447467,1.0261665647628884,284.7599772977192,1525.6163872063955,0.3333333333333333,18.08015921751123,508.53879573546516,27583.387185535896,0.5085387957354651,1532.4103991964387,35.79664685080414,5.690632034343313,4.18925056993362,41.48727888514745,5.0,35.0,24.40568456555752,260.3542927321617,3.9702821666136527,0
9.839377190428534,1.0,1.0,1.0,270.14516689634127,1437.6931534036742,0.08695652173913043,88.18269151006507,125.01679594814557,126779.65183272885,0.47923105113455805,7043.313990707158,6.887564033299974,1.1193753992292623,0.9162068834910325,8.006939432529236,22.0,17.0,125.84621715259841,144.29894974374284,1.5,0
12.096521079534496,1.0,1.0,1.0,140.40909966512947,643.770456724638,0.11764705882352941,20.102411241019283,75.73770079113389,12941.338465897481,0.214590152241546,718.9632481054156,8.467564755674147,0.8917832811020358,0.6681638909942212,9.359348036776183,16.0,7.0,120.30668842411018,20.102411241019283,1.5,0
4.157914271907559,1.0,1.0,1.0,306.44617275910593,1779.6416897183085,0.1111111111111111,33.176693292033555,197.73796552425648,59042.62650950067,0.5932138965727695,3280.1459171944816,2.9105399903352906,0.6116950311898638,0.6205845342225346,3.5222350215251543,17.0,38.0,154.2236976544814,152.22247510462455,1.5,0
26.83456887276286,1.8048549813257089,1.564190800295327,1.083634902151461,340.5285216856037,1880.9303873349363,0.14285714285714285,57.71250454934374,268.704341047848,108553.2035360664,0.6269767957783121,6030.733529781467,18.784198210934,5.28456782574963,2.7038790226908684,24.06876603668363,13.0,32.0,47.526575512012435,293.0019461735913,2.707282471988563,0
29.674913068089687,2.7094808401958397,1.9040490136145478,2.284323439330081,233.65270451189016,1146.50825840789,0.2857142857142857,22.197429113216053,327.57378811654,25449.535793725932,0.38216941946929667,1413.8630996514407,20.77243914766278,5.772973913915614,1.555670503384631,26.545413061578394,6.0,23.0,56.07327160616174,177.57943290572842,4.06422126029376,0
82.69141521515941,8.124228491305326,6.611524449042999,5.515919470300448,268.8366031993312,1400.4917473410105,0.2,30.88022568709809,280.0983494682021,43247.50123080876,0.4668305824470035,2402.6389572671533,57.88399065061158,15.368813114056977,8.610083673837172,73.25280376466856,9.0,27.0,76.69297670183201,192.1436264974992,12.18634273695799,0
51.90255432422087,4.9786870815098645,4.40578459449016,2.682962542314711,430.2892380672895,2476.2661584688854,0.1111111111111111,60.45678297367356,275.14068427432056,149707.08572760574,0.8254220528229618,8317.060318200318,36.331788026954605,6.989612211101487,7.112487289237481,43.32140023805609,17.0,36.0,167.1244180642399,263.1648200030496,7.468030622264797,0
14.271225853274933,2.103494157545085,1.6283315613404845,1.0,271.17155911050145,1423.088685919394,0.09523809523809523,50.184041880795284,135.53225580184704,71416.34221426479,0.4743628953064647,3967.574567459155,9.989858097292453,3.234058452784508,1.8160878918180026,13.22391655007696,20.0,17.0,180.84028372506992,90.33127538543151,3.1552412363176274,0
4.885073713760793,1.0,1.0,1.0,171.9787357095304,1007.4481653524966,0.09523809523809523,22.944411304954038,95.94744431928538,23115.30507426903,0.3358160551174989,1284.1836152371682,3.419551599632555,1.2536124294210542,0.5866517675320432,4.673164029053609,20.0,37.0,84.78997275070506,87.18876295882535,1.5,0
33.76485548601348,4.899173113036833,2.6657241735615793,4.34558683226258,394.20435293056823,2391.2787641435207,0.06896551724137931,112.88674879623133,164.91577683748417,269943.6851496321,0.7970929213811736,14996.871397201783,23.635398840209437,4.6112179158344295,2.159143165094994,28.246616756043867,28.0,38.0,79.73412414106669,314.47022878950156,7.348759669555249,1
76.16513460720175,8.24058935403964,5.812836505746489,4.634654445963808,295.1846179512737,1621.1105580845947,0.25,25.319655597871225,405.27763952114867,41045.96101677475,0.5403701860281982,2280.3311675985974,53.315594225041224,5.4369597690398095,8.81792004608294,58.75255399408103,7.0,37.0,20.28550003152896,274.89911791974475,12.36088403105946,0
49.710787833097626,6.441164552833002,4.978302502965788,3.755866743337049,164.6163716803976,851.0542955972078,0.07407407407407407,67.65449784095104,63.0410589331265,57577.6510040134,0.28368476519906927,3198.7583891118556,34.797551483168334,6.168241951793838,6.294869000276313,40.96579343496217,26.0,9.0,112.57445026428142,52.04192141611618,9.661746829249504,0
73.8010552163509,6.866395697508966,5.019269425598221,4.114061539915071,119.69429679563294,478.77718718253175,0.2222222222222222,32.19326923031121,106.39493048500705,15413.40288829835,0.15959239572751058,856.3001604610195,51.66073865144563,6.224540676137104,7.914565855478496,57.88527932758273,8.0,7.0,55.30775833501051,64.38653846062242,10.299593546263448,0
15.576020163023722,1.4856998070714553,1.4119957254824194,1.2338178479165895,178.1004896503494,846.8477923676405,0.125,32.23878157418044,105.85597404595507,27301.341004717277,0.2822825974558802,1516.7411669287376,10.903214114116604,2.598698247815104,2.1693486576440213,13.501912361931709,15.0,11.0,126.5184391316607,51.5820505186887,2.228549710607183,0
11.473697457666264,1.5825974945049563,1.5086353007946272,1.048244482188808,370.1661370158148,2149.6861377778414,0.07142857142857142,56.75961912259508,153.54900984127437,122015.36641339274,0.7165620459259471,6778.631467410708,8.031588220366384,1.0209730601873361,0.8914945683897905,9.05256128055372,27.0,28.0,248.23806630801798,121.92807070779685,2.3738962417574347,0
8.29554295603994,1.158003457780745,1.0548933132563119,1.0,359.36212296569363,1973.5639877127498,0.10526315789473684,77.8472118721747,207.74357765397366,153636.4538947684,0.6578546625709166,8535.358549709355,5.806880069227957,1.3746642900844086,0.6156493236284316,7.181544359312365,18.0,26.0,125.82048734916953,233.5416356165241,1.7370051866711176,0
18.782474733845074,1.3874405251655628,1.0,1.0,240.46468694183184,1233.411434905726,0.25,28.268666678492604,308.3528587264315,34866.896730791246,0.41113714496857534,1937.0498183772916,13.14773231369155,1.9768690469908488,2.5723909130623888,15.1246013606824,7.0,27.0,14.315353513891008,226.14933342794083,2.0811607877483445,0
18.277870116763303,1.2780652236971226,1.0974101622282038,1.0,277.88519273931513,1606.554258288112,0.09523809523809523,59.44985957038565,153.00516745601064,95509.42504743332,0.5355180860960373,5306.079169301851,12.794509081734311,4.289501305051859,2.0569882915031394,17.08401038678617,20.0,34.0,69.81068424296537,208.07450849634978,1.9170978355456838,0
25.739149360568412,2.564224593849051,1.788916493694244,2.2016015639000104,139.75236454608213,784.6689769552646,0.07407407407407407,37.87482973389395,58.123627922612194,29719.2038996494,0.26155632565175485,1651.0668833138557,18.01740455239789,1.4643532351489088,1.2906824905431888,19.481757787546798,26.0,22.0,72.74305040150054,67.0093141445816,3.8463368907735767,0
17.198859122932205,2.4083167322647485,1.484237894247873,2.0939750646833963,227.16590406842465,1319.2330311154312,0.1,34.39014988995632,131.92330311154313,45368.62167984109,0.43974434370514376,2520.478982213394,12.039201386052543,3.2451938382897687,1.4672886908330318,15.284395224342312,19.0,36.0,93.22532028648952,133.94058378193512,3.6124750983971228,0
17.10972002150148,1.4070265406435376,1.0,1.223398084509197,163.89937444295452,770.3991294101425,0.13333333333333333,46.51970350765208,102.71988392135232,35838.73908271312,0.2567997098033808,1991.0410601507288,11.976804015051036,1.5804602337774345,2.3232535746808964,13.55726424882847,14.0,11.0,84.15131128697953,79.74806315597499,2.1105398109653066,0
7.908729397373005,1.0,1.0,1.0,218.48551297293218,1239.3427606413024,0.14285714285714285,32.15314056855137,177.04896580590034,39848.76199551632,0.4131142535471008,2213.820110862018,5.536110578161103,0.39739756679093763,0.4170427323529432,5.93350814495204,13.0,37.0,30.51330657217033,187.97220640076185,1.5,0
62.17436747035151,7.511606699350951,5.001894429342114,5.927748105483278,150.04342689542858,696.7800967233474,0.125,58.66955234996246,87.09751209041842,40879.776361122334,0.23226003224111577,2271.0986867290185,43.52205722924606,16.61920979366838,3.128912162042415,60.141267022914434,15.0,9.0,71.81735709547864,78.22606979994994,11.267410049026427,0
22.017149550130945,2.81527713229382,2.0561970802157736,2.0009797025388476,375.85723032909584,2152.8803175974995,0.09523809523809523,93.08741890577097,205.03622072357138,200406.07197818768,0.7176267725324998,11133.67066545487,15.412004685091661,4.7971394103492795,1.7201102636920982,20.20914409544094,20.0,32.0,68.66874794005162,307.1884823890442,4.22291569844073,1
16.29188740754186,1.7333337478578341,1.6947505141074235,1.3982906493973586,201.81300344738605,959.5981278660489,0.13333333333333333,54.56830875267269,127.94641704880652,52363.64691988125,0.3198660426220163,2909.0914955489584,11.404321185279302,1.2175856995349874,2.3036729397215177,12.62190688481429,14.0,12.0,100.47185862099388,101.34114482639215,2.600000621786751,0
8.191400595298894,1.0,1.0,1.0,215.3846623418138,1153.9345294933737,0.09090909090909091,50.078124755045465,104.90313904485215,57786.87732712386,0.3846448431644579,3210.3820737291035,5.733980416709226,1.7694907267567148,1.1480064295151549,7.503471143465941,21.0,19.0,119.99775804648912,95.38690429532468,1.5,0
4.062117005046232,1.0,1.0,1.0,203.61437850665035,1018.0718925332518,0.08333333333333333,84.94146799048089,84.83932437777098,86476.52107162151,0.33935729751108396,4804.251170645639,2.843481903532362,0.8242516081034541,0.4138330224134293,3.667733511635816,23.0,8.0,137.13844703583922,66.47593147081113,1.5,0
96.50135320141504,10.724492154807324,6.589440469219575,5.7347173315251005,215.36747456069392,1182.7665320148494,0.2857142857142857,14.064482210391368,337.93329486138555,16634.998848569143,0.39425551067161646,924.1666026982857,67.55094724099052,16.244957871722715,10.163878330659799,83.79590511271324,6.0,38.0,32.529205825606134,182.83826873508778,16.086738232210987,0
39.07826576904719,4.801019785481067,2.858932621017367,4.238229589595819,300.17962146811664,1575.32089447761,0.06896551724137931,42.04368884677589,108.64282030880068,66232.30152124132,0.5251069648258699,3679.5723067356284,27.35478603833303,6.049883137477732,3.251343018822953,33.40466917581077,28.0,9.0,270.148415148991,30.03120631912564,7.2015296782216005,0
2.8613644426502387,1.0,1.0,1.0,184.26717566655145,1109.7247077318996,0.07142857142857142,29.801032806420164,79.26605055227854,33070.94242121337,0.3699082359106332,1837.2745789562982,2.002955109855167,0.7776256915718273,0.21281016394217533,2.780580801426994,27.0,37.0,100.38278702625766,83.88438864029379,1.5,0
50.187739352015754,5.871710455128688,4.910251246712589,4.818893677124006,82.5714877912994,330.2859511651976,0.2857142857142857,13.731480995638034,94.36741461862789,4535.315261551143,0.11009531705506587,251.96195897506348,35.13141754641102,5.585243198919802,6.600801160927264,40.71666074533083,6.0,9.0,36.799884472505966,45.771603318793446,8.807565682693031,0
60.762778408832226,4.604589142480989,2.404360471593459,1.6388970585150857,429.5634177932006,2411.8739505552576,0.18181818181818182,44.95923440050945,438.5225364645923,108436.00628749657,0.8039579835184192,6024.222571527587,42.53394488618255,9.088745353519995,3.6840160258953563,51.62269023970255,10.0,38.0,78.88138946922687,350.6820283239737,6.9068837137214825,0
23.31860049869793,1.7374617352661545,1.0607776083796028,1.0,265.8161530781219,1529.742057222455,0.08333333333333333,43.53558007115055,127.47850476853792,66598.20782041475,0.5099140190741517,3699.9004344674863,16.323020349088548,3.0845577327495195,2.3023722125162136,19.407578081838068,23.0,30.0,148.45937201675952,117.35678106136235,2.606192602899232,0
136.6923902830546,16.604328129522553,12.085324625687168,8.477704936008942,131.4465316260043,548.1221785801529,0.15384615384615385,18.260526597191358,84.32648901233122,10008.999620473352,0.18270739286005097,556.0555344707418,95.68467319813821,33.18894752609494,15.506347293120303,128.87362072423315,12.0,5.0,113.18600502881291,18.260526597191358,24.906492194283828,0
26.05119317849256,2.660855158588118,1.7708048767520004,1.0,113.23475817133848,452.93903268535394,0.25,30.35998398822145,113.23475817133848,13751.221779967858,0.15097967756178465,763.9567655537699,18.23583522494479,7.2713133424371845,1.5726591862504165,25.507148567381975,7.0,8.0,35.16622791591191,78.06853025542658,3.9912827378821767,0
3.66860604792269,1.0,1.0,1.0,168.77030311547975,947.5962822967917,0.10526315789473684,19.1615768953961,99.7469770838728,18157.439029021443,0.3158654274322639,1008.7466127234135,2.568024233545883,0.9628088722492412,0.37405367569547365,3.530833105795124,18.0,30.0,102.76931603133764,66.00098708414211,1.5,0
31.130959341904955,2.3953358371575555,1.809868565699069,1.0,385.1286936463683,2336.2250054633573,0.06666666666666667,116.98886814447353,155.74833369755714,273312.3191199747,0.7787416684877858,15184.017728887482,21.791671539333468,7.764870122355218,3.354427140403933,29.556541661688684,29.0,37.0,78.537177129817,306.5915165165513,3.5930037557363335,1
26.947129026604962,2.9607439635998203,1.717763108762417,2.3765576609404615,306.5653646676062,1795.8540799871907,0.09523809523809523,44.50671234192043,171.03372190354196,79927.56094605406,0.5986180266623969,4440.420052558558,18.86299031862347,7.995145447688627,3.348170165754033,26.858135766312095,20.0,37.0,137.43985776830857,169.12550689929762,4.44111594539973,0
9.73807813515962,1.0,1.0,1.0,49.127322597411535,204.85725075286823,0.3333333333333333,5.307469972978326,68.28575025095607,1087.2737071177396,0.06828575025095608,60.404094839874425,6.816654694611734,2.184115932607245,0.715589086313067,9.00077062721898,5.0,12.0,21.528478737924242,27.598843859487296,1.5,0
39.97565341801758,4.385170424026597,2.8348058645928793,2.1014637421312754,306.27989562335387,1728.5996847174222,0.07692307692307693,112.10904386012004,132.9692065167248,193791.65787057515,0.5761998949058074,10766.203215031952,27.982957392612303,9.50474918486097,3.1713785318532555,37.487706577473276,25.0,24.0,82.06180790311377,224.21808772024008,6.577755636039896,1
2.715026409435901,1.0,1.0,1.0,106.83652523618582,513.6010954497093,0.25,10.390462138922228,128.40027386242733,5336.552736779186,0.1712003651499031,296.47515204328806,1.9005184866051306,0.8028350331117456,0.2903778158558853,2.703353519716876,7.0,20.0,44.493752402652454,62.342772833533374,1.5,0
65.93571109116196,8.014162358464302,7.132267019071619,5.749172923166677,323.07639152816046,1841.677494260828,0.07407407407407407,80.17792837256954,136.4205551304317,147661.88622021803,0.6138924980869427,8203.438123345446,46.15499776381337,3.412021156153162,9.779099448021993,49.56701891996653,26.0,25.0,162.7205347830214,160.35585674513908,12.021243537696453,1
7.002407060084888,1.0,1.0,1.0,183.12641863852383,1048.933559090504,0.08695652173913043,44.62913250367761,91.21161383395687,46812.99479620426,0.3496445196968347,2600.7219331224587,4.901684942059421,1.4600865599025854,0.5024179328942346,6.361771501962006,22.0,30.0,57.35340885543237,125.77300978309147,1.5,0
6.159925293908064,1.0,1.0,1.0,166.69605243531845,893.0827698867615,0.14285714285714285,15.804667652403793,127.58325284096593,14114.87636414848,0.2976942566289205,784.1597980082489,4.311947705735645,1.4459986224846684,0.9153056569012622,5.757946328220314,13.0,27.0,98.61440716342517,68.08164527189327,1.5,0
17.521177168448336,1.4027814673933001,1.1333320577247028,1.0,122.68813272882295,618.8872952523438,0.18181818181818182,11.47529510364233,112.52496277315343,7101.914348915666,0.20629576508411462,394.55079716198145,12.264824017913835,4.896411463141109,2.127671066482989,17.161235481054945,10.0,22.0,69.90177525206823,52.786357476754716,2.10417220108995,0
33.76982031891552,3.921197105095534,2.617156528826302,1.6663546382320278,197.18360874741825,1178.6216258092056,0.07142857142857142,38.38345337781557,84.18725898637183,45239.568224332834,0.3928738752697352,2513.3093457962686,23.63887422324086,9.15030685149632,4.47815532195415,32.78918107473718,27.0,35.0,94.8277330732434,102.35587567417485,5.881795657643301,0
24.45192332220933,2.9234357007240535,2.453024629288351,2.140516606701349,185.02195020864943,997.6970857066046,0.07692307692307693,30.246307189588713,76.74592966973883,30176.652536439382,0.33256569523553486,1676.4806964688546,17.11634632554653,6.369485670571433,1.441786307852523,23.485831996117962,25.0,16.0,143.88697243080878,41.134977777840646,4.385153551086081,0
8.238423485762722,1.0,1.0,1.0,265.53724124382285,1362.015661878359,0.06666666666666667,97.68728450025922,90.80104412522392,133051.61145572012,0.45400522062611964,7391.756191984451,5.7668964400339044,2.3598784311366185,0.6594200470607121,8.126774871170523,29.0,5.0,225.11491662302592,40.42232462079692,1.5,0
10.942921956262403,1.2942177435550217,1.0,1.0,107.6763146591277,457.4011795867174,0.3333333333333333,13.660515185263687,152.46705986223913,6248.335759501875,0.15246705986223913,347.12976441677085,7.660045369383681,2.0172707263779626,0.6103264580396828,9.677316095761643,5.0,13.0,31.17742962165106,76.49888503747664,1.9413266153325326,0
5.156969924867098,1.0,1.0,1.0,162.2997723522569,818.7040172269403,0.07692307692307693,51.87805799303572,62.97723209438003,42472.77448483052,0.2729013390756468,2359.5985824905847,3.609878947406968,0.2667701774453942,0.44945416413396694,3.8766491248523622,25.0,7.0,129.09781523671404,33.20195711554286,1.5,0
15.338777789783615,1.37259616660494,1.0,1.0,224.5104457367474,1232.9783865777117,0.13333333333333333,36.22128287167007,164.39711821036155,44660.058914886664,0.4109927955259039,2481.1143841603703,10.73714445284853,0.8093291307924565,2.2721172935817817,11.546473583640985,14.0,30.0,64.10190730506568,160.40853843168173,2.05889424990741,0
72.96832606080747,5.507777847852708,5.182715485251733,2.2078705020897282,191.44196983107713,877.7542527396795,0.18181818181818182,43.78945017841173,159.59168231630537,38436.37611923321,0.2925847509132265,2135.3542288462895,51.077828242565225,13.583766351983906,4.416576215889551,64.66159459454913,10.0,13.0,68.83150933152429,122.61046049955283,8.261666771779062,0
19.983051211063167,1.3125541462181116,1.215470972363689,1.0,442.5677688731155,2471.7243931841776,0.07142857142857142,119.39161502449515,176.5517423702984,295103.16719769925,0.8239081310613926,16394.62039987218,13.988135847744216,3.173669420546223,2.1229449715363344,17.16180526829044,27.0,20.0,256.84747883501194,185.72029003810357,1.9688312193271673,1
56.33393494592186,6.718257650892325,5.06007830401875,4.1845216074649585,334.2948711285751,1835.8983230945948,0.11764705882352941,59.67214663378131,215.9880380111288,109551.99394041389,0.6119661076981983,6086.2218855785495,39.4337544621453,9.171799117535647,2.8508949543635462,48.60555357968095,16.0,28.0,117.98333958111787,216.31153154745724,10.077386476338487,0
115.17832796629493,6.832249253664738,5.0907186692277335,2.9358940215778713,184.17800018144726,875.7456712362246,0.2222222222222222,34.39879207341538,194.61014916360546,30124.593254048472,0.2919152237454082,1673.588514113804,80.62482957640644,17.28840343372369,13.967477910541316,97.91323301013013,8.0,18.0,20.783737832724192,163.39426234872306,10.248373880497107,0
9.918262722261325,1.42604016403922,1.0,1.0,128.55344593847718,596.9837156382677,0.1111111111111111,33.894057641463675,66.33152395980751,20234.200468858602,0.19899457187942254,1124.1222482699222,6.942783905582927,2.7714745565047454,0.6914940290986622,9.714258462087672,17.0,7.0,96.6531563935702,31.90028954490699,2.13906024605883,0
16.056473415562674,2.130190336569177,2.1239848702399726,1.8745508866536378,383.5156892003034,2265.3852178055918,0.09090909090909091,51.653870990216376,205.94411070959924,117015.91578367326,0.7551284059351973,6500.88421020407,11.239531390893871,2.244575969582144,1.0108907383193089,13.484107360476015,21.0,38.0,191.65845409378542,191.85723510651798,3.195285504853765,0
271.8992064981409,36.910473351104955,20.506893022587864,29.868240679413006,288.7271987057559,1629.534787571797,0.15384615384615385,40.367179867713396,250.69765962643032,65779.72387060687,0.5431782625239324,3654.429103922604,190.32944454869863,71.7968168368351,22.758447895132814,262.1262613855337,12.0,37.0,33.06839287690434,255.6588058288515,55.36571002665743,1
113.6600634799187,15.98820667643845,12.712344923625718,13.237724236520188,433.5563489249955,2483.376279213221,0.08,80.97608780465677,198.6701023370577,201094.09563757162,0.8277920930710737,11171.894202087313,79.5620444359431,31.33792061803134,14.446697558953332,110.89996505397443,24.0,28.0,237.86413673040832,195.69221219458717,23.982310014657674,1
2.699629574652711,1.0,1.0,1.0,143.24466919742704,629.1760562360389,0.25,19.024195788320863,157.29401405900973,11969.568479157982,0.20972535207867962,664.9760266198879,1.8897407022568975,0.4720989164527742,0.16376306281771025,2.3618396187096717,7.0,13.0,67.14788604414359,76.09678315328345,1.5,0
31.9629678914601,4.3044551979854955,4.163118429244377,2.9024268112308413,130.50860092098577,663.9576576490849,0.11764705882352941,39.32865217224962,78.1126656057747,26112.559774782454,0.22131921921636163,1450.697765265692,22.37407752402207,5.169514929016134,2.3327820388649183,27.543592453038205,16.0,17.0,42.01913353342411,88.48946738756165,6.456682796978243,0
20.09903875541194,1.3226399577998635,1.1772841389788982,1.0,163.4770271567782,681.6869427025133,0.16666666666666666,46.62165746638507,113.61449045041888,31781.375141983837,0.22722898090083776,1765.6319523324355,14.069327128788357,4.828897592218916,1.021964611583442,18.898224721007274,11.0,6.0,104.14037219956083,59.33665495721736,1.9839599366997953,0
54.149228886937856,2.824650093323438,2.321646577415554,1.0,172.73985065157092,830.4217712653249,0.11764705882352941,62.83925273223983,97.69667897239115,52183.083558896,0.2768072570884416,2899.0601977164447,37.9044602208565,12.29148924750251,7.951353250108643,50.19594946835901,16.0,11.0,78.48097155321116,94.25887909835974,4.236975139985157,0
8.215523538330013,1.0556055497058539,1.0,1.0,189.54207959725045,947.7103979862522,0.2857142857142857,15.807235335877966,270.7743994246435,14980.681291227256,0.3159034659954174,832.2600717348475,5.750866476831009,1.085548172807532,0.8972547883992065,6.836414649638541,6.0,25.0,52.546040019641396,136.99603957760905,1.5834083245587807,0
7.333625124118879,1.0,1.0,1.0,329.53968345985345,1878.5211002981916,0.06896551724137931,104.89605922371368,129.55317933090976,197049.46058987489,0.6261737000993972,10947.19225499305,5.133537586883215,0.5546936343840176,0.8946286622294316,5.688231221267233,28.0,23.0,149.71786764777283,179.8218158120806,1.5,0
8.923740003738065,1.3283207120367222,1.0,1.0,220.0214490637329,1228.8115423752781,0.10526315789473684,36.16149385037118,129.348583407924,44435.661032868746,0.40960384745842604,2468.6478351593746,6.2466180026166445,1.037055489835514,1.0274644064075718,7.2836734924521584,18.0,29.0,99.48313622916228,120.5383128345706,1.9924810680550833,0
10.111624924131775,1.1879100858340113,1.1173557892475716,1.0,256.75778278069345,1470.6881558578286,0.07407407407407407,35.06880956095333,108.93986339687619,51575.28286132785,0.4902293852859429,2865.2934922959917,7.078137446892241,0.8368090224924356,0.6515572733693775,7.914946469384677,26.0,26.0,183.92256292332885,72.83521985736462,1.7818651287510168,0
53.430887704140986,6.6972930710734,5.85886282107991,2.616365150768896,293.57884562994127,1593.0365427678782,0.07142857142857142,60.996141337214986,113.78832448341987,97169.08211801783,0.531012180922626,5398.28233988988,37.40162139289869,6.608496167659626,5.850361292316707,44.010117560558314,27.0,15.0,221.2871225636124,72.29172306632887,10.0459396066101,1
4.867393568199937,1.0,1.0,1.0,213.71276770479858,1187.0865569542468,0.2,22.88841499379898,237.41731139084936,27170.52974912879,0.3956955189847489,1509.4738749515993,3.4071754977399555,0.5619668294910016,0.3073348206651715,3.969142327230957,9.0,37.0,20.432818868273902,193.27994883652468,1.5,0
9.514941190827944,1.116926018909391,1.0,1.0,164.45091540829515,928.1373168412262,0.14285714285714285,13.4853377615561,132.5910452630323,12516.245206708345,0.30937910561374204,695.3469559282414,6.66045883357956,1.9926937332917047,0.8575211858489478,8.653152566871265,13.0,36.0,87.68822353482196,76.76269187347319,1.6753890283640867,0
2.347110815116486,1.0,1.0,1.0,300.3049991466534,1703.457687480205,0.07692307692307693,102.38384631114386,131.03520672924654,174406.55007250985,0.5678192291600683,9689.252781806103,1.6429775705815401,0.677432528598811,0.25089749372910897,2.320410099180351,25.0,25.0,87.3465988194742,212.95840032717922,1.5,0
67.2583643765938,8.99799697430005,5.173718056792584,2.913522473583181,188.47907540230722,1003.0720866819324,0.125,35.08953997761686,125.38401083524155,35197.33808605723,0.33435736222731083,1955.407671447624,47.08085506361566,14.893418673341957,7.12186118037764,61.97427373695761,15.0,24.0,71.51394214358436,116.96513325872286,13.496995461450073,0
92.31772125271952,6.181817036459384,4.10996525196311,2.8654554071390823,122.7738878780697,547.5017575464944,0.2,27.595434432078736,109.5003515092989,15108.548851822157,0.18250058584883147,839.363825101231,64.62240487690366,26.0024265008116,5.715144797484077,90.62483137771525,9.0,12.0,43.053743963175584,79.72014391489412,9.272725554689075,0
13.565256880837243,1.6242469754942785,1.0,1.0,73.95955052856402,324.85382236749786,0.25,8.423042869044854,81.21345559187446,2736.2576719745166,0.10828460745583261,152.01431510969536,9.495679816586069,3.337501723185521,0.724976121461441,12.83318153977159,7.0,13.0,40.267379052384605,33.69217147617942,2.436370463241418,0
14.047729232064599,1.017730591522781,1.0,1.0,196.7341814653326,1115.9599565759715,0.09090909090909091,34.50974249454742,101.45090514327015,38511.490735663094,0.3719866521919905,2139.527263092394,9.833410462445219,3.2586433988369525,1.8237244121074503,13.09205386128217,21.0,29.0,98.13491719519713,98.59926427013548,1.5265958872841714,0
34.60043598612947,1.9668727499838203,1.1410111816523814,1.231690756045261,281.56227796162597,1455.6558602968598,0.2857142857142857,26.44089442759939,415.90167437053134,38488.84292502564,0.4852186200989533,2138.269051390313,24.220305190290627,5.311702713467545,4.241745080524012,29.53200790375817,6.0,29.0,17.153333685632052,264.4089442759939,2.9503091249757305,0
117.84596717975072,11.566507182946472,9.84375430212566,5.3783642816609385,342.7923456830102,2071.9720384074767,0.06896551724137931,93.64213461964017,142.89462333844668,194023.88454868319,0.6906573461358255,10779.104697149065,82.4921770258255,15.461228940137536,6.856501153189464,97.95340596596303,28.0,37.0,88.62083742970113,254.17150825330904,17.349760774419707,1
32.796863869258715,2.195048872788874,1.8572916427016937,1.3473754370176805,68.9511538306272,247.18730086425444,0.3333333333333333,20.57629800292261,82.39576695475148,5086.199565120989,0.08239576695475148,282.5666425067216,22.9578047084811,8.578654138620008,2.057726135959488,31.53645884710111,5.0,6.0,11.337519422443908,57.6136344081833,3.292573309183311,0
8.69675240360667,1.0692169960578692,1.0,1.0,293.1519258369327,1503.6591945800892,0.16666666666666666,52.6556264501672,250.60986576334818,79176.11685816845,0.5012197315266964,4398.673158787136,6.087726682524669,2.4033328138514687,1.2110956304540084,8.491059496376138,11.0,23.0,63.38191950893038,229.77000632800232,1.603825494086804,0
2.87891334912238,1.0,1.0,1.0,292.83761020278445,1589.0144030945607,0.10526315789473684,42.98297117182348,167.26467400995375,68300.5602798258,0.529671467698187,3794.4755711014336,2.015239344385666,0.4691783032577133,0.3653712136635966,2.4844176476433795,18.0,24.0,173.44046805883033,119.39714214395411,1.5,0
5.269041591419606,1.0,1.0,1.0,171.2126250206489,929.0450327095735,0.2,19.17582470973324,185.80900654191473,17815.204694687167,0.30968167756985787,989.733594149287,3.688329113993724,0.2753905398941176,0.7883330828196334,3.963719653887842,9.0,33.0,26.32861610266439,144.8840089179845,1.5,0
21.93017057100073,2.3409124854411196,1.545111220489872,1.4686526211201572,308.78115112529485,1570.912632428443,0.08333333333333333,92.69887006785171,130.90938603570356,145621.82600143112,0.5236375441428143,8090.101444523952,15.35111939970051,5.441593854708717,1.6535073369459874,20.79271325440923,23.0,10.0,220.11266671256712,88.66848441272774,3.5113687281616794,1
9.148655898506759,1.0,1.0,1.0,327.77010151014355,1707.50305846456,0.125,71.51138173032693,213.43788230807,122105.90301955989,0.5691676861548532,6783.661278864438,6.404059128954731,1.1094319771421661,0.9037069640677289,7.513491106096897,15.0,21.0,118.00338176785122,209.7667197422923,1.5,0
25.379994540830314,2.2283333596322716,1.2408953621085874,1.935091613490078,395.7765077757093,2308.520840045929,0.07142857142857142,91.83454485386854,164.89434571756635,212001.96063128815,0.7695069466819764,11777.88670173823,17.76599617858122,1.3317382170789946,1.8691340020004796,19.097734395660215,27.0,29.0,191.69974143377925,204.0767663419301,3.3425000394484075,0
10.344874508866335,1.3609942122545278,1.244675920658162,1.0984141254129431,274.593445475804,1441.0464975237428,0.06666666666666667,107.76562116563252,96.06976650158285,155295.27093420527,0.48034883250791427,8627.515051900293,7.241412156206434,2.599120131363599,1.1615226531085512,9.840532287570033,29.0,8.0,207.7044392350666,66.88900624073743,2.0414913183817918,1
5.6419191499683565,1.0,1.0,1.0,332.3178007207762,1780.4098994218673,0.2857142857142857,24.0544177369504,508.6885426919621,42826.72346369544,0.5934699664739558,2379.2624146497465,3.9493434049778493,1.0118982125862679,0.3472117380692512,4.961241617564117,6.0,34.0,51.682927123021535,280.6348735977546,1.5,0
4.891808356872243,1.0,1.0,1.0,150.4895309586159,783.9681935442836,0.15384615384615385,27.894053754756726,120.61049131450518,21868.050932743772,0.26132273118142785,1214.891718485765,3.42426584981057,1.0825703316329096,0.3068353394215429,4.50683618144348,12.0,24.0,34.26430698046285,116.22522397815302,1.5,0
130.95128859285958,10.847451937909598,9.324276502356286,5.7158884549488995,124.65359094521321,547.5181393205968,0.14285714285714285,37.504302301697464,78.21687704579954,20534.28581274257,0.18250604644019894,1140.7936562634761,91.6659020150017,36.49251711505338,7.488945631015416,128.15841913005508,13.0,7.0,78.49444965081634,46.15914129439688,16.2711779068644,0
58.36902171559684,5.395496758722625,4.501228731247804,2.5278787176483593,286.97740305567265,1471.9883197404322,0.25,29.24253741413377,367.99707993510805,43044.67351317749,0.49066277324681074,2391.370750732083,40.85831520091779,10.81539784659079,6.966845195511131,51.67371304750858,7.0,27.0,53.037103742602476,233.94029931307017,8.093245138083937,0
160.2318040675679,16.70671778045375,14.602680426797125,11.661133741941342,205.27542358547683,997.2241065450086,0.2857142857142857,21.535831594166837,284.9211732985739,21476.050420196792,0.33240803551500286,1193.1139122331551,112.16226284729753,28.168513714736996,15.928204245621982,140.33077656203452,6.0,22.0,40.16738136353106,165.10804222194577,25.060076670680626,0
38.395531318432475,3.34971713494301,1.9912871772047662,2.976190008055361,160.36387360573912,864.7329096285181,0.16666666666666666,11.546330143751305,144.12215160475301,9984.491660737533,0.288244303209506,554.6939811520851,26.87687192290273,4.709808211748942,4.291588392313382,31.586680134651672,11.0,30.0,95.28455825004994,65.07931535568918,5.0245757024145155,0
11.989248737604079,1.5465072223516996,1.0,1.0454838053479056,79.52730726298051,354.64658855361887,0.2,19.496680689518037,70.92931771072378,6914.43129465679,0.11821552951787295,384.1350719253772,8.392474116322855,1.5142236354511418,1.6536783331597458,9.906697751773997,9.0,12.0,23.20356304881731,56.32374421416321,2.3197608335275492,0
98.2985333587026,5.301431464957782,3.277567554443652,4.39472215237159,254.4121249277269,1413.1547528551703,0.07692307692307693,37.654498311303236,108.70421175809003,53211.63325499515,0.4710515842850568,2956.2018474997303,68.80897335109181,24.489655880241386,12.192247093447367,93.2986292313332,25.0,21.0,188.1402078998332,66.27191702789369,7.952147197436672,0
19.30411717646856,1.7986949738614606,1.2283932836968279,1.0,191.6822159695506,1052.69057128371,0.2,16.904027422731367,210.538114256742,17794.710284630582,0.35089685709456997,988.5950158128102,13.51288202352799,3.1322341519364794,1.8565211903585084,16.64511617546447,9.0,35.0,56.44999658769968,135.23221938185094,2.698042460792191,0
26.180376048730146,2.3097791616921044,2.0714849981266785,1.2569177684261217,462.82377122158164,2755.7435909668807,0.08,108.00785852761027,220.45948727735046,297641.96391151956,0.9185811969889602,16535.664661751085,18.3262632341111,2.3793132112324287,3.8860997966345368,20.705576445343528,24.0,37.0,120.79888588414914,342.02488533743247,3.464668742538157,1
19.079429117563343,2.189514247218978,1.9026046108464234,1.8474358035553027,151.4269332336987,850.2182926914245,0.1111111111111111,18.899095406996853,94.46869918793605,16068.356630349206,0.2834060975638082,892.6864794638448,13.35560038229434,1.4048601689577496,1.824482049997576,14.76046055125209,17.0,31.0,80.27739758382819,71.1495356498705,3.284271370828467,0
1.0,1.0,1.0,1.0,204.2337721204017,1039.0317265909332,0.07692307692307693,41.76006328550434,79.92551743007179,43390.03065808421,0.3463439088636444,2410.557258782456,1.0,0.16823002921544483,0.061245067323353324,1.1682300292154448,25.0,8.0,174.16652655483858,30.06724556556312,1.5,0
137.78327983527862,13.921283739022794,7.368741233364212,12.373880042254966,335.46153719725095,1902.8805248543997,0.08,51.729077895800955,152.23044198835197,98434.25489659584,0.6342935082847999,5468.5697164775465,96.44829588469503,22.904921024249013,20.5662866738178,119.35321690894403,24.0,26.0,219.07111193169882,116.39042526555214,20.88192560853419,1
36.205271694509406,5.383278021980046,2.722744347789768,4.117446092075004,267.74625136002396,1434.4644657028737,0.18181818181818182,33.55680278579593,260.8117210368861,48136.04117882346,0.47815482190095787,2674.224509934637,25.343690186156582,7.72492221058864,1.8928866577709298,33.06861239674522,10.0,30.0,59.69407408808922,208.05217727193477,8.074917032970069,0
29.83814692510719,2.3937635315998325,2.0336682828314956,1.3623133854531766,432.16813424749796,2563.075689886526,0.08,73.23933624153382,205.0460551909221,187717.96226410056,0.8543585632955087,10428.77568133892,20.88670284757503,5.005852499405151,3.132657990225006,25.89255534698018,24.0,36.0,206.34684750276867,225.82128674472926,3.5906452973997487,0
18.65042110656373,1.0,1.0,1.0,219.67188736369678,1246.0723808005414,0.08695652173913043,39.78675881899115,108.35412006961229,49577.18128591724,0.4153574602668471,2754.2878492176246,13.05529477459461,1.6014916304941493,1.5089971579670554,14.65678640508876,22.0,28.0,114.77952320453828,104.89236415915849,1.5,0
24.43736673577893,1.6267054946121327,1.0850767348054733,1.366935748127521,210.99872834164114,1288.890892424008,0.06666666666666667,46.85066470293877,85.92605949493387,60385.39503962872,0.4296302974746693,3354.744168868262,17.10615671504525,4.32420966811589,2.4524171952881857,21.43036638316114,29.0,39.0,81.75551536801696,129.2432129736242,2.440058241918199,0
9.8086561554781,1.0,1.0,1.0,155.15010931369687,841.885569857091,0.2857142857142857,11.367391943001262,240.53873424488313,9570.043243722523,0.280628523285697,531.6690690956957,6.86605930883467,2.7140291748111496,1.0384551319350648,9.58008848364582,6.0,36.0,14.95227535001465,140.19783396368223,1.5,0
42.09357948521863,3.4362416292907567,1.8940789331823706,1.5574367422564757,136.1321812968389,729.3352407999116,0.06666666666666667,80.01898363927603,48.62234938666077,58360.66470111557,0.24311174693330387,3242.2591500619765,29.465505639653042,3.78254390757865,3.1153285436682645,33.248049547231695,29.0,11.0,69.9095741470932,66.22260714974568,5.154362443936135,0
4.18489655971102,1.0,1.0,1.0,204.6806359271298,1143.1336762767794,0.18181818181818182,20.29850323296266,207.84248659577807,23203.902623612696,0.38104455875892645,1289.1057013118163,2.929427591797714,0.9308827840036739,0.44228445709853365,3.860310375801388,10.0,37.0,50.4120113566136,154.2686245705162,1.5,0
25.110400402108887,2.3419468743187895,1.5517124598562841,1.428094832043241,396.40142653708983,2225.67899179911,0.14285714285714285,60.54545980350152,317.9541416855871,134754.7579334708,0.74189299726637,7486.3754407483775,17.57728028147622,4.9835310015520555,3.1540197451977185,22.560811283028276,13.0,35.0,61.072726086927574,335.3287004501623,3.512920311478184,0
39.40482082113245,3.3025801809610233,2.6960863053358843,1.182429057523393,315.93613782332864,1745.0928314245232,0.06666666666666667,77.93728535129065,116.33952209496822,136007.79796722482,0.581697610474841,7555.988775956935,27.583374574792717,9.344712648640575,3.0204182794235157,36.928087223433295,29.0,16.0,224.56138948043613,91.37474834289249,4.953870271441535,0
15.825096079916195,1.0,1.0,1.0,92.65352607410894,419.1239656433757,0.25,8.105895434296723,104.78099141084392,3397.375039512976,0.1397079885477919,188.74305775072088,11.077567255941336,1.387070753159136,1.3980303439201434,12.464638009100472,7.0,15.0,55.59800408875249,37.05552198535645,1.5,0
31.34457954849071,2.4953956730381144,1.4611930769280594,1.0,231.38983366075547,1177.1871805921903,0.3333333333333333,18.90997197477637,392.3957268640634,22260.576594064325,0.39239572686406343,1236.6986996702403,21.941205683943497,8.945784823907871,2.4080244208427555,30.88699050785137,5.0,28.0,12.034158753349594,219.35567490740587,3.7430935095571716,0
6.112884332572956,1.0,1.0,1.0,74.4140781836236,310.30112507717496,0.3333333333333333,10.686374551550577,103.43370835905831,3315.994046342235,0.10343370835905832,184.2218914634575,4.279019032801069,1.254618203466563,0.8072428889784539,5.533637236267632,5.0,12.0,18.8449305155606,55.569147668063,1.5,0
6.3028875831770765,1.0,1.0,1.0,356.66899286201283,2106.8047196817856,0.08333333333333333,80.87446872910583,175.56705997348212,170386.71242023713,0.7022682398939285,9465.928467790953,4.412021308223953,1.6498929181141402,0.772092547118437,6.061914226338093,23.0,36.0,96.46418042923754,260.20481243277527,1.5,0
26.683904214869315,3.2393070234912043,3.1144767076971402,1.880554480857526,167.58369192711453,866.3951187279956,0.2,18.359271511472045,173.27902374559915,15906.38322094133,0.28879837290933186,883.6879567189628,18.67873295040852,2.979303025939046,3.6588874390506043,21.658035976347566,9.0,26.0,57.42806285828228,110.15562906883225,4.858960535236807,0
45.34317121161967,5.042374112830327,3.0449134508903444,4.0601665893870855,303.16016793827447,1760.558693448148,0.1111111111111111,54.37953406766406,195.61763260534977,95738.3614484857,0.5868528978160493,5318.797858249205,31.740219848133766,10.648989870593526,3.0382187014167363,42.389209718727294,17.0,38.0,53.654070451345234,249.50609748692924,7.5635611692454905,0
2.1173413328904465,1.0,1.0,1.0,258.7212452541736,1437.0901445809886,0.08333333333333333,90.11977917385813,119.75751204841572,129510.24648256655,0.4790300481936629,7195.013693475919,1.4821389330233123,0.5192942147802084,0.12144638755799884,2.001433147803521,23.0,23.0,70.64518436960007,188.0760608845735,1.5,0
37.578225068903805,2.777127171149824,1.949386529373292,2.428824814630313,378.982656239333,2030.4192896505247,0.11764705882352941,72.37685709462859,238.87285760594406,146955.36676921332,0.6768064298835083,8164.187042734073,26.30475754823266,5.612639282465845,2.3275332711967476,31.917396830698507,16.0,24.0,152.80497781861862,226.17767842071436,4.165690756724736,1
10.46627517148597,1.0,1.0,1.0,242.27477396600807,1280.5196278942888,0.09523809523809523,38.738057262296365,121.95425027564654,49604.84267086339,0.4268398759647629,2755.824592825744,7.3263926200401785,1.5279543813043155,0.6918399764735355,8.854347001344493,20.0,18.0,168.67246516764496,73.6023087983631,1.5,0
15.936828604122109,1.7404725478413403,1.39752021499782,1.0,273.02959478084995,1656.2218735751796,0.06666666666666667,66.05805351809546,110.41479157167863,109406.79316246955,0.5520739578583932,6078.155175692753,11.155780022885475,3.417638013242868,1.6464061297064763,14.573418036128343,29.0,37.0,99.91193728515151,173.11765749569844,2.6107088217620102,0
4.0252156687048055,1.0,1.0,1.0,232.32157050609914,1268.3437277124717,0.06666666666666667,77.33124443629107,84.55624851416478,98082.59883696976,0.4227812425708239,5449.033268720542,2.8176509680933637,0.29525729948489365,0.5920738312911227,3.1129082675782573,29.0,14.0,152.3237314340739,79.99783907202524,1.5,0
7.228700709386759,1.0,1.0,1.0,299.7824219011503,1636.6416328388061,0.08333333333333333,103.14293816353427,136.38680273656718,168808.02673175873,0.5455472109462687,9378.223707319929,5.060090496570731,1.6908367395991726,0.6196698264209186,6.750927236169904,23.0,20.0,111.43444786339207,188.34797403775823,1.5,0
64.02991465483248,3.9472057199414636,2.7178821763637258,1.7335744731462204,131.98498698354484,527.9399479341794,0.25,28.65673954728747,131.98498698354484,15129.037584558286,0.17597998264472645,840.5020880310159,44.820940258382734,3.888004625826569,9.338816001050137,48.7089448842093,7.0,8.0,58.2962281476628,73.68875883588206,5.920808579912196,0
20.893457021324867,2.8828101216658513,1.7584856414562284,2.568136879867216,181.59706677415784,1014.2128081746273,0.11764705882352941,21.072453366239557,119.31915390289733,21371.9521037027,0.3380709360582091,1187.3306724279278,14.625419914927406,2.040195417353579,1.1244875178949303,16.665615332280986,16.0,31.0,97.30725330919962,84.28981346495823,4.324215182498777,0
12.688117403318174,1.1930801432203653,1.0,1.0,124.9792164565052,673.927606383651,0.2,13.332823008133033,134.7855212767302,8985.357496207964,0.22464253546121699,499.1865275671091,8.88168218232272,2.741089361305737,1.8104322028843605,11.622771543628456,9.0,32.0,27.205181063529626,97.77403539297558,1.7896202148305478,0
17.465263698759646,1.965206005527906,1.5957752189400565,1.7109855104311826,166.75308740440184,792.8921712463628,0.2857142857142857,17.040209767557446,226.54062035610363,13511.048921092102,0.26429739041545425,750.6138289495613,12.22568458913175,1.3025753783355334,1.1896509905678998,13.528259967467283,6.0,20.0,47.471619031499706,119.28146837290213,2.947809008291859,0
36.12749427042508,3.578104464733957,2.5746154453104757,2.1576587604515436,240.1120042211885,1440.672025327131,0.07407407407407407,36.112393730401834,106.71644632052822,52026.115414988795,0.480224008442377,2890.339745277155,25.289245989297555,10.583929611417668,5.102918195369452,35.87317560071522,26.0,37.0,134.55269947078315,105.55930475040536,5.367156697100935,0
34.07600242673644,4.677158001042314,3.4765550301358292,2.7273665997162224,154.72421448778928,793.6242856823679,0.16666666666666666,25.113660159536742,132.27071428039466,19930.81060498209,0.2645414285607893,1107.2672558323384,23.853201698715505,9.101667956584935,1.8954007258431829,32.95486965530044,11.0,23.0,45.13733379162894,109.58688069616034,7.015737001563471,0
18.356203807638856,1.921774952485967,1.8829103348299523,1.094418400274043,164.74488823831348,893.9493805648966,0.1111111111111111,26.048274729604305,99.32770895165517,23285.839059314018,0.29798312685496553,1293.6577255174454,12.849342665347198,3.791943505096351,2.658381133640496,16.64128617044355,17.0,25.0,85.06781259481794,79.67707564349553,2.882662428728951,0
74.55603073247002,7.312316953844962,6.334973478442705,3.6629235816077803,357.7759166242322,2077.731730401406,0.06666666666666667,98.97398929917658,138.51544869342706,205641.39805130838,0.6925772434671353,11424.522113961577,52.18922151272901,18.99421974575919,5.224873693181864,71.1834412584882,29.0,26.0,173.47952275679995,184.29639386743224,10.968475430767443,1
64.36404464874916,9.169308175415539,5.091724859750005,5.686996553400142,214.90108339625826,1084.0457613278456,0.1,84.65010618273512,108.40457613278457,91764.58880334607,0.36134858710928186,5098.0327112970035,45.05483125412441,17.50026270162693,5.166592360272762,62.55509395575134,19.0,13.0,90.15355849538544,124.74752490087282,13.75396226312331,0
32.98478633315196,4.0231200718324445,2.438272408895619,2.2993450680017116,231.97671280970133,1234.5633852615667,0.07407407407407407,120.39886124557171,91.44913964900493,148640.02572097068,0.41152112842052224,8257.779206720594,23.08935043320637,3.7889265316031593,3.2686021488708814,26.87827696480953,26.0,13.0,102.31640069908563,129.66031211061568,6.034680107748667,1
21.445914038044606,1.3115246742934845,1.2955087510099574,1.0,101.34119139270203,445.1226805993221,0.25,16.256269444919784,111.28067014983053,7236.034231867548,0.1483742268664407,402.00190177041935,15.012139826631223,5.626397676422249,1.8887864310486895,20.63853750305347,7.0,13.0,36.3161136130229,65.02507777967914,1.9672870114402268,0
44.20267528860311,2.9956350239920497,2.585930340329866,1.3667918512326083,264.3897161544035,1542.1561352048707,0.07692307692307693,82.24809922047807,118.62739501575929,126839.41082179919,0.5140520450682903,7046.633934544399,30.941872702022174,4.362735356022986,5.160785971570121,35.30460805804516,25.0,31.0,53.834582149979646,210.55513400442385,4.493452535988075,0
29.286331520226806,3.7695106871307944,3.609391534670005,1.6128744097407237,382.1725522425379,2110.9537702160937,0.08,101.37434497747947,168.8763016172875,213996.5557333972,0.7036512567386979,11888.697540744288,20.500432064158762,4.490636220807182,4.3191709200291255,24.991068284965944,24.0,21.0,196.31958645049227,185.85296579204567,5.654266030696192,1
71.73365947309048,9.582550378020088,6.247159082315477,7.862112328763917,65.58439132531905,292.4691083652094,0.2,12.21104734215676,58.493821673041886,3571.354128365948,0.09748970278840315,198.4085626869971,50.21356163116334,13.598184545044548,7.936802112340809,63.81174617620788,9.0,12.0,30.308032336866177,35.27635898845286,14.373825567030131,0
59.11434694665854,6.178577329630947,5.38112954648323,4.073671877703503,216.16493922157713,1213.7034121999548,0.06896551724137931,100.22020384554293,83.70368359999688,121637.60337871048,0.4045678040666516,6757.644632150583,41.38004286266098,13.506016865643565,7.220731228371343,54.886059728304545,28.0,20.0,65.83463345326274,150.3303057683144,9.26786599444642,1
5.918572678956948,1.0,1.0,1.0,202.7115589824996,1039.764956827373,0.15384615384615385,30.249517686159656,159.96383951190356,31452.38845099865,0.3465883189424577,1747.3549139443694,4.1430008752698635,0.34052702884292624,0.34801518095425665,4.48352790411279,12.0,22.0,86.7550745188876,115.95648446361201,1.5,0
5.456699910936753,1.0,1.0,1.0,347.99797823825236,2087.987869429514,0.07407407407407407,46.19080065152819,154.66576810588992,96445.83143962776,0.6959959564765047,5358.101746645986,3.8196899376557267,0.6691406672550957,0.6154133981259662,4.488830604910822,26.0,37.0,212.9787147953238,135.01926344292858,1.5,0
8.658145435667565,1.0,1.0,1.0,68.66331001361141,237.53602570138227,0.3333333333333333,10.879226979124033,79.17867523379408,2584.2083393243774,0.07917867523379409,143.5671299624654,6.060701804967295,1.7500689849550866,0.8258570093446926,7.8107707899223815,5.0,5.0,42.55316526371373,26.110144749897678,1.5,0
64.80394156186154,7.648155502961111,6.223361919431989,6.803539058704393,113.09979826692695,549.4366705334934,0.15384615384615385,14.725735317003302,84.52871854361437,8090.858983731771,0.1831455568444978,449.4921657628762,45.36275909330307,9.029921827997862,8.980415894008228,54.39268092130093,12.0,16.0,71.3768815354176,41.72291673150936,11.472233254441667,0
3.0295957775556785,1.0,1.0,1.0,177.63504525770117,938.8726623527497,0.06896551724137931,96.25963694727477,64.74983878294825,90375.54161779697,0.31295755411758325,5020.863423210943,2.1207170442889747,0.738482947886526,0.2690920597056828,2.8591999921755007,28.0,10.0,102.00247337055671,75.63257188714446,1.5,0
32.25615465113982,4.713524923030285,4.306226186331393,1.940842480613756,209.94954334585813,1049.7477167292907,0.08695652173913043,39.81721936487749,91.2824101503731,41798.03511478944,0.3499159055764302,2322.113061932747,22.579308255797876,6.867755954763739,3.8044655274401937,29.447064210561614,22.0,9.0,173.7520711959695,36.197472149888625,7.070287384545427,0
31.033017219995802,3.8796076174488623,3.5554063481728386,2.102692753424507,272.1698140208132,1494.7166358576746,0.08,51.32851611838885,119.57733086861397,76721.58693604461,0.4982388786192249,4262.310385335812,21.72311205399706,3.3701969484499754,2.259680718786815,25.093309002447036,24.0,20.0,182.34491081363274,89.82490320718048,5.819411426173294,0
81.05903127582665,9.16918851811744,8.484252649554236,5.340865709294724,144.71362594700517,785.2544480013771,0.09523809523809523,28.39578630021628,74.78613790489305,22297.9174967414,0.2617514826671257,1238.7731942634111,56.741321893078656,7.010166993997433,6.155400194494153,63.751488887076086,20.0,22.0,79.40331745650772,65.31030849049745,13.753782777176161,0
24.93834125946991,2.035771803533488,1.8356794258988836,1.704382610804567,399.1797690764725,2192.23665079479,0.08695652173913043,93.82521932568827,190.62927398215564,205687.08457463345,0.73074555026493,11427.060254146303,17.456838881628936,5.1687642115528565,2.1849040167416014,22.625603093181795,22.0,22.0,202.99976503185155,196.18000404462094,3.0536577053002323,0
4.007424362348279,1.0,1.0,1.0,97.77709112321271,479.78148889844965,0.08,59.47554234261909,38.38251911187597,28535.264258184576,0.1599271629661499,1585.292458788032,2.805197053643795,0.6516746539889069,0.3222223809079498,3.456871707632702,24.0,5.0,68.03931995190317,29.737771171309543,1.5,0
6.352027461517522,1.0,1.0,1.0,309.05912018038737,1644.7904146691733,0.11764705882352941,50.42500850423255,193.50475466696156,82938.57064737324,0.5482634715563911,4607.698369298513,4.446419223062265,0.5859063142989562,0.47886590904627124,5.0323255373612215,16.0,23.0,157.7840946676897,151.27502551269765,1.5,0
4.86275608922663,1.0,1.0,1.0,229.65923987004123,1126.9127643129063,0.1111111111111111,51.435159185030884,125.2125293681007,57962.93742007753,0.3756375881043021,3220.163190004307,3.403929262458641,0.6399073430309419,0.2672904846676482,4.043836605489583,17.0,12.0,150.99370229293518,78.66553757710605,1.5,0
10.532516067648526,1.1940816088653603,1.0,1.0,164.54183019946936,764.1085966486675,0.1111111111111111,39.29934031520983,84.90095518318527,30028.963777473386,0.25470286554955585,1668.275765415188,7.372761247353968,1.3245869898609641,1.4079302217553002,8.697348237214932,17.0,7.0,127.55421578515423,36.98761441431514,1.7911224132980403,0
16.127374684441868,1.4234684619651026,1.0,1.0,235.80692786898965,1287.3717979016865,0.13333333333333333,23.955619422384615,171.64957305355819,30839.78884564384,0.4291239326338955,1713.321602535769,11.289162279109307,1.242339942543295,0.9100702223687891,12.531502221652602,14.0,29.0,133.13998748734127,102.66694038164836,2.135202692947654,0
4.960319572172117,1.0,1.0,1.0,157.21294070437108,690.5291385420933,0.16666666666666666,39.40725684053664,115.08818975701554,27211.85911840278,0.23017637951403108,1511.7699510223765,3.4722237005204817,0.926226856723298,0.688177632080206,4.3984505572437795,11.0,9.0,85.56338281248628,71.6495578918848,1.5,0
117.30699517393504,15.411186496790767,8.798630278462383,13.050758656373205,171.56437613678273,982.7070993482521,0.06666666666666667,41.91608816559479,65.51380662321681,41191.23741723726,0.32756903311608404,2288.4020787354034,82.11489662175453,28.260681411937266,7.337146537687035,110.3755780336918,29.0,23.0,102.18602331097065,69.37835282581207,23.11677974518615,0
4.0945726531617215,1.0,1.0,1.0,161.95227097731555,867.667714026968,0.10526315789473684,24.37113407833199,91.3334435817861,21146.046193991056,0.28922257134232265,1174.7803441106144,2.866200857213205,0.7938013791324602,0.23145052504554553,3.6600022363456652,18.0,22.0,99.67048388824489,62.28178708907065,1.5,0
101.02056486451325,9.603227523401197,6.414578010394049,6.2621300651511085,340.85728797730724,2045.1437278638434,0.06896551724137931,104.5491263160637,141.04439502509265,213817.9899389424,0.6817145759546145,11878.777218830133,70.71439540515927,25.919133350385913,10.738534171099861,96.63352875554517,28.0,35.0,72.01667745028632,268.84061052702094,14.404841285101796,1
83.27893514046677,10.481113924218123,6.60655424304785,5.515685199902025,238.1609456198857,1395.1422932229016,0.09523809523809523,35.74098896152295,132.8706945926573,49863.76530183354,0.4650474310743005,2770.209183435197,58.295254598326736,6.819889949402708,8.348228502592349,65.11514454772944,20.0,37.0,102.34518756609846,135.81575805378722,15.721670886327185,0
59.02511667219238,6.174879942506975,6.040603307232199,2.1747139899745154,248.7156632381542,1341.153804197074,0.1,40.47495827225807,134.1153804197074,54283.144261556736,0.4470512680656913,3015.730236753152,41.317581670534665,9.37926601654643,5.850773607481233,50.696847687081096,19.0,22.0,150.7236590000557,97.99200423809849,9.262319913760463,0
8.736241571223745,1.0059573267636028,1.0,1.0,197.50114363942305,1028.872997447959,0.11764705882352941,44.204340845820354,121.04388205270106,45480.65266625044,0.34295766581598636,2526.7029259028022,6.115369099856621,1.7678114692385658,0.9387129374377524,7.883180569095186,16.0,20.0,81.46474891914463,116.03639472027844,1.5089359901454042,0
30.293738924629217,3.0798929208420067,2.7519913552460413,2.3137623575875157,172.24680492541336,876.2992195821363,0.14285714285714285,34.63454139993944,125.18560279744804,30350.221599352117,0.2920997398607121,1686.1234221862287,21.20561724724045,6.6343406461854535,2.384288734467843,27.839957893425904,13.0,20.0,60.35059424868595,111.89621067672739,4.61983938126301,0
4.336877589408243,1.0,1.0,1.0,165.50911236670987,758.8530737290089,0.15384615384615385,42.17748150285996,116.74662672753983,32006.511480593697,0.2529510245763363,1778.1395266996499,3.0358143125857704,0.9712288893066366,0.504356864155548,4.007043201892407,12.0,11.0,81.15414936098995,84.35496300571992,1.5,0
59.92468010442791,3.323551815313191,3.0562930665230805,1.4665773792771346,323.2821753596495,1732.001066655385,0.08695652173913043,72.81662951654125,150.6087884048161,126118.47999289945,0.5773336888851284,7006.582221827747,41.94727607309953,13.916989011728441,6.006863235192141,55.86426508482797,22.0,18.0,197.5079971038055,125.77417825584398,4.985327722969786,1
18.3791755877974,1.8214586794731897,1.6021208849593163,1.5643194079727856,271.7778792393531,1585.250477886094,0.07142857142857142,93.37495934222677,113.23217699186384,148022.69891985957,0.5284168259620313,8223.483273325532,12.865422911458179,3.912144504758988,1.5341896749975439,16.777567416217167,27.0,29.0,64.27796958996028,207.49990964939283,2.7321880192097847,1
12.290366479966634,1.0,1.0,1.0,389.4904437359251,2291.2332516359993,0.08695652173913043,82.54389512206725,199.23767405530427,189127.31722323506,0.7637444172119998,10507.073179068615,8.603256535976643,0.9040427604458704,1.6303179333113322,9.507299296422513,22.0,36.0,111.84279650715344,277.6476472287717,1.5,0
4.62513788740282,1.0,1.0,1.0,168.38418819095654,919.2819610882812,0.1111111111111111,35.531085262395806,102.14244012092013,32663.085739610142,0.3064273203627604,1814.6158744227857,3.237596521181974,1.0352280525713091,0.5678379357784394,4.272824573753283,17.0,26.0,55.52074088687573,112.8634473040808,1.5,0
1.0273602594922435,1.0,1.0,1.0,257.9556780168848,1399.7358038983048,0.08695652173913043,47.966982322325414,121.71615686072215,67141.10256151593,0.4665786012994349,3730.0612534175516,1.0,0.2375212375594153,0.09180597527851793,1.2375212375594153,22.0,20.0,166.38234812880904,91.57332988807579,1.5,0
5.776228560648934,1.0,1.0,1.0,235.7015386299588,1350.079664290559,0.1,50.74995152123676,135.00796642905593,68516.47751255348,0.4500265547635197,3806.470972919638,4.043359992454254,1.7234532208148279,0.7784148339877477,5.7668132132690815,19.0,33.0,54.0701331855325,181.6314054444263,1.5,0
76.35227549836739,11.17558457385468,7.830945352222885,4.044798936552076,147.74164423449983,717.7260998800991,0.2222222222222222,16.989323368640797,159.49468886224423,12193.680800976386,0.23924203329336638,677.4267111653548,53.44659284885717,17.05256372172429,10.843994919136335,70.49915657058146,8.0,20.0,58.54769654913565,89.19394768536418,16.76337686078202,0
12.386409776710085,1.7920531035272713,1.3694860708162802,1.2002777438173735,248.15043352231896,1302.275487554731,0.09090909090909091,97.63273505275532,118.38868068679372,127144.7176421288,0.4340918291849103,7063.595424562711,8.67048684369706,2.7461611710551646,1.2843050467754638,11.416648014752223,21.0,16.0,90.07838629404843,158.07204722827052,2.688079655290907,0
16.392196058103927,1.3705673246920052,1.0,1.0,211.08273422788037,1045.7453030981383,0.2,36.56469347157277,209.14906061962768,38237.35645712038,0.34858176769937943,2124.297580951132,11.474537240672749,2.9293398994003046,1.1719640735194021,14.403877140073053,9.0,21.0,32.32201058908018,178.7607236388002,2.0558509870380077,0
44.10906116522139,5.027320154319114,3.8713065837541567,4.049890065947479,349.5956947150923,2047.9249356194312,0.07407407407407407,41.77645984179498,151.6981433792171,85555.05383191573,0.6826416452064771,4753.05854621754,30.876342815654972,11.77626922363048,6.244926283037174,42.65261203928545,26.0,31.0,246.76133202759695,102.83436268749534,7.540980231478672,0
175.353275069421,18.12720303800095,14.603335963565742,16.237967829964987,102.26177644394667,577.1507599605276,0.09523809523809523,19.765948054864573,54.96673904385977,11407.931941205401,0.1923835866535092,633.7739967336333,122.74729254859469,52.467223806705,12.090250947736912,175.21451635529968,20.0,29.0,42.96393227935294,59.29784416459373,27.190804557001425,0
98.49498034694469,12.957871379059693,12.942979816252047,6.735617008162041,111.3473607581436,551.6366838393113,0.14285714285714285,14.378911618365823,78.80524054847304,7931.935122373868,0.18387889461310378,440.6630623541038,68.94648624286127,24.107751312218273,5.401693490777693,93.05423755507954,13.0,17.0,71.52883627651516,39.81852448162843,19.436807068589538,0
6.253854511043626,1.0,1.0,1.0,77.85231445584172,370.17899702058213,0.13333333333333333,25.53927993083429,49.35719960274428,9454.10502942412,0.12339299900686071,525.2280571902288,4.377698157730538,1.2703147883226764,0.5174983363271226,5.648012946053214,14.0,12.0,30.422223155720904,47.43009130012082,1.5,0
1.952118736517895,1.0,1.0,1.0,190.55381535562336,1000.0126103964245,0.06896551724137931,36.72056161235514,68.96638692389135,36721.024673194006,0.3333375367988082,2040.0569262885558,1.3664831155625263,0.13613823607380524,0.2395183990099265,1.5026213516363316,28.0,9.0,164.3248427753697,26.22897258025367,1.5,0
340.88225040462817,43.05937272201313,29.030372026923366,37.12974417476571,232.45161719806686,1228.6002933167806,0.08695652173913043,64.87882739816126,106.83480811450266,79710.14637142971,0.40953343110559354,4428.341465079428,238.6175752832397,78.97723019050666,48.51688734987889,317.59480547374636,22.0,16.0,132.1843384918176,100.26727870624923,64.58905908301969,1
305.7567753189752,38.123226088002355,37.95675146656107,31.88841127029986,158.0870276670496,767.9837759827336,0.09090909090909091,81.43764887046085,69.81670690752124,62542.79308669252,0.2559945919942445,3474.5996159273623,214.02974272328262,69.44971384709177,34.77327919865381,283.4794565703744,21.0,7.0,96.0392951943175,62.04773247273208,57.18483913200353,1
25.182374261080593,2.5427215071486007,1.85043779962289,1.0,375.1265417693311,2233.577070931139,0.08695652173913043,84.6631689543549,194.22409312444688,189101.71292881618,0.7445256903103797,10505.650718267565,17.627661982756415,6.141780553831576,3.656074165637787,23.76944253658799,22.0,39.0,67.26047284440416,307.86606892492694,3.814082260722901,1
4.372846216849089,1.0,1.0,1.0,192.94238599296222,1083.3155139817613,0.16666666666666666,19.947672492047527,180.55258566362687,21609.623078462308,0.3611051713272538,1200.5346154701283,3.0609923517943622,0.3548077005801734,0.25903465834993245,3.4158000523745358,11.0,37.0,55.122103320633826,137.82028267232837,1.5,0
63.80757033964526,8.986953033919677,5.4655052178960695,6.765003659955648,194.07907340904768,995.4864951814437,0.2222222222222222,20.008036333831622,221.21922115143192,19917.729965429025,0.3318288317271479,1106.5405536349458,44.66529923775168,13.618649138260027,3.5780333043906007,58.28394837601171,8.0,26.0,59.024828155684226,135.05424525336346,13.480429550879517,0
17.64441983589701,1.8066327498649632,1.3602437691004545,1.2887359350360978,153.15349601365392,692.7993280044943,0.2,25.335320718616995,138.55986560089886,17552.293168636195,0.23093310933483144,975.1273982575664,12.351093885127908,2.1866901754144132,1.948282635833932,14.537784060542322,9.0,13.0,74.33249822240106,78.82099779125288,2.7099491247974448,0
17.538924222845207,1.9432921626760369,1.9102679490655314,1.0,355.23835962842577,2004.9142148343103,0.07142857142857142,109.52387384434458,143.20815820245073,219585.97153424617,0.6683047382781034,12199.220640791455,12.277246955991645,4.2105311428549115,2.571410308207691,16.487778098846555,27.0,22.0,168.64213011583874,186.59622951258706,2.9149382440140554,1
58.75349330258841,8.792589953000197,8.559724349382433,5.286445785578596,421.9016063303884,2427.9962814134437,0.09523809523809523,84.56708918236103,231.23774108699462,205328.57806473164,0.8093320938044812,11407.143225818425,41.12744531181188,6.468377039705532,5.891337971003407,47.59582235151741,20.0,33.0,134.3735031103609,287.5281032200275,13.188884929500297,1
30.001569478627044,2.396586077562791,2.017607783246859,1.841749507678645,312.844658136109,1653.5098502717922,0.25,31.45735921049842,413.37746256794804,52015.05331809723,0.5511699500905974,2889.725184338735,21.00109863503893,6.630186922563088,1.6546322369538755,27.631285557602016,7.0,31.0,25.23451678298055,287.6101413531284,3.5948791163441864,0
4.840519776406932,1.0,1.0,1.0,222.12334073254934,1212.6671896326257,0.08695652173913043,63.776601042241516,105.44932083761962,77339.7915502162,0.40422239654420855,4296.655086123123,3.388363843484852,0.5990057872644755,0.3491073167856556,3.9873696307493276,22.0,21.0,94.5701386480663,127.55320208448303,1.5,0
13.603262829507441,1.0,1.0,1.0,376.02897468781174,2272.867323311398,0.07142857142857142,99.36675793263542,162.34766595081416,225847.45712848072,0.7576224411037994,12547.080951582262,9.522283980655208,0.7107510737656388,1.0131613659526468,10.233035054420847,27.0,38.0,88.96945177130942,287.0595229165023,1.5,1
44.4063960566702,6.198542014265624,5.335886426598581,2.056571267356248,120.11989079002275,605.9320707191704,0.07692307692307693,31.657532482969504,46.61015928609003,19182.31421126511,0.20197735690639013,1065.6841228480616,31.084477239669134,9.251605374009243,3.7206215515360066,40.33608261367838,25.0,7.0,99.85907000092227,20.26082078910048,9.297813021398436,0
37.05127139789644,4.610987708754144,3.7304061946870544,3.5473114664843184,127.08450146916329,610.9403036550189,0.10526315789473684,52.830724605018034,64.30950564789671,32276.418932504395,0.2036467678850063,1793.134385139133,25.93588997852751,2.901754455172856,2.014119649806757,28.837644433700365,18.0,9.0,68.38369635247658,58.70080511668671,6.9164815631312155,0
27.5064325775462,1.6659074188522311,1.0,1.1153105899532876,188.76783609531157,990.6399206977947,0.1,35.90581028192173,99.06399206977947,35569.729050273,0.33021330689926487,1976.0960583485003,19.25450280428234,5.909010740177347,3.8643586344932737,25.163513544459686,19.0,18.0,116.95621553146812,71.81162056384346,2.498861128278347,0
61.565863031988684,9.122628578912662,5.077468083194505,4.462056514379937,174.70785653433276,848.7274467432629,0.09090909090909091,50.106191049455916,77.15704061302391,42526.499595434856,0.282909148914421,2362.583310857492,43.09610412239208,17.324779281263886,6.25240707209497,60.420883403655964,21.0,7.0,136.53171097284255,38.17614556149022,13.683942868368995,0
13.012879719115217,1.601835664713721,1.0,1.1734399800863298,238.75280662711157,1204.3632537301276,0.3333333333333333,17.049545517343873,401.4544179100425,20533.846113888176,0.4014544179100425,1140.769228549343,9.109015803380652,3.803814175988356,1.5237181568120026,12.912829979369008,5.0,27.0,47.79789683286018,190.9549097942514,2.4027534970705817,0
24.88844725799275,3.361239829565651,2.8979886048688925,2.586203392040823,241.27256522378178,1447.6353913426906,0.06666666666666667,57.13007253986608,96.5090260895127,82703.51491868532,0.48254513044756353,4594.63971770474,17.421913080594923,2.7123621918736633,1.4116051237227556,20.134275272468585,29.0,34.0,103.37239012755334,137.90017509622845,5.041859744348477,0
1.0,1.0,1.0,1.0,243.60711451639958,1395.3621741156046,0.07692307692307693,29.139273430401957,107.33555185504652,40659.83992599475,0.46512072470520155,2258.879995888597,1.0,0.25231330691266374,0.055411546780364945,1.2523133069126637,25.0,27.0,178.3351420322992,65.27197248410039,1.5,0
11.709725869520797,1.1767816870394494,1.0,1.0,243.83755357927572,1396.6821107373833,0.09090909090909091,21.176530065262646,126.97110097612575,29576.88070964469,0.46556070357912777,1643.160039424705,8.196808108664557,1.6204892815878056,1.272223977666382,9.817297390252364,21.0,31.0,179.29955718990385,64.53799638937187,1.7651725305591741,0
50.23356809064637,6.020986864963481,4.085184814592202,4.284594713377302,205.49402415812574,1108.089006744781,0.07142857142857142,27.43368118288777,79.14921476748435,30398.9605332991,0.36936300224826035,1688.831140738839,35.16349766345246,13.81997132367979,6.968882860554521,48.98346898713225,27.0,14.0,175.01215617713933,30.481867980986415,9.03148029744522,0
12.572685450714479,1.3112639349718749,1.0165600804082708,1.0,177.09798648344412,1041.80423924281,0.06666666666666667,28.969617233210705,69.45361594952065,30180.670042800473,0.3472680797476033,1676.703891266693,8.800879815500135,3.1038489330597114,1.293078068978581,11.904728748559847,29.0,29.0,117.16084738024956,59.93713910319456,1.9668959024578123,0
11.479090120331001,1.3392051397417777,1.1426610412663591,1.0,110.51431529427109,557.477762175347,0.125,20.420119871612943,69.68472027191838,11383.76272937912,0.18582592072511567,632.4312627432844,8.035363084231701,0.7860930178231234,1.5816110451451741,8.821456102054825,15.0,17.0,61.506027602400025,49.00828769187106,2.0088077096126664,0
5.756078678410095,1.0,1.0,1.0,126.91270724714877,684.3536024608206,0.09090909090909091,39.15909716561039,62.21396386007461,26798.669214398782,0.2281178674869402,1488.814956355488,4.029255074887066,0.873682076332749,0.7546168914414969,4.902937151219815,21.0,20.0,48.594512915927986,78.31819433122078,1.5,0
66.95622658180416,5.854231049643207,4.436101874049303,1.7673946281567603,223.2353089344003,1302.1070042924446,0.10526315789473684,33.05800161032745,137.06389518867837,43045.05544471829,0.4340356680974815,2391.391969151016,46.86935860726291,8.99419352618654,3.8556996559674435,55.86355213344945,18.0,38.0,79.98396862298137,143.25134031141894,8.781346574464811,0
38.78974580208113,5.231451509847916,3.830298442736004,2.4549473655721465,448.21759795806753,2542.4808613749333,0.08,114.33497403974158,203.39846890999468,290694.48328184284,0.8474936204583111,16149.693515657935,27.15282206145679,9.553730340722684,2.7228751995291787,36.70655240217947,24.0,26.0,190.96390636864896,257.25369158941857,7.847177264771874,1
54.081789301713826,3.58516891026293,2.5057025069564984,2.233439567669845,148.15229300121075,813.6306290470404,0.08333333333333333,48.827445239258104,67.8025524205867,39727.50498477749,0.2712102096823468,2207.083610265416,37.857252511199675,8.251335804347711,6.261106448160536,46.10858831554739,23.0,21.0,54.74326732610831,93.40902567510246,5.377753365394395,0
2.530819708327275,1.0,1.0,1.0,175.38194570659635,1004.5738341739057,0.07692307692307693,36.3941469667992,77.27491032106967,36560.60775992609,0.3348579447246352,2031.1448755514493,1.7715737958290925,0.5596834376345172,0.2387831893791677,2.3312572334636097,25.0,27.0,93.85905650096613,81.52288920563021,1.5,0
16.56778170127062,1.0,1.0,1.0,166.88696446424365,774.9990629199923,0.16666666666666666,32.50441251885412,129.16651048666537,25190.88924287681,0.2583330209733308,1399.4938468264893,11.597447190889433,3.3236430360064273,1.3100141903737539,14.92109022689586,11.0,13.0,84.14845987079681,82.73850459344683,1.5,0
14.351676873862287,1.2405974277386642,1.0,1.0,284.4959079314048,1459.2600289428935,0.06896551724137931,106.36391571816081,100.6386226857168,155212.61072936284,0.48642000964763116,8622.922818297935,10.0461738117036,4.218096754222648,1.3183936267390717,14.264270565926248,28.0,6.0,231.3139500723244,53.181957859080406,1.8608961416079963,0
14.343744905400953,1.2621198050784648,1.1001365055212293,1.0,363.2046922832727,2090.2021443481344,0.1111111111111111,61.40248114530348,232.24468270534825,128343.59775820923,0.6967340481160448,7130.199875456068,10.040621433780666,4.080024294391252,1.3557702610781195,14.120645728171919,17.0,36.0,95.92330376842226,267.28138851485045,1.8931797076176973,0
9.590441712559649,1.2518121581634063,1.0,1.0,280.44615811241584,1574.6238046980714,0.08695652173913043,46.27540073858927,136.92380910418012,72866.34757492537,0.5248746015660238,4048.130420829187,6.7133091987917535,1.5049789022759146,1.3527819144024338,8.218288101067667,22.0,26.0,166.8610835722422,113.58507454017366,1.8777182372451096,0
13.258977548970641,1.5289333668400016,1.4119688938378245,1.0,248.17746616109457,1362.9541859760602,0.07142857142857142,82.7848482987284,97.35387042686143,112831.95552414501,0.4543180619920201,6268.441973563612,9.281284284279447,3.0614256932171133,0.8001239835384328,12.342709977496561,27.0,17.0,137.79766842945668,110.37979773163788,2.2934000502600025,0
55.677367691214855,5.215424629508844,3.462751764213552,3.312794995514095,151.65368080671362,751.3221059092094,0.10526315789473684,64.12581243916566,79.0865374641273,48179.14044493292,0.2504407019697365,2676.6189136073845,38.9741573838504,14.32940704400627,4.341335549015314,53.30356442785667,18.0,12.0,59.027507283474364,92.62617352323927,7.823136944263266,0
2.0229935624135664,1.0,1.0,1.0,65.05015943562596,225.03657834900176,0.3333333333333333,16.301741539462373,75.01219278300059,3668.488137170401,0.07501219278300059,203.80489650946672,1.4160954936894965,0.5557597014727746,0.20989869445336432,1.9718551951622711,5.0,5.0,25.92597974091626,39.124179694709696,1.5,0
169.48318555537253,9.368748316737143,4.895681621721286,4.866318231038129,227.01562866788828,1145.156302254758,0.16666666666666666,38.49461512250293,190.85938370912632,44082.35111040554,0.38171876741825267,2449.0195061336412,118.63822988876076,11.361062295345747,20.308948553470962,129.9992921841065,11.0,21.0,73.03716817787657,153.9784604900117,14.053122475105715,0
35.8954070517267,2.4418623691082972,1.6916769284873507,1.0,258.4768494291566,1255.6756222072936,0.15384615384615385,50.6342591898632,193.18086495496826,63580.20491323685,0.41855854073576454,3532.233606290936,25.12678493620869,4.505580717991087,4.058468571505279,29.632365654199777,12.0,16.0,115.01311505787746,143.4637343712791,3.662793553662446,0
19.090708012933106,2.151423245022155,1.4449283109201831,1.5357143291499555,127.7869169016299,633.081472229769,0.08695652173913043,87.61713807491661,55.05056280258861,55468.78676502716,0.211027157409923,3081.599264723731,13.363495609053174,2.4828899529215698,2.7521980565110096,15.846385561974744,22.0,8.0,56.10016756760721,71.68674933402268,3.2271348675332323,0
59.63251479994755,6.80625737396219,6.182391532658544,3.99810567530182,191.50435783922836,948.7501830301129,0.14285714285714285,40.70999547309949,135.53574043287327,38623.61565625821,0.3162500610100376,2145.7564253476785,41.742760359963285,9.458401893971553,7.726041838424136,51.20116225393484,13.0,17.0,78.7689857598759,112.73537207935244,10.209386060943284,0
3.517668125714318,1.0,1.0,1.0,213.51657447956842,1143.9261516221982,0.3333333333333333,13.219429399384683,381.30871720739935,15122.050999479468,0.3813087172073994,840.113944415526,2.4623676880000227,0.32473771088536824,0.37184455134442046,2.787105398885391,5.0,35.0,23.156791128428974,190.35978335113944,1.5,0
9.046327857976493,1.0,1.0,1.0,236.18701841928123,1239.4923522807528,0.07407407407407407,84.99636817720618,91.81424831709279,105352.3483272862,0.4131641174269176,5852.9082404047895,6.332429500583545,1.5745266616696991,0.6465253943299675,7.906956162253244,26.0,11.0,157.72883240955247,78.45818600972878,1.5,0
17.369390338955796,2.1235019314615493,1.9375216795685541,1.0,276.76166745527735,1553.9364587348855,0.09090909090909091,86.52517211100752,141.26695079408051,134454.6195416055,0.5179788195782952,7469.70108564475,12.158573237269056,3.748376649256507,1.651610568848008,15.906949886525563,21.0,27.0,46.02787515925732,230.73379229602006,3.185252897192324,1
103.40697792017987,12.243182810697872,10.404836473097737,10.46855769756578,160.86273674951633,916.9883337358175,0.08333333333333333,22.70895938175489,76.41569447798479,20823.850824349778,0.3056627779119392,1156.8806013527656,72.38488454412591,18.02807387504505,12.340405137575301,90.41295841917096,23.0,28.0,103.59666526509096,57.26607148442538,18.364774216046808,0
18.99553787019738,2.779794433782055,2.7344643088041725,1.0,175.01323645122966,756.3946235957345,0.18181818181818182,44.71189232453463,137.52629519922445,33819.834965069385,0.25213154119857817,1878.8797202816324,13.296876509138166,4.1115513818954295,2.54153111609905,17.408427891033597,10.0,9.0,85.5894518021604,89.42378464906928,4.169691650673083,0
34.46918048181766,2.4649952842635394,2.2321869735723037,2.0194479318348235,76.18908870356205,311.4200689845359,0.25,10.90892306269582,77.85501724613397,3397.2575727317267,0.10380668966151196,188.73653181842926,24.12842633727236,2.296006173750304,5.0315911375462345,26.424432511022662,7.0,9.0,45.0207370958597,31.168351607702345,3.6974929263953094,0
9.899707436910385,1.0411319998528672,1.0,1.0,277.9323079816863,1568.6099767408152,0.06896551724137931,77.0011642851029,108.17999839591829,120784.79451827095,0.5228699922469384,6710.266362126164,6.9297952058372685,2.6629899474313024,1.0943658970088699,9.59278515326857,28.0,21.0,156.9304783908103,121.001829590876,1.5616979997793008,0
36.02490420516377,3.969095848368536,3.400089685696514,2.66472353542266,343.74989304076416,1876.679034969937,0.2,39.23898272707625,375.33580699398743,73638.97623745148,0.6255596783233124,4091.054235413971,25.21743294361464,10.25871463212357,3.699467183356957,35.47614757573821,9.0,34.0,38.55780516350445,305.1920878772597,5.953643772552804,0
150.30814870689437,22.525898914796553,17.29425568665163,10.847647851022192,75.71024259458181,327.21422454026106,0.2857142857142857,10.586614607270729,93.48977844007459,3464.090889224692,0.10907140818008702,192.44949384581622,105.21570409482605,30.73453768322469,7.781331456485169,135.95024177805075,6.0,13.0,26.306041093985083,49.404201500596734,33.78884837219483,0
66.32931988693954,4.650906726542114,2.3636746494687046,4.092884287051198,179.69909316142287,921.7275067132977,0.08,63.4294013585789,73.73820053706382,58464.623966559986,0.3072425022377659,3248.034664808888,46.43052392085768,17.931982367860936,3.7946942164682635,64.36250628871862,24.0,10.0,121.55547524939222,58.143617912030656,6.97636008981317,0
18.21513450380921,1.8638053860425565,1.1661019160486645,1.0,340.6114705138116,2003.6956995509895,0.06666666666666667,42.90021513764956,133.5797133033993,85958.97658112069,0.6678985665169965,4775.498698951149,12.750594152666446,1.509333443499744,1.195104078058667,14.25992759616619,29.0,29.0,251.852404711778,88.75906580203358,2.795708079063835,0
45.177041063461786,3.822814839387711,3.673257234179987,2.497547379450435,196.5956891071566,982.9784455357831,0.2222222222222222,19.782340645237905,218.43965456350733,19445.614456515297,0.327659481845261,1080.31191425085,31.62392874442325,11.265447705248269,2.5062412191717063,42.889376449671516,8.0,23.0,77.90164523572918,118.69404387142744,5.734222259081567,0
40.16597907007193,4.120599550407806,3.9682638133814674,3.6922633221815655,145.47107547812237,746.1623169066524,0.13333333333333333,22.780557588960136,99.488308920887,16997.99363100392,0.24872077230221748,944.3329795002178,28.116185349050347,3.204724914817869,3.6184053994835885,31.320910263868218,14.0,20.0,77.12940271124195,68.34167276688041,6.180899325611708,0
36.88869760044545,2.700727060761832,2.4291020580638643,2.23797540586758,194.78106769398073,1036.6108365127534,0.13333333333333333,33.04149416460076,138.21477820170045,34251.170905598054,0.3455369455042511,1902.8428280887808,25.82208832031181,5.607176391922365,3.0871359579928592,31.429264712234176,14.0,25.0,72.05551793974932,122.7255497542314,4.051090591142748,0
76.27490865538441,4.176908414311446,4.138855950121316,2.597192860343668,275.5536561896999,1413.3926889509198,0.06896551724137931,59.85256481210131,97.47535785868412,84595.17752038508,0.47113089631697325,4699.732084465838,53.392436058769086,9.988552718857438,8.675158450023332,63.38098877762653,28.0,6.0,245.62737378364926,29.926282406050657,6.265362621467169,1
75.59372254395122,8.1079215332169,7.323663463730376,7.250303812394235,274.61619256227397,1461.4876305081639,0.07692307692307693,116.02927369584437,112.42212542370493,169575.34828332282,0.4871625435027213,9420.852682406823,52.91560578076585,14.846452617127811,7.828978081756893,67.76205839789367,25.0,14.0,135.38106412726071,139.23512843501325,12.161882299825349,1
17.243058966542193,1.4412685255827111,1.0,1.0388979415793227,295.4122653640817,1527.2592564384768,0.125,71.1321731030727,190.9074070548096,108637.26980225183,0.5090864188128256,6035.40387790288,12.070141276579534,2.1619111759283203,1.8897888429730891,14.232052452507855,15.0,20.0,96.24218067547814,199.17008468860357,2.161902788374067,0
43.39112268578143,2.9590203027780047,1.9053639797834456,1.258235351970501,132.3981806922122,704.6135975378577,0.09523809523809523,27.723757178206544,67.10605690836739,19534.53628260212,0.2348711991792859,1085.2520157001177,30.373785880047002,9.082994607840877,4.2175182060450425,39.45678048788788,20.0,19.0,76.95066633579911,55.44751435641309,4.438530454167007,0
12.6832990752988,1.0450221203343317,1.0,1.0,299.64017999953984,1583.7188722298515,0.09090909090909091,77.4268564933822,143.9744429299865,122622.37384600182,0.5279062907432839,6812.354102555657,8.87830935270916,1.7990856699593298,0.9864272857083735,10.67739502266849,21.0,17.0,166.90842601088463,132.7317539886552,1.5675331805014976,0
6.634697826668445,1.0,1.0,1.0,166.15551615832285,871.9721047576827,0.09523809523809523,22.79854735277653,83.04496235787454,19879.69732061825,0.2906573682525609,1104.427628923236,4.644288478667911,1.7595059088934035,0.963905695960429,6.403794387561314,20.0,17.0,125.1181309233251,41.03738523499776,1.5,0
14.535697102879617,2.108318897995775,1.2848525640129653,1.067670030789385,173.8903408382604,971.1710328193051,0.16666666666666666,11.995247359300183,161.8618388032175,11649.4367668546,0.323723677606435,647.1909314919222,10.174987972015732,3.030270730104584,0.8523865924627523,13.205258702120316,11.0,36.0,93.19504042115008,80.69530041711033,3.162478346993663,0
18.328664819226564,1.9815997753550552,1.4897256388159144,1.4986321182482065,199.02929065210373,1003.9821833455565,0.09523809523809523,26.2400414211666,95.6173507948149,26344.53407710068,0.33466072778185213,1463.5852265055935,12.830065373458593,1.9029658229000708,2.637295084060152,14.733031196358663,20.0,12.0,164.91723680458716,34.11205384751658,2.972399663032583,0
2.7349217175229326,1.0,1.0,1.0,239.965742656518,1177.4856459094822,0.25,32.55387672682119,294.37141147737054,38331.72256453871,0.3924952153031607,2129.5401424743727,1.9144452022660527,0.3665679999269082,0.22186725524512493,2.2810132021929608,7.0,22.0,26.0402670231216,213.9254756333964,1.5,0
56.39604722021854,5.206021745874483,4.846719711324638,1.6807934146989911,440.3089395839694,2497.619587192704,0.09523809523809523,92.19588757894431,237.86853211359085,230270.25467578782,0.8325398623975679,12792.791926432656,39.477233054152975,14.767599459509023,5.711010269102887,54.244832513662,20.0,30.0,154.50168808924198,285.8072514947274,7.809032618811724,1
1.0,1.0,1.0,1.0,150.52513903476785,715.730102357836,0.15384615384615385,19.887966348574484,110.11232343966708,14234.416190354414,0.23857670078594534,790.8008994641341,1.0,0.14661993749686464,0.060884232282754615,1.1466199374968646,12.0,14.0,100.80522316333165,49.719915871436214,1.5,0
500.0,49.16591107761266,47.4002633810614,23.505124913899643,191.5699807751858,1092.0331272143944,0.11764705882352941,25.615167545564272,128.47448555463464,27972.611518903217,0.36401104240479815,1554.033973272401,350.0,91.97488319570566,28.546553418550463,441.9748831957057,16.0,35.0,76.30172682014657,115.26825395503923,73.748866616419,1
121.78472788061957,13.079013882287283,9.809667996884745,11.748157858782319,168.8644959312477,927.3790048401723,0.25,13.37353551659266,231.84475121004309,12402.336058572402,0.3091263349467241,689.018669920689,85.2493095164337,25.8470406641003,11.320443952486345,111.096350180534,7.0,37.0,23.666110322527373,145.19838560872032,19.618520823430924,0
14.684456170811726,1.4563955230705004,1.3755918187972014,1.2707261216101222,244.54660857320835,1413.8119108842309,0.09090909090909091,62.41459610518511,128.52835553493009,88242.49938653923,0.4712706369614103,4902.361077029957,10.279119319568208,2.0110716973230316,1.8233650700859294,12.290191016891239,21.0,33.0,42.44220213737081,202.10440643583752,2.1845932846057505,0
20.314027000558305,2.5052848601458004,1.821423836176306,2.1653638770469845,199.19946412517913,1021.7504283218194,0.07692307692307693,73.77341688318688,78.5961867939861,75378.02029916034,0.34058347610727313,4187.667794397797,14.219818900390813,2.508673810729555,1.5628896864399757,16.728492711120367,25.0,9.0,140.18073061862964,59.01873350654951,3.7579272902187006,0
28.89204357252436,3.081787387097671,1.9680679591792432,2.424369907847966,170.16486729060097,905.6051879966288,0.08695652173913043,39.19465399652296,78.74827721709816,35494.88200098399,0.30186839599887627,1971.937888943555,20.224430500767053,4.877373517177964,3.0693401496298534,25.101804017945017,22.0,17.0,106.02816075083612,64.13670653976484,4.622681080646506,0
9.904681601590193,1.0,1.0,1.0,136.85409158264687,601.10661083702,0.125,50.331139404497264,75.1383263546275,30254.380627002938,0.20036887027900666,1680.7989237223856,6.933277121113135,1.0273159827843257,0.7712283701848297,7.960593103897461,15.0,5.0,96.58918005904907,40.26491152359781,1.5,0
25.308567559008566,1.6337680840489919,1.1337820146881294,1.0122494518428937,148.89811451665486,769.7920849072744,0.2222222222222222,17.26621208442465,171.06490775717208,13291.393398920429,0.25659736163575814,738.4107443844682,17.715997291305996,3.0636690879570767,2.2489523685428914,20.779666379263073,8.0,27.0,28.03462992568229,120.86348459097256,2.450652126073488,0
16.89808035064326,1.8691378801150729,1.4050347844809137,1.0,243.18584185628302,1169.0806538225243,0.09523809523809523,82.04919278705873,111.3410146497642,95922.12394910496,0.38969355127417477,5329.0068860613865,11.828656245450281,1.1071558203370306,2.3766242898437087,12.935812065787312,20.0,7.0,177.54648762663604,65.63935422964698,2.8037068201726094,0
17.93712772545447,1.774304731372933,1.1789018538172047,1.0,136.07934778709932,661.0708853790837,0.09090909090909091,66.6441189245697,60.09735321628034,44056.48670277424,0.2203569617930279,2447.582594598569,12.555989407818128,2.2599448024811153,2.4319868537734726,14.815934210299243,21.0,7.0,85.30287622552243,50.77647156157691,2.6614570970593996,0
24.971952028266433,1.4882676507908,1.2373737045156477,1.0,109.94758402783341,510.5807686384308,0.14285714285714285,32.71607359513882,72.94010980549011,16704.19800303745,0.1701935895461436,928.0110001687473,17.480366419786503,3.250749410099255,2.537194135410216,20.73111582988576,13.0,11.0,49.548678929115596,60.398905098717826,2.2324014761862,0
4.15273287652847,1.0,1.0,1.0,382.9096690500362,2161.087105792638,0.18181818181818182,40.55656806641097,392.92492832593416,87646.2763035222,0.720362368597546,4869.2375724179,2.9069130135699286,1.206195696674783,0.30651555055539764,4.1131087102447115,10.0,39.0,58.45712451874847,324.45254453128774,1.5,0
21.062278020276473,2.1373503128594953,1.0959408522538834,1.8844486365169835,330.0656524778105,1843.4042918646326,0.06896551724137931,113.62611621136513,127.13133047342293,209458.87029194,0.6144680972882108,11636.603905107777,14.74359461419353,4.158372020647191,1.460003228916599,18.90196663484072,28.0,19.0,167.74262931871743,162.32302315909305,3.206025469289243,1
24.437951076312817,3.2426551931720273,3.0802760014582242,2.7601607582842633,119.56333384083867,597.8166692041933,0.08,45.40045487115127,47.825333536335464,27141.148711426944,0.19927222306806444,1507.8415950792746,17.10656575341897,6.032400851480637,3.553491559417198,23.138966604899608,24.0,7.0,89.29636392673783,30.266969914100844,4.863982789758041,0
23.444115978057635,1.3506179968038805,1.0,1.0,276.75632817313874,1654.2500440908566,0.06666666666666667,66.39491981778032,110.28333627272377,109833.79903597198,0.5514166813636189,6101.877724220666,16.410881184640342,1.4381631931397614,1.647456938830249,17.849044377780103,29.0,33.0,121.07168860041246,155.68463957272627,2.025926995205821,0
15.502527784143622,1.3153822710900278,1.0,1.0,342.7256532936319,1836.17051083734,0.2857142857142857,27.649697298358298,524.6201459535257,50769.558812824376,0.6120568369457801,2820.53104515691,10.851769448900535,1.1880234023808267,2.027991558625787,12.039792851281362,6.0,34.0,20.145851479451757,322.57980181418014,1.9730734066350417,0
78.68317382971503,10.407078162015814,6.080891186859325,6.032688186096538,173.7142812975452,898.0898059877616,0.14285714285714285,20.62885860380796,128.29854371253737,18526.567621242855,0.29936326866258717,1029.2537567357142,55.07822168080052,19.956747012055537,6.837333404972857,75.03496869285605,13.0,22.0,100.71985854560934,72.99442275193586,15.610617243023722,0
13.139420815830755,1.508962531451768,1.3258814509948054,1.2514126061488147,239.0758562863685,1280.8613331028184,0.07692307692307693,27.389101590275082,98.52779485406296,35081.641175408266,0.42695377770093945,1948.9800653004593,9.197594571081527,2.7052410231215305,1.9520709926250663,11.902835594203058,25.0,15.0,204.0178062508164,35.05805003555211,2.263443797177652,0
26.38487919207382,2.084295488756629,1.0948917179144928,1.486438517240001,85.14849270112458,340.5939708044983,0.18181818181818182,23.46851075365164,61.926176509908785,7993.233266454281,0.11353132360149944,444.0685148030156,18.469415434451673,2.5790034105187427,2.2906184329377566,21.048418844970413,10.0,5.0,56.98627979674261,28.162212904381967,3.1264432331349434,0
95.27400856881431,12.817546994351206,9.955933198792314,5.984086488416956,331.508286934679,1776.0728872143964,0.25,28.56817493603274,444.0182218035991,50739.160941085625,0.5920242957381321,2818.842274504757,66.69180599817001,14.405320670112694,8.112740221823236,81.0971266682827,7.0,33.0,53.988873270360976,277.51941366431805,19.22632049152681,1
18.260652931002035,1.8138189333247634,1.1743807694128323,1.0304391565212754,303.72642315879307,1605.3163108905792,0.08,91.54146232544282,128.42530487124634,146953.0025938088,0.5351054369635264,8164.055699656044,12.782457051701424,3.372160537960005,2.0770828548572378,16.15461758966143,24.0,14.0,189.29959525198953,114.42682790680352,2.720728399987145,0
25.98075108534622,2.59379319837217,1.4702530903510749,1.4457273775532966,330.4618832159098,1793.173669666972,0.18181818181818182,45.363612272982586,326.03157630308584,81344.83508889387,0.5977245565556574,4519.157504938548,18.186525759742352,6.778441800260143,3.7971304360021474,24.964967560002496,10.0,32.0,31.06204221422469,299.3998410016851,3.890689797558255,0
17.89172716431569,2.6418697807256137,2.3404564957466265,2.313224088623648,326.3198522087705,1812.572613159931,0.16666666666666666,33.503583975786725,302.09543552665514,60727.67875721493,0.6041908710533104,3373.7599309563852,12.524209015020983,1.1648050764284834,2.64119395042518,13.689014091449465,11.0,35.0,107.02366618543924,219.29618602333127,3.9628046710884206,0
88.66309632364752,12.8305829917987,7.810083863762457,5.198779609575138,107.25317745209938,521.0338977293438,0.3333333333333333,6.709572871691889,173.67796590978128,3495.9149054366917,0.17367796590978127,194.21749474648288,62.06416742655326,17.65996627134386,10.703463484670165,79.72413369789712,5.0,23.0,42.841277883857245,64.41189956824213,19.24587448769805,0
14.742441726019017,1.265686805446266,1.0,1.0,145.13501018111478,744.4385428861268,0.07142857142857142,79.25610807475353,53.17418163472334,59001.3016099949,0.24814618096204227,3277.8500894441613,10.319709208213311,3.3798371586644578,1.8495961234486453,13.699546366877769,27.0,7.0,98.16842761829787,46.9665825628169,1.898530208169399,0
93.69318858567375,6.001790110587674,3.8263716196403554,4.971710672015482,173.76273481153098,806.9291516067121,0.3333333333333333,19.53951667271102,268.976383868904,15767.00561151591,0.26897638386890405,875.9447561953283,65.58523200997162,27.590110994183576,9.96335406158567,93.1753430041552,5.0,19.0,17.446601429842808,156.31613338168816,9.00268516588151,0
17.73773917295144,1.4645461140931957,1.1619465489682865,1.2273066231235399,128.67272608159857,714.7240898078178,0.2,12.034554110510758,142.94481796156356,8601.385732877734,0.2382413632692726,477.8547629376519,12.416417421066006,4.466185693539029,2.227462252044961,16.882603114605036,9.0,37.0,27.047602481729957,101.62512359986862,2.1968191711397935,0
7.160990660898981,1.0,1.0,1.0,132.508061266775,709.9188292678663,0.18181818181818182,16.360931655390573,129.0761507759757,11614.93344652645,0.2366396097559554,645.2740803625805,5.0126934626292865,0.8525648362264834,0.9737369410124165,5.86525829885577,10.0,30.0,31.07028500335347,101.43777626342154,1.5,0
45.388002349292115,2.363661406544713,1.2026339062376854,1.433764271023043,177.71651045281004,932.6433647984863,0.1111111111111111,16.986442817700592,103.62704053316514,15842.293185457362,0.31088112159949544,880.1273991920757,31.77160164450448,10.320995647153481,4.475689593804163,42.09259729165796,17.0,20.0,135.7500046679027,41.96650578490734,3.5454921098170695,0
13.934929469002359,1.2479037806593847,1.0,1.0,284.26456784993377,1551.9229697781957,0.2857142857142857,19.71482869865178,443.40656279377015,30595.89550268007,0.5173076565927319,1699.771972371115,9.754450628301651,3.3558023463767994,1.5605201647534868,13.11025297467845,6.0,37.0,34.54340433367793,249.72116351625587,1.871855670989077,0
42.29213262998022,6.094380146394202,4.36044014631659,3.8883231872789366,375.25899751007347,2048.70083618463,0.1,82.93614123637317,204.870083618463,169911.34190088432,0.68290027872821,9439.518994493574,29.604492840986154,9.830124268337434,4.387033525408882,39.43461710932359,19.0,24.0,157.00599425645984,218.25300325361363,9.141570219591303,1
1.0,1.0,1.0,1.0,276.64095491751675,1441.1481536658644,0.1,66.0831669041507,144.11481536658644,95235.63397230994,0.48038271788862147,5290.868554017219,1.0,0.2550360169879675,0.10624706135286771,1.2550360169879675,19.0,17.0,151.4307439412312,125.21021097628554,1.5,0
20.211390149377063,2.0442665730100664,1.9258735475200845,1.3441071895632477,480.91119496364087,2780.3206083457967,0.1111111111111111,81.57402264155029,308.9245120384218,226801.93625596887,0.9267735361152656,12600.107569776048,14.147973104563944,5.576979292204125,2.809480063278835,19.724952396768067,17.0,37.0,116.22732903671015,364.6838659269307,3.0663998595150996,0
11.570672239830998,1.2325385317748965,1.101709947203955,1.0,239.7754757062365,1267.3098313264936,0.06666666666666667,32.68071332097511,84.4873220884329,41416.58928643446,0.4224366104421645,2300.9216270241363,8.099470567881697,0.8632585501628403,0.9900061905191785,8.962729118044537,29.0,9.0,217.23705272625367,22.538422979982833,1.8488077976623447,0
5.607413582082877,1.0,1.0,1.0,204.67538057241188,1066.2468501843373,0.10526315789473684,78.64681086085994,112.23651054571971,83856.91435743525,0.35541561672811245,4658.717464301958,3.925189507458014,0.4272342487222697,0.3971080723767068,4.352423756180284,18.0,18.0,38.643224310596416,166.03215626181546,1.5,0
10.340940245628657,1.0,1.0,1.0,380.73868580734137,2230.3599855692537,0.07407407407407407,107.20487995420808,165.21185078290767,239105.4745076211,0.7434533285230845,13283.637472645618,7.23865817194006,2.5759281861555787,0.988883547842278,9.814586358095639,26.0,31.0,116.84975053544457,263.8889352718968,1.5,1
10.09011495081129,1.0,1.0,1.0,200.00452020272115,1057.1043348619419,0.16666666666666666,23.939961655478992,176.18405581032363,25307.037242435512,0.3523681116206473,1405.9465134686395,7.063080465567903,1.1411225721712057,0.7144660966923074,8.20420303773911,11.0,27.0,78.1283517748281,121.87616842789306,1.5,0
18.961622085105187,2.3788104509794397,2.1928326863902714,2.055044799072466,213.53349676658343,1112.3927934051965,0.10526315789473684,83.457390062162,117.09397825317856,92837.39926155547,0.37079759780173216,5157.6332923086375,13.27313545957363,1.2255911840907743,1.893129156101136,14.498726643664405,18.0,18.0,37.345673302019165,176.18782346456425,3.5682156764691593,0
3.893109697836672,1.0,1.0,1.0,97.81485126787149,509.5619061459083,0.06896551724137931,53.55469137350977,35.14220042385575,27289.43061934147,0.16985396871530278,1516.079478852304,2.7251767884856704,0.585162788774499,0.5464011015957938,3.3103395772601694,28.0,8.0,63.38683538490092,34.42801588297056,1.5,0
29.356927124936213,4.019101601801699,3.5859659699722948,1.9642850432436756,333.04352322107513,1747.7882686860678,0.13333333333333333,61.14268684544771,233.03843582480903,106864.47078441946,0.5825960895620226,5936.915043578859,20.54984898745535,7.485113044220793,3.280441442776502,28.03496203167614,14.0,23.0,123.41145403668293,209.63206918439218,6.028652402702549,0
103.48821507853748,11.832059247820123,10.347756766968972,8.010830612127204,229.28408569701617,1125.0719238293864,0.09090909090909091,84.42922708820615,102.27926580267149,94988.95294755623,0.3750239746097955,5277.164052642012,72.44175055497622,8.448907855397229,14.027132664714465,80.89065841037345,21.0,8.0,156.91617676426804,72.36790893274812,17.748088871730182,1
28.13780923576578,2.052424357280389,1.6129359703359154,1.5536363572528027,348.29611328533804,1995.0124315319488,0.10526315789473684,70.47845272697361,210.00130858231037,140605.38934544913,0.6650041438439829,7811.410519191619,19.696466465036043,6.132930771591998,1.8745153010740645,25.82939723662804,18.0,34.0,74.21324156932953,274.0828717160085,3.078636535920584,0
53.02621060766043,3.48764160545936,2.2882123904861014,2.0954889857351513,239.7229998329608,1239.3499302571752,0.15384615384615385,37.419641795391186,190.66922003956543,46376.030449366546,0.4131166434190584,2576.446136075919,37.1183474253623,2.699244392339856,7.428301815258622,39.81759181770216,12.0,23.0,90.04443265139606,149.67856718156474,5.23146240818904,0
74.69961554980374,8.42331316434145,7.352634916782268,6.985195957551216,170.3179967176415,929.8394565032554,0.2222222222222222,11.511196654747629,206.63099033405675,10703.564841152627,0.3099464855010851,594.642491175146,52.289730884862614,5.78431705703691,8.230307759891994,58.07404794189952,8.0,35.0,66.71722682491284,103.60076989272866,12.634969746512173,0
88.56948760627573,12.407141356352795,7.4864465528658695,4.021703566403151,308.0391709566357,1788.892795641562,0.09523809523809523,60.82002379417208,170.3707424420535,108800.50239614282,0.5962975985471873,6044.472355341268,61.998641324393006,12.197133218113672,4.709769201836573,74.19577454250668,20.0,35.0,89.0870852976162,218.9520856590195,18.610712034529193,1
189.45782329485135,23.082787506455734,20.537775685908347,19.69693275178517,127.17918314793118,685.7905251033603,0.06896551724137931,63.10681058811319,47.295898282990365,43278.052770820446,0.2285968417011201,2404.33626504558,132.62047630639594,13.432667711085053,21.46782508024391,146.053144017481,28.0,13.0,64.07237255981799,63.10681058811319,34.6241812596836,1
11.033737252898907,1.0,1.0,1.0,302.5994774666597,1552.1183607061587,0.1111111111111111,66.93349390708815,172.45759563401762,103888.70483940531,0.5173727869020529,5771.594713300296,7.723616077029234,2.8850510477174893,1.6014332665040178,10.608667124746724,17.0,17.0,160.85796095753187,141.74151650912785,1.5,0
8.480922402827202,1.0,1.0,1.0,268.9680121010368,1477.1328100707162,0.07407407407407407,99.32725655589965,109.41724519042342,146719.54959303103,0.4923776033569054,8151.086088501724,5.936645681979042,2.256074842078505,0.49118703893097315,8.192720524057547,26.0,18.0,123.79740636549114,145.17060573554565,1.5,1
51.42676609085099,4.16948520633393,3.0706506755838276,2.253681419879647,212.69236990778367,1161.179449317454,0.06666666666666667,125.65564746487408,77.41196328783028,145908.75552689063,0.3870598164391514,8106.0419737161465,35.99873626359569,12.285477757892313,5.566721822526636,48.284214021488,29.0,14.0,82.70376908205188,129.9886008257318,6.254227809500895,1
46.98927873131613,7.044395685329422,4.2001531876601375,5.633080832382169,216.5889647883625,1279.367319220963,0.08,24.7174818269594,102.34938553767705,31622.73846284992,0.42645577307365434,1756.8188034916623,32.89249511192129,5.197949683144673,6.651231860845896,38.09044479506596,24.0,35.0,142.4365193074843,74.1524454808782,10.566593527994133,0
50.94824734352724,6.3626167866044225,3.498559919202709,4.472915337280254,408.0166268706655,2302.7871650950096,0.08695652173913043,89.87247297041276,200.24236218217476,206957.1772516147,0.7675957216983366,11497.620958423038,35.66377314046907,9.212042719952287,2.596807550610047,44.875815860421355,22.0,27.0,179.25033203688758,228.76629483377795,9.543925179906633,1
193.86052265421253,21.603460711950262,18.831318140826177,8.761607100489394,362.6558024798464,2046.7771955836008,0.10526315789473684,82.89522820544565,215.45023111406323,169668.06271360465,0.6822590651945336,9426.003484089148,135.70236585794876,18.619747088928012,21.92393710010695,154.32211294687679,18.0,31.0,67.91721330492852,294.7385891749179,32.405191067925394,1
20.361459841446603,1.8798903958674846,1.7729823304366499,1.5994644045020163,174.57428475212396,880.6214953948222,0.08695652173913043,83.14403592865202,76.57578220824541,73218.42525265037,0.29354049846494074,4067.6902918139094,14.25302188901262,2.4498829584293276,1.9850433864450403,16.70290484744195,22.0,10.0,91.43024882347196,83.14403592865202,2.819835593801227,0
33.49472191277521,3.7452200018376582,3.0913764206584182,1.6752759855451171,126.722149418386,674.4061672342227,0.2,13.245484408386968,134.88123344684456,8932.836373020911,0.2248020557447409,496.2686873900506,23.446305338942647,5.9955995373591255,2.8369671691226164,29.441904876301773,9.0,30.0,35.47547904949799,91.246670368888,5.617830002756487,0
6.19370899208298,1.0,1.0,1.0,145.03539452685715,626.8325463586967,0.14285714285714285,14.765582958622424,89.54750662267095,9255.547964423873,0.20894418211956559,514.1971091346596,4.335596294458086,1.447800858296349,0.6983632896676356,5.783397152754436,13.0,6.0,129.13399749449454,15.901397032362611,1.5,0
260.4433441758943,13.7739327405497,13.325566770904775,10.860847038799857,61.88956170275769,287.406224195796,0.25,7.1623518971369755,71.851556048949,2058.5045151177346,0.09580207473193202,114.36136195098526,182.310340923126,19.185193051448863,14.394758184736833,201.49553397457487,7.0,17.0,25.054609088910382,36.83495261384731,20.660899110824552,0
13.411949918948979,1.2004882434873203,1.193946791775699,1.0,240.93906238111296,1245.6368824281847,0.15384615384615385,40.422280388091266,191.63644345048996,50351.483323259956,0.4152122941427282,2797.3046290699976,9.388364943264286,1.665417808373809,1.6806018822092257,11.053782751638094,12.0,23.0,79.2499408287479,161.68912155236507,1.8007323652309806,0
13.875724662644428,1.9848957987684173,1.4225535904521702,1.0,260.83771727253264,1279.902141864584,0.08,70.37381214879099,102.39217134916673,90071.59290041348,0.4266340472881947,5003.977383356305,9.713007263851098,3.908171907960287,0.7000018319692748,13.621179171811384,24.0,5.0,225.65081119813715,35.186906074395495,2.977343698152626,0
13.248709226117555,1.4922035705716818,1.1899019955461685,1.0,438.7856360214232,2622.744572910995,0.07407407407407407,125.16229583872939,194.2773757711848,328268.7321441079,0.8742481909703317,18237.151785783775,9.274096458282287,2.0837679761656474,1.0690857033665768,11.357864434447935,26.0,36.0,82.55448632657809,356.23114969484516,2.2383053558575225,1
9.263898548603093,1.0,1.0,1.0,271.52865037483434,1454.7288651269366,0.13333333333333333,34.94632820353938,193.96384868359155,50837.4323678883,0.4849096217089789,2824.301798216017,6.484728984022165,2.637593279794144,0.9300570966504631,9.122322263816308,14.0,26.0,136.7356701611824,134.7929802136519,1.5,0
8.370181270060494,1.159264760199245,1.0064677467873913,1.0,402.69852396722905,2378.696124087457,0.07407407407407407,58.73830499318261,176.19971289536718,139720.5784227504,0.7928987080291524,7762.254356819467,5.859126889042345,2.4930596245099035,0.7340835215118453,8.35218651355225,26.0,33.0,249.07526475428992,153.62325921293913,1.7388971402988673,0
10.714038174840717,1.0,1.0,1.0,250.73364212357114,1230.3225505388232,0.08333333333333333,68.95465140082638,102.5268792115686,84836.46258298015,0.4101075168462744,4713.136810165564,7.499826722388501,1.9463652792702066,0.8651327995057819,9.446192001658707,23.0,6.0,208.7612456187203,41.972396504850835,1.5,0
3.9002665085983255,1.0,1.0,1.0,221.98434496691172,1189.2926723713101,0.07692307692307693,100.83831304758692,91.48405172087001,119926.2668017794,0.3964308907904367,6662.570377876634,2.7301865560188276,0.4758754265214715,0.5190611746334796,3.206061982540299,25.0,15.0,92.91130426600046,129.07304070091126,1.5,0
7.827306831156262,1.0,1.0,1.0,248.88510665647937,1209.0791181074756,0.25,31.71923101452387,302.2697795268689,38351.05986208781,0.40302637270249186,2130.614436782656,5.4791147818093835,1.938778520472837,1.1230874810164035,7.41789330228222,7.0,21.0,49.507083136615066,199.3780235198643,1.5,0
208.2534263009181,22.433105649224125,18.97763814438412,19.322516327042404,222.40689670853652,1069.18888959134,0.125,58.32687689606982,133.6486111989175,62362.448741839675,0.3563962965304467,3464.5804856577597,145.77739841064266,18.706922944946847,28.60803733846848,164.48432135558951,15.0,12.0,121.30697675534881,101.0999199531877,33.64965847383618,1
48.55932140877094,5.07293449009766,4.794172742870434,3.9101364776793335,289.071539351659,1558.7654980754269,0.125,39.09671888002427,194.84568725942836,60942.61647813598,0.5195884993584756,3385.7009154519988,33.99152498613966,5.487772187660412,4.964857074878663,39.47929717380007,15.0,26.0,148.32335138357158,140.7481879680874,7.60940173514649,0
61.01288138178747,6.048900981107844,5.668151782903989,4.184006897432431,128.94571316964235,632.7225072961515,0.09090909090909091,66.07359623663413,57.520227936013775,41806.25147691671,0.2109075024320505,2322.569526495373,42.70901696725123,15.022590273396322,8.445184463399967,57.73160724064755,21.0,8.0,72.31120210967023,56.634511059972105,9.073351471661766,0
82.48781165409885,10.043195147935183,9.932718964655772,5.625917226496801,295.3200631290215,1526.7825777982503,0.09523809523809523,82.97244950370879,145.4078645522143,126680.89033950765,0.50892752593275,7037.827241083758,57.74146815786919,13.067016423670744,11.720376117524328,70.80848458153994,20.0,15.0,162.5641439230874,132.75591920593405,15.064792721902775,1
181.44661482340476,14.815800722631105,11.201326525262393,5.441341238852774,122.91303303151294,563.5516472993876,0.16666666666666666,30.08014734066142,93.92527454989792,16951.716584838035,0.18785054909979587,941.762032491002,127.01263037638333,18.214424847396437,16.49782292117208,145.22705522377976,11.0,12.0,51.814502953585944,71.098530077927,22.223701083946658,1
2.3971797405465325,1.0,1.0,1.0,75.77550474171298,337.9156817633953,0.2222222222222222,13.867260270103097,75.09237372519895,4685.964708362333,0.11263856058779843,260.33137268679627,1.6780258183825727,0.5100753481143218,0.18780605422215188,2.1881011664968946,8.0,13.0,27.24009379635215,48.53541094536084,1.5,0
4.591194645948317,1.0,1.0,1.0,245.7510448416822,1439.604950215318,0.07142857142857142,43.867869186551886,102.82892501537985,63152.40163635811,0.4798683167384393,3508.4667575754506,3.2138362521638215,1.0706228159800921,0.2746752009787284,4.284459068143914,27.0,30.0,145.01741930219268,100.73362553948951,1.5,0
7.656321197188458,1.0,1.0,1.0,204.07337957509213,1001.3657470510672,0.08333333333333333,19.726725001012476,83.44714558758892,19753.666717509823,0.33378858235035574,1097.4259287505456,5.35942483803192,0.6222124553004292,0.7496242229125181,5.98163729333235,23.0,6.0,192.0658078353454,12.007571739746723,1.5,0
11.4309460591683,1.3303450536230963,1.0,1.0,246.41885407112414,1283.7075286952468,0.11764705882352941,59.01641112266876,151.02441514061726,75759.81127474378,0.42790250956508225,4208.878404152432,8.00166224141781,1.363083905765386,1.6532542083073047,9.364746147183196,16.0,20.0,91.50077487411868,154.91807919700548,1.9955175804346443,0
14.003632094619562,1.656921385820114,1.5063381226788533,1.0,220.8107297077407,1276.5862570463148,0.1,26.681071542509297,127.65862570463149,34060.68925443689,0.4255287523487716,1892.2605141353827,9.802542466233692,1.4748511730619498,1.485655870950975,11.277393639295642,19.0,35.0,119.70351123086337,101.10721847687734,2.485382078730171,0
11.747341229356858,1.1530642690888346,1.144886221765214,1.0,188.92625719968976,888.0364831411612,0.125,26.93667816523311,111.00456039264515,23920.75294535892,0.29601216104705375,1328.9307191866067,8.223138860549799,1.7029375468736423,1.371575041614724,9.92607640742344,15.0,10.0,149.41912922401454,39.50712797567523,1.729596403633252,0
26.13226338000521,3.0496391416886115,1.9156944550522592,2.1768462057242153,156.31113587269334,801.764054591183,0.2,18.964949937327464,160.35281091823663,15205.415156870471,0.26725468486372767,844.745286492804,18.292584366003645,6.294248940828832,1.601604136617227,24.586833306832478,9.0,25.0,46.735869568134675,109.57526630455867,4.574458712532917,0
20.95452196987598,1.2149369950199358,1.0,1.0,256.80002077188965,1366.6712453135779,0.2,28.232588675732572,273.33424906271557,38584.66712388945,0.45555708177119264,2143.5926179938583,14.668165378913185,4.786579125790254,1.348464694031612,19.45474450470344,9.0,30.0,62.30885433906527,194.4911664328244,1.8224054925299038,0
8.43675913217256,1.1402711229364273,1.0351053069272549,1.0,212.74125766795805,1154.3903883546382,0.1,47.19288836304186,115.43903883546382,54479.01672498898,0.3847967961182127,3026.6120402771653,5.905731392520791,1.819226619411725,0.8137028600574524,7.724958011932516,19.0,23.0,93.51711864553653,119.22413902242154,1.7104066844046408,0
1.4760084743848012,1.0,1.0,1.0,349.84681571178146,2022.5902862609794,0.08695652173913043,78.90551398597647,175.8774161966069,159593.52612046586,0.6741967620869931,8866.307006692548,1.0332059320693607,0.07611980346128382,0.2142079141876334,1.1093257355306445,22.0,32.0,113.13027375385207,236.71654195792942,1.5,1
6.101639792798232,1.0,1.0,1.0,142.81820170900443,686.5777849451981,0.125,16.927679593589687,85.82222311814976,11622.16875962884,0.22885926164839937,645.6760422016022,4.2711478549587625,0.521908813940405,0.5252197822164437,4.793056668899167,15.0,12.0,113.47689041344897,29.34131129555546,1.5,0
10.390725360712862,1.1188626132236843,1.0,1.0,205.89677691422435,1056.1028410698373,0.11764705882352941,22.672523778559697,124.24739306703968,23944.516776760338,0.35203428035661244,1330.250932042241,7.273507752499003,1.099592144645611,1.4313058362095339,8.373099897144614,16.0,18.0,152.04953294014507,53.84724397407928,1.6782939198355264,0
14.931971849897595,1.8506856963319924,1.0,1.0,205.85660641508318,1055.8967952108103,0.2857142857142857,17.361038978426045,301.68479863166004,18331.46541885002,0.3519655984036034,1018.4147454916679,10.452380294928316,1.7618078518616764,0.9262131815845299,12.214188146789994,6.0,28.0,38.03322962363143,167.82337679145175,2.7760285444979886,0
5.177897308323014,1.0,1.0,1.0,336.4043354414049,1944.8744723759742,0.08,54.53092222577,155.58995779007793,106055.79859201971,0.6482914907919914,5891.988810667762,3.6245281158261093,0.44844026438387247,0.5783800389132548,4.072968380209982,24.0,30.0,195.5327863581657,140.87154908323916,1.5,0
11.145460001162073,1.5835077406858782,1.0,1.3509800838831785,204.38713851055923,1181.6355685475316,0.1,40.32954291440603,118.16355685475317,47654.82237092624,0.39387852284917724,2647.4901317181243,7.80182200081345,1.7005618917598522,1.2266837910916095,9.502383892573302,19.0,35.0,51.5593969401785,152.8277415703807,2.3752616110288174,0
5.169702450748038,1.0,1.0,1.0,179.84642994973652,1066.6219371302905,0.08,29.61213624739672,85.32975497042324,31584.95412676438,0.3555406457100968,1754.7196737091322,3.6187917155236264,0.35565043618632214,0.7030147828148643,3.9744421517099484,24.0,36.0,88.54234318692997,91.30408676280655,1.5,0
17.27079246911502,1.9100635919198026,1.075344658629218,1.0373323543582014,103.13094540675415,402.9213207258633,0.2222222222222222,31.42544022165947,89.53807127241407,12661.979878502701,0.1343071069086211,703.4433265834834,12.089554728380513,4.10190902281036,0.8692678348015963,16.191463751190874,8.0,6.0,48.136425018850076,54.994520387904075,2.8650953878797036,0
5.541639557404229,1.0,1.0,1.0,274.66435049579695,1595.0733677655212,0.07407407407407407,94.68416185843844,118.153582797446,151028.18492959513,0.531691122588507,8390.45471831084,3.8791476901829602,1.368398146637636,0.3823352618847916,5.2475458368205965,26.0,29.0,56.16243851478516,218.50191198101177,1.5,0
7.252269195340664,1.0,1.0,1.0,106.34014778955353,516.5984169807083,0.08695652173913043,28.030626685824977,44.92160147658333,14480.57737287438,0.17219947232690277,804.4765207152434,5.076588436738464,1.403797615492746,0.5219368396170101,6.480386052231211,22.0,6.0,88.50247626221035,17.83767152734317,1.5,0
4.176940508657385,1.0,1.0,1.0,73.99394149548291,295.97576598193166,0.18181818181818182,10.501531924571355,53.813775633078485,3108.1989553587155,0.09865858866064389,172.67771974215086,2.923858356060169,0.30252000911805055,0.6056422089525683,3.2263783651782196,10.0,5.0,61.39210318599729,12.601838309485625,1.5,0
16.706521719528737,1.659399384161238,1.0608230896550062,1.1241988292483438,214.01530310256007,1168.4019126303613,0.07142857142857142,124.50469045701108,83.45727947359723,145471.51846142282,0.38946730421012044,8081.751025634601,11.694565203670116,4.5528745370314105,1.0920947266391154,16.247439740701527,27.0,16.0,57.231618823360954,156.78368427919912,2.489099076241857,0
7.101192133341982,1.0056360531238595,1.0,1.0,191.51846191130016,997.7064959839025,0.08333333333333333,79.54874073754627,83.14220799865853,79366.29538118921,0.33256883199463416,4409.238632288289,4.970834493339387,2.069350994290906,0.3813072817287066,7.040185487630293,23.0,13.0,94.67651666559168,96.8419452457085,1.5084540796857893,0
59.62894556460901,8.679919811255518,8.239899121483969,5.904920562268038,262.55245253710217,1466.3456018920867,0.125,38.83380777272678,183.29320023651084,56943.78323226064,0.4887818672973622,3163.543512903369,41.740261895226304,5.998128708902564,6.168384815864334,47.73839060412887,15.0,32.0,91.68369833710433,170.86875419999782,13.019879716883278,0
32.68840147505012,4.664860819812603,3.9122358789536698,3.4070733854346775,466.09781961151134,2817.2789199056165,0.06896551724137931,103.78877454978874,194.29509792452527,292401.92666195636,0.9390929733018721,16244.551481219798,22.881881032535084,7.392807402048774,3.3621931960592444,30.274688434583858,28.0,37.0,184.38543154779904,281.7123880637123,6.997291229718904,1
18.47055344278945,1.408283776820712,1.1393279670815024,1.0,265.7530928545277,1340.5633387967007,0.2857142857142857,23.257445731985896,383.01809679905733,31178.07910235409,0.4468544462655669,1732.1155056863383,12.929387409952612,4.811295790347223,2.482529130344612,17.740683200299834,6.0,26.0,56.43608126665467,209.31701158787308,2.112425665231068,0
7.713849913258631,1.0,1.0,1.0,324.90441078625514,1751.987715020391,0.15384615384615385,47.79024619083936,269.5365715415986,83727.9242241506,0.583995905006797,4651.551345786144,5.399694939281042,1.426760473047746,1.1176285886847968,6.826455412328787,12.0,29.0,85.95317983205835,238.9512309541968,1.5,0
31.709755130912797,2.5293746159639094,2.312888297116088,1.3043733755356748,207.8747020985374,1090.9113684918034,0.125,41.77382797661027,136.36392106147542,45571.543845105094,0.3636371228306011,2531.752435839172,22.196828591638955,4.148611835085878,3.293202166258912,26.34544042672483,15.0,22.0,79.76829630359926,128.10640579493815,3.794061923945864,0
46.00918577058063,4.3308957837792565,4.065994957735537,1.7016782413391478,139.3759054035687,602.372641314047,0.2,22.2507084477223,120.4745282628094,13403.21801876326,0.20079088043801566,744.6232232646256,32.20643003940644,7.80498349459461,6.579286798979549,40.01141353400105,9.0,10.0,84.98528475358087,54.39062064998784,6.496343675668885,0
23.836692487744134,1.9407058252264278,1.593940188803819,1.0,228.08034790757827,1252.5837648681832,0.08695652173913043,21.971755267156134,108.920327379842,27521.463933296764,0.4175279216227277,1528.970218516487,16.685684741420893,4.244532795269662,2.920374193807963,20.930217536690556,22.0,22.0,182.13940507625182,45.94094283132646,2.9110587378396415,0
137.6125635995299,12.030266395316396,11.368645501827723,8.235663378851504,285.4510653830476,1594.2334959552238,0.07142857142857142,121.01730327173193,113.87382113965884,192929.83846596675,0.5314111653184079,10718.324359220374,96.32879451967092,20.663800860889662,10.521294162689356,116.99259538056059,27.0,20.0,97.20192696035348,188.2491384226941,18.045399592974594,1
34.86783537253703,3.9074184758928308,2.9997203332512385,3.083742032498709,196.73105311251163,1060.8362853002102,0.08695652173913043,71.33653863331564,92.2466335043661,75676.3886499415,0.3536120951000701,4204.243813885639,24.40748476077592,9.848790516229196,4.980593819191512,34.256275277005116,22.0,19.0,67.02825559739227,129.70279751511936,5.861127713839246,0
60.11916410916669,7.5901988373249525,4.8474457860871905,5.70461123931596,176.8196535171905,875.9992750587508,0.10526315789473684,30.117307825548647,92.21045000618429,26382.739821901854,0.2919997583529169,1465.7077678834364,42.08341487641668,14.186365911655768,7.018570789700493,56.26978078807245,18.0,12.0,133.31687554695355,43.502777970236934,11.38529825598743,0
23.57716122222335,2.913095484000248,2.7384214851117883,2.301997578789052,327.521763481328,1788.0826713418085,0.07407407407407407,114.88104697428332,132.45056824754136,205416.8093603203,0.5960275571139362,11412.044964462239,16.504012855556343,2.6011599917693045,2.1551787178851707,19.105172847325647,26.0,17.0,168.45569844001264,159.06606504131537,4.369643226000372,0
45.18645364988519,5.939413959013886,4.5777226142889464,4.154702779191026,218.95745210057473,1029.196304436517,0.13333333333333333,59.79983762420854,137.22617392486893,61545.77188873922,0.34306543481217233,3419.209549374401,31.630517554919628,8.874135858540853,5.3330954247668165,40.50465341346048,14.0,11.0,116.44344474478865,102.51400735578608,8.909120938520829,0
7.720371779141319,1.0,1.0,1.0,263.5560224179106,1280.3501480576258,0.25,33.1200131203302,320.08753701440645,42405.21370228528,0.4267833826858753,2355.8452056825154,5.404260245398922,1.7152526603195113,0.6958470119490915,7.119512905718434,7.0,21.0,55.373082804406444,208.18293961350412,1.5,0
11.587442447958283,1.0,1.0,1.0,414.7502897052075,2340.7909897635955,0.14285714285714285,56.871186113409955,334.3987128233708,133123.56003143854,0.7802636632545318,7395.7533350799185,8.111209713570798,0.9853857399442156,0.7116819064030642,9.096595453515013,13.0,36.0,91.02199952118157,323.7282901840259,1.5,0
30.546076976951756,3.938559116996483,2.7520992021894624,3.5281802478336064,328.77655427779143,1672.6385029625892,0.25,33.64396423455582,418.1596257406473,56274.18997101433,0.5575461676541964,3126.343887278574,21.382253883866227,4.2644289281638645,3.7235018644533793,25.646682812030093,7.0,26.0,69.23740161121796,259.53915266657344,5.907838675494724,0
30.280967440246624,3.1282626182020503,3.046622813244834,1.2822729473956587,161.3080891980141,813.7015765554112,0.125,28.03221732698545,101.7126970694264,22809.859433311976,0.27123385885180373,1267.2144129617764,21.196677208172634,8.369267879717196,4.009465387217619,29.56594508788983,15.0,17.0,94.03076761324904,67.27732158476508,4.692393927303075,0
36.93406099685481,3.9820113407920292,2.4880604206926864,1.7070736264469741,282.4034472352547,1541.7623090483191,0.11764705882352941,67.4074029722956,181.38380106450813,103926.19325351699,0.513920769682773,5773.677402973166,25.853842697798367,7.08370451934661,4.538480310789538,32.937547217144974,16.0,27.0,46.47753683222014,235.92591040303458,5.973017011188044,0
75.22408588778063,4.156784143322533,4.035273540609381,1.9676266564878473,421.2984898185283,2377.748089505045,0.11764705882352941,66.6539937699016,279.7350693535347,158486.4063442647,0.7925826965016816,8804.80035245915,52.65686012144644,7.842068566163054,5.484698438936888,60.49892868760949,16.0,33.0,138.01901629644652,283.2794735220818,6.235176214983801,0
3.632912229896248,1.0,1.0,1.0,128.1393830092723,651.9043495604179,0.25,12.967577093062747,162.97608739010448,8453.619910227646,0.21730144985347263,469.64555056820257,2.5430385609273736,0.29316221017791355,0.5291827154957905,2.836200771105287,7.0,26.0,28.103788291359702,100.03559471791262,1.5,0
6.237983311388847,1.0,1.0,1.0,219.39793158882327,1086.9404231838603,0.07692307692307693,29.03646241674923,83.61080178337387,31560.904747023662,0.3623134743946201,1753.38359705687,4.366588317972193,1.1200718438217354,0.32765291900602944,5.486660161793928,25.0,5.0,205.46042962878363,13.937501960039631,1.5,0
26.45611094636853,3.595866688106293,2.8113709173036407,2.7937591795239856,430.79244005889086,2365.8487958128358,0.16666666666666666,52.50348781940809,394.3081326354726,124215.31343352052,0.7886162652709453,6900.850746306696,18.51927766245797,4.945214110368702,2.2029614610779817,23.464491772826673,11.0,33.0,106.22542444800452,324.56701561088636,5.393800032159439,0
8.42129520996506,1.1932835495283762,1.0,1.0,175.6523217203491,844.423053393166,0.10526315789473684,35.38239093853555,88.88663719928063,29877.706592668877,0.28147435113105534,1659.8725884816042,5.894906646975541,1.1251154648321755,0.6400962778079397,7.020022111807717,18.0,9.0,136.33855401086515,39.31376770948395,1.7899253242925643,0
500.0,50.0,46.74042496124673,30.6018772555384,539.2289946787109,3282.5364680314296,0.06896551724137931,122.40138351908442,226.3818253814779,401787.0051388958,1.0941788226771432,22321.500285494214,350.0,103.8020035523898,27.40631138074255,453.8020035523898,28.0,39.0,189.51075605275545,349.7182386259555,75.0,1
37.29515938414205,3.89911281419847,3.4622115353206726,3.440469950546983,113.7085824045605,557.9555736409142,0.125,14.231120661777819,69.74444670511427,7940.333092395309,0.18598519121363805,441.1296162441838,26.106611568899435,2.505159549157575,3.3779333258962443,28.61177111805701,15.0,14.0,85.24634108100487,28.462241323555638,5.848669221297705,0
18.283572539965764,2.4372909629024497,1.9865065039802705,1.7484483914679023,103.9366327360023,533.1204051312228,0.16666666666666666,11.42821270442656,88.8534008552038,6092.613386909675,0.1777068017104076,338.4785214949819,12.798500777976034,1.5775966545632538,2.053455165082814,14.376097432539288,11.0,23.0,54.06806820759549,49.86856452840681,3.6559364443536744,0
10.820439288810041,1.122755399696251,1.1127962268927623,1.0,202.89377739074644,1087.0139637843288,0.06666666666666667,76.12098249138052,72.46759758562192,82744.57090511303,0.3623379879281096,4596.920605839612,7.574307502167028,2.0187526432701555,1.4959829322911016,9.593060145437184,29.0,11.0,139.897102225466,62.99667516528042,1.6841330995443764,0
11.288734258814008,1.1479045673600214,1.0,1.0,329.75352252965797,1985.8970003153654,0.07692307692307693,47.649681683668696,152.7613077165666,94627.35992157967,0.6619656667717885,5257.075551198871,7.902113981169805,0.7388919481492618,1.6816711334173566,8.641005929319066,25.0,39.0,177.27454114191812,152.47898138773982,1.721856851040032,0
20.82530416228573,2.9261302459944427,2.8902588042593798,1.4638401828046257,239.96100364431868,1199.8050182215934,0.13333333333333333,49.707161212835445,159.97400242954578,59638.901464709714,0.39993500607386445,3313.272303594984,14.57771291360001,5.627563450655074,2.7241363508390126,20.205276364255084,14.0,17.0,112.14258909702755,127.81841454729114,4.389195368991664,0
22.97434868874594,2.9635364118560643,1.5668046229875274,2.408865397624147,202.76525280174062,994.9469120890449,0.125,45.671602231805444,124.36836401113061,45440.81961069396,0.3316489706963483,2524.4899783718865,16.08204408212216,1.965147504364215,2.225480400490372,18.047191586486374,15.0,14.0,111.42204833812973,91.34320446361089,4.445304617784096,0
11.61109406948583,1.6360873654309045,1.0,1.0,83.87765365904512,394.26185472345816,0.1,21.333360519632013,39.42618547234582,8410.930285954315,0.13142061824115273,467.2739047752397,8.127765848640081,2.536791466797191,1.420854720314935,10.664557315437271,19.0,6.0,68.15833538142154,15.71931827762359,2.4541310481463565,0
14.47202251965249,1.0394487551466935,1.0,1.0,169.90390485165975,864.3798025161522,0.08333333333333333,34.51073023731452,72.03165020967934,29830.378187218124,0.2881266008387174,1657.2432326232292,10.130415763756742,2.138977380546805,1.9444953726410077,12.269393144303548,23.0,10.0,136.8936411464024,33.010263705257366,1.5591731327200402,0
100.80031597263536,10.325737272948208,7.149950733896796,6.241749297292434,227.91514147489784,1149.6937993687245,0.09523809523809523,47.11748455815982,109.49464755892613,54170.67983836798,0.3832312664562415,3009.4822132426652,70.56022118084475,15.114698617193472,9.730327040966186,85.67491979803822,20.0,12.0,166.66241154929008,61.25272992560777,15.488605909422311,0
105.78470620858937,14.201301971646796,12.658577908743498,12.154160535789012,252.0065911009842,1463.4917172212586,0.07407407407407407,43.79272856298621,108.40679386824137,64090.295526449154,0.4878305724070862,3560.57197369162,74.04929434601256,25.517638826968536,13.59391057654326,99.5669331729811,26.0,29.0,150.9464482633237,101.06014283766049,21.301952957470192,1
27.17889562290199,1.6610323012891868,1.0,1.0,249.04022250456447,1297.363425303386,0.07692307692307693,95.5370484973601,99.79718656179894,123946.27248191081,0.43245447510112867,6885.904026772823,19.02522693603139,4.752652084214474,2.6707407510917904,23.777879020245866,25.0,11.0,157.32465594709876,91.7155665574657,2.49154845193378,1
4.016811092720044,1.0,1.0,1.0,339.9292921283064,1937.7464382077835,0.08,61.65907323407507,155.0197150566227,119479.64954252185,0.6459154794025945,6637.75830791788,2.8117677649040305,0.9295457836003993,0.35608869298054663,3.7413135485044298,24.0,27.0,196.05812124879787,143.8711708795085,1.5,0
38.3288849418757,2.617760823127209,1.7212639640447571,1.5437591929958907,179.8334227009516,957.0605446719491,0.11764705882352941,21.063821166339956,112.59535819669989,20159.352158329846,0.3190201815573164,1119.9640087961025,26.83021945931299,6.75729836722121,3.9328917661326623,33.587517826534196,16.0,23.0,116.64195920193171,63.19146349901987,3.9266412346908135,0
129.68895503813383,16.964855439983094,12.120742068288228,11.469636417817568,268.78802974790307,1509.1667966058828,0.08695652173913043,62.22876149624524,131.2318953570333,93913.58064403993,0.5030555988686276,5217.421146891107,90.78226852669367,25.707766292750836,15.249537219950344,116.4900348194445,22.0,26.0,116.0447060753011,152.74332367260197,25.44728315997464,1
103.93205022181975,11.557253728887106,7.366275889773885,6.964672644914463,293.7631382423036,1613.3040003435174,0.07142857142857142,34.765494468264244,115.23600002453695,56087.31129957113,0.5377680001145058,3115.9617388650627,72.75243515527382,24.9622602381467,12.751236749355396,97.71469539342051,27.0,17.0,247.40914561795128,46.35399262435233,17.33588059333066,0
48.48774198258872,3.361344788816231,2.654392832373271,2.95888886102528,131.89658242219653,715.7057764632253,0.1111111111111111,24.77666996975728,79.52286405146948,17732.805818878212,0.23856859215440845,985.1558788265673,33.941419387812104,9.786144506763712,4.154120715316628,43.727563894575816,17.0,25.0,56.10912133823309,75.78746108396344,5.042017183224346,0
110.7092667116005,10.77593274446061,5.703855838554753,7.70762855469074,109.26157757963159,426.87302990721327,0.2,14.688294960846159,85.37460598144266,6270.036974107253,0.1422910099690711,348.33538745040295,77.49648669812035,22.574037669833658,11.860507946305601,100.07052436795401,9.0,5.0,89.67718429850338,19.58439328112821,16.163899116690914,0
21.414347193109098,2.5309727583920365,1.4549012237674572,1.1409407054738434,227.75966278801727,1138.7983139400862,0.2222222222222222,34.02551629425635,253.06629198668583,38748.20058684006,0.37959943798002876,2152.6778103800034,14.990043035176367,5.295872945264009,3.0191464395010894,20.285915980440375,8.0,23.0,23.60656502247918,204.1530977655381,3.7964591375880548,0
42.67970710382402,4.8392509708530795,4.224176615591069,4.093068247751017,385.8381054095701,2240.6988205676475,0.10526315789473684,82.34652068776414,235.8630337439629,184513.7517829225,0.7468996068558825,10250.76398794014,29.875794972676815,12.260672184009158,6.300860217031911,42.136467156685974,18.0,37.0,38.1527958390104,347.6853095705597,7.258876456279619,0
8.873500119058424,1.0,1.0,1.0,178.32230918753382,783.2481855145459,0.15384615384615385,45.92032978483495,120.49972084839168,35967.01498220153,0.26108272850484865,1998.167499011196,6.211450083340896,1.2793727151520315,0.6453236023705832,7.490822798492927,12.0,8.0,109.4418145102814,68.88049467725241,1.5,0
28.523221568436075,3.99144415598649,2.4657434686513477,2.0873778479594565,84.18348904545888,369.760605644674,0.14285714285714285,26.57551339251205,52.82294366352485,9826.577927333401,0.12325353521489134,545.9209959629667,19.96625509790525,5.5414712150472445,1.9761776849159491,25.507726312952496,13.0,7.0,51.47516487005943,32.70832417539945,5.987166233979735,0
99.03180812916386,10.093949889663662,9.049136420231816,3.646683861117005,356.8570309626295,2116.425317701902,0.06666666666666667,58.70991881960495,141.0950211801268,124255.15859003527,0.7054751059006339,6903.064366113071,69.3222656904147,7.087537107299588,11.652930587804956,76.40980279771428,29.0,31.0,227.29031356763926,129.56671739499023,15.140924834495493,1
9.90155589809512,1.0,1.0,1.0,444.5634045140554,2657.2799125246356,0.08333333333333333,71.68426546388446,221.4399927103863,190485.15866126365,0.8857599708415452,10582.508814514647,6.931089128666584,1.3832569648812763,0.9056793624567683,8.31434609354786,23.0,39.0,195.22682898750074,249.3365755265546,1.5,1
7.143964573482334,1.0,1.0,1.0,310.8976469942753,1654.5749221732074,0.25,26.387285813262686,413.64373054330184,43659.741370841286,0.5515249740577358,2425.54118726896,5.000775201437634,1.0931144967452648,0.37450258142872384,6.093889698182899,7.0,32.0,62.103237897798536,248.79440909647676,1.5,0
22.578242624245092,3.2108979201737053,1.6424760507576315,1.4620842005994352,188.86460802063397,816.259255534267,0.2,40.69220033978754,163.25185110685342,33215.38515540623,0.27208641851142235,1845.299175300346,15.804769836971564,5.843459828231477,1.9120652784696444,21.64822966520304,9.0,10.0,89.39478496782,99.46982305281398,4.816346880260558,0
15.30233384311468,1.0361463784620752,1.0,1.0,139.3335989583139,720.3442567955235,0.07692307692307693,34.688246534447835,55.41109667657874,24987.47916939672,0.2401147522651745,1388.1932871887066,10.711633690180275,2.729142174617155,1.9996244312347653,13.44077586479743,25.0,10.0,108.80794200799981,30.525656950314097,1.5542195676931128,0
43.77125245627489,4.5011935188482015,3.8237220390375772,3.5258574310438586,233.64989996833935,1318.6864341765572,0.08695652173913043,25.397063917162836,114.66838558057019,33490.76365547757,0.4395621447255191,1860.597980859865,30.63987671939242,10.188485319798769,5.679000171337207,40.82836203919119,22.0,27.0,169.0028281791976,64.64707178914176,6.751790278272303,0
11.659118396724768,1.5198449002860734,1.0,1.0,294.14533747383337,1596.1104774942162,0.3333333333333333,18.390088364644754,532.0368258314054,29352.61272085397,0.5320368258314054,1630.7007067141094,8.161382877707338,0.6383583016645413,1.1597151917516324,8.799741179371878,5.0,37.0,14.615994331233129,279.5293431426002,2.2797673504291103,0
157.92615316284656,11.298878379735742,10.668031644108446,8.605165916415658,236.20981733088243,1191.5354134786378,0.15384615384615385,49.47317867446426,183.31314053517505,58949.0444079803,0.3971784711595459,3274.946911554461,110.54830721399259,26.23519277982754,15.359549190785389,136.78349999382013,12.0,20.0,63.053691970257546,173.15612536062488,16.948317569603613,1
4.273309913916883,1.0,1.0,1.0,447.60891825959544,2551.5676558411674,0.08333333333333333,97.38601575641059,212.63063798676393,248487.00793529555,0.8505225519470558,13804.833774183086,2.991316939741818,1.1765679242288347,0.4613069855901884,4.167884863970652,23.0,28.0,202.0267915695166,245.58212669007884,1.5,0
90.42147038557627,6.697381858438156,3.700271246055926,2.3247063226485563,170.61592727148576,845.2647973816302,0.09090909090909091,70.19184431023335,76.84225430742093,59330.69505873232,0.2817549324605434,3296.1497254851292,63.29502926990339,9.591771896120285,6.504890835970537,72.88680116602367,21.0,9.0,103.7665517379302,66.84937553355557,10.046072787657234,0
8.021945119138065,1.0105204139203638,1.005837882805572,1.0,305.0501732901926,1612.3128627722974,0.09090909090909091,95.51858712678884,146.57389661566341,154005.84665835803,0.5374376209240992,8555.88036990878,5.615361583396646,0.46431456609914334,0.8230865648716729,6.079676149495789,21.0,17.0,141.30402392998317,163.74614936020944,1.5157806208805458,0
2.327560488624273,1.0,1.0,1.0,187.8614229806632,939.307114903316,0.125,42.974386647223724,117.4133893629145,40366.1471363433,0.31310237163443866,2242.56372979685,1.6292923420369911,0.3685742854352553,0.11894913155231088,1.9978666274722463,15.0,16.0,90.45281324695608,97.40860973370712,1.5,0
26.72101107587813,3.6233045984242,1.964015285085254,2.541815096880033,126.80033897358547,507.2013558943419,0.2857142857142857,25.13839964406219,144.9146731126691,12750.230384482184,0.1690671186314473,708.3461324712324,18.70470775311469,6.041833174225255,2.606793766853885,24.746540927339943,6.0,9.0,43.00567349337816,83.7946654802073,5.4349568976363,0
14.79768007484151,2.063622317238942,1.0370394638997487,1.2293258229190462,438.81894950864205,2423.8436551028385,0.18181818181818182,47.35936088300367,440.6988463823343,114791.686385994,0.8079478850342795,6377.315910333,10.358376052389056,2.4211353987247284,1.237161590865279,12.779511451113784,10.0,35.0,97.83155115101559,340.98739835762643,3.095433475858413,0
5.30403981002578,1.0,1.0,1.0,344.4652985050872,2026.3663939973032,0.07407407407407407,110.64666717898008,150.1012143701706,224210.68797928962,0.6754554646657678,12456.149332182757,3.7128278670180457,0.8751378121543573,0.623155516130231,4.587965679172403,26.0,32.0,63.59298951229164,280.8723089927956,1.5,1
2.6707190143995088,1.0,1.0,1.0,261.94865071444156,1485.8841646078379,0.10526315789473684,39.0813251438746,156.40885943240397,58070.3221631734,0.49529472153594595,3226.1290090651887,1.869503310079656,0.5807512156139323,0.30402225623062534,2.4502545256935884,18.0,32.0,118.65045852023468,143.29819219420688,1.5,0
19.88502737400012,2.0863770407601425,1.3897141005876705,1.5806893899279186,183.70026875633624,990.5701597839327,0.25,12.137065711832031,247.64253994598317,12022.615121477545,0.3301900532613109,667.9230623043081,13.919519161800084,2.2588834727869305,1.7515445589436647,16.178402634587016,7.0,34.0,62.32961163801594,121.37065711832031,3.129565561140214,0
64.78047653673846,5.7293714790888925,5.261618044448797,1.833434502638952,234.08611854059876,1237.239290339332,0.11764705882352941,48.85882832584349,145.55756356933318,60450.062084677855,0.41241309677977733,3358.336782482103,45.34633357571692,15.415968578255997,3.286138547439527,60.76230215397292,16.0,22.0,93.61698710379872,140.46913143680004,8.594057218633338,0
40.526018166212964,4.652864780529704,3.9935684408064445,2.6669286098574023,195.37339799454742,1039.7631757807922,0.2222222222222222,21.793457261785843,231.0584835068427,22660.034333757416,0.34658772526026405,1258.8907963198565,28.368212716349074,3.577571342055339,3.0486654770823125,31.945784058404413,8.0,31.0,21.02573990026066,174.34765809428674,6.979297170794556,0
21.499893434944376,3.027805533062207,2.0440132785102776,1.182597244817825,455.6096398734793,2645.8868846561422,0.11764705882352941,70.37212055282653,311.28080995954616,186196.67081616467,0.8819622948853807,10344.259489786926,15.049925404461062,3.2021436318630867,2.436685800379029,18.252069036324148,16.0,39.0,103.74903710934667,351.86060276413264,4.541708299593311,1
35.68095552852776,3.270803188804805,2.836292793959211,2.5974905801884027,163.1696502081565,911.296377668342,0.1111111111111111,23.03434222506431,101.2551530742602,20991.11263167404,0.30376545922278064,1166.1729239818912,24.97666886996943,7.635796812602497,2.0422827797922345,32.61246568257193,17.0,30.0,79.16204915203959,84.0076010561169,4.906204783207207,0
19.440199107721213,1.5832293068031067,1.5361185273308773,1.0,108.79945648704819,528.5456918942893,0.2857142857142857,11.655945755325297,151.0130548269398,6160.699913930714,0.17618189729809644,342.2611063294841,13.608139375404848,4.99792456419116,1.1812689666740461,18.60606393959601,6.0,22.0,19.43720569622092,89.36225079082728,2.37484396020466,0
3.612250222052134,1.0,1.0,1.0,349.2861442151444,1906.9038196800664,0.2857142857142857,23.41045954559508,544.8296627657332,44641.49472796093,0.6356346065600221,2480.083040442274,2.5285751554364935,0.8954145829968904,0.41433775221940355,3.423989738433384,6.0,37.0,52.75365663760671,296.5324875775377,1.5,0
3.650730256043234,1.0,1.0,1.0,197.3200276093869,1107.8947014595094,0.1,25.345018850999864,110.78947014595094,28079.612093414133,0.36929823381983645,1559.9784496341185,2.5555111792302636,0.8412063759879883,0.4584468045198356,3.396717555218252,19.0,29.0,117.28312597465049,80.03690163473641,1.5,0
15.739882300326544,1.0,1.0,1.0,415.4017409999544,2482.97248666594,0.07142857142857142,59.930263472278526,177.3551776189957,148805.19532030835,0.8276574955553133,8266.955295572687,11.01791761022858,2.200027817850256,1.2931095707987728,13.217945428078835,27.0,35.0,255.5877050738784,159.81403592607606,1.5,0
16.563741449198194,1.6537932497026844,1.238682980701049,1.0,207.9942316879068,999.9020934644483,0.09090909090909091,45.87518837188679,90.90019031494985,45870.69689112552,0.33330069782148275,2548.3720495069733,11.594619014438734,1.3346413407624595,1.6392688776451714,12.929260355201194,21.0,6.0,177.4107727733156,30.58345891459119,2.4806898745540265,0
55.766828104900696,5.544975175326127,4.2757182831946725,4.28834518179724,341.26928163463896,1916.1279950881328,0.16666666666666666,37.383755284317346,319.35466584802214,71632.06006180438,0.6387093316960443,3979.558892322466,39.03677967343049,5.811380541581441,8.062273718034502,44.84816021501193,11.0,37.0,82.98151785208273,258.2877637825562,8.31746276298919,0
49.837368220964265,5.4245175825956515,3.527636761457945,1.8666034387681474,154.2658744517819,891.8665117271851,0.10526315789473684,28.59134642444846,93.88068544496684,25499.664401156373,0.297288837242395,1416.6480222864652,34.88615775467498,13.267128727795567,7.204208678760813,48.15328648247055,18.0,36.0,36.72367248460492,117.542201967177,8.136776373893477,0
41.51935146487001,3.5823728096069067,2.986372811161002,1.4865284555423048,282.2277927512449,1491.6874020320247,0.11764705882352941,67.98830967010396,175.49263553317937,101417.30502034616,0.4972291340106749,5634.294723352565,29.063546025409007,10.974928192842613,3.3526991501804817,40.03847421825162,16.0,22.0,86.76140244969599,195.4663903015489,5.37355921441036,0
14.348720067244658,1.597166929909043,1.3137372829718401,1.0076854375211322,192.36479087587549,1043.8222847754027,0.09090909090909091,55.93020469829581,94.89293497958207,58381.1940561311,0.34794076159180093,3243.399669785061,10.04410404707126,4.130856078369986,1.8796649310104907,14.174960125441245,21.0,21.0,75.17769531754142,117.18709555833408,2.3957503948635646,0
3.831350668050152,1.0,1.0,1.0,521.9294996027261,3044.357366330741,0.10526315789473684,81.87106163346671,320.45867014007797,249244.76957316248,1.0147857887769136,13846.931642953472,2.6819454676351064,0.26435232645356105,0.41912832775310493,2.9462977940886677,18.0,38.0,167.15489919103695,354.7746004116891,1.5,1
32.93333492709317,4.793351360664528,2.669325632109449,1.6530097839818758,97.1392711738948,433.185937284249,0.18181818181818182,26.321896833244157,78.76107950622709,11402.275550808175,0.144395312428083,633.4597528226764,23.053334448965217,6.066395095691903,4.859262499924044,29.11972954465712,10.0,11.0,33.96671877410882,63.17255239978598,7.190027040996792,0
37.72047973164394,4.087437263591024,3.0185067975965065,1.3318935974326138,262.4476102948173,1568.7228319857415,0.08333333333333333,47.09611122698378,130.72690266547846,73880.74497950947,0.5229076106619138,4104.4858321949705,26.40433581215076,8.003182898475002,3.6876052841667493,34.40751871062576,23.0,39.0,98.63504950530853,163.8125607895088,6.131155895386536,0
1.1431210046293951,1.0,1.0,1.0,278.3488773755754,1663.769156465767,0.06896551724137931,42.63097656121903,114.74270044591496,70928.10391257127,0.5545897188219223,3940.450217365071,1.0,0.26024789393645875,0.14571441955739386,1.2602478939364588,28.0,34.0,171.7714359725278,106.57744140304757,1.5,0
7.380151568220977,1.0843184349317563,1.0,1.0,73.5484616428908,349.71466106913067,0.18181818181818182,9.552756506777781,63.58448383075103,3340.7390040437244,0.11657155368971023,185.59661133576247,5.1661060977546835,1.5569596443065634,0.9359044225846437,6.723065742061247,10.0,16.0,41.069089519846344,32.479372123044456,1.6264776523976345,0
8.764721529453626,1.0569045166688735,1.0156146580650696,1.0,324.969318516394,1934.9311172992504,0.08695652173913043,67.10911221169889,168.2548797651522,129851.5094727433,0.6449770390997501,7213.972748485739,6.135305070617537,2.1254699282229415,0.874222132912829,8.260774998840478,22.0,39.0,80.93618320112533,244.0331353152687,1.5853567750033104,0
23.15058942539122,1.9353051202217644,1.432639944531637,1.5392089842055148,233.05705245424735,1272.3590411151292,0.06896551724137931,37.501453177326965,87.74889938725029,47715.31300512765,0.4241196803717097,2650.8507225070916,16.205412597773854,3.2380241894627475,2.9994600823269666,19.443436787236603,28.0,15.0,190.19824882301654,42.85880363123081,2.9029576803326465,0
7.659659114058883,1.0,1.0,1.0,65.47350251075713,273.01959505160215,0.2,20.535288436197703,54.60391901032043,5606.536133118545,0.09100653168386738,311.47422961769695,5.361761379841218,0.7265814228150433,0.5829309525181345,6.0883428026562605,9.0,8.0,24.40292563836172,41.07057687239541,1.5,0
19.18710650799398,1.2345341442203086,1.0,1.0,263.74062656049125,1544.987578034396,0.06896551724137931,90.86515601660192,106.550867450648,140385.53732180732,0.5149958593447986,7799.196517878185,13.430974555595785,1.9406960632034576,1.1939235282223266,15.371670618799243,28.0,29.0,69.02957795348713,194.7110486070041,1.851801216330463,0
15.60135971345996,1.0417720676834643,1.0,1.0,290.7804844296577,1751.187030085992,0.06896551724137931,57.28555503545102,120.77151931627532,100317.72098935912,0.5837290100286641,5573.2067216310625,10.920951799421971,0.8267889465029653,1.4433812374219208,11.747740745924936,28.0,36.0,139.38294612168,151.3975383079777,1.5626581015251966,0
16.59365899535408,1.0,1.0,1.0,159.2962204949231,817.0753984481297,0.18181818181818182,16.328612826858823,148.5591633542054,13341.707831610915,0.2723584661493766,741.2059906450509,11.615561296747854,2.282963370853879,2.39551148314168,13.898524667601734,10.0,24.0,77.65315636062898,81.64306413429412,1.5,0
8.502216103372954,1.1921417922176623,1.0,1.0,325.55277872776514,1755.4839207677667,0.2857142857142857,23.910171194217973,501.56683450507614,41973.92107425428,0.5851613069225889,2331.8845041252375,5.951551272361067,0.6201177418637503,0.8508546923223197,6.571669014224818,6.0,35.0,38.63072439714951,286.92205433061565,1.7882126883264933,0
9.329840647393508,1.0,1.0,1.0,141.1907759988345,620.154705355334,0.15384615384615385,51.063090017349154,95.40841620851293,31667.015544242066,0.20671823511844467,1759.2786413467813,6.530888453175455,1.2163516007875075,1.0591786857073042,7.747240053962963,12.0,8.0,64.59614097281077,76.59463502602372,1.5,0
5.494126037047613,1.0,1.0,1.0,138.01185447661516,640.9072046735178,0.1,22.194559797924512,64.09072046735177,14224.653279047034,0.21363573489117257,790.258515502613,3.8458882259333285,1.1375726372760735,0.6176290218874846,4.983460863209402,19.0,5.0,123.99423776213652,14.01761671447864,1.5,0
31.692527536289493,4.2091115501166225,3.290898536348054,2.124029150152173,116.26168383285803,552.8112274373372,0.1,26.971756571603024,55.28112274373372,14910.289856488933,0.18427040914577905,828.3494364716074,22.184769275402644,8.671693978637467,2.0047833014649195,30.85646325404011,19.0,7.0,93.54862566729759,22.71305816556044,6.313667325174934,0
39.85800065361073,5.147824227459375,5.147493320875806,3.7471077301018667,394.0201929604191,2124.681951427117,0.125,69.91184241904597,265.5852439283896,148540.42977876368,0.7082273171423723,8252.246098820204,27.90060045752751,10.35914868626932,3.5485453719698445,38.25974914379683,15.0,26.0,142.33756025185355,251.6826327085655,7.721736341189063,0
7.966605240559374,1.101467320762505,1.0,1.0,111.76796657389843,624.2199020970784,0.07407407407407407,28.56912456536118,46.238511266450246,17833.41613918899,0.20807330069902613,990.7453410660551,5.576623668391561,0.9015691873118292,0.9615206346714755,6.478192855703391,26.0,21.0,63.42021730944106,48.34774926445738,1.6522009811437575,0
124.55758202672243,18.27576879992393,15.481997073821807,7.925376108873653,368.84448410147377,2025.6397220768001,0.07407407407407407,120.95409126434126,150.0473868205037,245009.41181275214,0.6752132406922667,13611.633989597341,87.1903074187057,10.403147097019602,18.3347527446492,97.5934545157253,26.0,18.0,192.06542763820573,176.779056463268,27.413653199885896,1
13.769806537389071,1.2930820689943532,1.0,1.0444702232357246,335.0963956439326,2039.8868567193617,0.06896551724137931,27.807177552880777,140.68185218754218,56723.496012583164,0.6799622855731206,3151.305334032398,9.638864576172349,1.3531322913481545,0.9198475019894253,10.991996867520504,28.0,39.0,255.64731692141612,79.4490787225165,1.9396231034915297,0
125.99254626263146,18.27314583805524,12.375392548785548,14.453013443052907,194.97432551799122,881.9784413210612,0.3333333333333333,21.22485238452515,293.99281377368703,18719.8622233731,0.2939928137736871,1039.99234574295,88.19478238384202,36.88389747822228,11.470889198798874,125.0786798620643,5.0,17.0,42.15538834941014,152.81893716858107,27.409718757082857,1
9.294728313246166,1.1370147718171415,1.030677161508417,1.0,250.2766785967525,1490.1964762766654,0.08695652173913043,47.81850052874891,129.58230228492744,71258.96098877549,0.4967321587588885,3958.8311660430827,6.506309819272316,1.7415404165970425,0.5531235190063675,8.247850235869358,22.0,39.0,76.39122212857463,173.88545646817786,1.7055221577257123,0
1.7649223023426395,1.0,1.0,1.0,126.93083786198714,574.1795092029262,0.11764705882352941,65.20258879144026,67.5505304944619,37437.990431029386,0.19139316973430873,2079.8883572794102,1.2354456116398476,0.16877167601733806,0.13102367703691425,1.4042172876571857,16.0,6.0,69.87857266947691,57.052265192510234,1.5,0
32.54544401024826,3.8461656403672824,3.835954320524653,1.748833891857741,200.88669540894904,1022.0035981946033,0.11764705882352941,34.26869300197316,120.23571743465922,35022.7275534428,0.34066786606486776,1945.7070863023775,22.78181080717378,8.467886426560229,2.853452211868326,31.24969723373401,16.0,17.0,123.7821361545094,77.10455925443962,5.769248460550924,0
27.065344969815342,3.2118895773632152,2.3400551927265165,2.2930032269873353,222.23978117538655,1254.2893646008856,0.06666666666666667,99.90431742661951,83.61929097339237,125308.92282591977,0.4180964548669619,6961.6068236622095,18.945741478870737,4.0272640875832355,2.8165368496339442,22.97300556645397,29.0,20.0,77.5507697299376,144.68901144544895,4.817834366044822,1
20.93186322781033,2.9427281038677493,1.571417224814227,1.4284475629684146,185.50913625871493,973.538500167265,0.125,18.940999656132014,121.69231252090813,18439.792396899444,0.3245128333890884,1024.432910938858,14.652304259467229,5.752191935528583,1.5292126057796258,20.40449619499581,15.0,22.0,127.42340397991009,58.08573227880485,4.414092155801624,0
9.293553854138594,1.0,1.0,1.0,136.3400900899889,625.1142004075432,0.15384615384615385,21.662511703964515,96.17141544731435,13541.543682642825,0.20837140013584773,752.3079823690458,6.505487697897015,1.070331921901534,0.6761642773924507,7.5758196197985495,12.0,11.0,93.01506668205987,43.32502340792903,1.5,0
19.26930334410478,2.0905488800245475,1.094027556510111,1.0,364.64616737506634,2014.1456975349145,0.16666666666666666,43.75498006665597,335.6909495891524,88128.90484698107,0.6713818991783048,4896.050269276726,13.488512340873346,2.8577425051805467,2.462289349024367,16.346254846053892,11.0,34.0,86.20538513271015,278.4407822423562,3.1358233200368213,0
10.875240052851689,1.0,1.0,1.0,144.17649110153587,762.030745975831,0.07142857142857142,77.08989951420314,54.43076756970221,58744.87363401007,0.2540102486586103,3263.604090778337,7.612668036996181,1.91661903626573,1.5906579195849524,9.529287073261912,27.0,11.0,75.65213597779974,68.52435512373613,1.5,0
13.973749312484541,1.162721084336685,1.0,1.0,372.603406354877,2046.2831708930153,0.07692307692307693,111.90706086976925,157.4063977610012,228993.5353619091,0.6820943902976717,12721.863075661617,9.781624518739179,3.8169831933841682,1.1508961141870262,13.598607712123346,25.0,19.0,193.55210896324618,179.0512973916308,1.7440816265050276,0
55.144593426235865,3.100470168547787,2.6966084829487333,1.2855525715010472,169.52152914536774,831.8235971165803,0.2857142857142857,15.611282391851148,237.66388489045153,12985.833074792354,0.27727453237219346,721.4351708217974,38.601215398365106,14.734048509282223,6.5511336861277805,53.33526390764733,6.0,23.0,44.63127001055856,124.89025913480918,4.65070525282168,0
25.054680977328,2.560270133197828,1.9128238071662993,1.5488913944016574,183.46169245769036,818.1348721545362,0.125,57.59035024185891,102.26685901931702,47116.6738324582,0.27271162405151206,2617.592990692122,17.5382766841296,4.850304812410014,1.8993464114468332,22.388581496539615,15.0,6.0,129.71069889862204,53.75099355906831,3.840405199796742,0
41.76011363846842,5.501676359790359,2.829638501442088,2.3229286584081876,155.70989839838597,850.0875426509494,0.07407407407407407,68.65295630341801,62.96944760377403,58361.02291969563,0.28336251421698316,3242.2790510942013,29.232079546927892,4.403348304593235,5.9631448437672026,33.63542785152113,26.0,17.0,60.65195890134566,95.05793949704031,8.252514539685539,0
15.207029560775068,1.0742894902200273,1.0,1.0,374.7779129049486,2115.1926435394466,0.13333333333333333,66.9257396182192,282.02568580525957,141560.83210389374,0.7050642145131488,7864.490672438541,10.644920692542547,2.2938168262293983,1.7836360862938057,12.938737518771944,14.0,35.0,30.588394868392726,344.18951803655585,1.6114342353300408,0
13.324163415902715,1.3689792391217785,1.0,1.0,228.4618986170197,1098.297432819155,0.25,32.26225017063671,274.5743582047887,35433.54653937964,0.3660991442730516,1968.530363298869,9.3269143911319,3.916081770017158,1.735707928930513,13.242996161149058,7.0,20.0,34.8883975931994,193.57350102382028,2.0534688586826677,0
5.032017327900412,1.0,1.0,1.0,122.89828694352379,630.3800960310458,0.08,50.54283975762156,50.43040768248367,31861.200180091237,0.21012669867701528,1770.0666766717354,3.5224121295302884,1.0161822148912665,0.2764359064530349,4.538594344421555,24.0,10.0,76.56735049903736,46.330936444486426,1.5,0
12.883611340021929,1.0,1.0,1.0,381.33552111456646,2118.162034331653,0.13333333333333333,61.684097496573074,282.42160457755375,130656.91343925326,0.7060540114438844,7258.717413291848,9.01852793801535,3.1600205408970394,1.4152723949506678,12.17854847891239,14.0,32.0,90.53906148786486,290.7964596267016,1.5,0
1.0,1.0,1.0,1.0,521.5654824392948,3068.183560058573,0.08695652173913043,93.97926577068046,266.7985704398759,288345.6382239772,1.0227278533528577,16019.202123554287,1.0,0.16246617384035494,0.10276123313583822,1.162466173840355,22.0,36.0,205.4534066651878,316.112075774107,1.5,1
9.892072120599993,1.0,1.0,1.0,143.9692856687853,726.2378179958578,0.10526315789473684,30.957722700412223,76.44608610482713,22482.668984068205,0.24207927266528592,1249.037165781567,6.924450484419995,1.8102671904303884,0.7844382594581593,8.734717674850383,18.0,14.0,92.37308116809827,51.59620450068704,1.5,0
18.20599594530389,1.9796374005605641,1.7430445648726565,1.6266990333469258,346.58637693783385,1903.4014673317265,0.08695652173913043,73.59244417027871,165.51317107232404,140075.96621823666,0.6344671557772422,7781.99812323537,12.744197161712723,2.862684004271977,1.388079721653164,15.6068811659847,22.0,22.0,192.71126639997834,153.87511053785548,2.969456100840846,0
39.50425490122632,2.099009048514371,1.8061503843970435,1.5868298958814218,76.70562408975024,399.5943715770185,0.06896551724137931,32.12481719649712,27.558232522553,12836.896139660863,0.13319812385900615,713.1608966478257,27.652978430858422,8.917305315777414,4.2665575090376135,36.57028374663584,28.0,8.0,56.053955892002094,20.65166819774815,3.1485135727715563,0
14.549935301423451,1.0,1.0,1.0,153.1953207127617,720.0853701116279,0.15384615384615385,48.43624926029143,110.78236463255814,34878.234475416015,0.24002845670387596,1937.6796930786675,10.184954710996415,3.8247088058440464,1.7554287931451915,14.009663516840462,12.0,13.0,40.177405772081684,113.01791494068001,1.5,0
30.484191894034648,3.2008324835850477,1.6545449465240178,2.406917315473818,68.76747418956529,323.2373669968751,0.13333333333333333,21.79335535317949,43.098315599583344,7044.426802388991,0.10774578899895837,391.35704457716616,21.33893432582425,5.390851497625467,1.6253340638132214,26.729785823449717,14.0,11.0,31.407436441257587,37.3600377483077,4.8012487253775715,0
1.4685178198786029,1.0,1.0,1.0,151.0528248801677,798.374935787049,0.07407407407407407,30.798211333033393,59.138884132373995,24588.5199953665,0.266124978595683,1366.0288886314722,1.027962473915022,0.24996649899568876,0.156749824402157,1.2779289729107106,26.0,12.0,120.25461354713428,30.798211333033393,1.5,0
18.761291366036687,1.0,1.0,1.0,214.73306542213976,1043.1691508462404,0.1111111111111111,40.53032362191923,115.90768342736004,42279.9832762008,0.3477230502820801,2348.8879597889336,13.13290395622568,2.5341179575899044,1.2578686571703408,15.667021913815585,17.0,11.0,157.5137850147244,57.21928040741538,1.5,0
2.6767320027918133,1.0,1.0,1.0,115.69806448137759,583.6266360910163,0.07692307692307693,72.3556871274688,44.89435662238587,42228.706280258666,0.19454221203033875,2346.039237792148,1.8737124019542692,0.2523466974409938,0.1714079416496353,2.1260590993952633,25.0,7.0,69.39042471979755,46.307639761580035,1.5,0
4.711638767705175,1.0,1.0,1.0,267.84138760544636,1362.6331067916374,0.15384615384615385,50.62528610128405,209.63586258332884,68983.69088240818,0.45421103559721243,3832.4272712448987,3.298147137393622,1.341930934279551,0.5291733320872106,4.640078071673173,12.0,21.0,82.21533856740484,185.62604903804151,1.5,0
16.04506527121758,1.9612142846746652,1.9044828304328996,1.2448332852605988,103.65938132868779,404.98586205964756,0.2222222222222222,33.57922355716763,89.99685823547723,13599.110799593158,0.13499528735321586,755.5061555329532,11.231545689852306,2.070133192841066,1.3010463957234206,13.301678882693372,8.0,6.0,44.89574010364443,58.76364122504336,2.941821427011998,0
92.89936267367125,5.8636693883357145,4.209922558946869,3.4001557293992097,180.86482750203126,869.4814187189894,0.2222222222222222,20.960572382123853,193.21809304866431,18224.828211971115,0.2898271395729965,1012.4904562206175,65.02955387156987,23.240899799758605,8.740717401048409,88.27045367132848,8.0,19.0,76.06196559141199,104.80286191061927,8.795504082503571,0
31.35733202607955,3.425709025372651,3.4007095428938166,2.211162083421597,108.77936593078209,590.2656393890451,0.2,10.847380720779443,118.05312787780902,6402.836116847278,0.1967552131296817,355.7131176026266,21.950132418255684,7.175710116398558,2.6967268209636073,29.125842534654243,9.0,33.0,26.821378262670756,81.95798766811134,5.1385635380589765,0
20.52979399344041,2.406610233481909,1.271699849769053,1.517553862241509,226.29715445747027,1131.4857722873514,0.3333333333333333,19.242225966424176,377.1619240957838,21772.304908147187,0.3771619240957838,1209.572494897066,14.370855795408286,5.08583354954608,2.3575108087916745,19.456689344954366,5.0,26.0,18.48111402008916,207.8160404373811,3.6099153502228636,0
19.620276222158743,1.0540624573542257,1.0,1.0,99.13413912506286,486.44037497651743,0.09090909090909091,60.866269798054,44.22185227059249,29607.811103987264,0.16214679165883913,1644.8783946659591,13.73419335551112,5.57592619432711,1.903401777880014,19.31011954983823,21.0,8.0,46.96305072673087,52.171088398331996,1.5810936860313385,0
8.530477408892834,1.156176266890121,1.0,1.0,88.66019956986298,362.3952712396542,0.2857142857142857,15.22672025115192,103.54150606847263,5518.091415506537,0.1207984237465514,306.56063419480756,5.971334186224984,1.7559364173018206,1.2484001055363243,7.727270603526804,6.0,10.0,32.82889198230594,55.83130758755705,1.7342644003351815,0
10.456459317396549,1.4704577829142238,1.1032401234052651,1.187746470955247,184.89648926833232,1003.2973029849063,0.15384615384615385,25.97894146647591,154.35343122844714,26064.601907718028,0.3344324343283021,1448.0334393176681,7.319521522177584,2.87016827452398,0.8912905643446978,10.189689796701565,12.0,30.0,50.67195835820681,134.2245309101255,2.2056866743713357,0
33.5437734008646,4.529926504634607,4.463896940288593,2.22823538772978,188.8395455235725,897.9107949242642,0.16666666666666666,31.036439273545845,149.65179915404403,27867.953859728204,0.29930359830808806,1548.219658873789,23.48064138060522,3.0834889199686297,4.160381686241739,26.56413030057385,11.0,15.0,98.55172218234823,90.28782334122428,6.79488975695191,0
3.809764506331826,1.0,1.0,1.0,271.2341086757462,1530.8063031276404,0.1,43.29643542458163,153.08063031276404,66278.45625090842,0.5102687677092135,3682.1364583838013,2.6668351544322784,0.7873950572045809,0.28851063448867786,3.454230211636859,19.0,30.0,129.95100360605878,141.28310506968742,1.5,0
40.92187905910585,5.094631528421238,4.829708018543598,2.966339454397642,369.6470449919193,2096.7952655970407,0.06666666666666667,111.50367771966225,139.78635103980272,233800.38353924605,0.6989317551990136,12988.91019662478,28.64531534137409,9.946836260952447,4.128007205694618,38.59215160232654,29.0,21.0,200.46905121036278,169.17799378155652,7.641947292631857,1
12.601193345806612,1.4282596170514308,1.2077651909759397,1.0,234.1297581898054,1228.6959997201732,0.2,27.59464986429594,245.73919994403465,33905.435901939236,0.4095653332400577,1883.635327885513,8.820835342064628,1.4858102695855482,1.3263634953664256,10.306645611650175,9.0,28.0,56.29757017545378,177.8321880143516,2.142389425577146,0
54.091036588536646,6.375315645105689,4.013248681616889,3.3653643710472205,304.88184637045435,1611.4231872972186,0.2857142857142857,26.224820925768427,460.4066249420624,42259.28452250055,0.5371410624324062,2347.7380290278084,37.86372561197565,12.721587071622153,4.4847380457859565,50.585312683597806,6.0,32.0,16.408816187001648,288.4730301834527,9.562973467658534,0
63.64445146877294,8.314481184569173,7.905696165317719,5.480139798137786,308.7473455384572,1751.3462670987744,0.16666666666666666,34.043033938461065,291.8910445164624,59621.14040884068,0.5837820890329248,3312.2855782689267,44.55111602814106,15.568655266001795,6.184843871067833,60.11977129414285,11.0,39.0,61.16164416783126,247.58570137062594,12.471721776853759,0
2.6974292369870554,1.0,1.0,1.0,256.665973947198,1433.4698397061738,0.15384615384615385,22.785579289196733,220.53382149325753,32662.440691297154,0.477823279902058,1814.5800384053973,1.8882004658909386,0.6953891353469199,0.21020489816268415,2.5835896012378585,12.0,35.0,119.95249821201759,136.7134757351804,1.5,0
9.995181072809041,1.0,1.0,1.0,245.24867357802094,1191.4133953222713,0.16666666666666666,45.75648488386911,198.56889922037854,54514.88901350268,0.3971377984407571,3028.6049451945933,6.996626750966328,1.2815893951365105,0.5057569435814365,8.278216146102839,11.0,17.0,95.5001775944493,149.74849598357164,1.5,0
7.194859224956365,1.0,1.0,1.0,352.4767387848799,1999.3979855388197,0.16666666666666666,34.629697027498885,333.2329975898033,69238.54647660092,0.6664659951796066,3846.585915366718,5.036401457469455,1.5857588270136962,0.5148988784863646,6.622160284483151,11.0,39.0,100.6243967667062,251.85234201817372,1.5,0
2.281256623763997,1.0,1.0,1.0,227.6391618344657,1203.1645310598276,0.10526315789473684,31.32624261555848,126.64889800629763,37690.62400641481,0.4010548436866092,2093.923555911934,1.5968796366347977,0.28758278570831597,0.27376543424419736,1.8844624223431137,18.0,20.0,154.54459573149592,73.0945661029698,1.5,0
5.8180204123474155,1.0,1.0,1.0,203.3815257995423,1116.94146219847,0.07692307692307693,82.9832419458411,85.91857401526693,92687.42359695716,0.3723138207328233,5149.301310942064,4.072614288643191,1.36583903562116,0.7394488819794731,5.438453324264351,25.0,19.0,70.60833868619653,132.77318711334576,1.5,0
375.96912073718096,45.07195198520489,25.714599540882713,17.114588603038932,190.98904334527197,1048.8837690607743,0.08695652173913043,51.153898127327814,91.20728426615429,53654.49346994248,0.3496279230202581,2980.805192774582,263.17838451602665,62.314406489184925,29.333218595484734,325.4927910052116,22.0,22.0,84.03089271540473,106.95815062986725,67.60792797780734,1
41.73799543479336,6.07194988417635,5.008336027179395,2.7434218761186693,291.6623239569451,1572.7358310411782,0.18181818181818182,42.40821747631755,285.95196928021426,66696.9231555913,0.524245277013726,3705.384619755072,29.21659680435535,8.321975865765559,3.789989453926476,37.538572670120914,10.0,31.0,20.24973210851277,271.4125918484323,9.107924826264526,0
200.4862292467697,24.18321374061058,14.40527251758819,7.866234562468676,254.8541664499205,1423.3509627753538,0.2222222222222222,21.942951845772136,316.3002139500786,31232.521635812995,0.4744503209251179,1735.1400908784997,140.34036047273878,30.866858924103855,10.773441492789134,171.20721939684265,8.0,39.0,35.424647992199134,219.42951845772137,36.27482061091587,1
54.321393041853305,8.115138028267516,5.728973505297662,2.788089663180681,344.8137327923212,1984.364241420863,0.13333333333333333,53.31369815266496,264.58189885611506,105793.79619205387,0.6614547471402876,5877.43312178077,38.02497512929731,4.915854212048863,4.003828354709576,42.94082934134617,14.0,39.0,40.16402906280717,304.64970372951404,12.172707042401274,1
8.246494548106728,1.0,1.0,1.0,215.66889792795533,1246.859477940943,0.08695652173913043,29.485756384958904,108.42256329921243,36764.59481284369,0.41561982598031433,2042.477489602427,5.772546183674709,0.7793546137284957,1.0549074846162663,6.551900797403205,22.0,32.0,127.21162877307862,88.45726915487671,1.5,0
12.703462117502017,1.0,1.0,1.0,185.85885055290345,911.989045888651,0.11764705882352941,38.39230400882514,107.29282892807659,35013.360702475475,0.30399634862955033,1945.1867056930819,8.892423482251411,0.881521524600239,1.4049854686789502,9.773945006851651,16.0,13.0,118.67231853745945,67.186532015444,1.5,0
40.69573990324984,5.400364899254554,3.2723147647623096,2.415293518225009,337.77575107455937,1759.6270232632098,0.09523809523809523,92.8558258049806,167.58352602506758,163391.62035386515,0.5865423410877366,9077.312241881396,28.487017932274885,8.323018248976839,2.8721853592835975,36.810036181251725,20.0,16.0,179.92084720609233,157.85490386846703,8.10054734888183,0
33.95402637477126,2.664134472442209,2.046550835449622,1.8462073422744563,392.7043463016149,2204.920959006505,0.06666666666666667,116.64232390038175,146.99473060043368,257187.10467517714,0.7349736530021684,14288.172481954285,23.767818462339882,8.901373955424015,2.5718205479746428,32.669192417763895,29.0,19.0,231.81838230108838,160.88596400052654,3.996201708663314,1
10.046151051004868,1.0,1.0,1.0,186.5836929018942,971.9990469592512,0.16666666666666666,17.343649330908523,161.9998411598752,16858.01062043854,0.3239996823197504,936.556145579919,7.032305735703407,0.554640028563346,1.3228792027221905,7.586945764266753,11.0,25.0,104.59553242850846,81.98816047338573,1.5,0
3.2805404996698186,1.0,1.0,1.0,188.9742466684067,1066.5434717675028,0.18181818181818182,20.582797929612944,193.9169948668187,21952.44876253836,0.35551449058916756,1219.5804868076866,2.296378349768873,0.21835236730319274,0.232617944543684,2.5147307170720654,10.0,39.0,24.311863231503104,164.66238343690358,1.5,0
500.0,38.42770531048397,23.972871842351815,32.58151682123996,190.50242757147387,1058.1626604060355,0.2,20.324069931491394,211.6325320812071,21506.171908985245,0.3527208868020118,1194.787328276958,350.0,82.1833740378638,41.70788629235656,432.1833740378638,9.0,37.0,18.876948149990984,171.62547942148288,57.64155796572596,1
16.95597693473909,1.5792893628309315,1.3306785793926927,1.2235874368241069,216.70219750598991,1073.585227336903,0.25,24.15980920662779,268.39630683422575,25937.6142595137,0.35786174244563435,1440.9785699729832,11.869183854317363,3.974992793423595,1.9742839119459135,15.844176647740959,7.0,23.0,51.03493437482791,165.667263131162,2.368934044246397,0
13.586998300791809,1.1939594436781775,1.0174106229065811,1.0,286.5479765582131,1564.389083478448,0.11764705882352941,62.14596229993303,184.04577452687622,97220.4650042784,0.5214630278261493,5401.136944682134,9.510898810554265,1.2150432902203807,1.4417332181564808,10.725942100774645,16.0,27.0,69.03710850844752,217.5108680497656,1.7909391655172664,0
23.011667195621037,2.6080010265318783,1.770790741528435,2.2295364914040365,212.46777324595325,1106.8409564238198,0.1,71.74379880998997,110.68409564238198,79408.9748923274,0.3689469854746066,4411.609716240411,16.108167036934724,2.7133707994603897,2.2111225381028614,18.821537836395112,19.0,17.0,76.53215444807752,135.93561879787572,3.912001539797817,0
15.010135798807037,1.9710577851189088,1.8539474740099238,1.0,95.45431607396108,412.5466904183108,0.13333333333333333,35.4607892942988,55.0062253891081,14629.231262984036,0.13751556347277027,812.7350701657798,10.507095059164925,1.621117936791673,2.1010303858776274,12.128212995956599,14.0,5.0,65.05935382170496,30.394962252256114,2.9565866776783634,0
23.27255313671871,1.8550288035975613,1.5248552103210273,1.0,379.85746510460586,2225.197811440116,0.08,98.84351364327246,178.01582491520927,219946.37023406112,0.7417326038133719,12219.242790781173,16.290787195703096,3.485362829535133,1.6749499986588448,19.77615002523823,24.0,33.0,99.80084311533392,280.05662198927195,2.782543205396342,1
94.09799538537402,6.715972974469002,5.7523627384204685,6.020423656799448,294.00978929716644,1675.9850804318612,0.08333333333333333,61.03148762700882,139.66542336932176,102287.86269942853,0.5586616934772871,5682.65903885714,65.86859676976181,9.997880887197368,11.681512316173809,75.86647765695918,23.0,28.0,140.10429875949205,153.9054905376744,10.073959461703502,0
17.297151320257893,2.0183964075137633,1.2890891507709403,1.659149128254931,170.2446420031511,912.0945230394702,0.09523809523809523,28.486138308233286,86.86614505137811,25982.050733484422,0.3040315076798234,1443.4472629713568,12.108005924180524,2.389595740540785,1.1399926980883048,14.497601664721309,20.0,20.0,110.4237515558612,59.820890447289905,3.027594611270645,0
4.976602716531149,1.0,1.0,1.0,280.44193342888343,1540.145900442094,0.125,47.23762681592117,192.51823755526175,72752.83728715451,0.5133819668140314,4041.8242937308064,3.483621901571804,1.155246904728981,0.5552564026632956,4.638868806300785,15.0,29.0,91.49142616519876,188.95050726368467,1.5,0
16.544065320798335,2.3180406745761553,2.1620082711075415,1.6222249349692508,348.2776057778809,1853.5083750094097,0.15384615384615385,55.649378372965515,285.1551346168323,103146.5888783591,0.6178361250031366,5730.366048797729,11.580845724558834,3.3543474955494177,2.2675685763302145,14.935193220108252,12.0,27.0,88.58050670404188,259.69709907383907,3.477061011864233,0
11.504265300592685,1.0,1.0,1.0,302.6856832588672,1610.8714416555426,0.25,28.318857928717883,402.71786041388566,45618.03949767227,0.5369571472185142,2534.3355276484594,8.052985710414879,0.808697234124782,1.1019956272051918,8.86168294453966,7.0,32.0,35.6793085023843,267.0063747564829,1.5,0
110.90552632238311,15.005968676761725,8.427291144981787,6.252827160545339,240.87456405346464,1345.2754076161561,0.07142857142857142,85.23778090548778,96.09110054401114,114668.29045192669,0.44842513587205207,6370.460580662594,77.63386842566817,23.227656009819203,13.578102669365698,100.86152443548737,27.0,20.0,108.28246042270587,132.59210363075877,22.508953015142588,1
81.88721532900814,8.360702478760732,5.744242103953521,3.5117390054763815,144.24232648106124,685.8560354677808,0.16666666666666666,36.99323348940025,114.30933924463012,25372.032460173992,0.22861867848926026,1409.557358898555,57.32105073030569,13.860991035456275,10.81233348160192,71.18204176576197,11.0,15.0,36.6256472391696,107.61667924189163,12.541053718141098,0
22.85180255168319,2.5623773942550656,2.1284891440011244,1.4906590057047873,195.5978833330392,1003.2769011305409,0.07142857142857142,111.5631115548616,71.66263579503863,111928.69284124239,0.3344256337101803,6218.260713402355,15.99626178617823,6.481717123786125,1.4534350278955939,22.477978909964357,27.0,7.0,129.4864098190471,66.11147351399207,3.8435660913825984,0
4.3297810469728315,1.0,1.0,1.0,190.38707457577715,943.2149424086659,0.16666666666666666,28.35472880738135,157.20249040144432,26744.60389906754,0.31440498080288865,1485.8113277259745,3.030846732880982,0.5296451395997785,0.5220966437122574,3.5604918724807604,11.0,19.0,87.27896982166314,103.108104754114,1.5,0
4.613234712165152,1.0,1.0,1.0,168.22127261375712,771.2882267576672,0.10526315789473684,34.88364833655824,81.18823439554392,26905.34726834205,0.25709607558588904,1494.7415149078918,3.229264298515606,1.0681557691494707,0.6550059897620675,4.297420067665077,18.0,5.0,144.96550705605162,23.255765557705494,1.5,0
20.453375170885714,1.4875788997937833,1.0,1.1446969937429246,152.0087162808816,633.8649464567992,0.2857142857142857,26.999314430009875,181.10427041622833,17113.918995548494,0.21128831548559973,950.7732775304719,14.317362619619999,4.759811411402511,2.20154119062905,19.07717403102251,6.0,11.0,44.011458560842094,107.9972577200395,2.231368349690675,0
30.071791208533128,2.268089762889083,1.6216158517498125,1.0,98.74888097478329,426.7855630236041,0.13333333333333333,51.96067956381556,56.904741736480545,22176.067882732103,0.14226185434120137,1232.0037712628946,21.050253845973188,3.168820870185482,2.063292488099886,24.21907471615867,14.0,5.0,54.21115563436995,44.53772534041334,3.402134644333624,0
12.812901805148504,1.2865372107373265,1.0,1.0,319.2444216074219,1885.7418716933614,0.08333333333333333,51.29514465558949,157.14515597444677,96729.40209161305,0.6285806238977871,5373.855671756281,8.969031263603952,3.5338739939681463,0.803295309472034,12.502905257572099,23.0,36.0,154.2078692372644,165.0365523701575,1.92980581610599,0
11.288635356196451,1.4815836645170992,1.0294008101886258,1.0115122810676729,159.58490692952816,758.8082794931337,0.14285714285714285,34.46540598685599,108.40118278473338,26152.635418918544,0.2529360931643779,1452.9241899399192,7.902044749337516,1.9506287784946588,0.8576375112858524,9.852673527832174,13.0,13.0,85.35172480399218,74.23318212553598,2.2223754967756486,0
9.861525968560816,1.2265577941824226,1.0,1.0,293.063217755615,1686.5458492056,0.09523809523809523,51.641360605311455,160.62341421005712,87095.52237621763,0.5621819497352,4838.64013201209,6.903068177992571,2.1667827864787546,0.5951561774779045,9.069850964471325,20.0,33.0,117.48259169755607,175.58062605805895,1.839836691273634,0
19.529521575908806,2.1306707240284757,2.022297423020974,1.0,242.97909637577516,1398.3173650199212,0.08333333333333333,35.53238945590831,116.52644708499344,49685.55719684734,0.46610578833997374,2760.3087331581855,13.670665103136164,1.6885983998408503,1.9791101385918257,15.359263502977015,23.0,30.0,147.19613349463103,95.78296288114414,3.1960060860427135,0
1.1510622106673944,1.0,1.0,1.0,391.44412528542955,2209.2543494431243,0.08695652173913043,102.49209690643941,192.1090738646195,226431.11087409745,0.7364181164810414,12579.50615967208,1.0,0.1317401971862421,0.06557655315039805,1.1317401971862422,22.0,27.0,130.55515134176557,260.888973943664,1.5,0
5.35702104543114,1.0,1.0,1.0,257.5459439137236,1430.5618288579633,0.14285714285714285,33.02353329332664,204.3659755511376,47242.2061834532,0.47685394295265443,2624.5670101918445,3.749914731801798,1.0527980936882304,0.38752937985384794,4.802712825490028,13.0,33.0,84.80746207170725,172.7384818420163,1.5,0
9.464415088663628,1.3938338494999798,1.0,1.0,487.5783612002013,2856.224773546226,0.09523809523809523,87.65721275284756,272.0214070044025,250368.70264469538,0.9520749245154086,13909.372369149743,6.625090562064539,1.2280723775551488,0.8895702587355291,7.853162939619688,20.0,37.0,154.4809527393806,333.0974084608207,2.09075077424997,1
85.54168781866984,9.069066050198298,5.565949338865258,3.455828689130559,87.57278247476633,425.42691295285573,0.1111111111111111,27.386538192094786,47.269656994761746,11650.970399528367,0.14180897098428524,647.2761333071315,59.87918147306888,14.963228302333048,8.331031154088748,74.84240977540193,17.0,11.0,48.909434438867805,38.66334803589852,13.603599075297447,0
7.5641775964018265,1.0,1.0,1.0,214.08554800225477,1060.6218320199227,0.13333333333333333,42.05248507829111,141.41624426932304,44601.78376472759,0.3535406106733076,2477.8768758181996,5.294924317481279,1.0854693173293997,0.8058863352589113,6.3803936348106784,14.0,16.0,111.95808424069065,102.12746376156413,1.5,0
24.94221551724288,1.821008188221722,1.2625882831373256,1.1162469128349901,166.23477466439738,1001.1269563449048,0.06666666666666667,30.89675621123709,66.74179708966032,30931.57550668632,0.3337089854483016,1718.4208614825734,17.459550862070014,5.241318487433147,3.0070708231741365,22.70086934950316,29.0,35.0,89.52558682960185,76.70918783479554,2.731512282332583,0
26.36009467165895,2.929537110486784,2.6407819715936487,1.1633109743815466,352.8880750413768,2092.886482628587,0.08,94.73367546375725,167.43091861028697,198266.828827821,0.6976288275428624,11014.823823767834,18.452066270161264,4.528304204023389,1.4424998748624867,22.980370474184653,24.0,36.0,60.79257569479194,292.09549934658486,4.394305665730176,1
95.3448011588129,9.752128721122077,6.760945431957424,6.057472362456928,336.09094327917677,1823.718439890379,0.10526315789473684,57.432768646782755,191.97036209372408,104741.19923509572,0.6079061466301263,5818.955513060873,66.74136081116903,4.877123415119789,5.535918923384067,71.61848422628881,18.0,24.0,176.55547481589133,159.53546846328544,14.628193081683115,1
91.38605432858722,4.639649900332375,2.7945853143793125,3.9326388177910148,301.59399643833495,1582.7434317981447,0.11764705882352941,53.490563644697616,186.20510962331113,84661.83827182578,0.5275811439327149,4703.435459545876,63.97023803001105,19.41224480460909,5.125470491751704,83.38248283462015,16.0,21.0,154.4949464154165,147.09905002291845,6.959474850498562,0
18.74630070928123,2.4933805430184144,1.3277129968164005,1.0,88.91764784927145,463.2123398521969,0.06666666666666667,30.62466957929733,30.880822656813127,14185.724853026712,0.15440411328406564,788.0958251681507,13.12241049649686,2.915619446547241,1.7305653413573039,16.0380299430441,29.0,7.0,72.02127842621086,16.896369423060595,3.7400708145276216,0
11.352276659727035,1.3669530097408438,1.0,1.0,146.00016643973765,709.2660338497078,0.08333333333333333,35.34627198266052,59.10550282080898,25069.910140514672,0.23642201128323595,1392.7727855841486,7.946593661808924,1.5373773568400066,0.6151207777815597,9.48397101864893,23.0,5.0,127.55863323139303,18.441533208344616,2.050429514611266,0
9.05575327398443,1.052123939381349,1.0,1.0,118.82361091406807,644.7683719294431,0.16666666666666666,13.824603434071355,107.46139532157385,8913.667048756375,0.2149227906431477,495.20372493090974,6.339027291789101,0.6659301037551723,1.1284204511758449,7.004957395544273,11.0,31.0,38.38955457038018,80.43405634368789,1.5781859090720236,0
15.040162651250808,1.0,1.0,1.0,318.3531352589626,1917.2396749602703,0.07142857142857142,56.671094893474525,136.94569106859072,108652.07155320773,0.6390798916534235,6036.22619740043,10.528113855875565,1.5806071299440012,1.0874040319702487,12.108720985819566,27.0,37.0,158.83449778103432,159.51863747792828,1.5,0
11.931237666909002,1.0285393230557294,1.0,1.0,332.6552304109103,1816.1084830103991,0.1,64.01795000048975,181.61084830103994,116263.54206082501,0.6053694943367998,6459.085670045834,8.351866366836301,1.2640319818754557,1.7171586310627174,9.615898348711756,19.0,24.0,164.1869409359373,168.468289474973,1.5428089845835942,0
39.03087077047138,5.602421952488843,4.712441150679105,3.102307424637562,309.62866570056445,1636.5120367171207,0.09523809523809523,61.85830617984317,155.85828921115436,101231.8626342464,0.5455040122390402,5623.992368569245,27.321609539329966,11.07861505200019,3.8500197492703054,38.40022459133016,20.0,18.0,192.09788395886244,117.53078174170203,8.403632928733265,0
33.260542382475194,4.5320457211539145,2.5727572933896754,3.541369528833983,146.96304188751168,655.3716357642871,0.15384615384615385,37.24487229369846,100.82640550219803,24409.232878953135,0.21845721192142906,1356.0684932751742,23.282379667732634,5.259431151005745,3.1475307796731578,28.54181081873838,12.0,9.0,84.88825473134759,62.0747871561641,6.798068581730872,0
40.86040206374657,3.2097600279685827,1.8341980038089634,1.5056063024681283,240.27570934534867,1295.642893773449,0.13333333333333333,43.15956865440629,172.75238583645987,55919.38842540881,0.43188096459114966,3106.6326903004897,28.602281444622598,2.472726960778324,5.232332583943436,31.075008405400922,14.0,27.0,67.6374347277235,172.63827461762517,4.814640041952874,0
91.02556978750823,5.980915930906844,5.249276512150069,4.039534109382606,134.11321314398492,644.7298153206964,0.2222222222222222,15.900075388546124,143.27329229348808,10251.252668842493,0.21490993844023212,569.5140371579163,63.71789885125576,7.710245388677852,11.04280326238451,71.42814423993362,8.0,19.0,54.6128362012543,79.50037694273063,8.971373896360266,0
187.81227855993117,17.82503717896208,15.340835663173086,9.744840568446861,142.96884011150888,727.3486615239624,0.08333333333333333,41.35880886880648,60.612388460330195,30082.274272951778,0.2424495538413208,1671.2374596084321,131.46859499195182,13.101440655518157,20.796623405048283,144.57003564746998,23.0,10.0,103.40824032395486,39.56059978755402,26.737555768443123,1
23.32664039660085,1.9963647483667262,1.3755260225763197,1.0,327.97721623992715,1945.1467222240726,0.08333333333333333,34.67239901996112,162.09556018533937,67442.90330532251,0.6483822407413575,3746.8279614068065,16.328648277620594,4.600418146312354,3.3477151133068532,20.929066423932948,23.0,37.0,213.4075499130991,114.56966632682806,2.994547122550089,0
75.14026190310256,8.883279957444415,4.785521798784509,5.405904637322853,426.3091336034099,2393.602089079291,0.07692307692307693,105.32762551158466,184.12323762148395,252112.42446229028,0.7978673630264304,14006.245803460572,52.598183332171786,7.262710033424879,6.929880241313078,59.86089336559667,25.0,23.0,224.08009262116738,202.22904098224254,13.324919936166623,1
13.170872721102736,1.9314226237415033,1.0,1.5035713621241547,240.69241880411772,1253.8759312204838,0.1,62.19396284640488,125.38759312204839,77983.51308032809,0.4179586437401613,4332.41739335156,9.219610904771914,2.300153442126285,1.7234504153128059,11.5197643468982,19.0,17.0,122.85122604250847,117.84119276160925,2.897133935612255,0
83.26334200131116,7.185638487752543,4.62811507715911,5.74488507534722,198.0099511158437,1128.7437899279314,0.10526315789473684,30.504416638519,118.8151357818875,34431.670846102585,0.3762479299759771,1912.8706025612546,58.28433940091781,11.866318125678928,7.327947993457547,70.15065752659673,18.0,33.0,82.77104381477191,115.23890730107178,10.778457731628816,0
71.79472379545047,4.036472918669337,2.036849188126369,3.2611137749290675,55.9123374090183,223.6493496360732,0.3333333333333333,7.767443269477083,74.5497832120244,1737.1836355536439,0.07454978321202439,96.51020197520243,50.256306656815326,18.018256805461316,9.608615802892475,68.27456346227665,5.0,10.0,21.735587023319134,34.176750385699165,6.054709378004006,0
67.36321948060815,9.41477791931406,5.790430276159959,4.736901346626551,216.0482905847823,1149.7934675155418,0.09523809523809523,85.3507057159864,109.50413976338493,98135.68388008256,0.38326448917184724,5451.982437782364,47.1542536364257,8.76546441812218,5.116065612098798,55.91971805454788,20.0,19.0,45.346879152809514,170.7014114319728,14.12216687897109,1
22.485795740403173,1.2096227752778723,1.0,1.0,278.2088735169641,1427.0120500939543,0.13333333333333333,52.94564606737703,190.26827334586056,75554.0749381566,0.4756706833646514,4197.4486076753665,15.74005701828222,3.7004057950331486,1.774729818441694,19.44046281331537,14.0,20.0,119.37193531483305,158.83693820213108,1.8144341629168084,0
9.006713135305102,1.3084645688414225,1.0,1.0,332.57590509798064,1895.8288987172511,0.08333333333333333,80.77972516676678,157.98574155977093,153144.53740159367,0.6319429662390837,8508.029855644092,6.304699194713571,2.074438662980701,1.0608733003710702,8.379137857694271,23.0,28.0,128.87051119917746,203.70539389880318,1.9626968532621336,0
3.7680810801210014,1.0,1.0,1.0,261.51029633574376,1504.9623360696369,0.07407407407407407,65.87408621322693,111.47869156071384,99138.01867391066,0.5016541120232123,5507.6677041061475,2.637656756084701,0.5966296749767858,0.2685561482258563,3.2342864310614865,26.0,27.0,119.627649107255,141.88264722848876,1.5,0
19.14334912212151,2.7598759842799243,2.616966067264772,2.398416836444911,97.72344307906818,435.79101194889876,0.25,13.379628079811924,108.94775298722469,5830.72166040114,0.14526367064963291,323.9289811333967,13.400344385485056,4.753367939853883,1.3958453166084466,18.153712325338937,7.0,14.0,40.382179879874215,57.34126319919396,4.1398139764198865,0
126.42067681085996,8.845145112343802,7.011856238989698,2.7264832610480894,283.49686351568937,1404.4991152356797,0.2,42.24839895060431,280.89982304713595,59337.83894624777,0.4681663717452266,3296.546608124876,88.49447376760196,27.233679878192333,10.180182128673865,115.7281536457943,9.0,21.0,76.94913531273495,206.5477282029544,13.267717668515704,0
13.84862733538369,1.0,1.0,1.0,323.8090420077839,1808.4613570079146,0.14285714285714285,52.900559104008885,258.35162242970205,95668.6169037133,0.6028204523359715,5314.923161317405,9.694039134768582,2.113747544112518,1.632654518598894,11.8077866788811,13.0,34.0,38.95987760158221,284.8491644062017,1.5,0
51.529368256993415,5.092183588584481,3.4265969521585227,3.50679635439311,256.7467269218246,1337.510100677116,0.08695652173913043,45.31946686025951,116.30522614583617,60615.24468289892,0.4458367002257054,3367.5135934943846,36.07055777989539,9.068935973739988,7.159429066635831,45.13949375363538,22.0,14.0,194.9474539305616,61.79927299126297,7.638275382876722,0
55.298273123785386,5.256783321676425,4.408193767292999,3.7904848960162822,339.6529827282455,1795.2026285550498,0.125,63.10997578601344,224.40032856938123,113295.19441909688,0.5984008761850166,6294.177467727604,38.70879118664977,16.13608387304695,6.495156277438317,54.84487505969672,15.0,23.0,137.70106021300248,201.951922515243,7.885174982514637,0
14.290236400648237,1.1882221150124677,1.0,1.0,457.83130083969803,2634.7676313016213,0.09523809523809523,78.34059836302232,250.9302506001544,206409.272783692,0.8782558771005404,11467.181821316222,10.003165480453765,3.0781579926553073,1.897477944782565,13.081323473109073,20.0,33.0,191.47326640542212,266.3580344342759,1.7823331725187015,0
97.47674190889948,14.208760394582342,11.497304902561526,12.55073964886598,57.33929003043005,212.18058623861492,0.2857142857142857,11.254228454633108,60.62302463960426,2387.928791167354,0.07072686207953831,132.66271062040857,68.23371933622964,26.927833613167593,10.172288626794677,95.16155294939723,6.0,6.0,31.079423636286133,26.25986639414392,21.313140591873513,0
1.0,1.0,1.0,1.0,184.2796968972837,980.7232962349817,0.11764705882352941,41.495241726820566,115.37921132176255,40695.350244394824,0.32690776541166056,2260.852791355268,1.0,0.0946896258677661,0.056892322134514534,1.094689625867766,16.0,23.0,59.793971716822,124.4857251804617,1.5,0
4.6306611992439475,1.0,1.0,1.0,168.08119343548364,882.077919522508,0.07407407407407407,41.56089512727788,65.3391051498154,36659.94790736241,0.29402597317416934,2036.663772631245,3.241462839470763,0.79095878966125,0.2780555587089424,4.032421629132013,26.0,11.0,129.7172902410733,38.36390319441035,1.5,0
6.694198423682077,1.0,1.0,1.0,133.28555434925852,714.0842888905025,0.18181818181818182,13.97622365334617,129.83350707100047,9980.20172887432,0.2380280962968342,554.4556516041289,4.685938896577453,1.8554003006683695,0.7058309119526831,6.541339197245823,10.0,30.0,46.63296769851226,86.65258665074624,1.5,0
7.510799908538086,1.0,1.0,1.0,198.99829849197712,1020.7185928558433,0.125,55.447435871862716,127.58982410698042,56596.22872059232,0.34023953095194776,3144.2349289217955,5.25755993597666,0.9813086558187749,0.6217447439564896,6.238868591795435,15.0,19.0,51.138469500343206,147.85982899163392,1.5,0
30.069625463121227,3.68958049514057,3.554801342346928,1.2833203797591073,111.27826434155936,480.936657008088,0.15384615384615385,21.735498008862397,73.99025492432123,10453.397750788234,0.160312219002696,580.7443194882352,21.048737824184858,8.777806276239662,2.1667212094945625,29.82654410042452,12.0,7.0,82.29760032974283,28.98066401181653,5.5343707427108555,0
28.44707557829047,2.631548424992569,1.755021122701813,1.01217392500945,264.2173910645051,1376.4281771386866,0.11764705882352941,65.22266610262879,161.93272672219842,89774.31541176655,0.4588093923795622,4987.461967320364,19.912952904803326,2.1127464560282503,2.7487183839024376,22.025699360831577,16.0,20.0,93.0078925451045,171.20949851940057,3.9473226374888535,0
32.22648682441296,4.591584434700789,3.048320923887834,2.961103692755772,113.34286578424464,419.4184423159539,0.2857142857142857,25.623950636868194,119.8338406617011,10747.157462096153,0.1398061474386513,597.0643034497863,22.55854077708907,8.883804485132124,3.7592091851473133,31.442345262221195,6.0,6.0,53.55364763155218,59.789218152692456,6.887376652051184,0
41.070815863264066,2.7393325785897513,1.9184299388607757,1.8137211457515772,120.79294427043568,678.217333294875,0.14285714285714285,16.51244614866557,96.88819047069641,11199.027193123191,0.22607244443162497,622.1681773957329,28.749571104284843,6.6248470645281845,3.6347341325930858,35.37441816881303,13.0,35.0,29.339396370134057,91.45354790030163,4.108998867884627,0
6.422930752401747,1.0,1.0,1.0,320.96491700980647,1829.6411610525602,0.1,53.28549770313815,182.96411610525604,97493.33988483321,0.60988038701752,5416.296660268512,4.496051526681223,0.43955995414392585,0.8366138719798673,4.935611480825148,19.0,32.0,135.8679249883792,185.09699202142727,1.5,0
4.656149038161386,1.0,1.0,1.0,141.2030513879056,588.8061342623711,0.2857142857142857,23.14537630483767,168.23032407496316,13628.13954809935,0.19626871142079036,757.1188637832972,3.25930432671297,1.2566033562485397,0.5766748823263912,4.51590768296151,6.0,11.0,48.62154616855493,92.58150521935067,1.5,0
32.316683645488574,4.186467879367014,4.03021823747606,3.1998815155187987,322.9741066267478,1718.8449719780358,0.3333333333333333,20.18533170422968,572.9483239926785,34695.45590752402,0.5729483239926786,1927.5253281957787,22.621678551842,3.6513022177750574,3.9908353575856523,26.272980769617057,5.0,34.0,40.37946276753228,282.5946438592155,6.279701819050521,0
9.428353806955597,1.0576344378380713,1.0,1.0,216.12003424782404,1015.8591928644851,0.13333333333333333,51.846520794323055,135.44789238193135,52668.76476695276,0.33861973095482834,2926.042487052931,6.599847664868918,0.5238632042023165,1.4002893864721009,7.1237108690712345,14.0,11.0,127.24028431469881,88.87974993312524,1.586451656757107,0
3.0508796093780606,1.0,1.0,1.0,205.1282825755202,1091.6779700946547,0.2857142857142857,13.953058492915101,311.9079914556156,15232.246572157539,0.36389265669821824,846.2359206754188,2.1356157265646423,0.2561267627663286,0.2426150922729297,2.391742489330971,6.0,33.0,46.99361965581571,158.13466291970448,1.5,0
64.43217637257605,4.277095905123479,2.844969556331035,3.087281261724488,308.42281716435684,1693.8128034227943,0.11764705882352941,43.4932770409522,199.27209452032875,73669.4695147795,0.5646042678075981,4092.748306376639,45.10252346080323,13.838658143591397,7.37571608773171,58.94118160439463,16.0,28.0,150.75968789090513,157.66312927345172,6.415643857685219,0
107.1384890527271,5.787061594607915,3.415042419551234,4.959981646426402,179.93180043116666,930.2339136036171,0.07142857142857142,81.11696230478115,66.4452795431155,75457.74930441366,0.3100779712012057,4192.097183578537,74.99694233690896,31.54723583380217,14.522390130847445,106.54417817071112,27.0,8.0,125.85382556131256,54.077974869854096,8.680592391911873,1
130.13769310304855,8.676873018765972,6.552755512353441,6.175955761842632,395.428418071488,2184.1733664034787,0.15384615384615385,57.02123189353057,336.02667175438137,124544.25602136606,0.7280577888011596,6919.125334520337,91.09638517213398,10.133241083584645,14.048681947793076,101.22962625571863,12.0,33.0,72.30810400814813,323.1203140633399,13.015309528148958,1
25.13871946656792,2.3964355296068804,1.803394163366762,1.698271660144364,60.59713926393962,257.41225511526164,0.2,18.71253157840717,51.482451023052334,4816.834952513336,0.08580408503842055,267.60194180629645,17.597103626597544,4.160131570812648,3.241643345689371,21.757235197410193,9.0,9.0,19.013735756368128,41.58340350757149,3.5946532944103207,0
42.56866908369379,3.1806329140769822,1.8082073507574714,1.381232913323079,363.15716451633506,2145.129639809395,0.07407407407407407,118.41852419541931,158.89849183773296,254023.08615407997,0.7150432132697984,14112.393675226665,29.798068358585653,4.050797844611016,3.8927012491879682,33.84886620319667,26.0,33.0,53.44717815908457,309.7099863572505,4.770949371115473,1
103.94291643662368,7.88908210456976,4.740928333995477,4.899736283545081,160.87014656315517,856.1393526231033,0.3333333333333333,10.090362981792456,285.37978420770105,8638.75683096392,0.2853797842077011,479.9309350535511,72.76004150563656,24.557463373419562,11.334885081625867,97.31750487905613,5.0,34.0,19.605064818060796,141.2650817450944,11.83362315685464,0
9.302666243981399,1.2796527832218325,1.0,1.0,380.43835285019895,2179.1206229909862,0.1,91.39996351200149,217.91206229909864,199171.5454296261,0.7263735409969955,11065.08585720145,6.511866370786979,0.739698947603023,0.5169178995255733,7.251565318390003,19.0,33.0,53.32269396514096,327.115658885058,1.9194791748327487,1
76.15823542232029,7.7311093921517,5.445837571058366,5.566999759261276,261.6801942734823,1401.9652493987446,0.18181818181818182,35.62311045784226,254.9027726179536,49942.36293738785,0.4673217497995815,2774.5757187437694,53.3107647956242,8.374392857343144,11.315343910726329,61.68515765296735,10.0,30.0,40.81690943486029,220.863284838622,11.596664088227548,0
27.951629011782313,3.4359595114886847,2.263538210882796,3.0858107386626434,185.94765408560824,989.6000444565954,0.11764705882352941,43.76203746199113,116.42353464195239,43306.91421789761,0.3298666814855318,2405.9396787720893,19.56614030824762,2.770048136445856,3.6337634301906765,22.336188444693473,16.0,23.0,54.66154169963487,131.28611238597338,5.153939267233027,0
60.12669881890862,3.2210530886206867,1.8497624538457693,1.0313370496967607,233.9516251197754,1269.4834576927153,0.15384615384615385,40.105877948761,195.30514733734083,50913.74861219514,0.4231611525642384,2828.5415895663964,42.088689173236034,11.311632547349136,8.230197079057408,53.40032172058517,12.0,30.0,26.73792238451023,207.21370273526517,4.83157963293103,0
25.11114132268513,2.172523929163948,1.0910129258346553,1.0,287.25309383319404,1612.8427736977842,0.1111111111111111,34.421740760523626,179.2047526330871,55516.855843709,0.5376142578992614,3084.2697690949444,17.577798925879588,6.737219349871349,2.999009239932174,24.315018275750937,17.0,31.0,157.66536391122273,129.5877299219713,3.258785893745922,0
95.1550866604205,9.317294410664065,9.17863006742748,3.2309585709309645,190.08834541867498,1113.5339148578432,0.08333333333333333,46.84616646559622,92.79449290482026,52164.79514051757,0.37117797161928107,2898.0441744731984,66.60856066229434,16.915962428603713,6.5281150325296124,83.52452309089804,23.0,34.0,47.51305617555604,142.57528924311893,13.975941615996097,0
26.26477046181555,1.8028581143216782,1.751926678224828,1.3445490111275715,138.33012169891373,736.182961038637,0.3333333333333333,7.063345423245023,245.39432034621234,5199.914548523226,0.24539432034621234,288.88414158462365,18.385339323270884,1.6956762525773494,1.3947340148805054,20.081015575848234,5.0,34.0,39.44328577348342,98.88683592543032,2.7042871714825174,0
3.3845641154671147,1.0,1.0,1.0,68.64456310184431,310.5179341376579,0.125,19.112640629533434,38.81474176720724,5934.817684198188,0.10350597804588597,329.71209356656595,2.36919488082698,0.6459346951607128,0.46187677844783936,3.015129575987693,15.0,7.0,48.25774643034198,20.38681667150233,1.5,0
114.69907490720713,15.71725757357824,15.678371139421063,10.58511913518628,275.7432006731874,1425.5716671380362,0.08,52.595113249264195,114.0457333710429,74978.10327806737,0.47519055571267876,4165.450182114854,80.28935243504499,28.60368395557212,10.280829679450552,108.89303639061711,24.0,11.0,223.1480874239232,52.595113249264195,23.57588636036736,1
6.442799243609388,1.0,1.0,1.0,151.0488072848181,641.6443843380167,0.3333333333333333,18.810173160932617,213.88146144600557,12069.441977138094,0.21388146144600556,670.5245542854497,4.509959470526571,0.5350039241881153,0.4921428045569775,5.044963394714686,5.0,13.0,45.71183758359544,105.33696970122266,1.5,0
90.34808778547628,5.229407836582813,2.7947459916777433,3.003729888675245,203.45858884479878,998.3490361983235,0.15384615384615385,38.894692931116694,153.5921594151267,38830.479201010094,0.33278301206610783,2157.2488445005606,63.24366144983339,6.159734183422253,9.592012168464729,69.40339563325564,12.0,17.0,86.7745100514487,116.6840787933501,7.84411175487422,0
18.024078208859148,1.5302779675649898,1.0,1.0,119.99371195595873,582.9271722168596,0.2,12.058391963320911,116.58543444337192,7029.164328661165,0.19430905740561988,390.5091293700647,12.616854746201403,1.747469428175369,1.65983469915252,14.364324174376772,9.0,19.0,66.40085878564356,53.592853170315166,2.2954169513474847,0
82.36933192303981,12.011801294323075,11.507971357229897,9.845640336756688,122.25800564917327,605.6901605023919,0.09090909090909091,83.32908128817887,55.06274186385381,50471.60461995392,0.20189672016746396,2803.9780344418846,57.65853234612786,19.482124588085703,9.486195866326652,77.14065693421357,21.0,9.0,42.89697585090767,79.36102979826559,18.01770194148461,1
78.3920357864736,4.571523545302216,3.725911011099377,2.9792170683893455,343.3087238722833,1896.287006363426,0.15384615384615385,39.6637153280078,291.73646251745015,75213.78800059903,0.6320956687878087,4178.543777811057,54.874425050531514,15.515359944850774,7.712155433209999,70.38978499538229,12.0,33.0,118.54767034690579,224.76105352537752,6.857285317953323,0
33.655334388175405,3.8489632824385525,3.547173050898037,3.3360425764126176,639.4441039864403,3906.0599479437733,0.06666666666666667,136.94776573435857,260.4039965295849,534926.1826953647,1.3020199826479244,29718.121260853593,23.558734071722782,6.231240181294428,4.029328168212267,29.78997425301721,29.0,39.0,261.65716402958896,377.78693995685126,5.773444923657829,1
36.97501377524934,5.44354054717215,5.166653903624051,3.509764954262788,356.4578931997498,1968.9172578143716,0.13333333333333333,49.92006160705801,262.5223010419162,98288.47080929315,0.6563057526047905,5460.470600516286,25.882509642674535,4.154881323926814,5.004284403384356,30.03739096660135,14.0,31.0,128.2518972817703,228.20599591797946,8.165310820758226,0
33.3532207072926,4.930352027293833,3.5694319153650107,1.8456517340991354,149.08710397707875,782.3983148609361,0.2857142857142857,9.885315581122208,223.54237567455317,7734.254252538572,0.2607994382869787,429.6807918076984,23.347254495104817,4.437951157441616,2.319906650091317,27.785205652546434,6.0,31.0,43.64373777844185,105.4433661986369,7.39552804094075,0
1.792139741862981,1.0,1.0,1.0,131.34104336162275,617.3606568390629,0.14285714285714285,34.74160139077547,88.19437954843755,21448.09785425005,0.20578688561302097,1191.5609919027804,1.2544978193040865,0.5223572165345499,0.14864596284693005,1.7768550358386364,13.0,12.0,61.8578405800718,69.48320278155094,1.5,0
23.15003431169606,1.5342664585208063,1.0,1.3707817537184352,514.9446054898625,3101.1858175947837,0.06896551724137931,97.91195441379263,213.87488397205405,303643.1644010407,1.033728605864928,16869.064688946706,16.205024018187242,2.550122279346034,2.168731297284196,18.755146297533276,28.0,36.0,256.1772973962677,258.7673080935948,2.3013996877812097,1
5.263114641714966,1.0,1.0,1.0,170.39447908225327,971.323456312438,0.07142857142857142,28.850484204861687,69.38024687945985,28023.152034153652,0.32377448543747933,1556.8417796752028,3.6841802492004763,1.4495215392780345,0.7694981224857323,5.133701788478511,27.0,24.0,116.96765648065755,53.42682260159572,1.5,0
24.66597028614564,3.4275866721724846,2.0372544258982894,1.1296203137443617,75.18179601250185,335.2680782840902,0.25,6.9229882365789805,83.81701957102256,2321.0569620611973,0.11175602609469674,128.94760900339986,17.26617920030195,4.813141724088771,2.1344293199365305,22.07932092439072,7.0,14.0,45.51184642716336,29.669949585338486,5.141380008258727,0
5.0960663812864855,1.0,1.0,1.0,113.15145921392855,602.1839297681079,0.08695652173913043,31.53260493863654,52.36381997983547,18988.427957773398,0.20072797658936928,1054.9126643207444,3.5672464669005395,0.4118850633658082,0.4490143322065578,3.979131530266348,22.0,17.0,61.5526511325233,51.59880808140524,1.5,0
4.845535039566454,1.0,1.0,1.0,235.57150630368628,1293.724106300945,0.16666666666666666,21.424022343706575,215.62068438349084,27716.77415998327,0.4312413687669817,1539.8207866657372,3.3918745276965176,0.8083713776717005,0.5589191527177675,4.200245905368218,11.0,33.0,103.132095451682,132.43941085200427,1.5,0
137.8162673578714,17.449970519157226,10.1797303889619,8.451457531728682,271.4164361196752,1596.6460114219697,0.1,50.35459005288206,159.66460114219697,80398.45536472253,0.5322153371406566,4466.580853595696,96.47138715050997,39.57217427633669,12.668067297347108,136.04356142684665,19.0,39.0,59.39710958122443,212.01932653845077,26.17495577873584,1
72.48189929184115,8.987257209788469,6.496986117496456,3.526927550456828,165.77364662702115,869.9680811378187,0.07692307692307693,68.07142834705739,66.92062162598606,59219.969899400036,0.28998936037927286,3289.998327744446,50.7373295042888,11.208702347397375,10.518745338137835,61.94603185168618,25.0,12.0,94.97936114608146,70.79428548093969,13.480885814682704,0
19.985937436471477,2.322009376975161,1.5559447567758928,1.8667617280358673,270.5311936502735,1597.9981635915476,0.07407407407407407,39.16796334926064,118.37023434011464,62590.333503739545,0.5326660545305159,3477.2407502077526,13.990156205530033,5.31319433866613,2.786976540397615,19.303350544196164,26.0,33.0,168.09190489066873,102.43928875960475,3.4830140654627413,0
25.071265267912253,3.3276512619581182,2.4419272045387093,1.125760485802372,453.2554981933251,2677.3306396860057,0.08,86.18321405081088,214.18645117488046,230740.95960485344,0.8924435465620019,12818.942200269636,17.549885687538577,2.8608112198749716,2.5407440292444634,20.41069690741355,24.0,35.0,194.70585604089246,258.5496421524326,4.991476892937177,1
14.916989064897212,1.7682697633349203,1.2635808416452023,1.0,383.15538262624614,2234.9032051941017,0.08695652173913043,72.33271658845807,194.33940914731318,161656.62014394152,0.7449677350647006,8980.923341330084,10.441892345428048,2.8749593270732983,1.7076599646565223,13.316851672501347,22.0,34.0,153.00582984478862,230.1495527814575,2.65240464500238,0
39.79939261225913,4.115266372842593,3.3837325605967914,1.9910882439578523,225.10360032859757,1307.2565013411686,0.06666666666666667,60.818656374257,87.15043342274457,79505.58394808197,0.4357521671137229,4416.976886004554,27.85957482858139,10.38616947337378,2.2209277422045783,38.24574430195517,29.0,26.0,111.85506776963624,113.24853255896133,6.17289955926389,0
8.923915075793012,1.0,1.0,1.0,66.78478706859786,336.88878715144153,0.25,7.098535323257861,84.22219678786038,2391.416955604007,0.11229626238381385,132.85649753355594,6.246740553055108,2.5002321188553043,1.0670597685694256,8.746972671910413,7.0,25.0,14.052810381539459,52.7319766870584,1.5,0
66.1872810574021,8.232957419874934,4.560499962704681,4.980205929277431,259.4834585116281,1416.6321979117417,0.07142857142857142,33.30444692532273,101.18801413655298,47180.151848054884,0.4722107326372472,2621.11954711416,46.33109674018147,11.348195989344255,7.9901343470618755,57.67929272952573,27.0,16.0,217.54452534640686,41.938933165221215,12.3494361298124,0
14.824716043176274,1.443093997637737,1.0,1.0,254.87322799249824,1296.6580766413606,0.10526315789473684,43.314397346981664,136.49032385698533,56163.9631548169,0.43221935888045354,3120.2201752676056,10.377301230223392,3.112034419784895,1.273738558240762,13.489335650008286,18.0,15.0,177.8698549311975,77.00337306130074,2.1646409964566056,0
12.13608935716655,1.0,1.0,1.0,256.81130780451707,1317.2578796811358,0.06896551724137931,38.781537711905656,90.84537101249212,51085.28613715885,0.43908595989371196,2838.0714520643805,8.495262550016585,0.6158462512259303,0.8734135784499605,9.111108801242516,28.0,6.0,237.42053894856423,19.390768855952828,1.5,0
20.615755677763058,2.6840606326265974,2.0216300460380507,2.308769011502102,64.17725876662014,237.48407734141978,0.2857142857142857,12.894574755043973,67.85259352611993,3062.2561884115817,0.07916135911380659,170.12534380064344,14.43102897443414,2.3358852437909285,2.9172910596739032,16.766914218225068,6.0,6.0,34.08991767151754,30.0873410951026,4.026090948939896,0
9.881099629404392,1.1824846312951505,1.0443733965061155,1.0,433.1099974126193,2526.282978942984,0.10526315789473684,61.607887331803376,265.9245240992614,155638.95713497195,0.8420943263143279,8646.608729720663,6.916769740583074,1.1825504977313357,0.915686345191278,8.09932023831441,18.0,38.0,166.14248564147135,266.96751177114794,1.7737269469427257,0
29.79733081090265,4.282888245002497,2.602758091839092,2.2111508366049355,181.8936119698567,925.3769919574538,0.07407407407407407,72.54860593701481,68.54644384870028,67134.81073270144,0.3084589973191513,3729.7117073723025,20.858131567631855,2.1863270897387954,3.4377362463334498,23.04445865737065,26.0,7.0,137.2483160086168,44.64529596123988,6.424332367503746,0
10.539866666794175,1.0,1.0,1.0,169.98023141119918,878.7850481237085,0.125,27.495764750708243,109.84813101546357,24162.866949649313,0.2929283493745695,1342.3814972027396,7.377906666755922,1.2639803703771464,0.5621214388611746,8.641887037133069,15.0,20.0,92.99209010921611,76.98814130198308,1.5,0
35.241639484503374,4.049931446861362,3.895723471128036,2.5798712314412136,154.34540222386948,749.8070306888789,0.09523809523809523,42.22737715617795,71.41019339894083,31662.384279253183,0.24993567689629295,1759.0213488473992,24.66914763915236,4.591298704116598,3.2213225549122355,29.26044634326896,20.0,8.0,116.34076278330932,38.004639440560155,6.074897170292044,0
86.41902485864017,6.431644909349322,5.259423005633425,5.050289575969674,253.6026306407989,1349.6549649446104,0.15384615384615385,39.99230118533754,207.63922537609392,53975.807854351035,0.4498849883148701,2998.6559919083907,60.49331740104812,25.25090535684453,11.38362219342713,85.74422275789264,12.0,27.0,66.9718917758904,186.63073886490852,9.647467364023983,0
8.472401307227756,1.1891718319472266,1.0,1.0,303.5009530822059,1569.0771653012664,0.16666666666666666,46.92251638455527,261.51286088354436,73625.04899748022,0.5230257217670888,4090.2804998600122,5.930680915059429,1.8397869861311953,0.7519900066059001,7.770467901190624,11.0,24.0,90.21678769786371,213.28416538434217,1.78375774792084,0
17.172503162142636,1.029490558702439,1.0,1.0,325.9577866597586,1790.1122799401628,0.125,58.186379446854886,223.76403499252035,104160.15237307282,0.5967040933133876,5786.675131837379,12.020752213499845,2.687518551448631,1.8944038510803456,14.708270764948477,15.0,29.0,93.21226887233904,232.74551778741954,1.5442358380536585,0
34.93876143167782,4.0394861531795225,3.620364677227817,3.047911929073531,250.26096613210098,1349.4865679155735,0.25,21.852480729868887,337.37164197889336,29489.62922059197,0.44982885597185784,1638.3127344773318,24.457133002174473,10.377287842520262,2.480148246402201,34.83442084469473,7.0,34.0,31.736158833412098,218.52480729868887,6.059229229769284,0
11.905151124023087,1.5370570628859581,1.3455995263208294,1.1275699993988546,193.13413987032592,1054.4026298463757,0.09090909090909091,49.196411342994196,95.8547845314887,51872.82549905715,0.35146754328212526,2881.8236388365085,8.333605786816161,1.0513210385705911,1.091137635847827,9.384926825386753,21.0,22.0,85.37057216662436,107.76356770370157,2.305585594328937,0
35.06434046872713,2.9977130227337003,1.5539067964591933,1.055443027454436,115.24176694832705,586.2882071096453,0.10526315789473684,41.51596123407187,61.71454811680477,24340.318478357534,0.19542940236988177,1352.2399154643074,24.54503832810899,5.926322309566996,5.005917501181361,30.471360637675986,18.0,15.0,41.435613643310404,73.80615330501665,4.4965695341005505,0
39.11392856271055,5.687705295733544,5.115984340865132,1.780163108903127,364.8217828604442,1991.7195765159395,0.18181818181818182,43.84796616320596,362.1308320938072,87332.85259766581,0.6639065255053131,4851.825144314767,27.37974999389738,8.282982663672113,4.171311755338404,35.66273265756949,10.0,33.0,66.65561295064367,298.16616990980054,8.531557943600315,0
73.69346548447965,9.95400250833687,5.663583606283251,6.533883101394879,94.66921665331108,481.6261219339979,0.15384615384615385,13.252614756766853,74.0963264513843,6382.805450786893,0.16054204064466598,354.60030282149404,51.58542583913575,4.708655666463435,10.331318759227115,56.29408150559919,12.0,21.0,46.07629587849928,48.592920774811795,14.931003762505306,0
9.70665705743766,1.0,1.0,1.0,379.9276904402703,2216.0764316737254,0.07407407407407407,124.59696292229724,164.1538097536093,276116.39299022796,0.7386921438912418,15339.79961056822,6.794659940206362,2.225248359368695,1.3608920528053978,9.019908299575057,26.0,30.0,82.81185577940768,297.1158346608626,1.5,1
6.479670833168607,1.0,1.0,1.0,262.58084613953025,1367.9026726712734,0.2,31.741889262418518,273.5805345342547,43419.815157697885,0.4559675575570911,2412.211953205438,4.535769583218024,0.4857604351370237,0.9357602381195098,5.0215300183550475,9.0,27.0,65.07575739559279,197.50508874393745,1.5,0
13.886360960047437,1.1062669108987475,1.0,1.0,268.17452697276764,1397.042692114236,0.15384615384615385,42.906825173255754,214.92964494065168,59942.666550120084,0.465680897371412,3330.148141673338,9.720452672033206,1.181320741383342,1.9376912272512157,10.901773413416548,12.0,24.0,89.39608875086869,178.77843822189897,1.6594003663481214,0
6.288340425290211,1.0,1.0,1.0,61.92733101899559,229.15835534116215,0.2857142857142857,5.92452693884041,65.47381581176062,1357.6548494790784,0.07638611844705405,75.42526941550436,4.401838297703147,0.5654625254420627,0.31648030688411716,4.96730082314521,6.0,6.0,48.103434828367966,13.823896190627623,1.5,0
39.54336211504179,5.496387380150037,4.419289057562726,3.9560680827240886,306.1822458191109,1710.0163612863214,0.1,62.77814817133198,171.00163612863216,107351.66050423463,0.5700054537621071,5963.9811391241465,27.68035348052925,11.160024800856474,5.670577013617348,38.840378281385725,19.0,28.0,114.54368824346591,191.63855757564497,8.244581070225056,0
4.982333919518529,1.0,1.0,1.0,352.17684629142263,2007.5628824092958,0.11764705882352941,45.71952373896115,236.18386851874067,91784.81885976908,0.6691876274697652,5099.1566033205045,3.4876337436629705,1.100143603866583,0.31760357856723265,4.587777347529554,16.0,35.0,146.4389894660975,205.73785682532517,1.5,0
330.1739714976801,18.83444356688818,15.595056572630138,7.600056218120808,287.5387514806309,1646.9990960854698,0.09090909090909091,28.9515085485047,149.72719055322452,47683.108409698,0.5489996986951566,2649.0615783165554,231.12178004837605,70.609973841887,17.82695946452223,301.73175389026306,21.0,31.0,199.30558257090226,88.23316890972862,28.251665350332267,1
95.11754417655123,9.238717876147351,8.887438309150523,2.9278807858714555,67.6350941086288,242.46927611218067,0.3333333333333333,9.050091613189013,80.82309203739355,2194.3691621988573,0.08082309203739356,121.90939789993652,66.58228092358586,17.965171506276512,5.2827193472878,84.54745242986237,5.0,6.0,42.294837591699576,25.340256516929237,13.858076814221027,0
20.390944872756556,2.137647999036777,1.241022132741139,1.1649542607597967,298.81549096001027,1568.1620364521907,0.1,82.1026408473829,156.81620364521908,128750.24446933478,0.5227206788173969,7152.791359407488,14.273661410929588,2.512194988088895,1.7310203337432903,16.785856399018485,19.0,18.0,134.61020926524446,164.2052816947658,3.2064719985551657,0
56.87599613604055,3.372244135880159,2.6928415173807836,2.1907150764455166,130.93507593255214,622.5815561465168,0.10526315789473684,51.19925861542099,65.53490064700176,31875.71410233676,0.20752718538217227,1770.8730056853756,39.813197295228385,11.672229916727046,6.374684882300637,51.48542721195543,18.0,8.0,79.73581731713116,51.19925861542099,5.058366203820238,0
2.817465615144702,1.0,1.0,1.0,326.95007917473407,1763.0186083128137,0.08,60.149769482434394,141.0414886650251,106045.16288325805,0.5876728694376046,5891.39793795878,1.9722259306012915,0.42976896396910363,0.25422307703523495,2.4019948945703953,24.0,17.0,236.7254249510825,90.22465422365158,1.5,0
414.90434416707666,33.90110445188717,24.741223871995302,26.645149548912517,209.6971553982562,1267.4922529354155,0.07407407407407407,32.71997060225823,93.888315032253,41472.30925463685,0.4224974176451385,2304.017180813158,290.43304091695364,35.82866530472322,21.805475579664794,326.2617062216769,26.0,39.0,109.02032277592318,100.67683262233301,50.85165667783076,1
9.892159417791362,1.024883462281928,1.0,1.0,164.9807741490903,832.2280469248763,0.09523809523809523,71.1966666389395,79.25981399284535,59251.86282448612,0.2774093489749587,3291.7701569158953,6.924511592453953,2.2000095533892905,0.965952188596112,9.124521145843243,20.0,12.0,72.42510751846896,92.55566663062135,1.537325193422892,0
17.381442312786866,2.0183172637823756,1.3665326203785837,1.0,117.72086735681417,508.78112398392375,0.14285714285714285,42.46992241422317,72.68301771198911,21607.8948614185,0.16959370799464124,1200.438603412139,12.167009618950805,1.4321533597992964,1.6375591147875683,13.599162978750101,13.0,6.0,71.9840278338046,45.736839523009564,3.0274758956735637,0
2.165995466122882,1.0,1.0,1.0,81.39711138630062,325.5884455452025,0.3333333333333333,15.709883763137519,108.52948184840082,5114.956634135761,0.10852948184840083,284.1642574519867,1.5161968262860175,0.21154659381213028,0.27223298106764415,1.7277434200981479,5.0,10.0,12.273622828495538,69.12348855780509,1.5,0
36.00092979239363,2.2923772900059514,2.271232101486631,2.0413756983177005,419.26061100664265,2445.501031273254,0.09090909090909091,62.08811610801969,222.3182755702958,151836.55197197568,0.815167010424418,8435.363998443094,25.200650854675537,9.159530368898242,2.806678922145871,34.360181223573775,21.0,35.0,206.38707006486086,212.87354094178178,3.438565935008927,0
5.324863148789849,1.0,1.0,1.0,190.6108167198595,953.0540835992975,0.1111111111111111,43.39751672676125,105.89489817769972,41360.18053450863,0.31768469453309917,2297.787807472702,3.7274042041528936,1.1450014572002423,0.38207553054455495,4.872405661353136,17.0,14.0,114.02696367263377,76.58385304722574,1.5,0
22.691420780815722,2.674279310585877,2.0066529559691793,2.200935471020012,330.0446369304335,1872.1535625059723,0.07692307692307693,81.0837589411531,144.01181250045943,151801.24816305528,0.6240511875019907,8433.402675725294,15.883994546571005,4.714092486349371,1.7153328973251574,20.598087032920375,25.0,25.0,161.39041833283505,168.65421859759846,4.011418965878815,0
10.452808314016233,1.4519733838561515,1.0045589291538433,1.0,235.2995465735255,1252.2472676239029,0.07692307692307693,45.11690882798463,96.32671289414638,56497.525803480494,0.4174157558746343,3138.751433526694,7.3169658198113625,1.6154888009814024,0.8401338300291207,8.932454620792765,25.0,14.0,181.15925597994396,54.140290593581554,2.1779600757842275,0
5.5107860846704835,1.0,1.0,1.0,311.09766050233077,1620.6487545431596,0.2,41.35370751359549,324.12975090863193,67019.83457765063,0.5402162515143866,3723.324143202813,3.8575502592693383,0.8214935956184077,0.6057262488910375,4.679043854887746,9.0,27.0,53.78570263995888,257.3119578623719,1.5,0
7.6504632218789865,1.0663902365059752,1.0,1.0,78.56360754868152,350.3490355768022,0.13333333333333333,41.10093192983125,46.71320474357363,14399.671862924173,0.11678301185893405,799.981770162454,5.35532425531529,1.7027303373467342,0.7432619995569265,7.058054592662025,14.0,7.0,31.591113914588657,46.97249363409286,1.599585354758963,0
26.336232189943733,3.5969344405386225,2.4457498301817466,2.543017264576411,230.6083270812922,1280.934442709776,0.18181818181818182,21.8410032397379,232.89717140177746,27976.89331311608,0.42697814756992536,1554.271850728671,18.43536253296061,6.189051031160237,2.204064958705767,24.624413564120847,10.0,36.0,68.98490310723174,161.62342397406044,5.395401660807934,0
4.315489814913449,1.0,1.0,1.0,350.76147980819064,2009.1338548661915,0.06896551724137931,75.22957756717211,138.5609555080132,151146.29117748767,0.6697112849553972,8397.016176527093,3.0208428704394144,0.7662294603050617,0.37730938451078394,3.787072330744476,28.0,24.0,216.42294843824047,134.3385313699502,1.5,0
8.177823134910216,1.0,1.0,1.0,240.91852350903773,1264.3229480212842,0.08333333333333333,90.6481338715625,105.36024566844034,114608.51584912192,0.4214409826737614,6367.139769395662,5.724476194437151,2.3905192693430912,0.7122259656788759,8.114995463780243,23.0,14.0,122.68182715482578,118.23669635421194,1.5,0
44.51953392745815,6.378812311213801,3.763658414877373,3.6390591405321975,342.35921275331526,2046.376849015628,0.06666666666666667,46.34312589634055,136.42512326770853,94835.49994528793,0.6821256163385427,5268.638885849329,31.163673749220703,12.862801430809284,6.555085980017249,44.02647518002999,29.0,33.0,233.69257272051675,108.66664003279853,9.568218466820703,0
456.2203196000071,50.0,38.915147454507334,18.894166759976383,229.89420593794438,1335.0772484062456,0.1111111111111111,35.966339703520845,148.34191648958284,48017.84184662091,0.44502574946874857,2667.6578803678285,319.35422372000494,69.85069441652253,33.44081201553606,389.20491813652745,17.0,38.0,64.8721767100252,165.02202922791918,75.0,1
35.627099973055145,5.08842397436001,4.688385912214587,1.8616850761468893,197.316604008066,968.2109885645892,0.3333333333333333,17.846554036541864,322.7369961881964,17279.22972619156,0.3227369961881964,959.9572070106422,24.9389699811386,9.090452772017706,4.69587109784608,34.02942275315631,5.0,24.0,18.85106364264736,178.46554036541863,7.632635961540015,0
6.681122613802923,1.0,1.0,1.0,133.2790254583077,694.3108677415275,0.08,50.11104352827092,55.544869419322204,34792.64211554724,0.2314369559138425,1932.9245619748467,4.676785829662046,1.2414658961539153,0.8072204749252208,5.918251725815962,24.0,12.0,78.9920616360142,54.286963822293494,1.5,0
12.928872593617797,1.4341965261025167,1.0,1.0,236.04293227489455,1264.6122849852918,0.06666666666666667,110.85267883793588,84.30748566568612,140185.6594819828,0.4215374283284306,7788.092193443488,9.050210815532457,2.300550296996016,0.6536450189602941,11.350761112528474,29.0,11.0,144.30278427108556,91.74014800380901,2.1512947891537753,0
20.861530300055403,1.2847631367837298,1.0,1.0,197.18210835332957,967.5510331012127,0.1,26.285877295890387,96.75510331012129,25432.927733610457,0.3225170110337376,1412.9404296450255,14.603071210038781,1.3297351229689829,3.1149940917747,15.932806333007765,19.0,10.0,166.7458293791407,30.436278974188866,1.9271447051755946,0
13.206248109590444,1.0452490136025092,1.0346505248893103,1.0,276.7416774040183,1407.9130004182316,0.10526315789473684,68.35631650568608,148.201368465077,96239.74666905878,0.46930433347274386,5346.652592725488,9.24437367671331,2.5553255142482327,1.6592850063244637,11.799699190961544,18.0,15.0,155.21933694946526,121.52234045455303,1.5678735204037637,0
59.36292065657688,8.71947752695972,7.972907463125597,6.797661957674829,116.78102577819602,599.0029322255132,0.15384615384615385,14.616496125312954,92.15429726546357,8755.324037925311,0.19966764407517107,486.40689099585063,41.554044459603816,16.33338009210018,7.019366097494418,57.887424551704,12.0,22.0,60.751123964496365,56.02990181369966,13.079216290439579,0
26.074769986405336,2.1366242745750412,1.7048830744697359,1.5709516699092108,163.30574817400512,912.056479704031,0.13333333333333333,14.27268082969207,121.60753062720413,13017.491033468157,0.3040188265680103,723.1939463037866,18.252338990483732,6.3891911684130305,2.3606133515677965,24.641530158896764,14.0,33.0,93.98129842978649,69.32444974421863,3.204936411862562,0
59.70542348348421,3.5420533234174845,3.416751265968263,1.4924672854240424,367.35275328245285,1993.3532976793492,0.14285714285714285,57.71736887996336,284.7647568113356,115051.10759025041,0.6644510992264497,6391.728199458356,41.793796438438946,14.722120703322602,6.300134728470831,56.51591714176155,13.0,29.0,100.96489691339123,266.38785636906164,5.313079985126227,0
13.772411873884721,1.6630922177412584,1.20181622583799,1.187223781035972,248.7905815239676,1381.9293905354268,0.09090909090909091,67.14662905991642,125.62994459412971,92791.90017327869,0.4606431301784756,5155.105565182149,9.640688311719304,1.2392727411611715,1.0374357027742447,10.879961052880475,21.0,25.0,82.52273813750786,166.26784338645973,2.4946383266118874,0
98.55357053776102,12.16155253440682,12.059885619343996,3.726709318751738,77.18897916991514,339.0384980545251,0.14285714285714285,27.383123817449924,48.434071150646446,9283.933171109316,0.1130128326848417,515.7740650616287,68.98749937643271,13.759296744962828,5.277380154082696,82.74679612139553,13.0,7.0,43.4866729330537,33.702306236861446,18.242328801610228,0
16.448220562405112,1.2919381825726954,1.0,1.0,153.3740317255271,752.5895938845515,0.25,12.925143320423123,188.14739847113788,9727.328362416862,0.2508631979615172,540.4071312453812,11.513754393683577,1.7813625044453503,2.197517891426963,13.295116898128928,7.0,22.0,68.43737561988942,84.93665610563767,1.937907273859043,0
6.262454225196503,1.0,1.0,1.0,298.28929303557703,1628.4899978993953,0.125,50.21959020269556,203.56124973742442,81782.10034369618,0.5428299992997985,4543.450019094232,4.383717957637552,0.8077239601144361,0.8745420217875052,5.191441917751988,15.0,28.0,104.10687758515422,194.1824154504228,1.5,0
273.9058563134759,26.538546287190364,21.735709003394433,21.261307774696554,242.62945695082365,1202.0339604169417,0.11764705882352941,45.337730429927824,141.41576004905195,54497.491665001835,0.4006779868056472,3027.638425833435,191.73409941943314,53.380097852423425,18.145458700435693,245.11419727185657,16.0,14.0,157.62121239470898,85.00824455611468,39.80781943078554,1
2.247968014818553,1.0,1.0,1.0,373.744918890246,2064.403215251777,0.13333333333333333,67.3566793225017,275.2537620335703,139051.3453620554,0.6881344050839256,7725.074742336412,1.5735776103729868,0.317403986935892,0.2893260936738449,1.8909815973088788,14.0,31.0,65.82867055880966,307.91624833143635,1.5,0
8.277272696306131,1.0672078150381685,1.0,1.0,378.955000685678,2093.18142484497,0.06666666666666667,134.63816889584425,139.545428322998,281822.11420792097,0.69772714161499,15656.784122662277,5.794090887414291,1.5741258186591585,1.0273359134534747,7.36821670607345,29.0,16.0,221.1033543939985,157.85164629167946,1.600811722557253,1
9.464676237628785,1.0,1.0,1.0,157.27957275938957,793.3801519226747,0.09090909090909091,68.14689159290394,72.12546835660679,54066.391205036176,0.26446005064089156,3003.6884002797874,6.625273366340149,1.5108018980601767,0.6420599761025896,8.136075264400326,21.0,11.0,79.39741093892793,77.88216182046165,1.5,0
407.4700885550238,50.0,40.44795642094978,29.96772295077862,202.283873799807,1097.6458548444998,0.09090909090909091,55.55561694412686,99.78598680404544,60980.392652049704,0.3658819516148333,3387.7995917805392,285.2290619885166,49.57032117344072,37.56176638177227,334.79938316195734,21.0,21.0,85.88162877401737,116.40224502578961,75.0,1
175.60385969087187,22.874692978371357,14.591152014594025,19.88732377159811,206.40693089993925,1058.7195652447915,0.06666666666666667,71.64362701635066,70.58130434965277,75850.50964731077,0.3529065217482638,4213.917202628376,122.92270178361031,12.968495803091095,16.203985245879252,135.8911975867014,29.0,5.0,176.76129213455278,29.645638765386483,34.312039467557035,1
120.62828257798681,14.009793263770096,7.361950705074703,12.113155609255438,292.14915095781544,1613.7039357249466,0.125,54.143945781495205,201.71299196561833,87372.29840327693,0.5379013119083156,4854.016577959829,84.43979780459077,32.92664949052491,15.198732458900906,117.36644729511568,15.0,30.0,68.35417506096854,223.79497589684686,21.014689895655145,1
13.50702074095687,1.1141601938604133,1.065212853587095,1.0,140.30461600261953,774.9812392112572,0.07407407407407407,34.73556497045568,57.40601771935238,26919.411185506877,0.25832707973708574,1495.5228436392708,9.454914518669808,0.7137561096776643,1.806781359868433,10.168670628347472,26.0,19.0,86.86528527884157,53.43933072377797,1.67124029079062,0
369.227728692772,37.52522556950014,35.333849996978856,15.426167116161515,204.01657877528947,1126.8982129280976,0.2222222222222222,18.020233036628696,250.4218250951328,20306.96840552474,0.37563273764269917,1128.1649114180411,258.4594100849404,18.61392254547654,21.960746715430368,277.0733326304169,8.0,37.0,32.824364927316864,171.1922138479726,56.287838354250205,1
31.250094638479393,2.952600371714044,2.9094896740579204,1.1752202009672614,116.22208619400517,645.5659042919386,0.16666666666666666,13.914423642931943,107.59431738198977,8982.677481750492,0.21518863476397954,499.0376378750273,21.875066246935575,8.021881635546887,3.3217889188548373,29.89694788248246,11.0,35.0,25.145858712996088,91.07622748100908,4.428900557571065,0
64.89146106221153,5.443627125730041,4.6720669492658145,4.209846236542677,291.77328126477624,1757.1660177906865,0.07692307692307693,31.527674052899656,135.16661675312974,55399.357465736444,0.5857220059302288,3077.7420814298025,45.42402274354807,19.415702633244944,8.187670345876468,64.83972537679301,25.0,39.0,190.88472429549734,100.88855696927891,8.165440688595062,0
24.919097000493156,3.35943389630308,2.8264952812555078,1.0199685568140417,124.69836829613342,571.7373425388877,0.10526315789473684,26.750354513654024,60.18287816198817,15294.17660160969,0.19057911417962922,849.676477867205,17.44336790034521,5.775641323307023,3.2050708174631604,23.219009223652233,18.0,5.0,106.86479862036407,17.83356967576935,5.039150844454619,0
18.927958494274108,1.8615781086430998,1.4511029932793447,1.0,100.87770228454804,462.5204821335656,0.16666666666666666,29.862593725017216,77.08674702226094,13812.061247453754,0.15417349404452188,767.336735969653,13.249570945991875,1.018673567939342,1.2265194534977175,14.268244513931217,11.0,12.0,30.293389843598256,70.58431244094979,2.79236716296465,0
14.848006165551615,1.9788280773065081,1.1140232334543532,1.2323661973248383,226.91056756961905,1246.1595030971362,0.06896551724137931,109.07738726610108,85.94203469635421,135927.82271465842,0.41538650103237873,7551.545706369912,10.39360431588613,1.5838747790886756,1.5226706688307883,11.977479094974806,28.0,16.0,94.45945446078203,132.45111310883703,2.9682421159597623,1
15.618123580358487,1.0,1.0,1.0,169.17455963333438,874.6197854563687,0.15384615384615385,33.83281099363014,134.55689007021059,29590.84589263467,0.29153992848545623,1643.9358829241482,10.93268650625094,4.575417936740173,2.1202519643564295,15.508104442991113,12.0,23.0,33.84331565881382,135.33124397452056,1.5,0
41.687027047067104,2.672241770022267,1.7228873816241799,1.0,170.33428598115682,873.6927602865948,0.3333333333333333,11.319214470843482,291.2309200955316,9889.515735307208,0.2912309200955316,549.4175408504004,29.18091893294697,10.511428185039385,3.4121606040637604,39.69234711798636,5.0,29.0,34.50371233103506,135.83057365012178,4.0083626550334,0
31.20691667446846,4.610261166316099,4.357057238318706,2.3785573248190515,172.82078266618495,1040.790318951218,0.06896551724137931,36.21749343345429,71.7786426862909,37694.816542218534,0.3469301063170727,2094.1564745676965,21.84484167212792,5.982364707902262,2.887004597848312,27.827206380030184,28.0,36.0,77.10312144919861,95.71766121698634,6.915391749474148,0
19.34113849673543,2.1038680487645354,1.2338865524934681,1.0,311.32855223876555,1689.3511501456444,0.07407407407407407,78.33480885745456,125.13712223301069,132334.99943978008,0.5631170500485482,7351.9444133211155,13.538796947714799,2.1123458712670193,2.5227778617151655,15.651142818981818,26.0,16.0,208.89072527132498,102.43782696744059,3.155802073146803,0
122.90710071164821,12.410786295631574,11.932184021085947,7.52915968244493,88.20522659821708,414.6033504498946,0.2222222222222222,15.753895058158232,92.13407787775435,6531.61767374844,0.13820111681663153,362.86764854158,86.03497049815374,6.586905122353926,7.243155374147298,92.62187562050767,8.0,17.0,17.312698836505035,70.89252776171205,18.61617944344736,0
1.0,1.0,1.0,1.0,285.3432504102639,1602.1195570303398,0.11764705882352941,53.67833928407024,188.48465376827528,85999.1171559189,0.5340398523434466,4777.728730884383,1.0,0.055215368159352254,0.13594932898889783,1.0552153681593524,16.0,32.0,63.92010086347419,221.42314954678974,1.5,0
37.03504762852875,2.649001311350633,2.272273107040748,1.0,304.59684496508396,1549.625130321955,0.06896551724137931,114.5375223190257,106.87069864289346,177490.22295037404,0.5165417101073184,9860.567941687446,25.924533339970125,7.517937488573962,3.0041227638326515,33.44247082854409,28.0,5.0,255.50933539978723,49.08750956529673,3.9735019670259497,1
47.52645236795559,5.792067520664488,3.215305515649663,3.032935200891661,83.14289953304979,346.69965545527066,0.25,9.197091819428548,86.67491386381766,3188.628564986366,0.11556655181842355,177.14603138813146,33.26851665756891,2.635720526289413,2.3832154586364456,35.90423718385832,7.0,10.0,54.237753814845775,28.90514571820401,8.688101280996731,0
79.54758864713523,4.651788850526967,2.951638056570226,3.996775164156502,88.28773155519977,433.21823967581923,0.1111111111111111,29.007255796700232,48.135359963979916,12566.472294072677,0.14440607989193974,698.1373496707042,55.68331205299466,23.737599881675298,5.8400589672475665,79.42091193466996,17.0,12.0,43.92369327789353,44.364038277306236,6.977683275790451,0
18.58127346760764,1.9943721432435322,1.9530074770905654,1.647598345636212,251.9342624995145,1270.8557122174598,0.08,61.70406725114664,101.66845697739679,78416.96633317,0.42361857073915327,4356.498129620555,13.006891427325348,1.7809399633017253,1.0953672617809374,14.787831390627073,24.0,8.0,205.6562120611545,46.27805043835998,2.9915582148652984,0
25.77755316488,2.760179958128765,1.7474008537506223,1.481009392407986,147.1830044281233,636.1143619278372,0.18181818181818182,43.870097352453456,115.65715671415222,27906.39898506803,0.2120381206426124,1550.3554991704461,18.044287215416,5.868951859558226,1.527023343416818,23.913239074974225,10.0,9.0,59.442809723216385,87.74019470490691,4.140269937193148,0
65.57129736132369,9.273016968380018,6.0113339565301755,6.6707483797116796,368.6738313548985,2024.7025222621235,0.125,59.26496702365974,253.08781528276543,119993.92821458545,0.6749008407540411,6666.329345254748,45.89990815292658,5.820431643440527,7.821578662667671,51.72033979636711,15.0,29.0,131.6139632602595,237.05986809463897,13.909525452570026,0
120.22917163611578,12.337710920612887,7.38780516672561,4.351685937732867,422.5914634591536,2431.966331582053,0.07142857142857142,119.41583608893433,173.7118808272895,290415.29282600933,0.8106554438606843,16134.182934778297,84.16042014528104,22.24520473797931,8.584078340167412,106.40562488326034,27.0,26.0,183.75979128128498,238.83167217786865,18.50656638091933,1
14.004193462297906,1.0,1.0,1.0,209.06831525990594,1120.0943715228345,0.2222222222222222,18.11284863149127,248.90986033840767,20288.09980437845,0.3733647905076115,1127.1166557988026,9.802935423608533,0.982433692846399,2.0092409619684104,10.785369116454932,8.0,32.0,59.63731405010296,149.431001209803,1.5,0
27.67061278533909,2.968374005086639,1.830384962233253,2.6231955584360613,507.03260993215235,2890.3088280499805,0.08,114.97727585836131,231.22470624399844,332319.8354385596,0.9634362760166602,18462.213079919977,19.36942894973736,6.6878378586198854,2.8125643466497534,26.057266808357248,24.0,27.0,238.75229959597598,268.2803103361764,4.452561007629958,1
150.54902177305294,8.902379840656453,7.3103089073353775,5.541668170026606,99.75498757594897,484.6078338131472,0.09523809523809523,25.090333586784528,46.15312702982354,12158.972209140902,0.1615359446043824,675.4984560633834,105.38431524113706,29.542275744964236,14.454185354112525,134.9265909861013,20.0,8.0,77.1736873478429,22.581300228106073,13.35356976098468,0
1.5701442732772084,1.0,1.0,1.0,96.29747656595262,416.19076943714805,0.16666666666666666,11.849606992025278,69.36512823952467,4931.697051538809,0.13873025647904935,273.98316952993383,1.0991009912940457,0.11233074871172663,0.14669599157506535,1.2114317400057724,11.0,8.0,76.90721057900217,19.390265986950453,1.5,0
8.775685449659422,1.0,1.0,1.0,368.86737454274447,2102.7062325698867,0.07407407407407407,110.5602627054028,155.756017227399,232475.75346521448,0.7009020775232956,12915.31963695636,6.142979814761595,2.3005156408190772,1.0465773996910013,8.443495455580672,26.0,25.0,147.74684913193886,221.1205254108056,1.5,1
116.62960854612716,11.81800338645541,6.6320556735976615,8.039467664525734,91.2429481206583,406.89168782694617,0.125,60.54505046778785,50.86146097836827,24635.277774405837,0.13563056260898207,1368.6265430225465,81.64072598228901,21.781122154519228,11.10620332261821,103.42184813680824,15.0,6.0,34.73423435072297,56.50871376993533,17.727005079683117,0
74.51834974280973,4.355840586252568,3.924865980852721,2.849862578627811,89.21293516069872,474.78482605908715,0.06896551724137931,34.96676337473311,32.743781107523255,16601.68866672192,0.15826160868636238,922.3160370401066,52.16284481996681,20.89480200660458,4.684226119364363,73.05764682657139,28.0,11.0,59.24142369664177,29.971511464056952,6.5337608793788515,0
37.59737571371362,3.6446684664404296,3.251216848173426,2.5190484583929096,72.91753139204899,342.74446070398693,0.3333333333333333,6.922427176111267,114.24815356799564,2372.623569238879,0.11424815356799564,131.81242051327106,26.31816299959953,10.495527127722609,5.189085202516593,36.81369012732214,5.0,20.0,14.769143112714346,58.14838827933464,5.467002699660645,0
11.724536143983567,1.6800615858999737,1.0,1.0,126.69333167036223,639.0910972399054,0.16666666666666666,11.8933146257425,106.51518287331756,7600.911493985189,0.21303036574663511,422.27286077695493,8.207175300788496,3.2843585193626414,1.0885004824385118,11.491533820151137,11.0,21.0,79.12007316739223,47.57325850297,2.5200923788499603,0
6.971412100846453,1.0,1.0,1.0,172.66232728031724,925.0473976426873,0.11764705882352941,21.78094464876897,108.82910560502204,20148.40616554315,0.30834913254756247,1119.3558980857306,4.879988470592517,0.48413877652839926,0.40016224449727456,5.3641272471209165,16.0,24.0,104.5968752529142,68.06545202740303,1.5,0
9.880284006157705,1.0,1.0,1.0,169.93648181126866,898.1826580309236,0.16666666666666666,19.492526512811917,149.69710967182058,17507.84927501566,0.2993942193436412,972.6582930564255,6.916198804310393,0.7927884600288483,1.017042830275686,7.708987264339242,11.0,27.0,70.70180138240801,99.23468042886067,1.5,0
128.7161850915704,9.32175242334049,8.352783196071941,3.9572524526224284,431.78435285474444,2609.874803226213,0.07142857142857142,128.38960112837546,186.41962880187234,335080.78498121083,0.869958267742071,18615.599165622825,90.10132956409927,38.219240209440905,14.768211059721613,128.32056977354017,27.0,38.0,60.88106070610418,370.9032921486403,13.982628635010734,1
9.448620698419703,1.108949103356246,1.0,1.0,173.44189034844229,824.6966767694149,0.16666666666666666,37.86173416738682,137.44944612823582,31224.446344570923,0.2748988922564716,1734.6914635872736,6.614034488893791,1.6242198383295505,0.7328184524172354,8.238254327223341,11.0,15.0,63.29866367968062,110.14322666876166,1.6634236550343688,0
22.685082663647773,3.163892700847699,3.008843124316671,1.473522598570298,444.23787535599996,2544.559212943329,0.13333333333333333,56.122072777011724,339.2745617257772,142805.93733422118,0.848186404314443,7933.66318523451,15.87955786455344,2.4852305032003317,2.9498329638962555,18.36478836775377,14.0,38.0,131.5577555983632,312.68011975763676,4.745839051271549,0
8.129917908602744,1.0,1.0,1.0,407.351962582394,2386.2600551355818,0.09523809523809523,79.93085881386594,227.2628623938649,190735.81556021015,0.7954200183785273,10596.434197789453,5.690942536021921,1.9708231725953398,0.9510181599750089,7.661765708617261,20.0,37.0,103.61469908970346,303.73726349269054,1.5,0
55.22020042780477,7.247381454531039,5.277165887845156,4.81051929157294,272.4102570467033,1478.170176631865,0.15384615384615385,36.46794192522803,227.4107964049023,53905.82415701491,0.49272339221062167,2994.7680087230506,38.654140299463336,6.409480742755233,6.352206992713731,45.06362104221857,12.0,30.0,83.99255709969181,188.4176999470115,10.87107218179656,0
10.522633025461744,1.1173077804141571,1.0,1.0,157.38061319503174,680.1876937582084,0.14285714285714285,46.688080149494475,97.16967053688691,31756.657562883036,0.22672923125273614,1764.258753493502,7.36584311782322,2.4391876051178,0.9689503059715905,9.80503072294102,13.0,6.0,107.10114226480692,50.279470930224825,1.6759616706212357,0
17.865783224830423,1.8689240851120916,1.2813669976928914,1.0,290.22265602698974,1554.8829725829835,0.14285714285714285,42.41120626698277,222.1261389404262,65944.46247123623,0.5182943241943279,3663.5812484020125,12.506048257381295,4.6329807123158595,2.61182618680767,17.139028969697154,13.0,27.0,107.52822903075631,182.69442699623343,2.8033861276681376,0
2.664300216869175,1.0,1.0,1.0,154.3510322564714,778.6074394314513,0.2857142857142857,13.047287589055376,222.45926840898608,10158.71518124016,0.25953581314381713,564.3730656244534,1.8650101518084223,0.6555932823960507,0.20626723680649467,2.520603434204473,6.0,26.0,36.92544395497303,117.42558830149838,1.5,0
2.8978182218571655,1.0,1.0,1.0,397.2589376403116,2307.0236468368385,0.1111111111111111,53.7412441296807,256.3359607596487,123982.32101760482,0.7690078822789461,6887.906723200267,2.0284727553000157,0.34342609415685693,0.31229946386382845,2.3718988494568727,17.0,38.0,150.68146457471775,246.57747306559384,1.5,0
20.271335259726207,2.7368712214847495,2.346689737779335,1.4697190095320956,206.32072578991563,1074.8181993652836,0.1111111111111111,50.61465466428957,119.42424437392039,54401.551987767365,0.3582727331217612,3022.3084437648536,14.189934681808344,3.04890295340966,1.6400628340738013,17.238837635218005,17.0,19.0,87.22742069746958,119.09330509244604,4.105306832227124,0
4.095183036084591,1.0,1.0,1.0,366.1844764145603,1974.5829321213519,0.07142857142857142,108.20406781893954,141.04163800866797,213657.90550137922,0.6581943107071173,11869.883638965512,2.8666281252592136,0.6278437763256924,0.5097703307606578,3.494471901584906,27.0,14.0,245.95773439351643,120.22674202104392,1.5,0
251.16346124863142,26.481772191055676,24.217038020275062,12.027761341406695,293.11160498345,1628.1144533384108,0.07142857142857142,126.37521250335823,116.2938895241722,205753.3100204306,0.5427048177794703,11430.739445579478,175.81442287404198,43.405624694640224,13.758520513134355,219.22004756868222,27.0,19.0,105.88906794143779,187.2225370420122,39.72265828658351,1
1.6924416768811785,1.0,1.0,1.0,208.44908731852223,1124.0236453099988,0.2222222222222222,20.531204384838315,249.78303229111083,23077.559195250593,0.37467454843666625,1282.0866219583663,1.184709173816825,0.155439281225302,0.0923893533145601,1.340148455042127,8.0,33.0,33.93385004739655,174.51523727112567,1.5,0
7.688991584801865,1.0,1.0,1.0,289.216371357502,1686.967284424135,0.06666666666666667,113.35498588851209,112.46448562827567,191226.15272027938,0.5623224281413783,10623.675151126632,5.382294109361306,1.2542091817427818,1.00791989634752,6.636503291104088,29.0,27.0,70.32398481416826,218.8923865433337,1.5,0
20.49213267883652,2.193166657569811,2.191734797211384,1.0920666689304603,292.97051606387777,1653.4834605086119,0.06896551724137931,37.392844795349546,114.03334210404219,61828.450410476005,0.5511611535028706,3434.9139116931115,14.344492875185562,3.641364836875852,1.9145147114129355,17.985857712061414,28.0,21.0,234.21033138547136,58.76018467840643,3.2897499863547166,0
12.959647281823111,1.0,1.0,1.0,192.1735326604083,942.974500136224,0.11764705882352941,61.02312138435543,110.9381764866146,57543.247384164686,0.31432483337874134,3196.8470768980383,9.071753097276178,2.3706726271567877,1.0901396808125317,11.442425724432965,16.0,13.0,85.38307023778631,106.790462422622,1.5,0
5.338931033834176,1.0,1.0,1.0,145.1189499844112,744.3561655919262,0.09090909090909091,48.4705191354721,67.66874232653875,36079.3297679301,0.2481187218639754,2004.40720932945,3.737251723683923,1.3612945142662112,0.5913009535272901,5.098546237950134,21.0,13.0,80.49159113711504,64.62735884729614,1.5,0
6.3629149167918655,1.0,1.0,1.0,69.42835938794569,330.12403834945667,0.2857142857142857,6.614632294621409,94.32115381413047,2183.6491252971528,0.11004134611648556,121.31384029428627,4.454040441754305,1.141084595176148,0.7647583263586248,5.595125036930453,6.0,20.0,23.125933325595824,46.302426062349866,1.5,0
6.117876792503958,1.0,1.0,1.0,338.11126086158015,1954.7428222341666,0.1111111111111111,40.60335224374837,217.1936469149074,79369.11135711266,0.6515809407447222,4409.395075395148,4.28251375475277,0.6588707405325592,0.42898634467319136,4.941384495285329,17.0,37.0,156.59039200717572,181.52086885440445,1.5,0
14.238277921840998,2.01640662036154,1.1999170642129242,1.1062185474939499,431.749291939203,2529.179146839637,0.08695652173913043,73.63276868996294,219.92862146431625,186230.4630947208,0.8430597156132122,10346.1368385956,9.966794545288698,3.0723667143621722,0.9759360511433057,13.03916125965087,22.0,35.0,190.76932168114246,240.97997025806055,3.0246099305423098,0
208.99595702942915,20.015836475340507,16.783686058204857,11.213611536221748,151.6767079888092,744.2610120031474,0.1,25.511829767083142,74.42610120031473,18987.460240501317,0.24808700400104913,1054.8589022500732,146.2971699206004,52.10865600059255,30.474761102125417,198.40582592119296,19.0,10.0,122.13669457429187,29.540013414517325,30.02375471301076,1
22.05467849145551,2.5204609017334016,2.158463488009283,1.378199298237526,214.6384999920977,1020.5819210955391,0.15384615384615385,52.5967452608754,157.01260324546757,53679.28732171691,0.340193973698513,2982.182628984273,15.438274944018854,2.863643780216834,2.4032195940926546,18.301918724235687,12.0,14.0,83.14663683990922,131.4918631521885,3.7806913526001025,0
83.0531352968157,5.008412442787859,4.971813820121948,3.016297447970795,162.52507284729842,864.9467513096527,0.1,23.71724134165308,86.49467513096528,20514.15084848982,0.2883155837698842,1139.6750471383232,58.13719470777098,17.551326922474914,7.392696421864582,75.6885216302459,19.0,20.0,110.09748672364424,52.42758612365417,7.5126186641817885,0
36.905906832377795,5.1833008622583385,3.9945142207756525,4.088109445419237,101.18709178447499,385.2551719543154,0.3333333333333333,20.97789724147851,128.41839065143847,8081.843409005762,0.12841839065143848,448.9913005003201,25.834134782664457,3.201015338748852,4.803088593124467,29.03515012141331,5.0,8.0,25.666661715152355,75.52043006932263,7.774951293387508,0
76.44984291097606,8.16946242614286,5.193200699004728,6.4667097418285815,422.85616492454244,2398.6200259268526,0.08,88.48204610249901,191.8896020741482,212234.80771643715,0.7995400086422841,11790.822650913175,53.51489003768324,10.357545213579689,7.837324135735155,63.87243525126293,24.0,26.0,223.77156119391967,199.08460373062277,12.254193639214291,1
1.0,1.0,1.0,1.0,120.90947865060552,604.5473932530276,0.13333333333333333,30.66033283301788,80.60631910040368,18535.624290471173,0.2015157977510092,1029.7569050261764,1.0,0.27730598238740856,0.07416628103745813,1.2773059823874084,14.0,17.0,42.068622794273836,78.84085585633169,1.5,0
13.938438379375437,1.8042488914767587,1.7856433142245507,1.0,188.0812447171321,979.800473303346,0.11764705882352941,39.055259288935204,115.2706439180407,38266.36153628361,0.326600157767782,2125.9089742379783,9.756906865562806,3.8724750881845993,0.9850786508214143,13.629381953747405,16.0,20.0,85.56118908367718,102.52005563345492,2.706373337215138,0
96.40542806705936,7.2928828968911645,4.29264158879904,5.687043189512921,304.3821296645715,1651.6580221600282,0.2,34.62004486183824,330.33160443200563,57180.47482359519,0.5505526740533427,3176.6930457552885,67.48379964694155,18.68637447615938,8.646210147101039,86.17017412310094,9.0,33.0,42.80845737512703,261.57367228944446,10.939324345336747,0
10.113963691240158,1.040903305143317,1.0,1.0,145.92536297661601,669.0623171519078,0.14285714285714285,40.25136113256617,95.58033102170111,26930.66894787296,0.22302077238396925,1496.1482748818312,7.079774583868111,2.281587477981801,1.3753937354536223,9.361362061849912,13.0,10.0,77.80767490611943,68.11768807049658,1.5613549577149755,0
166.49541938544573,24.316318874009653,18.746434468849326,9.114589440458513,374.04278605094464,2191.135532051002,0.07142857142857142,96.32655050045234,156.50968086078583,211064.52748144636,0.7303785106836673,11725.807082302576,116.546793569812,43.87218464835948,9.347850624487343,160.41897821817147,27.0,30.0,152.84848490175781,221.19430114918686,36.47447831101448,1
119.18396032215053,7.0274980194494825,4.1118405144820445,6.1049116560595955,150.51314902012143,723.5701277762704,0.15384615384615385,28.7624077431066,111.3184811963493,20811.61904583283,0.24119004259209012,1156.201058101824,83.42877222550537,34.5202392173503,8.563677436438919,117.94901144285566,12.0,15.0,73.81339503850381,76.6997539816176,10.541247029174224,0
11.439166680067391,1.3533104974396906,1.0,1.0713329721235871,227.65725628122124,1278.2294379264317,0.09523809523809523,56.98973100858695,121.73613694537444,72845.95183468463,0.4260764793088106,4046.997324149146,8.007416676047173,1.9729314951982584,1.5936495866493847,9.980348171245431,20.0,28.0,62.38703635631906,165.27021992490216,2.0299657461595357,0
10.98140927530361,1.605772030947872,1.0734450519327572,1.0139587756640642,437.21739200391573,2492.3313868411847,0.10526315789473684,86.64485711982455,262.3506722990721,215947.69690810863,0.8307771289470616,11997.0942726727,7.686986492712527,2.090793714507828,0.6827521762455819,9.777780207220355,18.0,33.0,109.8923762179119,327.32501578600386,2.408658046421808,0
5.951676765441425,1.0,1.0,1.0,140.22084556981713,730.4739558850212,0.06666666666666667,47.08817135572134,48.69826372566808,34396.68280560551,0.2434913186283404,1910.9268225336393,4.166173735808997,0.9160249020144625,0.6723167141037932,5.08219863782346,29.0,7.0,114.24116482183292,25.97968074798419,1.5,0
9.435573127073072,1.2846041421112357,1.0,1.1479463933616858,133.86895635287271,669.3447817643636,0.1111111111111111,42.38660597127127,74.37164241826261,28371.25352357264,0.22311492725478785,1576.180751309591,6.60490118895115,0.6415763640847297,0.6732388690903887,7.24647755303588,17.0,14.0,59.06906346239401,74.79989289047872,1.9269062131668537,0
4.576310578716229,1.0,1.0,1.0,89.67711876077598,452.366730517868,0.07142857142857142,48.76408688165706,32.31190932270486,22059.25054934446,0.15078891017262266,1225.5139194080255,3.20341740510136,0.7125355298571824,0.5060790152920221,3.9159529349585425,27.0,5.0,68.0041912578173,21.672927502958693,1.5,0
33.601590982560914,4.190408072807722,3.6921701723887317,2.7980991567254696,446.15727425679216,2590.993642666986,0.07692307692307693,98.2365977845016,199.30720328207585,254530.40033687736,0.863664547555662,14140.577796493186,23.52111368779264,8.321663668523179,2.967370500929512,31.842777356315818,25.0,30.0,202.5305117512282,243.62676250556396,6.285612109211583,1
3.4999343388271122,1.0,1.0,1.0,221.9257173217044,1129.0388403919978,0.1111111111111111,64.89680804260612,125.44876004355531,73271.01689756609,0.37634628013066596,4070.612049864783,2.4499540371789785,0.8792583152524837,0.21058296306977525,3.3292123524314623,17.0,16.0,92.13210123649216,129.79361608521225,1.5,0
41.44965753517133,3.4569044179449033,3.431799339269671,1.5185606273887633,141.2304915820716,678.9450988516869,0.2,18.500245196121714,135.78901977033738,12560.650803461303,0.2263150329505623,697.8139335256279,29.01476027461993,11.31966432478772,4.486822084047916,40.334424599407654,9.0,18.0,63.118345198446605,78.112146383625,5.185356626917355,0
42.67846396790029,2.28675176654732,1.6258454965416194,1.0,233.29748838761094,1316.697473895315,0.09523809523809523,25.627517819617346,125.39975941860142,33743.687975297325,0.438899157965105,1874.6493319609626,29.874924777530204,2.6830531789948004,5.049044725393528,32.55797795652501,20.0,29.0,156.41493492875892,76.88255345885203,3.43012764982098,0
2.7361579101127234,1.0,1.0,1.0,136.61553679815802,656.7593732561667,0.125,14.479348246460532,82.09492165702083,9509.447679503195,0.2189197910853889,528.3026488612886,1.9153105370789063,0.49740244553895563,0.32294122624727417,2.4127129826178617,15.0,12.0,111.51799983762642,25.09753696053159,1.5,0
128.9961201553181,17.40946067781447,9.013042950198114,8.825602082968032,193.220983698173,991.085110200439,0.07407407407407407,62.62653818419421,73.41371186669917,62068.22949775412,0.3303617034001463,3448.2349720974507,90.29728410872266,9.914141546154557,14.667302725347435,100.21142565487722,26.0,8.0,149.86414957065392,43.35683412751907,26.114191016721705,1
37.20083299243911,4.213776706986628,3.678452062835867,1.6056268048197857,214.9751182344819,1159.2140755197208,0.2,23.05178511135782,231.8428151039442,26721.95376694192,0.38640469183990694,1484.5529870523287,26.040583094707376,3.7269857572435656,3.7209195030482234,29.76756885195094,9.0,32.0,45.92869408452455,169.04642414995735,6.320665060479941,0
49.38455017254141,4.210170444422859,3.4581204013536437,2.0584644704864528,194.1088570314382,942.9771384446617,0.1111111111111111,77.19296910188478,104.7752376049624,72791.2051117425,0.31432571281488725,4043.95583954125,34.56918512077898,13.583424265618271,5.0346196596821455,48.15260938639725,17.0,11.0,85.13054771113026,108.97830932030793,6.315255666634289,0
8.081696053757025,1.0,1.0,1.0,187.42368810974688,919.6675325799811,0.125,40.30891623907006,114.95844157249763,37070.80153855869,0.30655584419332704,2059.4889743643716,5.657187237629917,1.4078137908859159,0.9177898193923181,7.065001028515833,15.0,14.0,106.80585563160676,80.61783247814012,1.5,0
42.387560814067456,5.3114055643798235,4.002989935901271,4.669451006269051,197.10037208613483,1018.9941414416909,0.06666666666666667,50.3524550320704,67.93294276277939,51308.85668488593,0.33966471381389696,2850.492038049218,29.671292569847218,10.157595281880173,5.045219108054886,39.82888785172739,29.0,6.0,172.79229034651462,24.308081739620192,7.967108346569735,0
77.6081261136842,9.518839951541592,5.37602062320387,6.841912054944569,476.1353994774381,2740.105659790319,0.08333333333333333,101.6062341047371,228.3421383158599,278411.81714037026,0.9133685532634397,15467.323174465015,54.325688279578934,5.129588758841676,8.962781959298646,59.45527703842061,23.0,30.0,202.24033362988595,273.8950658475522,14.278259927312387,1
17.844046464558314,2.5206545033861194,2.3588248935353415,1.5590595712786022,169.69709587241118,797.6509694918782,0.25,19.657802453968607,199.41274237296955,15680.065185487882,0.26588365649729273,871.1147325271045,12.49083252519082,2.7516701991515298,1.9395507164761217,15.24250272434235,7.0,18.0,62.98331112229587,106.7137847501153,3.7809817550791793,0
221.91777959754126,27.307693382518497,18.540532282394715,24.06692237337729,199.79327909068326,1063.285465162379,0.1,61.464141215241824,106.3285465162379,65353.927982854555,0.3544284883874597,3630.773776825253,155.34244571827887,48.50236547994027,14.554233128123554,203.84481119821913,19.0,20.0,63.92517745699081,135.86810163369245,40.96154007377775,1
21.17619263832829,2.8136700054531465,2.2875762770411656,2.368783320738909,92.06090468796359,464.39148623078256,0.16666666666666666,14.518085837984932,77.39858103846376,6742.075459527899,0.1547971620769275,374.55974775154993,14.8233348468298,1.7650699686036597,1.5048152711106868,16.58840481543346,11.0,21.0,33.98856133602386,58.07234335193973,4.220505008179719,0
78.96012360548174,9.838073063652057,5.70006288446074,5.973683020709145,209.12189421576096,1097.4565423183308,0.16666666666666666,26.816902592046727,182.9094237197218,29430.385194355084,0.3658188474394436,1635.0213996863936,55.27208652383722,10.379661182039248,6.002738266880746,65.65174770587646,11.0,26.0,77.47528149116796,131.646612724593,14.757109595478086,0
28.548676241658715,3.227962246971972,1.9467272910471751,2.7224884766005326,120.52837501130469,511.9958003611675,0.18181818181818182,42.461286203512415,93.09014552021227,21740.00021413194,0.17066526678705582,1207.7777896739965,19.9840733691611,1.8881224090170745,4.052946102088781,21.872195778178174,10.0,8.0,44.09805984498235,76.43031516632234,4.841943370457958,0
40.553652051496854,3.759187261345286,3.744068507139398,2.0396703305786064,169.5089509391238,839.7806193201569,0.25,22.52672780870725,209.94515483003923,18917.509430452774,0.279926873106719,1050.9727461362652,28.387556436047795,8.631235934891007,5.107307034809712,37.018792370938804,7.0,23.0,15.039960250845535,154.46899068827827,5.638780892017929,0
2.7031054502602077,1.0,1.0,1.0,183.39149208020007,840.8431141390182,0.1111111111111111,34.65096527116062,93.42701268211313,29136.025546525667,0.2802810380463394,1618.6680859180926,1.8921738151821452,0.7912606360055093,0.2846010038288266,2.6834344511876544,17.0,6.0,154.8554030333619,28.53608904683816,1.5,0
31.35157439826936,3.6084676812226877,3.539856041773891,1.5863073130797936,133.0366543031408,617.8030905525607,0.16666666666666666,35.77725909437652,102.9671817587601,22103.30124000552,0.20593436351752023,1227.9611800003067,21.946102078788552,8.04987328149288,2.3578168746982624,29.995975360281435,11.0,13.0,41.96726751745513,91.06938678568568,5.412701521834031,0
8.314740292068633,1.0,1.0,1.0,298.4238474037516,1505.3675009198091,0.2,40.034182590445006,301.0735001839618,60266.15739754553,0.5017891669732697,3348.119855419196,5.820318204448043,2.4416715393287762,0.5079404362401492,8.26198974377682,9.0,23.0,84.90820692137827,213.51564048237336,1.5,0
7.274114104510332,1.0,1.0,1.0,292.8043374653172,1635.3012447922993,0.07142857142857142,53.89617604860927,116.80723177087852,88136.48378183565,0.5451004149307664,4896.471321213092,5.091879873157232,1.9014621469422202,1.017473421451489,6.993342020099453,27.0,20.0,208.96584138970277,83.83849607561442,1.5,0
162.86535579130882,12.877842768278276,9.678139671319002,8.954872070339444,353.4140929096177,2014.6157321727908,0.08695652173913043,64.23526218457204,175.18397671067746,129409.36975728278,0.6715385773909303,7189.409430960154,114.00574905391616,42.96371010144197,22.68170461654639,156.96945915535812,22.0,29.0,178.22701422442123,175.18707868519647,19.316764152417413,1
15.54090690023537,1.6220460015282239,1.2122103553989605,1.1543218652041112,306.63354621344627,1721.6583904605925,0.07407407407407407,120.23844418043895,127.53025114522907,207009.5262791803,0.5738861301535308,11500.52923773224,10.878634830164758,3.019509609563018,0.9490763397090524,13.898144439727776,26.0,22.0,93.90399112497737,212.7295550884689,2.433069002292336,0
6.0257249924183505,1.0,1.0,1.0,137.7202318116798,732.9371709129791,0.15384615384615385,19.550907204099808,112.75956475584294,14329.586614955097,0.2443123903043264,796.0881452752832,4.218007494692845,1.0819977259362068,0.7816670885479268,5.3000052206290515,12.0,27.0,46.48266485921404,91.23756695246577,1.5,0
13.053313978845976,1.0,1.0,1.0,323.50576776178536,1796.941531063028,0.09090909090909091,78.31900937511901,163.3583210057298,140734.680617866,0.5989805103543426,7818.593367659221,9.137319785192183,1.9784068226743439,1.23568553162287,11.115726607866527,21.0,25.0,129.57298264244304,193.9327851193423,1.5,0
4.2184160976964495,1.0,1.0,1.0,184.78089269313142,983.3906242219431,0.08,77.8032907382684,78.67124993775545,76511.02664562709,0.32779687474064767,4250.612591423727,2.9528912683875146,1.0736869735610293,0.347583537342192,4.026578241948544,24.0,15.0,81.04317170877354,103.73772098435788,1.5,0
112.24246100585755,7.5182284055132005,4.459682389247521,3.117217534867917,81.71647610032193,311.12362749376325,0.3333333333333333,16.52755788694462,103.70787583125441,5142.113763399367,0.10370787583125442,285.6729868555204,78.56972270410029,10.721052268179319,13.908014258758703,89.2907749722796,5.0,8.0,22.21726770732129,59.49920839300063,11.277342608269802,0
8.716197767567275,1.1334631290876285,1.0,1.0,221.77355113936,1238.596966765091,0.10526315789473684,41.844886294462846,130.3786280805359,51828.94923895181,0.4128656555883637,2879.3860688306563,6.101338437297092,0.5583267598254864,0.9712716658127806,6.659665197122578,18.0,29.0,82.29059682448384,139.48295431487617,1.7001946936314427,0
37.90791467390585,3.731534388880792,2.91742310508034,2.3557603615231373,231.21508834978866,1354.4535933398045,0.09090909090909091,46.08570879499744,123.13214484907314,62420.95387899611,0.45148453111326814,3467.8307710553395,26.535540271734092,10.87856527125857,4.852327209867876,37.41410554299266,21.0,36.0,68.81782878646436,162.3972595633243,5.597301583321188,0
102.24051799241659,10.979228626271473,9.477659540510558,7.152486724737878,305.08550774029476,1712.9666036063195,0.13333333333333333,50.82100608000735,228.39554714750926,87054.6861767263,0.5709888678687731,4836.371454262572,71.5683625946916,5.208596802689524,5.871968020910592,76.77695939738113,14.0,34.0,50.980477340258005,254.10503040003675,16.46884293940721,1
11.021156927294838,1.0,1.0,1.0,244.66502420214772,1359.0136158286891,0.11764705882352941,28.833648625829905,159.8839548033752,39185.32107652301,0.453004538609563,2176.962282029056,7.714809849106386,3.2425051582589326,0.9021776005597759,10.957315007365318,16.0,30.0,132.93463577705683,111.73038842509088,1.5,0
38.0319622764394,3.1360256090700735,2.3921524785853885,2.1447470556118255,270.3263791647005,1590.233595452379,0.09523809523809523,52.198728830035265,151.4508186145123,83008.17222543072,0.530077865150793,4611.56512363504,26.62237359350758,8.831529080845668,3.1160227547500434,35.453902674353245,20.0,38.0,66.75133672756294,203.57504243713754,4.70403841360511,0
5.835131104447768,1.0,1.0,1.0,85.66802761502831,428.34013807514157,0.10526315789473684,29.295104907537947,45.088435586857,12548.26928102056,0.14278004602504718,697.126071167809,4.084591773113438,0.7709651212489592,0.484171807782006,4.8555568943623975,18.0,13.0,40.09786442552484,45.570163189503475,1.5,0
378.0110707678788,49.45189328558208,47.342545641771984,44.4494758601049,173.75981048441636,905.1936295390914,0.09523809523809523,19.448835096344826,86.20891709896108,17604.961631167636,0.3017312098463638,978.0534239537576,264.60774953751513,84.84646006042627,37.894849008133164,349.4542095979414,20.0,16.0,140.69679082063016,33.06301966378621,74.17783992837312,1
61.78472474743675,7.847645651921345,7.567972033063875,6.302182360489747,176.25713274350252,748.7275236218026,0.15384615384615385,50.196645670137706,115.18884978796963,37583.61020672328,0.24957584120726753,2087.97834481796,43.24930732320572,15.722284103484252,4.837829229679997,58.97159142668997,12.0,6.0,117.6943794616752,58.56275328182733,11.771468477882017,0
15.940647179129614,1.1524728844048504,1.0,1.0,174.62479842185638,909.6997438610167,0.07142857142857142,66.26152952540393,64.97855313292976,60278.09643709915,0.30323324795367224,3348.783135394397,11.15845302539073,1.7748398503628862,1.5054085930157863,12.933292875753615,27.0,9.0,125.54218395859422,49.082614463262175,1.7287093266072757,0
7.945450676576295,1.0,1.0,1.0,129.08261099620768,591.8389309127886,0.13333333333333333,61.45522056675918,78.91185745503847,36371.59203924037,0.19727964363759617,2020.6440021800206,5.561815473603406,1.9285509408996895,0.6894884064336629,7.490366414503095,14.0,9.0,41.28943875798026,87.79317223822741,1.5,0
17.517565784114986,1.3023545654889495,1.000907811288522,1.0,219.012362773453,1223.175833284073,0.09090909090909091,31.572835821219705,111.19780302582481,38619.12976476164,0.40772527776135764,2145.5072091534244,12.26229604888049,4.398527744412187,2.163937978405657,16.66082379329268,21.0,26.0,137.82507066174517,81.18729211170782,1.9535318482334243,0
13.356718720345835,1.9878098644909346,1.6192887720667632,1.7146694259929303,263.8087492737727,1319.0437463688636,0.08695652173913043,66.3194489330329,114.69945620598814,87478.25437774626,0.43968124878962117,4859.903020985903,9.349703104242083,1.50047585006732,1.4739149735509465,10.850178954309403,22.0,9.0,203.51834115283373,60.290408120939,2.981714796736402,0
209.25078582516622,30.385806261437253,30.304588388681395,12.97838325618328,227.40219982570727,1147.1063195299737,0.08,38.48311746485244,91.76850556239789,44144.22723914654,0.3823687731766579,2452.457068841474,146.47555007761633,12.655819941352675,24.139786526343865,159.131370018969,24.0,8.0,198.53986172706794,28.862338098639334,45.57870939215588,1
4.615214442744443,1.0,1.0,1.0,247.77024815021514,1260.521930631595,0.09523809523809523,77.26264943155755,120.04970767919953,97391.26402717903,0.4201739768771984,5410.625779287724,3.23065010992111,0.466277751081853,0.32794970507518084,3.696927861002963,20.0,13.0,139.60253894603457,108.16770920418057,1.5,0
23.61215703377633,2.830867579576282,2.629325710769884,1.1023543466472416,367.8270804629742,2126.5406645320327,0.09090909090909091,84.2771966131007,193.32187859382117,179218.88569051994,0.7088468881773442,9956.604760584441,16.52850992364343,2.365031480428736,1.94918867594209,18.893541404072167,21.0,33.0,94.9294914300767,272.8975890328975,4.246301369364423,0
19.64836875859442,2.557098406327393,1.3601602671558322,1.8974513663925994,202.12311472437204,1122.710799714357,0.09523809523809523,27.93418037043587,106.924838068034,31362.005983057155,0.374236933238119,1742.3336657253976,13.753858131016093,1.3028855633342398,1.0240050898919957,15.056743694350333,20.0,26.0,126.7008277241952,75.42228700017685,3.8356476094910894,0
17.445951911477994,2.1301479720094,2.080383871295576,1.1586660888118203,350.98103511332755,2029.147616615376,0.08333333333333333,103.56899436260821,169.09563471794797,210156.77806613775,0.676382538871792,11675.376559229875,12.212166338034596,4.038770075592014,1.0613675887596143,16.25093641362661,23.0,31.0,62.78905079998299,288.19198431334456,3.1952219580141,1
17.631022881092328,2.115420710586522,1.7057285006928142,1.0,257.8822955256312,1399.3376110724032,0.06896551724137931,46.47861912097708,96.50604214292436,65039.27984669219,0.46644587035746776,3613.2933248162326,12.341716016764629,2.5563877908964976,1.348868866947259,14.898103807661126,28.0,14.0,208.08377503887007,49.798520486761156,3.173131065879783,0
17.474016879534236,2.5486797354622364,2.294941808891158,2.102584308351151,356.4978828873715,2001.6321724539553,0.06896551724137931,92.05091643619843,138.0435981002728,184252.07584256536,0.6672107241513184,10236.226435698076,12.231811815673964,4.7371455485055405,0.988092261079576,16.968957364179506,28.0,20.0,218.42150823307378,138.07637465429767,3.8230196031933543,1
57.26440804037197,6.278790986993774,4.417734890784811,3.9845404934658077,255.03400124917508,1212.6579851664449,0.15384615384615385,55.35638617992914,186.56276694868384,67128.3637310485,0.40421932838881497,3729.3535406138058,40.08508562826037,6.473327674719339,6.314159169244647,46.558413302979716,12.0,14.0,116.64303579935222,138.39096544982286,9.418186480490661,0
41.71168626853372,4.739710055301308,3.1274253312423728,2.3634875836185647,131.42351148091484,577.2537792403867,0.18181818181818182,41.17805580968596,104.95523258916123,23770.188337912783,0.19241792641346225,1320.5660187729325,29.1981803879736,6.811853782790798,6.248953338485665,36.0100341707644,10.0,10.0,40.83178869960573,90.5917227813091,7.109565082951962,0
33.20478306097688,4.4802176149255155,3.2778260977665954,2.2687364376277115,108.34911637984597,468.27709013827683,0.18181818181818182,43.436301428202086,85.14128911605033,20340.22483916755,0.1560923633794256,1130.0124910648638,23.243348142683814,6.964847927972937,1.9949938842775612,30.20819607065675,10.0,9.0,21.47651352344181,86.87260285640416,6.720326422388274,0
1.0,1.0,1.0,1.0,206.52959458287967,1067.7425145717743,0.07692307692307693,53.87261556528359,82.13403958244419,57522.08201023441,0.3559141715239248,3195.6712227908006,1.0,0.2693662374179445,0.1321230212669265,1.2693662374179446,25.0,10.0,159.12169288543012,47.40790169744955,1.5,0
28.782105263099094,3.54863965092171,2.4078693544516026,2.034392895253224,181.9997614521842,987.5788909321766,0.14285714285714285,17.87360228223169,141.08269870459665,17651.592318849194,0.32919296364405887,980.6440177138442,20.147473684169366,5.214030205667918,1.7810834367301422,25.361503889837284,13.0,29.0,99.5062124572687,82.4935489949155,5.3229594763825645,0
2.7544912678777185,1.0,1.0,1.0,94.64027834703603,386.8386210290988,0.2222222222222222,12.468533284677692,85.9641380064664,4823.310222100138,0.1289462070096996,267.9616790055632,1.9281438875144028,0.39494214480550677,0.3222517948942512,2.3230860323199094,8.0,8.0,66.58607845651123,28.054199890524806,1.5,0
43.622985236388466,3.8007264167625325,1.9724829162116242,2.389774320737896,272.94111320924054,1563.3849852424585,0.11764705882352941,46.73351995287887,183.92764532264218,73062.48340185967,0.5211283284141528,4059.0268556588708,30.536089665471923,11.636595753797081,4.986794724110873,42.172685419269,16.0,36.0,56.79858342717576,216.14252978206477,5.701089625143799,0
117.84813936382514,7.628325919984672,4.389636417666732,5.828882799029262,390.99202685801555,2270.6294716591756,0.11764705882352941,65.0975319242553,267.13287901872656,147812.37451948813,0.7568764905530585,8211.798584416007,82.4936975546776,15.03289794161976,16.530758082162784,97.52659549629736,16.0,39.0,65.50436723673903,325.4876596212765,11.442488879977008,1
6.6095334233770275,1.0,1.0,1.0,209.53684800633005,1129.8891962186785,0.07142857142857142,40.335487333734626,80.70637115847704,45574.63136260211,0.37662973207289285,2531.923964589006,4.626673396363919,0.46171507050129434,0.40578940537570674,5.088388466865213,27.0,14.0,164.719639857736,44.81720814859403,1.5,0
14.670858822104671,1.4021341767796958,1.0,1.0,374.09932188223047,2209.7637662496713,0.09090909090909091,74.4580269481112,200.8876151136065,164534.65005637772,0.7365879220832238,9140.813892020984,10.26960117547327,2.3658304233988985,1.1963270639154044,12.635431598872168,21.0,38.0,97.54093607496031,276.55838580727016,2.1032012651695435,1
9.784242211314217,1.4648603604683048,1.4626534757447351,1.0,214.6839542844526,1053.4306763064296,0.1,39.62899809727537,105.34306763064296,41746.402266959005,0.35114355876880987,2319.2445703866115,6.8489695479199515,2.4095978778801865,0.5780332268852414,9.258567425800138,19.0,10.0,168.79774596129164,45.88620832316095,2.197290540702457,0
88.45713911434046,9.829433838716328,5.766722072072959,7.903608854634268,169.86338757157148,864.1736723592746,0.14285714285714285,29.278578823230458,123.45338176561066,25301.776983131553,0.28805789078642485,1405.6542768406418,61.91999738003832,5.103553034836149,8.026453308071572,67.02355041487446,13.0,20.0,75.2710559888269,94.59233158274456,14.744150758074493,0
22.511661466064133,2.896001035452358,1.658659469666084,1.0,260.15578303003474,1334.4126396559766,0.16666666666666666,38.45253095499256,222.40210660932942,51311.543333104775,0.4448042132186589,2850.6412962835984,15.758163026244892,4.422878762849043,3.1777307650932314,20.181041789093936,11.0,23.0,92.36292068097626,167.79286234905845,4.344001553178537,0
159.81154170770404,13.328517034062392,12.762426457750129,4.624706984272012,310.9972367121226,1781.3674334759999,0.13333333333333333,39.122429865812634,237.51565779679999,69691.42248140746,0.5937891444919999,3871.7456934115253,111.86807919539282,31.741131106620447,20.480219050531012,143.60921030201328,14.0,38.0,93.02941317402362,217.96782353809894,19.992775551093587,1
32.999916908427316,4.394088529411661,4.134948294186718,2.7845428686752136,410.08614664076856,2314.467237059367,0.09523809523809523,82.13057466067687,220.42545114851114,190088.52421299487,0.771489079019789,10560.473567388604,23.09994183589912,9.310446105198407,4.035560170200295,32.410387941097525,20.0,29.0,163.69442265873795,246.39172398203058,6.591132794117492,1
26.868113634640853,2.9960229591870764,1.54630792395472,2.047689046687911,188.23932498147303,1073.0469246404575,0.11764705882352941,25.257151712353686,126.24081466358324,27102.10897011859,0.35768230821348584,1505.6727205621437,18.807679544248597,3.2675979965768076,2.775550038836058,22.075277540825404,16.0,35.0,74.58214227588145,113.65718270559158,4.494034438780615,0
21.79865213302844,2.6092819442416983,2.285347366758227,1.1137662821775607,425.5999656086947,2414.1840304609564,0.06666666666666667,115.15063568875026,160.9456020307304,277994.8257772083,0.8047280101536521,15444.156987622684,15.259056493119907,2.609498189984364,3.0158124428176682,17.86855468310427,29.0,21.0,250.8886562878322,174.71130932086245,3.9139229163625475,1
53.60222182136584,4.258325478136689,3.5247558873892526,3.1815315548274525,131.63435124010837,727.0904946201089,0.16666666666666666,13.431312316968617,121.18174910335148,9765.779515941873,0.24236349820670294,542.5433064412151,37.521555274956086,8.582836688016942,5.089218987580815,46.104391962973025,11.0,34.0,46.1623637684899,85.47198747161848,6.387488217205033,0
2.49621744002026,1.0,1.0,1.0,264.4484766773486,1549.134150566345,0.08695652173913043,37.99127642101287,134.70731744055172,58853.58372739698,0.5163780501887817,3269.6435404109434,1.747352208014182,0.3475451724150902,0.162175669274781,2.094897380429272,22.0,35.0,140.11339020857918,124.3350864687694,1.5,0
22.2515739764444,2.5234107605936025,1.885621788082792,2.154926072942904,237.26062867101132,1287.4389870359707,0.1,65.99790420631388,128.74389870359707,84968.27493787376,0.42914632901199024,4720.459718770765,15.57610178351108,5.208792307792302,2.9763376542070907,20.784894091303382,19.0,23.0,70.52908120242888,166.73154746858242,3.7851161408904037,0
18.46624124464995,2.011148502189281,2.002479666236576,1.0,402.77892656154967,2273.2263377852214,0.18181818181818182,43.092100603931776,413.313879597313,97958.09804334816,0.7577421125950738,5442.116557963786,12.926368871254965,3.885999231124097,1.4396989449378728,16.81236810237906,10.0,39.0,58.04212173009547,344.7368048314542,3.016722753283922,0
47.96648762489913,6.788187164588154,3.5429144671036856,5.096737635719507,205.43384854030214,1159.4390976734273,0.11764705882352941,31.22527569957368,136.40459972628557,36203.8054817177,0.3864796992244758,2011.3225267620946,33.57654133742939,11.499018524496588,2.6555856394278274,45.07555986192598,16.0,33.0,72.726426817114,132.70742172318813,10.182280746882231,0
16.034747287281217,2.242094881385145,1.3837891078016173,1.0,85.09207590962222,373.75140755824657,0.125,28.859580291445646,46.71892594478082,10786.308755468042,0.12458380251941552,599.2393753037801,11.224323101096852,4.089028086084164,1.0038361614001279,15.313351187181016,15.0,5.0,62.00441167646571,23.087664233156517,3.3631423220777177,0
5.774886941604019,1.0,1.0,1.0,284.0368513517345,1432.7938226397807,0.08,67.16763718713514,114.62350581118245,96237.37564303725,0.4775979408799269,5346.520869057625,4.042420859122813,1.6212722697735298,0.6404689852599093,5.663693128896343,24.0,8.0,233.6611234613832,50.37572789035136,1.5,0
20.263491323331852,2.365616727033723,1.7148094745261737,1.4930284422507907,141.1267883685183,751.0666199596407,0.25,12.532401048921663,187.76665498991017,9412.668095792249,0.25035553998654686,522.9260053217916,14.184443926332296,3.1962452475223913,2.2433345770133863,17.380689173854687,7.0,32.0,22.964149907256914,118.1626384612614,3.5484250905505847,0
5.477185451930066,1.0,1.0,1.0,236.555142237356,1149.180385288775,0.2857142857142857,24.360456787747957,328.33725293964994,27994.55911715475,0.38306012842959164,1555.253284286375,3.834029816351046,1.6222018266382747,0.4163664205452584,5.456231642989321,6.0,22.0,49.791640197954976,186.763502039401,1.5,0
1.9930882991590433,1.0,1.0,1.0,344.40599156003975,1845.1730104849698,0.18181818181818182,39.62464432280365,335.4860019063582,73114.32425450378,0.6150576701616566,4061.906903027988,1.3951618094113303,0.20711217590343767,0.24458783938313944,1.6022739853147678,10.0,30.0,98.73319675865719,245.6727948013826,1.5,0
48.06464990854318,3.704977696369317,1.9360564643166962,1.1212091937813518,133.19160735948125,759.2507287150403,0.06896551724137931,42.427977084327225,52.362119221726914,32213.472519180476,0.25308357623834676,1789.6373621766932,33.645254935980226,10.987160349391685,6.121706817874114,44.63241528537191,28.0,23.0,60.45793235777744,72.73367500170382,5.557466544553975,0
40.240497427505396,3.732047267475571,2.627105562816401,2.284414649514142,254.50408066608634,1325.8271395922452,0.07407407407407407,67.4893564626634,98.20941774757371,89479.22043181442,0.44194237986408175,4971.067801767468,28.168348199253774,7.384225011216236,5.716173227269452,35.55257321047001,26.0,10.0,197.39770212075575,57.10637854533057,5.598070901213356,0
35.181104440063656,2.597746162640522,1.839841266574421,1.1177897292650318,157.66864955524346,808.7271264683578,0.06666666666666667,99.0666841099467,53.915141764557184,80117.91476898572,0.2695757088227859,4450.995264943651,24.626773108044556,8.94392150669293,3.816929945194048,33.57069461473749,29.0,5.0,116.67553888905861,40.99311066618485,3.8966192439607825,1
95.91996121146718,4.83625721097997,4.752809862067763,3.60832749812729,77.29875833756574,344.7085270119441,0.2,19.517412110513476,68.94170540238882,6727.818379700179,0.11490284233731471,373.76768776112107,67.14397284802702,16.22895052140821,12.272223946208003,83.37292336943523,9.0,12.0,20.91512335163792,56.38363498592782,7.254385816469956,0
9.042735531176593,1.0,1.0,1.0,376.30818542081556,2222.811281512722,0.08695652173913043,75.66831091497195,193.2879375228454,168196.3751548119,0.740937093837574,9344.243064156217,6.329914871823615,2.224374214622317,1.1331448998376963,8.554289086445932,22.0,37.0,114.90856589636702,261.39961952444855,1.5,0
3.606230444802568,1.0,1.0,1.0,249.67747391885456,1379.1089962226022,0.09523809523809523,23.093317035197902,131.3437139259621,31848.2012758621,0.4597029987408674,1769.344515325672,2.5243613113617975,1.0189122066314606,0.27328340619292557,3.543273517993258,20.0,25.0,189.63484962734,60.04262429151454,1.5,0
18.466610578780205,2.2526281834777926,1.9296610318126861,1.8085345571835811,217.475731417799,1165.137540813213,0.15384615384615385,39.79578255694495,179.25192935587893,46367.5602231362,0.388379180271071,2575.9755679520113,12.926627405146142,4.304078789409666,1.4962126692055588,17.230706194555808,12.0,28.0,25.129449059231778,192.34628235856724,3.378942275216689,0
13.236784260118913,1.2251097824276185,1.0842462404618283,1.0,287.8049718878502,1693.053917447842,0.06666666666666667,45.15082082406806,112.87026116318947,76442.77407217404,0.5643513058159473,4246.820781787446,9.265748982083238,3.2300873710516806,1.2951960374905054,12.49583635313492,29.0,29.0,194.38948052770934,93.41549136014082,1.8376646736414277,0
7.310013641307753,1.0,1.0,1.0,343.0954557113613,1916.175254315789,0.08,99.41366591052952,153.29402034526314,190494.00655857378,0.6387250847719297,10583.000364365209,5.117009548915427,0.4882640117939226,0.37941819330090987,5.60527356070935,24.0,23.0,144.26812389030226,198.82733182105903,1.5,0
18.25029083041444,2.302677320929684,1.4244296869692143,1.5617768722329588,393.50256457442424,2324.3765980325006,0.07407407407407407,61.11478114730006,172.17604429870374,142053.7670926621,0.7747921993441669,7891.87594959234,12.775203581290107,1.8476487774359647,1.4552741267653295,14.622852358726071,26.0,33.0,233.6639061891779,159.8386583852463,3.4540159813945257,0
9.641472294003421,1.284713431962129,1.2038059791339215,1.0,99.614238368033,488.7961694368064,0.125,29.76701631277896,61.0995211796008,14550.003549249284,0.16293205647893547,808.3335305138492,6.749030605802394,2.830504244702495,0.9389664740952912,9.579534850504889,15.0,14.0,40.08020574247508,59.53403262555792,1.9270701479431933,0
2.218416515278296,1.0,1.0,1.0,243.96470436637492,1208.6490382365193,0.13333333333333333,57.496266066675915,161.1532050982026,69492.80668367886,0.4028830127455065,3860.7114824266037,1.552891560694807,0.4953652001084734,0.13489509670853242,2.0482567608032802,14.0,16.0,104.33091534730484,139.6337890190701,1.5,0
11.829400152074943,1.3509335672228948,1.1765756540361525,1.0,297.18720327830994,1796.3165838440018,0.06896551724137931,32.731495568673196,123.88390233406909,58796.12830402412,0.5987721946146672,3266.451572445784,8.28058010645246,2.2518712802940284,0.7408468082087938,10.532451386746487,28.0,37.0,208.3445724490541,88.84263082925582,2.0264003508343422,0
5.13638641413924,1.0,1.0,1.0,270.12813825347206,1447.2255486036402,0.06666666666666667,68.75606899588533,96.48170324024268,99505.53967239989,0.4824085162012134,5528.08553735555,3.5954704898974676,0.7280524353628658,0.49475560830411086,4.323522925260334,29.0,11.0,213.2265639120497,56.90157434142234,1.5,0
26.52208244847811,2.1357286200048557,1.924853754412882,1.5769256059183416,256.77941016829,1347.5597315079845,0.11764705882352941,37.87657993331101,158.53643900093934,51040.95388537329,0.44918657716932814,2835.608549187405,18.565457713934673,1.6204263098777734,3.2647756058915527,20.18588402381245,16.0,21.0,152.61881535168473,104.16059481660527,3.2035929300072836,0
9.140894892263061,1.0,1.0,1.0,274.5151477173258,1460.9498771089907,0.07692307692307693,49.914701596624745,112.38075977761467,72922.87716352087,0.48698329236966353,4051.2709535289373,6.398626424584142,1.300602878528215,1.2191658790214188,7.699229303112357,25.0,14.0,214.6175058013761,59.89764191594969,1.5,0
76.2454520886176,5.435736140025333,5.3036627427952405,3.3549010095669436,348.64903105989407,1925.7845239785709,0.18181818181818182,45.17933513339077,350.14264072337653,87005.66440352527,0.6419281746595236,4833.6480224180705,53.371816462032314,13.322231998629606,7.977667614185305,66.69404846066192,10.0,35.0,23.357818099480482,325.2912129604136,8.153604210037999,0
137.63968339975693,12.514053768685608,7.202676384535594,5.94124593869275,218.5221788166043,1120.8621006298197,0.08,87.35375070691396,89.66896805038557,97911.50851524518,0.37362070020993987,5439.5282508469545,96.34777837982985,14.158289150957602,13.416414204016567,110.50606753078745,24.0,10.0,138.44790733526654,80.07427148133779,18.771080653028413,1
45.38844910220935,6.770986905835659,5.070546227322295,5.9826522616568925,99.39171163074172,492.4060510440569,0.2,10.787541460413896,98.48121020881138,5311.850690996445,0.16413535034801896,295.1028161664692,31.771914371546544,4.234025064723515,4.013612357360834,36.00593943627006,9.0,21.0,46.65262004649601,52.73909158424571,10.156480358753488,0
3.1229203748805623,1.0,1.0,1.0,290.7767908561652,1641.1023909163982,0.07142857142857142,99.65640781988918,117.22159935117129,163546.36914335977,0.5470341303054661,9085.90939685332,2.1860442624163934,0.553082120534253,0.2164024527236357,2.7391263829506465,27.0,22.0,120.99179975561324,169.78499110055193,1.5,0
122.27042605040427,8.524766209928885,5.665882410077091,6.308032187623212,259.49081136693667,1416.6723403225005,0.14285714285714285,39.1156983122877,202.38176290321434,55414.1278714175,0.47222411344083354,3078.5626595231943,85.58929823528298,24.023211431249273,7.905541155211505,109.61250966653225,13.0,30.0,72.93901941602611,186.55179195091054,12.787149314893327,0
133.0685674949043,9.160346804198843,8.42478627143835,7.880175341152519,285.6099326924091,1530.1700674350523,0.09523809523809523,87.685172906787,145.73048261286212,134173.22693983247,0.5100566891450175,7454.0681633240265,93.14799724643301,14.634811819327794,17.19108101743867,107.7828090657608,20.0,20.0,101.4710695881564,184.1388631042527,13.740520206298264,1
20.543582674696058,2.500399477601618,2.203376550638904,1.270467933807563,195.96823044020482,1035.770919995167,0.07407407407407407,54.04277926544241,76.72377185149385,55975.93919886303,0.3452569733317224,3109.774399936835,14.38050787228724,4.043950191419174,1.9824693530484139,18.424458063706414,26.0,12.0,141.9254511747624,54.04277926544241,3.750599216402427,0
98.24962091816488,8.375630132503462,7.2067400666827215,7.0399511363902905,361.6259965601911,2008.6837289700532,0.10526315789473684,57.29346866251445,211.44039252316347,115084.45827864841,0.6695612429900177,6393.581015480468,68.77473464271542,27.02699608293918,12.677347498141934,95.8017307256546,18.0,28.0,177.0137086476445,184.61228791254658,12.563445198755193,1
10.360389517553445,1.0,1.0,1.0,172.53837611268688,941.9614659779369,0.07407407407407407,73.74085143011463,69.7749234057731,69461.04051557202,0.313987155325979,3858.9466953095566,7.252272662287411,1.7435842914754338,1.2474769263408811,8.995856953762845,26.0,17.0,70.4356587479128,102.1027173647741,1.5,0
2.139356062075702,1.0,1.0,1.0,307.778242748606,1700.0321925482801,0.15384615384615385,34.454837513662575,261.54341423819693,58574.33296224652,0.5666773975160934,3254.1296090136952,1.4975492434529913,0.5655335173213979,0.14844904308856438,2.0630827607743893,12.0,33.0,112.53416350451806,195.2440792440879,1.5,0
8.066007882122532,1.0,1.0,1.0,343.56380404739434,2037.5866804990208,0.08,65.95406110085099,163.00693443992165,134387.11642391258,0.6791955601663403,7465.950912439588,5.646205517485773,2.27314508922435,0.8149146356493399,7.919350606710123,24.0,36.0,140.20544898643712,203.35835506095725,1.5,0
159.9979558562389,9.651073687780157,7.486359453434364,3.0015797122261176,262.8295756911466,1498.2441523719824,0.08333333333333333,40.472466516246776,124.85367936433187,60637.63629003759,0.49941471745732746,3368.757571668755,111.99856909936722,11.695611733625919,15.104073116192346,123.69418083299314,23.0,28.0,160.76857317191556,102.06100251923101,14.476610531670236,0
3.3558466445775923,1.0,1.0,1.0,316.45993479173075,1672.6180415292163,0.10526315789473684,68.96296611376407,176.0650570030754,115348.70131924977,0.5575393471764054,6408.261184402765,2.3490926512043147,0.24817457425461484,0.31003778054286,2.5972672254589293,18.0,20.0,155.5463471929479,160.91358759878284,1.5,0
20.074001865400323,1.2003015862089872,1.0,1.0,137.88107049384914,655.6089788761234,0.16666666666666666,28.93011135049566,109.26816314602056,18966.840761271007,0.21853632629204112,1053.7133756261671,14.051801305780225,3.392728047094687,2.092857318652973,17.444529352874913,11.0,15.0,53.72074656513449,84.16032392871465,1.8004523793134808,0
20.925587072349884,2.700464549783617,2.559883546254325,2.425706352792304,397.04306458308406,2193.091966447411,0.2,42.3307322271183,438.6183932894822,92835.18878112965,0.7310306554824703,5157.510487840536,14.647910950644919,4.1228765801254665,3.101343386930792,18.770787530770384,9.0,36.0,48.99037738233361,348.0526872007504,4.050696824675425,0
10.852884609072774,1.1575705364305764,1.0,1.0,156.93992670447577,791.6668433606043,0.08695652173913043,40.8646741754221,68.84059507483515,32351.207609416022,0.2638889477868681,1797.2893116342234,7.597019226350941,1.6981602546414156,1.4248758689703278,9.295179480992356,22.0,10.0,116.07525252905366,40.8646741754221,1.7363558046458647,0
11.796160299792906,1.4438121240829094,1.3174308002174655,1.0,321.0031670453533,1773.0808812655278,0.2857142857142857,21.82620584727276,506.59453750443646,38699.6282983652,0.5910269604218426,2149.9793499091775,8.257312209855034,1.5525244194485845,1.655841685832419,9.809836629303618,6.0,39.0,29.987089081716473,291.0160779636368,2.165718186124364,0
21.904650394994007,2.011978033170018,1.5546000807402904,1.5579424817765684,493.5157741708035,2826.819097522538,0.125,69.56294517891634,353.35238719031724,196641.86191167406,0.9422730325075126,10924.547883981892,15.333255276495803,4.6054205244976085,1.1601569904821452,19.938675800993412,15.0,37.0,141.0635185976274,352.4522555731761,3.017967049755027,1
10.230824670620109,1.0,1.0,1.0,385.1860822189788,2162.7080876510704,0.07407407407407407,90.86924535047042,160.20059908526446,196523.6518382118,0.7209026958836902,10917.980657678434,7.161577269434075,0.5168651305064467,0.6551169098876016,7.678442399940522,26.0,22.0,224.41741736814652,160.7686648508323,1.5,1
3.645632236108783,1.0,1.0,1.0,186.95711446281138,917.3781067396745,0.15384615384615385,50.83103847865522,141.13509334456532,46631.28184316027,0.3057927022465582,2590.6267690644595,2.551942565276148,1.064591401713552,0.21318332502196322,3.6165339669897003,12.0,17.0,34.463999026845705,152.49311543596568,1.5,0
25.998486675320375,2.6618696357154876,1.8387381476709277,1.7686985954484227,135.00280159186852,583.4724010884009,0.3333333333333333,20.112977915464114,194.49080036280031,11735.367517373828,0.1944908003628003,651.9648620763238,18.198940672724262,2.8083506042352178,1.984285111538097,21.00729127695948,5.0,14.0,14.32493409908384,120.67786749278469,3.9928044535732314,0
72.82358692385236,7.387968658690684,7.287990280208567,2.926543220275722,287.4251108067831,1676.5190586450794,0.07407407407407407,61.405395881473936,124.18659693667254,102947.31649893711,0.5588396862150264,5719.295361052062,50.97651084669665,20.337784819108265,6.859198976165728,71.3142956658049,26.0,30.0,140.99685908942217,146.42825171736092,11.081952988036026,0
57.02484342174855,5.520586750101339,2.7758428760466156,4.235025798754418,187.44896613163496,983.7185867287619,0.11764705882352941,51.934844330849245,115.73159843867788,51089.27166712127,0.327906195576254,2838.292870395626,39.91739039522398,4.405379355522959,6.512540762687652,44.32276975074694,16.0,21.0,44.62814422179956,142.82082190983542,8.28088012515201,0
7.601285966768023,1.0,1.0,1.0,57.96692216546796,207.80924224542463,0.2857142857142857,8.125226796227112,59.37406921297846,1688.4972235961754,0.06926974741514154,93.80540131089863,5.320900176737616,0.8325064872740895,0.7607604659527019,6.153406664011705,6.0,5.0,41.71646857301374,16.250453592454225,1.5,0
4.475090171352833,1.0,1.0,1.0,251.53172766344426,1433.841450745346,0.08695652173913043,66.82206842130566,124.681865282204,95812.25152700968,0.4779471502484487,5322.902862611649,3.1325631199469828,0.48652475637912573,0.6279374546228181,3.6190878763261085,22.0,29.0,69.28972287806516,182.2420047853791,1.5,0
14.281636360449356,1.7863323301019245,1.7828943464412488,1.1342732414065173,214.01712666063702,1207.8818850214375,0.16666666666666666,20.596552227527482,201.3136475035729,24878.202329528383,0.40262729500714584,1382.1223516404657,9.997145452314548,4.2707552023222615,2.0563499216348275,14.26790065463681,11.0,38.0,67.96884722907849,146.0482794315585,2.679498495152887,0
131.80846047220084,8.48669523101601,6.26567692810594,4.635332593467724,154.5114743712985,798.8127343618892,0.09090909090909091,77.90896629227174,72.61933948744448,62234.674395237846,0.26627091145396303,3457.481910846547,92.26592233054058,6.742020735975239,8.745767506838737,99.00794306651582,21.0,14.0,43.21295109662458,111.29852327467391,12.730042846524016,0
43.585202247418025,4.89051906456993,4.802022602552465,4.167561293631069,267.2392574731184,1515.8947364601622,0.07407407407407407,77.68135284170972,112.28849899704905,117756.75389385244,0.5052982454867208,6542.041882991802,30.509641573192614,9.148950291788193,5.8966983252885585,39.65859186498081,26.0,24.0,117.85204046983051,149.38721700328793,7.335778596854896,0
46.74735198755663,2.712856848818064,1.8930303993430957,2.24634752556312,258.4612042248797,1366.071422299988,0.07142857142857142,65.4615089005344,97.57653016428485,89425.09656965635,0.45535714076666267,4968.0609205364635,32.72314639128964,12.50125378030443,4.589291342500966,45.22440017159407,27.0,11.0,200.27319631329357,58.188007911586126,4.069285273227097,0
58.42993488425646,6.980170246642855,3.5818549595242217,4.118373025562158,188.7091427795266,997.4037219665028,0.10526315789473684,35.57465802287846,104.98986547015818,35482.29631970448,0.3324679073221676,1971.2386844280268,40.90095441897952,12.741723201479454,5.57029789323174,53.642677620458976,18.0,20.0,105.70160739281017,83.00753538671641,10.470255369964281,0
33.27877728428816,2.9346526895035616,1.7965168816860086,1.5129844484948742,604.7887640698732,3601.031027588277,0.06896551724137931,135.7408702613352,248.34696741988117,488807.0855229029,1.200343675862759,27155.94919571683,23.29514409900171,4.681773351694696,4.276121040203627,27.976917450696405,28.0,33.0,275.1323648637734,329.65639920609976,4.401979034255342,1
23.213412976197798,1.4682459478823382,1.4280866645300216,1.0,140.10008072709792,673.5108126640818,0.16666666666666666,13.322600394293682,112.25180211068029,8972.915418359553,0.2245036042213606,498.49530101997516,16.249389083338457,6.722078397654927,1.3768815589370906,22.971467480993383,11.0,16.0,98.92113405382655,41.17894667327138,2.202368921823507,0
44.467930923737846,6.0567583422632385,3.0700638817255586,2.7893684263900296,176.00491637714202,982.980857908901,0.07407407407407407,29.14256938046206,72.81339688214081,28646.58785127627,0.3276602859696337,1591.4771028486816,31.12755164661649,12.156651344684791,6.147660889261691,43.28420299130128,26.0,21.0,126.68672204097545,49.31819433616656,9.085137513394859,0
10.429107292010805,1.1618112492031827,1.0,1.0,158.2662985163897,910.8047433456437,0.06666666666666667,52.033784118996756,60.720316223042914,47392.61738980547,0.30360158111521457,2632.923188322526,7.300375104407563,1.6528959703950936,1.221105954886076,8.953271074802657,29.0,24.0,68.5528776215677,89.713420894822,1.742716873804774,0
3.6790125462861774,1.0,1.0,1.0,354.4124628771178,1859.9309150401295,0.25,33.08712468539899,464.9827287600324,61539.766092161,0.6199769716800432,3418.8758940089447,2.575308782400324,0.711271306679262,0.5059604708999472,3.2865800890795858,7.0,30.0,61.35507280644106,293.0573900706767,1.5,0
47.82728638726016,2.538324081464731,1.6326457066682782,1.234777813685854,319.07856779605083,1623.3003571017857,0.18181818181818182,47.12079645226606,295.14551947305193,76491.20570788406,0.5411001190339286,4249.511428215781,33.47910047108211,13.959818639445656,7.147680710836132,47.43891911052777,10.0,23.0,92.89874482517371,226.17982297087713,3.807486122197097,0
88.70229182326712,9.201179730540705,5.005868941458233,3.8098078501223487,321.3912095872885,1721.8701191910081,0.08,81.76288238882358,137.74960953528065,140785.06404424403,0.5739567063970027,7821.392446902446,62.09160427628698,26.223953580557534,9.02993280103783,88.31555785684452,24.0,16.0,205.56045953645508,115.8307500508334,13.801769595811058,1
5.249441409607063,1.0,1.0,1.0,244.1629306054297,1220.8146530271486,0.2857142857142857,26.07938462784011,348.8041865791853,31838.094895598177,0.4069382176757162,1768.7830497554542,3.6746089867249436,0.8528023031200817,0.31142951484576326,4.527411289845025,6.0,25.0,18.141597164148713,226.02133344128097,1.5,0
53.85556704746899,5.904615758959509,4.697330592902366,2.015957750888301,350.69410875686617,2071.5117329512436,0.09090909090909091,37.97348320112356,188.31924845011307,78662.5159921544,0.6905039109837479,4370.139777341911,37.69889693322829,14.10140741570716,3.5896020588812383,51.80030434893545,21.0,38.0,209.64974258126435,141.0443661756018,8.856923638439264,0
150.94550174388897,22.213903890598697,21.126605109576484,16.011057832775542,172.6384846462979,829.9344689009463,0.11764705882352941,71.69313619169525,97.63934928246427,59500.604909097805,0.2766448229669821,3305.5891616165445,105.66185122072227,18.942914305768298,12.432146886778035,124.60476552649057,16.0,11.0,65.09878035875505,107.53970428754286,33.320855835898044,1
20.031470420490784,1.274905174972297,1.0762451156374362,1.0,247.24710208301553,1435.851675246279,0.11764705882352941,24.509774648708834,168.92372649956224,35192.40098925736,0.478617225082093,1955.1333882920756,14.022029294343549,2.863563162541616,1.209005290757162,16.885592456885163,16.0,39.0,124.69822883947137,122.54887324354418,1.9123577624584456,0
7.526253526149683,1.0,1.0,1.0,247.9208878280133,1328.2490495696677,0.09090909090909091,28.01979001689633,120.74991359724253,37217.25945908421,0.4427496831898892,2067.6255255046785,5.268377468304777,0.6864354958179394,0.9899596057061553,5.954812964122716,21.0,19.0,194.54985922440122,53.37102860361206,1.5,0
23.280646852373764,3.022119081285842,2.2815150354292713,1.4514247530391267,68.88541837493037,297.7178250026817,0.13333333333333333,16.903205164872737,39.69571000035756,5032.385477260007,0.0992392750008939,279.57697095888926,16.296452796661633,2.3815205004668565,1.8551599027903865,18.67797329712849,14.0,5.0,54.39695680503946,14.488461569890916,4.533178621928763,0
10.374586793168511,1.0639561324993234,1.0,1.0,262.4131806473312,1377.1253506093713,0.25,22.304111469321107,344.2813376523428,30715.55732721933,0.4590417835364571,1706.419851512185,7.262210755217957,2.2224266112596585,1.5311709354450713,9.484637366477616,7.0,30.0,64.8624790619157,197.5507015854155,1.595934198748985,0
9.582359615292743,1.0,1.0,1.0,429.08447622944675,2574.5068573766803,0.08,96.49920390720969,205.96054859013444,248437.86219050188,0.8581689524588935,13802.103455027882,6.70765173070492,1.7027412679208715,1.1523663571040885,8.410392998625792,24.0,39.0,107.42046320541445,321.66401302403233,1.5,1
33.778377563478195,3.657813221846715,2.7145737117468522,3.0063362227860333,358.9155124065087,2045.976242379024,0.08695652173913043,52.457821264535454,177.91097759817598,107327.4560342047,0.681992080793008,5962.636446344706,23.644864294434736,3.640733691964118,2.274738530920514,27.285597986398855,22.0,29.0,215.84872713959385,143.06678526691488,5.486719832770072,0
2.931530465895161,1.0,1.0,1.0,258.89155291523576,1348.6834716671804,0.1111111111111111,79.32208081098378,149.85371907413113,106980.37932802223,0.4495611572223934,5943.354407112346,2.0520713261266126,0.441861977136337,0.28612987555291153,2.4939333032629496,17.0,19.0,72.25136277174454,186.64019014349122,1.5,0
3.5511990002366254,1.0,1.0,1.0,296.39917429761545,1608.3403928139546,0.11764705882352941,42.1805596232926,189.21651680164172,67840.69783363886,0.5361134642713182,3768.927657424381,2.4858393001656376,0.5088721324050192,0.3433598281208817,2.9947114325706568,16.0,26.0,154.0397855690029,142.35938872861254,1.5,0
20.555921626673598,2.5925365060399743,2.3349839027076804,1.9113653627649727,83.03138541182669,415.15692705913347,0.09090909090909091,30.57970751359106,37.74153882355759,12695.37740170956,0.13838564235304449,705.29874453942,14.389145138671518,6.1018208267648655,2.040199186226602,20.490965965436384,21.0,10.0,50.99550134996939,32.0358840618573,3.8888047590599615,0
19.554975460399067,2.484992873370378,2.219550825851425,1.0,170.22035447116082,818.309658901325,0.2222222222222222,21.765389144858556,181.8465908669611,17810.828166983807,0.27276988630044163,989.4904537213226,13.688482822279346,5.1506135231458305,2.0252915426474587,18.839096345425176,8.0,19.0,61.39340874686803,108.82694572429278,3.727489310055567,0
30.33388766790698,3.529179154450054,2.101705876496642,2.819538063445588,377.04032996341937,2189.6070160272866,0.07142857142857142,96.87615131853305,156.40050114480619,212120.70061278102,0.7298690053424288,11784.483367376723,21.233721367534883,4.458826177344018,1.6112544611241955,25.692547544878902,27.0,28.0,168.9360049087928,208.10432505462654,5.293768731675081,1
190.6178171600853,13.64463658538955,11.25794085383295,9.678223965297748,297.9673887386216,1585.7610174882946,0.13333333333333333,58.273695873312704,211.4348023317726,92408.15526086779,0.5285870058294315,5133.786403381544,133.43247201205972,53.08308669189794,22.613013108380137,186.51555870395765,14.0,25.0,81.52223263774583,216.44515610087575,20.466954878084326,1
22.76938438073545,2.0588891495513955,1.2349711449866365,1.0,119.19092722688097,566.7394502423717,0.125,38.982255947612614,70.84243128029647,22092.7823049574,0.18891315008079057,1227.3767947198555,15.938569066514813,3.088868452643186,2.247774898904318,19.027437519158,15.0,11.0,56.8193177107008,62.37160951618018,3.088333724327093,0
41.173983168674894,5.2543354013466805,4.159648420256701,1.9978118619223082,299.15986525909955,1633.2428274228016,0.18181818181818182,32.75179442308533,296.9532413496003,53491.633326730225,0.5444142758076005,2971.757407040568,28.821788218072424,8.933740569353146,5.315418760436148,37.75552878742557,10.0,33.0,76.44766318211936,222.71220207698022,7.881503102020021,0
6.229901220788088,1.0,1.0,1.0,184.26003641745433,1023.4887440941073,0.18181818181818182,20.13449690564186,186.08886256256497,20607.43095092208,0.3411629146980358,1144.8572750512267,4.360930854551661,1.8170285596405777,0.8194497912218246,6.177959414192239,10.0,36.0,35.264759315704566,148.99527710174976,1.5,0
50.47737399708363,2.9223722468534596,2.9183321718249733,2.0385308662771324,341.51950638720393,1927.4869800522295,0.14285714285714285,45.328533444084385,275.3552828646042,87370.1580383347,0.6424956600174098,4853.897668796372,35.33416179795854,7.448931745030954,3.687549457078104,42.78309354298949,13.0,36.0,83.4955467824159,258.02395960478805,4.3835583702801895,0
10.679552819981422,1.1059068647563224,1.0,1.0,165.48327514654287,803.9146056733721,0.1,84.54048096620352,80.39146056733722,67963.32741938272,0.2679715352244574,3775.740412187929,7.4756869739869956,2.349194490086413,0.5856911824054616,9.824881464073409,19.0,9.0,76.49329518211812,88.98997996442475,1.6588602971344835,0
21.88288882206164,1.7780334528838801,1.0,1.3017822859833692,77.0092548751239,300.86673364644105,0.2857142857142857,6.379809548539603,85.96192389898316,1919.472460155486,0.10028891121548035,106.63735889752701,15.318022175443147,2.7130614054241766,2.6330232700246468,18.031083580867325,6.0,8.0,57.86982622950509,19.139428645618807,2.66705017932582,0
17.62611571929195,1.2785876723296277,1.0,1.0,254.2307759121567,1304.0216012709668,0.2222222222222222,35.021982149137024,289.7825780602148,45669.421241800876,0.4346738670903223,2537.1900689889376,12.338281003504363,2.054818709015222,2.6047217915127803,14.393099712519586,8.0,26.0,17.83239640548178,236.39837950667493,1.9178815084944416,0
69.37794918215698,6.978108248810137,4.878958213257346,5.3015712751446,175.34215665509305,876.7107832754652,0.2,27.970771399646875,175.34215665509305,24522.276902603393,0.2922369277584884,1362.3487168112997,48.564564427509886,13.427350465679067,6.56771896858928,61.991914893188955,9.0,22.0,32.380436168009034,142.96172048708402,10.467162373215205,0
4.170467478778289,1.0,1.0,1.0,239.3629636565288,1419.5988657874836,0.09090909090909091,41.12188021815236,129.0544423443167,58376.574516737855,0.4731996219291612,3243.1430287076587,2.9193272351448023,1.2295211637430221,0.31679405188734966,4.148848398887824,21.0,39.0,82.70818187309122,156.65478178343758,1.5,0
1.2970774761804809,1.0,1.0,1.0,266.1719825552657,1354.1400706318477,0.15384615384615385,55.20585580406055,208.3292416356689,74756.46147780215,0.45138002354394924,4153.136748766786,1.0,0.21179130102650048,0.08517543237049963,1.2117913010265005,12.0,21.0,63.75051127371037,202.42147128155534,1.5,0
15.547203193262328,1.9903631707361773,1.7286101078217975,1.6866854371072189,210.6134671047185,1128.3726028864494,0.15384615384615385,33.98717873486759,173.59578505945376,38350.20133382952,0.37612420096214977,2130.5667407683068,10.883042235283629,4.421768284419806,1.2242576706271264,15.304810519703434,12.0,28.0,46.34210321952514,164.27136388519335,2.985544756104266,0
35.24196317704937,4.65152374678909,4.41168709331977,1.4462909224796348,182.12174285622984,918.6938486712783,0.07407407407407407,51.853531006313226,68.05139619787246,47637.51996738536,0.30623128289042606,2646.528887076964,24.669374223934557,9.81808953657825,2.9177510342991866,34.48746376051281,26.0,6.0,154.20061077590734,27.921132080322508,6.977285620183635,0
24.11232814448702,3.533687790127975,2.337287016380485,1.8372951413413103,202.35926442192738,1029.4952383293073,0.11764705882352941,26.0816344199264,121.11708686227145,26850.918443159993,0.3431650794431024,1491.7176912866662,16.878629701140913,2.7353182521405426,2.2276770978095564,19.613947953281453,16.0,17.0,143.675586977093,58.683677444834395,5.300531685191963,0
88.11520313882464,5.997506081826196,3.2631070484352924,4.422094233975467,267.5694202408468,1469.4519490328305,0.07692307692307693,46.9729599743829,113.03476531021774,69024.50758619809,0.48981731634427683,3834.6948658998936,61.68064219717724,13.257359827030628,10.180893337009827,74.93800202420788,25.0,19.0,192.41268428183415,75.15673595901264,8.996259122739295,0
33.94858618205937,3.715851199410456,1.965969599107945,2.0671043325280003,157.64148112595456,702.9914053418964,0.15384615384615385,46.779078596750324,108.1525238987533,32885.290203328535,0.23433046844729882,1826.9605668515853,23.76401032744156,7.157231717176012,2.6247792642123993,30.92124204461757,12.0,9.0,79.67635013137067,77.96513099458387,5.573776799115684,0
10.210146714584289,1.0,1.0,1.0,110.78354527057434,548.8434312310567,0.08333333333333333,69.58500575003184,45.736952602588055,38191.27331808028,0.18294781041035224,2121.7374065600156,7.147102700209001,1.8328384569109353,0.5625553591341987,8.979941157119937,23.0,7.0,62.37658474881306,48.406960521761285,1.5,0
1.2330562147996982,1.0,1.0,1.0,118.00531276114512,461.0338466583598,0.25,28.499517677463743,115.25846166458994,13139.242262749032,0.15367794888611994,729.9579034860574,1.0,0.0912333761426923,0.10768016192513934,1.0912333761426922,7.0,7.0,52.86355806979943,65.1417546913457,1.5,0
15.108013810463703,1.609960490120992,1.3673517652963416,1.1095564690734996,223.6630711119546,1331.7338327845973,0.08695652173913043,41.35289319513802,115.80294198126933,55071.046951493256,0.44391127759486576,3059.502608416292,10.575609667324592,4.508601581171106,2.0480870962804927,15.084211248495698,22.0,39.0,73.28891403872541,150.37415707322918,2.414940735181488,0
68.96166722151992,8.843527612538583,5.923732345896604,7.772742320082623,287.4394091437023,1646.4300710817724,0.07692307692307693,35.78836247828693,126.64846700629019,58923.03617902618,0.5488100236939242,3273.502009945899,48.27316705506394,16.42415205219543,6.884798466146923,64.69731910725937,25.0,27.0,207.27347719233958,80.16593195136272,13.265291418807875,0
12.547766238847931,1.0,1.0,1.0,157.56885149561924,915.058245296048,0.08333333333333333,22.846111854307182,76.25485377467066,20905.52302523957,0.30501941509868263,1161.4179458466429,8.78343636719355,2.00040893088766,1.837976418265066,10.78384529808121,23.0,32.0,92.01044356586819,65.55840792975104,1.5,0
20.779861413285797,3.0533930699791907,2.9894451396868393,1.8444164068206885,328.8754402425961,1926.5460787053414,0.08333333333333333,67.73121296179511,160.54550655877844,130487.30273750276,0.6421820262351138,7249.294596527931,14.545902989300057,4.2503572686936435,2.0855116327413548,18.7962602579937,23.0,34.0,122.73696601104577,206.1384742315503,4.580089604968786,0
33.302494535878424,4.362232435061219,2.3202817796380057,2.141834872093459,310.973490499555,1676.8677708430757,0.1,90.74648641733411,167.68677708430758,152169.8583904765,0.5589559236143585,8453.881021693138,23.311746175114894,2.3942230439189482,2.583936611093437,25.705969219033843,19.0,22.0,91.27147075232504,219.70201974722994,6.543348652591828,0
5.939643714788006,1.0,1.0,1.0,368.41483274430567,2057.583025586404,0.18181818181818182,36.80391046977857,374.10600465207347,75727.10145781812,0.6858610085288013,4207.061192101007,4.157750600351604,1.0324610243047996,0.41180381261120874,5.190211624656404,10.0,37.0,88.70511317398854,279.70971957031713,1.5,0
42.4311633087491,5.34797028455877,3.501940049430212,1.6717273206804022,194.26181546578033,1101.9356450254825,0.09523809523809523,43.23054905536615,104.9462519071888,47637.28295813066,0.3673118816751608,2646.515719896148,29.701814316124366,11.995633727594774,5.068506399941013,41.69744804371914,20.0,30.0,60.2471133941453,134.01470207163504,8.021955426838156,0
143.24352415871076,12.735218923681998,6.61629401957338,5.906249674516226,267.61415065733655,1361.4770472619698,0.15384615384615385,51.63061144047187,209.4580072710723,70293.89241230371,0.4538256824206566,3905.216245127984,100.27046691109753,39.27024645690341,14.84549077468959,139.54071336800092,12.0,21.0,78.3019087089397,189.31224194839683,19.102828385522997,0
16.323796933712433,2.0431199710052037,1.7801398970673308,1.1634878978528105,153.5214169178304,767.607084589152,0.09523809523809523,75.65963283911704,73.10543662753828,58076.8701847203,0.255869028196384,3226.4927880400164,11.426657853598703,2.193023949433392,1.8021454331957598,13.619681803032096,20.0,11.0,62.72985751088996,90.79155940694045,3.0646799565078053,0
5.1816456237466975,1.0,1.0,1.0,193.5239231026126,992.6389721427944,0.08695652173913043,21.55987810590965,86.31643236024298,21401.175242574092,0.33087965738093145,1188.954180143005,3.627151936622688,0.9474222727297027,0.6503622235200444,4.574574209352391,22.0,12.0,168.04406715926484,25.47985594334777,1.5,0
18.542747969491728,2.59358682240122,2.233269555421138,1.0,520.4959350880267,3074.512544023927,0.08,99.57364485049541,245.96100352191417,306140.42014703166,1.0248375146746425,17007.80111927954,12.97992357864421,4.159989129782886,2.273161897279072,17.139912708427097,24.0,35.0,221.7750005365404,298.72093455148627,3.8903802336018303,1
1.3919965308022477,1.0,1.0,1.0,180.00464954528803,937.7258274025604,0.09523809523809523,41.45142642736911,89.3072216573867,38870.073143621055,0.3125752758008535,2159.4485079789474,1.0,0.1879227565342173,0.07563598287994323,1.1879227565342174,20.0,16.0,109.53722461876055,70.46742492652749,1.5,0
30.092739100914244,2.384390431418798,1.829765570024937,1.9951915350171652,200.4796413152054,1137.2057979457268,0.125,23.3142854340434,142.15072474321585,26513.14057055576,0.3790685993152423,1472.9522539197644,21.064917370639968,1.9927353008387636,3.9197956506224054,23.05765267147873,15.0,35.0,88.5710712317971,111.9085700834083,3.576585647128197,0
34.56111662545729,3.633539942594445,3.229078128940303,3.132341222167269,191.25808412210478,981.0168427409437,0.16666666666666666,20.085283742246645,163.5028071234906,19704.00164237481,0.32700561424698127,1094.6667579097116,24.1927816378201,6.095212842569964,3.5691379434509622,30.287994480390065,11.0,23.0,103.61320961048307,87.64487451162172,5.450309913891667,0
150.01924001158417,12.289741701291124,9.715276311953383,8.243949357359943,210.00749138310758,1085.7229801917088,0.09090909090909091,56.3366566630109,98.70208910833716,61166.00276620128,0.3619076600639029,3398.11126478896,105.01346800810892,30.065195963585996,13.377343610467848,135.0786639716949,21.0,14.0,129.526553293092,80.48093809001557,18.434612551936688,1
15.914111779766909,1.4708414832652827,1.0,1.0,210.29963225703165,1103.6372261887445,0.09090909090909091,53.35426435172981,100.3306569262495,58883.7523144841,0.3678790753962482,3271.3195730268944,11.139878245836835,0.818946558314949,1.6511200123309704,11.958824804151783,21.0,16.0,123.91653759232624,86.38309466470541,2.206262224897924,0
32.79192859791542,3.254345396970991,2.821705073917978,2.4229173528536494,209.49248662600246,1122.3668916755666,0.11764705882352941,33.10923567355249,132.04316372653724,37160.709928678894,0.37412229722518886,2064.4838849266052,22.954350018540794,2.423121636094419,3.647942846646019,25.37747165463521,16.0,24.0,106.02612514615093,103.46636147985154,4.881518095456487,0
7.1452962789627765,1.0,1.0,1.0,164.89045649958035,801.0347039528709,0.1111111111111111,26.318275417571705,89.00385599476343,21081.851957664672,0.2670115679842903,1171.2139976480373,5.001707395273943,0.7275530800324127,0.4640915019104086,5.729260475306356,17.0,11.0,127.73524414536146,37.155212354218875,1.5,0
13.095746140443339,1.339946600612756,1.0,1.0,185.7321717182199,936.9062747910629,0.13333333333333333,53.70150715575298,124.92083663880838,50313.27901996213,0.31230209159702094,2795.182167775674,9.167022298310336,1.7942884055306676,1.201423912252959,10.961310703841004,14.0,18.0,39.97093800974751,145.76123370847236,2.009919900919134,0
3.2212757476215543,1.0,1.0,1.0,243.0709004894435,1155.774786876875,0.16666666666666666,51.154528579065335,192.62913114614582,59123.114366256246,0.38525826229229165,3284.617464792014,2.2548930233350877,0.5967825829623612,0.2691653593926203,2.851675606297449,11.0,15.0,94.25772644125341,148.81317404819006,1.5,0
15.898940224539444,1.1888212575720725,1.0,1.0,189.1583830302021,928.1794907714126,0.10526315789473684,67.83424430769956,97.70310429172764,62962.354338384175,0.30939316359047087,3497.9085743546766,11.12925815717761,1.962894761418002,1.3520600980075654,13.092152918595612,18.0,11.0,98.71272395326933,90.44565907693276,1.7832318863581087,0
13.924209499692493,1.2652594696040687,1.1821491714041668,1.102205840402439,213.75463760314375,1267.7226103101884,0.07142857142857142,57.22703978768743,90.55161502215631,72548.01225997212,0.42257420343672947,4030.4451255540066,9.746946649784745,1.6576207980397117,0.8233871566871117,11.404567447824457,27.0,33.0,69.62727813785688,144.12735946528687,1.8978892044061029,0
28.761558444635043,2.921415333143982,2.7501281348388806,2.17028372407097,96.86591044608747,418.6474997937887,0.3333333333333333,9.236433946359824,139.54916659792957,3866.8099786540174,0.13954916659792957,214.82277659188986,20.13309091124453,7.689038412453022,1.897812704443047,27.822129323697553,5.0,14.0,41.447306767928524,55.41860367815894,4.382122999715973,0
9.503724207240724,1.1842731933404715,1.0,1.0,228.7913865247014,1322.7253048553575,0.09090909090909091,38.128523778081785,120.2477549868507,50433.56323804798,0.44090843495178583,2801.864624335999,6.652606945068507,0.8198165319271097,0.6289869441847351,7.472423476995616,21.0,33.0,105.32759524329371,123.4637912814077,1.7764097900107072,0
22.198271404181426,1.3786209288708298,1.0392458123644939,1.0,62.63980743294323,279.33793785181865,0.2222222222222222,11.490367927674223,62.07509730040414,3209.6956820751925,0.09311264595060621,178.31642678195513,15.538789982926998,3.8595031967370526,1.9384079846880773,19.39829317966405,8.0,13.0,22.423519686083452,40.21628774685978,2.0679313933062446,0
13.462983188408366,1.0,1.0,1.0,266.50482947418783,1418.319539401846,0.07692307692307693,74.79085130461478,109.10150303091123,106077.32577383317,0.47277317980061534,5893.1847652129545,9.424088231885856,3.8801149458232085,1.8774016225026926,13.304203177709065,25.0,14.0,176.7558079086501,89.74902156553773,1.5,0
13.493400769531663,1.1869524174643973,1.0,1.0,238.76312588663754,1204.4153081421964,0.2,29.511312832390374,240.8830616284393,35543.876938704205,0.40147176938073215,1974.6598299280113,9.445380538672163,2.7830586026240676,0.9526710283588465,12.228439141296231,9.0,23.0,81.3694574472222,157.39366843941534,1.780428626196596,0
22.118951857606795,1.9031110901200212,1.8033377878242731,1.6042045930599274,485.9894187931638,2870.686327434589,0.08,89.18024832855947,229.65490619476714,256008.51955401705,0.9568954424781964,14222.695530778725,15.483266300324756,5.071905963329556,2.0265217969559046,20.555172263654313,24.0,35.0,218.44867380748536,267.54074498567843,2.854666635180032,1
21.08638414035359,1.880374273166918,1.681190000291343,1.0,426.7924646740662,2408.755293499939,0.06896551724137931,99.44826583799941,166.12105472413373,239546.53676667024,0.8029184311666463,13308.14093148168,14.760468898247513,3.3276264210158533,1.7113907902925394,18.088095319263367,28.0,21.0,270.51661835721,156.27584631685622,2.820561409750377,1
50.06934010779056,6.4765756135935755,3.648014361656241,2.4487812988095574,297.8270436830764,1595.6238749137435,0.07142857142857142,54.38828350299064,113.97313392241024,86783.24367294916,0.5318746249712478,4821.291315163842,35.048538075453386,2.752964619040168,6.445843292522697,37.80150269449356,27.0,13.0,241.4243793096046,56.40266437347178,9.714863420390364,0
17.378405270584768,1.432248922021347,1.1531807921166946,1.140084201403891,230.26875088561684,1396.8307806474538,0.06666666666666667,65.54460092534909,93.12205204316359,91554.7160777812,0.4656102602158179,5086.373115432289,12.164883689409336,3.6760991133086187,0.9560320090932066,15.840982802717955,29.0,37.0,58.496693288150254,171.77205759746658,2.1483733830320206,0
13.198953960722026,1.3224007956465942,1.3196942646416099,1.0,338.641641418849,1911.2447240372437,0.16666666666666666,39.9357000835792,318.5407873395406,76326.89608547445,0.6370815746790812,4240.383115859691,9.239267772505418,2.745132572344141,0.919364420932321,11.984400344849558,11.0,38.0,55.46122264437834,283.1804187744707,1.9836011934698914,0
16.167952883186185,1.8171275952328059,1.449659604401302,1.452344664807049,253.9530404849491,1378.0164329329143,0.13333333333333333,32.4115138189217,183.73552439105524,44663.59865870634,0.4593388109776381,2481.3110365947964,11.31756701823033,1.2547448499945049,1.1489618973627074,12.572311868224835,14.0,28.0,119.67676894941634,134.27627153553274,2.7256913928492086,0
8.519886846201864,1.0,1.0,1.0,151.64331672815223,777.8214891269178,0.09090909090909091,36.08460879030642,70.71104446608344,28067.384143838404,0.25927382970897256,1559.2991191021335,5.9639207923413045,1.4103814585488228,1.2719874124257398,7.3743022508901275,21.0,13.0,103.53050500774367,48.11281172040856,1.5,0
13.041110158382091,1.5893140793303164,1.4057971534227645,1.3204542088432225,129.87785008672722,587.5105015867953,0.16666666666666666,25.181558199101833,97.91841693113254,14794.429888291395,0.19583683386226508,821.9127715717442,9.128777110867464,3.636281907554198,1.3964094964142129,12.765059018421661,11.0,11.0,74.93626856141414,54.94158152531308,2.3839711189954746,0
229.84161831300852,24.06697602825166,16.24902976284871,17.20518055030139,117.78614310745772,553.6466653089449,0.3333333333333333,9.944460144342433,184.54888843631494,5505.717197212896,0.18454888843631495,305.87317762293867,160.88913281910595,23.276338333622977,14.685920152037896,184.16547115272894,5.0,20.0,34.25267789498128,83.53346521247643,36.10046404237749,1
6.71796638304321,1.0,1.0,1.0,116.37176745963475,596.9037304825735,0.16666666666666666,14.265519744716697,99.4839550804289,8515.141952894204,0.19896791016085782,473.0634418274558,4.702576468130247,1.110309802375921,0.5187607858674869,5.812886270506168,11.0,23.0,54.12222675541643,62.24954070421832,1.5,0
14.376751163662622,1.8830439030556767,1.623255797227233,1.0,345.0132718931407,1823.5339128009302,0.06896551724137931,109.97777914089563,125.76095950351242,200548.20991795394,0.60784463760031,11141.567217664107,10.063725814563835,2.3761289967831623,0.9601112068801361,12.439854811346997,28.0,10.0,258.6021597110084,86.41111218213229,2.824565854583515,0
12.616602484093162,1.0,1.0,1.0,222.76076814517847,1103.6005756437894,0.125,62.050015640083295,137.95007195547367,68478.43297910206,0.3678668585479298,3804.3573877278923,8.831621738865213,3.1880939124642866,0.7880387564636668,12.019715651329498,15.0,15.0,90.38740144633411,132.37336669884436,1.5,0
14.930320308007325,2.0651260283610773,1.6217132254033395,1.6480611448363185,134.46559583886065,659.8079676546013,0.14285714285714285,22.99013233757904,94.25828109351446,15169.072493768355,0.21993598921820043,842.7262496537975,10.451224215605126,3.8243114809684964,1.936734318192049,14.275535696573623,13.0,16.0,74.33755741750008,60.12803842136057,3.097689042541616,0
13.497612653785414,1.432162483676863,1.226579705516693,1.0,202.4907785801501,1030.1643117223637,0.11764705882352941,19.02623072685664,121.19580137910161,19600.143881403157,0.34338810390745456,1088.8968823001753,9.44832885764979,3.2369617643094974,1.3440283280646095,12.685290621959286,16.0,17.0,159.68175944472267,42.809019135427434,2.1482437255152944,0
28.080857641094205,3.114658188693802,2.768269306992392,1.630072512981855,168.20593236901752,771.2178923107842,0.25,26.05851129019579,192.80447307769606,20096.790153981572,0.25707263077026143,1116.488341887865,19.65660034876594,3.969609436682634,3.1765350815013322,23.626209785448577,7.0,16.0,41.636020388066534,126.56991198095098,4.6719872830407025,0
2.5800012368428042,1.0,1.0,1.0,119.72321329611194,609.087398879058,0.2222222222222222,14.200880795797344,135.35275530645734,8649.577545703773,0.203029132959686,480.5320858724318,1.8060008657899629,0.17546390075367377,0.21446292453664734,1.9814647665436367,8.0,25.0,27.417488123429187,92.30572517268274,1.5,0
69.72826554398821,9.187275553452022,5.267955135463273,5.414541455738913,120.90121788018838,546.9041496437801,0.2222222222222222,19.217273284514228,121.53425547639557,10510.006504139386,0.18230138321459335,583.8892502299659,48.80978588079175,9.578623736944323,7.347233076369826,58.38840961773607,8.0,14.0,48.836443063260035,72.06477481692835,13.780913330178032,0
42.909762303597056,4.726776653580636,3.053012388677075,1.9814476674621626,307.1658510702013,1767.7049174153067,0.06666666666666667,34.982101689154995,117.84699449435378,61838.03317744159,0.5892349724717689,3435.446287635644,30.03683361251794,9.437907830837325,3.250710711415783,39.47474144335526,29.0,24.0,246.85188264062373,60.313968429577585,7.090164980370954,0
4.520190309024296,1.0,1.0,1.0,261.5780181563257,1476.308716880584,0.1111111111111111,31.40492777073803,164.03430187562043,46363.36862094568,0.4921029056268613,2575.7427011636487,3.164133216317007,1.0201465793776008,0.36524777392706986,4.184279795694608,17.0,32.0,139.65300445816627,121.9250136981594,1.5,0
1.3193078888432739,1.0,1.0,1.0,457.9437716092682,2659.4420160807067,0.07142857142857142,108.749534126511,189.96014400576476,289213.080285246,0.8864806720269023,16067.393349180335,1.0,0.3842484917166755,0.15201566098275882,1.3842484917166755,27.0,28.0,224.33366126342975,233.61011034583842,1.5,1
6.218404885776698,1.0,1.0,1.0,252.1929204335103,1272.1604847786336,0.08333333333333333,87.30402580457871,106.0133737315528,111064.7317906792,0.4240534949262112,6170.2628772599555,4.352883420043688,1.0161514567886636,0.4044140400481632,5.369034876832352,23.0,9.0,176.27637625561576,75.91654417789454,1.5,0
15.011254898092066,1.0,1.0,1.0,114.979254441096,569.6297981231115,0.13333333333333333,24.091059005846382,75.9506397497482,13722.985078072243,0.1898765993743705,762.3880598929023,10.507878428664446,3.123975680439639,1.6770902105683085,13.631854109104085,14.0,16.0,56.47239685546908,58.50685758562693,1.5,0
444.233479269053,26.20346351875606,19.780344916574148,23.221733560864994,262.8751738537838,1475.9678264103368,0.2,20.565575963244804,295.19356528206737,30354.1284533471,0.4919892754701123,1686.3404696303944,310.9634354883371,82.09333308624775,60.07079772883951,393.05676857458485,9.0,39.0,80.07005418049667,182.80511967328712,39.30519527813409,1
38.548159588282736,5.1246902641292,3.5052494670296803,2.147845907299831,119.06646906961102,496.49824620682875,0.16666666666666666,14.4912775201069,82.74970770113812,7194.893874029518,0.16549941540227625,399.71632633497325,26.983711711797913,3.3789250524647447,2.391617353509352,30.362636764262657,11.0,6.0,100.62302495311133,18.44344411649969,7.687035396193799,0
2.295366259515665,1.0,1.0,1.0,133.2041575921869,718.2790997709171,0.06896551724137931,33.713953549631924,49.53648963937359,24216.028205348135,0.23942636659030572,1345.3349002971186,1.6067563816609653,0.379425461310113,0.3207685472399883,1.9861818429710785,28.0,13.0,99.49020404255499,33.713953549631924,1.5,0
8.779446758653798,1.0,1.0,1.0,319.2446184534922,1773.2725986198488,0.09523809523809523,95.69322837232191,168.8831046304618,169690.17974610993,0.5910908662066163,9427.232208117219,6.145612731057658,1.6348101461414226,0.5087212499716078,7.78042287719908,20.0,26.0,60.87290184822302,258.37171660526917,1.5,0
18.84306753969018,2.4417462312739477,1.5678768154493994,1.0,114.2269632331929,446.2722484206814,0.3333333333333333,16.300691122407105,148.75741614022712,7274.54607800766,0.14875741614022714,404.1414487782033,13.190147277783124,5.420913136981536,1.5996053898595695,18.61106041476466,5.0,9.0,49.02419874356448,65.20276448962842,3.6626193469109216,0
27.23274923797096,1.364758200508388,1.2993234393130795,1.0,244.5338205246319,1233.5249662387087,0.11764705882352941,47.71216620112226,145.12058426337748,58854.14820241499,0.4111749887462362,3269.674900134166,19.06292446657967,3.857104000559072,3.024222170830715,22.920028467138742,16.0,16.0,143.1454673472471,101.3883531773848,2.047137300762582,0
4.146652439413752,1.0,1.0,1.0,95.49527508228942,342.346980166059,0.2857142857142857,20.30997000810599,97.81342290458828,6953.056899538314,0.114115660055353,386.28093886323967,2.9026567075896264,1.2233652061631692,0.4393024799396466,4.126021913752796,6.0,5.0,54.87533506607745,40.61994001621198,1.5,0
17.081768521739193,1.851729742161119,1.5567173218741857,1.0,326.7371710619934,1714.6929896809586,0.16666666666666666,46.18697298825024,285.7821649468264,79196.47879753647,0.5715643298936529,4399.804377640915,11.957237965217434,3.1699495095373194,1.0187414248781692,15.127187474754754,11.0,26.0,100.00112184694679,226.73604921504662,2.7775946132416784,0
8.489524866575023,1.0,1.0,1.0,289.43793620427726,1529.795910236997,0.125,60.76109916257184,191.22448877962464,92952.08100040702,0.509931970078999,5164.004500022613,5.942667406602515,0.9390884109289852,1.1027155637439732,6.8817558175315,15.0,23.0,95.0024188840474,194.43551732022988,1.5,0
5.341410330179417,1.0,1.0,1.0,164.556948072929,863.5829353202315,0.1111111111111111,17.261602430201535,95.95365948002572,14906.825295004282,0.2878609784400772,828.1569608335712,3.7389872311255914,0.5230100506924062,0.7868716217943881,4.261997281817997,17.0,20.0,121.91063618654876,42.64631188638026,1.5,0
27.426639237877122,2.758917648186573,2.5884282471745133,1.0916882090944047,160.48362839575438,865.3786654691786,0.2857142857142857,10.192184291111632,247.25104727690817,8820.09884005811,0.2884595551563929,490.00549111433946,19.198647466513986,2.3428858062781623,1.8683802526079492,21.541533272792147,6.0,35.0,38.1774169024148,122.30621149333957,4.13837647227986,0
50.8384322106012,5.131640851740435,2.8861668994344334,2.081690590715048,77.1808556473475,327.85868021548515,0.16666666666666666,34.8388541315365,54.64311336924752,11422.220735785359,0.10928622673849506,634.5678186547422,35.586902547420834,8.298520869680434,7.092627123387372,43.885423417101265,11.0,7.0,26.506158728748957,50.67469691859854,7.6974612776106515,0
55.10550014684588,6.752135210038987,5.0431318760045665,5.74781401813961,286.4804880992774,1591.2813254194143,0.1,45.859220774776134,159.12813254194145,72974.92161718731,0.5304271084731381,4054.162312065962,38.573850102792115,3.057341727330623,5.823601286747717,41.63119183012274,19.0,27.0,151.31646897362145,135.16401912565598,10.128202815058481,0
40.01536964193609,3.9960327031080367,2.9111603350284967,1.4640003320764612,392.153978320679,2235.4501136462395,0.06666666666666667,136.7519880655628,149.03000757641595,305702.2472625116,0.7451500378820798,16983.458181250644,28.01075874935526,6.4529313619079325,5.745942063772108,34.46369011126319,29.0,22.0,175.23703173392423,216.91694658675482,5.994049054662055,1
11.058026675421877,1.2257724004687856,1.0,1.0052187707293057,327.42223920800853,1808.5370240563548,0.125,53.15253634673733,226.06712800704435,96128.32990557556,0.6028456746854516,5340.462772531976,7.740618672795313,3.2853526967642446,0.747617656305071,11.025971369559558,15.0,30.0,107.72508897482757,219.69715023318096,1.8386586007031784,0
47.34492880835913,6.617751375170591,4.775559127752894,4.146330765917285,200.2173622259978,917.9890977995044,0.2857142857142857,27.34844193119535,262.28259937128695,25105.571534640156,0.30599636593316815,1394.7539741466753,33.14145016585139,10.298786074785047,6.117066087895683,43.44023624063644,6.0,17.0,36.12671063882569,164.0906515871721,9.926627062755886,0
29.103700345285354,2.623556000150602,1.7958631158711407,1.0,144.73397713403585,736.3287305357836,0.16666666666666666,19.000008444918628,122.72145508929727,13990.252098416102,0.24544291017859454,777.2362276897834,20.372590241699747,6.983331916745077,1.6291715230572663,27.355922158444823,11.0,22.0,65.27939636437613,79.45458076965971,3.935334000225903,0
23.58781486804779,2.0878166307910284,1.7431167769607716,1.2081896022179341,89.37609658101837,357.5043863240735,0.2222222222222222,31.190796787220645,79.44541918312744,11150.8466643742,0.11916812877469117,619.4914813541222,16.511470407633453,1.881160024542907,3.262658171332422,18.39263043217636,8.0,7.0,26.994503006577077,62.38159357444129,3.1317249461865426,0
9.640454491746635,1.0,1.0,1.0,186.85774387302655,1013.9395897213559,0.125,33.056811979309465,126.74244871516949,33517.61037579704,0.337979863240452,1862.0894653220578,6.748318144222644,1.6222495558876688,1.131943047577109,8.370567700110312,15.0,27.0,63.445645816937876,123.41209805608867,1.5,0
11.06457592747497,1.2319589410246272,1.0,1.0,89.04055847462706,339.00900857112924,0.2857142857142857,26.030860972993942,96.85971673460836,8824.696370707577,0.11300300285704308,490.2609094837543,7.745203149232478,1.344963104747836,0.9629000132958051,9.090166253980314,6.0,7.0,19.624929213309876,69.41562926131718,1.8479384115369408,0
21.9477433010454,1.1627297831876924,1.0,1.0,165.89037922102497,936.2614435906581,0.09523809523809523,31.527923973656726,89.16775653244363,29518.379612992365,0.3120871478635527,1639.9099784995758,15.363420310731778,6.003242922652887,1.5154188600019038,21.366663233384664,20.0,29.0,71.3066073000548,94.58377192097018,1.7440946747815387,0
375.3464103062391,37.69035310339549,27.213654928275716,30.756456122388588,297.6742845488918,1615.259478628815,0.16666666666666666,32.66523477798367,269.20991310480247,52762.83009677374,0.538419826209605,2931.268338709652,262.7424872143673,35.77919016180355,49.41559725965503,298.5216773761709,11.0,31.0,107.62200947698682,190.052275071905,56.53552965509323,1
28.83214689029579,3.76038601846642,2.7360293749186333,1.3996865859285763,313.44887301662527,1759.9244729532638,0.1111111111111111,68.69738366652041,195.54716366147375,120902.20674256909,0.5866414909844213,6716.789263476061,20.182502823207052,4.748174012384953,3.1808815833899233,24.930676835592006,17.0,31.0,54.823428625018984,258.62544439160627,5.64057902769963,0
9.646293972627129,1.0127847294288048,1.0,1.0,195.76052605011128,1034.6731187508992,0.2,23.75595832502045,206.93462375017987,24579.651489065298,0.3448910395836331,1365.536193836961,6.75240578083899,1.9004349889050218,0.8299824256245135,8.652840769744012,9.0,29.0,37.38747054997495,158.37305550013633,1.5191770941432072,0
7.3974301734365575,1.0,1.0,1.0,302.0698919821151,1704.8390296078428,0.09090909090909091,58.239093433149826,154.9853663279857,99288.27953381164,0.5682796765359476,5516.0155296562025,5.17820112140559,1.3205172789791535,0.6981959609164514,6.498718400384743,21.0,28.0,141.21906250008226,160.85082948203285,1.5,0
11.13262587142313,1.4318431843634718,1.0,1.0380377625849868,290.7258716158795,1525.7083005228415,0.07692307692307693,114.12515035437609,117.3621769632955,174121.6891940889,0.5085694335076139,9673.427177449383,7.7928381099961905,2.867328938337399,1.4767903092537693,10.660167048333589,25.0,12.0,172.03571524732837,118.69015636855113,2.1477647765452077,1
273.89700376672704,21.0823181166509,18.026479267396663,16.67047717295585,121.94073623853006,598.3498518704221,0.11764705882352941,40.13259864646854,70.39410022004965,24013.33445528955,0.19944995062347404,1334.074136404975,191.7279026367089,29.543432722525466,22.977964463887574,221.27133535923437,16.0,13.0,51.70868860721012,70.23204763131994,31.62347717497635,1
12.439688227076337,1.5338530929043663,1.445525928748591,1.0,424.3516177074244,2485.843711781733,0.08333333333333333,76.32964373353917,207.15364264847773,189743.5648975583,0.828614570593911,10541.309160975461,8.707781758953436,1.7956413496890313,0.7334846684183571,10.503423108642467,23.0,34.0,192.0440063444791,232.3076113629453,2.3007796393565494,0
59.63511876332268,6.62103948332526,5.011811437891781,4.668478105425645,147.13314994055634,754.687567219713,0.16666666666666666,12.841422358468856,125.78126120328548,9691.26179935369,0.251562522406571,538.4034332974272,41.74458313432587,14.790766212353773,8.41619799479141,56.535349346679645,11.0,23.0,91.0978523763286,56.03529756422773,9.93155922498789,0
12.792845961686957,1.0,1.0,1.0,213.73902916995286,1058.905109699453,0.18181818181818182,41.60800305562894,192.52820176353694,44058.92703999594,0.35296836989981767,2447.7181688886635,8.95499217318087,2.328526354864226,1.135165177651249,11.283518528045096,10.0,20.0,38.98541633631129,174.75361283364157,1.5,0
27.478982769172983,3.861164953522464,2.2451447106607487,1.9817703973443097,252.90160802826196,1354.9335170629518,0.15384615384615385,41.62544337339678,208.4513103173772,56399.70838922123,0.4516445056876506,3133.317132734513,19.235287938421088,4.136393316309926,2.3312825799516506,23.371681254731016,12.0,28.0,51.71196505684421,201.18964297141775,5.791747430283696,0
51.94026606727187,3.6391619311150025,2.221064126622785,2.333854514050815,292.3703702750543,1586.4790355427292,0.1111111111111111,42.76285287949165,176.27544839363657,67842.36959331154,0.5288263451809098,3769.020532961752,36.35818624709031,2.9793263157476244,3.658670362210119,39.33751256283794,17.0,25.0,161.5663497024916,130.8040205725627,5.458742896672504,0
10.111936727630091,1.5062610244006085,1.0,1.0,98.741907306884,426.7554233323857,0.2,8.711003125784284,85.35108466647715,3717.4678265938073,0.1422518077774619,206.52599036632262,7.078355709341063,2.4101432711726574,1.4130648622023185,9.488498980513722,9.0,10.0,77.44834411052241,21.293563196361582,2.259391536600913,0
9.306061993002295,1.0,1.0,1.0,106.09441266973343,424.3776506789337,0.2857142857142857,18.180046524819684,121.2507573368382,7715.20543343669,0.1414592168929779,428.6225240798161,6.514243395101606,2.72709977116123,0.667714911560878,9.241343166262837,6.0,9.0,45.494257587001144,60.60015508273228,1.5,0
147.03102711941438,11.225574512992026,10.822268924516749,5.258791507266933,72.37498233882181,361.8749116941091,0.14285714285714285,12.939354076903989,51.696415956301294,4682.427613958441,0.12062497056470302,260.1348674421356,102.92171898359005,30.151910384452105,16.712617928101395,133.07362936804216,13.0,18.0,34.552255037102455,37.822727301719354,16.83836176948804,0
65.46472669697688,4.581616308712042,3.486116952765236,1.7122997128163355,96.26872099848623,441.3884757704467,0.125,13.39752607514762,55.173559471305836,5913.513613404223,0.14712949192348224,328.5285340780124,45.82530868788381,17.291545564120568,9.039140411767256,63.11685425200438,15.0,8.0,80.19168970830908,16.077031290177146,6.872424463068063,0
51.873433599821574,2.666260303322335,1.5892213145422,1.3147785855043252,264.4290813115473,1416.6925546599985,0.06896551724137931,89.54126673297944,97.70293480413783,126852.44591543697,0.47223085155333283,7047.358106413165,36.3114035198751,9.296701565986186,2.7747805868760547,45.60810508586128,28.0,12.0,181.28361934520925,83.14546196633805,3.9993904549835024,0
51.662467551292266,6.366716665261487,4.030410943820012,5.164631731942499,133.3327261216423,704.7170864902807,0.18181818181818182,16.95514191085175,128.13037936186922,11948.578208444696,0.23490569549676024,663.8099004691499,36.163727285904585,5.575425967173773,6.864865835749768,41.739153253078356,10.0,28.0,34.99290303870215,98.33982308294016,9.550074997892231,0
34.865248424480164,4.1609087066386925,2.879380093655325,2.199657989890499,114.47044519169519,544.2940892090797,0.16666666666666666,18.22786142587143,90.71568153484662,9921.317233024009,0.18143136306969324,551.184290723556,24.405673897136115,1.8691443092066542,3.174827505240196,26.27481820634277,11.0,15.0,61.443939225523756,53.026505966171435,6.241363059958038,0
226.17996231092778,29.230389241028927,23.724245849247218,21.887779460150686,349.18762663727705,1980.740742440171,0.06666666666666667,100.0167970167529,132.04938282934472,198107.34477945103,0.6602469141467237,11005.96359885839,158.32597361764942,48.2553969999287,26.191064579049822,206.58137061757813,29.0,21.0,197.43800357737607,151.74962305990096,43.84558386154339,1
21.172220364760772,1.6020988375441942,1.153537720226409,1.0,111.54858543802999,581.1071538412938,0.16666666666666666,12.84872718205045,96.8511923068823,7466.4872832446035,0.1937023846137646,414.80484906914467,14.820554255332539,3.668663317969342,1.84707416598343,18.48921757330188,11.0,25.0,50.80914785015513,60.73943758787485,2.4031482563162916,0
40.15371004137228,3.791856048092042,2.639975202013427,2.1031586277971894,324.91118144078314,1869.82729738673,0.08333333333333333,50.1612693441863,155.81894144889415,93792.91069132769,0.6232757657955766,5210.717260629316,28.107597028960594,9.858721057581134,4.800441310712416,37.966318086541726,23.0,30.0,189.69384668688966,135.2173347538935,5.687784072138063,0
3.521561452415088,1.0,1.0,1.0,186.29507826232518,1004.5621962918689,0.18181818181818182,15.477986208003237,182.64767205306708,15548.599819286987,0.33485406543062296,863.8111010714993,2.4650930166905614,0.7876697783484282,0.26562958948591253,3.2527627950389895,10.0,31.0,87.23596653110445,99.05911173122072,1.5,0
7.463669445759134,1.0,1.0,1.0,201.6613554995339,1042.5740836217865,0.125,47.43864970265908,130.3217604527233,49458.30674200472,0.3475246945405955,2747.6837078891513,5.224568612031393,2.216620948400135,0.38955170423835583,7.441189560431528,15.0,20.0,68.83313633208849,132.8282191674454,1.5,0
4.754146574069319,1.0,1.0,1.0,349.4624956736699,1930.2777461718215,0.125,52.94120253255847,241.2847182714777,102191.22510417289,0.6434259153906071,5677.29028356516,3.327902601848523,0.8442325337366691,0.6882994053409482,4.172135135585192,15.0,30.0,130.63885853909485,218.823637134575,1.5,0
92.6543868486165,10.506761086168492,5.381638229544041,6.981628117927457,318.5709504823822,1788.68345172257,0.16666666666666666,41.60550446471692,298.11390862042833,74419.07733660867,0.5962278172408567,4134.393185367148,64.85807079403155,14.527623896015672,4.784373856552495,79.38569469004722,11.0,37.0,31.114737817065322,287.4562126653169,15.760141629252738,0
1.0,1.0,1.0,1.0,193.67573747108582,1044.3610535348614,0.2857142857142857,11.788728394766528,298.3888724385318,12311.688806194707,0.34812035117828716,683.9827114552614,1.0,0.12168492235982374,0.1324099289633507,1.1216849223598238,6.0,35.0,52.2109967338875,141.46474073719833,1.5,0
12.394191961702155,1.5877494353845998,1.0,1.0,101.24605955776816,515.0855658231643,0.08333333333333333,28.373615591423388,42.92379715193036,14614.839841357272,0.17169518860772143,811.9355467420706,8.675934373191508,2.0972871954766874,0.8293419780430131,10.773221568668195,23.0,10.0,74.10607942684145,27.13998013092672,2.3816241530768996,0
1.0,1.0,1.0,1.0,52.86096882704466,232.1821543639932,0.2222222222222222,9.708809558899135,51.5960343031096,2254.212319694932,0.0773940514546644,125.23401776082954,1.0,0.2682178695307305,0.08922202286020278,1.2682178695307305,8.0,12.0,21.307337760622467,31.55363106642219,1.5,0
7.407215001595371,1.0,1.0,1.0,130.8433686189446,583.4870551083367,0.18181818181818182,24.79222344319321,106.08855547424304,14465.941446456673,0.19449568503611223,803.6634136920374,5.185050501116759,0.44895079346681355,0.979598537075117,5.634001294583573,10.0,11.0,71.34203235528089,59.501336263663696,1.5,0
11.143554514624842,1.0,1.0,1.0,484.8221778019548,2863.791562600808,0.09090909090909091,97.8752654802099,260.3446875091644,280294.35946953925,0.9545971875336027,15571.908859418847,7.800488160237389,3.281498347428206,0.7866593400631958,11.081986507665595,21.0,38.0,121.28547744688944,363.53670035506536,1.5,1
105.83119371063141,8.127798094153913,6.546647231158218,5.6179103452559715,335.9836002273488,1876.455808127031,0.06666666666666667,51.40095913198881,125.0970538751354,96451.62830652056,0.625485269375677,5358.423794806698,74.08183559744198,31.57228120926966,14.453446615240262,105.65411680671164,29.0,18.0,268.63061929577725,67.35298093157155,12.19169714123087,1
32.32864007776993,2.887519877992648,2.6745656390941117,1.0,125.22827833318904,614.4814612573713,0.2,17.37399776028169,122.89629225147426,10675.999531620188,0.20482715375245708,593.1110850900104,22.63004805443895,6.448120048679625,3.225618962660294,29.07816810311858,9.0,20.0,44.149622118541146,81.07865621464789,4.331279816988972,0
7.390757048537757,1.0,1.0,1.0,83.76183460152065,388.97791408115836,0.16666666666666666,14.336313914610805,64.82965234685972,5576.509482117997,0.12965930469371945,309.80608233988875,5.17352993397643,0.9821285175177944,0.6401529809693096,6.155658451494224,11.0,13.0,47.26939918251132,36.492435419009325,1.5,0
72.17952826652048,5.2533003448522315,4.951376765428655,3.497501171721416,173.90030091511682,836.0004675515852,0.14285714285714285,41.52367729298542,119.42863822165502,34713.81363139695,0.27866682251719505,1928.5452017442751,50.52566978656433,7.633868741780462,8.390420819862575,58.15953852834479,13.0,14.0,78.07643023899664,95.8238706761202,7.879950517278347,0
20.519973018949774,2.678590417179878,1.8739943156092964,1.5595766229565007,319.9981579214548,1815.1656603778567,0.06666666666666667,102.96228731524174,121.01104402519044,186893.6082485854,0.6050552201259523,10382.978236032523,14.36398111326484,2.4443925158106037,1.72652943934709,16.808373629075444,29.0,21.0,163.77951509832943,156.21864282312538,4.017885625769817,1
21.011716914731984,2.391621374374005,1.6752032015920948,1.3345140220383027,138.0723164932648,615.7240538285611,0.3333333333333333,16.808116859496657,205.241351276187,10349.161849953465,0.20524135127618703,574.9534361085258,14.708201840312388,1.3137861051401936,1.780298314437926,16.02198794545258,5.0,16.0,23.77712184868753,114.29519464457728,3.5874320615610076,0
4.743589799208007,1.0,1.0,1.0,126.64007139151566,506.56028556606265,0.3333333333333333,20.20236805535966,168.85342852202086,10233.71733123369,0.16885342852202087,568.539851735205,3.320512859445605,0.8006123639988003,0.5851343205108803,4.121125223444405,5.0,10.0,37.749651947933145,88.89041944358252,1.5,0
6.122579797952629,1.0,1.0,1.0,321.26173108495635,1784.4768299551577,0.08333333333333333,64.92821112146534,148.70640249626314,115862.88835669168,0.5948256099850525,6436.827130927315,4.285805858566841,0.3938720955793254,0.495826241769418,4.679677954146166,23.0,23.0,185.75937744015914,135.5023536447972,1.5,0
7.462445981744886,1.0582319743908224,1.0452636052195914,1.0,189.73537628491593,1035.8473124639152,0.18181818181818182,14.925979229780149,188.33587499343912,15461.035471059986,0.3452824374879717,858.9464150588881,5.22371218722142,1.7135160533477232,0.5229478033829201,6.937228240569143,10.0,33.0,88.23871752241092,101.496658762505,1.5873479615862336,0
21.237182306089654,1.46787802081868,1.0,1.0,258.37517288537333,1303.346202691201,0.08695652173913043,43.15241045635301,113.33445240793051,56242.53030525977,0.4344487342304003,3124.5850169588757,14.866027614262757,3.036542528343454,2.7770719212115447,17.902570142606212,22.0,10.0,215.22276242902035,43.15241045635301,2.20181703122802,0
22.053313713141602,2.8557959164707962,1.9146479881965413,1.1719818002586382,269.54924735259414,1471.5856837766382,0.13333333333333333,49.39287589454251,196.21142450355177,72685.84904696497,0.4905285612588794,4038.102724831387,15.437319599199121,2.201828928796208,2.8787756918834586,17.639148527995328,14.0,29.0,57.8654935188405,211.68375383375363,4.283693874706194,0
128.11280901684083,18.789955523983586,12.394797170858533,11.979510444519377,309.27054001690476,1688.4413648813213,0.125,50.00154882364898,211.05517061016516,84424.68334198192,0.5628137882937738,4690.260185665662,89.67896631178857,23.8563204001407,12.780350673692888,113.53528671192927,15.0,28.0,115.93121789879538,193.3393221181094,28.18493328597538,1
31.882784763215405,3.912313337036288,2.1022413390237036,1.4864987241212935,206.96305552019712,1061.5720858147852,0.3333333333333333,15.099393841697275,353.8573619382617,16029.095015069497,0.3538573619382617,890.5052786149721,22.31794933425078,9.355678839162456,3.2732640036069784,31.673628173413235,5.0,29.0,25.77032941982981,181.1927261003673,5.868470005554432,0
1.0,1.0,1.0,1.0,186.35758586823428,875.9625983919375,0.3333333333333333,17.770750832165472,291.9875327973125,15566.513074319353,0.2919875327973125,864.8062819066307,1.0,0.22378276225460458,0.11960766257676386,1.2237827622546047,5.0,20.0,37.083278878044325,149.27430699018996,1.5,0
27.527083799470038,3.168508055452553,1.6553210275050734,2.1492313046858924,240.71604594722186,1263.2603604537758,0.1111111111111111,57.46912173846129,140.36226227264174,72598.46344229054,0.4210867868179253,4033.247969016141,19.268958659629025,4.760443377709164,2.778237800599528,24.029402037338187,17.0,20.0,98.73350988749397,141.9825360597279,4.75276208317883,0
3.52535229318307,1.0,1.0,1.0,180.0576545564872,778.1962359272055,0.2,37.02517820067115,155.63924718544112,28812.854310296312,0.25939874530906853,1600.7141283497951,2.467746605228149,0.8609917662800515,0.3232888922292692,3.3287383715082006,9.0,10.0,89.55166339929107,90.50599115719614,1.5,0
6.301797375877515,1.0,1.0,1.0,355.15248556748327,2004.4295539839188,0.08,77.17074253645814,160.35436431871352,154683.3170429606,0.6681431846613063,8593.517613497812,4.411258163114261,1.4769466926399897,0.9420520304531967,5.888204855754251,24.0,25.0,187.94921007182398,167.2032754956593,1.5,0
7.579116483292743,1.0,1.0,1.0,113.9301389742086,433.77247539416,0.3333333333333333,18.28624637689878,144.59082513138665,7932.070356574874,0.14459082513138666,440.67057536527074,5.305381538304919,2.0685975570745816,0.4908542241984094,7.373979095379501,5.0,8.0,48.09965201737298,65.83048695683561,1.5,0
9.0611315897386,1.0,1.0,1.0,359.9211289141939,2151.3493379022366,0.08,46.648300127324994,172.10794703217894,100356.78959318544,0.7171164459674122,5575.377199621414,6.34279211281702,0.916689646107448,0.9901352011681527,7.259481758924468,24.0,38.0,208.31415350038765,151.60697541380623,1.5,0
3.8567340702736193,1.0,1.0,1.0,302.1771982799502,1608.1653211604162,0.25,25.201563508842572,402.04133029010404,40528.28047394244,0.536055107053472,2251.5711374412467,2.699713849191533,1.020952306151451,0.5344905149398496,3.7206661553429843,7.0,32.0,64.56245662514878,237.6147416548014,1.5,0
25.640635164261816,1.9709130228163503,1.967563369468013,1.311727392242457,482.29947301574776,2788.346743147418,0.08695652173913043,98.320564768655,242.46493418673197,274151.82655709394,0.9294489143824726,15230.657030949664,17.94844461498327,3.211656776403472,3.044094773244903,21.160101391386743,22.0,32.0,187.33777870978275,294.961694305965,2.9563695342245255,1
3.6952095253384303,1.0,1.0,1.0,180.55558064626678,926.1206734235334,0.14285714285714285,31.555441003028086,132.30295334621906,29224.14627190095,0.3087068911411778,1623.563681772275,2.586646667736901,1.0540575266250587,0.5102800928552629,3.64070419436196,13.0,21.0,73.75254955909479,106.80303108717199,1.5,0
30.814985957164264,2.647539316176444,1.6938572722790013,1.8351495509095697,220.44854025871646,1148.4163899987595,0.10526315789473684,70.19573825215188,120.88593578934311,80613.93631683411,0.38280546333291987,4478.5520176018945,21.570490170014985,3.706003952318695,2.5771642663218137,25.27649412233368,18.0,18.0,72.25753728195136,148.1910029767651,3.971308974264666,0
294.2310351198375,28.83336134441167,28.427489315995857,24.14175143278232,189.99524798088606,958.4109116208327,0.09090909090909091,75.05877619204853,87.12826469280297,71937.15011536528,0.3194703038736109,3996.5083397425155,205.96172458388622,82.88845331950877,22.714429251029433,288.850177903395,21.0,11.0,104.21378947568773,85.78145850519832,43.250042016617506,1
4.074585930077876,1.0,1.0,1.0,122.75247519956838,706.4266853856271,0.07142857142857142,32.19072447466954,50.45904895611622,22740.386790802786,0.23547556179520904,1263.354821711266,2.852210151054513,1.1854913176776547,0.5505875455374064,4.037701468732168,27.0,26.0,58.3710262502293,64.38144894933907,1.5,0
14.276111769597351,1.0595332180902286,1.0,1.0,144.71534849987495,663.5144461507202,0.10526315789473684,49.89049857744434,69.84362591060213,33103.06653179628,0.22117148205024006,1839.05925176646,9.993278238718146,1.2330683086215617,1.27644796244498,11.226346547339707,18.0,5.0,111.45501611491207,33.260332384962894,1.589299827135343,0
1.0,1.0,1.0,1.0,148.693687406318,801.8035612583072,0.2222222222222222,11.808233904589628,178.17856916851272,9467.88399687105,0.26726785375276907,525.9935553817251,1.0,0.2936249708156958,0.12096823230573113,1.2936249708156957,8.0,33.0,48.32369921730616,100.36998818901183,1.5,0
13.99748468947189,1.756849203928638,1.6974254467688965,1.3411643042678438,396.66740169236067,2178.439098197238,0.2,42.60617102807069,435.6878196394476,92814.9487920276,0.7261463660657459,5156.386044001533,9.798239282630322,0.9998507190048348,0.9066850808978747,10.798090001635156,9.0,35.0,55.81803346779515,340.8493682245655,2.635273805892957,0
43.43478349643211,3.1316398873365547,3.1027051234213605,2.736589068906845,533.5090857289913,3151.3798011642775,0.07692307692307693,103.1081574052066,242.4138308587906,324932.96458203497,1.0504599337214258,18051.831365668608,30.404348447502475,4.545100297523922,5.454705708230104,34.949448745026395,25.0,34.0,244.80624499441274,288.7028407345785,4.697459831004832,1
47.69216256727422,4.773970386103606,4.331656888551477,3.9164236683787697,249.80229036997525,1338.3287615298495,0.09090909090909091,28.705959339520184,121.66625104816815,38418.01101138627,0.44610958717661653,2134.333945077015,33.38451379709195,7.680450554537159,5.002825102754402,41.06496435162911,21.0,19.0,195.124272580413,54.678017789562254,7.160955579155409,0
22.039503930501475,1.8738028674655087,1.2318228420836437,1.3801485087981207,151.06460947865386,848.1839499372174,0.07407407407407407,36.98124220077775,62.82844073609018,31366.896083440588,0.28272798331240584,1742.6053379689215,15.427652751351031,6.57657345825986,1.6939819258835787,22.00422620961089,26.0,22.0,85.63625789266246,65.42835158599141,2.810704301198263,0
58.38833400614846,7.426448656414997,5.21146383754609,2.5638369748928764,407.0565877337034,2486.5151214639955,0.06666666666666667,95.50999299061722,165.76767476426636,237487.04182208993,0.8288383738213319,13193.724545671663,40.87183380430392,10.051012353934215,5.806742961807118,50.92284615823813,29.0,39.0,143.5807450009663,263.47584273273714,11.139672984622495,1
426.3520626621121,47.857307837184365,29.726702765553853,15.765629712542221,194.15975198934242,1040.2209684866516,0.2857142857142857,13.869416175009075,297.20599099618613,14427.257525912371,0.34674032282888384,801.5143069951317,298.4464438634784,79.9846534850686,51.031938376702485,378.43109734854704,6.0,34.0,32.34989661423657,161.80985537510585,71.78596175577655,1
156.76778357705854,15.300270031925468,14.464553730125996,12.279380746455002,218.48649141418113,1320.6184638631375,0.07142857142857142,29.98086270861642,94.3298902759384,39593.280855544646,0.44020615462104584,2199.6267141969247,109.73744850394097,35.05425422821121,8.024729775822436,144.79170273215217,27.0,38.0,131.87511025595592,86.61138115822521,22.950405047888204,1
10.729263175446212,1.3726625167695115,1.3140211919766642,1.0,313.08414136958027,1688.2490703029162,0.07407407407407407,77.18504701372268,125.0554866891049,130307.58386220419,0.5627496901009721,7239.3102145669,7.510484222812348,3.1337322632222504,1.220418342741755,10.644216486034598,26.0,15.0,218.0871604296139,94.99698093996638,2.058993775154267,0
3.5207541585148103,1.0,1.0,1.0,213.91629695255628,1146.0676855586453,0.2,22.24484785154391,229.21353711172907,25494.101292823132,0.38202256185288175,1416.3389607123963,2.464527910960367,0.8655346328171988,0.3667185064076309,3.330062543777566,9.0,31.0,55.73071223046626,158.18558472209003,1.5,0
12.337190275291057,1.546617167403744,1.2810112421420046,1.0,131.25552257745437,683.7695238485063,0.2222222222222222,10.847053005692464,151.94878307744582,7416.884268861845,0.22792317461616876,412.0491260478803,8.636033192703739,1.3082171646504537,0.8886307504151653,9.944250357354193,8.0,28.0,52.614388286184,78.64113429127036,2.3199257511056164,0
6.44703723108572,1.0,1.0,1.0,398.7920301590939,2227.238534025,0.2222222222222222,32.81991623838666,494.94189644999994,73097.78212960759,0.7424128446749999,4060.98789608931,4.5129260617600035,0.8107003142228878,0.807801563377031,5.323626375982891,8.0,39.0,70.59286777522723,328.1991623838666,1.5,0
34.522699266523,4.759373878892155,3.414698221037102,3.4272823978664495,196.32162173999407,888.0730192544526,0.18181818181818182,43.018219025679,161.46782168262774,38203.31965308409,0.2960243397514842,2122.4066473935604,24.165889486566098,2.5687325523074342,2.773764194487646,26.734622038873532,10.0,12.0,84.47425227322869,111.84736946676539,7.139060818338232,0
4.867438155984105,1.0,1.0,1.0,250.54514476798443,1391.675267970206,0.08,92.43158211468881,111.33402143761649,128634.74680836966,0.4638917559900687,7146.374822687203,3.407206709188873,1.0275799145616098,0.37813225401031053,4.434786623750483,24.0,22.0,73.38461238149753,177.1605323864869,1.5,0
18.40482909307895,1.6711845557697582,1.1576321475912872,1.0,338.6323509789406,1837.508790918936,0.07692307692307693,101.28432927931507,141.3468300706874,186110.84543306963,0.612502930306312,10339.491412948313,12.883380365155263,1.7518650676752157,1.7875107725394836,14.635245432830478,25.0,17.0,192.78291681672687,145.84943416221373,2.506776833654637,0
54.905683373509625,8.135968211567137,5.52269329251183,6.646165743294337,197.71320059828713,1092.0811130349675,0.1111111111111111,30.627518623265086,121.34234589277416,33447.73462759453,0.3640270376783225,1858.2074793108072,38.43397836145674,6.278531995085884,6.457730184331353,44.71251035654262,17.0,28.0,93.21931353067683,104.49388706761029,12.203952317350705,0
17.799403626710703,1.565624229388482,1.0,1.2146232305872546,224.21872923541792,1290.3535626278813,0.07407407407407407,51.50403022069399,95.58174537984306,66458.40888496656,0.43011785420929377,3692.1338269425864,12.459582538697491,4.841943535072761,2.5432606245022797,17.30152607377025,26.0,27.0,113.2869718370001,110.93175739841782,2.3484363440827227,0
6.452214548307936,1.0,1.0,1.0,80.29288026325345,377.4118434733435,0.2,15.535991953666597,75.4823686946687,5863.467363420342,0.12580394782444781,325.74818685668566,4.516550183815554,0.8496851579452501,0.41381745347996307,5.366235341760804,9.0,16.0,21.601355104957417,58.69152515829603,1.5,0
82.25110869283917,5.437408407442119,5.136550108051019,2.790097204717875,435.34315836605083,2592.1186272953087,0.07142857142857142,106.49465485641004,185.15133052109346,276046.7785606853,0.8640395424317695,15335.932142260293,57.57577608498741,15.76438564008926,7.373549683961611,73.34016172507667,27.0,34.0,159.2459050346174,276.0972533314334,8.156112611163177,1
2.1069109420965466,1.0,1.0,1.0,475.87809202975046,2865.912904365362,0.06666666666666667,135.0984261242794,191.06086029102414,387180.3227890229,0.9553043014551207,21510.017932723495,1.4748376594675825,0.31475459063571953,0.11945965765197222,1.789592250103302,29.0,35.0,140.46130992809128,335.4167821016592,1.5,1
13.553515131036598,1.631824140954776,1.4027742755043504,1.0,355.8371414939817,2101.891064659018,0.07142857142857142,101.25422383249598,150.13507604707272,212825.34833250748,0.7006303548863393,11823.630462917083,9.487460591725618,0.9285218000583721,1.7057786599035678,10.41598239178399,27.0,32.0,108.32681657010258,247.51032492387907,2.447736211432164,1
19.106106040401347,2.394716428813505,1.8544591976261102,1.4037915731041783,318.4761992994799,1671.3400086806832,0.16666666666666666,47.94066588971156,278.5566681134472,80125.15294426825,0.5571133362268944,4451.39738579268,13.374274228280942,2.688534005078218,1.8107485088228068,16.06280823335916,11.0,26.0,83.13111220453226,235.34508709494764,3.5920746432202577,0
20.47266107657164,1.1582954693956358,1.0,1.0,423.2481626546849,2468.7599814620858,0.08,82.7298066509426,197.50079851696685,204240.035933943,0.8229199938206953,11346.668662996834,14.330862753600147,3.11219355804864,2.470905112814743,17.44305631164879,24.0,32.0,195.74119436459273,227.50696829009217,1.7374432040934535,0
24.94305102303017,3.1513495003511465,3.15024570231494,1.3122253626601024,106.51332723717366,481.81963490313,0.3333333333333333,12.044687010555092,160.60654496771,5803.366697948127,0.16060654496771,322.40926099711817,17.460135716121115,6.832532122742344,2.050803746809143,24.29266783886346,5.0,17.0,19.79158076117699,86.72174647599667,4.7270242505267195,0
41.78459720782871,5.326380504136496,4.233814305387575,4.304036733101596,199.8971255456568,1116.4179501744422,0.10526315789473684,47.03300839914924,117.51767896573075,52508.49482751552,0.3721393167248141,2917.13860152864,29.249218045480095,5.478489829498696,5.617175445170266,34.72770787497879,18.0,29.0,43.120430881826,156.7766946638308,7.989570756204745,0
19.25000023892688,2.2556625262440924,1.896058120899219,1.449527164012285,274.7488909573442,1462.1938418250345,0.06896551724137931,33.39966703585356,100.84095460862306,48836.78745883168,0.4873979472750115,2713.154858823982,13.475000167248815,2.7875979234540202,1.9920440753370452,16.262598090702834,28.0,11.0,246.1206049266126,28.628286030731626,3.3834937893661383,0
12.914233322229535,1.0226905522605176,1.0,1.0,39.1539990567575,166.32334985454438,0.2222222222222222,8.187845679884395,36.96074441212097,1361.8299215704321,0.055441116618181456,75.65721786502401,9.039963325560674,3.1733395505749993,1.8643088236826244,12.213302876135673,8.0,10.0,16.637423437075412,22.516575619682087,1.5340358283907765,0
12.31592064021439,1.218894401766385,1.1245835418488987,1.0,411.22143431716063,2320.874637438947,0.09090909090909091,76.68133176043827,210.98860340354065,177967.75804784277,0.7736248791463157,9887.097669324598,8.621144448150073,2.952608503431948,0.7128635161092255,11.573752951582021,21.0,28.0,199.43489897880733,211.78653533835333,1.8283416026495773,0
9.642506040581972,1.0,1.0,1.0,302.1948909265984,1696.736628926894,0.07692307692307693,65.97443548440481,130.5182022251457,111941.24125916386,0.5655788763089646,6218.957847731325,6.74975422840738,2.4064929525767798,0.9780170407469254,9.15624718098416,25.0,23.0,175.52397479654118,126.67091613005724,1.5,0
51.679024793021895,5.0210672096121955,3.0634709501147834,4.121231027285982,229.95348799104195,1239.982199722842,0.10526315789473684,55.35283969576944,130.52444207608863,68636.53592686604,0.413327399907614,3813.140884825891,36.175317355115325,14.906436670462758,6.544917205716771,51.081754025578086,18.0,23.0,82.34591546899011,147.60757252205184,7.531600814418294,0
9.24576699506461,1.0,1.0,1.0,163.4332352850091,831.4605115378075,0.09523809523809523,59.99769268052235,79.1867153845531,49885.71224723528,0.27715350384593584,2771.428458179738,6.472036896545227,2.301173165086896,1.0171755043091957,8.773210061632122,20.0,13.0,79.4364655322778,83.9967697527313,1.5,0
55.48570005074716,4.711274070660394,4.464275485012087,3.992968082377051,176.524030374076,1006.2645939507273,0.10526315789473684,36.85426271999776,105.92258883691866,37085.13971129197,0.3354215313169091,2060.2855395162205,38.83999003552301,8.42839162803033,2.902979314403229,47.26838166355334,18.0,33.0,37.29681565408443,139.22721471999157,7.066911105990592,0
20.54872507171542,1.3615593624693958,1.147344398728895,1.0986384031342529,240.27534914754625,1349.0763681569467,0.09523809523809523,56.068938767519285,128.48346363399492,75641.28027889915,0.44969212271898223,4202.29334882773,14.384107550200794,5.247674418038664,3.025468271374125,19.63178196823946,20.0,28.0,77.67542672174034,162.59992242580591,2.042339043704094,0
10.745577040025815,1.0,1.0,1.0,138.74587549991418,728.1282974128179,0.06896551724137931,72.65263034410438,50.21574464915985,52900.436035015555,0.24270943247093932,2938.9131130564197,7.5219039280180695,1.9037794638585959,0.8577804012202588,9.425683391876666,28.0,9.0,86.85113953983961,51.89473596007456,1.5,0
42.18601039665165,2.432313071820675,1.6558646153072591,1.8009953888164094,318.7584474735296,1842.8572465691304,0.08,59.311948294717034,147.42857972553043,109303.45372305287,0.6142857488563768,6072.414095725159,29.530207277656157,5.038212285613645,3.160904386051316,34.5684195632698,24.0,30.0,165.53591437884396,153.22253309468567,3.6484696077310126,0
8.39012391998301,1.1913148418558974,1.035221628320908,1.0,194.16563171475906,961.9346562451962,0.15384615384615385,48.68755427676447,147.98994711464556,46834.24578663876,0.32064488541506536,2601.9025437021537,5.8730867439881065,1.0548841307734331,0.8269808499294241,6.92797087476154,12.0,18.0,39.98837650500492,154.17725520975415,1.7869722627838462,0
43.19915128488488,4.451286719541175,3.875374118415624,2.0587273305230744,359.52038058172803,2140.6549235686102,0.06896551724137931,76.22065169498102,147.6313740392145,163162.11332846925,0.7135516411895367,9064.561851581624,30.239405899419413,4.577407866124301,4.5020345749670465,34.81681376554371,28.0,33.0,174.41308360820273,185.1072969735253,6.676930079311762,0
25.926648657249316,2.324951402513822,1.8681658667985757,1.0,115.3380816117694,480.951150131311,0.25,21.72913335106151,120.23778753282775,10450.651676549662,0.16031705004377034,580.5917598083146,18.14865406007452,2.236127801654495,3.2830607642133987,20.384781861729014,7.0,10.0,47.04651965129037,68.29156196047903,3.4874271037707327,0
9.819894442670345,1.016387761446964,1.0,1.0,227.95144460999686,1221.2617190258768,0.06666666666666667,121.8069728004945,81.41744793505845,148758.19299167013,0.40708723967529226,8264.344055092784,6.873926109869241,0.9439138146554232,0.8771853026629319,7.817839924524664,29.0,11.0,127.14567401648416,100.80577059351269,1.5245816421704461,0
37.87767083357738,4.273711951217857,4.113778577650154,1.688055187125626,248.90906824261458,1374.8646598625048,0.08333333333333333,98.22855881158517,114.57205498854206,135050.9740992741,0.4582882199541683,7502.8318944041175,26.514369583504166,2.492142886693389,3.5603509736241152,29.006512470197556,23.0,22.0,52.45195061944424,196.45711762317035,6.4105679268267854,1
38.70263442926022,5.503045514249155,4.2700329770646075,4.558130278766218,257.8213512408675,1300.5525080444822,0.3333333333333333,21.993856787169612,433.5175026814941,28604.165606124596,0.4335175026814941,1589.1203114513664,27.091844100482152,10.53147897992256,4.005567527532495,37.62332308040472,5.0,27.0,11.490155224567843,246.33119601629966,8.254568271373731,0
80.56171421916393,5.467666766465063,4.894907775934361,2.4272308823766178,34.0648718039086,122.12128800888578,0.2857142857142857,10.400099929300278,34.89179657396736,1270.073598787272,0.04070709600296193,70.55964437707067,56.39319995341475,22.778981985148803,7.205335793069292,79.17218193856355,6.0,5.0,13.264671945308045,20.800199858600557,8.201500149697594,0
64.03158100732779,5.094048426194297,3.0928725458901054,4.493421287642202,168.58582865647105,810.451913180846,0.1,19.252150321255797,81.0451913180846,15602.942060706999,0.27015063772694864,866.8301144837221,44.82210670512945,12.594538030284989,9.05757499157256,57.41664473541444,19.0,8.0,150.34694940475504,18.23887925171602,7.641072639291445,0
36.2170073525567,5.344867324519957,3.591859846944447,3.5189248854267206,277.5988601687167,1677.916917944401,0.07407407407407407,51.82217350938638,124.29014206995562,86953.30165604957,0.5593056393148003,4830.738980891643,25.351905146789687,9.420854480488801,4.893830241074941,34.77275962727849,26.0,39.0,118.14601860137401,159.45284156734272,8.017300986779937,0
5.190815731618126,1.0,1.0,1.0,231.38640748245138,1247.7089564618084,0.13333333333333333,28.550196663518268,166.3611941949078,35622.336085817784,0.41590298548726945,1979.0186714343213,3.6335710121326876,0.4977617284615168,0.4957092479691742,4.131332740594204,14.0,27.0,117.18562082837832,114.20078665407307,1.5,0
379.29125234821925,19.82030629448996,10.406721487703656,11.858062764436784,407.5063380241335,2345.153131747488,0.08695652173913043,98.83546785330353,203.92635928239025,231784.30696390293,0.781717710582496,12876.90594243905,265.5038766437535,104.4638112123991,18.971953575406616,369.96768785615257,22.0,31.0,119.98497699634146,287.52136102779207,29.73045944173494,1
3.727212170048627,1.0,1.0,1.0,362.04186085374545,2111.7503548834325,0.07407407407407407,90.504429885628,156.42595221358758,191122.76192949765,0.7039167849611442,10617.931218305424,2.609048519034039,0.6581898503773399,0.5221580101177669,3.2672383694113787,26.0,30.0,146.22360497263247,215.81825588111295,1.5,1
62.74731631060114,3.3026341005127553,2.4467655223247196,2.9406130065074145,141.69867488319258,702.003052293022,0.10526315789473684,22.045555468948127,73.89505813610758,15476.04722869671,0.23400101743100735,859.7804015942617,43.923121417420795,4.1909715745350455,3.9175444457882986,48.11409299195584,18.0,12.0,109.85509476137862,31.84358012181396,4.953951150769133,0
33.7014404666913,5.02125560842378,4.396687203847871,4.058977113879465,223.44986003279365,1204.9125733723088,0.09090909090909091,30.83028768088809,109.5375066702099,37147.80126738746,0.4016375244574363,2063.7667370770814,23.59100832668391,2.87568278477324,2.5091140837374706,26.46669111145715,21.0,20.0,161.78928467101747,61.66057536177618,7.53188341263567,0
4.908798234167105,1.0,1.0,1.0,93.91425278319079,436.12428409528866,0.1111111111111111,24.137729469747534,48.458253788365404,10527.049984679394,0.14537476136509622,584.8361102599663,3.4361587639169735,0.6246156879857379,0.32023099207318517,4.060774451902711,17.0,7.0,71.19638975284016,22.71786303035062,1.5,0
17.302290184442395,2.4630549870471725,1.5013143075625168,2.1395711846599914,268.42495745399094,1447.4325747878029,0.3333333333333333,17.132531315719586,482.4775249292676,24798.183914944664,0.4824775249292676,1377.6768841635924,12.111603129109676,1.0535259829796388,1.176236626371378,13.165129112089316,5.0,36.0,14.863493981341076,253.56146347264988,3.6945824805707588,0
18.274315264488322,2.733629740305436,2.632667005924724,2.0027639353034528,128.98593797028946,547.9229147513203,0.2,31.927414426426896,109.58458295026406,17493.761973001176,0.18264097158377343,971.875665166732,12.792020685141825,2.326746938001748,2.3809194878419166,15.118767623143572,9.0,9.0,58.036128133785226,70.94980983650422,4.100444610458155,0
96.22596800939517,10.583328616113143,8.316959867896625,3.698119302002757,291.5205875895686,1571.9715435579326,0.1111111111111111,72.43755448170907,174.66350483977027,113869.77433017404,0.5239905145193109,6326.098573898558,67.35817760657662,6.253014385491679,10.38760711918412,73.6111919920683,17.0,24.0,78.46895676101254,213.05163082855606,15.874992924169714,1
8.53373318778998,1.0,1.0,1.0,332.10964808708366,1854.819930694062,0.06666666666666667,130.84469042544399,123.65466204627079,242693.339626608,0.618273310231354,13482.963312589334,5.973613231452986,0.9302358113066498,1.242592761814325,6.903849042759636,29.0,18.0,160.65798477098468,171.451663316099,1.5,1
14.667966880891699,1.0,1.0,1.0,259.25123852786726,1498.824666106384,0.10526315789473684,31.64373547961236,157.77101748488252,47428.411264588736,0.49960822203546135,2634.9117369215965,10.267576816624189,1.7076071390838021,1.0728935893676181,11.97518395570799,18.0,36.0,129.16032600057198,130.09091252729525,1.5,0
1.2173988275187257,1.0,1.0,1.0,301.0295623494164,1770.8494626072313,0.06896551724137931,60.672114473316284,122.1275491453263,107441.18131031656,0.5902831542024104,5968.954517239809,1.0,0.3635058478634189,0.11999107815204912,1.363505847863419,28.0,30.0,166.68416601564462,134.34539633377176,1.5,0
161.05007665516146,14.593907214215678,8.724303377893017,11.019392624367883,87.96144421723366,366.79262540441596,0.25,12.480946055322963,91.69815635110399,4577.918971162799,0.12226420846813865,254.3288317312666,112.73505365861301,17.53620629913469,23.793995209324198,130.2712599577477,7.0,10.0,48.7356137576472,39.225830459586454,21.890860821323518,0
5.55911047179474,1.0,1.0,1.0,164.54923317883333,799.3770475455876,0.1,41.639291214683816,79.93770475455877,33285.49367308487,0.2664590158485292,1849.1940929491595,3.8913773302563177,0.610371496841202,0.7373846030449087,4.5017488270975194,19.0,9.0,120.71840032127143,43.830832857561916,1.5,0
29.734055450864936,2.7915752833880787,1.9821972222847801,1.6572664273155537,340.51698704587216,1824.3374665541223,0.08333333333333333,101.196457111708,152.02812221284353,184616.48819142627,0.6081124888513741,10256.471566190348,20.813838815605454,6.591958089595883,3.6531726730770764,27.405796905201335,23.0,17.0,182.12253243624224,158.39445460962992,4.187362925082118,0
17.784203230877726,2.550391413614088,2.4045078705117584,1.0,398.2297710540883,2332.822430528853,0.09090909090909091,67.43622709255754,212.07476641171394,157316.74319175578,0.7776074768429511,8739.819066208654,12.448942261614407,4.709957173021691,1.225287500221307,17.158899434636098,21.0,36.0,160.59735177555217,237.63241927853613,3.8255871204211322,0
17.857058064719247,1.8477407180010135,1.6215482374702985,1.6283076373712306,202.02533751320254,971.2075006744429,0.25,26.351783928653308,242.80187516861074,25593.050207660333,0.32373583355814767,1421.8361226477964,12.499940645303472,2.620770647510794,2.2667845951713015,15.120711292814265,7.0,20.0,43.91463394128267,158.11070357191986,2.7716110770015203,0
53.08181390097826,6.336514464329709,5.05955281062226,4.758330633470044,178.22925278262437,837.7558587140563,0.09523809523809523,49.34128240845213,79.78627225848155,41335.948414145576,0.27925195290468546,2296.441578563643,37.15726973068478,14.27393889075764,4.499029410659633,51.43120862144242,20.0,5.0,148.6244833375531,29.60476944507128,9.504771696494563,0
149.2339117308513,20.84029599109641,10.53204977520468,8.238403368909376,199.71725894096917,1032.5232502184447,0.10526315789473684,18.962338106856468,108.68665791773101,19579.05497383251,0.34417441673948157,1087.7252763240283,104.46373821159591,20.151876661598614,15.379105232926124,124.61561487319452,18.0,17.0,161.79258272725625,37.924676213712935,31.260443986644617,1
27.161279299803613,1.7569867690693628,1.651387654063003,1.0,125.0341831566233,625.1709157831165,0.11764705882352941,18.85172915986886,73.54951950389605,11785.552782970497,0.20839030526103883,654.7529323872499,19.012895509862528,2.695864798170187,3.0126237495875925,21.708760308032716,16.0,15.0,87.33072483688558,37.70345831973772,2.6354801536040444,0
44.083855242811936,3.216951685782465,2.3237127278548493,1.2749983529126918,160.47428431356263,779.5810234019859,0.11764705882352941,46.548068308748945,91.7154145178807,36287.990729520054,0.2598603411339953,2015.9994849733364,30.85869866996835,5.837130315659116,4.89050292704638,36.695828985627465,16.0,12.0,84.83367331184559,75.64061100171703,4.825427528673697,0
29.804811615129026,1.8101018265780526,1.7481761189531366,1.3756239512376804,346.46853058053154,1902.7542724494847,0.125,56.18976401956149,237.8442840561856,106915.31355614895,0.6342514241498283,5939.739642008275,20.863368130590317,6.030678563606934,3.655630102191635,26.89404669419725,15.0,29.0,121.7094745022856,224.75905607824595,2.715152739867079,0
68.10411987233925,4.356201021610514,3.2574342878269253,1.460798846281545,273.88423655132965,1604.4086525827133,0.09090909090909091,38.031338249915784,145.85533205297395,61017.80815746479,0.5348028841942378,3389.878230970266,47.67288391063747,9.656196426641667,7.911669857325213,57.32908033727914,21.0,36.0,139.869044623055,134.01519192827467,6.534301532415771,0
11.524789736748893,1.1669817309720132,1.0,1.0,248.52439547564458,1331.482373177037,0.15384615384615385,45.04298163605712,204.84344202723648,59973.93608374704,0.443827457725679,3331.8853379859465,8.067352815724226,2.514979388371864,0.655035487654563,10.58233220409609,12.0,28.0,30.8166509013685,217.7077445742761,1.7504725964580197,0
73.00067336615093,5.994663885894171,3.2050250146048875,5.187289385272406,463.4052566478809,2666.8451199197443,0.09090909090909091,86.39604845829338,242.4404654472495,230404.88021134946,0.8889483733065814,12800.271122852748,51.100471356305654,7.974153353918137,6.98869775393668,59.07462471022379,21.0,32.0,191.87481863610168,271.5304380117792,8.991995828841258,1
76.14198635271555,7.029221374844384,6.133528652657752,4.962466971487931,151.46985733167205,826.9393283870108,0.07692307692307693,62.70607689746317,63.61071756823161,51854.12111537245,0.2756464427956703,2880.7845064095804,53.29939044690088,17.15084715950386,8.863091729313869,70.45023760640474,25.0,18.0,56.15662044752803,95.31323688414402,10.543832062266576,0
73.62940058347164,10.915483768608844,7.302436981124172,4.669417678241733,287.42743167993024,1497.3398013390977,0.06666666666666667,101.13655213367664,99.8226534226065,151435.78487996067,0.49911326711303255,8413.099159997815,51.540580408430145,10.076889635595354,5.860848614551263,61.617470044025495,29.0,7.0,231.6279546406604,55.799477039269874,16.373225652913266,1
9.095889054472371,1.0,1.0,1.0,380.0989625055896,2235.986519853154,0.07142857142857142,68.42788355311511,159.71332284665382,153003.82520684673,0.7453288399510513,8500.212511491485,6.36712233813066,1.4914264856071633,0.7395473421917125,7.858548823737823,27.0,31.0,217.89953482413156,162.19942768145805,1.5,0
16.411705642512857,1.7081501335112268,1.0,1.0015634535764224,409.24064922949447,2297.7675018409413,0.08,85.55679401057463,183.8214001472753,196589.6208391981,0.7659225006136471,10921.645602177672,11.488193949759,3.108972549248343,1.0250218747614843,14.597166499007342,24.0,24.0,230.99732837413063,178.24332085536383,2.56222520026684,0
26.772102303988902,1.6033039830004345,1.0,1.0626295781956927,190.623680504849,977.7628070410652,0.125,57.79783181121395,122.22035088013315,56512.57027261993,0.3259209356803551,3139.587237367774,18.74047161279223,5.931526612412078,2.459325438249616,24.67199822520431,15.0,19.0,36.49612900827849,154.12755149657053,2.404955974500652,0
3.876720429981452,1.0,1.0,1.0,504.4685930424133,2991.870720384458,0.06666666666666667,139.56150373237395,199.45804802563052,417549.97670971585,0.9972902401281526,23197.220928317547,2.713704300987016,0.4251925830256433,0.5764025920592941,3.1388968840126594,29.0,31.0,196.4707917020019,307.99780134041146,1.5,1
136.17001968565356,13.991822525428944,9.29201249391565,8.850231120262444,309.6805578737569,1843.8988350904726,0.06666666666666667,66.97310332060815,122.9265890060315,123491.62719526322,0.6146329450301575,6860.645955292402,95.31901377995749,35.266181055623754,10.693695288611693,130.58519483558123,29.0,32.0,157.2590123854763,152.4215454882806,20.987733788143416,1
19.791808892285168,2.863145905365879,2.708492954419457,1.462461579949241,181.23184292656788,936.9550358035293,0.2857142857142857,15.336146109330986,267.70143880100835,14369.279326956372,0.3123183452678431,798.2932959420207,13.854266224599616,4.561233882973591,2.04140018644957,18.41550010757321,6.0,29.0,27.870381833258016,153.36146109330986,4.294718858048818,0
28.23926725212417,2.516763192345953,1.7217935025639857,2.1003656491942064,161.1392163389069,918.5643889684349,0.13333333333333333,22.662230607838815,122.47525186245798,20816.718010951223,0.30618812965614495,1156.4843339417346,19.767487076486915,3.0646517872274193,3.510810903902521,22.832138863714334,14.0,37.0,38.115678753496184,123.02353758541071,3.7751447885189293,0
10.050221482554317,1.0,1.0,1.0,156.4037818130468,788.9623172231559,0.13333333333333333,24.089770677316913,105.19497562975411,19005.921294950385,0.26298743907438527,1055.8845163861324,7.035155037788021,2.952188647631658,0.5160761303074111,9.98734368541968,14.0,18.0,91.01726140318662,65.3865204098602,1.5,0
4.086737313155464,1.0,1.0,1.0,178.0508073303979,855.9534249961184,0.125,52.24956937467938,106.9941781245148,44723.19786082912,0.28531780833203946,2484.6221033793954,2.860716119208824,0.8835495328871864,0.5723228603029372,3.7442656520960105,15.0,12.0,87.48488708095364,90.56592024944426,1.5,0
9.729515859236098,1.0,1.0,1.0,196.4189216343265,954.1993883830099,0.18181818181818182,44.22488552164331,173.49079788781998,42199.35871606068,0.31806646279433665,2344.4088175589263,6.810661101465269,1.5869494347174602,0.8625704082289982,8.397610536182729,10.0,18.0,28.36435665208194,168.05456498224456,1.5,0
26.12897952918108,1.9073883662206987,1.4132710472648518,1.0,80.98352652066296,308.33302830402863,0.2222222222222222,17.18946537763308,68.51845073422858,5300.079914812861,0.10277767610134288,294.44888415627,18.290285670426755,2.3354560426276723,3.5773603589845804,20.625741713054428,8.0,5.0,55.19932845421334,25.784198066449623,2.861082549331048,0
45.06539131443586,5.0387191457931735,4.98318728844671,3.6440073804275217,290.07661043034483,1628.6960001308294,0.06896551724137931,45.850074329124396,112.32386207798822,74675.83266554613,0.5428986667102764,4148.6573703081185,31.5457739201051,8.260722847244704,2.4287887146304077,39.8064967673498,28.0,20.0,221.30149893665822,68.7751114936866,7.55807871868976,0
24.38943017078029,1.3839144762008875,1.2774968294050268,1.0958208114833348,224.38913442627393,1185.9868289852077,0.11764705882352941,32.757395440489375,139.52786223355383,38849.8395442805,0.3953289429950692,2158.3244191266945,17.072601119546203,2.2241690049386134,1.5747366111997099,19.296770124484816,16.0,22.0,130.211622534867,94.17751189140695,2.075871714301331,0
30.44947703592441,2.9375333861946253,2.1368055138842315,2.0459884170977256,200.6893326146075,954.2551994667245,0.125,38.777843764447624,119.28189993334057,37003.959036332446,0.31808506648890816,2055.775502018469,21.314633925147085,4.7919231037038745,2.504559173548587,26.106557028850958,15.0,11.0,138.6447825914913,62.0445500231162,4.406300079291938,0
13.404203481064107,1.4871448853312392,1.3199472411413922,1.0,224.62453031151188,1247.6969118816494,0.07142857142857142,55.470723792886794,89.12120799154638,69210.6507762248,0.4158989706272165,3845.036154234711,9.382942436744875,2.0398266290680933,1.1332741641601434,11.422769065812968,27.0,19.0,142.44568024797587,82.17885006353599,2.230717327996859,0
36.43384970590202,3.3586850117641838,2.003520669418709,1.3706196233848746,368.18543264167965,2138.1834844815667,0.07142857142857142,50.42562577105254,152.72739174868332,107819.2402183126,0.7127278281605223,5989.957789906255,25.503694794131412,8.37923568516408,4.910533215628575,33.882930479295496,27.0,28.0,259.8637180223816,108.32171461929804,5.038027517646276,0
119.03284217076894,6.179308496048176,4.8270790707683595,3.122205901818192,392.873512450146,2182.2508323750167,0.06666666666666667,108.02007843494228,145.4833888250011,235726.90607786737,0.7274169441250056,13095.939226548187,83.32298951953825,11.676621320282589,6.084972168552885,94.99961083982085,29.0,17.0,258.77962197918316,134.09389047096283,9.268962744072264,1
46.79364162252146,6.951286041023123,3.7349922201961063,3.0600535819011037,101.14008546828052,501.0678382591685,0.1111111111111111,16.28106502690792,55.67420425101872,8157.9180575897035,0.1670226127530562,453.21766986609464,32.75554913576502,11.954270491036702,5.3396775519361,44.709819626801725,17.0,13.0,74.3242136592557,26.815871809024813,10.426929061534684,0
53.06142824553228,4.601040106930947,3.10130585255186,4.03783269580487,149.43141884430645,725.9349928205888,0.2,26.99168403490772,145.18699856411777,19594.20795609634,0.24197833094019627,1088.5671086720188,37.14299977187259,6.9793331794058,3.3498339532800316,44.12233295127839,9.0,19.0,29.46837868916101,119.96304015514544,6.9015601603964205,0
28.58321562140705,3.6545847422725632,2.240008612542671,2.525158528688527,380.4863954835243,2147.410498274762,0.18181818181818182,40.70690547416041,390.43827241359315,87414.43616749045,0.7158034994249207,4856.35756486058,20.008250934984932,4.601816445595593,3.782175825789436,24.610067380580524,10.0,39.0,54.83115169024107,325.6552437932832,5.481877113408845,0
3.3075704487588733,1.0,1.0,1.0,141.71108445335153,720.9498763497145,0.3333333333333333,9.968546218544214,240.31662544990482,7186.822163645865,0.24031662544990484,399.2678979803258,2.3152993141312113,0.8040215692148159,0.42289711510555106,3.119320883346027,5.0,28.0,26.075948318238666,115.63513613511287,1.5,0
5.73392428751001,1.0,1.0,1.0,318.6318315676535,1779.5468308414443,0.18181818181818182,33.23345883436278,323.55396924389896,59140.49634658988,0.5931822769471481,3285.583130366105,4.0137470012570065,1.1831843818608732,0.5733471464665045,5.19693138311788,10.0,37.0,66.05754442649635,252.57428714115713,1.5,0
34.669174901944146,3.0802301419699036,2.6968500348306574,2.292789388307745,293.6999937886625,1593.6939247516443,0.08695652173913043,77.0125802804175,138.58208041318645,122734.48132234965,0.5312313082505481,6818.582295686091,24.2684224313609,4.403204944060768,2.4708278071669847,28.671627375421668,22.0,20.0,146.67597688968365,147.02401689897886,4.620345212954856,1
19.823599812215612,1.6702160511890944,1.2654353811128218,1.0,294.8796636059235,1558.5576283201015,0.07407407407407407,86.88237085488863,115.4487132088964,135411.18186242273,0.5195192094400338,7522.843436801263,13.876519868550927,2.905163046236993,2.2489782619304277,16.781682914787922,26.0,12.0,207.99729275103485,86.88237085488863,2.5053240767836416,0
34.049367737272455,1.776870944674974,1.0,1.0,262.73285804184496,1459.3730042486354,0.14285714285714285,35.119940361323515,208.48185774980504,51253.092874137605,0.4864576680828785,2847.3940485632,23.834557416090718,4.305430306548915,2.2345180788568935,28.13998772263963,13.0,33.0,79.02855461338346,183.7043034284615,2.665306417012461,0
150.16100744703633,12.914161045377726,11.205408650792249,5.419522149553185,208.34111695189978,1209.9108109975941,0.06896551724137931,64.43042269058415,83.4421248963858,77955.06497048246,0.4033036036658647,4330.836942804581,105.11270521292542,29.83587225179688,10.36146678581377,134.9485774647223,28.0,27.0,79.48027157073147,128.8608453811683,19.37124156806659,1
48.00202507474766,6.669833336026912,6.113666828762973,5.887091036037465,561.1823302961084,3379.646403215586,0.06666666666666667,122.46810379147009,225.3097602143724,413898.88648747496,1.126548801071862,22994.382582637496,33.601417552323355,6.391764049605122,5.40833969380866,39.99318160192848,29.0,35.0,257.1235898483206,304.0587404477878,10.004750004040368,1
90.98216032296014,10.83045575793143,10.308055363044739,6.610670814861667,230.3004344521289,1208.5999863193383,0.1,72.60810890399023,120.85999863193383,87754.15942803562,0.4028666621064461,4875.231079335313,63.687512226072094,21.055494019338585,13.567518556019394,84.74300624541068,19.0,18.0,85.08421664414844,145.21621780798046,16.245683636897144,1
22.50230317634871,1.4523500852311384,1.1415413178744303,1.2165378294451195,272.6259633580171,1514.3251367463179,0.15384615384615385,26.63681265747158,232.97309796097198,40336.7949700117,0.504775045582106,2240.933053889539,15.751612223444097,4.386751763868629,3.130207269660227,20.138363987312726,12.0,34.0,117.24455618943284,155.38140716858422,2.1785251278467075,0
7.624305123669051,1.0,1.0,1.0,155.2350202187448,897.4694920208373,0.08333333333333333,31.462835704661618,74.78912433506977,28236.935177397725,0.2991564973402791,1568.7186209665404,5.337013586568335,0.6589431728082,0.8334184027907996,5.995956759376535,23.0,31.0,67.68625999707771,87.54876022166711,1.5,0
18.738132317238847,2.608780606986518,2.2853496443199757,2.130082310004683,322.1374698513558,1808.7084231327733,0.06896551724137931,34.32613818085005,124.73851194019126,62085.97526132298,0.6029028077109244,3449.2208478512766,13.116692622067193,2.3903702235395823,1.946023938948167,15.507062845606775,28.0,20.0,270.6482625800807,51.48920727127507,3.913170910479777,0
7.646880780184268,1.0,1.0,1.0,82.1039673331176,406.7591720298557,0.09523809523809523,25.03825293810444,38.73896876474816,10184.539034177462,0.13558639067661857,565.8077241209701,5.352816546128987,0.8056895858501489,1.1457970540252715,6.158506131979136,20.0,10.0,54.561889101202716,27.542078231914886,1.5,0
130.3149155123251,8.453325178412689,4.92076802526546,7.517154838685832,285.0122219486094,1591.7825718301988,0.18181818181818182,32.43806985695325,289.41501306003613,51634.35426210869,0.5305941906100663,2868.575236783816,91.22044085862755,19.231654104864006,13.649147080176114,110.45209496349156,10.0,37.0,38.48289103576476,246.52933091284467,12.679987767619032,0
51.85592975815908,7.093022587159142,3.7979075404827376,6.009354995527308,76.81893831282551,387.5050006805768,0.18181818181818182,11.541857162152649,70.45545466919579,4472.527367475082,0.12916833356019228,248.47374263750459,36.299150830711355,9.282005120608112,4.771349773205056,45.58115595131947,10.0,22.0,23.726395366923327,53.09254294590218,10.639533880738714,0
37.51027877010972,3.0066139384977872,1.9842353665130563,1.557190803310696,292.5718344951571,1625.1162502016743,0.07407407407407407,58.133709520247606,120.37898149642031,94474.03602585816,0.5417054167338915,5248.55755699212,26.257195139076803,6.627717950271558,5.2872821088884425,32.88491308934836,26.0,20.0,198.66353450091094,93.90829999424614,4.509920907746681,0
88.51144296311404,8.44466562297696,6.221643658029148,6.45876146896726,190.0262910930417,871.2634188127188,0.25,26.437262732798516,217.8158547031797,23033.819912628114,0.2904211396042396,1279.656661812673,61.95801007417982,21.121566988768365,6.498371142824854,83.07957706294818,7.0,16.0,61.61672924802034,128.40956184502136,12.66699843446544,0
1.7787881228457019,1.0,1.0,1.0,181.1308091343424,957.3491805029678,0.13333333333333333,29.264157431866725,127.64655740039571,28016.01713550744,0.31911639350098925,1556.44539641708,1.2451516859919913,0.17306357218011204,0.10628721346315799,1.4182152581721033,14.0,24.0,76.61596116338981,104.51484797095259,1.5,0
40.68117853419749,5.494020028432218,3.93095304093784,4.6191131521321385,314.65421537725143,1663.0740881292845,0.3333333333333333,19.670097968790753,554.3580293764281,32712.83024286037,0.5543580293764282,1817.3794579366872,28.476824973938243,11.65996646331399,4.613611916172779,40.136791437252235,5.0,33.0,47.14088300169719,267.5133323755542,8.241030042648328,0
4.167119621262556,1.0,1.0,1.0,391.77010072512536,2244.02797342973,0.10526315789473684,69.62580884373918,236.21347088734,156242.2627180218,0.7480093244765766,8680.125706556768,2.9169837348837886,0.5655251240487635,0.2482976700199862,3.482508858932552,18.0,34.0,121.00306633280634,270.76703439231903,1.5,0
19.911414531609402,2.8466411085996075,2.4102467940838634,1.6490933629815419,175.3189685005494,926.6312651214445,0.2222222222222222,15.354646687996375,205.91805891587654,14228.095685990878,0.30887708837381483,790.4497603328266,13.93799017212658,2.4901655399767124,1.738562246693866,16.428155712103294,8.0,30.0,56.320456668577485,118.99851183197191,4.269961662899411,0
13.817707047310774,1.0,1.0,1.0,343.8086712769896,1865.5968753112884,0.11764705882352941,60.32444843238254,219.4819853307398,112541.10250032981,0.6218656251037628,6252.283472240545,9.672394933117541,3.0577845694623385,1.27617217494894,12.73017950257988,16.0,26.0,140.21365781769856,203.59501345929107,1.5,0
44.43751008521964,6.318518391826144,3.344098452156383,4.847236677818637,339.0859013326889,1893.7820434663013,0.18181818181818182,38.86077433270287,344.3240079029639,73593.83662646882,0.6312606811554338,4088.546479248268,31.106257059653746,11.170663831989913,4.654998341915179,42.276920891643655,10.0,37.0,43.74401640414711,295.3418849285418,9.477777587739215,0
26.412166248765963,1.4642560712182493,1.1318748860387295,1.0,243.4397229354102,1366.8434088141266,0.125,37.704669788844505,170.85542610176583,51536.37938239524,0.45561446960470886,2863.1321879108464,18.48851637413617,3.8196731056188153,3.93979599088539,22.308189479754986,15.0,33.0,72.5118865593151,170.9278363760951,2.1963841068273737,0
100.90107771609097,7.726738725947121,6.56890853304036,6.238840362975782,243.72930627515026,1322.5397443288407,0.11764705882352941,28.375543886884678,155.59291109751067,37527.78455735226,0.4408465814429469,2084.876919852903,70.63075440126367,23.884470049755706,7.274783289792247,94.51522445101938,16.0,26.0,147.96184565691448,95.76746061823579,11.590108088920681,0
9.754448202627435,1.0,1.0,1.0,233.80074129363575,1169.0037064681787,0.13333333333333333,40.79165600894774,155.86716086242382,47685.597067434865,0.38966790215605956,2649.1998370797146,6.828113741839204,2.6428115623635158,0.8542520232266259,9.47092530420272,14.0,17.0,128.90791155634156,104.89282973729419,1.5,0
47.037128952748084,4.609289099781019,3.1311155570608107,3.5455932297971193,337.6863177633737,1745.812936849859,0.08695652173913043,95.71991719087319,151.8098205956399,167109.06974602363,0.5819376456166196,9283.837208112423,32.925990266923655,11.368917168082286,2.9738760261005615,44.29490743500594,22.0,13.0,215.8609686113533,121.82534915202042,6.913933649671529,1
24.402067450282598,2.6957202903427926,2.5560342139445185,1.1431458406781934,300.63591991164895,1599.9627485101116,0.16666666666666666,37.793372908837945,266.6604580850186,60467.98879469195,0.5333209161700372,3359.3327108162193,17.081447215197816,1.4287196093796506,2.702805997110833,18.510166824577468,11.0,28.0,101.36177184686707,199.27414806478188,4.043580435514189,0
2.8225808908266243,1.0,1.0,1.0,97.49295881027946,482.9992568265861,0.16666666666666666,17.678160400819518,80.49987613776435,8538.538335657011,0.16099975227552868,474.36324086983393,1.975806623578637,0.7249579642628886,0.3465206864562401,2.7007645878415256,11.0,19.0,33.20873917093576,64.2842196393437,1.5,0
6.670269405705597,1.0,1.0,1.0,255.70185610019718,1289.8609392208762,0.125,52.85622573489946,161.23261740260952,68177.18097008807,0.4299536464069587,3787.6211650048926,4.669188583993918,1.6250126309052086,0.6550716988082826,6.294201214899127,15.0,17.0,128.8469143364385,126.8549417637587,1.5,0
16.779306307901344,1.2425895960156093,1.0,1.0,210.176013364909,1118.541630398131,0.2222222222222222,20.993293845736872,248.5648067551402,23481.873125637572,0.3728472101327103,1304.5485069798651,11.74551441553094,3.6465217941102037,1.2514531304647971,15.392036209641143,8.0,31.0,42.22966259901402,167.94635076589498,1.863884394023414,0
76.30595175264823,5.9062690958659,3.1095880527426476,3.6166570094220822,312.2883945088929,1614.5075784318055,0.08,74.05453416727282,129.16060627454445,119561.60663029905,0.5381691928106018,6642.311479461058,53.41416622685376,18.31385609809555,8.553044618829182,71.72802232494931,24.0,11.0,238.23386034162007,74.05453416727282,8.85940364379885,0
35.03920821007822,4.978153234070572,2.6841914176531345,3.1206318062836162,123.36138593537041,514.4077274244751,0.3333333333333333,18.167336031195838,171.46924247482502,9345.418041164234,0.17146924247482503,519.1898911757908,24.527445747054752,10.331533003202308,3.641126383223199,34.85897875025706,5.0,12.0,28.891238573152044,94.47014736221836,7.4672298511058575,0
4.948076975708983,1.0,1.0,1.0,219.47412583838207,1134.6647703415476,0.1111111111111111,49.27871359229897,126.07386337128307,55914.820240932815,0.3782215901138492,3106.3789022740452,3.463653882996288,0.7806987873217955,0.3321078624398514,4.244352670318084,17.0,18.0,109.321707220302,110.15241861808005,1.5,0
16.972943652517344,1.8832513309231167,1.2908125571432014,1.0,273.43033383058,1445.189293132393,0.08695652173913043,88.12290801171875,125.66863418542547,127354.28313822672,0.48172976437746434,7075.237952123706,11.88106055676214,1.133891227381948,1.5372087864327475,13.014951784144088,22.0,16.0,137.24038508519655,136.1899487453835,2.824876996384675,0
226.18827745927084,26.729481940941195,23.33217880273364,20.34350766639476,222.78278843045436,1142.715973163973,0.14285714285714285,48.254267846079884,163.2451390234247,55140.92264104819,0.380905324387991,3063.3845911693443,158.3317942214896,37.371390955050764,21.153061924188457,195.70318517654036,13.0,21.0,59.460651105260894,163.32213732519347,40.09422291141179,1
22.953444257117088,2.308064589694997,1.353397598621896,1.2463218487668588,301.1843096769005,1793.310505424619,0.06896551724137931,94.0385607267181,123.6765865810082,168640.33886623455,0.597770168474873,9368.907714790808,16.06741097998196,1.4141252930240051,3.4031183965804734,17.481536273005965,28.0,33.0,72.80494791201367,228.37936176488682,3.462096884542496,0
13.561153020574348,1.6195161250768566,1.3003523884001273,1.0,356.02249393645286,2102.985921258324,0.06896551724137931,43.48602051781013,145.0335118109189,91450.48892050533,0.700995307086108,5080.582717805852,9.492807114402043,1.6756513536422348,1.8297871638354029,11.168458468044278,28.0,31.0,256.6258756100297,99.39661832642317,2.429274187615285,0
36.23724904384952,2.4378777652942474,1.571002294115655,1.6743784066040894,152.91624893919658,649.5771411214016,0.14285714285714285,47.057794806167955,92.79673444591451,30567.66781766812,0.21652571370713386,1698.203767648229,25.366074330694666,7.128589745727903,4.473020166712307,32.494664076422566,13.0,5.0,109.47828450273384,43.43796443646273,3.656816647941371,0
50.20284485440064,6.790598612689115,6.10132780970243,5.743371191765727,444.65308253811264,2687.658477247977,0.07142857142857142,124.79375697826988,191.9756055177126,335402.99885027093,0.895886159082659,18633.49993612616,35.14199139808044,6.3961297569556645,6.972055754868047,41.53812115503611,27.0,38.0,84.13778460088857,360.5152979372241,10.185897919033671,1
11.618492189029132,1.0,1.0,1.0,131.54966814420243,586.6367495435,0.14285714285714285,17.88638794496296,83.8052499347857,10492.812485107112,0.19554558318116666,582.934026950395,8.132944532320392,2.5717394372008755,1.4354465918788222,10.704683969521268,13.0,8.0,106.78390022040756,24.76576792379487,1.5,0
36.711487950218995,3.307016519490497,2.9356625649685855,1.0823056018415371,263.4608395907568,1429.6082681155467,0.13333333333333333,39.91593417074549,190.61443574873957,57064.14952005363,0.4765360893718489,3170.2305288918683,25.698041565153297,9.379659688530728,5.152097029376334,35.077701253684026,14.0,28.0,98.09482659766832,165.36601299308845,4.960524779235746,0
13.535726590872688,1.0,1.0,1.0,133.41665021414676,667.0832510707338,0.2857142857142857,11.743586353165488,190.5952145916382,7833.949763699537,0.2223610836902446,435.2194313166409,9.47500861361088,2.099523774248314,0.7506279343125832,11.574532387859193,6.0,25.0,31.63890182004587,101.7777483941009,1.5,0
47.61715627263825,4.976997927794096,3.1966429270903505,4.447510094423644,337.66059092561215,1885.8217382908902,0.18181818181818182,39.123539341837784,342.87667968925274,73780.02096971656,0.6286072460969634,4098.890053873142,33.33200939084677,13.096360187044759,4.552515409365162,46.42836957789153,10.0,37.0,40.32169192764502,297.33889899796714,7.465496891691144,0
24.621789171091,2.8801234654201697,2.6057111250698095,1.6805261648051082,254.18218306075292,1259.2684334856633,0.1,67.69019797499409,125.92684334856634,85240.12956630523,0.4197561444952211,4735.562753683624,17.235252419763697,1.7225337923932404,3.070086792810877,18.957786212156936,19.0,11.0,168.67877509233932,85.5034079684136,4.320185198130255,0
35.81480632722422,5.161707373554324,3.0611520081693553,4.551357165469136,68.84594734328292,254.7602779821343,0.25,9.120652813309302,63.69006949553358,2323.580046097213,0.08492009266071143,129.08778033873406,25.07036442905695,9.312862883558868,3.879802915068371,34.383227312615816,7.0,5.0,53.21054252046697,15.635404822815948,7.742561060331486,0
8.076670692390664,1.0009710331412165,1.0,1.0,158.8423163269481,718.5330591485562,0.125,59.16893174123595,89.81663239356952,42514.83353058237,0.23951101971618538,2361.935196143465,5.653669484673465,2.0768616446874164,0.5453094770490483,7.730531129360881,15.0,7.0,95.72878913629643,63.11352719065168,1.5014565497118246,0
7.4966506373820145,1.0,1.0,1.0,134.27338843653348,658.8648269597157,0.18181818181818182,16.37697643116409,119.7936049017665,10790.21374244227,0.2196216089865719,599.4563190245706,5.24765544616741,0.978301468901891,0.6300875536188676,6.2259569150693,10.0,19.0,68.76548271187713,65.50790572465635,1.5,0
62.464398196816816,8.948755982406368,7.491049094287243,4.4640230172935835,312.33223337807226,1694.7973897368236,0.25,28.508717920420708,423.6993474342059,48316.50071627242,0.5649324632456079,2684.2500397929125,43.72507873777177,7.78798600883799,5.108178419682025,51.51306474660976,7.0,35.0,19.099706196602135,293.2325271814701,13.423133973609552,0
18.260209391735447,1.7866461539213947,1.5063535571184077,1.2408845801163555,275.27488398458775,1545.5886009459368,0.06896551724137931,75.41123836032052,106.59231730661634,116554.75039292836,0.5151962003153123,6475.263910718242,12.782146574214812,2.3057850296444524,1.3902354054497406,15.087931603859264,28.0,20.0,162.15802644410698,113.11685754048078,2.679969230882092,0
28.276800284629697,3.0007500313596753,2.479384706338513,1.3140051898664755,118.01053201279717,579.0647697163524,0.125,32.38324843925647,72.38309621454405,18751.99830014548,0.19302158990545082,1041.7776833414155,19.793760199240786,7.149744503273282,2.384117565958513,26.94350470251407,15.0,14.0,53.24403513428424,64.76649687851294,4.501125047039513,0
13.906070723583731,1.524242364579635,1.0788598635781006,1.0,177.4494845553338,1016.416532236193,0.1,30.113649140791985,101.6416532236193,30608.010832661203,0.33880551074539766,1700.4450462589557,9.734249506508611,3.5865615902347963,1.411262160340187,13.320811096743407,19.0,33.0,69.67431920934146,107.77516534599236,2.2863635468694525,0
59.05517219001857,5.3739009401657105,2.9561050049714193,1.6999919767605318,157.34647936274422,756.4203720329236,0.1111111111111111,25.816154016337094,84.04670800365818,19527.86482549696,0.2521401240109745,1084.8813791942755,41.33862053301299,7.8207127547469835,8.00120235534989,49.15933328775998,17.0,10.0,123.93733887101388,33.409140491730355,8.060851410248565,0
9.68548161899096,1.2963849496812854,1.2388057428269543,1.0,463.700287593221,2716.347472156278,0.08,84.96674344977801,217.30779777250223,230799.19878715547,0.905449157385426,12822.177710397526,6.779837133293671,1.919154810390748,1.202968452180113,8.698991943684419,24.0,33.0,222.96118115218331,240.73910644103768,1.944577424521928,1
17.069248515128,1.1695438376732459,1.0,1.0,207.69304554869106,1073.7574688078748,0.13333333333333333,42.78664255571881,143.16766250771664,45942.477009415925,0.3579191562692916,2552.35983385644,11.948473960589599,1.4463338808385038,2.2791709027604194,13.394807841428102,14.0,21.0,73.22074037357481,134.47230517511625,1.7543157565098688,0
51.58295947659591,5.441188196014232,3.827800249535233,3.434728380664305,114.01370954443163,593.949102914081,0.18181818181818182,14.332179204343777,107.99074598437836,8512.584981223834,0.19798303430469366,472.92138784576855,36.108071633617136,8.624396638889728,7.137037588746403,44.732468272506864,10.0,26.0,36.61994184097523,77.3937677034564,8.161782294021348,0
82.06907239720799,10.030754958830208,7.968556588331597,4.771127544063807,217.85385519815628,1216.7056119192396,0.1,26.614518862508824,121.67056119192397,32382.034458544942,0.4055685373064132,1799.001914363608,57.448350678045585,24.595954316529635,7.518761810820965,82.04430499457521,19.0,28.0,136.60953445997143,81.24432073818484,15.046132438245312,0
10.713330967044554,1.5041261399158,1.0,1.339327677610297,314.2635713151027,1782.6366459862547,0.06666666666666667,35.68857091575091,118.84244306575032,63619.7543572968,0.5942122153287516,3534.4307976276,7.499331676931187,0.9610906383273023,0.9063759587597381,8.460422315258489,29.0,21.0,260.11539475327373,54.14817656182896,2.2561892098736998,0
210.949924010911,29.19374805651128,16.531671859448572,13.86840537995567,374.4575784722672,2091.331533878462,0.08695652173913043,84.08800631622297,181.85491598943148,175855.89923008837,0.6971105112928206,9769.772179449354,147.66494680763768,60.51956292433371,11.763060999298116,208.1845097319714,22.0,25.0,175.7041089975584,198.75346947470882,43.790622084766916,1
29.250305920168135,2.95059620598306,2.073568692923654,1.6658630466440458,312.32712280195403,1639.0701009470479,0.08695652173913043,79.35527203141636,142.52783486496068,130068.85373921406,0.5463567003156826,7226.047429956337,20.475214144117693,7.489940989413308,4.184231755612318,27.965155133531002,22.0,15.0,196.90127257443933,115.4258502275147,4.4258943089745895,0
5.745897292733243,1.0,1.0,1.0,96.35873824415296,435.8847224549063,0.16666666666666666,12.440049964467864,72.64745374248437,5422.427726087241,0.14529490748496876,301.24598478262453,4.02212810491327,1.6838562473436038,0.32511609469369346,5.705984352256874,11.0,11.0,69.21681104895035,27.141927195202612,1.5,0
31.276357425599464,2.796849905863892,1.7400465965718115,1.276414915334628,210.62463458709905,1023.2104719298167,0.1,55.42247317083295,102.32104719298167,56708.85492864559,0.3410701573099389,3150.4919404803104,21.893450197919623,2.9679602470052715,3.881819799233243,24.861410444924896,19.0,9.0,152.285189144117,58.339445442982054,4.1952748587958375,0
12.684755810628143,1.2281098503415575,1.162106000012684,1.0,135.58659349571082,757.2460402740679,0.08695652173913043,28.31875159745838,65.84748176296243,21444.262512680292,0.25241534675802263,1191.3479173711273,8.8793290674397,1.3113452686134108,1.1138589417430682,10.19067433605311,22.0,25.0,68.65136244717281,66.93523104853799,1.8421647755123363,0
33.81424571725692,4.755181705383814,3.639519017351207,3.0228936422504327,308.35558793109544,1693.4435903499439,0.08695652173913043,97.11529616951788,147.25596437825598,164459.2758232065,0.5644811967833147,9136.626434622583,23.66997200207984,1.8333000427978807,4.898942909935327,25.503272044877722,22.0,22.0,105.2963323039217,203.05925562717374,7.132772558075721,0
19.078699490228583,2.7295971545589253,2.024636468426605,2.0489415595484695,483.8140743646536,2902.8844461879216,0.08,108.30619043526039,232.23075569503374,314400.3556403844,0.9676281487293072,17466.686424465803,13.355089643160008,4.4105270016716025,1.7544810608009143,17.76561664483161,24.0,39.0,122.79343958045231,361.02063478420126,4.094395731838388,1
21.957931719852635,3.0640406607958095,2.588317085384604,1.2790098955442493,261.23549165370855,1370.944924137459,0.14285714285714285,47.33579085147145,195.84927487677987,64894.76219785716,0.45698164137915304,3605.2645665476202,15.370552203896843,4.633643410890427,2.890999628083461,20.00419561478727,13.0,24.0,79.1747576095876,182.06073404412098,4.596060991193714,0
6.7267219724661915,1.0,1.0,1.0,442.8938207563249,2473.5453807251915,0.06896551724137931,125.14650124115745,170.58933660173736,309555.5500589845,0.8245151269083972,17197.53055883247,4.708705380726334,0.6357852727522593,0.5264701456372243,5.344490653478593,28.0,19.0,264.1131046975285,178.78071605879637,1.5,1
65.89571896870149,8.896475725373799,4.94732376530398,2.7576382322474347,130.39085308045009,521.5634123218003,0.2857142857142857,22.927385456935717,149.01811780622867,11958.085394536613,0.17385447077393346,664.3380774742562,46.12700327809104,16.32805252665092,5.265652554256069,62.45505580474196,6.0,9.0,53.96623489066436,76.42461818978572,13.3447135880607,0
5.016072010655014,1.0,1.0,1.0,183.59569358584042,900.8839822505836,0.15384615384615385,48.89374877535957,138.59753573085902,44047.59510390552,0.3002946607501945,2447.08861688364,3.5112504074585096,0.6260001515380278,0.5495204249020512,4.137250558996538,12.0,17.0,36.914447259761715,146.6812463260787,1.5,0
5.309417473236456,1.0,1.0,1.0,186.0982180343844,997.0308810859693,0.08,74.06301520443631,79.76247048687755,73843.11330516268,0.33234362702865644,4102.395183620149,3.716592231265519,0.44465783231521727,0.7953415170011227,4.161250063580736,24.0,16.0,81.17561316143293,104.92260487295145,1.5,0
31.212929592176536,3.179493491105044,1.8221126410874233,1.0745175150020954,140.37858602350292,701.8929301175147,0.2857142857142857,12.832135343450215,200.54083717643275,9006.785075878792,0.23396431003917156,500.37694865993285,21.849050714523575,4.858001157491675,3.176141623732548,26.70705187201525,6.0,25.0,29.166746380267746,111.21183964323518,4.769240236657566,0
137.4710152376022,17.583852340221302,11.404441041522947,9.124622601678192,102.3131931161946,480.9169966132008,0.125,25.516315369986632,60.1146245766501,12271.229752369225,0.1603056655377336,681.7349862427347,96.22971066632152,9.999980116692782,19.745080643952164,106.2296907830143,15.0,10.0,64.88926390688087,37.42392920931373,26.375778510331955,0
13.156136233662634,1.397284466860836,1.0356402907500037,1.2200696282174421,126.89344581717685,574.0103639715632,0.16666666666666666,23.28040088890348,95.66839399526052,13363.191387643388,0.19133678799052106,742.3995215357438,9.209295363563843,1.5236241628277047,1.6922077970965428,10.732919526391548,11.0,11.0,76.09984387775108,50.79360193942577,2.095926700291254,0
46.57979145195815,6.95661509780131,5.882434228511905,3.723293331579761,303.0609870425385,1623.6649986512873,0.18181818181818182,34.00627471312498,295.2118179365977,55214.797986221376,0.5412216662170958,3067.4887770122987,32.60585401637071,6.65314717127316,6.036108950441037,39.25900118764387,10.0,30.0,92.22208382116361,210.8389032213749,10.434922646701965,0
72.82127942142597,6.959627001087671,4.3240406734651256,4.285217769167346,176.35168010724004,838.5323997274456,0.13333333333333333,21.84809169841324,111.80431996365941,18320.332761335736,0.27951079990914857,1017.796264518652,50.97489559499817,19.14952374142062,6.815780389562054,70.1244193364188,14.0,12.0,135.77665266732973,40.5750274399103,10.439440501631505,0
53.389885865157666,6.481226279820195,4.9739484575739175,3.3258135038453545,117.95799719281776,533.5903085141103,0.2,17.00311648187618,106.71806170282207,9072.698169265666,0.17786343617137013,504.0387871814259,37.37292010561036,13.248016003312749,4.7332389551365885,50.62093610892311,9.0,13.0,65.05941258253631,52.898584610281446,9.721839419730292,0
13.825988600032304,1.7871350368860175,1.5053678455013366,1.1753608852527138,308.6581981414056,1714.4693863751588,0.125,41.73728764998637,214.30867329689485,71557.30194623563,0.5714897954583863,3975.4056636797573,9.678192020022612,2.2216783568524887,0.9566503030777354,11.8998703768751,15.0,31.0,130.57910416813039,178.07909397327518,2.6807025553290265,0
5.423513970243381,1.0,1.0,1.0,61.92329431480728,235.76395939950316,0.3333333333333333,8.587557307104277,78.58798646650105,2024.6365122930395,0.07858798646650106,112.47980623850219,3.796459779170367,1.2536114355646637,0.7939705913101641,5.050071214735031,5.0,8.0,31.008088009231884,30.915206305575396,1.5,0
1.420406248506148,1.0,1.0,1.0,189.7284273924942,948.6421369624711,0.2857142857142857,19.353315454986035,271.040610560706,18359.370530526772,0.31621404565415706,1019.9650294737096,1.0,0.27294868653515897,0.20729318061451615,1.272948686535159,6.0,25.0,21.999693449281907,167.72873394321232,1.5,0
14.652213272087023,1.5328480185940858,1.4327983408157956,1.1723665969899948,502.01949227671133,3012.116953660268,0.06896551724137931,127.74583420968925,207.73220370070814,384785.39298247884,1.0040389845534226,21376.966276804378,10.256549290460915,1.9811325517687586,1.8272302407851153,12.237681842229675,28.0,35.0,173.53020430893895,328.4892879677724,2.2992720278911287,1
82.57482419782683,7.527940427570346,5.5356379368740845,4.084560044333157,231.82117719813132,1148.487620744524,0.3333333333333333,19.19402626352166,382.82920691484134,22044.1015558999,0.38282920691484135,1224.6723086611055,57.80237693847877,19.113477785850367,6.575040606367311,76.91585472432914,5.0,25.0,32.203304057506045,199.61787314062528,11.29191064135552,0
5.212193676426687,1.0,1.0,1.0,395.2231662978422,2263.8068583546433,0.08333333333333333,81.50087355164334,188.6505715295536,184502.23650810475,0.7546022861182144,10250.124250450264,3.648535573498681,1.1512421765094951,0.38840200879745884,4.799777750008176,23.0,29.0,182.6121918152944,212.61097448254782,1.5,0
46.53719182149006,4.157695897854315,2.2359778632436913,2.137216997073487,149.12804785548713,700.9673992287771,0.2857142857142857,18.986049652430154,200.2763997796506,13308.601846492393,0.23365579974292572,739.3667692495774,32.57603427504304,9.529588794070014,6.9275740397396905,42.10562306911306,6.0,19.0,22.554383505952757,126.57366434953437,6.236543846781473,0
6.422561103543676,1.0,1.0,1.0,353.9018241055506,2131.3269544653253,0.07692307692307693,71.94992115256382,163.9482272665635,153348.80632411412,0.7104423181551085,8519.378129117451,4.495792772480573,1.3133423284702954,0.3638655847805917,5.8091351009508685,25.0,39.0,123.66207641734634,230.23974768820423,1.5,0
22.8120086313761,3.2422397890904167,2.238228790219725,2.349509111538681,229.6536221556696,1339.5443193885678,0.08,40.6401265696265,107.16354555108543,54439.250685575586,0.4465147731295226,3024.4028158653105,15.968406041963268,5.035648207578165,3.064940022913625,21.004054249541433,24.0,32.0,117.89327408919672,111.76034806647289,4.863359683635625,0
46.962524706317176,3.5300762575019586,2.8259973611536258,2.0098802193131124,426.07725826156025,2353.464134074633,0.07142857142857142,117.12195396578034,168.1045810053309,275642.31797120423,0.7844880446915443,15313.462109511347,32.873767294422024,6.862933269860511,4.01744674828749,39.736700564282536,27.0,18.0,261.23895268009164,164.83830558146863,5.295114386252938,1
9.103013165412019,1.0,1.0,1.0,170.6952961941653,868.4059765640365,0.07692307692307693,44.31431129002989,66.80045973569511,38482.81277158111,0.2894686588546788,2137.9340428656174,6.372109215788413,2.43295280484622,0.8364483155975341,8.805062020634633,25.0,8.0,138.7889920653438,31.906304128821525,1.5,0
24.64518672796025,1.6116990812506098,1.1897931183505719,1.0,290.6723531697917,1664.9481172972678,0.06896551724137931,36.697530517203845,114.82400808946674,61099.48434407757,0.5549827057657559,3394.4157968931986,17.251630709572176,2.2322861263163123,3.2826837870884544,19.483916835888486,28.0,24.0,225.14104867478483,65.53130449500686,2.417548621875915,0
12.205545479082753,1.4533422438496721,1.0,1.293993325423703,368.05654289348746,2044.4027699431776,0.2222222222222222,31.179960460053678,454.31172665403943,63744.39753125249,0.6814675899810592,3541.3554184029163,8.543881835357926,3.3073533289205432,0.7208631971936836,11.851235164278469,8.0,38.0,64.0519284079641,304.00461448552335,2.180013365774508,0
46.81381682832273,6.835699369732078,4.000584585979234,4.196002086398772,120.4684440492042,607.6903107300685,0.11764705882352941,25.637076891477317,71.49297773294924,15579.40322239251,0.20256343691002285,865.5224012440283,32.769671779825906,6.346570717256261,3.998694287055463,39.11624249708217,16.0,16.0,65.9896556548149,54.4787883943893,10.253549054598118,0
26.63911440812994,3.039395671874537,2.8147052828954733,1.244498828548379,355.0301112535084,2130.18066752105,0.07407407407407407,62.97515279564329,157.7911605571148,134148.45301946354,0.7100602225070167,7452.691834414642,18.64738008569096,2.1646385986143524,3.8680640842902436,20.81201868430531,26.0,37.0,170.94889538932028,184.0812158641881,4.559093507811806,0
21.494760533424905,2.4011292509993076,2.2425480283431805,1.0,282.0419794543599,1615.5140231621215,0.08,25.79413404297081,129.2411218529697,41670.785261742814,0.5385046743873738,2315.0436256523785,15.046332373397433,4.299099360191449,2.577363465881071,19.34543173358888,24.0,28.0,219.70615551718043,62.335823937179455,3.6016938764989614,0
130.32351710753574,13.729451298018994,11.490854226691981,7.040768172840081,201.95184359218914,1121.7594589929197,0.08695652173913043,32.69949978581705,97.54430078199302,36680.97318907723,0.37391981966430654,2037.8318438376239,91.22646197527501,18.76615213007737,16.354808571349707,109.99261410535239,22.0,24.0,127.6347986244231,74.31704496776604,20.59417694702849,0
44.46789067424877,2.6167385543438524,2.17741166544705,2.2266792193160594,78.27536170841552,305.8132745264637,0.3333333333333333,7.617665353678417,101.9377581754879,2329.583186055189,0.1019377581754879,129.42128811417717,31.127523471974136,11.28928271114219,5.591860824517643,42.41680618311633,5.0,9.0,47.80470029370184,30.470661414713668,3.9251078315157786,0
8.77211342350743,1.0785347020074942,1.0,1.0,101.37788392101487,539.5258086394789,0.3333333333333333,5.914253910574886,179.8419362131596,3190.8926236021157,0.17984193621315964,177.27181242233976,6.1404793964552,1.3833304189586555,0.4917384351339114,7.5238098154138555,5.0,34.0,18.578329172966463,82.79955474804841,1.6178020530112414,0
18.11903999934409,1.9968079760829582,1.2010060016031936,1.7316733802876874,275.70279797690023,1608.1440971967404,0.06896551724137931,98.04400744721526,110.90648946184416,157668.89184175248,0.5360480323989135,8759.38288009736,12.683327999540861,3.934379785647798,1.2741446510128243,16.61770778518866,28.0,28.0,72.61163969338288,203.09115828351733,2.9952119641244375,1
18.33701065998663,2.129801189184456,1.520945019933537,1.5710520981840372,260.0260437635182,1275.9193487564967,0.10526315789473684,71.74251452300574,134.3072998691049,91537.66240834698,0.4253064495854989,5085.42568935261,12.835907461990638,2.3299830428933395,1.8176804893614236,15.165890504883977,18.0,11.0,164.3693577328439,95.65668603067432,3.1947017837766842,0
22.11781709589081,3.093864790728362,2.6234343754735474,1.9642503186526714,169.9820616881324,825.7696251935498,0.2222222222222222,18.996279051152484,183.50436115412217,15686.55023214227,0.27525654173118325,871.4750128967928,15.482471967123566,2.2640481850721406,1.9201588053645433,17.746520152195707,8.0,20.0,70.25159666958186,99.73046501855055,4.640797186092543,0
415.4703001382362,50.0,38.43130680008346,32.72058439146757,260.4020955284033,1265.028431168378,0.2,38.460515503762466,253.0056862336756,48653.64558965171,0.4216761437227926,2702.980310536206,290.82921009676534,61.07922684607669,37.845700382751566,351.90843694284206,9.0,19.0,89.46647106723682,170.9356244611665,75.0,1
31.34398150864435,4.0148983977671975,2.044748275597497,2.502868411557741,211.61007867847846,1148.2523116727655,0.125,26.807908956693034,143.53153895909568,30782.243430635812,0.3827507705575885,1710.1246350353229,21.940787056051043,6.322142462202016,4.016566293994385,28.26292951825306,15.0,27.0,111.52721857349113,100.08286010498733,6.022347596650796,0
1.7452833415847666,1.0,1.0,1.0,339.46806978928015,1864.3087701773163,0.06896551724137931,60.65291994245536,128.57301863291838,113075.77058558218,0.6214362567257721,6281.987254754566,1.2216983391093366,0.37390371714273946,0.08982610952233087,1.595602056252076,28.0,16.0,265.8180955734415,73.64997421583865,1.5,0
10.47133196354596,1.5601603480858806,1.4391044273676876,1.0,338.4155555783964,2007.0537710808837,0.07142857142857142,42.00666597538483,143.36098364863454,84309.63735643117,0.6690179236936279,4683.868742023954,7.329932374482172,2.0372150821449133,1.2151896201524612,9.367147456627086,27.0,33.0,232.6209894181679,105.79456616022846,2.3402405221288207,0
1.9761559040123988,1.0,1.0,1.0,281.1669790080196,1464.7262650970522,0.1111111111111111,56.23812402406731,162.74736278856133,82373.45735783692,0.48824208836568406,4576.303186546495,1.383309132808679,0.5869458306636816,0.09882957872321808,1.9702549634723607,17.0,19.0,148.84198130433182,132.32499770368779,1.5,0
13.520973758041015,1.0,1.0,1.0,307.9082232624439,1771.9771858663973,0.09523809523809523,52.013403526400296,168.75973198727593,92166.56440804414,0.5906590619554658,5120.364689335785,9.464681630628709,3.0121017569122506,0.7613099548557657,12.476783387540959,20.0,33.0,131.06265127268293,176.845571989761,1.5,0
1.8500778593287495,1.0,1.0,1.0,314.30633930172297,1808.797623898236,0.06896551724137931,92.96897581374293,124.74466371711972,168162.06254815077,0.602932541299412,9342.336808230599,1.2950545015301245,0.5233498526032423,0.16804000402472072,1.8184043541333668,28.0,25.0,141.64966993334323,172.65666936837974,1.5,0
7.057503906838146,1.0,1.0,1.0,314.8744834858022,1640.3239377457896,0.1111111111111111,65.35419888846427,182.25821530508773,107202.05686894721,0.5467746459152633,5955.669826052623,4.940252734786702,0.560953691271557,0.9463749417391357,5.501206426058259,17.0,19.0,161.09989786588633,153.7745856199159,1.5,0
3.2385774166143513,1.0,1.0,1.0,267.37548164670494,1485.160869566726,0.06896551724137931,84.42827791170653,102.42488755632593,125389.57463937128,0.49505362318890866,6966.087479965071,2.2670041916300456,0.21161911695206514,0.2088868720168946,2.4786233085821108,28.0,18.0,152.79424733796037,114.58123430874458,1.5,0
31.84856141712773,1.7736063782912748,1.291400959491587,1.1056749823404741,304.4952851722172,1691.3461164060009,0.07407407407407407,86.927197056939,125.28489751155561,147023.9771523129,0.5637820388020003,8167.99873068405,22.29399299198941,4.068611537713647,3.358817472045038,26.362604529703056,26.0,20.0,164.07442838793116,140.42085678428606,2.660409567436912,1
20.09854119674199,1.1399044054273963,1.0,1.0,213.57153452994763,1003.8801235689075,0.2857142857142857,27.02370716819079,286.82289244825927,27128.56249129334,0.3346267078563025,1507.142360627408,14.068978837719392,1.691236661081552,2.368623585195308,15.760215498800944,6.0,19.0,33.41348674200901,180.1580477879386,1.7098566081410946,0
28.891711913811253,3.5566730485221725,3.2642942667118864,3.0451670641131168,165.51104604859748,804.0495161877709,0.09523809523809523,39.04457312773995,76.57614439883532,31393.77013311735,0.26801650539592364,1744.0983407287415,20.224198339667876,5.242896101218321,2.10774539211539,25.467094440886196,20.0,8.0,130.37093023363153,35.14011581496596,5.3350095727832585,0
17.71724277947669,1.773791222096388,1.224489007916576,1.2793266175707652,208.71306310060658,1125.4470865189237,0.18181818181818182,23.605102622065687,204.62674300344068,26566.293972984033,0.37514902883964124,1475.9052207213351,12.40206994563368,3.184591355641102,1.793570090562081,15.586661301274782,10.0,31.0,57.64040631938617,151.0726567812204,2.660686833144582,0
3.7691243242857366,1.0,1.0,1.0,251.9312545646613,1391.5578932550777,0.10526315789473684,67.18626197010539,146.4797782373766,93493.5731628036,0.4638526310850259,5194.087397933534,2.6383870270000154,0.7303122818781572,0.5319769522350207,3.3686993088781727,18.0,27.0,42.907328435444526,209.02392612921676,1.5,0
37.196908132445806,2.2527081596044067,1.2005106892939312,1.4845963246099025,272.66658394293006,1441.152567781552,0.3333333333333333,16.719460036957507,480.38418926051736,24095.292764182355,0.48038418926051735,1338.6273757879087,26.03783569271206,8.789888661874961,3.7651771467062813,34.82772435458702,5.0,33.0,45.28192744030795,227.38465650262208,3.3790622394066103,0
201.67741638355,24.85150300253429,12.95688535996138,13.863781253880262,161.22558364997968,826.9716481128809,0.09090909090909091,33.425566554097756,75.17924073753463,27641.99586234901,0.27565721603762694,1535.666436797167,141.174191468485,59.05768691803471,13.256721683065745,200.2318783865197,21.0,13.0,116.65816157784933,44.56742207213034,37.27725450380144,1
32.82055822916256,2.6946328499481815,1.8985647720679346,1.5607408750174565,155.77420110180498,740.6888019784712,0.125,34.43810205057696,92.5861002473089,25507.91655025418,0.24689626732615708,1417.106475014121,22.97439076041379,8.847263042119783,3.7015494796115576,31.821653802533575,15.0,11.0,100.67323782088184,55.10096328092314,4.041949274922272,0
12.047901324409231,1.0,1.0,1.0,117.55218854745138,587.7609427372569,0.08333333333333333,58.70319751775447,48.98007856143807,34503.446714726764,0.1959203142457523,1916.8581508181535,8.433530927086462,0.9589142718327902,1.3158719995244577,9.392445198919253,23.0,8.0,71.61055570746962,45.94163283998176,1.5,0
3.619440256745216,1.0,1.0,1.0,62.38578782075183,254.99958953945108,0.25,16.86862391680341,63.74989738486277,4301.492174880237,0.08499986317981703,238.9717874933465,2.533608179721651,0.48727953098622023,0.1907281271096862,3.0208877107078713,7.0,9.0,14.18971948702779,48.196068333724035,1.5,0
6.755247667670742,1.0,1.0,1.0,90.2705974364241,419.2036726598004,0.125,23.126839649390202,52.40045908247505,9694.856118038664,0.1397345575532668,538.6031176688147,4.7286733673695185,0.7697993567066017,0.3989611481965637,5.49847272407612,15.0,9.0,59.434811237237156,30.835786199186938,1.5,0
34.592869876232335,2.983325911212556,2.516567376667491,1.0,209.66180532771267,973.6392724304418,0.2,39.63701559771885,194.72785448608838,38592.15502787705,0.3245464241434806,2144.008612659836,24.215008913362635,3.2587984561955143,2.2719951955528526,27.47380736955815,9.0,15.0,68.73019431360122,140.93161101411147,4.474988866818833,0
72.80186930644012,8.310242166452731,5.215516809207727,4.058724146952154,317.81828405262144,1829.0084708534703,0.09090909090909091,82.45796458889113,166.2734973503155,150816.31572241738,0.6096694902844901,8378.684206800965,50.96130851450808,13.554340784887293,4.632303426577459,64.51564929939538,21.0,32.0,58.6646810589636,259.15360299365784,12.465363249679097,1
27.468486707275268,2.118428808103577,1.695333723814787,1.0,358.0655207376417,1988.9067496594525,0.07407407407407407,72.43905384687298,147.32642590070017,144074.5231349902,0.6629689165531508,8004.140174166121,19.227940695092688,5.172758303574929,2.086137542328356,24.400698998667615,26.0,20.0,241.0485876003853,117.01693313725636,3.177643212155366,0
52.45023145212632,6.791414691236421,5.721319798628726,2.933832041494858,293.8985858028038,1623.3670474793248,0.16666666666666666,39.753465667057924,270.56117457988745,64534.46618700253,0.541122349159775,3585.2481215001408,36.71516201648842,5.602272527363173,5.004304503341133,42.31743454385159,11.0,34.0,40.921986103344246,252.97659969945954,10.187122036854632,0
46.95613616397705,3.424599993761501,2.5112825017493456,1.0504734101078914,124.34057581735229,562.4622983615975,0.13333333333333333,57.10918190185709,74.99497311487967,32121.761710069088,0.18748743278719918,1784.5423172260605,32.86929531478393,10.704792863239247,4.093242918050269,43.57408817802318,14.0,8.0,50.91448480067889,73.4260910166734,5.1368999906422514,0
36.88633914628926,2.4302110674220643,1.6242517343584248,1.0603430069715802,70.31731422793489,313.57525440570714,0.125,19.860384464309377,39.19690680071339,6227.725110990967,0.10452508480190238,345.98472838838705,25.82043740240248,8.602948308397282,5.129598352810028,34.423385710799764,15.0,6.0,51.780955394579465,18.53635883335542,3.6453166011330964,0
9.114182216609034,1.1688386459933238,1.0,1.0,42.80386676598717,167.23002452371531,0.25,12.259139742320952,41.80750613092883,2050.096239747986,0.0557433415079051,113.89423554155479,6.379927551626324,0.5035129847854478,1.0135967802134813,6.883440536411771,7.0,7.0,14.782975926396425,28.02089083959075,1.7532579689899856,0
24.74709762273918,2.989182200141042,2.9560726540209163,1.0,354.72689939915006,2002.027606853489,0.08,73.17242282369031,160.16220854827912,146493.21055338433,0.6673425356178296,8138.51169741024,17.322968335917423,3.6858185133787726,3.405557857148668,21.008786849296197,24.0,25.0,196.18664994782102,158.540249451329,4.483773300211563,0
7.256855696319457,1.0,1.0,1.0,209.92469720765763,974.8601045143657,0.13333333333333333,53.40416435975644,129.98134726858208,52061.58924925453,0.32495336817145526,2892.310513847474,5.07979898742362,1.9777483304733323,0.7453076175372366,7.057547317896952,14.0,10.0,126.00386749946895,83.92082970818869,1.5,0
20.510044536804383,1.2639227833287168,1.0,1.0,147.1670842907231,766.6600625681068,0.13333333333333333,15.33330570365051,102.22134167574757,11755.433110136608,0.2555533541893689,653.0796172298116,14.357031175763067,3.6934416839425177,1.2098269624784128,18.050472859705586,14.0,22.0,96.78622269301428,50.380861597708815,1.8958841749930753,0
29.875425035503504,3.9985241635670388,2.9274532956311368,1.4323571921315963,151.95010417603814,730.4780812178426,0.10526315789473684,79.96437613272415,76.89242960187816,58412.22404321419,0.24349269373928087,3245.123557956344,20.91279752485245,4.0901533323120685,2.877862197222567,25.00295085716452,18.0,9.0,63.10079736190017,88.84930681413796,5.997786245350558,0
150.58693654347664,19.223905463005124,10.34456032656743,12.630218666448009,141.8258703082019,695.9240292293093,0.11764705882352941,41.89159239986817,81.87341520344816,29153.36577374817,0.23197467640976976,1619.6314318748982,105.41085558043365,17.07942546288614,19.9080831239762,122.49028104331978,16.0,13.0,68.5155836084326,73.3102866997693,28.835858194507686,1
4.171691673977727,1.0,1.0,1.0,227.31323699884524,1241.0010734062892,0.1,44.44950401976091,124.10010734062892,55161.88220090045,0.4136670244687631,3064.549011161136,2.920184171784409,0.46238458984087266,0.28955869063676,3.3825687616252815,19.0,24.0,110.34085799947442,116.97237899937082,1.5,0
35.79503358794682,4.145771512847041,2.7542378885598127,3.5930629414548494,273.82420266879126,1520.980863463586,0.13333333333333333,29.471581594208217,202.79744846181148,44825.71162079634,0.5069936211545287,2490.3173122664634,25.056523511562773,2.682551710070598,2.1162534965624853,27.73907522163337,14.0,32.0,134.8867465818097,138.9374560869816,6.218657269270562,0
118.80504946605664,7.415338183755581,4.157862141915616,2.236485246591349,157.54896347979638,865.2357629100507,0.13333333333333333,22.99739576946659,115.36476838800675,19898.169273538795,0.2884119209700169,1105.453848529933,83.16353462623965,30.21290875963362,9.854103511714275,113.37644338587327,14.0,30.0,55.70335364358719,101.84560983620919,11.123007275633372,0
49.92976505464007,5.028165301507586,3.6862906343939836,3.9080257664140827,363.9398542929443,2010.2443334654397,0.08333333333333333,91.65850398584244,167.52036112211997,184255.9882514592,0.67008144448848,10236.443791747733,34.95083553824805,3.578184225625921,4.4382459841441415,38.52901976387397,23.0,22.0,180.6228463212594,183.3170079716849,7.542247952261379,0
54.5727422218705,2.830853451128889,1.4202165106002036,1.449858865281531,249.37413524499857,1211.454809696576,0.3333333333333333,23.10377149096685,403.8182698988586,27989.17509486242,0.40381826989885866,1554.9541719368012,38.20091955530935,6.716468838638241,4.399969233890371,44.91738839394759,5.0,23.0,27.577928931716812,221.79620631328177,4.246280176693334,0
40.659555752941046,3.625213638675709,2.5408854946292028,1.2260139811172064,159.88191230398718,826.5774956987906,0.06896551724137931,65.03718597484902,57.00534453095107,53758.27431038721,0.27552583189959684,2986.570795021512,28.46168902705873,2.497266597345902,2.5828608139643703,30.95895562440463,28.0,7.0,122.71780603264489,37.1641062713423,5.437820458013563,0
95.39263628916387,5.483577219205851,3.031692362836981,2.6189012505626765,204.1143372008362,981.2500636049652,0.13333333333333333,62.52587612717973,130.83334181399536,61353.51992675129,0.32708335453498844,3408.528884819516,66.77484540241471,23.404263026180782,7.162459364984033,90.1791084285955,14.0,13.0,79.06258494647673,125.05175225435944,8.225365828808776,0
5.4467886597571855,1.0,1.0,1.0,316.0812547637887,1704.41045707655,0.2857142857142857,25.05527769348413,486.9744163075857,42704.477305731176,0.5681368190255167,2372.4709614295098,3.8127520618300297,0.3258319117044561,0.6439642394017231,4.138583973534486,6.0,35.0,15.417922441979162,300.66333232180955,1.5,0
3.807177118838411,1.0,1.0,1.0,298.9960677323224,1622.4318241304222,0.09090909090909091,58.61700858491934,147.49380219367475,95102.1001634993,0.540810608043474,5283.450009083294,2.6650239831868876,0.48379808303183736,0.3372886776157796,3.1488220662187247,21.0,21.0,176.1794783163009,122.81658941602147,1.5,0
19.93344613943998,1.882484806338328,1.8036546286717816,1.3114335304618117,310.0892865594293,1800.7985445782324,0.06896551724137931,99.79482734562234,124.19300307436086,179710.3798404327,0.6002661815260775,9983.90999113515,13.953412297607985,3.8536203690982758,2.2575613354556645,17.80703266670626,28.0,27.0,110.49963186818464,199.58965469124468,2.823727209507492,1
1.501711527108233,1.0,1.0,1.0,294.0714573088021,1659.6970145683563,0.16666666666666666,29.36650121982087,276.61616909472605,48739.49440285469,0.553232338189452,2707.7496890474827,1.0511980689757632,0.22884633030810983,0.1556229331889794,1.280044399283873,11.0,38.0,85.8362668409814,208.23519046782073,1.5,0
87.95057113420701,7.577964931430299,5.832374131173787,3.3914562592749578,86.24274207874491,378.80549862068625,0.16666666666666666,32.02544696521707,63.13424977011437,12131.415406209397,0.12626849954022876,673.9675225671887,61.565399793944906,10.604003951515486,9.22648052105009,72.16940374546039,11.0,9.0,28.014656687441136,58.22808539130377,11.366947397145449,0
86.9087080181592,10.919938797095744,6.9776124305598115,5.384210599420833,278.2019660106243,1518.8246096054609,0.08,28.093825936087548,121.50596876843687,42669.59420970194,0.5062748698684869,2370.533011650108,60.83609561271144,10.32451708725628,6.505547496880715,71.16061269996771,24.0,19.0,231.3789227838117,46.82304322681258,16.379908195643615,0
11.94101764101739,1.0375721860749147,1.0,1.0,99.06431309902251,435.1219084004468,0.14285714285714285,43.05498812617426,62.160272628635255,18734.16859961952,0.14504063613348225,1040.7871444233067,8.358712348712173,2.9786579115141913,1.2198263375343261,11.337370260226365,13.0,7.0,46.07355848219265,52.990754616829854,1.5563582791123722,0
12.87226869701679,1.5642019887069074,1.1235907845906385,1.0,291.3300864361539,1644.2251116002928,0.07407407407407407,30.181522900252293,121.79445271113279,49625.21785893412,0.5480750372000976,2756.9565477185624,9.010588087911751,3.7779403710937363,0.6739851845184756,12.788528459005487,26.0,23.0,235.61035185107275,55.719734585081156,2.3463029830603612,0
18.41532189558003,1.6011730577073264,1.015985179124965,1.4407255666330225,324.0284604729711,1712.62074395836,0.2857142857142857,24.83397694649366,489.3202125595314,42531.184073548735,0.5708735813194533,2362.8435596415966,12.890725326906018,2.523088181078196,1.7158360939105888,15.413813507984214,6.0,32.0,50.854714061540854,273.1737464114303,2.4017595865609898,0
21.37933455637322,1.9738244895257855,1.6781392446582821,1.5134614724077442,235.56885711751517,1107.277212352272,0.10526315789473684,67.72165655601513,116.55549603708126,74986.6470872224,0.369092404117424,4165.924838179022,14.965534189461252,1.2781929857757173,2.2931962189778754,16.24372717523697,18.0,7.0,175.37182906772392,60.19702804979123,2.960736734288678,0
23.397020917317423,2.4891906017635366,1.4020253544557837,2.2029194423026,153.45857744248366,753.0044504679846,0.09090909090909091,36.36843747086402,68.45495004254406,27385.595272127222,0.2510014834893282,1521.4219595626234,16.377914642122196,1.3837336135152194,1.5956665818340987,17.761648255637414,21.0,8.0,122.28563103888594,31.172946403597734,3.733785902645305,0
39.24713815234117,5.6935114388973425,2.9978409656420637,4.075794879243659,167.59635470585732,852.6402268950606,0.3333333333333333,11.077626116553386,284.21340896502016,9445.229645476727,0.2842134089650202,524.7349803042626,27.47299670663882,9.411595356088512,2.9692756215081464,36.884592062727336,5.0,28.0,39.09589175383806,128.50046295201926,8.540267158346014,0
16.327460382922894,1.0,1.0,1.0,269.3208143282517,1512.158227433959,0.14285714285714285,36.97180247155816,216.02260391913697,55907.21529042986,0.5040527424779863,3105.956405023881,11.429222268046026,3.0710721139074466,1.1748114220323633,14.500294381953472,13.0,35.0,64.55390833192953,204.76690599632212,1.5,0
62.29193506313175,3.319622987169065,2.7651298133277233,1.772169146800848,184.998250531679,984.5473870095534,0.08,76.19966162392333,78.76379096076427,75022.17774284586,0.3281824623365178,4167.8987634914365,43.604354544192226,15.317472486103386,3.5541159099147035,58.92182703029561,24.0,15.0,83.39870169978121,101.59954883189778,4.979434480753597,0
34.299724859485046,3.800262656077445,2.847396434375015,2.254120804650568,160.10933305636962,793.2130670863697,0.07692307692307693,44.77947181183306,61.0163897758746,35519.66217837174,0.26440435569545656,1973.3145654650968,24.00980740163953,7.6959751287771345,2.908127283520514,31.705782530416666,25.0,5.0,138.61518658668976,21.49414646967987,5.700393984116167,0
9.695325527288428,1.4049467997807121,1.0310832703881316,1.0,164.1164049131959,854.956757929972,0.08333333333333333,71.97240999569874,71.24639649416433,61533.29831032931,0.28498558597665735,3418.5165727960725,6.7867278691019,2.684408644916703,1.4339054549467185,9.471136514018603,23.0,13.0,76.4978188314757,87.61858608172021,2.1074201996710684,0
99.69696162869157,14.852086998368163,11.119842040276573,11.837050181511156,170.87908416085077,838.4849710550752,0.2222222222222222,16.73240514591313,186.32999356779447,14029.870244452763,0.27949499035169173,779.4372358029312,69.78787314008409,27.063345669994114,8.51292821186941,96.8512188100782,8.0,21.0,78.85085585832857,92.02822830252221,22.278130497552244,0
3.935711255646041,1.0,1.0,1.0,45.4592919923512,189.56183822677156,0.15384615384615385,12.219628842842425,29.163359727195626,2316.3753058980874,0.06318727940892385,128.68751699433818,2.7549978789522287,0.9724428138024014,0.378039479402401,3.72744069275463,12.0,5.0,33.23966314950877,12.219628842842427,1.5,0
17.9825353222476,1.74085619459815,1.2124125908028736,1.0,128.27433718014328,595.6875747032584,0.1111111111111111,15.025389214998581,66.18750830036204,8950.437660455,0.19856252490108614,497.2465366919444,12.587774725573318,3.0354032299141345,2.07354322199564,15.623177955487453,17.0,7.0,114.13279438955638,14.1415427905869,2.611284291897225,0
64.09080342281874,7.338164795707966,5.502488393276492,5.613080845917941,140.36994063668243,741.9115957026835,0.2222222222222222,10.874355341990046,164.8692434894852,8067.810324013836,0.24730386523422782,448.21168466743535,44.86356239597311,8.141557425920395,7.360814360172863,53.00511982189351,8.0,30.0,56.09368673625958,84.27625390042286,11.007247193561948,0
8.434346802929454,1.0,1.0,1.0,373.7904685048268,2098.725023150487,0.14285714285714285,52.691563174958695,299.81786045006953,110585.10214420053,0.6995750077168289,6143.616785788919,5.904042762050618,1.4908272810672953,1.2228917089303546,7.394870043117913,13.0,35.0,81.96027245890164,291.8301960459251,1.5,0
29.121210042446002,3.3026016532410334,2.7938396898074482,1.823886115344224,385.61084708603164,2105.216051070993,0.14285714285714285,60.96234991348406,300.74515015299903,128338.91754887303,0.7017386836903311,7129.939863826279,20.3848470297122,5.111293685399564,3.9533910478655576,25.496140715111764,13.0,30.0,94.86733211403069,290.7435149720009,4.95390247986155,0
38.5519821527731,5.297040133125738,4.5321665032501315,3.7115573239151143,222.3903002472167,1279.8311594950885,0.07407407407407407,67.89003884220229,94.80230811074729,86887.78712958234,0.42661038649836286,4827.099284976797,26.986387506941167,7.809432124902543,4.988436379584631,34.79581963184371,26.0,27.0,76.16560120247331,146.22469904474337,7.945560199688607,0
7.1518521021121275,1.0,1.0,1.0,349.13329559851564,2036.4561135090087,0.08695652173913043,65.19858253492082,177.0831403051312,132774.05199536117,0.6788187045030029,7376.33622196451,5.006296471478489,0.6903281754421355,1.0381823226165807,5.6966246469206245,22.0,34.0,141.68326026013122,207.45003533838442,1.5,0
18.412443928469838,1.8354949077992386,1.2972732157317737,1.1337464961311543,113.21020404052601,560.8655751557193,0.11764705882352941,23.705063965985985,65.98418531243756,13295.354335385846,0.18695519171857308,738.6307964103248,12.888710749928885,3.9385132681943555,1.3455176685075545,16.82722401812324,16.0,14.0,68.76320910430228,44.446994936223724,2.7532423616988577,0
16.646423753044882,1.6011603377510089,1.0997547121312279,1.0,210.19872894701342,999.4713092408006,0.13333333333333333,41.40715915392812,133.26284123210675,41385.267571518736,0.33315710308026686,2299.181531751041,11.652496627131416,2.732514305242728,1.8594957478790628,14.385010932374144,14.0,12.0,133.29971908971834,76.89900985729507,2.4017405066265134,0
10.359609859794482,1.1805829510135508,1.0,1.0,213.0085356783857,1169.8115862099926,0.125,22.889984316404657,146.22644827624907,26776.968861495185,0.3899371954033309,1487.6093811941769,7.251726901856137,2.1242505160064002,1.4370817302009875,9.375977417862536,15.0,29.0,121.44859841276707,91.55993726561863,1.7708744265203262,0
317.9867840931099,30.39019679203854,22.08385001280892,20.293203133281672,286.71385531941405,1504.6535298162364,0.16666666666666666,36.48997018116525,250.77558830270607,54904.7624359795,0.5015511766054122,3050.264579776639,222.59074886517692,34.947130978001844,35.7461077827205,257.53787984317876,11.0,26.0,107.58127443005736,179.13258088935666,45.58529518805781,1
8.038740171818144,1.0,1.0,1.0,209.7611487252695,1058.1179050996234,0.14285714285714285,58.452978178494185,151.1597007285176,61850.14281706227,0.3527059683665411,3436.119045392348,5.6271181202727005,1.2749339295520503,1.187659931988887,6.902052049824751,13.0,19.0,29.905831252979713,179.85531747228978,1.5,0
67.08204033137548,3.463485332696951,2.93766118346021,2.582105542497236,92.72889041639712,430.61963173112787,0.18181818181818182,16.639412133980144,78.2944784965687,7165.25752535699,0.14353987724370929,398.0698625198328,46.95742823196284,6.879283602970792,4.0272884967318445,53.83671183493363,10.0,14.0,42.810654014456695,49.91823640194043,5.195227999045426,0
12.536429674863617,1.0,1.0,1.0,276.7539898084198,1545.6606550049896,0.08333333333333333,89.60626757880325,128.80505458374913,138500.8822384054,0.5152202183349965,7694.493457689189,8.775500772404532,3.3701218691749606,1.1775850789721238,12.145622641579493,23.0,24.0,81.95775594145621,194.7962338669636,1.5,1
5.452294740379092,1.0,1.0,1.0,100.86125729865088,563.3063397885531,0.09523809523809523,21.098758331699283,53.64822283700506,11885.064329912762,0.1877687799295177,660.2813516618202,3.816606318265364,0.9377415968664198,0.8055018012421418,4.754347915131784,20.0,27.0,41.78473396989288,59.07652332875799,1.5,0
22.72298782948316,3.005463845262534,2.9618728208423226,2.208155471428323,99.8534006503057,463.70483267997764,0.1,39.614825283702665,46.37048326799777,18369.58592982589,0.15456827755999256,1020.532551656994,15.90609148063821,2.4142118834600645,1.9986413608396918,18.320303364098276,19.0,5.0,74.83351099744085,25.01988965286484,4.508195767893801,0
43.768398487722166,3.408363394358387,2.7875926789054906,2.0747116950063136,99.04821492566218,413.0236277667503,0.16666666666666666,13.605372295322056,68.83727129445838,5619.340222531154,0.13767454258891676,312.18556791839745,30.637878941405514,2.639329578479933,5.425339737334276,33.27720851988545,11.0,6.0,81.73228654979775,17.315928375864434,5.11254509153758,0
60.61918881581537,6.199181536423079,6.086201881170697,2.276783012218645,187.82970879513965,1025.4434511156214,0.09523809523809523,46.18978385567029,97.6612810586306,47365.01136324316,0.3418144837052071,2631.3895201801756,42.433432171070756,13.27164186648577,3.215259360894288,55.70507403755653,20.0,23.0,76.97422754153096,110.8554812536087,9.298772304634618,0
130.93724109356015,11.063700420703679,6.406822351884551,7.644525362880024,115.63756450274774,555.910814887038,0.2,14.444838101368239,111.1821629774076,8030.041719842952,0.185303604962346,446.113428880164,91.6560687654921,13.573108720961734,15.644867534588306,105.22917748645384,9.0,18.0,54.64824807474851,60.98931642799923,16.595550631055517,0
500.0,30.240199476979452,15.913567506674942,20.130298463415855,241.88817744619698,1220.1792998519302,0.09523809523809523,46.02867619369015,116.20755236685049,56163.237891128054,0.40672643328397673,3120.1798828404476,350.0,148.6977740398473,71.73133662637893,498.69777403984733,20.0,12.0,182.05089839439978,59.837279051797196,45.360299215469176,1
27.12937378811451,3.9562724641881695,3.123724743864036,2.4108935720846207,123.1932359957269,549.371811801591,0.3333333333333333,12.565135173788807,183.123937267197,6902.931075956256,0.183123937267197,383.4961708864587,18.990561651680157,4.976207919714847,2.394726875603759,23.966769571395005,5.0,16.0,37.75031681396301,85.44291918176388,5.934408696282254,0
9.063808458710094,1.2278504483968224,1.2177165110666521,1.050895984886239,250.75361833013028,1443.058864250335,0.08333333333333333,49.02037093146241,120.25490535419459,70739.28080148628,0.48101962141677834,3929.9600445270157,6.344665921097065,1.1079984586768918,0.47249618805263044,7.452664379773957,23.0,30.0,118.61174886270989,132.1418694674204,1.8417756725952337,0
34.58600747922812,2.0007743319289237,1.4181540958051948,1.2257700280912214,269.66000707100784,1444.7175114486047,0.2,31.618440487875375,288.9435022897209,45679.71465752912,0.48157250381620154,2537.7619254182846,24.210205235459686,7.415909534979273,1.825829244318006,31.62611477043896,9.0,31.0,44.8177636016718,224.842243469336,3.001161497893386,0
14.593036450829114,1.7800399983456736,1.0787428322164203,1.591905914184119,370.68169316509886,2035.7294043614747,0.16666666666666666,49.916858189056974,339.28823406024577,101617.21598880515,0.6785764681204915,5645.400888266953,10.215125515580379,1.7337254162230509,2.031384684064556,11.94885093180343,11.0,33.0,62.104751632746655,308.5769415323522,2.6700599975185106,0
61.01741747676503,5.1717136869098175,3.9344883689973473,3.131665481881222,177.46612201902417,962.9781630654927,0.08333333333333333,56.862035696800795,80.24818025545773,54756.898683469706,0.3209927210218309,3042.049926859428,42.71219223373552,15.563625633075667,7.4594775678762195,58.27581786681119,23.0,19.0,78.57562515502278,98.89049686400139,7.757570530364726,0
4.235082652155415,1.0,1.0,1.0,201.56588588152638,1007.8294294076319,0.07407407407407407,38.33640689450186,74.65403180797273,38636.559086024616,0.3359431431358773,2146.4755047791455,2.9645578565087907,0.5381054206233433,0.2569366981136883,3.502663277132134,26.0,5.0,183.87215962252552,17.693726259000858,1.5,0
344.468087145256,27.64006832536727,18.175814502063282,16.0943350125111,177.52402907370333,957.2659149360137,0.2,18.177958104296145,191.45318298720275,17401.139696377573,0.31908863831200457,966.7299831320875,241.12766100167917,102.32835585827672,19.103865188518323,343.45601685995587,9.0,32.0,44.219002975531595,133.30502609817174,41.46010248805091,1
56.106839074267455,4.144827907193391,3.55371194575392,1.6968811781513953,247.02142479181998,1200.0253870279962,0.09090909090909091,81.14406052698313,109.09321700254512,97374.93263891607,0.4000084623426654,5409.718479939782,39.274787351987214,11.29353222711617,7.320962669639622,50.56831957910339,21.0,7.0,185.1973786760233,61.82404611579666,6.217241860790086,0
2.6623126933479324,1.0,1.0,1.0,353.9715445875718,1987.447515932505,0.07407407407407407,81.73529073226516,147.21833451351887,162444.6005298615,0.662482505310835,9024.70002943675,1.8636188853435525,0.6951372647260377,0.34872585892344626,2.5587561500695903,26.0,22.0,209.3629532920258,144.60859129554603,1.5,0
8.577695753406038,1.1452306021570298,1.0862301090731643,1.0,296.93261757416235,1684.328104785609,0.15384615384615385,32.972823664817696,259.1274007362475,55537.053592792465,0.5614427015952029,3085.391866266248,6.004387027384227,0.5850320237165767,0.5322647550079961,6.589419051100803,12.0,38.0,82.60926375284737,214.323353821315,1.7178459032355446,0
53.47943850054327,3.7035520415952496,2.391726823482827,2.151990272165113,139.66346470055151,753.1097340304303,0.3333333333333333,7.776714580714249,251.03657801014344,5856.719449512278,0.25103657801014345,325.3733027506821,37.43560695038028,7.330686242997088,4.2864861146692945,44.76629319337737,5.0,36.0,24.568088905980645,115.09537579457088,5.555328062392874,0
