loc,v_g,ev_g,iv_g,n,v,l,d,i,e,b,t,lOCode,lOComment,lOBlank,locCodeAndComment,uniq_Op,uniq_Opnd,total_Op,total_Opnd,branchCount,defects
21.56488404756034,1.4781591469556947,1.1435444635058267,1.0,212.18844168784042,1096.9983296990504,0.11764705882352941,55.03460032294159,129.0586270234177,60372.86462992174,0.36566610989968346,3354.0480349956524,15.095418833292237,3.2669424798160818,1.71032042553896,18.36236131310832,16.0,19.0,74.60194088048644,137.58650080735399,2.217238720433542,0
11.889058311749226,1.0,1.0,1.0,245.92226029651926,1194.6856667993063,0.2222222222222222,31.812938732709263,265.48570373317915,38006.46192273225,0.3982285555997688,2111.470106818458,8.322340818224458,1.6391214105545566,0.6259307090425452,9.961462228779014,8.0,20.0,78.90433194979563,167.01792834672364,1.5,0
24.639765434662085,3.5377612734714043,2.799759520427445,2.612065418155503,229.26252281052334,1348.6695862904858,0.1,42.43852372484444,134.86695862904858,57235.546234764915,0.4495565287634953,3179.752568598051,17.24783580426346,2.3344417584669217,1.6135676884459025,19.582277562730383,19.0,39.0,50.57400186380991,178.68852094671342,5.306641910207107,0
2.0854007523559397,1.0,1.0,1.0,83.07773374748122,324.5756166825028,0.2857142857142857,10.70915766921251,92.73589048071509,3475.931454634805,0.10819187222750094,193.10730303526694,1.4597805266491577,0.2729542506615295,0.1371196716249783,1.7327347773106871,6.0,8.0,50.950260739843685,32.12747300763753,1.5,0
49.45045494354048,3.724745397114229,2.4121031912944773,3.2328689931236863,318.0526448594137,1776.312094795009,0.08,50.75333048029338,142.1049675836007,90153.75478327331,0.5921040315983364,5008.541932404073,34.615318460478335,10.2704502471089,7.074230029389136,44.88576870758723,24.0,23.0,216.54598389882696,101.50666096058676,5.587118095671343,0
53.04851521939989,4.301197485924254,2.3095253692047315,1.4595477838821858,472.82076182497286,2708.2797129994165,0.13333333333333333,61.77749692590416,361.1039617332555,167310.74164431004,0.9027599043331388,9295.041202461669,37.13396065357992,9.151667176986853,3.3570163453677804,46.285627830566774,14.0,38.0,128.63185038064967,344.1889114443232,6.451796228886381,0
18.8241918844431,1.8713488957839752,1.5244080904849697,1.0,212.3038420873931,1273.8230525243584,0.08,33.964455803169926,101.90584420194868,43264.70676852258,0.42460768417478617,2403.5948204734764,13.176934319110169,3.293946330256423,1.8626431794750755,16.470880649366592,24.0,39.0,99.08898941016002,113.21485267723307,2.807023343675963,0
15.304264697195286,2.184128729790087,1.3129451800735554,1.3323722216912823,310.4771798243015,1617.4163893866923,0.07407407407407407,86.26114849813938,119.80862143605128,139520.19534820988,0.5391387964622307,7751.121963789437,10.7129852880367,1.1936243991939262,1.9528417143652106,11.906609687230626,26.0,10.0,237.4869772489528,72.9902025753487,3.27619309468513,0
18.750632007930193,1.1602580469130162,1.0,1.0,165.01785362657833,756.6006708273543,0.16666666666666666,49.23047117413317,126.10011180455905,37247.807515495886,0.2522002236091181,2069.3226397497715,13.125442405551134,3.0024913961788484,1.861302787010526,16.12793380172998,11.0,12.0,48.6549217604454,116.36293186613294,1.7403870703695241,0
16.163334387539404,1.890206813291396,1.5869354901850434,1.0,289.11620287495697,1517.2608756498241,0.2,38.8108210288846,303.4521751299648,58886.14029897405,0.505753625216608,3271.452238831892,11.314334071277582,2.257204535317246,1.4751789208647303,13.571538606594828,9.0,28.0,39.002022911033976,250.114179963923,2.835310219937094,0
68.7243352683017,9.751663565798594,6.665539614558965,7.89472131637857,253.27638872949194,1450.7470076615568,0.14285714285714285,24.57657592499519,207.24957252307954,35654.39398175383,0.48358233588718563,1980.7996656529904,48.107034687811186,15.606496043159868,9.65484543975876,63.71353073097106,13.0,39.0,102.03592149875232,151.24046723073963,14.627495348697892,0
4.9781173753741745,1.0,1.0,1.0,417.3768426271438,2444.9856119161595,0.08333333333333333,83.93144845536389,203.74880099301328,205211.1838606475,0.8149952039720532,11400.621325591528,3.484682162761922,0.3758568925542579,0.6958781010160972,3.86053905531618,23.0,34.0,161.93330384994934,255.44353877719445,1.5,0
36.01269702749108,4.848619597163494,2.8668879021666624,3.692349755341758,210.78060767251858,1106.1613503049684,0.3333333333333333,13.908265531615099,368.7204501016561,15384.785780851407,0.36872045010165616,854.7103211584115,25.208887919243754,8.693673940392669,4.840355926088742,33.90256185963642,5.0,32.0,27.19150265519928,183.5891050173193,7.2729293957452406,0
1.0,1.0,1.0,1.0,232.34140939848334,1219.3108748945606,0.1111111111111111,52.933466323222135,135.47898609939563,64542.35113376974,0.4064369582981869,3585.686174098319,1.0,0.17388692892895674,0.0988756061228353,1.1738869289289569,17.0,20.0,101.56461024699338,130.77679915148997,1.5,0
81.04697780721563,4.848660773580774,2.743986624003573,3.970506048587589,327.74677804527926,1859.1191295335489,0.07692307692307693,86.35574201823822,143.009163810273,160545.61193117074,0.619706376511183,8919.200662842819,56.73288446505094,17.507406999556434,8.662989348291887,74.24029146460737,25.0,25.0,148.1268346473438,179.6199433979355,7.272991160371161,0
150.77083090141565,15.357335879315318,7.989648724257389,12.328544512699667,402.6689168802902,2406.8648326860157,0.07692307692307693,91.19523233294294,185.14344866815506,219494.59761079104,0.8022882775620053,12194.144311710614,105.53958163099095,44.79139037060017,10.267521664460942,150.33097200159114,25.0,37.0,125.43541058814375,277.2335062921465,23.03600381897298,1
5.69329492320251,1.0,1.0,1.0,169.13832301119442,853.2003619558196,0.09090909090909091,40.13968807812134,77.56366926871088,34247.19639704682,0.28440012065193987,1902.6220220581567,3.9853064462417565,1.4218964475582831,0.7718547704706161,5.40720289380004,21.0,11.0,123.26439377905575,45.87392923213867,1.5,0
6.76462548712236,1.0,1.0,1.0,228.26449123060155,1214.8072089453085,0.08,90.0366019409516,97.18457671562469,109377.11310680716,0.4049357363151028,6076.506283711508,4.7352378409856515,1.1716754865981704,0.46290475242107676,5.906913327583822,24.0,15.0,108.21568864266607,120.04880258793547,1.5,0
16.928292897771453,1.7563916683189196,1.0,1.432295246220057,308.80961557561227,1620.6104779951922,0.2857142857142857,26.81688973818446,463.0315651414835,43459.732496943485,0.5402034926650641,2414.429583163527,11.849805028440016,2.4432793770005095,1.1449733893241911,14.293084405440526,6.0,31.0,22.76279170164466,286.0468238739676,2.6345875024783796,0
11.194086581165605,1.37869010451229,1.171520263898178,1.0,240.02122359915418,1325.7720993185417,0.25,16.115783897722327,331.4430248296354,21365.85665024728,0.44192403310618056,1186.9920361248487,7.835860606815923,3.0311425110094725,1.644757062541784,10.867003117825396,7.0,38.0,60.44534588167684,179.57587771747734,2.0680351567684347,0
71.22902124355198,3.8279402821913053,2.192033075193921,2.6327804851401817,444.5155577910109,2677.036187630974,0.06666666666666667,69.42208141020022,178.46907917539826,185845.4241557695,0.8923453958769914,10324.745786431638,49.860314870486384,6.242861573262719,6.084628480070927,56.103176443749106,29.0,35.0,272.1572867036172,172.35827108739366,5.741910423286958,0
33.453081915790605,2.894884628262382,2.3205545269095844,1.778534675497375,236.42080127771894,1372.9795039769638,0.09523809523809523,25.553801305255686,130.75995275971084,35084.84544081584,0.4576598346589879,1949.1580800453246,23.41715734105342,3.8814864336444823,4.885636861672031,27.298643774697904,20.0,35.0,144.42711657879846,91.99368469892048,4.342326942393573,0
16.35323883018626,2.0290078235465416,1.5772392462771259,1.1738942057818653,460.8359849293889,2676.2381253409503,0.08,92.36298341906749,214.09905002727604,247185.33759634246,0.8920793751136501,13732.51875535236,11.447267181130382,4.37361686554364,2.351621873198912,15.82088404667402,24.0,31.0,214.5346958118756,246.3012891175133,3.0435117353198127,0
14.675260095587422,1.3731503276164734,1.2025511334751624,1.0,82.75427444145689,351.534159254926,0.25,15.150664547161929,87.8835398137315,5325.976123739983,0.11717805308497534,295.8875624299991,10.272682066911194,1.6779334392786658,2.0601344433693436,11.95061550618986,7.0,11.0,30.80913885118742,51.94513559026947,2.05972549142471,0
13.628140235588829,1.8559533619513762,1.6566229010706781,1.263067946139609,302.10993088934356,1798.8218358325632,0.06666666666666667,93.65517908351563,119.92145572217088,168468.98117423707,0.5996072786108544,9359.38784301317,9.53969816491218,1.2917709875091807,1.9219779250210152,10.83146915242136,29.0,32.0,88.96366125099763,213.1462696383459,2.7839300429270644,0
63.85519588901172,7.469047849117548,5.344976713945728,3.5927709324734574,134.47214828977644,659.8401198143782,0.14285714285714285,30.91092176242549,94.26287425919688,20396.266319291706,0.21994670660479274,1133.125906627317,44.6986371223082,16.184715620894128,7.043030732618174,60.88335274320232,13.0,16.0,53.62819906497132,80.84394922480513,11.203571773676321,0
96.84597008230755,11.106149350912876,8.511663644115664,8.621958088489027,78.25882903550456,319.880055682388,0.2,24.500320462694134,63.9760111364776,7837.163873842949,0.10662668522746266,435.397992991275,67.79217905761527,15.477226682776378,5.277850114559502,83.26940574039165,9.0,7.0,34.70270376849277,43.556125267011794,16.659224026369316,0
4.255332680740377,1.0,1.0,1.0,362.6267855866272,2141.996749497395,0.06666666666666667,115.14873121742626,142.79978329982632,246648.20797647623,0.7139989164991316,13702.678220915346,2.9787328765182637,1.153544434861081,0.5842647842501182,4.132277311379345,29.0,30.0,116.4467395355779,246.18004605104926,1.5,0
95.09659038040172,6.792818950748891,3.524325801815623,5.349757828422092,201.10846914885383,1187.9257251125905,0.08695652173913043,38.4243733834097,103.29788914022525,45645.30161348389,0.39597524170419685,2535.8500896379937,66.5676132662812,12.094799055023346,14.043237233906915,78.66241232130454,22.0,37.0,68.36972473343849,132.73874441541534,10.189228426123336,0
14.985762471618715,1.8087073693759612,1.0,1.0,204.7537586029372,1167.1864579788564,0.1,19.68714124262993,116.71864579788564,22978.56465471469,0.3890621526596188,1276.5869252619273,10.4900337301331,2.934197808209911,1.9430843761391918,13.42423153834301,19.0,32.0,136.3668469180122,68.38691168492502,2.713061054063942,0
20.188806299509267,1.5040638844179104,1.352467467284703,1.0,256.63406111965486,1326.778848804178,0.2,29.324494369561414,265.35576976083564,38907.1188814113,0.4422596162680594,2161.50660452285,14.132164409656486,2.5545884662460807,2.3225982507950107,16.686752875902567,9.0,26.0,80.68709490228639,175.94696621736847,2.256095826626866,0
12.28542868086342,1.6955774557905903,1.0,1.3911008511746794,152.0752440182442,738.7786452700183,0.3333333333333333,11.88678640432876,246.25954842333942,8781.703956404073,0.2462595484233394,487.8724420224485,8.599800076604394,3.177229338754913,0.8666055454665159,11.777029415359307,5.0,23.0,37.96209453668811,114.11314948155609,2.5433661836858854,0
28.12817420903334,4.019126923380605,3.2695728651319773,1.3543769070143008,263.9253091857224,1413.9935692974148,0.08333333333333333,71.93319010415188,117.83279744145122,101713.06822631918,0.4713311897658049,5650.726012573288,19.689721946323335,3.6760211258502555,4.044624957177952,23.36574307217359,23.0,17.0,151.3342290227021,112.59108016302032,6.028690385070908,0
17.010049278718544,1.9911716418635488,1.3110393503548494,1.0,334.90948054283524,1899.749024697688,0.09090909090909091,92.39347816548661,172.7044567906989,175524.4200333103,0.6332496748992293,9751.356668517239,11.90703449510298,2.1739809721483514,0.9516826857585496,14.081015467251332,21.0,29.0,70.9281143557306,263.98136618710464,2.9867574627953233,0
68.24117646905346,3.4768046610212022,2.743912794966384,2.7573427831169517,124.97179668429615,580.3510515796371,0.11764705882352941,31.53353497535257,68.27659430348672,18300.52018296913,0.1934503505265457,1016.6955657205071,47.768823528337414,12.676430070292218,6.192480092608101,60.445253598629634,16.0,8.0,89.49656983702451,35.47522684727164,5.215206991531804,0
72.98009417348392,10.14437599192851,5.7181814999313,3.0606304480758646,277.86624718180906,1507.7758236039917,0.06896551724137931,127.56196305892546,103.98453955889597,192334.8439117133,0.5025919412013305,10685.269106206295,51.08606592143874,14.790901513131352,6.301123922260443,65.87696743457009,28.0,14.0,141.19271533296038,136.6735318488487,15.216563987892764,1
25.187501703572604,1.6411422932478241,1.2755030427391938,1.0,250.49700964187076,1413.769098387331,0.09523809523809523,59.471757504257724,134.64467603688865,84079.33298630443,0.47125636612911037,4671.074054794691,17.631251192500823,2.69916534345391,3.409952924920054,20.330416535954733,20.0,29.0,72.08173712909758,178.41527251277319,2.461713439871736,0
66.44149937595843,6.68946369197337,3.441678149648895,5.1360824321272975,159.98763509891575,799.9381754945787,0.09090909090909091,74.99853209268748,72.72165231768898,59994.18892699603,0.2666460584981929,3333.0104959442237,46.5090495631709,3.5498148667177065,4.047250467562907,50.0588644298886,21.0,10.0,81.41774433514789,78.56989076376784,10.034195537960056,0
46.06569098426344,2.6721072298078874,2.108000004733145,1.0,409.92765526329845,2336.767887627356,0.15384615384615385,51.28696231943222,359.50275194267016,119845.72660200341,0.7789226292091186,6658.095922333523,32.24598368898441,4.521995727464048,3.0549695284283263,36.767979416448455,12.0,39.0,68.01457313375028,341.9130821295482,4.008160844711831,0
1.4067718029770526,1.0,1.0,1.0,281.86267511676533,1622.0879863558348,0.125,33.77344352490121,202.76099829447935,54783.49699960951,0.5406959954519449,3043.5276110894174,1.0,0.3614580481175159,0.10846480064532966,1.361458048117516,15.0,38.0,106.24076878727902,175.62190632948628,1.5,0
10.198903576548748,1.0,1.0,1.0,76.99868921448626,391.7279702036821,0.18181818181818182,10.161232739580308,71.22326730976039,3980.439075842994,0.13057599006789403,221.13550421349967,7.139232503584123,2.770752547352431,0.919581816826097,9.909985050936553,10.0,23.0,28.224772064500776,48.77391714998548,1.5,0
14.463680952704758,2.120309990149773,1.716702014553669,1.426371549179966,290.938652347587,1752.1395754639832,0.07407407407407407,54.41458834510899,129.7881167010358,95341.95372204667,0.584046525154661,5296.77520678037,10.12457666689333,3.1588512118462373,1.553554961167099,13.283427878739566,26.0,38.0,127.69488731226001,163.24376503532696,3.18046498522466,0
5.1889938752229625,1.0,1.0,1.0,254.23003049643057,1396.1939801618098,0.08,60.35382036768969,111.69551841294479,84265.64067713557,0.46539799338726995,4681.424482063087,3.6322957126560733,0.6026908177327275,0.7121360674406767,4.234986530388801,24.0,20.0,148.6108448529736,105.61918564345696,1.5,0
26.533206071467113,1.4051491935651823,1.1839169718736553,1.0,333.0781908742841,1829.2164938728233,0.1,77.5198915231792,182.92164938728234,141800.66417743143,0.6097388312909411,7877.814676523969,18.573244250026978,2.576988308031162,2.4670733041857242,21.15023255805814,19.0,25.0,120.91848775821472,212.15970311606935,2.1077237903477735,0
98.34111122687625,14.711436307175404,13.98637404255374,7.425755142012438,114.32110781553553,524.1579923751307,0.14285714285714285,34.46265240923565,74.87971319644724,18063.87469874692,0.17471933079171023,1003.5485943748289,68.83877785881337,9.459590445840988,7.563558036682196,78.29836830465436,13.0,10.0,55.99969604605981,58.321411769475716,22.067154460763106,0
4.852049994471934,1.0,1.0,1.0,183.62474141467115,892.0455040276872,0.09523809523809523,48.253776153543974,84.95671466930354,43044.56407012733,0.2973485013425624,2391.3646705626293,3.396434996130354,1.3406067487526836,0.2775640075773483,4.7370417448830375,20.0,8.0,140.19634287648157,43.428398538189576,1.5,0
8.884121028803326,1.0084578008007847,1.0,1.0,201.9716210984348,981.1742968513032,0.2,36.51357144815103,196.23485937026066,35826.17779116941,0.3270580989504344,1990.3432106205228,6.218884720162328,1.5922075452406945,0.7127271565486063,7.811092265403023,9.0,19.0,39.68908132887465,162.28253976956015,1.512686701201177,0
4.239268061382364,1.0,1.0,1.0,288.3250571470544,1523.913896798626,0.2857142857142857,25.034647779363457,435.4039705138931,38150.64765243083,0.5079712989328753,2119.480425135046,2.967487642967655,0.7779519639281122,0.3956177772101243,3.745439606895767,6.0,32.0,12.943931574056393,275.38112557299803,1.5,0
186.40771722688763,10.942128274853134,8.409300791587258,5.41292958545102,224.0419580901285,1077.0492099720027,0.16666666666666666,43.766143258802465,179.50820166200043,47138.290020414686,0.3590164033240009,2618.7938900230383,130.48540205882134,31.470541932811038,22.761922793609596,161.95594399163238,11.0,16.0,88.76478801746634,135.27717007266216,16.413192412279702,0
58.318830321814,6.927112113924451,6.914463261487895,5.608167647278179,285.1219478853411,1556.603777452687,0.11764705882352941,56.91038667603525,183.12985617090433,88586.92287620953,0.5188679258175624,4921.495715344974,40.8231812252698,12.9037241171819,4.953621323321819,53.7269053424517,16.0,27.0,85.93559451921777,199.18635336612337,10.390668170886677,0
6.833521234320443,1.0,1.0,1.0,158.52599499569658,696.2964897829368,0.125,13.978180881585157,87.0370612228671,9732.958281398702,0.23209882992764558,540.71990452215,4.78346486402431,1.2691655787023712,0.8703463703317585,6.052630442726682,15.0,5.0,147.34345029042845,11.182544705268125,1.5,0
14.931324873092045,1.8618913032258122,1.2288116883554607,1.058497792541046,127.90589632414878,656.06554178258,0.09090909090909091,47.0550683425637,59.64232198023455,30871.208905780382,0.21868851392752667,1715.0671614322434,10.45192741116443,3.134879411318392,1.243255946332105,13.586806822482822,21.0,13.0,65.16580520073052,62.74009112341827,2.792836954838718,0
11.449841575447685,1.0762716113944122,1.0,1.0,222.78641988584414,1169.1669825405165,0.15384615384615385,36.820559160641295,179.87184346777178,43049.38204930156,0.3897223275135055,2391.632336072309,8.01488910281338,3.2288817950955186,0.5767662694809177,11.243770897908899,12.0,25.0,63.2306635230652,159.55575636277894,1.6144074170916183,0
5.362166444838476,1.0,1.0,1.0,76.8872254146867,307.5489016587468,0.3333333333333333,9.909500440945662,102.5163005529156,3047.6559765997054,0.10251630055291559,169.31422092220586,3.7535165113869327,1.27689318828453,0.34182152531133353,5.030409699671463,5.0,10.0,33.285423474525786,43.60180194016091,1.5,0
11.984633875051406,1.3603654391224504,1.0,1.0,287.1081097923461,1636.6424724607032,0.11764705882352941,41.80276269685165,192.54617323067095,68416.17689586333,0.5455474908202343,3800.898716436852,8.389243712535984,1.3253891320646563,0.85478555662521,9.71463284460064,16.0,35.0,98.99567765651372,188.11243213583242,2.040548158683676,0
22.23784940932725,2.898037693873651,2.740563332350543,2.340705330274318,82.99439685855403,390.1101593771116,0.18181818181818182,13.426871025364903,70.92911988674756,5237.958795641024,0.13003671979237053,290.9977108689458,15.566494586529075,2.7229131645943503,1.9300131507524858,18.289407751123424,10.0,15.0,40.028409577386334,42.96598728116769,4.347056540810477,0
41.03532679734039,3.869946521803543,3.522037081124785,2.0112712954063414,243.35197296811373,1320.4922339040932,0.09090909090909091,22.388708876663937,120.04474853673574,29564.11619877436,0.44016407796803103,1642.450899931909,28.72472875813827,10.285628951960883,2.256834090742604,39.01035771009915,21.0,21.0,196.44229722653213,46.90967574158158,5.804919782705315,0
8.815626738230677,1.0,1.0,1.0,407.0159117761593,2451.199526471171,0.07407407407407407,82.56013557324707,181.5703352941608,202371.36522253888,0.8170665088237237,11242.853623474382,6.170938716761473,1.5739859591382466,1.1745453617363701,7.7449246758997194,26.0,38.0,159.3355050564181,247.6804067197412,1.5,0
11.071294930625097,1.2435005136877197,1.0632222860745406,1.0,380.59981208436903,2125.63567827272,0.13333333333333333,53.10270561415885,283.41809043636266,112877.00566626912,0.7085452260909066,6270.9447592371735,7.7499064514375675,0.9187416753706145,0.8118049930398058,8.668648126808183,14.0,33.0,122.67238481559745,257.92742726877157,1.8652507705315795,0
287.91430296524857,39.58311120529141,37.49051483410023,15.844232410238169,276.81584609453853,1502.0760692058348,0.25,21.477554314986907,375.5190173014587,32260.920361610348,0.5006920230686116,1792.273353422797,201.54001207567399,19.009872304406382,36.486802240362216,220.54988438008036,7.0,35.0,55.9038588546732,220.91198723986534,59.37466680793712,1
5.373083969288763,1.0,1.0,1.0,251.91235442962304,1436.0111906810591,0.1111111111111111,39.43443558570285,159.55679896456212,56628.29079926068,0.4786703968936864,3146.0161555144823,3.761158778502134,0.4921553638092741,0.6006866264793533,4.253314142311408,17.0,34.0,89.53526672378777,162.37708770583527,1.5,0
8.517746221794056,1.1546455961203883,1.0,1.0023540460462357,463.22356070098874,2640.577983798657,0.15384615384615385,56.200628442962206,406.24276673825494,148402.1421421346,0.880192661266219,8244.563452340812,5.962422355255839,1.3719602489319707,1.16928344711229,7.33438260418781,12.0,39.0,88.55270441457407,374.6708562864147,1.7319683941805826,0
9.734698773665075,1.3777892522335522,1.1624074339353634,1.1087205556263129,190.59639126342913,1111.7277873362916,0.07692307692307693,45.65777752083104,85.51752210279167,50759.01997792617,0.3705759291120972,2819.9455543292315,6.814289141565552,0.5915943562075829,0.8721771867158399,7.405883497773135,25.0,31.0,73.71248081010167,116.88391045332746,2.0666838783503283,0
9.36372601655232,1.0,1.0,1.0,343.8721249827056,1888.4951943277367,0.09090909090909091,61.88738131907964,171.68138130252152,116874.02221061004,0.6294983981092456,6493.00123392278,6.554608211586624,0.6858583685565706,1.0947247199278316,7.240466580143194,21.0,23.0,202.41525339623786,141.45687158646774,1.5,0
70.41056260169576,5.668831811777169,5.202064882614034,1.9596291757690938,193.9126761866347,1045.6387022988465,0.2,17.909870429398584,209.1277404597693,18727.25367413682,0.3485462340996155,1040.40298189649,49.28739382118703,16.430594660070096,6.132184174010495,65.71798848125712,9.0,32.0,62.57362637104509,131.33904981558962,8.503247717665754,0
5.254527679960541,1.0,1.0,1.0,161.6933511828924,835.9424988474273,0.07407407407407407,111.99954155274906,61.92166658129091,93625.17663537132,0.2786474996158091,5201.398701965073,3.678169375972378,1.4804867263538042,0.6626208095553131,5.158656102326182,26.0,9.0,75.53985768077771,86.15349350211467,1.5,0
23.052525598639996,1.4489853793445957,1.254315055007142,1.0,126.34216030517317,600.7427590314013,0.16666666666666666,10.869596483908188,100.12379317190022,6529.831381301024,0.20024758634380044,362.7684100722791,16.136767919047998,1.4600807900625663,2.1033022519560594,17.596848709110564,11.0,15.0,94.72151598834934,31.62064431682382,2.1734780690168938,0
30.834400278965127,4.605099165403091,4.580883298416523,1.4757312768776654,329.6858137039836,1730.167252529172,0.25,30.611962033715837,432.541813132293,52963.81424640145,0.576722417509724,2942.4341248000806,21.584080195275586,3.0961266683358124,4.388623966177477,24.6802068636114,7.0,30.0,58.55129283392903,271.1345208700546,6.907648748104637,0
26.543344279542367,2.2087604765562925,1.1445460880885985,1.7335386134319946,116.53585453787214,511.8624642651071,0.18181818181818182,29.368529339795902,93.06590259365585,15032.64779971003,0.17062082142170237,835.1470999838906,18.580340995679656,2.1013172583402335,3.8351962073791723,20.68165825401989,10.0,10.0,51.925089990321155,64.61076454755099,3.3131407148344385,0
39.80976598767517,4.312994048775382,3.9506574824146115,3.502406080721299,407.3892666587411,2365.854062924078,0.10526315789473684,83.06851808525103,249.03726978148188,196527.9910130734,0.7886180209746926,10918.221722948521,27.866836191372617,7.693806251095506,5.807362117028376,35.56064244246812,18.0,37.0,56.65552363212564,350.73374302661546,6.469491073163073,0
5.615915804263446,1.0,1.0,1.0,246.8086852089085,1275.9823922346416,0.14285714285714285,51.22213543280841,182.28319889066307,65358.54290492167,0.42532746407821387,3631.030161384537,3.931141062984412,1.4001465797609631,0.6765593124798217,5.331287642745375,13.0,22.0,65.56112906204801,181.24755614686052,1.5,0
296.53782551461114,33.033688388274655,19.63327694654539,12.807494952703662,259.2574671110681,1360.5643947178696,0.07142857142857142,89.85436938935236,97.18317105127639,122252.65570098006,0.4535214649059565,6791.814205610003,207.57647786022778,47.203536717605495,21.88842912969248,254.78001457783327,27.0,10.0,186.042795756781,73.2146713542871,49.55053258241198,1
34.43987309750838,3.540551852923723,2.206091686245387,1.2935351334531884,459.5890343378407,2668.99664068556,0.09090909090909091,81.63874249654128,242.63605824414185,217893.52947306217,0.8896655468951867,12105.196081836788,24.107911168255868,2.006337443448403,4.5858448951529285,26.11424861170427,21.0,34.0,187.45989268270313,272.1291416551376,5.310827779385584,0
181.9890098627778,25.476062955481943,25.45703915764088,9.656319682659028,208.37548679902292,1041.8774339951146,0.14285714285714285,53.19547589338123,148.8396334278735,55423.16592394502,0.34729247799837154,3079.064773552501,127.39230690394446,26.228797236879114,12.739207204608325,153.62110414082358,13.0,18.0,52.8810188029855,155.49446799603743,38.21409443322291,0
108.00800984367905,12.014337505266665,9.662900757760355,4.531931832219463,161.74596208261232,829.6408163697679,0.1111111111111111,35.31449444828444,92.1823129299742,29298.34600376034,0.27654693878992265,1627.6858890977967,75.60560689057533,9.916700153774102,13.446417724862053,85.52230704434943,17.0,17.0,86.96232678036291,74.78363530224941,18.021506257899997,0
11.329116385418963,1.4764078031024657,1.0,1.0,231.47580280930842,1088.0380573134687,0.09523809523809523,64.28212980799374,103.62267212509225,69941.40363626173,0.3626793524378229,3885.633535347874,7.930381469793274,1.3468145156053812,1.666836330116545,9.277195985398656,20.0,5.0,192.90652492451218,38.56927788479624,2.2146117046536986,0
14.065155059385242,1.6346881338350732,1.0,1.4066709380893272,201.4271968841303,1079.1566824511738,0.125,21.996065884236348,134.89458530639672,23737.20148660994,0.35971889415039127,1318.7334159227746,9.84560854156967,1.0983550978514551,1.2490030334480153,10.943963639421124,15.0,25.0,125.17416848544427,76.25302839868601,2.4520322007526096,0
4.7012505165680345,1.0,1.0,1.0,242.4183439264276,1212.091719632138,0.2,36.56317969237814,242.4183439264276,44317.92734855349,0.4040305732107127,2462.1070749196383,3.290875361597624,0.6617559743128624,0.24268561729291857,3.9526313359104863,9.0,22.0,55.53986994316158,186.87847398326605,1.5,0
65.16967030396721,7.780908355167348,5.02763948219682,2.8448951553451174,301.46933694685595,1625.6183580520922,0.09090909090909091,95.60104121746124,147.78348709564474,155410.80765199973,0.5418727860173641,8633.93375844443,45.618769212777046,12.278013108733145,8.610011245890446,57.89678232151019,21.0,20.0,110.26725451193344,191.2020824349225,11.671362532751022,0
40.05775406284648,5.146057097302492,3.8327455505984624,3.795126069184738,210.5044763401419,1032.9224352869383,0.09523809523809523,62.034127475234925,98.37356526542268,64076.44202262002,0.3443074784289794,3559.8023345900015,28.040427843992532,9.853194482082548,5.365369379394915,37.89362232607508,20.0,9.0,148.47034886490698,62.034127475234925,7.719085645953738,0
48.02149538467581,6.432302929567757,4.19344783355195,5.435394810367849,413.48761787209696,2309.3128403281803,0.07142857142857142,115.51315253231968,164.95091716629858,266756.0063696735,0.7697709467760601,14819.778131648527,33.615046769273064,6.971258573289706,3.439908417135571,40.58630534256277,27.0,20.0,233.8004917107108,179.68712616138617,9.648454394351635,1
57.61342694921844,2.9377597649666383,2.152916325831082,2.297245443011138,155.6808895900752,704.2321494347765,0.2,41.515689698297976,140.8464298869553,29236.68339149959,0.23474404981159216,1624.260188416644,40.329398864452905,2.9037219117570516,5.924769389590608,43.23312077620996,9.0,13.0,26.52096608425926,129.15992350581593,4.406639647449957,0
1.9837289941235088,1.0,1.0,1.0,292.50578462560213,1624.7493703325897,0.08333333333333333,36.27957480018955,135.39578086104913,58945.21631254206,0.5415831234441966,3274.7342395856704,1.3886102958864561,0.432124394981401,0.18102222640222665,1.820734690867857,23.0,23.0,216.79188939042393,75.7138952351782,1.5,0
193.8204073246185,18.094292510050717,15.948352935270254,11.37042123992699,130.19964091732885,667.8308069695878,0.13333333333333333,27.175538522876735,89.04410759594504,18148.66182156589,0.2226102689898626,1008.2589900869939,135.67428512723293,43.27204310260615,9.880742871367532,178.94632822983908,14.0,20.0,48.67302534869866,81.5266155686302,27.141438765076074,0
20.70026386035868,1.2502933607686038,1.0,1.0,340.794473371584,1961.2338556125096,0.11764705882352941,45.850091006574495,230.7333947779423,89922.75076500855,0.6537446185375032,4995.7083758338085,14.490184702251076,1.709710914706808,2.5827648970719093,16.199895616957885,16.0,37.0,123.00654109035513,217.78793228122885,1.8754400411529057,0
57.914360827311334,4.443650493688277,3.7042945015814057,3.3668351368456793,345.4592774416618,2006.204635221298,0.08333333333333333,95.4556146394241,167.18371960177484,191503.49654751061,0.6687348784070993,10639.083141528368,40.54005257911793,9.925976371982744,4.764284031687413,50.466028951100675,23.0,32.0,71.54316586766218,273.9161115739996,6.665475740532415,1
13.53095807542286,1.966833274180451,1.176705431689943,1.6743013329413665,157.18872712855864,812.6539303268287,0.07692307692307693,97.39018947830367,62.51184079437144,79144.52025481804,0.27088464344227625,4396.917791934336,9.471670652796002,0.8481929811662243,1.9547579373333908,10.319863633962227,25.0,10.0,71.48536038765143,85.70336674090723,2.9502499112706766,0
33.57704518910769,2.0812198996150753,1.2750133989361767,1.0,313.0122189094324,1719.0171236067883,0.16666666666666666,44.530821038167495,286.5028539344647,76549.24389287934,0.5730057078689295,4252.73577182663,23.503931632375384,6.890830308905623,4.445026344873233,30.394761941281008,11.0,33.0,37.73077976439695,275.28143914503545,3.121829849422613,0
49.71620254587985,3.9565037444228013,3.4608516210562854,1.3435874457271157,240.67519126626908,1224.426092377962,0.18181818181818182,45.374429509620676,222.6229258869022,55557.63541834413,0.40814203079265404,3086.5353010191184,34.80134178211589,13.652723356032027,6.49169325841708,48.45406513814792,10.0,23.0,22.87792962008984,217.79726164617924,5.934755616634202,0
3.0842042076847807,1.0,1.0,1.0,456.40044857828343,2575.8584967245056,0.1111111111111111,76.21321112761582,286.20649963605615,196314.44744572786,0.8586194989081686,10906.358191429325,2.1589429453793465,0.470989690294019,0.38549349490557006,2.6299326356733657,17.0,32.0,160.51386420048084,295.8865843778026,1.5,0
11.161690647743418,1.6438979590718454,1.0744354673957655,1.0255591833342292,119.36922160267736,607.2864792925983,0.07692307692307693,63.411984443151916,46.7143445609691,38509.24077743874,0.2024288264308661,2139.402265413263,7.813183453420392,1.8724461296539252,1.14605714541493,9.685629583074318,25.0,8.0,73.71259280360798,45.65662879906938,2.4658469386077684,0
279.6806447568087,33.152224363926706,20.68671641950306,15.951244560207286,244.71681191147118,1200.7986229556966,0.08333333333333333,87.38169594627156,100.06655191297472,104927.82016381627,0.40026620765189885,5829.323342434237,195.77645132976608,80.77693493734077,19.553380748170227,276.5533862671068,23.0,6.0,191.52795350939283,53.188858402078345,49.72833654589006,1
31.20764203402071,2.6293213748401136,2.134533828665925,1.7931586129414183,328.4020550292708,1898.6104107849346,0.08,53.843946064091725,151.88883286279477,102228.67655502705,0.6328701369283115,5679.370919723725,21.845349423814497,7.265957749773031,3.220282306073632,29.111307173587527,24.0,30.0,189.3051943637005,139.0968606655703,3.9439820622601705,0
2.710992498262291,1.0,1.0,1.0,303.4992656573548,1604.115692128446,0.09523809523809523,81.62745059137106,152.772923059852,130939.87440205771,0.534705230709482,7274.437466780984,1.8976947487836036,0.7465958658203337,0.16993463675772524,2.6442906146039373,20.0,18.0,148.40710953374978,155.092156123605,1.5,0
3.0039012256621302,1.0,1.0,1.0,312.0515171903902,1587.5504982619016,0.125,67.24973877212199,198.4438122827377,106762.35629566498,0.5291834994206338,5931.242016425833,2.102730857963491,0.2548774290285394,0.4375898073135226,2.3576082869920305,15.0,18.0,141.6855123010145,170.36600488937572,1.5,0
38.211029527483284,5.1282439594229325,3.180939074593004,3.9884683225208133,235.05565823551206,1164.5118747659321,0.13333333333333333,40.28196318360378,155.26824996879094,46908.824466190694,0.3881706249219774,2606.0458036772607,26.747720669238298,6.404744389194751,2.4421213968065154,33.15246505843305,14.0,16.0,137.22803336104573,97.82762487446632,7.692365939134399,0
1.0,1.0,1.0,1.0,132.15035699373476,756.9467329022422,0.1,23.80680731721521,75.69467329022422,18020.485019599244,0.25231557763408075,1001.1380566444025,1.0,0.1284073895078931,0.052728433306314375,1.1284073895078932,19.0,33.0,46.9470465952803,85.20331039845445,1.5,0
12.358894571096608,1.0,1.0,1.0,276.6744994438252,1491.9167237895313,0.16666666666666666,31.215778848323982,248.6527872982552,46571.342509930066,0.4973055745965104,2587.296806107226,8.651226199767624,2.536640604808874,0.6355407888143765,11.187866804576498,11.0,30.0,100.73101866236274,175.94348078146243,1.5,0
5.618967181064527,1.0,1.0,1.0,148.24327662088825,788.9400587268641,0.2857142857142857,12.003295878735422,225.41144535053257,9469.880955485449,0.26298001957562134,526.1044975269693,3.933277026745169,1.4347658760899316,0.742309280247348,5.368042902835101,6.0,33.0,12.205923328553455,136.03735329233479,1.5,0
71.85854154444758,10.273158459862987,6.982022495618081,7.602351529769118,452.396152214779,2734.460642067402,0.06666666666666667,91.12576677593387,182.2973761378268,249179.82272700447,0.9114868806891341,13843.323484833581,50.3009790811133,6.086973674374064,6.554629220463085,56.38795275548736,29.0,36.0,219.86833354515466,232.52781866962434,15.40973768979448,0
6.503941851490685,1.0,1.0,1.0,314.9760401233269,1804.157702919723,0.08695652173913043,70.35576263576922,156.88327851475853,126932.89110411468,0.6013859009732411,7051.827283561926,4.5527592960434795,1.515601924863921,0.43487326766227147,6.0683612209074,22.0,30.0,116.70070905888636,198.27533106444054,1.5,0
9.502675397805888,1.0,1.0,1.0,132.28770520277055,713.3372975843201,0.06666666666666667,72.43301730006131,47.555819838954676,51669.17281670404,0.23777909919477339,2870.5096009280023,6.651872778464121,1.8179089795419225,1.2079962514686278,8.469781758006043,29.0,12.0,67.347758657888,64.93994654488256,1.5,0
95.02725309968461,10.674220359256752,9.130853062644603,5.198973301758392,255.4990358603481,1350.415171053449,0.09523809523809523,71.6066248370214,128.61096867175704,96698.67252784641,0.45013839035114966,5372.148473769245,66.51907716977922,7.151918937199282,9.731430631657178,73.6709961069785,20.0,18.0,119.44644867000744,136.05258719034066,16.01133053888513,0
15.528959459511183,1.9357094322125328,1.1608101853036783,1.330323379969693,141.16213596169052,663.5241105719631,0.2222222222222222,22.269482486882964,147.44980234932513,14776.338560006927,0.2211747035239877,820.9076977781626,10.870271621657828,3.7892391342396317,1.674872207768925,14.65951075589746,8.0,17.0,40.94946477071718,100.21267119097334,2.9035641483187993,0
14.462458104804705,1.9905463735141824,1.3251906820028019,1.0,353.2359965132934,2003.7048183185602,0.13333333333333333,55.33718219358606,267.1606424424747,110879.37859346042,0.6679016061061868,6159.965477414468,10.123720673363293,2.7217856301915115,1.528735648354272,12.845506303554805,14.0,36.0,60.739462061481404,292.496534451812,2.9858195602712736,0
215.47016273598044,15.83129464359347,14.678333663611156,6.514721989391192,58.23883297835813,242.8515656912786,0.2,11.798583670533361,48.57031313825573,2865.3045173285795,0.08095052189709287,159.1835842960322,150.8291139151863,27.627992571802857,30.085567454016413,178.45710648698915,9.0,8.0,34.64166563729141,23.597167341066722,23.746941965390207,0
100.15628762821741,11.042141735653384,7.0243717766395735,8.289277099788464,327.50149103510125,1765.9919960945986,0.07407407407407407,99.01751815719433,130.8142219329332,174864.14453875678,0.5886639986981995,9714.674696597598,70.10940133975218,8.221766503377815,8.49379975611982,78.33116784313,26.0,15.0,205.63377638009288,121.8677146550084,16.563212603480075,1
28.04927455233301,2.102545832620556,1.7533511431229727,1.0,164.39986974263627,821.9993487131813,0.125,46.424337462152984,102.74991858914767,38160.775158330696,0.2739997829043938,2120.043064351705,19.634492186633107,3.0848642331964227,4.064338071161873,22.71935641982953,15.0,16.0,59.171371495089495,105.22849824754677,3.153818748930834,0
16.432350183835048,2.3000584098893033,1.8414588873119289,2.054263112961356,109.65742978566921,515.4381383538275,0.09523809523809523,22.25021476022279,49.08934650988833,11468.609273982089,0.17181271278460916,637.1449596656716,11.502645128684533,3.087007372558619,1.0407215694282455,14.589652501243151,20.0,5.0,96.30730092953553,13.350128856133674,3.450087614833955,0
57.44116835785691,6.448940985828094,5.29789337347329,4.854992017974558,158.08391463746392,751.6712300027538,0.14285714285714285,24.04762816152411,107.38160428610767,18075.91023882169,0.2505570766675846,1004.2172354900938,40.208817850499834,10.679748166695306,6.281723951901812,50.88856601719514,13.0,13.0,106.28902321264275,51.79489142482116,9.67341147874214,0
60.13034853011599,5.6484334094767075,5.606448354005431,4.790422271389658,230.7547668647716,1315.403638186332,0.09090909090909091,33.554698320675264,119.58214892603019,44137.972249261045,0.438467879395444,2452.1095694033916,42.09124397108119,16.999971619379256,7.34227959947975,59.09121559046045,21.0,30.0,131.68851467992081,99.06625218485078,8.47265011421506,0
6.784261523431855,1.0,1.0,1.0,381.1525599226678,2080.87633716636,0.11764705882352941,68.27964140391622,244.80898084310115,142081.4901076137,0.6936254457221199,7893.4161170896505,4.748983066402298,0.702490310898438,0.7726955423778942,5.451473377300736,16.0,27.0,142.1738150089611,238.97874491370675,1.5,0
16.437091561449975,1.9379421136322001,1.782829657306385,1.1692210593836856,191.54729052343615,878.2371441646956,0.10526315789473684,60.025624952811455,92.44601517523111,52716.73343525822,0.2927457147215652,2928.707413069901,11.505964093014981,1.6098691308982696,2.3509730251652123,13.115833223913251,18.0,5.0,151.53020722156185,40.0170833018743,2.9069131704483,0
26.335115286052798,1.5890791852585942,1.3255502047592944,1.2618287469414777,85.39334732599153,410.51612857857987,0.1,39.590852411198675,41.05161285785799,16252.683458971214,0.1368387095261933,902.9268588317341,18.434580700236957,6.8798893325556225,1.8737500247583374,25.314470032792578,19.0,8.0,47.886223989066465,37.507123336925055,2.3836187778878912,0
20.733190441300348,1.769651850751278,1.141095623162144,1.1163243023313025,226.2940703308867,1087.8759128376378,0.2,39.00013245424198,217.57518256752758,42427.30469444727,0.3626253042792126,2357.0724830248487,14.513233308910243,2.8721536010656656,2.5990555998832114,17.385386909975907,9.0,18.0,61.626844412976155,164.66722591791057,2.654477776126917,0
21.347462760866,1.1426260985553884,1.0,1.0,157.12096024046278,729.6471437560215,0.2,35.12879618578926,145.9294287512043,25631.625800548558,0.2432157145853405,1423.9792111415866,14.9432239326062,3.1073681188069373,2.0297457922339914,18.050592051413137,9.0,15.0,32.218573802100956,124.90238643836182,1.7139391478330825,0
16.438855944201883,2.1074418143024793,1.4194043347695358,1.1524503384538807,119.62721090906533,656.9750686362335,0.2222222222222222,10.10331137179028,145.99445969694077,6637.623681935157,0.21899168954541115,368.75687121861984,11.507199160941317,1.5420423339608753,1.2772119192682174,13.049241494902192,8.0,36.0,26.171580720005245,93.45563018906009,3.161162721453719,0
42.14180909157166,3.153247082672179,1.5857347203189518,2.2383500837645656,397.5630845173465,2277.2097237861467,0.07142857142857142,126.28977075031743,162.6578374132962,287588.29396734614,0.7590699079287155,15977.12744263034,29.49926636410016,4.861148613026285,2.3157394017902124,34.360414977126446,27.0,25.0,154.33834085006848,243.224743667278,4.729870624008268,1
16.92756147293193,1.012735307740936,1.0,1.0,162.42427427118116,701.9860342643085,0.15384615384615385,49.83939589186084,107.99785142527824,34986.55987225626,0.2339953447547695,1943.6977706809032,11.849293031052351,4.521558447905722,1.1075006479741762,16.370851478958073,12.0,7.0,95.97174641536671,66.45252785581445,1.519102961611404,0
109.66062461522837,14.280100657575748,7.749880257928651,4.544013983233755,460.04171652004106,2739.178691127673,0.07407407407407407,79.952626523044,202.9021252687165,219004.53087161135,0.9130595637092244,12166.918381756186,76.76243723065986,6.704390062516283,8.313579890045453,83.46682729317614,26.0,35.0,238.63444307161149,221.40727344842955,21.420150986363623,1
17.50519028385642,2.3517272711181856,2.049500771708743,1.6482153842407523,449.74065356678796,2623.2877671536417,0.06896551724137931,99.98287988682323,180.9163977347339,262283.86573189526,0.8744292557178805,14571.325873994181,12.253633198699495,3.4418817605184437,1.9594028761682598,15.695514959217938,28.0,28.0,242.63325951551127,207.10739405127669,3.527590906677278,0
39.61219695407681,2.0364421445860232,1.7363382660987996,1.591994608285416,387.18759571553164,2162.4282028156276,0.07407407407407407,77.35287043026666,160.17986687523168,167270.02858715164,0.7208094009385425,9292.779365952869,27.728537867853763,9.857591946114578,5.775573460752233,37.58612981396834,26.0,21.0,256.2827380643111,130.9048576512205,3.054663216879035,0
34.990015453723586,2.7996982771125922,1.9855392366648088,1.4353012651805797,229.14060329436143,1272.7818405255482,0.2,23.89242607212074,254.55636810510964,30409.846030694433,0.42426061350851607,1689.4358905941351,24.49301081760651,9.67731349327225,2.7748470023718945,34.17032431087876,9.0,37.0,27.382338685341814,201.75826460901962,4.199547415668889,0
74.81173962889788,9.366530918590042,9.357185715429694,4.030473895218827,228.9054274045884,1340.923643417633,0.08333333333333333,39.5328359556386,111.74363695146941,53010.51442426652,0.44697454780587764,2945.0285791259175,52.368217740228516,15.814248429357196,4.389400747838673,68.18246616958571,23.0,34.0,108.5881005830796,120.3173268215088,14.049796377885063,0
26.765463851272663,3.642677520043587,2.303854264525776,3.1846503751051305,172.23975064721884,861.1987532360943,0.11764705882352941,59.486857734278935,101.31750038071696,51230.00771469393,0.2870662510786981,2846.111539705218,18.735824695890862,2.0141970365434267,2.2991274748634325,20.750021732434288,16.0,15.0,53.26603517866096,118.97371546855787,5.46401628006538,0
23.143283047332183,2.213034113534626,2.154356123551163,1.4513051083370059,75.6207924559483,315.333033090939,0.16666666666666666,13.84269279184595,52.5555055151565,4365.058304198862,0.105111011030313,242.50323912215902,16.200298133132527,4.266833337181323,3.4614315677412266,20.467131470313852,11.0,6.0,58.00281981178073,17.617972644167573,3.3195511703019394,0
64.16767015712298,9.144957729272225,6.900940119585398,3.3590412032879913,463.918594393288,2783.511566359728,0.06896551724137931,104.75442883864707,191.96631492136055,291585.1642997812,0.9278371887865761,16199.175794432289,44.91736910998608,12.877120136086686,8.233258787275803,57.79448924607277,28.0,35.0,194.55006309390987,269.36853129937816,13.717436593908337,1
20.70004757200227,2.1487795554537747,1.9237727094361103,1.1716272614554817,154.37179084759612,655.7601776410622,0.18181818181818182,32.84639038088666,119.22912320746586,21539.354791037913,0.21858672588035408,1196.6308217243286,14.490033300401587,2.86043046438685,1.3625158510173805,17.350463764788437,10.0,8.0,95.24828816200011,59.123502685595994,3.223169333180662,0
36.526043086083256,3.9692538028975703,2.764503383013892,2.2418648325998114,168.52662360639079,896.886572907359,0.06896551724137931,126.88865622132437,61.85424640740407,113804.73201916365,0.29896219096911963,6322.485112175758,25.568230160258278,9.049693363984218,2.4960631809365874,34.6179235242425,28.0,11.0,59.76491827382705,108.76170533256375,5.953880704346355,0
66.23962582752654,4.600663390394798,2.3695372848797955,2.4982133201588557,265.56936156612,1403.6408928834014,0.08333333333333333,41.254662226011,116.97007440695012,57906.730922521216,0.4678802976278005,3217.040606806734,46.36773807926858,11.944274909643706,7.2551028455406215,58.31201298891229,23.0,15.0,208.17157064297427,57.397790923145735,6.900995085592197,0
178.70213809442473,20.920109416870925,20.625352851718095,7.833205975317963,469.78015245840584,2786.142690631053,0.06666666666666667,96.11599524501138,185.7428460420702,267792.8776046175,0.928714230210351,14877.382089145416,125.0914966660973,10.433151072388497,12.405299609933868,135.52464773848578,29.0,31.0,257.6620939866566,212.11805847174924,31.380164125306386,1
8.029985129003064,1.0,1.0,1.0,171.40619490753988,924.2766111721394,0.18181818181818182,16.97514564039297,168.05029294038897,15689.73008665593,0.30809220372404644,871.651671480885,5.620989590302145,2.274719977289024,1.2020376374056332,7.895709567591169,10.0,31.0,62.76526280902486,108.64093209851501,1.5,0
95.02428228326136,9.796785574231142,7.103818057438713,8.198812833446443,256.22660859569777,1344.6586689257028,0.3333333333333333,17.72891977583313,448.2195563085676,23839.345667262347,0.44821955630856763,1324.4080926256859,66.51699759828294,20.502493309263894,12.442337618861528,87.01949090754684,5.0,32.0,22.20486755470047,234.0217410409973,14.695178361346713,0
5.530355126684874,1.0,1.0,1.0,88.84108734374243,363.134643293823,0.3333333333333333,14.032315621317569,121.04488109794099,5095.619927733495,0.121044881097941,283.0899959851942,3.871248588679412,1.5865331707142836,0.28748301359587713,5.457781759393695,5.0,11.0,21.48597236141811,67.35511498232432,1.5,0
6.666195680121775,1.0,1.0,1.0,103.04620537329333,402.5902506860637,0.2,17.763047021622167,80.51805013721275,7151.229553383206,0.1341967502286879,397.29053074351145,4.666336976085242,1.3529473091133382,0.526132679742788,6.01928428519858,9.0,5.0,79.36214267779711,23.684062695496223,1.5,0
45.95926123566465,5.981020905140627,5.58797466278368,3.795012763005481,359.4348942580265,2087.3660023286043,0.09523809523809523,69.88518790433528,198.79676212653374,145875.96529785567,0.695788667442868,8104.220294325315,32.17148286496525,10.042267600969636,3.5577638200440016,42.213750465934886,20.0,35.0,107.84821780241948,251.58667645560698,8.97153135771094,0
5.7841806805144005,1.0,1.0,1.0,225.99754914398386,1140.0207078913352,0.1,57.763209784929266,114.00207078913353,65851.25530909076,0.38000690263044506,3658.4030727272643,4.04892647636008,0.4958942656710479,0.7633141713507037,4.544820742031128,19.0,13.0,140.8728189346144,85.12473020936945,1.5,0
1.8677040882980704,1.0,1.0,1.0,330.2417177362485,1745.4603076840483,0.13333333333333333,53.822556967531725,232.72804102453978,93945.13684489015,0.5818201025613494,5219.174269160564,1.3073928618086492,0.09685445203185855,0.16905498027930466,1.4042473138405078,14.0,24.0,138.01829999506378,192.22341774118473,1.5,0
35.72575174305705,3.8190058411554655,3.720717062059577,1.6313991524012716,214.76647609690212,1165.3797597361906,0.08333333333333333,24.800116220639406,97.11497997801588,28901.553482638355,0.3884599199120635,1605.6418601465753,25.008026220139936,2.8435174005239716,2.8983020419868266,27.851543620663907,23.0,19.0,171.6358391914423,43.13063690545984,5.728508761733198,0
30.962944745424206,1.7458528744458248,1.338932881615492,1.0099407781728664,111.75866240725222,474.74269690542,0.16666666666666666,41.879363693626395,79.12378281757,19881.922064595128,0.15824756563514,1104.5512258108404,21.674061321796945,3.1516142110996777,3.6505877606616095,24.82567553289662,11.0,7.0,50.843224307432,60.91543809982021,2.618779311668737,0
7.673734617944397,1.0,1.0,1.0,371.7237655378885,1991.529405221697,0.09523809523809523,91.3027707707528,189.66946716397115,181832.1527681703,0.663843135073899,10101.78626489835,5.371614232561077,1.4449010620690528,1.022626835159262,6.81651529463013,20.0,20.0,179.9879469193076,191.73581861858088,1.5,0
7.400048505659865,1.0,1.0,1.0,102.62720627069297,410.50882508277186,0.2,12.80395151294086,82.10176501655438,5256.1350919941315,0.13683627502759063,292.0075051107851,5.180033953961905,0.8255706800845499,1.0807820721854187,6.005604634046454,9.0,6.0,82.70994836167385,19.917257909019114,1.5,0
32.4484555362453,2.4031787949312378,2.240671003899066,1.3812933148842694,214.16560369858541,1115.6857249895518,0.10526315789473684,32.350075478633585,117.44060263047913,36092.517413846035,0.37189524166318394,2005.1398563247797,22.713918875371707,5.491077736704894,4.429728372345085,28.204996612076602,18.0,18.0,145.87099991035893,68.29460378822647,3.6047681923968566,0
64.6262362837303,3.911590945286038,2.484198960396563,1.7070210455929165,410.8424249261085,2396.3986777467258,0.09523809523809523,58.88491811212552,228.22844549968815,141111.7399031218,0.7987995592489086,7839.541105728989,45.2383653986112,16.562439149008583,7.822412876105542,61.800804547619784,20.0,36.0,192.96822791124413,217.8741970148644,5.8673864179290565,0
20.76530660879725,1.8041770794486454,1.198156007449055,1.4956843026778397,392.7449214138535,2227.816245158546,0.15384615384615385,44.667274151275265,342.74096079362243,99510.47898116143,0.7426054150528486,5528.359943397857,14.535714626158073,4.016154259587644,1.8114068449148153,18.55186888574572,12.0,38.0,102.40763943056422,290.33728198328924,2.706265619172968,0
65.21921166023887,5.6102435774898085,3.4785591190103298,3.500733495853383,229.44197427094937,1281.4248223946806,0.09090909090909091,57.6071806190764,116.49316567224369,73819.27119345826,0.42714160746489355,4101.070621858792,45.65344816216721,12.399575359704016,6.6686424192081,58.053023521871225,21.0,26.0,81.30922410761005,148.13275016333932,8.415365366234713,0
34.13564578341225,2.0982314120347043,1.6962130967140958,1.6276143543035222,210.96696405344784,1045.1717549271118,0.15384615384615385,32.35930208722105,160.79565460417106,33821.02855071738,0.3483905849757039,1878.94603059541,23.894952048388575,9.804318102457374,3.5977527710662764,33.69927015084595,12.0,18.0,108.49584077724782,102.47112327620002,3.1473471180520565,0
13.736072808719243,1.6857670982808246,1.448181723603828,1.0,312.058548626844,1682.7187486875841,0.1111111111111111,81.48115189704147,186.968749854176,137109.8619618126,0.560906249562528,7617.214553434033,9.615250966103469,1.7792462744476274,1.4223268356650947,11.394497240551097,17.0,24.0,72.40810187083967,239.65044675600433,2.528650647421237,0
2.650136810768231,1.0,1.0,1.0,174.1989715247176,854.7752951393129,0.25,16.183154102608984,213.69382378482823,13832.960324342577,0.284925098379771,768.4977957968099,1.8550957675377615,0.6478933189606759,0.38962845293678133,2.502989086498437,7.0,22.0,67.8525302790014,106.34644124571618,1.5,0
10.403960579108704,1.2665175557631498,1.0,1.0,275.5299311779652,1485.7448483879746,0.15384615384615385,39.27423868741053,228.57613052122687,58351.49780417988,0.49524828279599153,3241.7498780099936,7.282772405376092,2.7853849030796973,1.3267814169052163,10.06815730845579,12.0,29.0,79.15873774091249,196.37119343705268,1.8997763336447249,0
35.78472905259878,3.958560331436037,3.7872143763301227,1.7462631270136106,399.09141773140743,2228.910602389553,0.2,37.59656124166665,445.7821204779106,83799.37396493893,0.7429702007965177,4655.52077582994,25.049310336819143,9.427621862089284,2.0140206776933414,34.47693219890843,9.0,38.0,73.25455363696321,325.83686409444425,5.937840497154056,0
12.708869871491336,1.5570604488924473,1.4729642885577434,1.0,225.9500563961588,1226.0648273454278,0.125,25.239355092967248,153.25810341817848,30945.085544368834,0.4086882757818093,1719.1714191316019,8.896208910043935,2.0179374396135015,1.3989826320401153,10.914146349657436,15.0,27.0,131.72313071574774,94.22692568041106,2.335590673338671,0
97.00119260345025,8.520093739159229,6.038780273599583,4.082988016935802,173.0527105116613,735.115370258474,0.2222222222222222,35.058899524439056,163.35897116854974,25772.335904762655,0.24503845675282465,1431.7964391534808,67.90083482241516,18.47834870574267,11.841380382912597,86.37918352815782,8.0,10.0,76.64073681945392,96.4119736922074,12.780140608738844,0
58.67265853193877,7.042396097958566,5.362087781352012,3.8217686229772125,84.89883773953338,408.1388454841156,0.25,11.65127951533222,102.0347113710289,4755.339769800418,0.13604628182803855,264.1855427666899,41.07086097235714,9.206433643764608,5.000858668641318,50.27729461612175,7.0,20.0,14.991160647540049,69.90767709199332,10.563594146937849,0
31.02191444261991,2.7513740529133224,1.7088759040361234,1.8456678285710773,296.04643662565593,1734.2343994283315,0.08695652173913043,66.1505917069415,150.8029912546375,114720.63168071645,0.5780781331427771,6373.36842670647,21.715340109833935,2.1301891896721616,1.9813101833819973,23.845529299506097,22.0,35.0,79.55359103930193,216.49284558635398,4.127061079369984,0
21.75106540620717,2.6756683225790523,1.962509848953375,1.9352887371239553,182.35351786061483,919.8630131404121,0.2,28.245125035081262,183.97260262808243,25981.645821297538,0.3066210043801374,1443.4247678498632,15.225745784345019,6.088148380845485,1.7140890041618826,21.313894165190504,9.0,23.0,31.7128510068481,150.64066685376673,4.013502483868578,0
23.09576198603606,2.8180934720101947,2.379869483199764,1.1714014127739005,302.68393611016245,1741.9120010260197,0.1111111111111111,56.89759580157517,193.54577789177995,99110.60495629146,0.5806373336753399,5506.14471979397,16.167033390225242,5.346790136746948,1.5605134096870206,21.51382352697219,17.0,36.0,55.01204850330578,247.67188760685664,4.227140208015292,0
9.995283721008281,1.0,1.0,1.0,336.12298815554084,1934.3499837261613,0.06896551724137931,40.34577710909042,133.40344715352836,78042.85329438839,0.6447833279087204,4335.714071910466,6.996698604705797,2.517487461430033,1.0823931133006972,9.51418606613583,28.0,25.0,261.1951163815158,74.92787177402506,1.5,0
6.790710212979224,1.0,1.0,1.0,145.8556635641894,735.753451558322,0.08333333333333333,28.541822546887083,61.31278762986017,20999.744452637307,0.24525115051944066,1166.6524695909616,4.753497149085456,0.7333534524706812,0.6279943571750745,5.486850601556138,23.0,9.0,121.0366874364615,24.8189761277279,1.5,0
44.62126272460349,2.9960004494761665,1.5100175083540546,2.0618218541662348,183.33777290696895,1023.9345866511527,0.13333333333333333,25.53299382043878,136.52461155348703,26144.11547349742,0.3413115288837176,1452.4508596387454,31.23488390722244,8.707913649283181,6.674659226552125,39.942797556505624,14.0,33.0,59.32037435055203,124.01739855641692,4.4940006742142495,0
22.501009143893654,1.4549086995797762,1.4388294847826963,1.2869804292298568,288.3594170921,1703.3075289764797,0.06896551724137931,99.17476687040559,117.4694847569986,168925.12709484898,0.5677691763254933,9384.729283047165,15.750706400725557,1.9547763311993416,3.2882705071428067,17.7054827319249,28.0,31.0,61.67423567403006,226.68518141806993,2.1823630493696644,0
37.51744129877392,5.005225952521853,3.9617749295232576,1.5354562484464616,215.7562593868267,1235.834691341848,0.06666666666666667,31.396149049227148,82.38897942278986,38800.45016957429,0.4119448971139493,2155.5805649763493,26.26220890914174,9.046636359373927,4.977362100740885,35.30884526851567,29.0,23.0,163.79021958120936,51.96603980561735,7.507838928782779,0
7.464496737123364,1.0,1.0,1.0,248.01699375244138,1282.2292567833085,0.06666666666666667,89.59748601199348,85.48195045222057,114884.51789881129,0.42740975226110284,6382.473216600627,5.225147715986354,0.7716723511196071,0.8384096573122536,5.996820067105961,29.0,6.0,204.76303498803074,43.25395876441064,1.5,0
16.67934063962618,1.4669579261455685,1.0,1.0,212.28532725909253,1151.9163892464144,0.14285714285714285,25.5469456827852,164.5594841780592,29427.945427188202,0.3839721297488048,1634.8858570660113,11.675538447738324,3.095246639237207,1.0911448462027908,14.77078508697553,13.0,29.0,94.37634718469928,117.90898007439323,2.200436889218353,0
13.085431579591926,1.0,1.0,1.0,213.5615231100515,1211.4117957594872,0.06896551724137931,38.164544978082226,83.54564108686118,46232.97996624231,0.40380393191982905,2568.4988870134616,9.159802105714348,1.9230857632731886,1.094084213317342,11.082887868987537,28.0,22.0,150.86262778891643,62.69889532113508,1.5,0
51.23168938236093,4.949503559848288,4.578473408666003,3.0755681337118563,124.74822656491699,520.1907488386373,0.18181818181818182,21.991432997052044,94.58013615247951,11439.739998771222,0.17339691627954576,635.5411110428456,35.86218256765265,14.12817092488013,4.700864981955588,49.99035349253278,10.0,7.0,89.56193376963373,35.18629279528327,7.424255339772431,0
152.1874654132404,19.597910483896456,14.858392431812536,14.29170615030163,389.7254714053695,2311.359404663122,0.07407407407407407,72.24060650748162,171.21180775282383,166974.00524963555,0.7704531348877073,9276.333624979752,106.53122578926828,25.060679831689402,18.88416789594552,131.59190562095768,26.0,34.0,195.2315308083036,194.4939405970659,29.396865725844684,1
58.4245848331499,6.727380918072305,5.889451575749693,4.528353846353872,67.63069114701392,301.5944424912874,0.18181818181818182,18.686301777394075,54.83535318023407,5635.684766777119,0.10053148083042913,313.0935981542844,40.89720938320493,7.388188551997914,7.161624659349482,48.285397935202845,10.0,11.0,22.783566881268147,44.84712426574578,10.091071377108458,0
4.7085044014896225,1.0,1.0,1.0,192.19709918077078,969.5179168652335,0.07407407407407407,94.5514603938803,71.81614199001729,91669.33491764046,0.3231726389550778,5092.740828757804,3.2959530810427355,0.25749597425358756,0.5937158622921361,3.553449055296323,26.0,6.0,141.28477435329677,50.912324827474016,1.5,0
32.78363488652103,4.746359537407774,3.676520049513931,2.425356029956006,327.0942809354349,1846.0730820973668,0.08695652173913043,60.08384991687246,160.5280940954232,110919.17800031636,0.6153576940324555,6162.176555573131,22.94854442056472,6.779648231785339,4.711605971161148,29.72819265235006,22.0,27.0,174.15357205612315,152.94070887931173,7.119539306111662,0
14.275160140889241,1.641946139981321,1.1828152901770381,1.0,423.16934559204395,2529.401633647922,0.07692307692307693,58.04808758387565,194.56935643445556,146826.92756479274,0.8431338778826407,8157.051531377375,9.992612098622468,2.515149280347703,1.3020502879580924,12.507761378970171,25.0,37.0,246.70315933706198,176.46618625498198,2.4629192099719814,0
9.30669671667721,1.0,1.0,1.0,392.8573545555281,2239.4596674721697,0.14285714285714285,60.37714834618048,319.92280963888135,135212.1885582552,0.7464865558240565,7511.7882532364,6.514687701674047,2.0305534723558534,0.5851267673728613,8.5452411740299,13.0,38.0,30.59446447844519,362.26289007708294,1.5,0
30.561273163303223,3.4415217340832025,3.0019636649258485,1.0569821889754552,177.89884853180732,988.1549607810656,0.2,17.177729764495847,197.63099215621313,16974.25888174314,0.32938498692702184,943.0143823190633,21.392891214312254,5.962002464470347,4.177896664550262,27.354893678782602,9.0,37.0,32.842463853842396,145.05638467796493,5.1622826011248035,0
8.355316328299228,1.0,1.0,1.0,138.79849710399094,728.4044517766538,0.3333333333333333,9.525370139935752,242.80148392555125,6938.3220147496095,0.24280148392555126,385.46233415275606,5.848721429809459,2.0033637188503746,1.2486690733861494,7.8520851486598335,5.0,32.0,13.063611256839023,125.73488584715193,1.5,0
45.584656336040005,6.457182033193081,5.462651641524813,3.216130321223581,234.5320596116943,1172.6602980584717,0.14285714285714285,59.101493371323606,167.5228997226388,69305.97483251712,0.3908867660194906,3850.3319351398404,31.909259435228,3.565110001015736,5.4511561804994555,35.47436943624374,13.0,18.0,61.77384821859455,172.75821139309977,9.68577304978962,0
6.680788651042339,1.0,1.0,1.0,378.849770701687,2080.587286271847,0.08333333333333333,86.51805816118818,173.38227385598725,180008.37184309633,0.693529095423949,10000.46510239424,4.676552055729637,0.3860501542408787,0.5130422019810151,5.062602209970516,23.0,21.0,213.33696378463134,165.51280691705566,1.5,0
2.259042412189865,1.0,1.0,1.0,180.50785283964325,954.0566059207107,0.08333333333333333,29.04675948414257,79.50471716005922,27712.25276643627,0.3180188686402369,1539.5695981353483,1.5813296885329053,0.28570233042285936,0.21132432159175038,1.8670320189557648,23.0,15.0,140.09497007909707,40.41288276054618,1.5,0
23.160264212776184,3.155557926012557,2.9206410701333603,1.0,418.9402100782057,2432.9344910455147,0.1,61.49958911070918,243.29344910455148,149624.4715325715,0.8109781636818383,8312.470640698417,16.212184948943328,6.106971166278147,2.091012766607495,22.319156115221475,19.0,36.0,179.415494594391,239.5247154838147,4.733336889018835,0
64.70315442690773,8.398203985058561,7.13044924474895,6.883124319067207,229.81970744261224,1290.3709737497122,0.07692307692307693,74.39366725446357,99.2593056730548,95995.42885595423,0.43012365791657076,5333.079380886346,45.29220809883541,18.67029574741621,7.254887845468704,63.96250384625162,25.0,23.0,86.98386631404217,142.83584112857005,12.597305977587842,0
18.857456869677645,1.8057717541854366,1.2533921510906336,1.0,109.99009353616219,449.58042023471205,0.2,16.389354995953518,89.91608404694242,7368.33310645666,0.14986014007823736,409.35183924759224,13.200219808774351,2.059947977622608,2.3346817965699156,15.26016778639696,9.0,7.0,80.85346243224483,29.136631103917367,2.7086576312781547,0
3.0751332899990245,1.0,1.0,1.0,268.9061019339303,1476.7928085277983,0.08695652173913043,98.8323995250388,128.41676595893898,145954.9768681235,0.4922642695092661,8108.60982600686,2.152593302999317,0.42227188263201826,0.26128120500643875,2.5748651856313356,22.0,22.0,62.25653929066733,206.64956264326295,1.5,0
3.6647836722027063,1.0,1.0,1.0,187.13802789107763,899.6389194863251,0.18181818181818182,33.206616690654876,163.5707126338773,29873.964759377322,0.299879639828775,1659.6647088542957,2.5653485705418944,1.0695473136544857,0.5134589179900457,3.6348958841963803,10.0,17.0,67.59420780472007,119.54382008635756,1.5,0
11.612142317789441,1.0,1.0,1.0,121.6064733984096,550.0944166753048,0.14285714285714285,40.67534284588269,78.58491666790069,22375.278995873872,0.18336480555843496,1243.0710553263261,8.128499622452608,1.4880543811792213,1.189588840234845,9.61655400363183,13.0,9.0,59.02902286628239,62.577450532127216,1.5,0
71.32394002397429,6.920751236056904,6.903976711165327,5.604591164658132,360.3291137146864,1917.6456336840529,0.08333333333333333,106.9272216174513,159.8038028070044,205048.51965667255,0.6392152112280176,11391.584425370696,49.926758016781996,14.689086736169571,9.359375739444172,64.61584475295157,23.0,16.0,202.26278610628015,158.06632760840625,10.381126854085355,1
5.193565743616523,1.0,1.0,1.0,326.9346276489947,1872.6555410156798,0.07692307692307693,98.43384854058262,144.05042623197536,184332.6918930202,0.6242185136718933,10240.70510516779,3.6354960205315656,0.5678426897932807,0.715242619004123,4.2033387103248465,25.0,27.0,106.44280691808967,220.49182073090506,1.5,0
7.912850197787105,1.0,1.0,1.0,181.47296492748356,890.4679849598637,0.2857142857142857,16.10902860340274,254.41942427424675,14344.574240132846,0.2968226616532879,796.9207911184915,5.538995138450973,2.0979706019895508,1.074970826895496,7.636965740440524,6.0,23.0,52.600736100261635,128.87222882722193,1.5,0
48.83196952030073,5.1721171334510805,4.357833547679562,1.68346575884855,255.63195426082552,1435.2992500586658,0.07407407407407407,77.29180972040822,106.31846296730858,110936.87652737902,0.4784330833528886,6163.159807076612,34.18237866421051,11.225212262345611,5.402000548576608,45.407590926556125,26.0,22.0,118.88490629394944,136.7470479668761,7.75817570017662,0
31.27746908558553,1.9791061272321906,1.3304629392546905,1.492071753900258,197.76738226362164,1104.5234138081132,0.08333333333333333,60.758790089549365,92.04361781734276,67109.50624855963,0.3681744712693711,3728.305902697757,21.89422835990987,2.875458543257179,2.2725038334933254,24.76968690316705,23.0,24.0,65.68305598199261,132.08432628162905,2.968659190848286,0
43.52059699756878,4.313218663913316,3.2280708254501342,3.078383786162854,259.48425746966336,1260.5695913224142,0.18181818181818182,44.5605474060543,229.19447114952987,56171.67103275293,0.4201898637741381,3120.648390708496,30.464417898298144,8.160051509750895,4.94202296854394,38.62446940804904,10.0,18.0,90.15417732665705,169.3300801430063,6.4698279958699745,0
90.62213713041244,11.26922878579343,10.917549562706155,4.138868874519387,349.48083028019533,1884.5115700470844,0.25,32.96140929298016,471.1278925117711,62116.15717767859,0.6281705233490281,3450.897620982144,63.435495991288704,14.850959739066662,10.458418303189186,78.28645573035537,7.0,34.0,19.866737350393734,329.6140929298016,16.903843178690146,0
5.284398164891839,1.0,1.0,1.0,421.90057267601185,2416.6129200228556,0.07692307692307693,109.74569998747592,185.89330154021968,265212.87650668644,0.8055376400076185,14734.048694815914,3.699078715424287,1.281785993101182,0.4714294854581202,4.980864708525469,25.0,27.0,176.07020470406582,245.83036797194606,1.5,1
7.550550958706297,1.0,1.0,1.0,161.91040305181326,867.4434044387641,0.09523809523809523,19.178502427755717,82.61365756559658,16636.265437969523,0.289147801479588,924.2369687760846,5.285385671094407,1.7510544858359682,0.8069138949116337,7.036440156930375,20.0,20.0,121.63554795352627,40.274855098287006,1.5,0
6.508610765379856,1.0,1.0,1.0,119.5081958711402,466.90544654709845,0.2,34.53904401346186,93.38108930941969,16126.467768415298,0.15563514884903282,895.9148760230721,4.5560275357658995,1.4513536872542239,0.6806708581463602,6.007381223020124,9.0,5.0,73.45613718652439,46.052058684615815,1.5,0
20.697887168130926,2.0234475678210186,1.2812555788378226,1.668078720994372,253.61918727864514,1392.839318944843,0.07142857142857142,37.49589903920966,99.48852278177449,52225.76248099738,0.4642797729816143,2901.4312489442987,14.488521017691648,4.687401371438552,1.0446900146686406,19.1759223891302,27.0,17.0,203.6246552263656,49.99453205227955,3.035171351731528,0
218.0863035498385,29.745995411669423,20.63093966134484,13.907420180913018,389.92590403598183,2303.249655534291,0.08,71.58044303086092,184.25997244274328,164867.63075382236,0.767749885178097,9159.312819656798,152.66041248488693,59.60094506691712,24.515356333476642,212.26135755180405,24.0,35.0,175.18457494339904,214.74132909258276,44.61899311750413,1
4.901406105034605,1.0,1.0,1.0,150.83442229220043,767.3645185930314,0.08,27.92951258241966,61.389161487442514,21432.11697734648,0.2557881728643438,1190.6731654081377,3.4309842735242233,1.190709914570766,0.2867765368405766,4.621694188094989,24.0,9.0,127.55982847351737,23.27459381868305,1.5,0
12.503518405173867,1.51004007170797,1.4362830383870968,1.2921742860797498,140.88763300963558,654.261906614506,0.2,21.259679012412754,130.8523813229012,13909.398124673566,0.21808730220483533,772.7443402596425,8.752462883621707,2.3692242016854115,1.0797510983722445,11.12168708530712,9.0,15.0,65.29766318772359,75.589969821912,2.265060107561955,0
70.2207374801098,4.077613667953636,3.0630323073441628,2.8952224539180973,108.4701853049007,547.1663648777628,0.14285714285714285,13.89451570168892,78.16662355396612,7602.611648230125,0.18238878829258762,422.3673137905625,49.15451623607686,19.037426135062333,6.737529894771614,68.19194237113919,13.0,19.0,65.71782929970401,42.75235600519668,6.116420501930454,0
24.628780774383557,3.5116906014594464,3.2475745394594955,1.9769516495520723,323.7819280271068,1817.9415786403983,0.06666666666666667,116.2112476844826,121.19610524269322,211265.25907129864,0.6059805262134661,11736.958837294369,17.240146542068487,3.3995144120724636,3.0601595808385027,20.63966095414095,29.0,19.0,163.4905519105791,160.29137611652772,5.26753590218917,0
3.424072205878698,1.0,1.0,1.0,285.83806196265715,1613.2289152811538,0.13333333333333333,46.91508405894417,215.09718870415384,75684.77016673466,0.5377429717603847,4204.709453707481,2.3968505441150882,0.9195558930557699,0.23479752397479656,3.3164064371708584,14.0,35.0,44.560486802372864,241.27757516028427,1.5,0
1.590016590237523,1.0,1.0,1.0,102.8337481953724,523.1628727704511,0.08,27.072467122035548,41.85302982163609,14163.309672547704,0.17438762425681706,786.8505373637613,1.113011613166266,0.32227267205798815,0.22916183788320463,1.4352842852242542,24.0,9.0,80.27335892700944,22.560389268362954,1.5,0
12.677841551531243,1.0,1.0,1.0,233.4522993419011,1145.5248921639593,0.10526315789473684,43.27677724389979,120.58156759620624,49574.62558552199,0.38184163072131977,2754.145865862333,8.87448908607187,3.225177972014979,0.7148982992360693,12.09966705808685,18.0,11.0,175.74992968336804,57.702369658533044,1.5,0
34.8606444580512,3.08578814596304,1.95750521419967,2.411583414343791,433.886011802668,2461.1860088763974,0.07692307692307693,104.1737311937919,189.32200068279982,256390.92970661132,0.8203953362921325,14243.940539256184,24.40245112063584,7.884153611664358,1.9403842340488369,32.2866047323002,25.0,25.0,217.2046509195809,216.68136088308714,4.62868221894456,1
9.347667437067296,1.0,1.0,1.0,284.2449016980779,1512.7309281754974,0.16666666666666666,36.09188919918993,252.1218213625829,54597.31704789779,0.5042436427251658,3033.184280438766,6.543367205947106,1.1359217948431473,0.6048386737596796,7.679289000790254,11.0,28.0,93.94221319325831,190.30268850481963,1.5,0
25.428558545113408,2.925756427797982,1.6928747247213312,2.0597423516931768,100.14807197365678,505.1863453290014,0.07142857142857142,74.83713592603624,36.084738952071525,37806.699193363966,0.16839544844300047,2100.372177409109,17.799990981579384,7.591971218853244,1.6775745145932688,25.39196220043263,27.0,5.0,66.88712267319623,33.26094930046055,4.3886346416969735,0
2.3629809021934993,1.0,1.0,1.0,211.53705481325568,1118.0584188815667,0.3333333333333333,13.798648085503586,372.6861396271889,15427.694661181296,0.3726861396271889,857.0941478434054,1.6540866315354494,0.28532129620463054,0.2565686305529006,1.93940792774008,5.0,33.0,23.875440850406907,187.66161396284878,1.5,0
41.27648234457601,4.713388968829703,3.674593851812859,2.512261143011133,223.37866126905922,1247.561446648989,0.1,53.19636201379843,124.7561446648989,66365.73035039769,0.415853815549663,3686.9850194665382,28.893537641203206,7.683747351184259,5.3152371034052885,36.57728499238746,19.0,28.0,60.989766700621914,162.3888945684373,7.070083453244554,0
51.21807746024117,5.113128254069255,3.4303223299826584,3.303881126457947,121.4420802125893,496.38999023310186,0.25,28.853886484969586,124.09749755827546,14322.780430461082,0.16546333007770062,795.7100239145045,35.852654222168816,6.144813069993772,6.215802028683577,41.99746729216259,7.0,9.0,39.002404541247635,82.43967567134167,7.669692381103882,0
60.333175775865804,8.063564852814345,4.17928459746237,4.207509836417028,260.7980879948056,1368.6494614414214,0.18181818181818182,32.72363306542789,248.84535662571298,44787.18277140457,0.45621648714714047,2488.1768206335873,42.23322304310606,9.98041032135411,4.132941790925668,52.213633364460165,10.0,27.0,77.54574282840944,183.25234516639617,12.095347279221517,0
17.117580929097638,1.3346010389964709,1.0,1.0,324.0234137959262,1747.2370996000247,0.125,66.83144947987277,218.4046374500031,116770.38795127849,0.5824123665333416,6487.243775071027,11.982306650368345,3.4849993780314263,2.3712264109844203,15.467306028399772,15.0,26.0,83.43019566838421,240.593218127542,2.001901558494706,0
20.369071852185133,1.5465764662734396,1.5428346456548079,1.1623816048715845,229.1224333836579,1089.4513949612367,0.09090909090909091,72.76786217957608,99.04103590556697,79277.04895988619,0.3631504649870789,4404.280497771455,14.258350296529592,2.1310301206060873,1.360177174142814,16.38938041713568,21.0,5.0,187.54079785247157,41.581635531186336,2.3198646994101595,0
18.844084716948604,2.062077188102936,1.0333794407933288,1.221712373303118,400.5999449597264,2305.4076166161026,0.09090909090909091,83.45546701611855,209.58251060146387,192398.8693072136,0.7684692055387009,10688.826072622978,13.190859301864021,3.4329887556286955,2.0706721103893093,16.623848057492715,21.0,32.0,138.3113343376395,262.2886106220869,3.0931157821544035,0
11.967655838471101,1.758260419674422,1.4077611079955878,1.5389010125718139,231.39337551075624,1231.4589061015151,0.06666666666666667,111.72763341978632,82.09726040676767,137587.98923244115,0.4104863020338384,7643.777179580064,8.37735908692977,3.08048269786188,1.2212999209813309,11.45784178479165,29.0,10.0,146.63448119229767,84.75889431845859,2.637390629511633,0
17.707199858208238,1.7481388549177344,1.0,1.0,395.3203199815174,2275.0239688128977,0.1111111111111111,74.00157980778353,252.78044097921085,168355.36779272807,0.7583413229376326,9353.075988484892,12.395039900745767,4.793433855826479,1.9633642132219562,17.188473756572247,17.0,36.0,73.19579611234201,322.1245238691754,2.6222082823766018,0
9.94891476232284,1.0,1.0,1.0,158.25294056323432,818.1558339696293,0.10526315789473684,23.760237729599062,86.12166673364518,19439.57711497677,0.27271861132320974,1079.9765063875984,6.9642403336259875,1.216618329689727,0.7342502339622614,8.180858663315714,18.0,17.0,110.7324651040362,47.520475459198124,1.5,0
11.739372273109215,1.1176124625230137,1.0,1.0,184.8674418706135,858.4978142186676,0.1,29.32560256327976,85.84978142186677,25175.96570122103,0.2861659380728892,1398.664761178946,8.21756059117645,1.0469391205352019,1.252601990940279,9.264499711711652,19.0,5.0,166.34600867275262,18.5214331978609,1.6764186937845205,0
87.75313690676984,4.590292411724495,2.5862594691332172,2.9932690566569904,309.63171336748377,1680.1436531839995,0.08,58.31617312645868,134.41149225471997,97979.54815639886,0.5600478843946665,5443.308230911048,61.42719583473888,11.516686172005818,7.648063468541061,72.9438820067447,24.0,18.0,217.29777258392417,92.33394078355958,6.885438617586743,0
16.15040273609631,1.4690590851176553,1.0,1.0,123.73042023917668,634.6483432122727,0.09090909090909091,53.98894769903759,57.695303928388434,34263.99620896825,0.21154944773742423,1903.5553449426807,11.305281915267416,1.6303156166731307,1.908376149617276,12.935597531940548,21.0,13.0,51.745156640459896,71.98526359871678,2.203588627676483,0
49.28398496039263,5.137172618958854,4.511958191357125,2.7850104430709592,224.99778220075532,1364.856614484974,0.06896551724137931,33.264835032380425,94.12804237827406,45401.73012369591,0.45495220482832466,2522.3183402053282,34.49878947227484,11.438470482747762,4.593636661895917,45.9372599550226,28.0,38.0,132.33145603912413,92.66632616163119,7.70575892843828,0
4.1260893501176295,1.0,1.0,1.0,198.89433653047368,1036.1307708432132,0.15384615384615385,29.251023298833232,159.40473397587897,30307.885318572866,0.3453769236144044,1683.7714065873815,2.8882625450823403,1.1969779814421797,0.2207705616604374,4.08524052652452,12.0,24.0,77.0150727853352,121.87926374513847,1.5,0
8.963817074628125,1.0,1.0,1.0,354.44996401357054,2030.2611989925203,0.125,45.97403825376708,253.78264987406504,93339.30602762115,0.6767537329975067,5185.517001534508,6.274671952239687,1.1628278887939165,0.807622521820249,7.4374998410336035,15.0,37.0,121.51483686115068,232.93512715241985,1.5,0
9.185051523960402,1.1204608453114409,1.0,1.0,313.25199874967575,1758.8190810685694,0.08333333333333333,101.72013216568801,146.56825675571412,178907.30938182882,0.5862730270228564,9939.294965657156,6.429536066772281,1.182278362135721,0.5172265277991875,7.611814428908001,23.0,25.0,83.27604776638111,229.97595098329464,1.6806912679671613,0
19.613021980136914,1.1460729166412977,1.0,1.0,226.61481385908047,1237.1880800338695,0.14285714285714285,29.165357032034326,176.74115429055277,36083.03206996486,0.4123960266779565,2004.6128927758255,13.729115386095838,4.446065310077844,2.424720697471498,18.175180696173683,13.0,30.0,87.51849570630138,139.0963181527791,1.7191093749619466,0
4.670587606889033,1.0,1.0,1.0,231.15794876687383,1221.762735320081,0.07692307692307693,93.409723701174,93.98174887077546,114124.51953463934,0.40725424510669367,6340.251085257742,3.2694113248223227,1.0327461896127368,0.3453345675235566,4.302157514435059,25.0,13.0,126.53905822155895,104.61889054531488,1.5,0
5.197824963812485,1.0,1.0,1.0,208.5124921175863,1086.2361038376398,0.07407407407407407,107.77859642499723,80.46193361760294,117073.00265777837,0.36207870127921327,6504.05570320991,3.638477474668739,0.8268274044804534,0.3553150661210126,4.465304879149192,26.0,10.0,117.3152182195117,91.19727389807458,1.5,0
12.954816335881468,1.0,1.0,1.0,310.2748453744984,1817.5841474699575,0.08,49.810626994908375,145.40673179759662,90535.0060014846,0.6058613824899859,5029.722555638033,9.068371435117026,1.665350062000969,1.7202000530783184,10.733721497117994,24.0,33.0,169.14473555559135,141.13010981890704,1.5,0
5.978165325913847,1.0,1.0,1.0,191.78740679343227,1027.511005726657,0.1111111111111111,51.17563515348448,114.16788952518411,52583.5283452573,0.3425036685755523,2921.307130292072,4.184715728139692,1.0171452961013085,0.6337419862164045,5.201861024241001,17.0,23.0,47.291495771829034,144.49591102160323,1.5,0
12.389319272905855,1.0177567879198761,1.0,1.0,271.4753289498532,1482.1009945487897,0.16666666666666666,38.99636740036936,247.01683242479828,57796.55490787743,0.49403366484959654,3210.9197171043015,8.672523491034097,2.7959822672007255,1.7344429553137481,11.468505758234823,11.0,32.0,37.497124547637064,233.97820440221614,1.526635181879814,0
130.7393702167533,15.470615706634197,12.067648688686473,13.105756536682973,280.7520537859681,1559.4622280451388,0.25,21.893050788741164,389.8655570112847,34141.385761715675,0.519820742681713,1896.7436534286487,91.5175591517273,20.085531484274632,10.94148798946908,111.60309063600192,7.0,39.0,30.545759057497637,250.20629472847045,23.205923559951295,0
5.575397197521686,1.0,1.0,1.0,159.00835656453918,815.5988628788205,0.07142857142857142,49.52338749370681,58.257061634201456,40391.21852577447,0.27186628762627346,2243.9565847652484,3.90277803826518,1.4898265278662333,0.41250635037208694,5.392604566131413,27.0,7.0,129.6611639756759,29.347192588863294,1.5,0
14.13706366287956,1.4558336475478424,1.3455906806663875,1.1070063784172393,133.44758358422698,627.2623221692536,0.25,18.524582888954885,156.8155805423134,11619.772880142662,0.20908744072308452,645.5429377857034,9.895944564015691,3.075820951903266,1.0847171302722627,12.971765515918957,7.0,18.0,32.88556218704333,100.56202139718366,2.1837504713217637,0
46.00551168531077,4.47679396055975,3.8273065136514943,2.669958617563046,307.73694384902757,1727.8536480270643,0.06666666666666667,29.20022433979997,115.19024320180428,50453.714148732055,0.5759512160090214,2802.984119374003,32.203858179717535,9.831878212884025,6.893837105858773,42.035736392601564,29.0,19.0,267.4607723458552,40.27617150317237,6.715190940839625,0
8.46077232437489,1.0,1.0,1.0,321.78363643721826,1688.6971990348054,0.2857142857142857,26.5754662039889,482.48491400994436,44877.91534172019,0.5628990663449351,2493.2175189844547,5.922540627062423,1.9042893896389852,1.1160940675445015,7.826830016701408,6.0,31.0,38.311996928003325,283.4716395092149,1.5,0
4.5458657769671,1.0,1.0,1.0,245.4387128085479,1314.950667818318,0.2857142857142857,17.25723894136615,375.70019080523366,22692.4178706497,0.4383168892727726,1260.689881702761,3.1821060438769697,1.2714001261936283,0.5632421539991137,4.4535061700705985,6.0,34.0,44.1042584926095,201.33445431593842,1.5,0
8.895797042847981,1.1159598480973099,1.0741351159016257,1.0,421.68487953923034,2415.377446892776,0.07142857142857142,81.55683927117278,172.52696049234112,196990.5502154498,0.8051258156309253,10943.919456413878,6.227057929993586,1.2728514808295954,0.5977798115813546,7.499909410823182,27.0,25.0,264.612448350305,157.07243118892535,1.6739397721459648,0
1.2232209064710984,1.0,1.0,1.0,405.86161567133297,2241.8017797460075,0.10526315789473684,83.38344706912218,235.97913471010602,186929.16004091513,0.7472672599153358,10384.953335606397,1.0,0.20443295422632302,0.06622851542041792,1.204432954226323,18.0,27.0,146.44644701184177,259.4151686594912,1.5,0
46.279927992462625,2.664756813959876,2.5085505495287967,2.2700897473663164,241.83036550731796,1295.6187595012552,0.07142857142857142,105.54805889309608,92.5441971072325,136750.04513083858,0.43187291983375176,7597.224729491032,32.39594959472384,3.240127673674856,3.9557154782205743,35.636077268398694,27.0,13.0,132.3731192478109,109.45724625950706,3.997135220939814,0
16.126110534888703,1.9215806760991812,1.5488536089250016,1.611426776974878,148.8829250093045,723.2704201942047,0.1111111111111111,42.90574390086685,80.3633800215783,31032.455419924903,0.2410901400647349,1724.025301106939,11.28827737442209,1.933577158621396,2.338542608677536,13.221854533043487,17.0,11.0,88.31011009043364,60.572814918870854,2.882371014148772,0
11.584621593086734,1.3113819183833133,1.0,1.0,265.5352348559659,1599.1508516215204,0.07407407407407407,44.095068554789485,118.45561863863114,70514.66643170093,0.5330502838738401,3917.4814684278294,8.109235115160713,1.4857528711190346,0.9608036143586652,9.594987986279747,26.0,38.0,133.25002919159746,132.28520566436845,1.96707287757497,0
17.094384553827137,2.1032104323463314,1.2610220270543073,1.5112049021335825,146.77455781831912,713.0280124496472,0.08333333333333333,64.16473915493914,59.4190010374706,45751.25642899631,0.2376760041498824,2541.736468277573,11.966069187678995,5.091884749014768,2.0515654374393977,17.057953936693764,23.0,5.0,113.29730260704652,33.4772552112726,3.154815648519497,0
11.507508819279883,1.0,1.0,1.0,290.3933658125421,1545.452612086671,0.16666666666666666,42.751426521851094,257.57543534777847,66070.30378862616,0.515150870695557,3670.572432701453,8.055256173495918,1.7619886488151215,1.0555190903592973,9.81724482231104,11.0,28.0,64.97675324278175,225.41661256976033,1.5,0
111.82156222576766,14.665531101976377,12.059644932830652,9.744168657089414,185.2340381537605,1023.1516861129248,0.08,64.96724428956469,81.85213488903399,66471.3455369784,0.3410505620376416,3692.8525298321338,78.27509355803736,10.844054901026064,6.187974907083112,89.11914845906342,24.0,21.0,66.12742362289191,119.1066145308686,21.998296652964566,0
75.44279554813852,7.656581284165379,4.5469962258617755,3.9271777279277074,70.20771642519979,292.7609120156127,0.15384615384615385,23.942046558881867,45.040140310094266,7009.295386098516,0.0975869706718709,389.40529922769537,52.80995688369696,21.442546018289555,5.65679390236973,74.25250290198652,12.0,5.0,46.26566986631792,23.942046558881867,11.484871926248069,0
146.2134023979058,12.342431262944693,12.09881138521198,9.600414673722025,150.91407545513317,691.9353767927886,0.125,55.78733991620306,86.49192209909857,38601.23406518534,0.2306451255975962,2144.5130036214077,102.34938167853406,23.41282427614532,20.56688845356222,125.76220595467937,15.0,8.0,83.96926755568951,66.94480789944367,18.51364689441704,0
35.445759800239884,4.033990789292646,3.8110700558890773,3.284684991774426,191.77391305410475,1087.823204337142,0.11764705882352941,16.21433032159645,127.979200510252,17638.32476661993,0.36260773477904734,979.9069314788851,24.812031860167917,4.129558978333033,5.206802816678234,28.94159083850095,16.0,34.0,120.8362178971203,70.93769515698446,6.050986183938969,0
45.59948896624468,2.5814832767038918,2.1878014598087585,1.0,123.10414029199877,679.9733459499897,0.2857142857142857,7.583390730204413,194.2780988428542,5156.50356846323,0.22665778198332992,286.4724204701795,31.919642276371274,12.22794048037035,2.6138613475289607,44.14758275674163,6.0,39.0,21.992263889273257,101.11187640272551,3.8722249150558374,0
40.06357520078558,5.717544636711807,5.656307322797343,2.885607691609989,376.65857701739833,2259.95146210439,0.07692307692307693,89.65011560079924,173.84242016187616,202604.90982985383,0.7533171540347967,11255.828323880769,28.044502640549904,7.822430770408049,3.650374807131914,35.866933410957955,25.0,38.0,96.95021634290471,279.70836067449363,8.57631695506771,0
10.823545246009964,1.441073827467228,1.0,1.0,63.60943248067993,274.91539333809135,0.3333333333333333,6.377253907619986,91.63846444603044,1753.2052664302284,0.09163846444603045,97.40029257945713,7.576481672206974,2.2588940811112375,0.8772583210039099,9.83537575331821,5.0,14.0,25.34590903496001,38.26352344571992,2.1616107412008416,0
1.710760447552604,1.0,1.0,1.0,374.35416806033214,2164.276105814044,0.125,52.17781219144349,270.5345132267555,112927.19217959388,0.7214253686046813,6273.732898866327,1.1975323132868227,0.2073432152544838,0.10670064991223972,1.4048755285413066,15.0,39.0,96.07250303930017,278.281665021032,1.5,0
17.360045008521762,2.042121279727417,1.437254050144741,1.0,187.98823143128396,1000.4598503623376,0.14285714285714285,19.599141512506417,142.92283576604822,19608.15418483245,0.3334866167874459,1089.3418991573583,12.152031505965233,3.79061247418032,1.006702180108435,15.942643980145554,13.0,26.0,106.5764128408727,81.41181859041127,3.0631819195911256,0
38.40580535974953,3.7615189797697144,3.1213941153136657,3.1841492326920453,353.1955929930911,1972.5841422863857,0.08,93.13680515369546,157.80673138291087,183720.1849093966,0.6575280474287952,10206.676939410921,26.88406375182467,10.007558800757305,4.9924935436544935,36.89162255258198,24.0,23.0,166.9219826857002,186.27361030739092,5.642278469654571,0
17.782267791602496,1.1680475770440502,1.1042011605042128,1.0,202.1485093446832,1163.3419300086923,0.10526315789473684,39.34393148809215,122.45704526407287,45770.445191486884,0.38778064333623075,2542.80251063816,12.447587454121747,3.689713924846075,2.623529632193339,16.137301378967823,18.0,35.0,44.772783392314565,157.3757259523686,1.7520713655660751,0
95.2584595006476,5.189303141246992,3.8572836068606033,2.3699345528353377,212.15254210236864,1215.1928853957374,0.10526315789473684,41.61093069641133,127.91504056797235,50565.30693697415,0.4050642951319125,2809.183718720786,66.68092165045331,22.351618222550712,8.715986893098398,89.03253987300403,18.0,34.0,50.33225606076903,161.82028604159962,7.7839547118704875,0
11.394681925667049,1.3136813454015894,1.0,1.0,70.76411170141148,305.8374024720778,0.14285714285714285,14.759756846002027,43.69105749601112,4514.0856949007275,0.10194580082402595,250.78253860559596,7.976277347966934,1.4199012980558452,0.9184806062888591,9.39617864602278,13.0,6.0,54.868988944178525,15.89512275723295,1.9705220181023841,0
24.368108337292984,1.2283300534112893,1.0,1.0,194.07385656887388,1136.8809634315774,0.09523809523809523,23.421165425320687,108.27437746967402,26627.07711342893,0.37896032114385914,1479.282061857163,17.057675836105087,7.049249776359779,2.8453889793714646,24.106925612464867,20.0,37.0,105.07342795265527,89.00042861621861,1.842495080116934,0
11.788770650174742,1.0,1.0,1.0,150.5138782836509,690.1004877686478,0.3333333333333333,15.619332760270478,230.0334959228826,10778.909156483476,0.23003349592288258,598.8282864713042,8.252139455122318,2.7384272997889605,1.0731315065155482,10.990566754911278,5.0,18.0,31.806949305595268,118.70692897805563,1.5,0
156.65111444244425,19.12064021666934,11.229588353145994,12.900608882089905,184.43910459812787,994.5541971661992,0.15384615384615385,22.72891931256256,153.00833802556912,22605.142099360975,0.3315180657220664,1255.8412277422765,109.65578010971097,16.64157651571858,18.08606035576816,126.29735662542956,12.0,29.0,70.79450803531506,113.64459656281281,28.68096032500401,0
1.9065847624554644,1.0,1.0,1.0,130.73482479720766,730.1490940307551,0.07142857142857142,30.95787436031891,52.153506716482504,22603.863917304796,0.24338303134358505,1255.7702176280443,1.334609333718825,0.21281803438533578,0.24885705227464927,1.5474273681041608,27.0,20.0,82.57813134782269,48.156693449384974,1.5,0
92.39459157816525,7.9716392204454385,6.479213238141403,5.585600476983958,173.34577617488026,928.7090106378074,0.18181818181818182,21.128730696856273,168.85618375232863,19622.442581510062,0.30956967021260245,1090.1356989727813,64.67621410471567,26.279055521166534,8.143343099742633,90.95526962588221,10.0,30.0,42.34764585437138,130.9981303205089,11.957458830668157,0
17.325384108242734,2.236733898027179,1.154657312920966,1.3710772282388966,471.271995135887,2673.2552081702725,0.07692307692307693,117.86248541028212,205.6350160130979,315076.50297092943,0.8910850693900908,17504.250165051635,12.127768875769913,2.7976979539388473,0.8675496749555397,14.92546682970876,25.0,25.0,226.11802548250014,245.15396965338684,3.3551008470407684,1
30.358047876209607,4.0495738081130925,3.7241978342074877,2.2449205444587585,99.64018224073847,479.0057205297307,0.2,9.107644666826085,95.80114410594615,4362.613895961787,0.15966857350991023,242.36743866454376,21.250633513346724,4.0245277778806505,3.2669447929254045,25.275161291227374,9.0,18.0,61.18568253636167,38.4544997043768,6.074360712169639,0
1.1239475710995275,1.0,1.0,1.0,311.34499207776616,1609.630258616702,0.1,79.37423218108627,160.9630258616702,127763.16587314404,0.5365434195389006,7097.953659619114,1.0,0.18780887603295662,0.14185728121275387,1.1878088760329566,19.0,16.0,169.30689238529598,142.03809969247015,1.5,0
3.5593182733613893,1.0,1.0,1.0,324.0089038407864,1712.5173792912174,0.2857142857142857,26.605957193962908,489.29067979749067,45563.16408733967,0.5708391264304058,2531.2868937410926,2.4915227913529723,0.5239111441867276,0.3718011655871334,3.0154339355396997,6.0,32.0,31.343374707194382,292.66552913359203,1.5,0
20.192668242924636,2.3297642319266187,2.0209002870053627,1.0,265.5971284057306,1483.3500024452271,0.08333333333333333,50.44082435301077,123.61250020376892,74821.39692737779,0.49445000081507573,4156.74427374321,14.134867770047244,4.615456027297676,1.8827370821909162,18.75032379734492,23.0,24.0,155.94316242092455,109.653965984806,3.494646347889928,0
45.48834343847306,3.214542139470248,2.14807743016855,2.139540802008526,233.38230854051616,1242.0438646714438,0.3333333333333333,15.829266601113037,414.0146215571479,19660.643464161047,0.4140146215571479,1092.2579702311693,31.84184040693114,6.45631433057099,6.4904148227439284,38.29815473750213,5.0,34.0,11.772576124933668,221.6097324155825,4.821813209205372,0
15.735537731238367,1.2939446960604213,1.0981510644257688,1.0655448748748229,223.64848718020903,1298.806142836724,0.09090909090909091,31.971452738221632,118.07328571242945,41524.71921181625,0.43293538094557465,2306.928845100903,11.014876411866856,1.009860183087566,2.2659050090728474,12.024736594954422,21.0,34.0,117.0769780528036,106.57150912740545,1.9409170440906318,0
5.910043601838778,1.0,1.0,1.0,243.59508242312506,1228.7896012798499,0.2222222222222222,27.3885817174376,273.06435583996665,33654.804408190736,0.40959653375995,1869.7113560105963,4.137030521287144,0.318633438235277,0.7216045260938284,4.455663959522421,8.0,24.0,72.41644668914006,171.178635733985,1.5,0
18.351110123570574,2.273479089195547,1.3649234069135727,1.6008455130760366,387.50740722172117,2240.319712804054,0.08695652173913043,103.04230590111683,194.81040980904814,230847.70916305753,0.7467732376013513,12824.872731280973,12.845777086499401,5.459235627423853,2.0176288427583744,18.305012713923254,22.0,32.0,78.38048951837065,309.1269177033505,3.4102186337933205,0
7.767219196091201,1.0,1.0,1.0,77.97175812939896,331.2183766294424,0.2857142857142857,13.157832064141122,94.63382189412638,4358.115776247648,0.11040612554314747,242.11754312486931,5.43705343726384,1.7355719838647887,0.5328345853130568,7.172625421128629,6.0,12.0,20.954485851454102,57.01727227794486,1.5,0
350.06789972690524,20.826329512860884,19.435350982906133,8.607360223812458,285.0667878676655,1496.0098392197076,0.08333333333333333,66.75720165044169,124.6674866016423,99869.43050783487,0.4986699464065692,5548.301694879715,245.04752980883364,38.400448998809104,26.255161399441487,283.44797880764276,23.0,14.0,197.99217701926327,87.0746108484022,31.239494269291328,1
42.51355303507938,2.6981723937530644,2.222665925896935,2.094290821338469,250.31350100608265,1419.8846465445106,0.09523809523809523,43.00115514848387,135.2271091947153,61056.67997901068,0.4732948821815035,3392.0377766117044,29.759487124555566,9.23157419619697,6.076810408033017,38.991061320752536,20.0,30.0,117.00992004578265,133.3035809603,4.047258590629596,0
22.87632074626995,2.483830541874679,1.5472685451377184,1.5729623763544998,75.18805366075028,324.9573615162953,0.16666666666666666,27.471526300354448,54.15956025271588,8927.074703388695,0.10831912050543177,495.94859463270524,16.013424522388963,6.220511848046895,3.0109975020149973,22.233936370435856,11.0,8.0,30.234646987443003,44.953406673307285,3.7257458128120184,0
107.18719367740474,14.852167739086118,13.025613745423026,12.847405306595707,197.4899194372664,949.4041362635022,0.1,46.48645586004884,94.94041362635022,44134.43347376109,0.3164680454211674,2451.912970764505,75.0310355741833,24.90923197796925,15.302837765968883,99.94026755215256,19.0,8.0,153.45011914879908,44.03980028846732,22.278251608629176,0
27.536005526928168,2.7064044601625064,2.6028035831306644,2.4073061898666914,327.1872094407012,1796.864089246381,0.25,26.43729517148082,449.2160223115952,47504.22631044062,0.5989546964154603,2639.123683913368,19.275203868849715,6.292960627033363,3.372564110265549,25.568164495883078,7.0,37.0,40.1537190074809,287.0334904332203,4.0596066902437595,0
96.97194034420758,12.343171009845761,9.623317430678624,8.539723539533716,294.03131494942534,1520.1198463639928,0.2,36.56211932801026,304.0239692727986,55578.80321563693,0.5067066154546642,3087.711289757607,67.8803582409453,21.011592089132712,12.66776474345228,88.891950330078,9.0,26.0,74.65859898136372,219.37271596806158,18.514756514768642,0
500.0,50.0,48.21347065670367,27.082447506697633,339.55713796864615,1896.4138824070885,0.1,81.3480473501906,189.64138824070886,154269.5663016106,0.6321379608023628,8570.53146120059,350.0,121.70255243038348,64.29606494880774,471.7025524303835,19.0,28.0,91.23151974174856,248.3256182268976,75.0,1
9.967941600674326,1.0023395351513809,1.0,1.0,242.88609303890019,1349.1323846214125,0.15384615384615385,22.497840509940392,207.55882840329423,30352.565216008097,0.44971079487380416,1686.253623111561,6.977559120472028,1.7097601199175774,1.4548093168752156,8.687319240389606,12.0,34.0,111.6486900642479,131.2374029746523,1.5035093027270712,0
82.21721123048388,7.374568522457887,7.095406671284226,2.91759470056413,281.25692135623314,1570.8093588428414,0.08333333333333333,43.95579563509598,130.9007799035701,69046.17515899209,0.5236031196142805,3835.898619944005,57.552047861338714,7.68711085064433,9.706492923526211,65.23915871198304,23.0,24.0,185.7008438886332,95.55607746759996,11.061852783686831,0
205.5748645614009,29.859166882968474,21.63643195705241,17.566558035207784,100.05241059199668,380.9350379311669,0.25,29.690991978750425,95.23375948279173,11310.339155639265,0.12697834597705562,628.3521753132925,143.9024051929806,23.968597839944618,18.599788908207955,167.87100303292522,7.0,6.0,40.670426634495826,59.38198395750084,44.78875032445271,1
18.472172742679263,2.4267702449386443,1.873916738194344,1.4088492205612053,235.3101553564888,1118.8733168367125,0.3333333333333333,21.18544959106019,372.95777227890414,23703.834252626493,0.3729577722789042,1316.879680701472,12.930520919875484,3.977793499355043,1.031463808961332,16.90831441923053,5.0,21.0,48.87819895515911,186.43195640132967,3.6401553674079663,0
24.815237822391964,3.2055986462668185,3.183941943324605,1.0,239.4676395377736,1291.2855248712406,0.1,54.286773459159306,129.12855248712407,70099.72475977665,0.4304285082904135,3894.4291533209253,17.370666475674373,2.341213169997732,2.758688255100225,19.711879645672106,19.0,22.0,108.03650379454581,131.4311357432278,4.808397969400228,0
44.509818917424184,5.151672497348307,4.178673785123235,3.7392391046705367,515.5933477137835,2994.2335656257983,0.07142857142857142,128.85206999552437,213.87382611612844,385813.1929809639,0.9980778552085995,21434.066276720216,31.156873242196927,4.700178423087643,6.043999624913389,35.85705166528457,27.0,28.0,238.80001216784223,276.79333554594126,7.72750874602246,1
3.6390843660573924,1.0,1.0,1.0,127.45551132421977,642.935831803719,0.08,33.44482960175567,51.43486654429752,21502.879339538427,0.214311943934573,1194.6044077521349,2.5473590562401744,0.9032370233172187,0.25327301491583687,3.450596079557393,24.0,8.0,102.37188912290301,25.083622201316757,1.5,0
30.089424602272814,3.5436392004706847,1.827779034638847,2.8654493102139864,385.4140196112182,2064.8756533759956,0.2222222222222222,38.38993692084152,458.8612563057768,79270.4460824859,0.6882918844586652,4403.913671249216,21.06259722159097,5.437759388525825,3.2574927622331646,26.500356610116796,8.0,32.0,68.69704001427561,316.71697959694256,5.315458800706027,0
6.09715839585233,1.0,1.0,1.0,269.3227256601151,1542.6591491872862,0.09090909090909091,40.97287676179672,140.24174083520785,63207.18320510886,0.514219716395762,3511.5101780616033,4.26801087709663,0.37647474517806445,0.35528566448831217,4.644485622274694,21.0,31.0,144.4530060051156,124.86971965499953,1.5,0
5.302047265364671,1.0,1.0,1.0,331.6040225676025,1788.1141483548042,0.08333333333333333,102.88189364074685,149.00951236290035,183964.5696285536,0.5960380494516014,10220.253868252978,3.711433085755269,1.0039301597911374,0.5872231338092099,4.715363245546406,23.0,18.0,161.62524176984684,169.97878079775566,1.5,0
63.25496950233813,8.24120015005005,4.572579059538216,5.962467086685592,121.58360520841052,557.4562705830476,0.18181818181818182,26.553491359906864,101.35568556055412,14802.410264452858,0.18581875686101587,822.3561258029365,44.27847865163669,7.640422316409007,9.435985679617215,51.9189009680457,10.0,13.0,47.23382940067129,74.34977580773922,12.361800225075076,0
67.05441783614324,9.186716476207517,5.966055301576635,5.043719454708724,213.58255010872767,1112.6483345035253,0.06896551724137931,71.51669560920865,76.73436789679485,79572.9322587816,0.37088277816784176,4420.7184588212,46.93809248530027,8.598988762152905,5.254484043151037,55.53708124745317,28.0,8.0,167.60753150280783,45.97501860591984,13.780074714311276,0
27.113012994018398,2.5193326404547998,1.4817580875036493,1.5494338720252028,81.86242349196544,375.3361419288162,0.2,12.147732118876759,75.06722838576324,4559.482906683966,0.1251120473096054,253.30460592688698,18.979109095812877,2.5049730036029483,1.8999058212136322,21.484082099415826,9.0,14.0,41.369983095709586,40.49244039625586,3.7789989606821996,0
9.289410122349963,1.0,1.0,1.0,280.78756166532787,1473.5527702962115,0.10526315789473684,78.67414406395525,155.110817925917,115930.50293612451,0.49118425676540384,6440.5834964513615,6.502587085644974,0.8834895332063881,1.1560814641073114,7.386076618851362,18.0,19.0,105.95613041209398,174.83143125323392,1.5,0
63.13364287711812,3.2532001736038656,2.6827088654146753,1.8366270620459468,161.63239088041124,759.743309832391,0.10526315789473684,69.12923858247727,79.97297998235695,52520.47652684431,0.25324776994413034,2917.8042514913504,44.19355001398268,11.363855071589853,6.641262679640612,55.55740508557253,18.0,7.0,100.1841788070981,61.44821207331313,4.879800260405799,0
31.56999974359864,4.535171101326211,2.9472259841598127,1.5028992216926942,513.3313704082568,3102.7771165778836,0.07142857142857142,86.54323204628511,221.62693689842024,268524.3599879032,1.0342590388592945,14918.019999327957,22.098999820519047,5.394108057653163,3.136022469405769,27.49310787817221,27.0,38.0,263.317588941211,250.01378146704587,6.802756651989316,1
35.130439727130096,3.9790618073608384,2.9671882472443305,1.7623775309440353,70.04060522245325,307.6405706205505,0.2,17.345292839411616,61.5281141241101,5336.115786697138,0.10254685687351682,296.4508770387299,24.591307808991065,6.099848318881323,4.355058639996625,30.69115612787239,9.0,11.0,23.786490984022272,46.25411423843098,5.968592711041257,0
41.7545982382087,5.871692013869325,5.459334908372929,5.063228429034509,416.39401245620985,2407.323568567217,0.07407407407407407,82.9154709383045,178.32026433831237,199604.36738863055,0.8024411895224057,11089.131521590585,29.22821876674609,4.536928089379589,4.563578754187261,33.765146856125675,26.0,28.0,231.42873113229982,184.96528132391003,8.807538020803987,1
18.126727827310933,2.63659801725738,2.4764913411500693,1.6905351540946028,305.64318453184035,1790.4519662777902,0.10526315789473684,57.5938123006121,188.46862802924107,103118.95447906492,0.5968173220925967,5728.830804392495,12.688709479117653,3.624634926329883,2.589380556286893,16.313344405447538,18.0,39.0,49.670685418008794,255.97249911383156,3.95489702588607,0
27.527389819229512,3.862808568468637,3.247547962060047,1.184021657853523,175.94967034306075,887.5594823815941,0.11764705882352941,40.77918988279527,104.41876263312871,36193.95666431451,0.2958531607938647,2010.775370239695,19.269172873460658,6.269431782874877,2.4366120300611755,25.538604656335536,16.0,16.0,89.29389184212077,86.65577850093996,5.794212852702955,0
11.430343329718111,1.0,1.0,1.0,175.70905933884143,1011.1858696059977,0.10526315789473684,28.224132327801115,106.4406178532629,28539.843791762323,0.33706195653533255,1585.5468773201292,8.001240330802677,3.26155173536804,0.9150323857011379,11.262792066170718,18.0,35.0,62.81253002763697,112.89652931120446,1.5,0
61.27674558832228,4.0830305330204455,3.1126064436371723,2.057060358018006,124.522069964987,679.8197259850158,0.3333333333333333,5.584672518914495,226.60657532833858,3796.5705415244997,0.2266065753283386,210.92058564024998,42.893721911825594,17.089946302481316,7.418425342357928,59.98366821430691,5.0,38.0,37.40117866992086,87.12089129506613,6.124545799530669,0
47.10429345290865,6.415079959655063,5.74773521514891,5.556308301527833,307.1509463670875,1791.5776879058346,0.08333333333333333,49.73878487124208,149.29814065881953,89110.8971988656,0.5971925626352782,4950.605399936978,32.973005417036056,12.686473392405711,6.26975863110663,45.659478809441765,23.0,33.0,160.09714761732826,147.0537987497592,9.622619939482595,0
82.50678888948002,9.361534805811402,5.9900561851649226,8.155446291602207,192.69592076775336,963.4796038387668,0.18181818181818182,34.85667091760672,175.1781097888667,33583.69148683399,0.3211598679462556,1865.7606381574437,57.75475222263601,8.04540477207061,5.574514697565259,65.80015699470661,10.0,21.0,39.32656873028379,153.36935203746958,14.042302208717103,0
3.106530684432608,1.0,1.0,1.0,207.6131837732376,1038.065918866188,0.1,74.18335779592677,103.8065918866188,77007.2154750079,0.346021972955396,4278.178637500439,2.1745714791028257,0.8373022872035124,0.42282358715069157,3.011873766306338,19.0,12.0,106.09911521039047,101.51406856284716,1.5,0
54.56673867008249,3.6442498968808583,2.2661088803656297,2.0682114579735758,171.27101175673286,832.0313201304791,0.14285714285714285,42.934268713594825,118.86161716149701,35722.65627660903,0.27734377337682636,1984.5920153671682,38.19671706905774,6.612295268873856,5.737564259651273,44.8090123379316,13.0,15.0,65.58665800019175,105.68435375654111,5.466374845321288,0
38.510176497624,3.2203285430988995,2.8758661561113916,1.7728227325328245,339.02929193582565,1994.3883077363514,0.08,74.06730772262983,159.55106461890813,147718.97250752331,0.6647961025787839,8206.609583751295,26.9571235483368,4.748235562705002,4.243085258761601,31.7053591110418,24.0,34.0,122.99964441148867,216.029647524337,4.830492814648349,0
4.147076242805002,1.0,1.0,1.0,329.893984777978,1898.502770037691,0.08695652173913043,93.38512292270539,165.08719739458184,177291.91454906648,0.6328342566792303,9849.55080828147,2.9029533699635013,0.6138796934911602,0.40276418710462997,3.5168330634546616,22.0,31.0,58.22817263919868,271.6658121387793,1.5,0
67.87347862109084,5.145717274090239,4.647443584762356,3.432065522182606,87.27540515617527,370.7395948098531,0.2222222222222222,20.746181026879732,82.38657662441179,7691.430747757254,0.1235798649366177,427.30170820873633,47.511435034763586,3.478135151030766,4.989190244570898,50.98957018579435,8.0,10.0,30.223407332256002,57.051997823919265,7.718575911135359,0
8.889561649122601,1.0,1.0,1.0,227.94475021237616,1259.0669503559998,0.10526315789473684,47.75663961963952,132.5333631953684,60128.80660515004,0.41968898345199995,3340.489255841669,6.222693154385821,1.9574106152937867,1.221956058630262,8.180103769679608,18.0,27.0,79.36853806238653,148.57621214998963,1.5,0
16.475861723366382,1.0310139196149584,1.0,1.0,323.10712043496255,1841.8526625416578,0.09523809523809523,71.47918955049545,175.41453928968167,131654.13558989987,0.6139508875138859,7314.1186438833265,11.533103206356467,2.87384615384351,2.387338958600998,14.406949360199977,20.0,31.0,94.37371387337711,228.73340656158544,1.5465208794224377,0
59.39636423311986,7.735057981731872,6.48082421449736,3.9932457187147024,185.54325579911836,980.670735895586,0.2,21.6459814416211,196.1341471791172,21227.58054953676,0.32689024529852867,1179.31003052982,41.577454963183904,11.626330287535168,6.740122333909522,53.20378525071907,9.0,29.0,41.23671285497771,144.30654294414066,11.602586972597809,0
3.8442536031692702,1.0,1.0,1.0,347.66967993296765,1941.7221250633509,0.07407407407407407,61.99596240786072,143.83126852321118,120378.93187193894,0.6472407083544502,6687.7184373299415,2.690977522218489,0.9117471167594896,0.2804344453745439,3.602724638977979,26.0,21.0,242.7534358581264,104.91624407484123,1.5,0
37.148121604023906,3.1659834051793125,3.1566278360108724,2.74974139442449,303.54184700993096,1762.7752392835787,0.06666666666666667,131.40298721077679,117.51834928557192,231633.9322230541,0.5875917464278596,12868.551790169671,26.003685122816734,9.842957671507245,4.989349326553976,35.84664279432398,29.0,26.0,58.86042254848452,244.68142446144643,4.748975107768969,0
3.4835617018477345,1.0,1.0,1.0,117.50915834396164,625.3752911972972,0.14285714285714285,15.23071454460123,89.3393273138996,9524.912543472905,0.20845843039909906,529.161807970717,2.438493191293414,0.20054157218694704,0.271589628475114,2.639034763480361,13.0,26.0,54.24311331254114,63.2660450314205,1.5,0
76.4128709969029,7.178821958883468,4.744391882357327,2.7670739721804822,225.22353367562147,1155.2352462986978,0.3333333333333333,16.513057645442117,385.07841543289925,19076.46621617692,0.3850784154328993,1059.8036786764956,53.489009697832024,20.602986740621876,4.8643460018587685,74.0919964384539,5.0,29.0,27.066841930316073,198.1566917453054,10.768232938325202,0
115.43242944755514,15.962777845547654,10.167605945666272,8.70254941581353,271.3687773577935,1453.8723371240048,0.2,29.68427332371648,290.774467424801,43157.143832979425,0.4846241123746683,2397.61910183219,80.8027006132886,27.006972271446024,11.281753791392875,107.80967288473462,9.0,31.0,60.28061150025408,211.0881658575394,23.94416676832148,0
20.008123117676476,1.838725777181155,1.5226428495504318,1.0,179.5074786946303,800.5013262726953,0.3333333333333333,19.065795882260083,266.83377542423176,15262.19489019369,0.26683377542423176,847.8997161218717,14.005686182373532,4.655818905350926,2.4689816424439823,18.661505087724457,5.0,16.0,49.86006669526173,129.64741199936856,2.7580886657717323,0
2.074922993592401,1.0,1.0,1.0,186.24442140262272,939.4902640867077,0.08695652173913043,69.44131808627381,81.69480557275719,65239.44226740245,0.3131634213622359,3624.4134593001363,1.4524460955146807,0.12861185993663693,0.16328913040239004,1.5810579554513176,22.0,10.0,116.8031033163489,69.44131808627381,1.5,0
24.154637328633985,3.408511666915551,2.931228584130732,2.6398329423062723,99.34490661978832,472.37385489002827,0.2857142857142857,11.962472061206235,134.96395854000806,5650.759041566252,0.15745795163000942,313.93105786479174,16.90824613004379,1.4833768847449735,1.352782126973363,18.391623014788763,6.0,20.0,15.607602191344668,83.73730442844365,5.112767500373327,0
100.20291571369776,12.761548276990363,8.579201054195307,4.785923182265846,252.93094474780946,1420.1338653568857,0.08333333333333333,61.07164788683999,118.34448877974047,86729.91537725276,0.4733779551189619,4818.328632069598,70.14204099958843,8.064644192800762,14.383831079289871,78.20668519238919,23.0,25.0,114.85591474277993,138.07503000502953,19.142322415485545,0
67.37501119439187,6.821494618698246,6.594638645958504,3.2047434194799567,419.9075721024632,2528.837846676799,0.06896551724137931,72.25113272298819,174.40261011564132,182711.39889516105,0.8429459488922664,10150.633271953391,47.16250783607431,19.137621796885345,4.026686937806159,66.30012963295965,28.0,36.0,228.95814990599436,190.9494221964688,10.232241928047369,0
41.63410833249173,4.870264676355722,3.067147111081803,1.8693159779238087,354.25951837553123,1922.3059385788854,0.15384615384615385,49.232491656642566,295.7393751659824,94639.91108259943,0.6407686461929618,5257.772837922191,29.143875832744207,7.645359345989395,2.8482024257707153,36.789235178733605,12.0,30.0,99.89164481621125,254.36787355931995,7.305397014533583,0
71.2200147088756,4.825750882429289,3.116606536683778,3.045952916476578,273.25752708432435,1517.8332135795881,0.09090909090909091,36.89628638219707,137.98483759814437,56002.40892864297,0.5059444045265293,3111.244940480165,49.85401029621291,6.089083196740868,9.316409753951666,55.94309349295378,21.0,25.0,181.8952941379316,91.36223294639274,7.238626323643933,0
8.616684659725125,1.0,1.0,1.0,141.44045298667254,664.8323229704234,0.125,33.463170472253104,83.10404037130293,22247.39735902331,0.22161077432347448,1235.9665199457395,6.031679261807588,0.4404612090605797,0.9830039985530125,6.472140470868167,15.0,10.0,92.36113629403465,49.07931669263789,1.5,0
27.103326304351004,2.594662104177098,2.539819713072122,1.2576738568507624,243.50156217034564,1394.7575786736152,0.13333333333333333,27.294635477234337,185.967677156482,38069.39968900632,0.46491919289120504,2114.96664938924,18.9723284130457,3.0893436855062197,2.109869253355144,22.06167209855192,14.0,38.0,91.43145022575433,152.0701119445913,3.891993156265647,0
8.802149639293571,1.0,1.0,1.0,235.5853812778318,1308.5799324640702,0.07692307692307693,73.95146590602141,100.65999480492849,96771.40426092049,0.43619331082135676,5376.189125606694,6.161504747505499,2.4662759930622657,1.1681210016646897,8.627780740567765,25.0,21.0,105.4308012832341,130.1545799945977,1.5,0
10.12363490791638,1.4752117342829512,1.1010421690797405,1.0,118.12077499725879,595.8477427702353,0.18181818181818182,14.94362540517928,108.33595323095187,8904.125466480016,0.1986159142567451,494.67363702666756,7.086544435541465,2.458105030185496,0.9249525482166239,9.54464946572696,10.0,22.0,49.380098133434096,68.74067686382469,2.212817601424427,0
8.079766984828161,1.0,1.0,1.0,196.71642210192806,1053.9184615734819,0.1,43.46175606779035,105.3918461573482,45805.14709224754,0.35130615385782726,2544.730394013752,5.655836889379713,1.3516036577810315,0.4130865391951471,7.007440547160744,19.0,21.0,96.0681448923083,100.64827720961975,1.5,0
8.02839689089077,1.0,1.0,1.0,166.637047900536,731.9228087739432,0.3333333333333333,21.10152412474282,243.9742695913144,15444.686806792888,0.2439742695913144,858.0381559329383,5.619877823623539,1.4873094657807042,0.6325629873620292,7.107187289404243,5.0,15.0,31.587293502181954,135.04975439835405,1.5,0
500.0,30.907753043323936,20.598062818992073,15.692807994357105,200.94839507003488,921.3408559762099,0.10526315789473684,64.2850473537525,96.98324799749578,59228.44055537752,0.30711361865873665,3290.468919743196,350.0,109.6305681549731,48.51437342632006,459.6305681549731,18.0,5.0,158.09169683419987,42.856698235835005,46.361629564985904,1
96.25983734481578,7.370907495587734,4.896956646288842,5.071687623683166,334.7512224442477,1935.3172314923054,0.07692307692307693,114.0945910479089,148.8705562686389,220809.22807508585,0.6451057438307685,12267.17933750477,67.38188614137104,13.995678696737349,10.50629965658324,81.37756483810838,25.0,29.0,60.9242039292663,273.8270185149814,11.056361243381602,1
11.521578519404082,1.0,1.0,1.0,154.18474947980576,733.1311383257337,0.25,15.47145725156693,183.28278458143342,11342.60706639919,0.24437704610857788,630.1448370221773,8.065104963582858,1.5254628310332725,1.4605287678354362,9.590567794616131,7.0,19.0,65.77642232799472,88.40832715181102,1.5,0
50.69528206531459,5.515393265282475,4.152382836275874,2.2954194326514203,518.7394985469916,3025.750441027573,0.1111111111111111,77.6993795057009,336.1944934475081,235098.93180694326,1.0085834803425242,13061.051767052404,35.48669744572021,8.884791264441844,3.3183461184521685,44.371488710162055,17.0,39.0,153.09535969663438,365.6441388503572,8.273089897923711,0
7.86552276524017,1.0,1.0,1.0,126.55470311342515,572.47804036398,0.2857142857142857,15.719929495876727,163.56515438970857,8999.314432459436,0.19082601345466,499.9619129144131,5.505865935668119,0.6213193028728722,1.002965568755731,6.127185238540991,6.0,16.0,37.47510263679035,89.0796004766348,1.5,0
5.3263005730376225,1.0,1.0,1.0,293.2615668810198,1581.3594565239218,0.125,50.691327391202414,197.66993206549023,80161.20993382804,0.5271198188413073,4453.400551879336,3.7284104011263355,0.349525345038156,0.5245244869636098,4.077935746164491,15.0,26.0,110.7727882726911,182.4887786083287,1.5,0
73.29805294788304,10.006642392073681,5.432882871306809,8.726910214133158,353.51565756059824,2024.90956594971,0.07692307692307693,62.90456130064462,155.76227430382386,127376.04791954524,0.6749698553165699,7076.447106641402,51.30863706351812,9.596941193060697,3.933407949103817,60.90557825657882,25.0,27.0,212.60944024715425,140.90621731344396,15.009963588110523,0
7.271302739490918,1.0,1.0,1.0,127.52791342844317,551.1664719287519,0.14285714285714285,17.37492816166562,78.73806741839313,9576.477854880754,0.18372215730958397,532.0265474933752,5.089911917643642,1.3573569006485116,0.704695977314249,6.447268818292153,13.0,6.0,108.81645233126481,18.711461097178358,1.5,0
3.564135195406274,1.0,1.0,1.0,115.91102189508462,509.11800096187056,0.16666666666666666,22.049246118026826,84.85300016031175,11225.668106326102,0.16970600032062352,623.6482281292278,2.494894636784392,0.57066185135047,0.2701773081065994,3.065556488134862,11.0,9.0,75.82148349867221,40.08953839641241,1.5,0
31.424085644555486,2.8058806922233868,2.5673612512558055,1.0,450.554255654199,2529.7314145296314,0.2,40.898790592882904,505.9462829059263,103462.95537908484,0.8432438048432105,5747.941965504713,21.99685995118884,7.944551837552365,2.319664866333331,29.941411788741203,9.0,39.0,87.0094503841287,363.5448052700703,4.20882103833508,0
11.525878675097669,1.2675418085751067,1.0,1.0,232.76410003279577,1247.0457707338292,0.2222222222222222,19.66936839946995,277.12128238529533,24528.602675564627,0.41568192357794304,1362.7001486424792,8.068115072568368,2.0527244562708913,0.9664885272902244,10.120839528839259,8.0,32.0,70.49181073716869,162.27228929562708,1.90131271286266,0
113.89826883577126,6.930969937687578,6.110519641730958,3.4627361426359666,62.940251421428655,288.57869255321185,0.10526315789473684,34.46336204474481,30.376704479285458,9945.391959860444,0.09619289751773728,552.5217755478025,79.72878818503987,26.761244863999202,12.22300512637087,106.49003304903908,18.0,5.0,39.96467672493211,22.97557469649654,10.396454906531368,0
6.850182077523671,1.0,1.0,1.0,265.92877215633706,1317.463341842637,0.2,42.44535457832842,263.4926683685274,55920.19868846023,0.439154447280879,3106.677704914457,4.795127454266569,1.22949551534124,0.7477602303337039,6.024622969607809,9.0,21.0,58.41814977339812,207.51062238293895,1.5,0
36.34519241171516,4.343376740315577,4.125523806038695,2.5217447259277983,179.33317999092262,1012.1306779237534,0.08333333333333333,54.02589233146367,84.34422316031278,54681.263030880036,0.33737689264125115,3037.847946160002,25.44163468820061,7.8415924111929085,5.187359898617767,33.28322709939352,23.0,26.0,52.48978060400789,126.84339938691473,6.5150651104733655,0
37.46238245126338,1.9547667047018962,1.418722215962177,1.0,167.56828327064795,822.2392333030067,0.08333333333333333,77.84446154522014,68.51993610858389,64006.7703778272,0.2740797444343356,3555.9316876570665,26.223667715884364,8.482011053832277,5.28693789819488,34.70567876971664,23.0,6.0,120.1846979822531,47.38358528839487,2.9321500570528443,0
26.254277144849862,2.7934620706084887,2.4321394449614373,1.6177372650967154,119.58866780578721,613.4041227952976,0.06666666666666667,111.95005799243195,40.89360818635317,68670.62711973042,0.20446804093176585,3815.034839985023,18.377994001394903,1.5461671576124953,2.8169005775235485,19.924161159007397,29.0,5.0,73.26450587788433,46.32416192790288,4.1901931059127335,0
103.38435040094897,12.788122335622251,6.6977245382414194,8.323442950720745,372.1242663436285,2198.0973292628987,0.07407407407407407,87.93332440038046,162.82202438984433,193286.00551768436,0.7326991097542995,10738.111417649132,72.36904528066428,20.175138087359066,6.246418647320686,92.54418336802334,26.0,33.0,142.14480252724888,229.97946381637965,19.18218350343338,1
38.59229223659818,3.6426505077926445,3.14693001793895,1.4989059607556128,109.67651677393796,548.3825838696898,0.16666666666666666,15.852212612878029,91.39709731161497,8693.07731270174,0.18279419462322993,482.9487395945411,27.014604565618725,2.365830060058011,2.330924484292258,29.380434625676735,11.0,20.0,49.149886797494574,60.52662997644339,5.463975761688967,0
25.663223981768525,3.4164837221859847,2.9736760022955053,1.3670395991372308,371.84571362045017,1978.9361502801141,0.16666666666666666,51.34029599042613,329.82269171335236,101599.16770153547,0.6596453834267048,5644.3982056408595,17.964256787237964,1.9881956531858804,1.4661361235497934,19.952452440423844,11.0,28.0,101.14233476183965,270.7033788586105,5.124725583278977,0
56.83159165071396,5.5307654719934,3.27017799056388,4.489108122217101,257.776579711577,1516.4076049285773,0.09523809523809523,20.0577914230815,144.41977189795972,30415.78745203198,0.5054692016428591,1689.765969557332,39.78211415549977,9.799928526934897,5.6709336134277635,49.58204268243467,20.0,38.0,179.55119316155915,78.22538655001786,8.2961482079901,0
9.271264693241493,1.2319725151557985,1.0,1.0,106.15825012288542,480.2134215774692,0.16666666666666666,26.52315334064988,80.03557026291153,12736.774216737362,0.16007114052582308,707.5985675965201,6.489885285269045,1.9389223574583128,0.8978493211509171,8.428807642727358,11.0,11.0,48.28955192510386,57.868698197781555,1.8479587727336977,0
7.953937835235221,1.0,1.0,1.0,250.14917686351117,1239.288129063521,0.2222222222222222,33.97276299187882,275.39736201411574,42102.041887323925,0.41309604302117364,2339.0023270735514,5.567756484664654,2.2893283396881707,0.6241204943327615,7.857084824352825,8.0,22.0,54.80578966020798,195.3433872033032,1.5,0
24.767465223973154,1.5125305503973066,1.4154413114391262,1.0,156.5916822711701,854.9015814068315,0.06896551724137931,35.59624560548117,58.958729752195275,30431.28666027183,0.28496719380227714,1690.6270366817685,17.337225656781207,5.9265947742191685,3.2657911876124515,23.263820431000376,28.0,15.0,115.91025872204875,40.68142354912134,2.26879582559596,0
41.75947230079851,5.205793552711506,3.3224813054272833,2.742401777003626,327.1755883477214,1855.8790986180486,0.08333333333333333,91.66765211005587,154.65659155150405,170124.07957044334,0.6186263662060162,9451.337753913518,29.231630610558952,9.148903432477923,2.8270440496500924,38.380534043036874,23.0,27.0,103.98478321019402,223.19080513752735,7.808690329067259,0
17.76135894024738,2.52223430268281,1.9711400121003138,1.0,126.24046522636694,631.2023261318346,0.13333333333333333,34.81480953995748,84.16031015091129,21975.188765457948,0.21040077537727822,1220.8438203032192,12.432951258173166,4.853470500283376,2.414786709238311,17.28642175845654,14.0,17.0,36.71666926647627,89.52379595989066,3.7833514540242152,0
18.544106624281504,1.3619836940974581,1.0,1.1409353381668865,327.6825341345565,1766.9682379540648,0.08333333333333333,79.54737559593715,147.24735316283872,140557.68609062323,0.588989412651355,7808.760338367957,12.980874636997052,4.978841823334729,0.9378650368855215,17.959716460331784,23.0,18.0,196.25643532387767,131.42609881067878,2.042975541146187,0
18.094840746497823,1.2435041189851566,1.0,1.0,250.68528786230658,1324.9725767035568,0.11764705882352941,74.53271120880879,155.87912667100667,98753.79841903746,0.44165752556785226,5486.32213439097,12.666388522548475,3.697927091610866,2.0852533222639953,16.36431561415934,16.0,22.0,36.40374313698132,214.28154472532526,1.8652561784777348,0
31.907979970209894,3.8474564094130814,3.311964976599498,2.772795050182981,144.80063125730533,688.5107118707419,0.09523809523809523,81.88017657858366,65.57244874959447,56375.378664222684,0.22950357062358065,3131.9654813457046,22.335585979146924,2.6793630052180277,4.299404663868135,25.014948984364953,20.0,6.0,87.48450765229678,57.316123605008556,5.771184614119623,0
67.6453426355378,9.951435188978738,7.275375878621179,4.452231628518548,49.08446135818742,191.76762047081218,0.2222222222222222,8.938112800235748,42.61502677129159,1714.0406232009173,0.0639225401569374,95.22447906671762,47.351739844876455,14.248202507236194,9.07704340857408,61.59994235211265,8.0,6.0,33.44276395777486,15.64169740041256,14.927152783468108,0
24.9144398437263,2.5393560735990723,1.8655368212598324,2.218933395378882,191.64962212203739,931.0302219922382,0.09523809523809523,74.4200658674435,88.66954495164173,69287.33044524291,0.31034340733074606,3849.2961358468287,17.44010789060841,4.723043838532893,2.467067027783392,22.1631517291413,20.0,8.0,124.67156284133823,66.97805928069914,3.8090341103986085,0
16.172586770159203,1.0,1.0,1.0,189.08109489977542,945.4054744988771,0.18181818181818182,33.942999038623356,171.8919044543413,32089.897112024642,0.31513515816629234,1782.7720617791467,11.320810739111442,2.1044190727991365,1.321632765511316,13.42522981191058,10.0,21.0,39.73189912983264,149.34919576994278,1.5,0
6.300117923895434,1.0,1.0,1.0,224.64490260319792,1203.5467482689971,0.08695652173913043,67.41771841981927,104.65623897991279,81140.37577988835,0.40118224942299907,4507.798654438241,4.410082546726803,0.3515889345283249,0.5878294728347992,4.761671481255128,22.0,18.0,108.19611624169194,116.448786361506,1.5,0
227.84486580070495,27.69811968931883,20.998945522745007,17.065501643986558,263.31491011969484,1529.1631393347654,0.06666666666666667,74.00941488616158,101.94420928898437,113172.46920765196,0.5097210464449218,6287.359400425109,159.49140606049346,41.25942309047134,24.59877199256627,200.7508291509648,29.0,26.0,125.50427550408362,137.8106346156112,41.547179533978245,1
140.11347832123067,10.370449138922675,6.256680916165307,3.1484306013075103,186.66826070251767,972.439598972833,0.11764705882352941,52.288705189594076,114.40465870268623,50847.60750537756,0.3241465329909443,2824.8670836320866,98.07943482486147,22.234700691473616,20.91581015497933,120.31413551633509,16.0,20.0,49.4104095798332,137.25785112268446,15.555673708384013,0
6.83379785203992,1.0,1.0,1.0,111.00100854087634,495.0014071878127,0.2222222222222222,21.389716375913824,110.00031270840282,10587.939705425544,0.16500046906260424,588.2188725236414,4.783658496427944,0.36168468054859265,1.0018519990496748,5.145343176976537,8.0,13.0,36.13700122517795,74.86400731569839,1.5,0
10.077104294722336,1.0,1.0,1.0,272.40356313664915,1385.8430052818933,0.13333333333333333,56.04712013439604,184.7790673709191,77672.50940444671,0.4619476684272978,4315.139411358151,7.053973006305634,1.7712149858302066,1.351380433689241,8.825187992135842,14.0,19.0,112.26893418123191,160.13462895541724,1.5,0
32.401891458210095,4.052723882433388,3.281287914633852,3.3696653619539814,423.8033490474502,2438.940596808193,0.11764705882352941,58.69735134689314,286.9341878597874,143159.35312505174,0.8129801989360643,7953.297395836208,22.681324020747066,4.273525554292011,3.9680234462722654,26.954849575039077,16.0,37.0,144.99093014970774,278.8124188977424,6.079085823650082,0
33.490942763302364,2.8015981767620133,2.7302603750959102,1.3475785960034397,83.33973297616367,308.393658004269,0.3333333333333333,19.016902259748598,102.797886001423,5864.69205179352,0.102797886001423,325.81622509963995,23.443659934311654,3.004554734392328,1.729040371139628,26.448214668703983,5.0,7.0,22.485645744968163,60.854087231195514,4.20239726514302,0
35.669441843525426,1.9104584631311115,1.4311098756094727,1.4091961331186391,94.3718757442796,453.67910136307114,0.1,31.339009177311492,45.36791013630712,14217.853521171717,0.15122636712102372,789.8807511762066,24.968609290467796,2.0660055990489017,3.0029467618557426,27.034614889516696,19.0,8.0,64.68228810261608,29.689587641663522,2.865687694696667,0
27.146573546667273,1.5400450894640143,1.019730327916498,1.2263434101370878,405.6868633855442,2301.228444773089,0.16666666666666666,40.761158120331395,383.53807412884817,93800.73650840018,0.7670761482576963,5211.152028244454,19.00260148266709,3.8962386515989333,1.7737680151730948,22.898840134266024,11.0,39.0,109.24207705586132,296.44478632968287,2.3100676341960216,0
99.84928455359051,10.920420670740462,5.71847672974647,3.9150158190241555,250.29707134376645,1366.479745346474,0.2857142857142857,16.199774471719966,390.4227843847068,22136.66369478621,0.45549324844882466,1229.814649710345,69.89449918751335,7.900105268345119,14.867992635260494,77.79460445585846,6.0,37.0,45.09992803531354,205.1971433084529,16.380631006110693,0
111.52621513911903,6.612195659264813,6.115468371839769,5.605991087020176,286.3315532392688,1456.7011373822734,0.1,83.35676645256973,145.67011373822734,121425.89649996685,0.4855670457940911,6745.883138887048,78.06835059738331,28.19357675298393,11.547338426100312,106.26192735036724,19.0,14.0,154.71560620889557,131.61594703037326,9.91829348889722,0
45.28061264975814,4.05172363431396,2.4146943147487434,3.117484016953467,160.62038608475086,854.8101453160908,0.08,49.39375110950536,68.38481162528727,42222.2795636231,0.2849367151053636,2345.682197979061,31.696428854830696,11.183645959662089,4.063960544456719,42.88007481449279,24.0,15.0,94.76205127207703,65.85833481267382,6.077585451470941,0
3.035738240873701,1.0,1.0,1.0,221.19425000975124,1241.941532991431,0.06666666666666667,45.70289025905962,82.79610219942873,56760.31759047564,0.4139805109971436,3153.350977248647,2.1250167686115904,0.550145823916984,0.2033579661415829,2.6751625925285745,29.0,19.0,158.1557806869104,63.038469322840854,1.5,0
21.029541326612186,1.7769424532641636,1.5475642848473685,1.0,258.70994600211793,1269.4614010281803,0.25,31.63590303853804,317.36535025704507,40160.557794094166,0.42315380034272676,2231.142099671898,14.72067892862853,2.6849818203443796,2.7768760425490955,17.40566074897291,7.0,22.0,50.81686889172513,207.89307711039282,2.665413679896245,0
11.52359040090178,1.0523379248893991,1.0,1.0,222.03578147501605,1067.404806946825,0.3333333333333333,22.046806787016124,355.8016023156083,23532.867542288895,0.3558016023156083,1307.3815301271609,8.066513280631245,1.361087023764204,1.7147876101211177,9.42760030439545,5.0,22.0,19.20515903446773,202.83062244054832,1.5785068873340986,0
3.9881506719537367,1.0,1.0,1.0,101.22525454843475,542.3195654239424,0.2222222222222222,8.381948640388208,120.51545898309831,4545.694744061138,0.1807731884746475,252.53859689228545,2.7917054703676154,0.28190624958638255,0.4329762581172343,3.073611719953998,8.0,32.0,32.074178265232035,69.15107628320271,1.5,0
12.612859035545904,1.6099354177799492,1.0,1.2935201587148661,239.8418891923298,1127.3623420336216,0.15384615384615385,53.979942410940936,173.44036031286487,60854.954299238394,0.37578744734454056,3380.830794402133,8.829001324882132,1.7208713305801633,0.8985242673041599,10.549872655462295,12.0,13.0,113.8886902334676,125.95319895886219,2.4149031266699237,0
36.555667305427505,5.257355332789105,5.014570583176269,4.494762161147417,271.811881037143,1534.0671672457904,0.13333333333333333,45.44939315320939,204.5422889661054,69722.42180758415,0.5113557224152635,3873.4678781991192,25.588967113799253,10.306321868784266,3.457081706780024,35.89528898258352,14.0,35.0,38.07214482063755,233.73973621650546,7.886032999183658,0
3.761071843309468,1.0,1.0,1.0,261.93098054138454,1285.2666651170377,0.2222222222222222,37.1677754820503,285.6148144704528,47770.50284363359,0.42842222170567923,2653.9168246463105,2.6327502903166273,1.1169926595830795,0.5582341991310525,3.749742949899707,8.0,21.0,57.50821539010785,204.42276515127668,1.5,0
61.220186559005576,7.5615837453127375,4.752735565998985,5.290484701813928,299.95523534475143,1709.8767372235798,0.07407407407407407,71.62741621797798,126.65753609063553,122474.05273855152,0.5699589124078599,6804.11404103064,42.8541305913039,4.002550120108685,7.939243213108237,46.85668071141259,26.0,25.0,156.70040290879547,143.25483243595596,11.342375617969106,0
71.19537374892451,6.556695323002805,3.697127524279465,4.86916063148324,302.62533040677397,1564.550261739721,0.13333333333333333,62.13777735847664,208.60670156529613,97217.67583012914,0.5215167539132404,5400.98199056273,49.83676162424715,6.8531187236775555,7.058995432925177,56.689880347924706,14.0,21.0,107.33517299441885,195.29015741235514,9.835042984504208,0
4.5495843261706455,1.0,1.0,1.0,93.57138829802133,382.469572672369,0.18181818181818182,37.610656802308206,69.53992230406709,14384.931835105948,0.12748985755745634,799.1628797281082,3.1847090283194515,0.7252172712116763,0.5254153109630306,3.909926299531128,10.0,6.0,40.916468774789855,52.654919523231484,1.5,0
10.84065526994534,1.097212136222506,1.0,1.0,84.45993491930886,439.99009222619566,0.09090909090909091,27.16102449378857,39.99909929329051,11950.581671979991,0.14666336407539854,663.9212039988884,7.588458688961738,2.747884098936613,0.8434282837608106,10.336342787898351,21.0,15.0,43.0717071192501,41.38822780005877,1.645818204333759,0
67.24558865432309,6.991061735914031,4.7038220493121115,5.818921098627344,159.9841815399193,924.926101956105,0.07142857142857142,50.14563580838645,66.06615013972178,46381.00745836135,0.308308700652035,2576.7226365756305,47.07191205802616,11.797422912592705,6.559615564838911,58.869334970618866,27.0,27.0,55.97841838178441,104.00576315813487,10.486592603871047,0
47.44893086232385,4.134044552770031,2.33652211022138,1.5338238780433793,163.54706942655315,832.0396385029785,0.2,14.536928957154446,166.4079277005957,12095.301114454265,0.2773465461676595,671.9611730252369,33.21425160362669,2.785574615479523,5.233291729667136,35.99982621910622,9.0,24.0,82.78635299791735,80.76071642863582,6.201066829155046,0
16.19854173975303,1.3689171219580718,1.0,1.0,252.7321864736155,1335.791259165555,0.125,39.36006918271991,166.97390739569437,52576.836374428785,0.445263753055185,2920.9353541349324,11.33897921782712,2.8970043559482757,2.1855103410491843,14.235983573775396,15.0,23.0,126.77996508891182,125.9522213847037,2.0533756829371077,0
145.67410939596775,7.631613978184314,6.826612020688995,4.795524967842848,270.78707162162334,1460.1698441685196,0.07692307692307693,63.09474834509855,112.32075724373229,92129.04885891451,0.48672328138950655,5118.280492161917,101.97187657717741,27.848383568040102,12.23399114285462,129.8202601452175,25.0,16.0,184.9782138722893,85.80885774933402,11.447420967276472,0
75.95816640793291,6.765208785305354,4.048928688689092,2.1084281973283048,126.89844976059261,656.0554680615589,0.07142857142857142,65.27529994503166,46.86110486153992,42824.2174582964,0.21868515602051963,2379.1231921275776,53.17071648555303,13.854004258323874,9.714909163050047,67.0247207438769,27.0,8.0,83.3815831305715,43.51686663002111,10.147813177958032,0
18.716764332656908,2.0573771891521027,1.0608425007174793,1.0,372.89617943274186,2135.919653601271,0.06666666666666667,110.96887576184275,142.39464357341805,237020.60267775765,0.7119732178670903,13167.811259875425,13.101735032859835,5.092227748970326,1.7919430463280817,18.193962781830162,29.0,23.0,189.2235574821056,183.67262195063628,3.086065783728154,1
72.45993320781446,7.4857429887645655,6.990363041081092,3.4171148062596743,257.7084428320023,1389.64572628019,0.125,53.23884425857209,173.70571578502376,73983.13239602133,0.4632152420933967,4110.174022001185,50.72195324547012,11.017159610491754,6.073581180356219,61.73911285596187,15.0,26.0,66.04860350114278,191.6598393308595,11.228614483146849,0
5.667147230494936,1.0,1.0,1.0,234.75811666201474,1324.9410498227687,0.06666666666666667,91.49702320791407,88.32940332151792,121228.1619847519,0.4416470166075896,6734.897888041773,3.967003061346455,0.4400269386397197,0.4550687329827959,4.407029999986174,29.0,20.0,102.24518649882884,132.5129301631859,1.5,0
4.466967269968559,1.0,1.0,1.0,129.94993877364024,624.7154777845436,0.16666666666666666,28.019496618521526,104.11924629742393,17504.213217322078,0.20823849259484786,972.4562898512265,3.126877088977991,0.7858861714028015,0.5792324051543074,3.9127632603807925,11.0,16.0,43.34422195275554,86.60571682088471,1.5,0
13.05948877771919,1.0,1.0,1.0,169.51423499169766,941.5818798855471,0.25,12.513796630227096,235.39546997138677,11782.764155594654,0.3138606266285157,654.5980086441474,9.141642144403432,1.3862786322586544,0.7770532033879112,10.527920776662087,7.0,39.0,26.49941636053085,143.0148186311668,1.5,0
53.45965890871681,6.49297109810965,4.155469115328455,4.5701877043545736,167.62272633618613,845.5550950010887,0.2,19.33862013090548,169.11101900021777,16351.86878197775,0.2818516983336962,908.4371545543195,37.421761236101766,3.0991088341541833,6.382570749967696,40.52087007025595,9.0,23.0,64.4834189713569,103.13930736482922,9.739456647164475,0
138.35730606904863,12.871292871257813,10.008513805439426,10.686034412498653,221.38577265037293,1261.9962514475396,0.14285714285714285,22.704449747153976,180.28517877821994,28652.93047208736,0.4206654171491799,1591.8294706715199,96.85011424833404,30.186846933353564,16.57378338091649,127.0369611816876,13.0,38.0,85.15907416744908,136.22669848292387,19.30693930688672,0
30.680410823649872,4.552080216896855,4.403590782157583,3.1004994145863596,380.915370809209,2202.208779058668,0.1111111111111111,72.57469665763506,244.68986433985197,159824.6341169637,0.734069593019556,8879.146339831315,21.47628757655491,5.125050772728755,1.8987998237787869,26.601338349283665,17.0,37.0,56.4637857515464,324.45158505766256,6.828120325345283,0
26.20533907712917,2.887895809580481,1.6952947882866698,1.625543682103128,74.09841485029531,308.9848326514907,0.2857142857142857,8.334712061774681,88.28138075756877,2575.2996116058107,0.10299494421716357,143.07220064476726,18.34373735399042,2.953540697983374,1.6214296529664753,21.297278051973795,6.0,11.0,40.75956660319659,33.338848247098724,4.331843714370722,0
67.35087175208434,9.796623941797144,9.466904975264546,6.768477952344587,174.1403375376906,972.5672550109267,0.16666666666666666,18.781439707803596,162.0945425018211,18266.213261771765,0.32418908500364224,1014.789625653987,47.14561022645904,4.15196508377826,5.1455360551739995,51.2975753102373,11.0,36.0,47.79247041246643,126.34786712522418,14.694935912695716,0
20.679793179205188,2.4483128149200946,2.2035705897781597,1.7158427243880328,122.15681831456435,552.5839360007319,0.11764705882352941,40.32929948067296,65.00987482361552,22285.323043182536,0.1841946453335773,1238.0735023990298,14.475855225443631,3.3799372758960566,1.6244138137851585,17.85579250133969,16.0,6.0,86.86868126897551,35.28813704558884,3.672469222380142,0
42.33132068512272,2.5904213878485063,2.1218443096465665,1.542612070019703,225.51177040588254,1147.2827522045054,0.16666666666666666,44.72422097121288,191.21379203408424,51311.32732605557,0.38242758406816846,2850.629295891976,29.6319244795859,3.8058724963711996,3.4862545469652155,33.4377969759571,11.0,22.0,38.48320998081053,187.02856042507202,3.8856320817727594,0
66.1321411590786,9.896548528209122,7.505724585111429,8.655282965276559,189.3581045390144,868.1998085190176,0.3333333333333333,21.87170739331911,289.3999361730058,18989.012170863632,0.28939993617300586,1054.945120603535,46.29249881135502,12.148574225790425,8.616161079606272,58.44107303714544,5.0,18.0,23.133128349789157,166.22497618922523,14.844822792313682,0
82.10976154832332,10.301307113820453,7.9957847640889534,5.1671985913205525,132.1308316203763,550.9756582351716,0.2,25.900030845625487,110.19513164703433,14270.286543479751,0.1836585527450572,792.7936968599862,57.47683308382632,23.885765068090517,10.455539529425453,81.36259815191684,9.0,8.0,80.33076992912534,51.800061691250974,15.45196067073068,0
4.349498689195793,1.0,1.0,1.0,169.5304564594188,896.0366507353419,0.11764705882352941,32.11445072734022,105.41607655709905,28775.724869931095,0.2986788835784473,1598.6513816628385,3.044649082437055,0.900512648627533,0.30730358395803686,3.945161731064588,16.0,22.0,77.20141061831566,92.32904584110312,1.5,0
36.02004551064878,4.459070035117697,3.497605599749086,1.4580480913214195,325.0423180326123,1680.4444065235655,0.15384615384615385,55.795805035803085,258.52990869593316,93761.74847989468,0.5601481355078551,5208.986026660816,25.21403185745414,4.828574058842805,3.3318477791220538,30.042605916296946,12.0,23.0,101.85909788939995,223.18322014321234,6.688605052676545,0
6.055044926214062,1.0,1.0,1.0,320.35792161738317,1892.3191944304117,0.09090909090909091,69.5030625074139,172.02901767549199,131521.97925447603,0.6307730648101373,7306.776625248668,4.2385314483498435,0.6443090785285908,0.8421188080952583,4.882840526878434,21.0,38.0,62.2036894469887,258.1542321703945,1.5,0
14.261164826373308,1.094431066960098,1.0,1.0,147.04205656545707,792.8974434991343,0.08695652173913043,32.11850363791483,68.94760378253342,25466.679423520312,0.26429914783304476,1414.8155235289062,9.982815378461316,1.932836507563731,1.3163371247149642,11.915651886025048,22.0,19.0,88.64477722379377,58.39727934166332,1.641646600440147,0
143.40528391352908,7.743874549242012,4.117258428076736,2.8515616059082163,222.33656967484546,1111.6828483742274,0.125,52.66035156363458,138.96035604677843,58541.60962264949,0.37056094945807583,3252.3116457027495,100.38369873947035,29.98221430226979,13.687753307587487,130.36591304174013,15.0,16.0,102.97310613060708,119.36346354423839,11.615811823863018,0
8.350825162417857,1.0,1.0,1.0,115.40858404263928,582.1663826681754,0.2222222222222222,14.926483471244932,129.37030725959454,8689.696888410972,0.1940554608893918,482.760938245054,5.8455776136925,0.5918150852474764,0.7779848106515893,6.437392698939976,8.0,24.0,22.118062347358446,93.29052169528083,1.5,0
5.05615035082952,1.0,1.0,1.0,263.3609489153988,1493.8953207133686,0.1,48.10623766534063,149.38953207133687,71865.68334537758,0.4979651069044562,3992.5379636320877,3.5393052455806635,0.44841340453176526,0.30514040000626075,3.987718650112429,19.0,31.0,101.31888520056721,162.04206371483158,1.5,0
9.29714635663756,1.0,1.0,1.0,275.13700524897797,1552.8336901105251,0.08695652173913043,38.86203999209254,135.02901653135,60346.28496614387,0.5176112300368417,3352.5713870079926,6.508002449646292,1.573985995008616,0.7360361128539469,8.081988444654908,22.0,27.0,176.2154489054697,98.92155634350829,1.5,0
9.526271203116963,1.0,1.0,1.0,127.6189649979451,727.484216862344,0.10526315789473684,19.2566910321591,76.5772859855099,14008.938794890388,0.2424947389541147,778.2743774939104,6.668389842181874,2.755866263432415,0.6079463772710145,9.424256105614289,18.0,33.0,54.87146554312183,72.74749945482327,1.5,0
6.5070972245461896,1.0,1.0,1.0,304.7169100247209,1737.0203766941445,0.09090909090909091,88.65416049563783,157.91094333583132,153994.08325963595,0.5790067922313815,8555.226847757553,4.554968057182332,1.8569112850171705,0.9569294554768969,6.411879342199503,21.0,30.0,42.97605522807587,261.740854796645,1.5,0
5.565845279760465,1.0,1.0,1.0,177.24395998555897,833.1245493167318,0.1,17.37850676648896,83.31245493167319,14478.460617628889,0.27770818310557727,804.358923201605,3.8960916958323253,0.2819779003037571,0.39796480166047976,4.1780695961360825,19.0,6.0,164.4387444734092,12.805215512149761,1.5,0
35.43520863689328,3.4118345169873585,2.175297047710499,2.516703442478164,65.67280824556767,243.0182680337624,0.3333333333333333,15.704618379853024,81.00608934458747,3816.5091588030737,0.08100608934458747,212.02828660017076,24.804646045825294,6.7441587443971684,4.744496450343551,31.548804790222462,5.0,7.0,15.418029430037997,50.254778815529676,5.117751775481038,0
1.006266117837228,1.0,1.0,1.0,248.85472892724704,1389.844329185803,0.08695652173913043,40.58039612606215,120.85602862485243,56400.433431921,0.4632814430619343,3133.3574128845003,1.0,0.11978194570929036,0.12613533087510986,1.1197819457092903,22.0,25.0,152.9374289929183,95.91729993432871,1.5,0
19.277900424943635,2.5115892296727242,1.9612286708249664,1.804211139304313,269.4855947542667,1453.1518677813287,0.10526315789473684,53.6876589560469,152.96335450329775,78016.32188878654,0.4843839559271096,4334.240104932585,13.494530297460544,1.1671300046530142,2.5819819685212395,14.661660302113559,18.0,23.0,126.31850420480829,143.1670905494584,3.7673838445090864,0
9.954437842114995,1.4326395489350499,1.0198679313767127,1.1097432472223911,478.08043810024355,2751.299138251927,0.09523809523809523,89.26549348288358,262.0284893573264,245596.07529509062,0.9170997127506424,13644.226405282812,6.968106489480496,2.2523668950271,0.600040888016829,9.220473384507596,20.0,33.0,174.57776025843938,303.50267784180414,2.1489593234025746,0
19.617327628731466,2.625539037428757,1.551835553593349,2.247418594678583,129.7509404751653,569.9073164709985,0.13333333333333333,50.91984174912201,75.98764219613312,29019.590366370037,0.18996910549033283,1612.1994647983354,13.732129340112026,4.375376860046746,2.0528029524376725,18.107506200158774,14.0,6.0,78.83109872604328,50.91984174912201,3.9383085561431352,0
26.287625196530477,1.8179524087439856,1.2056438275338168,1.0,92.58324466645173,435.1819604645641,0.25,10.764926519121696,108.79549011614102,4684.701826848355,0.14506065348818803,260.2612126026864,18.401337637571334,4.522757500938513,3.926173376814601,22.92409513850985,7.0,18.0,34.14507213407681,58.43817253237492,2.7269286131159785,0
288.9421081707723,33.98533710674253,17.69833884500786,24.092634978974687,264.8138507865589,1462.7157116415951,0.10526315789473684,28.482486213671624,153.9700749096416,41661.780091352615,0.48757190388053173,2314.5433384084786,202.2594757195406,55.6208726833291,41.54829110002018,257.8803484028697,18.0,27.0,176.20167145513602,88.61217933142284,50.978005660113794,1
216.76559388924662,18.796621809996424,13.514052073473373,16.641232162999426,90.20452436916415,433.64516421796634,0.08695652173913043,70.36242389006941,37.70827514938838,30512.324862583308,0.14454838807265544,1695.129159032406,151.7359157224726,23.4735644059902,15.444831840396676,175.20948012846281,22.0,5.0,51.82502042912628,38.379503940037864,28.194932714994636,1
66.80527195830621,4.404577612126357,2.6478596869370565,1.643063139911983,168.22063080902848,781.1924176303156,0.1111111111111111,50.165982241050706,86.7991575144795,39189.284949685876,0.26039747254343854,2177.1824972047707,46.763690370814345,12.3743374082543,9.904935070278714,59.13802777906864,17.0,7.0,121.00558869980428,47.21504210922419,6.6068664181895365,0
88.90850921330372,11.108725741971085,7.2567056636387095,7.787643714721452,274.29413835072114,1548.0766705496421,0.06666666666666667,36.8938112192688,103.20511136997614,57114.448436212675,0.5160255568498807,3173.0249131229266,62.235956449312596,4.783333911783407,12.784196934891808,67.019290361096,29.0,20.0,220.86172210212493,53.43241624859619,16.663088612956628,0
20.320097484646592,1.3615194379081657,1.2694154394562362,1.0,301.12991889664056,1764.0133419608276,0.10526315789473684,56.178703241720136,185.68561494324499,99099.98205245231,0.5880044473202759,5505.554558469573,14.224068239252613,4.401513202521031,2.4566982205506966,18.625581441773644,18.0,39.0,51.446793377884404,249.68312551875616,2.0422791568622483,0
30.76125767061427,1.5708876742359437,1.051010067663325,1.0,281.5202956046843,1707.727222062052,0.06666666666666667,61.13273298684963,113.84848147080346,104398.0322806939,0.5692424073540173,5799.890682260771,21.53288036942999,1.6879457966817362,4.004949056367718,23.220826166111724,29.0,37.0,121.31037467363012,160.2099209310542,2.3563315113539156,0
233.9343923559854,17.275163871492126,15.63592915274367,13.309904018321904,96.18209742949713,480.9104871474857,0.2,13.025165961603543,96.18209742949715,6263.938907771609,0.16030349571582855,347.99660598731157,163.7540746491898,34.225871467034004,31.30328827112271,197.9799461162238,9.0,22.0,29.60902695907901,66.57307047041812,25.91274580723819,0
36.07401744237595,1.9697065312833286,1.8413885026222867,1.4609806453902263,369.2826615066557,2073.414994822484,0.11764705882352941,71.19807395240764,243.93117586146872,147623.15413540212,0.6911383316074947,8201.286340855673,25.25181220966316,3.604966480487016,3.7966860899107666,28.856778690150175,16.0,32.0,75.59060645297416,293.69205505368154,2.954559796924993,0
4.975106049428078,1.0,1.0,1.0,316.03902837481377,1658.5499123301631,0.2222222222222222,31.859650407647063,368.5666471844807,52840.82039047268,0.552849970776721,2935.601132804038,3.4825742345996544,1.0075016190285573,0.6183160914992619,4.490075853628212,8.0,29.0,77.09165031746079,238.94737805735298,1.5,0
12.07719811142533,1.0,1.0,1.0,223.90977548946188,1263.7145723472684,0.1,35.74664790484354,126.37145723472685,45173.559869917735,0.4212381907824228,2509.6422149954296,8.454038677997731,1.177552204549847,0.9470908076420824,9.63159088254758,19.0,30.0,107.26281916839348,116.6469563210684,1.5,0
22.608961267921345,1.3521574200983935,1.0,1.1283958380438526,402.393221281138,2336.840254209631,0.07142857142857142,103.18123223503456,166.91716101497363,241118.0569657811,0.7789467514032103,13395.447609210061,15.82627288754494,2.806671507414167,3.320203678241451,18.632944394959107,27.0,28.0,180.74464833180448,221.6485729493335,2.02823613014759,1
29.43576826622229,1.9505455136509862,1.7694272172989995,1.3147394317969898,345.6987494697056,2016.4227836910845,0.08695652173913043,53.42766415743389,175.3411116253117,107732.75928644522,0.6721409278970282,5985.153293691401,20.605037786355602,7.6157100204924015,2.5917775625985993,28.220747806848003,22.0,34.0,175.70163624150683,169.99711322819874,2.925818270476479,0
130.50907700116235,7.818422251604975,7.633233865392733,2.714180449655798,262.9327630027815,1491.4664680915628,0.15384615384615385,32.34626651933475,229.45637970639427,48243.37188154057,0.49715548936385423,2680.1873267522537,91.35635390081364,32.833443527752905,18.043042545658103,124.18979742856655,12.0,38.0,52.682030627105604,210.25073237567588,11.727633377407463,0
3.6896130435387,1.0,1.0,1.0,357.5120954120191,1963.4039081638073,0.2222222222222222,31.2898781142292,436.31197959195714,61434.668975446795,0.6544679693879357,3413.0371653025995,2.5827291304770896,0.4517131192708513,0.19090083212828224,3.034442249747941,8.0,36.0,68.08072285539899,289.4313725566201,1.5,0
37.9113304736725,4.318523033968346,2.9268995130079722,2.28451084479035,228.41783210901423,1223.760414306166,0.1111111111111111,20.916635718698316,135.97337936735178,25596.950793005402,0.40792013810205535,1422.0528218336335,26.53793133157075,3.355092891763878,3.1053266935174997,29.893024223334628,17.0,23.0,169.35909596210132,59.05873614691289,6.477784550952519,0
17.78821828366004,1.4890646498164852,1.3174589100744187,1.0,211.16992986283074,1091.7326999506681,0.06666666666666667,56.91704135235633,72.7821799967112,62138.195228811805,0.363910899983556,3452.1219571562115,12.451752798562028,2.710223867472545,1.6324702688109094,15.161976666034573,29.0,6.0,183.69273748583115,27.477192376999607,2.233596974724728,0
49.388980121843915,4.079005553224739,3.7319167045936914,3.2420811077091916,246.16553523563496,1241.7559783313632,0.13333333333333333,54.282386196421534,165.5674637775151,67405.4775774983,0.4139186594437877,3744.7487543054613,34.572286085290735,3.7982569610637085,3.5796537789072658,38.37054304635444,14.0,18.0,98.82762984534796,147.337905390287,6.118508329837109,0
12.107497349016397,1.0682226956403824,1.0,1.0,188.9044094793485,984.0887117443414,0.08333333333333333,72.99714272800009,82.00739264536178,71835.66414821542,0.3280295705814471,3990.870230456412,8.475248144311477,2.9450081691004804,0.8719285326386838,11.420256313411958,23.0,13.0,100.03832268004405,88.86608679930444,1.6023340434605737,0
4.87126178083357,1.0,1.0,1.0,206.73053910637813,1189.7109958188116,0.09523809523809523,42.057898611371755,113.3058091256011,50036.7444389817,0.3965703319396039,2779.8191354989835,3.4098832465834987,0.3516149242073729,0.45572221034769334,3.7614981707908717,20.0,33.0,63.733683827714174,142.99685527866396,1.5,0
12.295016182129658,1.0,1.0,1.0,195.38898720118556,1017.869816982048,0.14285714285714285,28.41766779443786,145.40997385457828,28925.486316981103,0.339289938994016,1606.9714620545058,8.60651132749076,1.5460912435308265,0.7642668611792384,10.152602571021585,13.0,23.0,90.46221380633806,104.92677339484749,1.5,0
30.962878227826412,4.622024112076431,4.167093134346555,2.5433966166011333,290.6389911483799,1605.362474453982,0.08333333333333333,100.1612577173005,133.78020620449848,160795.12453346854,0.5351208248179941,8933.062474081586,21.67401475947849,8.380502712927443,2.732607021586109,30.054517472405934,23.0,22.0,90.31647571377894,200.32251543460097,6.933036168114647,0
37.63559438498272,5.524605417588631,4.324752939982273,4.4588006838689305,394.79031710882487,2228.1397748777676,0.11764705882352941,71.95987953248971,262.13409116209033,160336.6697817529,0.7427132582925892,8907.592765652938,26.3449160694879,3.878776508267949,5.455953460248848,30.22369257775585,16.0,33.0,88.96082909574356,305.8294880130813,8.286908126382947,0
10.139400191654461,1.003539142153748,1.0,1.0,111.29723573880469,556.4861786940235,0.25,9.712291618362052,139.12154467350587,5404.756049064291,0.18549539289800782,300.26422494801614,7.097580134158123,1.4341534833151028,1.2332651635447307,8.531733617473225,7.0,24.0,41.92372417907574,69.37351155972894,1.505308713230622,0
24.894863843660623,1.4924993926018015,1.0,1.0,113.83726178955058,639.1631943969097,0.07142857142857142,34.93305217547234,45.65451388549355,22327.921218508818,0.21305439813230323,1240.4400676949344,17.426404690562435,5.080197073694625,3.5636830021015866,22.50660176425706,27.0,21.0,56.90932491100306,56.92793687854752,2.2387490889027024,0
14.289022704909081,1.5050638785530193,1.0,1.0,283.3691623949189,1497.719999679241,0.2,35.464827301710734,299.5439999358482,53116.38113494254,0.4992399998930803,2950.910063052363,10.002315893436357,1.1806627729246686,2.120384197353238,11.182978666361025,9.0,29.0,46.93698038351398,236.4321820114049,2.257595817829529,0
9.903937777322605,1.2721589569451388,1.0,1.044872157267677,211.04806761705996,1099.4450661571793,0.07692307692307693,86.94770023881667,84.5726973967061,95594.22004128038,0.3664816887190598,5310.7900022933545,6.932756444125824,2.5540468340875715,1.3327121758407725,9.486803278213396,25.0,11.0,127.57827538779595,83.469792229264,1.9082384354177082,0
24.403741512448278,2.741256100762513,1.7829181955306506,1.9227039613003636,305.31621466726784,1666.8529960371345,0.25,26.449439140115782,416.71324900928363,44087.32687420384,0.5556176653457116,2449.295937455769,17.082619058713792,6.667371018212861,3.5035721725897315,23.749990076926654,7.0,36.0,25.707858043186718,279.6083566240811,4.111884151143769,0
59.86710083755456,7.748918239738845,6.728073554031175,4.736440971815237,125.21968746062554,601.975480852353,0.2,24.83713603347186,120.39509617047061,14951.346906744528,0.200658493617451,830.6303837080293,41.90697058628819,14.7686782337637,7.836193241264946,56.67564882005189,9.0,18.0,20.351779763744346,104.86790769688119,11.623377359608268,0
13.805295373450017,1.0671589982737735,1.0287177635431688,1.0,136.03983159706164,738.1881434307444,0.07142857142857142,43.01457467232635,52.72772453076745,31752.849017827706,0.2460627144769148,1764.0471676570949,9.66370676141501,2.821464318020613,1.480889234426009,12.485171079435624,27.0,15.0,85.05959494837855,50.98023664868308,1.6007384974106602,0
20.02003635351301,1.3278682531711976,1.0,1.0,205.7213547103072,1178.3555555856199,0.125,14.710988284807808,147.29444444820248,17334.77477355825,0.3927851851952066,963.0430429754583,14.014025447459106,4.455220526339223,1.566628051368698,18.46924597379833,15.0,37.0,131.18568073394763,74.53567397635956,1.9918023797567965,0
52.50973561953961,5.061173525338606,4.00880484570405,2.361259015223912,107.01117166365376,535.0558583182687,0.16666666666666666,18.619074402101216,89.17597638637812,9962.244835307973,0.17835195277275626,553.4580464059985,36.756814933677724,14.842645448398596,5.7906850750990815,51.599460382076316,11.0,20.0,35.920160310176385,71.09101135347737,7.591760288007908,0
14.438985645523685,1.0,1.0,1.0,108.69441814566,413.83822792706593,0.2857142857142857,22.283062236178022,118.2394936934474,9221.582988608436,0.13794607597568864,512.310166033802,10.107289951866578,3.63271272249846,1.495654720006162,13.740002674365037,6.0,7.0,49.27291884918526,59.42149929647473,1.5,0
286.7542303237234,37.94161291603547,29.453188678823167,13.372712941164643,152.15587360903567,875.6399354134037,0.08695652173913043,25.75511274602648,76.14260307942641,22552.205261495557,0.29187997847113456,1252.9002923053088,200.72796122660637,80.57886440887799,15.648813247175633,281.30682563548436,22.0,31.0,77.23190925695863,74.92396435207704,56.9124193740532,1
4.094982746664527,1.0,1.0,1.0,104.02725614442664,463.9024352505372,0.25,14.021507241800247,115.9756088126343,6504.611355354178,0.15463414508351242,361.3672975196766,2.866487922665169,1.1604428190613325,0.5404665851315178,4.026930741726502,7.0,14.0,43.935082250997006,60.09217389342964,1.5,0
23.043560932293822,2.8161084854284923,2.30929185565531,2.016557206780944,171.63998752588276,806.7834145879009,0.13333333333333333,45.54188488739697,107.57112194505345,36742.43739622325,0.2689278048626336,2041.2465220124027,16.130492652605675,4.50819287050832,2.738783054003277,20.638685523113995,14.0,11.0,93.56818486177369,78.07180266410909,4.224162728142739,0
9.041167009451888,1.2734302299158706,1.0,1.1315094585517451,211.7072192452696,1162.6649475274792,0.09523809523809523,22.33727278297081,110.72999500261706,25970.764088119748,0.3875549825091597,1442.8202271177638,6.328816906616321,0.9213371001218019,0.5497497701165314,7.250154006738123,20.0,24.0,155.8640372878426,55.84318195742703,1.910145344873806,0
1.9220518638209607,1.0,1.0,1.0,152.67283041337456,770.1419279230371,0.08333333333333333,102.49719068189978,64.17849399358641,78937.38403845346,0.2567139759743457,4385.410224358526,1.3454363046746725,0.22971172564116735,0.09877227085382871,1.5751480303158398,23.0,9.0,63.54483851607039,89.12799189730416,1.5,0
32.90978322691481,2.4535230246271595,1.653429582565197,1.593033381916486,244.7024795650339,1255.148272637251,0.18181818181818182,35.206629408491224,228.20877684313655,44189.5400874476,0.41838275754575033,2454.9744493026446,23.036848258840365,9.38183610146532,1.9412993975522912,32.41868436030568,10.0,24.0,68.66933252257782,176.0331470424561,3.6802845369407393,0
7.226268628508499,1.0,1.0,1.0,123.51091798307792,542.4991569604717,0.2857142857142857,16.046732336722513,154.99975913156334,8705.338764642303,0.18083305232015726,483.62993136901684,5.058388039955949,1.6257042655514735,1.0640496498053293,6.684092305507422,6.0,14.0,43.27725629946536,80.23366168361257,1.5,0
78.36571526325984,4.023718302369996,2.1319734920074294,3.5648733315184433,147.3091487447603,647.0285405663187,0.16666666666666666,23.436160831650813,107.83809009438644,15163.864939380548,0.2156761801887729,842.4369410766972,54.85600068428189,9.829696250951192,11.289898588378078,64.68569693523308,11.0,9.0,104.69794723266791,42.61120151209239,6.035577453554994,0
67.35852790654117,3.7399812500213954,2.3979837119135663,2.7688163539533277,203.5664421998752,1052.4232389837962,0.07142857142857142,111.26153527016506,75.17308849884257,117094.22532333698,0.35080774632793205,6505.234740185388,47.15096953457881,17.973909694372157,5.406549329041917,65.12487922895097,27.0,8.0,129.3920853530985,74.1743568467767,5.609971875032093,0
151.1073961804059,10.456040463319152,6.078417907801506,8.074108475988456,343.5341550094795,1908.1909875861522,0.07692307692307693,95.89980668981471,146.78392212201172,182995.14683675862,0.6360636625287174,10166.39704648659,105.77517732628414,42.99372875372864,21.144408165606276,148.76890608001278,25.0,21.0,174.75049523540562,168.7836597740739,15.684060694978728,1
47.26128760015113,6.8168815157794596,6.072923346712095,4.330234753506564,337.72336716380346,1797.339476009006,0.2857142857142857,25.401562882620567,513.5255645740017,45655.231721259064,0.5991131586696686,2536.40176229217,33.08290132010579,11.212874555167607,4.36531190795042,44.2957758752734,6.0,33.0,49.83898782743701,287.88437933636646,10.225322273669189,0
14.793750187519906,1.5756727044077292,1.0,1.0,385.3037490324877,2337.2869070488277,0.06666666666666667,51.5033188912448,155.81912713658852,120378.03291406702,0.7790956356829426,6687.668495225946,10.355625131263935,1.3334355362716697,1.8616580664195912,11.689060667535605,29.0,37.0,250.3295340071565,134.9742150253312,2.3635090566115937,0
4.625735633583996,1.0,1.0,1.0,412.58272260974604,2416.9017479658833,0.07142857142857142,127.83710500627997,172.63583914042022,308969.7225445762,0.8056339159886278,17164.98458580979,3.2380149435087966,0.3141028207212946,0.2466793157356572,3.552117764230091,27.0,30.0,119.03085185458465,293.5518707551614,1.5,1
26.779046930242984,3.8041655263811713,2.6169764397650086,2.213019156361566,90.44222566228926,452.2111283114463,0.18181818181818182,9.929754893243617,82.2202051475357,4490.345664129801,0.1507370427704821,249.46364800721116,18.745332851170087,2.783755204995781,1.4116120289901026,21.529088056165868,10.0,21.0,46.751304132017346,43.690921530271915,5.706248289571757,0
30.580503346068014,1.677673007522014,1.206901467607399,1.280680741346465,292.4797607920493,1556.5562561451425,0.3333333333333333,17.921900111650675,518.8520853817141,27896.445740798186,0.5188520853817141,1549.8025411554547,21.406352342247608,8.51007428720692,2.4287534713824446,29.916426629454527,5.0,34.0,41.573159228939886,250.90660156310943,2.5165095112830214,0
43.66498929794507,4.137317640755929,3.476675453766367,2.7381391212972175,175.5964471310341,844.1544444112045,0.10526315789473684,50.05678957156018,88.85836256960047,42255.66138978896,0.28138481480373484,2347.5367438771646,30.565492508561547,6.007925783334309,3.3921508053979803,36.573418291895855,18.0,9.0,119.97779205152278,55.618655079511306,6.2059764611338935,0
20.535466809489872,1.7533261298512608,1.5968899434465968,1.0,106.61287175931415,452.8837512336232,0.3333333333333333,16.606333733464883,150.96125041120771,7520.738715449034,0.15096125041120773,417.8188175249463,14.37482676664291,5.2349107455401,1.7089761247148247,19.60973751218301,5.0,13.0,13.61740285191079,92.99546890740335,2.629989194776891,0
11.482666271989697,1.0871592118328874,1.0,1.0,268.86617592347494,1458.939054145086,0.08695652173913043,91.15551967945434,126.86426557783356,132990.3476612469,0.48631301804836197,7388.352647847049,8.037866390392788,3.154921230473036,0.9355212360042394,11.192787620865824,22.0,20.0,94.8420019899712,174.02417393350376,1.6307388177493312,0
11.234272527299321,1.0,1.0,1.0,280.40526577392285,1606.1390573936828,0.07407407407407407,44.22908777001363,118.97326351064316,71038.06534031215,0.5353796857978943,3946.5591855728976,7.863990769109525,0.6461770842715476,1.3327091510806763,8.510167853381072,26.0,26.0,188.5448527131253,91.86041306079754,1.5,0
51.57393761250955,7.649944773010211,6.158016324299947,5.174278054987591,245.3769676316502,1347.5742594558644,0.07142857142857142,81.02888761095586,96.25530424684746,109192.44321686632,0.4491914198186215,6066.246845381462,36.101756328756686,14.300006873226062,7.3146800895215005,50.401763201982746,27.0,17.0,137.33845081704237,108.03851681460782,11.474917159515316,0
55.43321621342336,6.094965272947366,5.927425054998484,4.197023339675272,186.7821932579218,867.3896443004988,0.10526315789473684,76.73922437922845,91.30417308426303,66562.80853819512,0.2891298814334996,3697.933807677507,38.80325134939635,11.253655215090967,2.7829783145408777,50.05690656448731,18.0,6.0,127.09612985185524,59.686063406066566,9.14244790942105,0
12.090640705164084,1.7582881247377338,1.0479095022144294,1.0,428.4177807306114,2352.807515628096,0.07142857142857142,122.10353729680668,168.05767968772113,287286.1202367023,0.7842691718760321,15960.34001315013,8.463448493614859,2.400675863270146,0.9309403678098962,10.864124356885005,27.0,17.0,265.6130643348692,162.80471639574225,2.637432187106601,0
3.9117419275635577,1.0,1.0,1.0,214.2376800906742,1162.5103726051686,0.1111111111111111,19.881446029971077,129.16781917835206,23112.387232231227,0.3875034575350562,1284.021512901735,2.73821934929449,0.504418343392778,0.2296864875979753,3.242637692687268,17.0,25.0,153.42384517546856,60.813834915205646,1.5,0
16.408065235161512,1.309338535643539,1.0,1.0,274.54406028503126,1489.748757937473,0.11764705882352941,63.05009476750171,175.2645597573498,93928.80036772565,0.49658291931249104,5218.266687095869,11.485645664613058,1.1842442076193678,1.9202527697553984,12.669889872232426,16.0,26.0,61.74999044471298,212.7940698403183,1.9640078034653086,0
59.15566584146186,7.138225496065704,4.38750781540782,4.760205268938245,308.622468576373,1704.695326212855,0.11764705882352941,69.81481156675066,200.5523913191594,119012.98297827103,0.568231775404285,6611.832387681724,41.4089660890233,13.63566211629215,3.182553272028882,55.04462820531545,16.0,29.0,46.81692520105804,261.805543375315,10.707338244098557,0
57.18776828590995,4.053717973150191,3.1979573118718645,2.802216768812629,266.7462903029458,1379.0583152791885,0.06896551724137931,90.34346367690513,95.10747001925438,124588.90481475936,0.45968610509306285,6921.605823042187,40.03143780013696,6.59375696410468,3.9498668522285847,46.62519476424164,28.0,7.0,215.12145391614288,51.62483638680293,6.080576959725287,0
6.419716868687338,1.0,1.0,1.0,139.20137246990706,793.5090324472101,0.08333333333333333,34.6753974857512,66.12575270393417,27515.241108640854,0.2645030108157367,1528.624506035603,4.493801808081137,1.0791901706903266,0.5877813968869965,5.572991978771463,23.0,28.0,51.759065766708375,87.44230670319868,1.5,0
1.0,1.0,1.0,1.0,124.58679867068237,611.3337907341432,0.25,13.67361188786945,152.8334476835358,8359.140988438676,0.2037779302447144,464.3967215799264,1.0,0.1147266535448294,0.053162962535973725,1.1147266535448295,7.0,22.0,34.731634836111695,89.85516383457067,1.5,0
12.743862016367864,1.120062957377776,1.059090394652933,1.0,181.55140308290498,1044.807900602052,0.08695652173913043,36.84498061020993,90.85286092191757,38495.926839076754,0.34826930020068403,2138.6626021709308,8.920703411457504,2.155317888576403,1.5118867165575554,11.076021300033908,22.0,31.0,74.36600494411248,107.18539813879252,1.680094436066664,0
18.91818533130478,1.7855504427247608,1.5542136519783822,1.4219632817778574,201.8014291699019,1066.6017215041725,0.2222222222222222,23.885361846885406,237.022604778705,25476.168064638056,0.3555339071680575,1415.3426702576699,13.242729731913345,2.909273900356241,2.414962939326883,16.152003632269587,8.0,30.0,16.68987485654,185.1115543133619,2.6783256640871413,0
15.28290734684319,1.0,1.0,1.0,319.03144652026174,1844.4355522597382,0.1,42.41897022373143,184.44355522597382,78239.05677089747,0.6148118507532461,4346.61426504986,10.698035142790232,2.9445058446054486,2.192714650988566,13.64254098739568,19.0,35.0,158.28587514612158,160.74557137414016,1.5,0
1.0,1.0,1.0,1.0,249.65152985143152,1337.5210542115083,0.09523809523809523,36.39391241278066,127.38295754395317,48677.624097223685,0.4458403514038361,2704.31244984576,1.0,0.20464844314900482,0.12293692411334674,1.2046484431490048,20.0,20.0,173.22431378459214,76.42721606683938,1.5,0
1.1249463743152763,1.0,1.0,1.0,172.52596167081305,905.4037410355731,0.08333333333333333,65.04761032332392,75.45031175296442,58894.349732161645,0.30180124701185773,3271.9083184534247,1.0,0.1601708472714846,0.14451997984174533,1.1601708472714847,23.0,14.0,87.681252553434,84.84470911737904,1.5,0
12.162106146884517,1.0824180741991218,1.0,1.0,97.10074031695547,404.9028047062301,0.15384615384615385,28.810685340279726,62.292739185573865,11665.527299787927,0.13496760156874335,648.0848499882181,8.51347430281916,2.711803010565904,1.8132915249854729,11.225277313385064,12.0,5.0,68.29005497667573,28.81068534027973,1.6236271112986826,0
1.78327939716745,1.0,1.0,1.0,241.56828858431373,1285.6090618507174,0.07407407407407407,52.223852276966014,95.23030087783091,67139.45773202073,0.4285363539502391,3729.9698740011518,1.248295578017215,0.3295560260083597,0.16415107475467947,1.5778516040255746,26.0,13.0,185.32721690142725,56.24107168288647,1.5,0
15.257366720183601,2.257638638656503,1.1322417490925654,1.5510861280669974,193.31411494932075,1061.6527207486579,0.07407407407407407,42.87477924870895,78.64094227767836,45518.126040889954,0.3538842402495526,2528.784780049442,10.68015670412852,1.6599902056725215,1.7409689950956908,12.34014690980104,26.0,18.0,130.65097604736152,62.66313890195923,3.3864579579847542,0
4.715077721094476,1.0,1.0,1.0,276.38797154166934,1551.838264610045,0.125,31.722828928057783,193.97978307625561,49228.69979223852,0.5172794215366816,2734.9277662354734,3.3005544047661326,0.388615826139118,0.6267606817323915,3.6891702309052508,15.0,33.0,132.57781373447406,143.81015780719528,1.5,0
76.5015259645798,10.146417328887475,8.808491120195766,3.520045075881424,83.99050901936837,328.14172980814277,0.2222222222222222,17.603363221267408,72.9203844018095,5776.398057867727,0.10938057660271426,320.91100321487374,53.551068175205856,10.330316746086028,8.912696938132658,63.88138492129188,8.0,6.0,53.184623382150406,30.805885637217962,15.219625993331213,0
14.597715339395233,1.3314676360155022,1.0,1.0,152.46826396047794,782.0528769555618,0.07142857142857142,39.44603339141703,55.86091978254013,30848.883898242846,0.2606842923185206,1713.8268832357137,10.218400737576662,4.043967745765541,1.4637763219569038,14.262368483342204,27.0,7.0,129.09283676556413,23.375427194913797,1.9972014540232532,0
37.03029954948889,3.883640730874575,2.8084926862320216,2.0689568404632044,372.27042647197663,2122.1051249501784,0.09523809523809523,62.97560190493446,202.10524999525506,133640.84754928362,0.7073683749833928,7424.4915305157565,25.92120968464222,6.066359823010839,2.5747139672771824,31.98756950765306,20.0,31.0,170.74850037618637,201.52192609579026,5.825461096311862,0
53.90379865252727,3.175569390731458,2.270583177583017,1.4882936632876165,132.3174502702238,655.5266239285415,0.09523809523809523,61.77439623747971,62.43110704081348,40494.76141077907,0.21850887464284718,2249.708967265504,37.73265905676909,12.671294433412754,4.888074666955823,50.40395349018184,20.0,10.0,64.36561440899611,67.95183586122768,4.763354086097188,0
11.030488771451719,1.0901694242978444,1.0,1.0,205.38441776876226,1203.1380159847508,0.08,48.09423797850844,96.25104127878006,57864.006061761094,0.4010460053282503,3214.667003431172,7.721342140016202,2.5570028102799505,0.6700267293711551,10.278344950296152,24.0,33.0,69.11741016298836,136.2670076057739,1.6352541364467665,0
10.960090907896767,1.0,1.0,1.0,251.78892906782735,1311.6826839605021,0.1,35.99932285892753,131.16826839605022,47219.68842835871,0.4372275613201674,2623.3160237977063,7.672063635527736,3.1349522904898297,1.2101954721184598,10.807015926017566,19.0,17.0,183.5796857561752,68.20924331165216,1.5,0
27.869837909846403,2.4050797501929226,2.0793395035723123,1.6284101401540156,286.66306093434656,1555.5096640230645,0.08695652173913043,60.539350295566926,135.2617099150491,94169.54443843191,0.5185032213410214,5231.641357690662,19.50888653689248,1.9933224611121092,3.930163639165645,21.502208998004587,22.0,20.0,171.0879376428097,115.57512329153687,3.607619625289384,0
25.928472562449517,1.6433149650293746,1.5699118787959274,1.0622862233072943,71.36355649215616,246.877343747374,0.3333333333333333,11.056130520414877,82.29244791579133,2729.5081350042965,0.08229244791579134,151.63934083357202,18.14993079371466,5.9366965464081245,3.1715076517519463,24.086627340122785,5.0,5.0,44.82884324316045,26.534713248995708,2.4649724475440618,0
5.197725185465816,1.0,1.0,1.0,165.20517316618603,860.6286453699013,0.2222222222222222,12.182843660953521,191.25081008220027,10484.904236679718,0.2868762151233004,582.4946798155399,3.6384076298260712,1.2873233523656584,0.6311306088421358,4.9257309821917294,8.0,28.0,76.879556624273,88.32561654191304,1.5,0
22.581939646025035,1.386393885787551,1.3710501295770061,1.0,407.39480162794774,2287.403603141801,0.11764705882352941,71.9804303402206,269.10630625197655,164648.29571591798,0.7624678677139336,9147.12753977322,15.807357752217523,6.094436428056598,3.06212854047079,21.901794180274123,16.0,32.0,110.47552647453777,296.91927515340996,2.0795908286813267,0
85.8201539414249,12.419530486899834,8.305566458996033,9.783743889949092,158.20614495909666,791.0307247954834,0.11764705882352941,34.89177599457407,93.06243821123334,27600.46685438957,0.2636769082651611,1533.3592696883095,60.07410775899743,15.545548921199067,11.8229790820075,75.6196566801965,16.0,15.0,88.42259296994854,69.78355198914814,18.629295730349753,0
28.996263151075045,2.536551921988285,2.4684101466660384,1.0,394.378213688047,2214.319238698849,0.09090909090909091,70.56115975626749,201.30174897262265,156244.93355320606,0.7381064128996163,8680.274086289226,20.29738420575253,2.351665231719966,3.4042331784663338,22.649049437472495,21.0,27.0,206.21512100466705,188.16309268337994,3.8048278829824276,0
2.9135678461077767,1.0,1.0,1.0,307.5360823032041,1838.2292505027601,0.06896551724137931,46.75065625907153,126.77443106915587,85938.42381562524,0.61274308350092,4774.356878645846,2.0394974922754434,0.1972649304811071,0.16213237003968028,2.2367624227565504,28.0,34.0,190.6594416555253,116.87664064767884,1.5,0
50.57678048555396,5.3193676435142985,4.332389591175014,3.0662143938319524,362.3817536554279,2012.8816489058318,0.07142857142857142,64.46085767888148,143.77726063613082,129752.07749455111,0.6709605496352773,7208.448749697283,35.40374633988777,3.764675875196697,3.47231570253899,39.16842221508446,27.0,19.0,266.8841867237516,95.49756693167626,7.979051465271448,0
14.92964832163277,2.1028414077462245,1.8814502492496006,1.0,175.71081346993597,986.5652341071407,0.09090909090909091,34.2722355060878,89.6877485551946,33811.79604543857,0.32885507803571357,1878.433113635476,10.45075382514294,1.5331549766965278,1.7712094820306692,11.983908801839467,21.0,27.0,84.31818545370183,91.39262801623414,3.154262111619337,0
11.171554476829813,1.0,1.0,1.0,259.26519053435015,1272.1859252016536,0.16666666666666666,45.80672582234368,212.03098753360894,58274.67187075677,0.4240619750672179,3237.4817705975984,7.820088133780869,0.7374824791974209,1.2211525154912741,8.55757061297829,11.0,18.0,101.02377405716291,158.24141647718724,1.5,0
6.121931356652296,1.0,1.0,1.0,254.3600927203132,1371.5903596353658,0.09523809523809523,63.744161335694514,130.62765329860625,87430.87717108002,0.4571967865451219,4857.27095394889,4.285351949656607,0.7859029597113082,0.7407896475957837,5.071254909367915,20.0,21.0,114.12293778178525,140.23715493852794,1.5,0
20.118582832993734,2.0050535344406937,1.3249157863936427,1.2185141455115214,214.95973943997046,1200.5420839370256,0.06896551724137931,75.420622684129,82.79600578876038,90545.63152903234,0.4001806946456752,5030.3128627240185,14.083007983095612,4.547327428572447,2.3565946455137152,18.63033541166806,28.0,19.0,107.21599274835759,107.74374669161286,3.0075803016610405,0
9.050205053634807,1.2354909365215834,1.132657252679024,1.0,180.27485004183384,901.3742502091692,0.1111111111111111,23.52248214372232,100.15269446768546,21202.559705356278,0.3004580834030564,1177.9199836309044,6.335143537544364,1.895335223758376,1.1000062221843665,8.23047876130274,17.0,14.0,138.76458743526504,41.5102626065688,1.853236404782375,0
9.551972500126496,1.1634138703615342,1.0,1.0,165.49581628399557,961.0929432768025,0.1,27.706791277734112,96.10929432768026,26628.801577873517,0.32036431442560087,1479.3778654374175,6.686380750088547,2.320452894135431,0.8087030997483908,9.006833644223978,19.0,36.0,57.58515551808375,107.9106607659118,1.7451208055423013,0
1.0018647626224844,1.0,1.0,1.0,461.5580778938087,2643.7679553368207,0.07692307692307693,97.15320868422056,203.36676579514005,256850.53987749323,0.8812559851122735,14269.474437638513,1.0,0.15482833524620773,0.14717361447778957,1.1548283352462076,25.0,27.0,243.93489044115464,217.62318745265407,1.5,0
40.77931817333247,5.67319593242539,4.03524366724109,4.827733205349037,355.809152244906,1942.5157359663717,0.07142857142857142,70.75506414885473,138.75112399759797,137442.82550846037,0.647505245322124,7635.712528247798,28.545522721332727,10.544107065780874,5.072241443721577,39.0896297871136,27.0,16.0,266.7101825759778,89.09896966892818,8.509793898638085,0
33.280180096682535,1.894063536413838,1.0,1.5124499590143083,260.11903659188584,1365.0858489009963,0.08,46.2145259265335,109.2068679120797,63086.795355979084,0.4550286163003321,3504.82196422106,23.296126067677772,6.507824335111839,3.7738122355068398,29.80395040278961,24.0,13.0,206.20208967759675,53.916946914289085,2.841095304620757,0
33.86871161754971,4.745389916092617,3.1842761602370393,4.0171342436942155,140.42443331022204,788.4424480612033,0.1111111111111111,19.331732857184488,87.60471645124481,15241.958779183738,0.2628141493537344,846.77548773243,23.708098132284793,4.652048884223009,1.74113174360485,28.360147016507803,17.0,31.0,67.64614490670397,72.77828840351808,7.118084874138926,0
30.06083192815698,2.2808778873616355,1.575471294066493,1.8569981323267408,289.9191561362609,1592.1934153122108,0.1,63.63473296677808,159.2193415312211,101318.80281485493,0.5307311384374036,5628.822378603052,21.042582349709885,1.9872846999237141,3.310561800580418,23.029867049633598,19.0,25.0,115.76093959560512,174.1582165406558,3.4213168310424535,0
193.32138461997496,17.840694493105598,10.09922721885407,11.909005762286723,269.99794028649194,1427.0477126784615,0.2,31.45508853509978,285.4095425356923,44887.91214611264,0.4756825708928205,2493.772897006258,135.32496923398247,21.24440953340364,25.810177979218516,156.56937876738613,9.0,29.0,60.29735005249342,209.70059023399853,26.761041739658395,0
25.8134637010604,3.5344551509020548,3.3752579112919983,3.0314673023075245,194.72866952073974,982.2881554009152,0.10526315789473684,32.99367278675049,103.39875320009634,32409.293981598512,0.3274293851336384,1800.5163323110285,18.06942459074228,3.977283658118503,2.70278036910879,22.04670824886078,18.0,14.0,139.7392148761556,54.98945464458414,5.301682726353082,0
41.96255048025768,2.336587416454695,2.1653928931705697,1.7428582423174848,184.66100004126776,995.7507278302776,0.08333333333333333,52.152768599718186,82.97922731918979,51931.15729153343,0.3319169092767592,2885.0642939740796,29.373785336180376,5.5393264140799525,4.980017883877355,34.91311175026033,23.0,18.0,98.4955562678203,86.16544377344744,3.5048811246820426,0
25.32248006581865,1.6141598912530326,1.2445766984336344,1.3733849430443446,318.75478379574463,1760.6617970853536,0.06896551724137931,41.14750998522575,121.42495152312783,72446.8488761751,0.5868872656951178,4024.8249375652836,17.725736046073052,2.9741388059181637,1.5278632282981432,20.699874851991215,28.0,17.0,265.85084238616867,52.903941409575964,2.4212398368795487,0
6.734918047990373,1.0,1.0,1.0,123.50065589488997,628.3049977352974,0.2222222222222222,8.111272368357588,139.6233328300661,5096.352967031295,0.20943499924509915,283.13072039062746,4.7144426335932605,0.6531046349076389,0.8807837730596924,5.3675472685009,8.0,25.0,70.77738550056566,52.72327039432432,1.5,0
32.852182279951215,4.276842142017286,3.9282432386187836,3.5547980680373232,95.06559207940148,417.5582563971337,0.14285714285714285,31.32357197027278,59.65117948530481,13079.416096037232,0.13918608546571123,726.634227557624,22.996527595965848,7.5020444006901155,1.71945690684084,30.49857199665596,13.0,7.0,56.51350350060421,38.55208857879727,6.415263213025929,0
9.859537125101536,1.0,1.0,1.0,247.73923374198262,1249.6943338224264,0.14285714285714285,59.29233184128018,178.52776197463234,74097.29114116688,0.4165647779408088,4116.516174509271,6.901675987571075,1.6823546677308245,1.1435549674212355,8.584030655301898,13.0,19.0,65.30128961496669,182.43794412701592,1.5,0
7.641386749077247,1.0,1.0,1.0,108.25443296093928,508.84343635444117,0.125,51.920191122041366,63.605429544305146,26419.248466718876,0.16961447878481373,1467.7360259288264,5.348970724354072,1.7238935435552087,0.7175137661435296,7.0728642679092815,15.0,10.0,32.10481931527862,76.14961364566066,1.5,0
68.91971318308104,8.361029805278045,5.073942449689839,7.352702856694123,261.4468349208998,1282.891015524976,0.09090909090909091,81.12554323364013,116.626455956816,104075.23054401993,0.4276303385083253,5781.957252445552,48.243799228156725,12.912983107210893,3.6406171847941877,61.156782335367616,21.0,8.0,191.9106550063511,69.53617991454868,12.541544707917069,0
6.405347462522479,1.0,1.0,1.0,340.08233385396704,1784.7274366683405,0.10526315789473684,79.67142152881708,187.86604596508846,142191.77192084855,0.5949091455561135,7899.542884491586,4.483743223765735,0.7070899524796139,0.7423657091853674,5.1908331762453495,18.0,19.0,163.03473045659578,177.04760339737126,1.5,0
18.99278187505544,1.845759029811409,1.4834744695246633,1.0,53.43936264408404,230.96108278434104,0.25,7.292160798463984,57.74027069608526,1684.2053538507666,0.07698702759478035,93.56696410282036,13.294947312538806,5.118392418852359,1.7773372243110792,18.413339731391165,7.0,12.0,26.35419396407496,27.085168680009083,2.7686385447171133,0
62.56764441047885,3.3598482547261677,2.8586406008129264,1.0536159334059765,229.1002860010592,1219.255248615767,0.1,20.159434274071497,121.9255248615767,24579.496047786255,0.40641841620525565,1365.5275582103475,43.797351087335194,3.819083156230337,8.192827922042719,47.61643424356553,19.0,20.0,184.5373260267959,44.56295997426331,5.039772382089252,0
14.909673772589766,1.9568055726954356,1.8602759574802117,1.3947019331961281,394.16146925957446,2391.018627970458,0.06666666666666667,43.068603989033456,159.4012418646972,102977.83441846177,0.797006209323486,5720.990801025654,10.436771640812836,3.8712962249793916,1.5097379042944021,14.308067865792228,29.0,37.0,281.29202432279715,112.86944493677733,2.9352083590431537,0
26.387048083690473,3.0215870918755714,2.7327344513792027,2.232569931537101,152.758628008424,718.0327223795365,0.18181818181818182,30.456581402658117,130.55140406900665,21868.82205892457,0.23934424079317884,1214.9345588291426,18.47093365858333,6.10094725261148,3.486671930102494,24.57188091119481,10.0,15.0,55.29756751991802,97.46106048850598,4.5323806378133575,0
19.214649679502095,1.953870907858449,1.1312824664627272,1.3877329552420397,74.21978900057115,371.09894500285577,0.16666666666666666,10.995288334380852,61.84982416714263,4080.3399008909414,0.12369964833428526,226.68555004949675,13.450254775651466,5.565382091284352,2.194688823192142,19.015636866935818,11.0,20.0,32.23777899657154,41.98201000399962,2.9308063617876736,0
17.37086354811582,1.7378078866188085,1.0,1.2121933770972741,110.00005394067925,539.7582301979488,0.2857142857142857,7.4006345260755655,154.21663719941395,3994.553394136383,0.17991941006598294,221.91963300757683,12.159604483681074,2.0590670754602605,1.4771470919634835,14.218671559141335,6.0,23.0,50.79497773207473,59.205076208604524,2.6067118299282126,0
6.596314867177041,1.0,1.0,1.0,229.20131703723928,1243.707028370473,0.1,48.24235807931423,124.3707028370473,59999.359808408175,0.4145690094568243,3333.2977671337876,4.617420407023928,0.5393745066227388,0.33453547826660823,5.156794913646667,19.0,23.0,107.32588610002439,121.8754309372149,1.5,0
12.28603312574795,1.253682046003625,1.2372099396502378,1.0080569691661094,56.60182467721284,221.137136525685,0.25,18.384954747882432,55.28428413142125,4065.5962481010183,0.07371237884189501,225.86645822783436,8.600223188023564,2.5591996339545915,1.6212786650993904,11.159422821978156,7.0,7.0,14.579070967767278,42.02275370944556,1.8805230690054375,0
8.220335034421801,1.0038131894344986,1.0,1.0,236.9002374852351,1252.1130408534552,0.09090909090909091,31.23455252686894,113.82845825940502,39109.19054411484,0.4173710136178184,2172.73280800638,5.75423452409526,1.6914312753097607,0.6890181719604287,7.44566579940502,21.0,17.0,183.35529029631692,53.54494718891818,1.505719784151748,0
1.349719078340405,1.0,1.0,1.0,302.03086046168033,1549.201763159372,0.08333333333333333,95.91514117198133,129.10014692994764,148591.90581731356,0.5164005877197907,8255.105878739641,1.0,0.34745940473383846,0.09123650049578635,1.3474594047338384,23.0,11.0,201.94549576048243,100.08536470119792,1.5,0
15.6564213566394,1.0322594231650912,1.0,1.0,94.18422617447547,376.7369046979019,0.2857142857142857,20.816778602880703,107.63911562797196,7842.44873663079,0.12557896823263395,435.69159647948834,10.95949494964758,2.4975373286766196,1.2565837229221124,13.4570322783242,6.0,9.0,24.794964164873125,69.38926200960235,1.5483891347476368,0
8.836867856116356,1.0,1.0,1.0,117.7499312100236,532.6491091499931,0.16666666666666666,20.450779742684745,88.77485152499885,10893.089611363755,0.1775497030499977,605.1716450757642,6.185807499281449,1.7615963966663777,0.9598600969379186,7.947403895947827,11.0,11.0,73.13004813507507,44.61988307494853,1.5,0
10.287724368485227,1.0,1.0,1.0,331.5506610340245,1810.07816202925,0.08,68.70005446077542,144.80625296234,124352.46830966976,0.6033593873430834,6908.4704616483195,7.201407057939658,2.100425898033914,1.0211454180999653,9.301832955973572,24.0,19.0,217.05057026606545,114.50009076795902,1.5,0
151.54508696779934,18.173412291427482,16.424765125408403,5.97663166919219,229.70663397373448,1328.0166795851035,0.08695652173913043,27.149092845074193,115.47971126826987,36054.44813386312,0.44267222652836785,2003.024896325729,106.08156087745952,10.42797507503815,15.078504512079052,116.50953595249767,22.0,32.0,148.2593554385119,81.44727853522258,27.260118437141223,0
89.96602251624341,10.344815944537904,6.981275875209134,6.2404024268390295,124.90377739666759,580.0351797897591,0.3333333333333333,13.755089885022763,193.3450599299197,7978.436034483475,0.1933450599299197,443.24644636019303,62.97621576137038,7.955989688569028,8.038816716724213,70.93220544993942,5.0,19.0,14.863058316485493,110.0407190801821,15.517223916806856,0
5.738022236384288,1.0,1.0,1.0,42.460082217076405,146.88775095169336,0.3333333333333333,9.853323278416038,48.962583650564454,1447.3324957664977,0.048962583650564453,80.40736087591654,4.016615565469001,0.7534414898890701,0.8258777460611715,4.7700570553580715,5.0,5.0,18.812106348877915,23.64797586819849,1.5,0
37.66013458953121,4.8208049979954986,2.788828758614525,4.3162253187905355,276.50379362986735,1394.7941105668062,0.2,40.635470896422774,278.95882211336124,56678.11548643935,0.46493137018893543,3148.784193691075,26.362094212671845,2.942288394984465,3.7603333978862024,29.30438260765631,9.0,23.0,59.78128218227922,216.72251144758812,7.231207496993248,0
8.806676123680237,1.0,1.0,1.0,313.7552700658523,1702.5191635603726,0.25,27.587877526105466,425.62979089009315,46968.89017015108,0.5675063878534575,2609.3827872306156,6.164673286576166,1.477220189652716,1.0543403755751404,7.641893476228882,7.0,35.0,29.99424408305319,283.7610259827991,1.5,0
3.681789826529825,1.0,1.0,1.0,311.17122303811516,1873.9875579654429,0.07142857142857142,65.40157779095918,133.85625414038876,122561.74305156653,0.6246625193218143,6808.98572508703,2.577252878570877,1.0774639872260603,0.4207021964408754,3.6547168657969373,27.0,37.0,127.07789295985972,184.09333007825546,1.5,0
12.690701563439909,1.0,1.0,1.0,106.0934675590694,479.9203736363752,0.3333333333333333,7.891429477014373,159.97345787879172,3787.257783133843,0.15997345787879172,210.40321017410238,8.883491094407935,2.2311686667759076,0.859210756582977,11.114659761183843,5.0,17.0,49.27517532456591,56.81829223450349,1.5,0
5.720195643021285,1.0,1.0,1.0,227.48301245326482,1147.513970273195,0.125,69.25418946987924,143.43924628414936,79470.1499166332,0.38250465675773165,4415.008328701845,4.004136950114899,1.604456487143181,0.3178636572109126,5.6085934372580795,15.0,17.0,61.27295772555464,166.21005472771017,1.5,0
82.8380613659651,9.023953388631744,7.362950407346941,5.291325612961962,193.10322087428116,938.0917771051797,0.125,60.54499654301623,117.26147213814747,56796.763401865064,0.3126972590350599,3155.375744548059,57.986642956175565,6.813514276363036,10.961025692062206,64.8001572325386,15.0,13.0,80.08589399398419,113.01732688029698,13.535930082947615,0
9.56080531796196,1.1075984662415994,1.1004097044747227,1.0,172.47534705798142,877.4619191892365,0.09090909090909091,45.48716188704637,79.76926538083968,39913.2523678792,0.2924873063964122,2217.402909326622,6.692563722573371,1.0615409584896651,0.7678470133751016,7.754104681063036,21.0,12.0,116.15790853116211,56.317438526819316,1.6613976993623991,0
62.80416812748554,9.373877598893381,6.803674121793987,7.278399359669841,278.61754932520284,1645.7633818805332,0.07407407407407407,68.108936702491,121.90839865781727,112091.19400377874,0.5485877939601778,6227.288555765485,43.96291768923987,10.78405720492749,8.161085982268,54.746974894167366,26.0,33.0,100.4864841033033,178.13106522189952,14.060816398340073,0
4.168483121804423,1.0,1.0,1.0,153.87953879695903,686.2152807724838,0.16666666666666666,32.83526738948238,114.36921346208062,22532.062230913234,0.22873842692416124,1251.7812350507352,2.917938185263096,0.7543261152301887,0.4911376590768308,3.6722643004932847,11.0,10.0,88.20900401799426,65.67053477896476,1.5,0
2.599748650340966,1.0,1.0,1.0,253.00075672177366,1449.168209446615,0.07142857142857142,58.6927733401592,103.5120149604725,85055.70124881453,0.48305606981553834,4725.316736045252,1.819824055238676,0.539922284081328,0.25411405962333666,2.359746339320004,27.0,25.0,139.96282288146705,113.03793384030661,1.5,0
18.621752475387257,1.354773023957284,1.0,1.0,168.08808583070055,900.5406611946862,0.07407407407407407,44.7257608863059,66.70671564405083,40277.36628098935,0.3001802203982287,2237.631460054964,13.03522673277108,1.9553435797199676,1.123377742231944,14.990570312491046,26.0,14.0,116.48143865419374,51.60664717650681,2.032159535935926,0
1.0,1.0,1.0,1.0,393.0277066936047,2240.430749566132,0.07692307692307693,87.01174989960107,172.34082688970247,194943.80004862402,0.7468102498553773,10830.211113812446,1.0,0.10486698398680465,0.10163664232755787,1.1048669839868046,25.0,26.0,205.0823269104664,187.94537978313832,1.5,0
14.655820190099876,1.3744647321421022,1.3011094657448639,1.1116328440593422,182.8332728217318,803.0617696785552,0.2222222222222222,35.06504447084574,178.45817103967892,28159.396666614615,0.26768725655951836,1564.4109259230343,10.259074133069912,3.3274733420283753,1.447600156012761,13.586547475098287,8.0,12.0,68.87187829148314,113.96139453024867,2.0616970982131533,0
100.32902514788076,5.534442803091032,2.9457925419599595,3.949819340393092,106.89180916571743,483.5317213561457,0.15384615384615385,19.103391354621863,74.38949559325319,9237.09570544042,0.16117724045204856,513.171983635579,70.23031760351653,22.354963188911636,7.170134647954651,92.58528079242816,12.0,10.0,71.86892501557736,35.02288415014008,8.301664204636548,0
9.159417976165981,1.0,1.0,1.0,281.8023462186923,1573.8555362466368,0.125,34.31115754029251,196.7319420308296,54000.80524981991,0.5246185120822122,3000.044736101106,6.411592583316186,2.430570717951213,1.112461877594186,8.8421633012674,15.0,32.0,130.83325304140527,150.96909317728705,1.5,0
18.762270247012964,1.6517012219803013,1.3789375846363194,1.0,297.5444815476154,1679.2982639158206,0.08,27.93358335844625,134.34386111326566,46908.818038786645,0.5597660879719402,2606.045446599258,13.133589172909074,1.7067905933705843,1.3661949059300054,14.840379766279659,24.0,25.0,237.02171760431523,60.522763943300205,2.477551832970452,0
13.334651645004039,1.109181092003534,1.0,1.0,253.7407731617989,1321.8507247450252,0.2857142857142857,21.38089388300434,377.6716356414357,28262.350074945763,0.44061690824834177,1570.130559719209,9.334256151502826,3.2758926282671967,1.406776222542723,12.610148779770023,6.0,30.0,32.80486970408739,220.9359034577115,1.6637716380053011,0
5.15941523104122,1.0,1.0,1.0,235.56565057586707,1208.2828908743872,0.18181818181818182,40.264521914237754,219.68779834079768,48650.93293821031,0.40276096362479574,2702.8296076783504,3.6115906617288536,0.9255238101350048,0.5523091937917747,4.537114471863858,10.0,24.0,34.2430410046783,201.32260957118876,1.5,0
11.013761969945135,1.2398881331604654,1.1566098669464702,1.015916286973364,394.77943000205096,2386.2024651480788,0.06666666666666667,63.36730235989213,159.08016434320524,151207.21310095827,0.7954008217160262,8400.400727831015,7.709633378961594,1.4262977707509599,1.6520468865336617,9.135931149712555,29.0,36.0,233.08355501473997,161.69587498731096,1.8598321997406981,0
39.06853587838066,3.1353926693351872,2.075037029365431,2.1782369040668366,327.547046238902,1965.282277433412,0.07142857142857142,39.873570538064996,140.37730553095798,78362.82151645017,0.655094092477804,4353.490084247232,27.347975114866458,10.619227420705444,5.518447627320212,37.9672025355719,27.0,36.0,218.26392698642758,109.28311925247444,4.703089004002781,0
152.46923619603388,8.398906494504567,5.438845047176526,4.156630198416364,151.46379652429567,665.277072393881,0.14285714285714285,40.945860562940965,95.03958177055442,27240.342241961433,0.22175902413129367,1513.3523467756352,106.72846533722371,33.14760365119426,16.762989140358712,139.87606898841796,13.0,7.0,101.06889121606063,50.39490530823503,12.598359741756852,0
38.35363249012161,3.6707354754600403,1.9559711410708662,1.1463266510110446,257.4019151999773,1445.2370671674205,0.16666666666666666,30.950439155024995,240.8728445279034,44730.72191195202,0.48174568905580684,2485.040106219557,26.84754274308513,7.964303218801975,4.832862992108555,34.8118459618871,11.0,37.0,43.56251740162276,213.83939779835453,5.506103213190061,0
23.792380335401695,2.2314157326045763,1.7731813977204762,1.6306827486691937,257.74616815362424,1380.8884998740793,0.1,56.06557821064898,138.08884998740794,77420.31218987594,0.46029616662469314,4301.128454993108,16.654666234781185,4.753856232574089,2.944538867286168,21.408522467355276,19.0,21.0,127.9100922973845,129.83607585623975,3.3471235989068644,0
21.688422774226296,2.1863375283549913,1.5419782585595039,1.0,119.75746843502176,562.9127611760044,0.2,20.64559611384553,112.5825522352009,11621.669514569376,0.18763758705866815,645.6483063649653,15.181895941958407,4.95169838862532,1.6795123411459263,20.133594330583726,9.0,16.0,41.76299422716088,77.99447420786089,3.2795062925324867,0
30.355510150540823,2.5290917000683097,2.463393658659402,1.0,410.9016315927996,2256.6113977498317,0.08,109.23990940949727,180.52891181998655,246512.02466263063,0.7522037992499438,13695.112481257258,21.248857105378576,6.278373355831698,4.413580574429496,27.527230461210273,24.0,20.0,219.73179012617945,191.1698414666202,3.7936375501024644,1
10.239184726147302,1.0,1.0,1.0,163.09858295846175,849.654461922271,0.11764705882352941,41.531332128433036,99.95934846144365,35287.281652498896,0.28321815397409034,1960.4045362499387,7.167429308303111,2.929947903535442,1.068441285078031,10.097377211838554,16.0,20.0,54.078836121325025,109.01974683713672,1.5,0
24.418874221835342,2.1342449989352077,1.3493020775919635,1.0,152.995148415645,710.4874669754956,0.2,25.057793912059743,142.09749339509912,17803.248524573322,0.23682915565849855,989.0693624762957,17.093211955284737,3.8404027376993715,2.2737195322092103,20.933614692984108,9.0,15.0,63.90077006165479,89.0943783539902,3.2013674984028118,0
40.15080708861786,3.1027792474272053,1.9500685441531473,1.4111826638078735,131.84754780890094,596.4205512677524,0.18181818181818182,17.762850549407624,108.44010023050045,10594.129116764394,0.19880685042258414,588.562728709133,28.1055649620325,11.496753828394134,5.520434004685541,39.60231879042664,10.0,12.0,85.66413638044112,46.18341142845982,4.654168871140808,0
1.4889970880270356,1.0,1.0,1.0,153.16578866974072,831.118120684764,0.09523809523809523,42.26360336893152,79.15410673188228,35126.046605352625,0.277039373561588,1951.4470336307013,1.0422979616189247,0.3064507750240954,0.20911234533053433,1.3487487366430202,20.0,22.0,55.9595009211982,97.20628774854251,1.5,0
3.2346955034462583,1.0,1.0,1.0,391.0340361737775,2147.50148233125,0.06666666666666667,122.24766306999301,143.16676548875,262527.0376543412,0.71583382744375,14584.835425241177,2.2642868524123805,0.3168071469902991,0.4792528124508223,2.58109399940268,29.0,15.0,256.14006313102664,134.8939730427509,1.5,1
31.504991026642845,3.834250438057479,3.8119250521258743,2.4986012530772035,153.2389867793994,826.3132582595196,0.14285714285714285,16.567445556798642,118.04475117993135,13689.899919075486,0.27543775275317317,760.5499955041937,22.05349371864999,4.128247166245951,2.7381054331931862,26.18174088489594,13.0,28.0,79.32269121829778,73.91629556110163,5.751375657086219,0
11.774135288499044,1.4862035057759437,1.417310948454338,1.0,269.7641147585955,1514.6472307241108,0.11764705882352941,30.00546419188448,178.1937918498954,45447.6932448293,0.5048824102413703,2524.871846934961,8.241894701949331,2.1734150880109917,1.4812092447815766,10.415309789960322,16.0,32.0,145.991574967072,123.77253979152349,2.2293052586639157,0
1.2637674599609652,1.0,1.0,1.0,427.8507614213656,2547.50742505131,0.07407407407407407,73.1607352811743,188.70425370750442,186377.51635100486,0.84916914168377,10354.306463944715,1.0,0.09497583307714556,0.11811716933701555,1.0949758330771455,26.0,35.0,225.2518021811906,202.59895924017496,1.5,0
32.29742573773583,4.132463541876836,3.2954263815562763,1.4215011217283207,172.87574427653124,1037.2544656591874,0.07407407407407407,41.27717906423065,76.83366412290276,42814.93831418716,0.3457514885530625,2378.607684121509,22.608198016415077,7.218482014353404,2.7771277580842875,29.82668003076848,26.0,37.0,52.219374704164736,120.65636957236651,6.198695312815254,0
13.971449388088535,1.1017611010057693,1.0916353354833628,1.0,473.2898752821736,2736.259017775469,0.11764705882352941,68.93509453100106,321.91282562064345,188624.27405165607,0.9120863392584897,10479.126336203115,9.780014571661974,2.9185694051324154,1.4174873892620603,12.698583976794389,16.0,38.0,137.23128944354346,336.05858583863017,1.652641651508654,0
25.388284862705298,1.5808094025675394,1.0203443230079614,1.0068933442037244,295.90666114642113,1595.6226444161375,0.3333333333333333,18.47007202773263,531.8742148053791,29471.26517144727,0.5318742148053792,1637.2925095248484,17.771799403893706,4.882600471342563,2.411505556509581,22.65439987523627,5.0,36.0,22.54959513597823,273.3570660104429,2.371214103851309,0
2.2628419704764733,1.0,1.0,1.0,290.2747548885299,1565.253618178254,0.1111111111111111,66.92875684434723,173.91706868647267,104760.4788107871,0.521751206059418,5820.0266005992835,1.5839893793335311,0.491451603578785,0.18865545521199575,2.075440982912316,17.0,24.0,93.42547005221455,196.84928483631538,1.5,0
25.853296284324465,3.4465082954229525,2.9511756526627027,1.2448221552349845,357.3325079076748,1995.68865695301,0.125,55.21490713708648,249.46108211912625,110191.76386819727,0.66522955231767,6121.764659344293,18.097307399027123,7.279520720850777,2.608814479279712,25.3768281198779,15.0,32.0,114.38691650449434,242.9455914031805,5.169762443134429,0
6.800113419906099,1.0,1.0,1.0,376.25768723050874,2231.485514203037,0.08,85.45283688603328,178.51884113624297,190686.76765873822,0.7438285047343457,10593.709314374346,4.7600793939342685,0.674438470638818,0.9798235258918598,5.4345178645730865,24.0,36.0,112.77810683190607,263.47958039860265,1.5,0
164.80896375574062,8.796841720198758,8.074022237746153,7.798583593421598,224.65429828040766,1195.5940216557071,0.13333333333333333,36.35577859231346,159.41253622076096,43466.751537608514,0.39853134055190237,2414.81952986714,115.36627462901842,45.09550383024474,23.09894815835225,160.46177845926314,14.0,25.0,89.61854922324339,135.03574905716428,13.195262580298138,0
3.9169353782519134,1.0,1.0,1.0,258.18443199971415,1478.859889100944,0.11764705882352941,42.114014618122766,173.98351636481695,62280.72698775257,0.4929532963669813,3460.040388208476,2.741854764776339,0.23754825553763737,0.2945051261288833,2.9794030203139767,16.0,36.0,63.40711439089634,194.7773176088178,1.5,0
13.790606344180851,1.6446753088121855,1.3726554264393478,1.0,210.031404135286,1050.15702067643,0.15384615384615385,39.410077455385675,161.56261856560462,41386.76952517516,0.35005234022547665,2299.2649736208423,9.653424440926596,3.0058095111063796,0.8161181540587481,12.659233952032976,12.0,19.0,78.66447928400041,131.3669248512856,2.467012963218278,0
3.7654347058888815,1.0,1.0,1.0,319.6556127585877,1872.5365045256654,0.07142857142857142,44.817333865576984,133.75260746611895,83922.09369880725,0.6241788348418884,4662.338538822625,2.635804294122217,0.8576062676361883,0.4110613374567981,3.4934105617584055,27.0,30.0,216.74173499318874,102.91387776539901,1.5,0
25.627589408323924,1.7532796830081758,1.7416042006818904,1.0,90.53855626230896,391.30112998061327,0.2222222222222222,11.968365216120011,86.9558066623585,4683.234833088427,0.13043370999353776,260.17971294935705,17.939312585826745,3.6767858239103064,3.746160260075014,21.616098409737052,8.0,11.0,54.633460613948934,35.90509564836003,2.629919524512264,0
41.764927474857714,5.515201561207678,4.443710823444636,4.458958611396007,266.8190517522084,1535.5136262678918,0.07692307692307693,26.17924415379256,118.11643278983784,40198.58612354252,0.5118378754226306,2233.254784641251,29.2354492324004,11.853550460258209,2.6293057884661857,41.088999692658604,25.0,28.0,206.08320531540966,60.73584643679873,8.272802341811516,0
27.951568077420617,3.4878583251895536,2.6501681461497566,1.3658604408982395,312.1010050550011,1828.2817561724107,0.10526315789473684,37.22252408091783,192.45071117604323,68053.2616958303,0.6094272520574703,3780.736760879461,19.56609765419443,2.708806324976793,3.8129036236170997,22.27490397917122,18.0,39.0,146.6675646953663,165.43344035963477,5.231787487784331,0
21.968315494441526,3.2504626409372097,1.871471659164092,1.8288559973698433,100.6249148765526,528.0722593185791,0.3333333333333333,5.996334781977835,176.02408643952634,3166.498055949615,0.17602408643952636,175.91655866386748,15.377820846109067,6.00614379488903,1.2506631589334483,21.383964640998098,5.0,32.0,21.473295754445157,79.15161912210743,4.875693961405815,0
59.50198170614563,3.6696442734392143,2.5612106913344004,3.201913284850745,378.3935924922243,2101.82083040356,0.2222222222222222,36.78266739960892,467.0712956452356,77310.57653830398,0.7006069434678533,4295.032029905777,41.65138719430194,7.1441495872310155,4.533582451576893,48.79553678153295,8.0,38.0,19.762585346037305,358.63100714618696,5.504466410158821,0
4.259310021518896,1.0,1.0,1.0,185.59638103964414,1072.9994403185706,0.1,28.166368096923073,107.29994403185707,30222.4972038053,0.3576664801061902,1679.0276224336276,2.9815170150632273,0.8926142104222033,0.27693859762642525,3.8741312254854305,19.0,35.0,78.86067035656725,106.7357106830769,1.5,0
8.834462809999842,1.0,1.0,1.0,383.1566734391077,2298.9400406346463,0.07142857142857142,56.86107348750293,164.2100029024747,130720.1985938896,0.7663133468782154,7262.233255216089,6.184123966999889,0.9829039023385778,1.3190208170200473,7.167027869338466,27.0,36.0,227.31521276965523,155.84146066945246,1.5,0
48.81560131237224,4.878249735507723,4.795844268314247,2.8770767408907774,236.63169232483824,1342.2756082570143,0.11764705882352941,30.114969302164653,157.91477744200168,40422.58873770437,0.4474252027523381,2245.6993743169096,34.17092091866056,12.523876379204838,6.202239161157799,46.6947972978654,16.0,34.0,104.8787016278679,131.75299069697036,7.317374603261584,0
10.513235930272181,1.0,1.0,1.0,384.22970933847125,2157.3383314242396,0.08,72.35253044881148,172.58706651393916,156088.88731276046,0.7191127771414132,8671.604850708914,7.3592651511905265,0.9007031878630697,1.1039184102394703,8.259968339053597,24.0,24.0,233.49527090344736,150.73443843502392,1.5,0
2.543906692748149,1.0,1.0,1.0,117.1502710045786,643.3720785523554,0.08695652173913043,33.15933881454849,55.94539813498743,21333.79273653786,0.21445735951745182,1185.2107075854367,1.780734684923704,0.5083487604937339,0.28220036936935344,2.289083445417438,22.0,22.0,47.817108028704475,69.33316297587412,1.5,0
4.8457173646029155,1.0,1.0,1.0,357.94066022448567,1942.2807888509258,0.09523809523809523,80.65986788577577,184.9791227477072,156664.11182579602,0.6474269296169752,8703.561768099778,3.3920021552220407,1.3470266585962474,0.4373499173625179,4.7390288138182886,20.0,22.0,172.42296408720136,185.51769613728428,1.5,0
24.48325220357263,2.1562966567983564,1.8573115474535826,1.5464554998364384,111.44336346916108,566.9639705533125,0.2857142857142857,8.752316300147422,161.989705872375,4962.24800107006,0.1889879901844375,275.6804445038922,17.13827654250084,1.845880923292814,1.4012361722790656,18.984157465793654,6.0,27.0,29.755078001118477,81.68828546804261,3.2344449851975345,0
5.4785663093503,1.0,1.0,1.0,531.3096862407672,3112.4020445256074,0.06896551724137931,125.40019644025216,214.648416863835,390295.82778455364,1.0374673481752024,21683.101543586312,3.8349964165452097,1.5986545350244399,0.426622485753981,5.43365095156965,28.0,29.0,262.59497958308407,268.71470665768317,1.5,1
14.498831201004862,1.1147053451457087,1.0,1.0,378.21441439209724,2064.835732556605,0.09523809523809523,80.63433085212054,196.65102214824807,166496.64761424996,0.6882785775188683,9249.81375634722,10.149181840703402,2.3346309173348816,1.0440129973463614,12.483812758038283,20.0,23.0,184.69202034700794,193.5223940450893,1.672058017718563,0
4.149531684265103,1.0,1.0,1.0,290.5487196434883,1535.6668474912785,0.25,24.48372107176635,383.91671187281963,37598.83875313522,0.5118889491637595,2088.824375174179,2.904672178985572,0.28013087960335725,0.6086333728742097,3.184803058588929,7.0,31.0,66.69755555876738,223.85116408472092,1.5,0
13.145524456032915,1.0580882250441683,1.0385900117373161,1.0,173.83503735344976,876.8924401641991,0.125,37.66697677665662,109.61155502052489,33029.88717929064,0.29229748005473305,1834.9937321828136,9.20186711922304,3.89616523877359,1.1816371337460434,13.09803235799663,15.0,17.0,83.43429308947385,90.4007442639759,1.5871323375662525,0
6.04966309913109,1.0,1.0,1.0,366.2157476462734,2163.196355735515,0.06896551724137931,50.68360397029281,149.18595556796657,109638.58740407949,0.7210654519118385,6091.032633559971,4.234764169391762,1.1236561285500821,0.8030183325125253,5.358420297941844,28.0,31.0,250.36750999988988,115.84823764638355,1.5,0
9.966681232162752,1.4618963526582518,1.3318664342834228,1.0,125.89141973533842,655.8254802440656,0.16666666666666666,18.027005670165913,109.30424670734426,11822.569650999054,0.21860849341468852,656.809425055503,6.976676862513926,1.4985344962699314,1.325088687254808,8.475211358783858,11.0,25.0,40.67284747637228,85.21857225896613,2.1928445289873775,0
14.491754304723887,1.0,1.0,1.0,319.0293510432457,1752.0623293468957,0.125,48.96498353018226,219.00779116836196,85789.70310032352,0.5840207764489652,4766.09461668464,10.144228013306721,3.523897786537457,1.1684725775574485,13.668125799844178,15.0,29.0,123.16941692251667,195.85993412072904,1.5,0
16.99538287996921,2.1819650867919744,1.11377129302324,1.7956147470624022,290.96517600033786,1607.1641766928992,0.10526315789473684,72.152242528923,169.17517649398937,115960.49946054292,0.5357213922309664,6442.249970030162,11.896768015978447,0.9669189103346625,1.8158034981123696,12.86368692631311,18.0,27.0,66.49153257702187,224.473643423316,3.2729476301879616,0
43.98927606891806,3.1877781309884283,2.7443889411658287,1.9180295729300239,147.11659021898708,803.1729642676446,0.1111111111111111,26.054320761796234,89.24144047418272,20926.126038231916,0.2677243214225482,1162.562557679551,30.79249324824264,8.863224753125573,5.050462866081154,39.655718001368214,17.0,26.0,64.35580662269318,82.76078359629392,4.781667196482642,0
6.503365181001262,1.0,1.0,1.0,414.01979619246293,2382.637350756271,0.07142857142857142,81.07744722703093,170.18838219687652,193178.15406709435,0.7942124502520904,10732.119670394131,4.552355626700883,1.3517896455093685,0.4003351969690817,5.904145272210251,27.0,26.0,251.86490173840107,162.15489445406186,1.5,0
8.083721886609249,1.0276612092482824,1.0,1.0,290.396704233284,1555.8154448995156,0.06666666666666667,98.61510187575044,103.7210296599677,153426.89859863173,0.5186051482998385,8523.716588812873,5.6586053206264735,1.6628871643362453,0.6684024129459569,7.321492484962719,29.0,11.0,208.7842061292147,81.61249810406933,1.5414918138724236,0
2.2139712304204298,1.0,1.0,1.0,357.42495511685917,2017.2550453162387,0.06666666666666667,71.6661104316538,134.48366968774926,144568.82284644435,0.6724183484387463,8031.6012692469085,1.5497798612943008,0.42674607791475255,0.11598873699906562,1.9765259392090533,29.0,20.0,253.63265725032605,103.7922978665331,1.5,0
35.668330845398444,4.614192834938025,4.487150503475928,1.9035724542297636,240.93604882584086,1182.2468321265933,0.1111111111111111,73.20957460995832,131.36075912517703,86551.7876639587,0.3940822773755311,4808.432647997706,24.96783159177891,5.08171789247207,4.700923786085225,30.04954948425098,17.0,12.0,128.96846412825755,111.9675846975833,6.921289252407037,0
15.173532842944136,1.5926079634139314,1.1728715538875265,1.0,133.1753634479577,688.5066410657631,0.11764705882352941,37.905674716218876,81.00078130185449,26098.30877619528,0.2295022136885877,1449.90604312196,10.621472990060894,3.8841440283925466,2.1985378285567023,14.50561701845344,16.0,19.0,38.41117665741051,94.76418679054719,2.3889119451208973,0
2.9867804968828002,1.0,1.0,1.0,165.37826928766526,841.3557997512892,0.25,18.4647411600669,210.3389499378223,15535.417065928634,0.2804519332504297,863.0787258849241,2.09074634781796,0.7936471291132787,0.3665782010068574,2.8843934769312387,7.0,26.0,22.93598033857773,142.44228894908753,1.5,0
27.107645846288403,1.5532482505849965,1.14823365309809,1.2449988170384645,183.87483163812843,950.619089221956,0.18181818181818182,23.209175737363253,172.839834403992,22063.085501044574,0.316873029740652,1225.7269722802541,18.97535209240188,2.2451124832195584,3.5791288821381815,21.22046457562144,10.0,25.0,63.187117803839506,120.68771383428891,2.329872375877495,0
146.66591533820664,17.98910155335521,13.13982582025722,6.333506389728174,439.0057428670721,2643.854055577301,0.06666666666666667,128.86186005677112,176.25693703848674,340691.9513203289,0.8812846851924337,18927.330628907162,102.66614073674465,35.626704755835355,13.757261823482263,138.29284549258,29.0,35.0,119.07284893301966,319.93289393405246,26.98365233003281,1
116.38041133706268,12.730481035171438,8.262584904642088,8.608073593163473,209.98032980274348,1202.750626133061,0.14285714285714285,22.36088224268632,171.8215180190087,26894.565118278613,0.40091687537768694,1494.1425065710341,81.46628793594387,30.613437495101987,9.946840618421597,112.07972543104586,13.0,39.0,72.37490061698152,137.60542918576198,19.09572155275716,0
46.62543529807274,6.235902941291326,4.69224495717201,5.554963064116185,208.22172160284924,1181.1221703689355,0.09090909090909091,45.200424841340485,107.37474276081232,53387.22389020202,0.3937073901229785,2965.956882789001,32.63780470865091,12.11442347035473,6.629180874900656,44.75222817900564,21.0,29.0,79.07765062759071,129.14407097525853,9.35385441193699,0
12.149931584982212,1.0,1.0,1.0,487.78318589436697,2845.1856740807166,0.07692307692307693,100.12578677872264,218.86043646774743,284876.45414888207,0.9483952246935722,15826.469674937893,8.504952109487547,1.571769348861834,0.8041383702916047,10.07672145834938,25.0,31.0,231.461171740837,256.32201415352995,1.5,0
10.205031142359054,1.0744878176554815,1.0,1.0,224.56223881943782,1169.8465108110925,0.08695652173913043,52.5237649959942,101.72578354879064,61444.74321522561,0.3899488369370308,3413.5968452903116,7.143521799651338,1.1863437572661477,0.9582632625713056,8.329865556917486,22.0,14.0,152.93892291580937,71.62331590362845,1.6117317264832223,0
40.39953484739549,4.578670262743402,4.56170602745394,4.070435226868234,338.08283407551886,1936.5115806378606,0.10526315789473684,45.5395698838483,203.84332427766952,88187.90445733939,0.6455038602126202,4899.328025407744,28.279674393176844,5.677159376500536,2.3459174176441606,33.95683376967738,18.0,34.0,160.98450674944215,177.0983273260767,6.868005394115103,0
33.422504480687266,1.7853404739999315,1.2214989728504062,1.2946169385314181,283.49458485003635,1454.1239594671551,0.2222222222222222,34.54987149709039,323.13865765936777,50239.79594043049,0.4847079864890517,2791.099774468361,23.395753136481083,4.704245161235897,4.31325854377538,28.09999829771698,8.0,26.0,50.28295224467623,233.21163260536014,2.678010710999897,0
16.98553050698612,2.0208884952908344,1.730048018160762,1.0470928616916557,364.63884806693636,2108.1083462002252,0.08695652173913043,53.892731006699364,183.31376923480218,113611.7160347466,0.7027027820667417,6311.762001930367,11.889871354890284,2.9754510159638996,1.400660366531043,14.865322370854184,22.0,32.0,202.96065504683827,161.6781930200981,3.0313327429362515,0
8.309227578634104,1.0,1.0,1.0,329.2693352322068,1797.6234198143936,0.13333333333333333,55.29595245744271,239.68312264191914,99401.29915844229,0.5992078066047979,5522.294397691238,5.816459305043873,0.5460110046198368,0.9431854252747633,6.36247030966371,14.0,29.0,92.2866818431666,236.98265338904017,1.5,0
83.99393309398378,8.256540783986528,4.790952097519512,2.829733657210057,338.6789018355719,1975.4767845249878,0.09523809523809523,76.86993768246663,188.14064614523693,151854.77731959536,0.6584922615083293,8436.376517755298,58.795753165788646,15.084759292499143,11.00863791074546,73.8805124582878,20.0,36.0,54.26013241044535,284.4187694251265,12.384811175979792,1
5.626887209552431,1.0,1.0,1.0,357.37099005852485,2027.1602604934196,0.11764705882352941,60.714189877510215,238.48944241099053,123077.39296774055,0.6757200868311398,6837.632942652253,3.9388210466867015,0.9233527355743922,0.413464223470686,4.8621737822610935,16.0,34.0,91.74640934441767,265.6245807141072,1.5,0
500.0,50.0,34.93004683101834,34.497807801485834,502.4817586634161,2943.528592648571,0.08333333333333333,104.7674829072745,245.29404938738088,308386.0815173829,0.9811761975495236,17132.56008429905,350.0,43.5552337931268,73.13347302662646,393.55523379312683,23.0,34.0,183.6242019891024,318.8575566743137,75.0,1
93.1151919403104,11.27650321182974,10.264431303155195,8.007765687897738,493.1743363437222,2970.0772494081016,0.07407407407407407,119.37410549993223,220.00572217837788,354550.31491379126,0.9900257498027005,19697.239717432847,65.18063435821728,17.170131414056183,10.841365865179316,82.35076577227346,26.0,38.0,135.0520198439255,358.1223164997967,16.91475481774461,1
2.2045099178867793,1.0,1.0,1.0,213.2648341524839,1046.4672090768338,0.11764705882352941,39.49368735940966,123.11378930315692,41328.84878715446,0.34882240302561124,2296.047154841914,1.5431569425207454,0.45415467143901644,0.2641331796762717,1.997311613959762,16.0,13.0,144.15088127351697,69.11395287896691,1.5,0
27.143013309836192,1.9004171878678577,1.3803114454154946,1.0,75.99466336951068,343.766568081678,0.11764705882352941,39.7716712019136,40.443125656667995,13672.170915954743,0.11458885602722599,759.5650508863746,19.000109316885332,3.529298758498534,3.879379400430472,22.529408075383866,16.0,6.0,41.19445106783628,34.8002123016744,2.850625781801787,0
21.64252446437026,1.9532717080582174,1.402082201303759,1.0,335.342130341018,1902.2031983770987,0.06666666666666667,112.3422855876224,126.81354655847325,213697.85495776878,0.6340677327923663,11872.103053209377,15.149767125059181,2.3618194201923504,2.523879765879428,17.511586545251532,29.0,21.0,164.8917660011771,170.4503643398409,2.929907562087326,1
9.078074927406094,1.0,1.0,1.0,223.78664737937703,1275.682293111036,0.06666666666666667,43.60632243885641,85.04548620740239,55627.813402939566,0.425227431037012,3090.434077941087,6.3546524491842655,0.478913925698117,0.8145575989829444,6.833566374882382,29.0,22.0,154.6179979936048,69.16864938577224,1.5,0
2.3387621979871325,1.0,1.0,1.0,163.30207274101852,793.3183658408083,0.10526315789473684,32.46016106211819,83.5071964042956,25751.241928729036,0.2644394552802694,1430.6245515960575,1.6371335385909926,0.4148871481235353,0.2250607188535168,2.052020686714528,18.0,10.0,123.62854255398517,39.67353018703334,1.5,0
19.435615453111623,1.6139298255881935,1.4746836447623317,1.0,193.73504306657128,977.2759119586689,0.1111111111111111,77.80611680200528,108.58621243985209,76038.04375364241,0.3257586373195563,4224.335764091245,13.604930817178136,1.211973547776656,2.4292545048816327,14.816904364954793,17.0,15.0,47.27647026279664,146.45857280377464,2.42089473838229,0
11.13523241744728,1.0,1.0,1.0,183.30550128230473,916.5275064115236,0.16666666666666666,23.153430462034034,152.7545844019206,21220.755886240666,0.3055091688038412,1178.9308825689259,7.7946626922130955,1.9656110026886056,0.5567819697869623,9.7602736949017,11.0,20.0,94.90149406362933,88.4040072186754,1.5,0
115.90249252755254,8.529874766368573,6.773911774712704,6.5762367433189075,270.24409179010536,1540.5101544332836,0.07142857142857142,81.55665408456352,110.03643960237738,125638.85377887283,0.5135033848110945,6979.936321048491,81.13174476928677,28.026681146288144,15.321925462751706,109.15842591557491,27.0,24.0,119.21325089276549,151.03084089733986,12.794812149552861,0
49.67078668834214,4.092226542574724,2.1319775457664467,1.4537519893872901,201.0908954712495,1062.8462651167386,0.14285714285714285,21.556373233039572,151.83518073096263,22911.110780198545,0.3542820883722462,1272.8394877888081,34.7695506818395,12.652342761535085,4.8532645223813144,47.421893443374586,13.0,25.0,114.86540253909122,86.22549293215829,6.1383398138620855,0
22.486899932955158,2.050871577152601,1.4124733917160495,1.0320756064540653,206.0571222710979,1065.2998681546046,0.3333333333333333,15.760802255503704,355.09995605153483,16789.98056479889,0.3550999560515349,932.7766980443828,15.740829953068609,1.2574241907164803,2.167663165302829,16.99825414378509,5.0,30.0,10.623174302851996,195.43394796824592,3.0763073657289017,0
14.04873493713212,1.638124526100635,1.380001495993114,1.4051973697285283,159.96959628872122,733.454600239289,0.16666666666666666,44.00469723360912,122.24243337321482,32275.447618127724,0.24448486674642966,1793.080423229318,9.834114455992484,2.128172362507947,1.2306029557586207,11.96228681850043,11.0,12.0,55.95849373655419,104.01110255216702,2.4571867891509527,0
19.603831785079297,1.0091854524729122,1.0,1.0,178.4111003687763,848.3247113907265,0.14285714285714285,58.21353297392582,121.18924448438949,49383.97855914017,0.28277490379690884,2743.5543643966757,13.722682249555508,4.421634854019873,1.8518736298755678,18.144317103575382,13.0,13.0,53.02810627108989,125.38299409768639,1.5137781787093685,0
46.4976450316733,6.01417847649174,5.329091166756538,1.8915875735236858,175.89892192665104,887.3034873682902,0.11764705882352941,40.31655676135176,104.38864557274003,35773.02141302904,0.2957678291227634,1987.3900785016133,32.54835152217131,4.004824468232797,4.658767916071729,36.55317599040411,16.0,16.0,90.22623880877856,85.6726831178725,9.02126771473761,0
21.04909274132622,1.2546941725637715,1.0,1.0,190.80810721415827,1001.3471156372747,0.06896551724137931,114.93189248713745,69.05842176808791,115086.71903672843,0.33378237187909154,6393.706613151579,14.734364918928353,3.5518116763224232,2.084257813157715,18.286176595250776,28.0,9.0,108.71389829477438,82.09420891938389,1.8820412588456572,0
130.8684846746305,8.753504411814118,8.3173441616479,7.683817484457419,205.8772571251217,1110.1555205496966,0.2222222222222222,22.003244556616004,246.70122678882146,24427.023414532316,0.3700518401832322,1357.0568563629065,91.60793927224135,30.534696165740073,13.393621884957208,122.14263543798143,8.0,33.0,18.84967839388569,187.02757873123602,13.130256617721177,0
69.42913330940739,7.621374834715918,5.303387789400297,4.617479148949602,180.24998520674944,939.0038920898694,0.06896551724137931,107.25025842185437,64.75888910964616,100708.41008576554,0.3130012973632898,5594.911671431419,48.60039331658517,5.94060444589713,4.130919632340883,54.5409977624823,28.0,8.0,111.3033905069859,68.94659469976352,11.432062252073877,0
63.35220710728593,3.4310374971774826,3.038286299181294,2.3496801333330253,154.41718488798398,810.3701931221561,0.09090909090909091,36.88503285196374,73.67001755655966,29890.531195562933,0.27012339770738536,1660.585066420163,44.346544975100144,14.278219069606724,4.101544439734935,58.624764044706865,21.0,16.0,94.69856027051885,59.71862461746511,5.146556245766224,0
61.11599291354713,8.196480825189042,6.547214577729314,2.9453283673529786,292.8628203314586,1558.5948714699393,0.11764705882352941,45.51558220100055,183.3641025258752,70940.35299044791,0.5195316238233131,3941.13072169155,42.78119503948299,17.963791326676294,4.120702737628704,60.74498636615928,16.0,23.0,156.31607372845696,136.54674660300165,12.294721237783563,0
1.442944430456869,1.0,1.0,1.0,229.28182146465423,1146.4091073232712,0.2,37.26448884560909,229.28182146465426,42720.34939235271,0.38213636910775706,2373.3527440195953,1.0100611013198082,0.15543116984424343,0.1516963632075147,1.1654922711640516,9.0,22.0,38.818878475985585,190.46294298866866,1.5,0
15.663575838059012,1.9199457100863406,1.3692016511008362,1.1674676605144192,286.05867318600053,1646.2354832035785,0.13333333333333333,43.30447365514663,219.4980644271438,71289.36111255694,0.5487451610678595,3960.520061808719,10.964503086641308,2.0776032398393185,2.04690257272395,13.042106326480626,14.0,39.0,38.60453801373408,247.45413517226646,2.879918565129511,0
15.345889787504435,1.0,1.0,1.0,267.11133004709257,1475.405980679909,0.07142857142857142,83.68741762943475,105.38614147713635,123472.91647812528,0.4918019935599696,6859.6064710069595,10.742122851253104,0.801378857948623,1.4864300118841265,11.543501709201728,27.0,18.0,149.32903856862887,117.78229147846372,1.5,0
25.801387768401376,2.005485342966868,1.701494869693577,1.6366993870042192,436.7260230484824,2547.3748587653736,0.10526315789473684,62.47496255481908,268.14472197530245,159147.14891445424,0.8491249529217912,8841.508273025236,18.060971437880962,3.769336868076489,3.1882052147866595,21.830308305957452,18.0,38.0,166.00118531093298,270.72483773754936,3.008228014450302,0
68.56107249621837,8.737301680101039,8.024782688070207,3.6851525614825493,59.28731240105951,225.72784068574074,0.2857142857142857,6.303020741254844,64.49366876735449,1422.767261720893,0.07524261356191358,79.04262565116072,47.99275074735286,11.682898307464331,4.829984571039663,59.675649054817185,6.0,7.0,42.47925709104659,16.808055310012918,13.105952520151558,0
96.78202559750075,8.990960302142033,5.4536100381988515,4.824787348866784,168.27886829968958,939.8311691175604,0.09523809523809523,21.306503863175507,89.5077303921486,20024.516435536054,0.3132770563725201,1112.4731353075586,67.74741791825052,12.08523092795611,5.02270561512386,79.83264884620662,20.0,27.0,108.62065748279815,59.65821081689142,13.48644045321305,0
1.4159427907918394,1.0,1.0,1.0,166.95671303514877,819.2383250658817,0.15384615384615385,18.203913138255007,126.03666539475103,14913.343309028829,0.27307944168862724,828.5190727238238,1.0,0.3094831317133705,0.203004886097372,1.3094831317133706,12.0,17.0,112.34497362038374,54.611739414765026,1.5,0
36.16449425646917,2.340204184896796,2.0436516773497275,1.816744811713964,336.75687557802246,2035.4912783973252,0.06896551724137931,70.9466138478165,140.37870885498793,144411.21371905337,0.6784970927991084,8022.845206614076,25.315145979528417,2.928267819870029,3.988576543227321,28.243413799398446,28.0,37.0,144.18749513394908,192.56938044407335,3.510306277345194,0
231.75006490376725,33.195102880749225,31.228023288738633,19.948419894245152,301.1242111383961,1556.7895877039875,0.08695652173913043,79.07713713493483,135.3730076264337,123106.46371710688,0.5189298625679959,6839.247984283716,162.22504543263707,50.030134155301006,15.871345952539837,212.25517958793807,22.0,13.0,200.48058205756996,100.64362908082614,49.792654321123834,1
12.554549685750462,1.8675478848453704,1.7844343283101916,1.3434036141781862,215.04861451776986,1201.0384479137838,0.08,33.89705108986675,96.08307583310271,40711.661629827795,0.4003461493045946,2261.7589794348773,8.788184780025324,3.254218491166084,1.5274026872148587,12.042403271191407,24.0,23.0,147.25451233803636,67.7941021797335,2.8013218272680556,0
19.32642545450478,2.3777744377649026,1.4906721564632968,1.0,296.03112231423734,1564.6435507319518,0.125,50.42980993604839,195.58044384149397,78904.67688107622,0.521547850243984,4383.59316005979,13.528497818153344,3.1649857983908998,2.6425579198400184,16.693483616544242,15.0,23.0,134.65573051888248,161.37539179535486,3.566661656647354,0
20.53507836196672,2.52740618677713,1.446248221955666,1.085518209429277,317.44513089593437,1818.3004584603145,0.06666666666666667,55.89328718858641,121.22003056402097,101630.7897198607,0.6061001528201049,5646.1549844367055,14.374554853376702,2.128051709613643,1.580475132563675,16.502606562990344,29.0,23.0,224.93210382517063,92.51302707076373,3.7911092801656947,0
6.014285543235029,1.0,1.0,1.0,178.18498437645425,890.9249218822713,0.1111111111111111,30.996251246597748,98.99165798691902,27615.332720518352,0.2969749739607571,1534.1851511399084,4.20999988026452,1.6170132935766597,0.5334723983145924,5.82701317384118,17.0,14.0,123.48571747069353,54.69926690576073,1.5,0
14.483360948626958,1.2728263194466867,1.1403697660330152,1.0,296.7786789707353,1546.0546880110107,0.08333333333333333,71.16020969059787,128.83789066758422,110017.57579199539,0.5153515626703369,6112.0875439997435,10.13835266403887,2.9732673994643637,0.8353709531813133,13.111620063503233,23.0,13.0,210.14885847783358,86.62982049290174,1.90923947917003,0
89.87096666613914,7.283237281447477,3.738028171313213,2.409082207535036,470.5861852138861,2682.5481810017363,0.09090909090909091,88.50729065799771,243.8680164547033,237425.07156000374,0.8941827270005788,13190.28175333354,62.90967666629739,14.831067562989267,11.011515210887145,77.74074422928666,21.0,30.0,209.27894612836897,261.3072390855171,10.924855922171215,0
50.3362725764514,3.2610912600467956,2.83206524261475,1.7275821052587719,483.10981027003925,2830.048087121577,0.07142857142857142,102.31360971228185,202.14629193725548,289552.4354527468,0.9433493623738589,16086.246414041489,35.235390803515976,11.313217254907707,6.163466476795096,46.54860805842368,27.0,30.0,248.16744722702168,234.94236304301756,4.891636890070194,1
10.307515276272065,1.0,1.0,1.0,85.62784785208864,392.600471419283,0.1111111111111111,42.369798652947416,43.622274602142554,16634.40292508726,0.13086682380642767,924.133495838181,7.215260693390445,2.481970641299721,1.0801901919855843,9.697231334690166,17.0,6.0,50.73507249083782,34.89277536125081,1.5,0
27.331030104191054,3.8031988047681704,2.7168084894892908,1.1794280210265782,94.01379093776187,376.0551637510475,0.25,26.785725623045607,94.01379093776187,10072.910435365044,0.12535172125034916,559.606135298058,19.131721072933736,4.740308934024798,2.413757136546258,23.872030006958532,7.0,8.0,25.136210764216017,68.87758017354585,5.704798207152256,0
2.9685392463529263,1.0,1.0,1.0,290.15350620630034,1661.9762031622977,0.11764705882352941,28.873114154836028,195.5266121367409,47986.428636525976,0.5539920677207659,2665.912702029221,2.0779774724470483,0.8758413432446167,0.35361461481835876,2.953818815691665,16.0,36.0,156.6153532401837,133.53815296611663,1.5,0
1.4701549896162207,1.0,1.0,1.0,147.64242886176746,731.449576323525,0.09523809523809523,36.729943109873176,69.66186441176428,26866.10132610391,0.243816525441175,1492.5611847835507,1.0291084927313545,0.17652180905356704,0.22023443510498036,1.2056303017849215,20.0,10.0,107.23949144090696,40.40293742086049,1.5,0
96.93862542991118,11.299475288193852,6.2481491334719825,3.4684314539524963,113.92880457640278,559.0361797448716,0.125,30.19893331145635,69.87952246810895,16882.2963108067,0.18634539324829053,937.9053506003723,67.85703780093782,13.412349879259684,8.76161631036157,81.2693876801975,15.0,14.0,53.53093795349008,60.3978666229127,16.949212932290777,0
45.34825629900957,3.381524988853574,1.711625212956179,1.3931914822281273,197.15368662535946,1049.2377438621193,0.14285714285714285,37.809628167578644,149.89110626601703,39671.28895481585,0.3497459146207064,2203.9604974897693,31.743779409306697,6.224734744047796,5.41107121642058,37.96851415335449,13.0,26.0,40.09830808310971,157.05537854224974,5.072287483280361,0
53.04212973125449,7.448360453972125,6.161977475240547,4.316018837640689,256.48770032086105,1454.9073312040425,0.08333333333333333,83.09736495005951,121.24227760033688,120898.96546957943,0.4849691104013475,6716.609192754413,37.12949081187814,6.1684402305852934,6.98020318630604,43.29793104246343,23.0,27.0,54.1636813120205,202.32401900884054,11.172540680958187,0
17.03246044374775,1.1803890739663323,1.0,1.0581999825647836,334.77119197728,1838.5142072224012,0.1111111111111111,77.03967667582376,204.27935635804457,141638.54008832222,0.6128380690741337,7868.807782684567,11.922722310623422,4.646565675408017,2.4557793944992,16.56928798603144,17.0,27.0,80.99343351574295,253.77775846153705,1.7705836109494983,0
13.832474256294752,1.9946994732720698,1.988399070429316,1.0,120.5258620418698,607.9799497146163,0.09090909090909091,68.27030363209593,55.27090451951057,41506.97576924327,0.20265998323820542,2305.9430982912927,9.682731979406325,2.055999737195177,1.470289496776828,11.738731716601503,21.0,11.0,42.50265789090303,78.02320415096678,2.992049209908105,0
4.632804124482763,1.0,1.0,1.0,121.33911974162396,583.3202145280329,0.2857142857142857,13.013641455681597,166.66291843658084,7591.120125719091,0.1944400715093443,421.72889587328285,3.2429628871379337,0.34109542475287763,0.5382671775706829,3.584058311890811,6.0,21.0,25.90574906662558,95.43337067499839,1.5,0
27.060148902473266,2.9981396891015892,2.2087854597964784,2.574127504525438,139.0431112233855,688.8468686076083,0.18181818181818182,16.720624389499672,125.24488520138333,11517.94975187085,0.22961562286920276,639.8860973261584,18.942104231731285,5.484265226580028,1.967738527582995,24.426369458311314,10.0,20.0,68.81648878748689,70.22662243589862,4.497209533652384,0
27.75868897403235,2.4969811943191624,1.8456667010439622,1.1597018845481646,357.5362111336118,2103.257907320309,0.08695652173913043,90.01782523105186,182.89199194089645,189330.70271698746,0.7010859691067697,10518.37237316597,19.431082281822643,5.026430389009956,1.636436341809759,24.4575126708326,22.0,36.0,54.748980810982836,302.78723032262894,3.7454717914787437,0
46.617897000607854,3.6644854550245167,2.306453174830548,2.812545337033216,255.55873708749448,1395.2054496744836,0.2,28.785539067314573,279.0410899348967,40161.74097853505,0.46506848322482786,2231.2078321408358,32.632527900425494,11.36286239823393,6.576837529802358,43.99539029865942,9.0,34.0,31.67121100838112,223.88752607911334,5.496728182536775,0
49.730095881902244,5.706452604612824,3.0258905674171515,1.9796327358243089,314.19999592779664,1773.2995918442882,0.1111111111111111,41.161908359164116,197.03328798269868,72992.39529283773,0.5910998639480961,4055.133071824318,34.81106711733157,13.503601388092232,6.2590762293193265,48.314668505423796,17.0,32.0,154.39493994515945,159.80505598263716,8.559678906919236,0
20.07805550438945,1.5217264358528821,1.3306191986348461,1.0872457443729349,285.87427751191797,1652.7420311403712,0.09523809523809523,58.094371037553074,157.40400296574964,96015.00878642782,0.5509140103801238,5334.167154801546,14.054638853072614,5.005732898842028,2.7759076969415215,19.060371751914644,20.0,34.0,82.54397888048219,203.33029863143577,2.2825896537793233,0
25.21170647860621,3.1419875926584284,2.9475607780518867,1.9361143723556737,152.64327911668857,733.8104191806254,0.10526315789473684,40.04081834619995,77.2432020190132,29382.369694960264,0.2446034730602085,1632.3538719422368,17.648194535024345,1.3977876930066246,1.586261488358466,19.04598222803097,18.0,9.0,108.15348095424419,44.48979816244439,4.712981388987643,0
31.24992129266977,4.582122233180336,3.0172189273630425,2.3845764121484287,291.2996084748143,1550.275570371803,0.25,28.92558879191507,387.56889259295076,44842.63366272637,0.5167585234572677,2491.257425707021,21.87494490486884,8.215578825387732,2.9432878420746187,30.09052373025657,7.0,32.0,18.57262843675789,272.7269800380564,6.873183349770505,0
9.316603356229693,1.0,1.0,1.0,401.096196308655,2339.5499981682146,0.10526315789473684,63.99334599680012,246.26842085981207,149715.63250959164,0.7798499993894049,8317.535139421758,6.521622349360785,1.9714798393146071,1.1082639145566364,8.493102188675392,18.0,38.0,123.79169698918781,277.3044993194672,1.5,0
9.071661903064523,1.0,1.0,1.0,268.649244784884,1605.7917373161017,0.07692307692307693,39.480433982563575,123.52244133200783,63397.354674854425,0.5352639124387005,3522.0752597141345,6.350163332145166,2.201603119643883,1.3429845630391326,8.55176645178905,25.0,37.0,148.62872547789073,120.02051930699326,1.5,0
16.151335275141264,1.4940697462907133,1.4782044978600082,1.0,442.0805083698,2567.3184162270854,0.11764705882352941,65.94613348893344,302.0374607325983,169304.72298510856,0.8557728054090284,9405.817943617141,11.305934692598884,1.2904006955229759,1.3828551631183839,12.59633538812186,16.0,39.0,112.34984092513278,329.7306674446672,2.24110461943607,0
8.51562069564233,1.0,1.0,1.0,235.03420565973266,1283.1531738400456,0.09523809523809523,58.839280333131015,122.20506417524243,75499.80930592124,0.42771772461334856,4194.433850328958,5.960934486949631,1.650746252761433,1.168188256926294,7.611680739711064,20.0,23.0,93.81993286021823,141.21427279951445,1.5,0
55.69940667903691,5.13179135509462,3.6753836268467364,3.09607610021516,362.1151630665179,2180.7907026613475,0.06896551724137931,88.04783901102591,150.39935880423087,192013.9087046684,0.7269302342204491,10667.439372481578,38.98958467532584,12.159023739637208,8.075879637482153,51.14860841496304,28.0,36.0,129.41730282309226,232.69786024342562,7.69768703264193,0
55.47003269531246,5.3802727676791875,4.965252781723706,3.760105618044708,143.89727237048587,749.6261298552533,0.2222222222222222,11.677178724320544,166.5835844122785,8753.518294740514,0.24987537661841777,486.30657193002855,38.82902288671872,14.765021136964346,5.04669672015934,53.59404402368307,8.0,28.0,59.23772661916192,84.65954575132395,8.070409151518781,0
28.308681380356003,1.8562986146342233,1.3513308634495043,1.4198598251027816,312.89514087554574,1825.0829426936407,0.09090909090909091,60.28275672568242,165.91663115396733,110021.03103859333,0.6083609808978803,6112.279502144073,19.816076966249202,4.066013008898411,3.724798798038607,23.882089975147615,21.0,35.0,106.21140353034889,206.68373734519685,2.784447921951335,0
354.33623837762565,27.181571505966488,24.220816242791436,17.83228708928932,245.5356416899221,1269.4008527179096,0.10526315789473684,45.508509545759004,133.6211423913589,57768.54082330761,0.42313361757263657,3209.363379072645,248.03536686433793,97.79686373021866,20.943742698981676,345.83223059455656,18.0,17.0,154.51862259840408,91.01701909151801,40.77235725894973,1
166.74399116594444,22.194517376652886,21.22245695077717,9.429447486433883,265.0946880373395,1391.197707018898,0.13333333333333333,48.714908998125225,185.49302760251973,67772.0696958261,0.46373256900629933,3765.11498310145,116.72079381616109,43.3316359688497,20.144501308783006,160.0524297850108,14.0,23.0,98.07214290091012,167.02254513642936,33.29177606497933,0
2.734536979067637,1.0,1.0,1.0,289.04641508829263,1578.0291377867857,0.2857142857142857,19.675743647833123,450.8654679390816,31048.89678390393,0.5260097125955953,1724.9387102168848,1.9141758853473458,0.18871282617790397,0.26401884343552773,2.10288871152525,6.0,37.0,39.82032888240643,249.2260862058862,1.5,0
92.51977982136304,8.232829511190763,7.083034538021709,3.113139211218269,110.16673585921592,569.5537620458517,0.2857142857142857,8.520105689503438,162.72964629881477,4852.658248484949,0.1898512540152839,269.5921249158305,64.76384587495413,19.16905631678877,5.114477982174786,83.9329021917429,6.0,29.0,24.96567896418152,85.2010568950344,12.349244266786144,0
15.199452358279197,1.0,1.0,1.0,88.84261585608854,370.4670450518388,0.16666666666666666,33.80009109985853,61.7445075086398,12521.819872247544,0.1234890150172796,695.656659569308,10.639616650795437,3.9519452846759124,1.9589994067056606,14.59156193547135,11.0,6.0,45.82431809263224,43.01829776345631,1.5,0
44.488906763641204,2.291338854609281,2.08209885011144,1.1175218074518576,309.4487500554609,1746.4842434185646,0.06896551724137931,68.44453151998025,120.44718920128031,119537.29584781079,0.5821614144728549,6640.960880433933,31.14223473454884,4.199724575665684,5.083687762273794,35.34195931021452,28.0,21.0,201.89305766692047,107.5556923885404,3.437008281913922,0
9.264221302198386,1.116416449832371,1.0,1.0,409.9231809100818,2450.2255994310563,0.07407407407407407,90.23107356074458,181.4981925504486,221086.4863026831,0.8167418664770187,12282.582572371284,6.48495491153887,1.7881982249833346,0.8814160097445224,8.273153136522204,26.0,36.0,153.11166385257795,256.8115170575038,1.6746246747485565,0
27.850252339585044,2.53427183901677,2.4148182061804637,1.30320534693083,166.36265407058943,860.082444585839,0.2,17.83720961139891,172.0164889171678,15341.470847161998,0.28669414819527966,852.3039359534444,19.49517663770953,4.662764911594972,2.0765772427618883,24.157941549304503,9.0,26.0,59.33939640219596,107.02325766839347,3.801407758525155,0
5.659286447788585,1.0,1.0,1.0,174.34424857129935,946.0380512074632,0.2222222222222222,13.11861057405322,210.23067804610292,12410.704782026929,0.31534601706915444,689.483599001496,3.961500513452009,1.6524220666953797,0.615322792691413,5.613922580147388,8.0,34.0,59.55640604833367,114.78784252296568,1.5,0
8.675046380744083,1.0913498170053657,1.0,1.0,281.97056772798567,1520.4748050704357,0.06896551724137931,126.93861187720184,104.86033138416798,193006.96114990016,0.5068249350234786,10722.60895277223,6.072532466520858,0.5099276353647934,0.5858870162410104,6.582460101885651,28.0,13.0,155.03195585078385,126.93861187720182,1.6370247255080486,0
25.662689149058203,3.493354664533852,1.7648972815889206,2.2747710401214682,305.82743269630123,1834.9645961778074,0.08,59.70963145771773,146.79716769422458,109565.0597757367,0.6116548653926025,6086.947765318706,17.96388240434074,5.767165223713646,1.543979229741182,23.731047628054387,24.0,39.0,106.79532783724216,199.0321048590591,5.240031996800778,0
120.22006523145421,10.041136236875746,8.059213487731919,5.085530916512421,184.777104441182,1002.6494893050943,0.15384615384615385,20.45500444976091,154.25376758539915,20509.19976528621,0.33421649643503143,1139.399986960345,84.15404566201795,16.119141039851353,12.993750234078146,100.2731867018693,12.0,30.0,79.09291478408396,105.68418965709803,15.06170435531362,0
4.2905165119884705,1.0,1.0,1.0,219.78699464844524,1136.2822786248648,0.2222222222222222,24.08581094052173,252.50717302774774,27368.28013802373,0.3787607595416216,1520.4600076679849,3.003361558391929,0.2467542486212744,0.29931910574541476,3.2501158070132035,8.0,27.0,51.18631806479314,168.6006765836521,1.5,0
9.511543673726408,1.0,1.0,1.0,163.70087935010434,899.0211811307611,0.07142857142857142,81.65623664371647,64.21579865219722,73410.68631412691,0.299673727043587,4078.37146189594,6.658080571608485,2.151638502472378,1.2295710068370425,8.809719074080864,27.0,17.0,54.82589715848239,108.87498219162195,1.5,0
30.624618162171863,3.653348136970532,3.394337077510409,2.147774771972345,129.0510069408494,613.6230200446557,0.3333333333333333,11.254224494991236,204.5410066815519,6905.851222877063,0.20454100668155192,383.65840127094793,21.437232713520302,2.028570396647978,1.790194243105712,23.46580311016828,5.0,21.0,30.013831384926522,99.03717555592287,5.480022205455798,0
4.245294338006687,1.0,1.0,1.0,117.43889577769183,523.7107250888891,0.2222222222222222,14.917430371218883,116.38016113086425,7812.418276174058,0.1745702416962964,434.02323756522543,2.971706036604681,0.7224013939080925,0.2865503864342814,3.6941074305127732,8.0,13.0,65.22788947842574,52.21100629926609,1.5,0
171.8448098687541,13.919608624341514,13.26518657401739,8.932323938105414,214.40331420049577,1116.924066763774,0.08695652173913043,46.7594337465957,97.12383189250208,52226.73689981891,0.3723080222545913,2901.485383323273,120.29136690812787,16.48688293048419,21.51285552684142,136.77824983861206,22.0,14.0,150.64045000059255,63.76286419990323,20.87941293651227,0
16.778562894190312,2.34492821192311,2.1927147830058153,1.5141301824563067,240.36212629607135,1232.8853723272198,0.2222222222222222,32.89466685810472,273.9745271838266,40555.35359693429,0.4109617907757399,2253.075199829683,11.744994025933218,3.405306822164856,2.2821821661439787,15.150300848098075,8.0,26.0,18.323125003864504,222.03900129220685,3.5173923178846653,0
188.3839431584567,28.157820554531984,15.70368298954362,10.532291125166708,440.5935389683917,2591.8545196061455,0.08333333333333333,71.42504326981613,215.98787663384545,185123.32121193744,0.8639515065353818,10284.628956218747,131.86876021091967,31.916866681655844,14.497176194122858,163.78562689257552,23.0,35.0,217.00209916722818,223.59143980116355,42.23673083179798,1
1.6395620421856878,1.0,1.0,1.0,184.746411061041,906.5304270078476,0.14285714285714285,29.368946271236883,129.5043467154068,26623.843404034906,0.30217680900261584,1479.1024113352726,1.1476934295299814,0.4490898597766537,0.09939637811795723,1.5967832893066352,13.0,16.0,107.93532081319069,76.8110902478503,1.5,0
7.637559846331234,1.0,1.0,1.0,236.65780363032002,1172.449217569593,0.25,30.536603689722668,293.11230439239824,35802.617103248085,0.390816405856531,1989.0342835137826,5.346291892431863,0.6851469694960438,0.6142181874468507,6.031438861927907,7.0,23.0,27.263949757935983,209.39385387238403,1.5,0
23.758562837425707,3.2992821928537857,2.2692178585284903,1.5802984818054349,234.33093513710355,1279.3137165123487,0.07692307692307693,52.27730030669827,98.40874742402683,66879.06734459431,0.42643790550411625,3715.5037413663504,16.630993986197993,4.070485704799558,1.4817033852626251,20.70147969099755,25.0,18.0,154.86943867092216,79.46149646618137,4.948923289280678,0
10.675589109765813,1.4159928852194354,1.2589479600760456,1.2444747950723134,312.91828428411213,1766.0657956505731,0.16666666666666666,39.602821141192386,294.3442992750955,69941.18782872727,0.5886885985501911,3885.6215460404037,7.472912376836068,1.3591660800009475,0.6737446796145476,8.832078456837015,11.0,38.0,32.0982798283843,280.8200044557278,2.123989327829153,0
2.278175577444795,1.0,1.0,1.0,236.93485448669026,1277.6279439121304,0.07407407407407407,92.24440854976751,94.6391069564541,117854.03403283001,0.42587598130404347,6547.446335157223,1.5947229042113564,0.6170411430581236,0.2716215685676325,2.21176404726948,26.0,15.0,123.40327473313025,113.53157975356001,1.5,0
5.465535006085773,1.0,1.0,1.0,139.75245324651212,716.8298850137301,0.10526315789473684,51.73900998807947,75.45577736986631,37088.06858047924,0.2389432950045767,2060.4482544710686,3.8258745042600406,1.4151312605299187,0.6610904168191015,5.241005764789959,18.0,16.0,42.023212157917584,97.72924108859455,1.5,0
6.614517998288712,1.0,1.0,1.0,378.95325545863807,2116.439721262698,0.09090909090909091,93.97213969279576,192.40361102388167,198886.36913788,0.705479907087566,11049.242729882222,4.630162598802098,0.8058452273695411,0.9265436919687434,5.43600782617164,21.0,26.0,137.3106105343061,241.64264492433193,1.5,0
27.63747863316825,2.8039529902168288,2.2283346329835894,2.509484662291306,310.4710471792465,1818.7334939133818,0.10526315789473684,59.14126273320333,191.4456309382507,107562.19540520817,0.6062444979711272,5975.677522511565,19.346235043217774,8.003144863733391,3.390731940318967,27.349379906951164,18.0,39.0,47.62099058723176,262.85005659201477,4.205929485325243,0
13.97059589673931,2.0464843324229345,1.7415046720532783,1.2329274653400755,279.1032214686765,1369.5289726286903,0.3333333333333333,23.318921414562013,456.5096575428968,31935.93848769428,0.4565096575428968,1774.2188048719045,9.779417127717517,3.530757808711421,0.9358421329306242,13.310174936428938,5.0,24.0,45.91400732305637,233.18921414562013,3.0697264986344015,0
26.947937417401693,1.7441678861771333,1.0,1.1643909291247558,112.58774242750337,610.9308985458396,0.2222222222222222,8.13536328904601,135.76242189907546,4970.144804173716,0.2036436328486132,276.11915578742867,18.863556192181186,6.8988711648342775,3.411969826571355,25.76242735701546,8.0,34.0,41.40331364835079,71.18442877915258,2.6162518292656998,0
74.25530646978514,8.165192580363838,5.69300575252937,3.839127315305932,82.8671294458077,297.0755516056265,0.3333333333333333,13.703835147576061,99.02518386854217,4071.0743855787305,0.09902518386854217,226.17079919881837,51.97871452884959,9.334099885994217,8.14527448220161,61.312814414843814,5.0,6.0,44.49639103259473,38.370738413212976,12.247788870545758,0
56.81007140972019,3.3935657820037655,2.733710795730504,2.0605384787960936,239.11517579606084,1263.8198807161366,0.07692307692307693,81.42842939436994,97.21691390124128,102910.86792409497,0.4212732935720455,5717.2704402274985,39.76704998680413,15.434431871016814,6.237035354659824,55.201481857820944,25.0,13.0,147.9153348743665,91.19984092169433,5.090348673005648,0
80.30198089405376,6.497184340524062,6.181128643848467,2.2060813671866875,122.43637324373793,676.2848932867076,0.2222222222222222,10.03152374763264,150.28553184149058,6784.167967170813,0.22542829776223589,376.8982203983785,56.211386625837626,13.47483299823221,7.638655855955848,69.68621962406984,8.0,37.0,27.136897641227854,95.29947560251009,9.745776510786094,0
30.63114236129162,1.9786918228476524,1.1366500057070523,1.5966175176932371,202.54635755255129,1148.9290915051115,0.14285714285714285,25.555702770332495,164.13272735787305,29361.690366692776,0.3829763638350372,1631.2050203718209,21.441799652904134,4.361544927127469,1.9458028990168992,25.803344580031602,13.0,37.0,53.14378751060745,149.40257004194382,2.9680377342714785,0
15.918661964116675,1.0,1.0,1.0,430.9351763808434,2595.2501357377314,0.06666666666666667,98.46938418363108,173.01667571584875,255552.68266857936,0.8650833785792438,14197.37125936552,11.143063374881672,1.6396332857312377,2.23816797471893,12.78269666061291,29.0,35.0,186.45946392493178,244.47571245591163,1.5,1
4.878196584995757,1.0,1.0,1.0,358.9865607029486,2084.7623702507994,0.07407407407407407,122.83756866786518,154.42684224079994,256087.14081186397,0.6949207900835999,14227.063378436887,3.4147376094970294,1.427082779608124,0.24619891905477412,4.841820389105154,26.0,29.0,75.51524839249048,283.47131231045813,1.5,1
13.020950635985828,1.0,1.0,1.0,212.14811235823527,1030.6114979884958,0.2,40.77561242145394,206.12229959769917,42023.814999072965,0.34353716599616524,2334.656388837387,9.114665445190079,3.799673629451703,1.222612910584385,12.914339074641783,9.0,19.0,30.923168262884417,181.22494409535085,1.5,0
16.641115077570554,1.216621158432006,1.0176403988858738,1.0,244.64552553395032,1223.2276276697517,0.10526315789473684,48.76770255253391,128.76080291260544,59654.00110024015,0.4077425425565839,3314.111172235564,11.648780554299387,2.898232496334598,1.1921751467569752,14.547013050633986,18.0,13.0,168.78465489667536,75.86087063727497,1.8249317376480088,0
27.110431506846748,1.8783767723792013,1.0,1.6084296644363547,216.22270526291703,1297.336231577502,0.06666666666666667,48.064087652808915,86.4890821051668,62355.28234970586,0.432445410525834,3464.182352761437,18.977302054792723,8.000674612455363,1.899505036806504,26.977976667248086,29.0,34.0,100.20594196303345,116.01676329988358,2.8175651585688017,0
22.73220241395519,3.14895417706045,1.823474985904271,1.65886736298498,185.42030800385888,958.6090861242841,0.07692307692307693,29.490779522415966,73.73916047109878,28270.12920707592,0.31953636204142805,1570.56273372644,15.91254168976863,6.047988683119321,2.3672209341609793,21.960530372887952,25.0,10.0,159.46842202413282,25.95188597972605,4.723431265590675,0
97.75223243434957,8.65538648081709,7.355730688665421,3.310819121070533,136.00715463030087,623.5877038097133,0.2,24.68168885985742,124.71754076194266,15391.197682264268,0.2078625679365711,855.0665379035704,68.42656270404468,7.364205909964814,5.969270487311384,75.7907686140095,9.0,14.0,53.73485843077614,82.27229619952473,12.983079721225634,0
101.74412705579722,5.766922034639903,3.4494849021308003,4.715025755893997,214.51990974698083,1149.3015724954275,0.2,27.62632696603428,229.86031449908552,31750.981024336033,0.3831005241651425,1763.9433902408907,71.22088893905806,24.008076721546747,5.544204125241458,95.2289656606048,9.0,31.0,18.066029099625943,196.45388064735488,8.650383051959853,0
6.759309683464804,1.0,1.0,1.0,360.9396139821767,2037.0912745082076,0.08333333333333333,83.3649402890712,169.7576062090173,169821.99246276467,0.6790304248360692,9434.55513682026,4.7315167784253624,1.8589582686486317,0.7339572292910213,6.590475047073994,23.0,26.0,165.21323243392257,195.72638154825412,1.5,0
20.494682225246823,1.3647440389750485,1.1699996388521792,1.0,257.9991830895385,1416.8936125008088,0.2222222222222222,21.45125368418431,314.86524722240193,30394.144325255187,0.4722978708336029,1688.5635736252882,14.346277557672774,3.512595369977809,2.28602553605081,17.858872927650584,8.0,36.0,59.5750865108337,198.42409657870485,2.0471160584625725,0
51.423142685975876,6.05740781869627,5.5897884928805635,5.402334336485476,134.8607044210936,702.5505505375571,0.06896551724137931,57.10195000528506,48.45176210603842,40117.006412981085,0.23418351684585237,2228.722578498949,35.99619988018311,12.908123642776353,3.0838038616499373,48.904323522959466,28.0,8.0,98.15230798912465,36.708396431968964,9.086111728044406,0
5.195853178353755,1.0,1.0,1.0,205.2039615439312,996.8769453053069,0.13333333333333333,58.37017010277538,132.91692604070758,58187.87686900587,0.332292315101769,3232.6598260558817,3.6370972248476283,0.48524625799109977,0.34387845151679913,4.122343482838728,14.0,14.0,80.12502560941252,125.07893593451868,1.5,0
18.987903023488848,2.0614792071166983,1.7372329496696641,1.342982141369017,269.568249974163,1434.6228430271176,0.11764705882352941,39.97664830745409,168.7791580031903,57351.412849534994,0.4782076143423725,3186.189602751944,13.291532116442193,5.363144111755343,1.1942411009194098,18.654676228197538,16.0,23.0,149.63830505180073,119.92994492236228,3.0922188106750474,0
153.78552581831573,22.28995070288055,20.49399280652154,7.96742853117399,209.18556271069838,1155.4494159451922,0.18181818181818182,15.23499277922139,210.08171199003496,17603.263508680575,0.38514980531506404,977.9590838155875,107.64986807282101,40.16029155269486,21.02311063161736,147.81015962551587,10.0,35.0,99.49361470030436,109.69194801039401,33.434926054320826,0
45.5729351032158,5.13902927608847,3.6488571220317136,2.809664934596419,309.5246731952494,1737.8912295859097,0.125,38.057260159345326,217.23640369823872,66139.37865299551,0.5792970765286366,3674.4099251664175,31.901054572251056,4.945224281803612,6.160139334525654,36.84627885405467,15.0,33.0,136.99842713955059,172.5262460556988,7.708543914132705,0
4.798603738954078,1.0,1.0,1.0,298.523763401095,1588.7220034357952,0.2,39.97047330386512,317.74440068715904,63501.97042559356,0.5295740011452651,3527.8872458663086,3.3590226172678546,0.35109082842572337,0.38281817883617125,3.710113445693578,9.0,30.0,23.171613974468563,275.3521494266264,1.5,0
63.37023569803002,8.15250810566593,8.096985529610038,7.23747817020018,167.55471130745153,787.5808199912094,0.2,21.392867567019884,157.5161639982419,16848.61218039687,0.26252693999706983,936.0340100220484,44.35916498862101,10.157243961467158,6.657128444061293,54.51640895008817,9.0,16.0,86.73721160982086,80.81749969763067,12.228762158498895,0
15.55819458696169,2.0333540476507155,1.7892633954501627,1.1314712433371124,463.6223070309384,2692.4192867118213,0.09523809523809523,76.33945269274246,256.42088444874486,205537.81476696447,0.8974730955706071,11418.767487053581,10.890736210873182,3.0550697990892215,1.9094306960771203,13.945806009962403,20.0,35.0,188.80027733706552,274.8220296938728,3.050031071476073,0
9.839614670968945,1.3705825435276116,1.0,1.0,156.84101718959425,709.4800585081326,0.18181818181818182,42.66928126144948,128.99637427420595,30273.004165873142,0.2364933528360442,1681.8335647707302,6.887730269678261,1.3333973896745908,1.4410862788191314,8.221127659352852,10.0,12.0,45.90088590982561,110.94013127976864,2.0558738152914176,0
64.18710630931105,5.653153442125316,4.03572269646293,3.5576233066531335,112.33335393143305,561.6667696571652,0.14285714285714285,15.560379744907301,80.2381099510236,8739.748225960868,0.18722225655238842,485.5415681089371,44.93097441651773,8.013968619045743,3.8430797588132615,52.94494303556347,13.0,18.0,66.84916698478094,45.484186946652116,8.479730163187973,0
59.82695245423115,4.323993784257391,3.057491594603975,2.2035541374189926,187.27125655714715,968.1783513263126,0.18181818181818182,26.015949240338966,176.03242751387504,25188.078843700416,0.32272611710877086,1399.3377135389119,41.8788667179618,3.108403768866499,7.6155748823499385,44.9872704868283,10.0,25.0,51.988320507384536,135.2829360497626,6.485990676386087,0
5.165302746247486,1.0,1.0,1.0,241.13103410596776,1256.1608771809229,0.09523809523809523,43.36643119123871,119.63436925532598,54475.214245392555,0.41872029239364095,3026.4007914106974,3.6157119223732397,0.26119069129458894,0.35593957658793507,3.876902613667829,20.0,16.0,167.40810108086194,73.72293302510582,1.5,0
27.571568590395426,3.1010242029903843,2.608609939119554,2.387762736602808,462.26547078379764,2773.592824702786,0.07407407407407407,71.71611468463394,205.4513203483545,198911.3011048628,0.9245309415675953,11050.627839159044,19.3000980132768,2.4060857192391856,4.068049669448929,21.706183732515985,26.0,37.0,252.63375093640616,209.63171984739148,4.651536304485576,0
49.265898075185596,5.071049787806483,2.5633964842921086,1.5456636094144103,147.83921794015225,797.1959906686693,0.07692307692307693,29.37879172978511,61.32276851297456,23420.65497767455,0.26573199688955645,1301.147498759697,34.486128652629915,11.740773676572491,5.892982626364527,46.2269023292024,25.0,16.0,107.8840611876445,39.95515675250775,7.6065746817097235,0
2.6427473374626196,1.0,1.0,1.0,305.320058017844,1686.4542568884833,0.07692307692307693,34.523485590167006,129.72725052988335,58222.27923616536,0.5621514189628277,3234.5710686758534,1.8499231362238335,0.7298049957635314,0.31448158551133604,2.579728131987365,25.0,20.0,247.32060222636346,57.99945579148057,1.5,0
33.51236442323565,3.3688629095594975,2.7565450348344482,1.741850159738956,246.33365367789497,1273.5265148459812,0.18181818181818182,28.29130639370002,231.55027542654204,36029.72883200861,0.4245088382819937,2001.651601778256,23.458655096264955,2.754778021583895,2.418124591778845,26.21343311784885,10.0,25.0,99.21886043065486,147.1147932472401,5.053294364339246,0
4.010248807419268,1.0,1.0,1.0,354.4456462831244,1946.5634200205495,0.1111111111111111,76.98074973209391,216.28482444672773,149847.91147425072,0.6488544733401832,8324.883970791707,2.8071741651934876,0.9168566941900725,0.3724066998522626,3.7240308593835603,17.0,27.0,100.86200010681507,253.58364617630932,1.5,0
17.29266732449391,1.5194923064856836,1.0,1.1252955773836,138.04407996801936,677.3671977745045,0.18181818181818182,13.15275048601367,123.15767232263718,8909.24173973833,0.22578906592483483,494.95787442990724,12.104867127145736,1.9528316015990295,0.9854312451631559,14.057698728744766,10.0,19.0,85.43307802396468,52.61100194405468,2.2792384597285253,0
13.315641062762307,1.0,1.0,1.0,199.09099868346044,1111.9157618782517,0.07142857142857142,35.52046908373561,79.42255441987511,39495.76944351477,0.37063858729275057,2194.2094135285984,9.320948743933615,1.1193909765617625,0.6730563939148233,10.440339720495377,27.0,20.0,143.83693566431614,55.25406301914428,1.5,0
3.0065516476940743,1.0,1.0,1.0,270.77528363698906,1495.6440553378197,0.08,44.55179601665712,119.65152442702558,66633.62886693639,0.49854801844593993,3701.8682703853547,2.104586153385852,0.4481929165644855,0.2279898571988582,2.552779069950337,24.0,21.0,189.09699093978432,81.67829269720472,1.5,0
5.803921145506471,1.0,1.0,1.0,225.95744361971538,1306.3412615140421,0.09523809523809523,29.346077363583582,124.41345347752781,38335.991723632455,0.4354470871713474,2129.777317979581,4.062744801854529,1.3817670340743344,0.805418326076584,5.444511835928863,20.0,34.0,123.24617284717283,102.71127077254253,1.5,0
7.8912016896045,1.0,1.0,1.0,332.14609517820736,1893.3787931793247,0.07142857142857142,66.30233637938382,135.24134236995175,125535.43763896737,0.6311262643931083,6974.190979942632,5.5238411827231495,1.4720720873384858,0.6996225848427469,6.995913270061635,27.0,24.0,209.36399077194102,122.78210440626634,1.5,0
31.65787793455614,3.3273772291305,2.842525891466767,1.1073837790976016,77.08351487221232,348.6920553150946,0.1111111111111111,43.07688039030275,38.74356170167717,15020.565959857158,0.11623068510503153,834.475886658731,22.160514554189298,2.7062699917636053,2.7946537333916455,24.866784545952903,17.0,5.0,46.67630518493979,30.407209687272527,4.9910658436957505,0
20.80673927546286,1.816289572762295,1.7688859195683553,1.3266282369372502,203.4478727134948,1067.6796887647179,0.09523809523809523,78.50176392131668,101.68377988235407,83814.73887099275,0.35589322958823927,4656.374381721819,14.564717492824,1.788593198337824,1.279298663909736,16.353310691161823,20.0,17.0,62.144697655124794,141.30317505837002,2.7244343591434426,0
56.92156977586792,3.95412639448016,3.78957222249087,1.5124902030614924,136.37642758088353,730.6438029686154,0.07407407407407407,43.868161909195265,54.1217631828604,32052.000646577388,0.2435479343228718,1780.6667025876327,39.84509884310754,7.026982673273334,3.894676328291495,46.872081516380874,26.0,14.0,85.75931768565822,50.617109895225305,5.931189591720241,0
27.423605871547508,2.9687198018757575,1.7854294006606277,1.14201545700775,242.26028694735868,1200.20501974787,0.07692307692307693,21.82431714385841,92.32346305752847,26193.654988628357,0.40006833991595664,1455.2030549237977,19.196524110083253,5.921899729667217,3.359049602902995,25.11842383975047,25.0,5.0,231.78461471830664,10.475672229052035,4.453079702813636,0
6.877403743867629,1.0,1.0,1.0,256.0364278550077,1313.283301115946,0.11764705882352941,57.96267896690849,154.5039177783466,76121.41837518539,0.43776110037198196,4228.9676875103,4.81418262070734,0.8582755221955413,0.6671771744560613,5.672458142902881,16.0,18.0,118.37506530860003,137.66136254640767,1.5,0
4.471165690315111,1.0,1.0,1.0,193.32889296454698,983.5535590971969,0.125,40.83139133209025,122.9441948871496,40159.8602675678,0.3278511863657323,2231.103348198211,3.1298159832205776,0.34172128965960663,0.25542293772519886,3.4715372728801843,15.0,18.0,89.889368256585,103.43952470796198,1.5,0
8.76620907864028,1.2309841862004889,1.0,1.0,129.81357967507938,681.2522563954501,0.08333333333333333,53.27465655128037,56.771021366287506,36293.4799842524,0.22708408546515005,2016.3044435695779,6.136346355048196,1.7566255950684673,0.8694812959476551,7.892971950116663,23.0,14.0,60.32489721688761,69.48868245819179,1.8464762793007332,0
25.87743979042647,2.7560544209613655,2.7115465684214985,2.31531325911866,139.8593930130499,594.1125635936542,0.25,27.67646254249367,148.52814089841354,16442.93411232466,0.19803752119788473,913.4963395735922,18.114207853298527,7.684464748876325,3.6308564761833075,25.798672602174854,7.0,11.0,44.96866429592874,94.89072871712116,4.134081631442048,0
69.43444262742028,4.110903135573385,3.5583881673665116,3.210740495333658,206.45381542850998,1204.2223983991664,0.07692307692307693,47.40902816796391,92.63249218455127,57091.013606199136,0.4014074661330555,3171.722978122174,48.604109839194194,16.2758921954574,6.371670082451762,64.8800020346516,25.0,31.0,85.0867033185224,121.3671121099876,6.166354703360078,0
117.82422556135471,11.53345051654716,7.98324614493588,7.183996663612522,53.99636693030345,199.8103008242151,0.2857142857142857,13.040581554697505,57.088657378347165,2605.642523366819,0.0666034336080717,144.7579179648233,82.47695789294829,21.31602120783788,7.793015598858534,103.79297910078617,6.0,6.0,23.568343302675935,30.428023627627514,17.30017577482074,0
39.51495078602472,4.689268848138323,2.859871366940419,2.8497906918012914,93.31589273744191,355.2867235200989,0.3333333333333333,12.382535200242025,118.42890784003296,4399.350360166281,0.11842890784003297,244.40835334257113,27.660465550217303,3.3318811635774077,2.819738535253325,30.99234671379471,5.0,8.0,48.73876601657063,44.577126720871284,7.0339032722074855,0
20.522464361497835,1.0591259445627392,1.0,1.0,225.81336638008162,1193.5144677140372,0.1111111111111111,35.93949674294786,132.612718634893,42894.309325069786,0.3978381559046791,2383.017184726099,14.365725053048484,5.788151639988058,2.419868219016142,20.153876693036544,17.0,21.0,132.79349245715773,93.01987392292388,1.588688916844109,0
7.243386145570071,1.0,1.0,1.0,116.85186161126924,584.2593080563462,0.25,13.566528222624017,146.06482701408655,7926.3703920772,0.19475310268544874,440.3539106709556,5.070370301899049,1.4520543262012318,0.6776942026042141,6.522424628100281,7.0,24.0,19.948088592526254,96.90377301874298,1.5,0
7.9420342770421435,1.0,1.0,1.0,312.06829523407674,1660.805027929837,0.06896551724137931,92.80009995081208,114.53827778826462,154122.87259070014,0.5536016759766124,8562.381810594452,5.5594239939295,0.41061407164809416,0.823307407466149,5.970038065577595,28.0,11.0,232.52535241909496,79.54294281498179,1.5,0
8.424216221373033,1.0,1.0,1.0,139.80451614819515,614.0658120608722,0.18181818181818182,32.0657073185055,111.64832946561313,19690.454603844333,0.20468860402029074,1093.9141446580186,5.896951354961123,0.8534574614222684,1.0720738369224523,6.750408816383391,10.0,10.0,69.25996004748306,70.5445561007121,1.5,0
6.096654777547294,1.0,1.0,1.0,119.37936028148516,507.11486907701516,0.2857142857142857,21.37481756311034,144.8899625934329,10839.487810061784,0.1690382896923384,602.1937672256547,4.267658344283106,0.6102959205319318,0.6829313827720364,4.877954264815038,6.0,12.0,26.755150841340345,92.62420944014481,1.5,0
3.073981570447251,1.0,1.0,1.0,159.54943095110548,782.8916022686702,0.125,39.666688812482825,97.86145028358378,31054.717561097415,0.2609638674228901,1725.2620867276341,2.1517870993130757,0.5403918121535871,0.30613166427866295,2.6921789114666628,15.0,14.0,80.21605332613984,79.33337762496565,1.5,0
32.72375276157199,2.7577302191848103,2.584019705049925,1.549550161790212,312.9538131824779,1687.546299348925,0.15384615384615385,51.8457310501434,259.6225075921423,87492.07157070914,0.5625154331163084,4860.670642817175,22.90662693310039,1.6493078563932542,4.460185169212359,24.555934789493644,12.0,29.0,53.72515793176093,259.228655250717,4.136595328777215,0
24.31315782805055,2.4998558467303784,1.2877724161601753,1.762163069137527,130.8739894210876,583.6236064816012,0.14285714285714285,29.22963984588396,83.37480092594302,17059.10782301311,0.19454120216053372,947.7282123896172,17.019210479635383,2.740486058547631,3.4879588965272323,19.759696538183015,13.0,8.0,90.40218040370982,40.47180901737779,3.7497837700955676,0
57.567819815905814,3.4552739320491757,3.4376308248497645,1.7238954109386768,136.99287205869246,713.6579784133315,0.11764705882352941,20.66988785502591,83.9597621662743,14751.230380648063,0.23788599280444384,819.5127989248924,40.297473871134066,7.216870058109553,6.125444687975093,47.51434392924362,16.0,20.0,82.73441643924944,54.25845561944301,5.1829108980737635,0
16.981983623085867,2.253502666696018,1.411171598095455,1.2365051785999572,131.00773571700987,556.511365026232,0.2857142857142857,23.321109431896947,159.003247150352,12978.462443871105,0.18550378834207734,721.0256913261725,11.887388536160106,1.2470752949801416,2.3500791795883753,13.134463831140248,6.0,12.0,29.94959484545643,101.05814087155343,3.380254000044027,0
33.098243989587154,2.684843164944161,2.053803048204408,1.5058323086183816,275.5258735808943,1562.8999476690994,0.08695652173913043,28.726973706843584,135.90434327557386,44897.385703117434,0.5209666492230332,2494.2992057287465,23.168770792711005,9.80946529734457,1.9797307004508506,32.978236090055574,22.0,28.0,199.79112471739762,75.73474886349672,4.0272647474162415,0
77.02003982144721,9.580238605642402,9.132748246940512,5.35962733588486,248.39607583099865,1284.1890826988404,0.14285714285714285,59.69235382316152,183.45558324269146,76656.2691003004,0.4280630275662801,4258.681616683356,53.91402787501305,17.995421782088894,6.026601021902235,71.90944965710194,13.0,22.0,37.17697768750404,211.21909814349462,14.370357908463603,0
16.62654165997965,1.9035729495004645,1.3274988748635903,1.4240338529080037,212.30982930354529,1097.6258945683485,0.07142857142857142,74.72037589546947,78.40184961202489,82015.01943474794,0.36587529818944947,4556.389968597108,11.638579161985755,3.642425651388028,1.778526630722114,15.281004813373784,27.0,8.0,162.4962453732323,49.81358393031298,2.8553594242506968,0
24.608037616845422,3.013647917290773,1.9327527695007443,1.5485257019158551,214.13148064102919,1107.0436953619173,0.2222222222222222,25.2647435143763,246.00971008042606,27969.17502252617,0.3690145651206391,1553.8430568070096,17.225626331791794,5.216389182214324,3.2581423043411664,22.44201551400612,8.0,27.0,37.278276040395106,176.8532046006341,4.52047187593616,0
8.365194055457032,1.0,1.0,1.0,167.36051421772368,913.6932830316376,0.11764705882352941,37.98686431148628,107.49332741548677,34708.342764839246,0.30456442767721253,1928.2412647132915,5.8556358388199214,2.324231136251811,0.4502566887252183,8.179866975071732,16.0,27.0,34.406489127521695,132.95402509020198,1.5,0
5.980284724308967,1.0,1.0,1.0,149.8226203224594,712.3897049126446,0.1111111111111111,70.94772391076569,79.1544116569605,50542.42810101414,0.2374632349708815,2807.9126722785636,4.186199307016277,1.3361101890096154,0.8198694216518247,5.522309496025892,17.0,9.0,66.35470983920561,83.46791048325376,1.5,0
26.07579231239442,1.451795401331398,1.1330362880795741,1.247229354749522,99.80876124639914,463.4975337078383,0.2222222222222222,12.37125013817273,102.99945193507517,5734.0439279258135,0.15449917790261275,318.5579959958785,18.253054618676092,5.706871042459179,1.8458700321115549,23.959925661135273,8.0,16.0,47.23094815916503,52.577813087234105,2.177693101997097,0
18.174683675180262,1.699756603092488,1.0,1.0,161.77134030276167,751.2428399931331,0.1,41.98683243878908,75.1242839993133,31542.307243631716,0.25041427999771104,1752.3504024239842,12.722278572626182,1.813307762165793,2.5558152373123213,14.535586334791976,19.0,5.0,135.253340867737,26.517999435024684,2.549634904638732,0
14.36153677103028,1.0,1.0,1.0,218.4318446275752,1092.159223137876,0.09090909090909091,38.62150642162409,99.28720210344328,42180.83444985546,0.364053074379292,2343.3796916586366,10.053075739721196,2.991741356105851,1.3278477548544534,13.044817095827046,21.0,10.0,177.97121885254043,40.460625775034764,1.5,0
16.043601016532964,1.0,1.0,1.0,248.19809806543344,1329.7342178328586,0.15384615384615385,29.800606315401275,204.57449505120903,39626.88592975506,0.44324473927761954,2201.49366276417,11.230520711573075,2.2193126878168545,1.2872487135655524,13.449833399389929,12.0,28.0,104.16183420766063,144.0362638577728,1.5,0
7.313899001937676,1.0,1.0,1.0,170.50249238744937,852.5124619372468,0.15384615384615385,24.16932666356329,131.15576337496105,20604.652177319884,0.28417082064574894,1144.7028987399935,5.119729301356373,2.141306931577227,0.863927086496199,7.2610362329336,12.0,19.0,89.93807017557172,80.56442221187764,1.5,0
4.5469039443555825,1.0,1.0,1.0,159.2721494843649,789.0654953228274,0.14285714285714285,29.322448126716488,112.72364218897533,23137.332055185456,0.2630218317742758,1285.407336399192,3.1828327610489078,1.0361553377814654,0.568757917013178,4.218988098830373,13.0,17.0,78.07152390268847,81.20062558167643,1.5,0
26.46346791874966,1.9504453391401295,1.7319070697002317,1.1056055911475777,170.7989530846096,908.9797469983324,0.08333333333333333,25.98946709935442,75.74831224986103,23623.899228592665,0.30299324899944413,1312.4388460329258,18.524427543124762,1.9852743118100895,1.7314686493915554,20.509701854934853,23.0,16.0,132.37974085078133,38.419212233828276,2.9256680087101943,0
15.279571495363832,1.8656472212940807,1.6857653205223393,1.0,442.7335179155883,2636.1222788575974,0.06666666666666667,79.35467108234161,175.74148525717317,209188.61637157746,0.8787074262858658,11621.58979842097,10.695700046754682,1.4249287425753545,1.7751922096060824,12.120628789330038,29.0,32.0,262.1332320040523,180.60028591153608,2.798470831941121,0
21.831578464295198,2.295961366596202,1.6957786014629843,1.0,213.0015908689361,1074.4639723932564,0.13333333333333333,31.145295440600407,143.26186298576752,33464.49786046909,0.3581546574644188,1859.1387700260607,15.282104925006637,3.448079869798161,2.5413619885915555,18.7301847948048,14.0,18.0,128.4643603873064,84.53723048162968,3.4439420498943027,0
57.0846437926541,6.978880098707017,6.753478859621293,4.004762876096971,227.38378965146353,1184.545248289282,0.125,60.10963042815048,148.06815603616025,71202.5771000905,0.39484841609642735,3955.6987277828052,39.95925065485787,3.039129648359055,3.4763120624889536,42.998380303216926,15.0,21.0,51.06220706222214,176.3215825892414,10.468320148060526,0
8.893126715951222,1.0,1.0,1.0,190.28901732032378,968.0883047151895,0.10526315789473684,51.0123620197933,101.9040320752831,49384.47106725921,0.32269610157172984,2743.5817259588453,6.225188701165855,1.7440058230516324,0.58161011716867,7.969194524217488,18.0,15.0,99.60037372958013,90.68864359074365,1.5,0
13.273775402537243,1.0,1.0,1.0,273.0131490761984,1452.956348342292,0.25,22.715117359015466,363.239087085573,33004.07397012172,0.48431878278076396,1833.559665006762,9.29164278177607,2.2344709375375857,0.8179690464957446,11.526113719313654,7.0,32.0,58.842042548338284,214.1711065278601,1.5,0
9.850132119163026,1.1615619385381042,1.0,1.0,340.95366990877045,1861.4132459903653,0.13333333333333333,56.124503605479134,248.18843279871538,104470.89443587288,0.6204710819967885,5803.9385797707155,6.8950924834141185,0.7256486693272106,0.7530640015901686,7.62074115274133,14.0,29.0,100.42008302814564,240.53358688062482,1.7423429078071564,0
40.662244396118595,5.243441688686293,4.016918268700305,4.329749757313303,270.0315123471697,1491.5357885373662,0.06666666666666667,112.31622529233539,99.43571923582441,167523.66965694394,0.4971785961791221,9306.870536496885,28.463571077283014,7.897425559142416,5.431255977583321,36.360996636425426,29.0,16.0,138.35042062512133,131.6810917220484,7.865162533029439,0
4.599432856532975,1.0,1.0,1.0,208.63554260665586,1033.621435397458,0.2857142857142857,21.13748059739084,295.32041011355943,21848.15303576104,0.34454047846581937,1213.786279764502,3.2196029995730826,1.0089021913144225,0.586076366807577,4.228505190887505,6.0,24.0,32.489870961732194,176.14567164492368,1.5,0
85.89477291864044,4.4834492876373595,2.330748780472453,2.886056708241208,499.0830819998827,2885.3788239758464,0.08695652173913043,95.27197736229601,250.9025064326823,274895.7459994751,0.9617929413252821,15271.98588885973,60.126341043048306,20.981308269214146,7.6349605392620825,81.10764931226245,22.0,32.0,213.26714991299468,285.81593208688804,6.725173931456039,1
128.52705595704353,18.72250666849309,12.828702341400131,9.294185939288061,330.06961715954526,1862.865451862473,0.06666666666666667,63.88195307409966,124.19103012416487,119003.48337923997,0.6209551506208243,6611.304632179998,89.96893916993047,32.656049335609616,16.424762876636247,122.62498850554007,29.0,20.0,237.55092650050437,92.51869065904089,28.083760002739634,0
13.946713671750569,1.749951270885931,1.4770891860918227,1.496276044443064,174.82380108030236,811.8565907667073,0.15384615384615385,42.57001741343912,124.90101396410883,34560.74920615405,0.2706188635889024,1920.0416225641138,9.762699570225397,2.8925415243405994,0.7885147045928866,12.655241094565996,12.0,12.0,82.58876335118427,92.23503772911809,2.6249269063288967,0
6.241690461368683,1.0,1.0,1.0,113.73452082172946,499.558117376676,0.25,11.144377072762808,124.889529344169,5567.26402980518,0.166519372458892,309.2924461002878,4.369183322958078,0.9059365878656017,0.8849266707710949,5.27511991082368,7.0,13.0,69.15701253067823,44.57750829105123,1.5,0
8.845887115963308,1.0,1.0,1.0,321.86758513200783,1767.6494940153725,0.15384615384615385,40.52855292658053,271.94607600236503,71640.27607384532,0.5892164980051242,3980.015337435851,6.192120981174315,0.6417648052346512,0.8151279849626872,6.833885786408967,12.0,32.0,98.96054403581492,222.9070410961929,1.5,0
29.515012026335825,1.5009553040221961,1.363617751385479,1.0,158.01410126839846,790.0705063419923,0.08,102.54542696179048,63.205640507359384,81018.11740275759,0.2633568354473308,4501.006522375422,20.660508418435075,6.907701108851016,4.275762826898452,27.56820952728609,24.0,7.0,89.65048329387147,68.36361797452699,2.251432956033294,0
77.38060828385642,5.743135846423705,2.9781867444806607,2.206717821383223,233.64392721630767,1331.8731226063067,0.15384615384615385,27.88879545924025,204.9035573240472,37144.337094026894,0.44395770753543556,2063.574283001494,54.16642579869949,8.827964125755214,4.661841247762388,62.99438992445471,12.0,39.0,47.71862415470599,185.92530306160168,8.614703769635558,0
16.757911610965543,1.0,1.0,1.0,133.14139502108978,653.3102591151843,0.2,12.804948012512837,130.66205182303688,8365.603904011225,0.2177700863717281,464.75577244506803,11.73053812767588,2.8732680288211414,1.8457572575331276,14.603806156497022,9.0,20.0,73.38497096269654,59.756424058393236,1.5,0
9.854814805713557,1.3931707300276113,1.0,1.0,63.609541986556735,254.43816794622694,0.2857142857142857,14.470883341967836,72.6966194132077,3681.94504609387,0.08481272264874232,204.55250256077056,6.89837036399949,2.4042537600585043,1.3057482866826877,9.302624124057994,6.0,9.0,15.373264179997278,48.23627780655946,2.089756095041417,0
23.97434418972642,2.707194282453723,1.3707512254339778,1.0314103584204959,186.82063306894358,856.5655969820931,0.13333333333333333,34.176893085792656,114.20874626427907,29274.750829025157,0.2855218656606977,1626.3750460569531,16.782040932808492,4.450505442537264,3.3315700853770673,21.232546375345756,14.0,9.0,137.9965000892398,48.8241329797038,4.060791423680584,0
1.1571753564736127,1.0,1.0,1.0,488.3891785607431,2983.3372416640996,0.06666666666666667,97.15108450953953,198.8891494442733,289834.4484853655,0.9944457472213665,16101.913804742528,1.0,0.3206447940904046,0.08652337144353348,1.3206447940904047,29.0,39.0,220.38618681028925,268.0029917504539,1.5,1
9.180169111039802,1.0,1.0,1.0,176.8877726861834,1008.3380850738329,0.09090909090909091,37.14783494541641,91.66709864307572,37457.5767535,0.33611269502461094,2080.976486305555,6.426118377727861,2.740384561212481,0.5768069127545394,9.166502938940342,21.0,30.0,67.21321237114448,109.67456031503893,1.5,0
14.661860565153228,1.075180125088419,1.0,1.0,238.3650658002167,1120.4206227046534,0.15384615384615385,52.58526545450653,172.3724034930236,58917.61586562771,0.37347354090155116,3273.2008814237615,10.263302395607258,1.1827960041595473,1.782880513820387,11.446098399766806,12.0,13.0,115.66611307303481,122.6989527271819,1.6127701876326284,0
8.607932046208806,1.080482304690212,1.0,1.0,245.65575710421467,1307.3622754037458,0.3333333333333333,14.131599605973824,435.7874251345819,18475.120215960615,0.4357874251345819,1026.3955675533675,6.025552432346164,1.8266584209387,0.5453446590147264,7.852210853284864,5.0,34.0,47.81336262058112,197.84239448363354,1.620723457035318,0
18.6321876878326,1.4164476111583078,1.0,1.145683439036393,314.19316116639715,1863.3971121364652,0.06666666666666667,114.17168191764328,124.22647414243102,212747.18237309958,0.6211323707121551,11819.287909616643,13.04253138148282,1.2433070238292925,1.3775560148902726,14.285838405312113,29.0,31.0,62.22807003780506,251.96509112859206,2.1246714167374616,1
74.63525002218103,8.433358059221518,4.748522156832835,4.68402526510687,71.9137925390075,299.875121456943,0.15384615384615385,14.97023530347143,46.13463407029893,4489.201129867512,0.09995837381898101,249.40006277041732,52.24467501552672,5.476835263466851,11.168199774818538,57.72151027899357,12.0,5.0,56.943557235536076,14.97023530347143,12.650037088832278,0
11.035844466535737,1.0118513524178891,1.0,1.0,157.82213702149022,828.239135105542,0.25,15.639836623242417,207.0597837763855,12953.52475802628,0.2760797117018473,719.6402643347933,7.725091126575015,1.7128592263632205,1.2205194133806945,9.437950352938236,7.0,30.0,19.2978697870574,138.5242672344328,1.5177770286268337,0
16.151384230543766,1.7907278746470499,1.352021374489515,1.0,113.60229243256899,577.9474414315494,0.1,34.41495088152509,57.79474414315494,19890.032808969867,0.19264914714384979,1105.0018227205483,11.305968961380636,3.202041850997811,2.2522207302179162,14.508010812378446,19.0,14.0,59.26289630384515,54.33939612872383,2.6860918119705746,0
49.15965849268341,4.85639355337383,4.190143466670756,4.127105039338359,113.22138925932529,472.1247017704926,0.2,20.536770735358417,94.42494035409852,9695.916758760073,0.1573749005901642,538.6620421533374,34.41176094487839,14.37869552644624,5.675802176707473,48.79045647132463,9.0,8.0,72.14784778860846,41.07354147071683,7.284590330060745,0
20.7293676351057,1.4569516100807816,1.0309523449339233,1.0,106.60381886054684,537.7516769612962,0.08,23.869144104914444,43.020134156903694,12835.672270048579,0.17925055898709874,713.0929038915878,14.51055734457399,4.932923606826442,2.2037287343182563,19.44348095140043,24.0,8.0,88.701960781861,17.901858078685834,2.1854274151211723,0
2.002065399908296,1.0,1.0,1.0,139.38015791018967,726.0944327271321,0.06896551724137931,41.51785622801806,50.07547811911256,30145.884265929402,0.2420314775757107,1674.771348107189,1.4014457799358069,0.2850862695272254,0.22273777433094366,1.6865320494630323,28.0,8.0,112.69010747789233,26.690050432297326,1.5,0
9.03857426298177,1.2677027669951455,1.2164198395827182,1.0,124.6891982276205,634.3516626883169,0.09523809523809523,52.58003035172372,60.41444406555399,33354.22967781811,0.21145055422943895,1853.012759878784,6.3270019840872385,0.9627445444234444,1.3290731195008942,7.289746528510683,20.0,13.0,51.077155735207285,73.61204249241321,1.9015541504927183,0
12.764933801855403,1.0,1.0,1.0,185.88794628277023,1043.706881896229,0.18181818181818182,15.49656356771462,189.7648876174962,16173.87004136613,0.3479022939654097,898.5483356314517,8.935453661298782,2.3311352680625657,1.8780330727574226,11.266588929361347,10.0,38.0,65.0147504545962,120.87319582817403,1.5,0
3.4723133685104433,1.0,1.0,1.0,145.99804589393096,651.068302118655,0.15384615384615385,48.32485840010956,100.16435417210077,31462.783508683755,0.21702276737288498,1747.9324171490975,2.43061935795731,0.8888898827596399,0.508723722384657,3.31950924071695,12.0,9.0,65.4566152270817,80.54143066684928,1.5,0
5.326886829383537,1.0,1.0,1.0,436.82452881559965,2630.717982280388,0.06666666666666667,74.03491520393155,175.38119881869252,194764.9827435864,0.8769059940934626,10820.276819088134,3.7288207805684754,0.29937658570507447,0.39177616637427076,4.02819736627355,29.0,35.0,253.01370486101098,183.81082395458867,1.5,0
52.32875197305791,2.781348689521089,2.1310053626971586,2.145291318332126,439.1064952196354,2503.100105843741,0.13333333333333333,56.56593965701627,333.74668077916544,141590.2095426281,0.8343667019479136,7866.122752368227,36.630126381140535,6.333714120562939,2.9448723340589016,42.96384050170347,14.0,37.0,132.03425136726133,307.0722438523741,4.172023034281634,0
20.0484041847629,1.9243329184892535,1.2616158694017925,1.0,154.14180204596252,802.9945294524508,0.1,50.625743110056895,80.2994529452451,40652.19476684079,0.26766484315081696,2258.455264824488,14.03388292933403,2.050963485017639,2.402463862902493,16.08484641435167,19.0,17.0,58.21934141638105,95.92246062958148,2.8864993777338803,0
4.929796709587402,1.0,1.0,1.0,150.8058630329678,739.9878710790961,0.13333333333333333,15.175328645801216,98.6650494772128,11229.559137532064,0.24666262369303202,623.8643965295591,3.4508576967111813,1.012661989812127,0.4852940430057547,4.463519686523308,14.0,15.0,116.11939755685073,34.686465476117064,1.5,0
122.98686855009689,9.56285577132257,7.397938242066035,3.821977234898329,236.14496352098854,1406.053470513113,0.08695652173913043,51.31892890724167,122.26551917505331,72157.15809304288,0.4686844901710377,4008.731005169049,86.09080798506781,20.538574791689577,17.204821476045545,106.62938277675738,22.0,39.0,49.53067658556428,186.61428693542427,14.344283656983855,0
8.761259238486842,1.0,1.0,1.0,255.7969150356447,1351.9895823075146,0.11764705882352941,44.53001849274669,159.05759791853114,60204.1211021545,0.4506631941025049,3344.673394564139,6.1328814669407885,1.6372656817813078,0.9122452924795703,7.7701471487220966,16.0,22.0,127.77311186899797,128.02380316664673,1.5,0
14.58359277468507,1.6292274308191783,1.0,1.0,225.07659947907106,1270.2999591434018,0.125,34.3819960769951,158.78749489292522,43675.448211875475,0.42343331971446724,2426.4137895486374,10.208514942279548,2.2261530429426646,1.3182300629381074,12.434667985222212,15.0,34.0,64.62728445309392,160.44931502597714,2.4438411462287677,0
44.24121336288736,2.622726645779784,2.5369363912961584,1.0,161.97476193572192,742.6482095385214,0.2857142857142857,19.09320977816938,212.18520272529182,14179.53805610088,0.24754940317950713,787.7521142278267,30.96884935402115,7.103658623308476,3.6098712833003943,38.07250797732962,6.0,17.0,47.41550326670562,114.5592586690163,3.934089968669676,0
17.080205004026837,1.6208893530437487,1.1183580039152192,1.0,155.10666256208214,681.2776963604995,0.16666666666666666,31.732420409994898,113.54628272674991,21618.59027686422,0.22709256545349982,1201.0327931591232,11.956143502818785,3.1554855683025194,1.054681396447306,15.111629071121303,11.0,9.0,97.41135272572778,57.69530983635436,2.431334029565623,0
177.73501855481638,13.25625292544751,11.373872181392969,8.319723660743072,323.616497013664,1710.443351376448,0.06896551724137931,121.82930194830377,117.96161043975503,208382.1195203099,0.5701477837921494,11576.784417794996,124.41451298837146,36.359589815667256,12.923027836488808,160.7741028040387,28.0,10.0,227.8934740542825,95.72302295938152,19.884379388171265,1
13.516012316902678,1.5239292209321247,1.0,1.0,143.60667062402172,748.112253609078,0.07407407407407407,58.600050487185115,55.41572248956133,43839.41583157381,0.24937075120302601,2435.5231017541005,9.461208621831874,2.428742658970632,1.3210279513664522,11.889951280802507,26.0,10.0,94.02201251948047,49.58465810454125,2.285893831398187,0
1.0,1.0,1.0,1.0,51.1810762870684,189.39248750987713,0.3333333333333333,9.088997031557074,63.13082916995904,1721.3877567764835,0.06313082916995905,95.63265315424908,1.0,0.2256516584999015,0.07416904055085766,1.2256516584999015,5.0,7.0,22.096285786085765,29.084790500982635,1.5,0
6.050720902160352,1.0,1.0,1.0,327.2486683575354,1874.4543412136957,0.1,65.14190373759835,187.44543412136957,122105.52425586591,0.6248181137378985,6783.640236436995,4.235504631512246,0.39368445283857667,0.8575345078038608,4.6291890843508225,19.0,33.0,94.10922340192019,233.13944495561518,1.5,0
56.97682560691766,5.585691272966575,2.8862731545393236,2.2717718957259794,257.43236325202844,1488.3090938627233,0.06666666666666667,75.43934103315893,99.22060625751489,112277.05729466172,0.49610303128757444,6237.614294147873,39.883777924842356,9.649425798948092,8.051749875147005,49.53320372379045,29.0,25.0,122.1618207098124,135.27054254221602,8.378536909449863,0
8.691271970526603,1.0,1.0,1.0,137.60699845800016,694.1439338041038,0.09523809523809523,19.293822435015628,66.1089460765813,13392.68980315962,0.2313813112680346,744.0383223977566,6.083890379368622,1.4700070308967448,0.9153748396813725,7.553897410265367,20.0,12.0,112.52502929247984,25.081969165520317,1.5,0
9.096930970689378,1.04771340556684,1.0,1.0,274.316099502603,1459.8905568228201,0.25,24.403467021546767,364.97263920570504,35626.39105849324,0.48663018560760674,1979.2439476940688,6.367851679482564,0.6518052745640871,0.6109688868972328,7.019656954046652,7.0,32.0,44.22626758516207,230.08983191744093,1.57157010835026,0
31.375292020908237,4.693341165303793,2.9097732718632767,4.0840774130618875,156.68309220736734,783.4154610368366,0.125,48.760685632691604,97.92693262960458,38199.87501540735,0.2611384870122789,2122.2152786337415,21.962704414635766,5.950982437665035,2.5829683313287024,27.9136868523008,15.0,16.0,46.15887143993301,110.52422076743431,7.04001174795569,0
45.241551072698115,5.133241113195678,5.073620221623011,1.696873143629776,80.20149392888595,393.53995631340416,0.15384615384615385,18.142948273530735,60.54460866360064,7139.975070961636,0.13117998543780138,396.6652817200909,31.66908575088868,12.232617659434414,5.803223782208121,43.901703410323094,12.0,17.0,25.77264910829374,54.428844820592204,7.699861669793517,0
21.49497931430718,1.137429440062496,1.0,1.0,259.2056042545286,1491.6990924151166,0.10526315789473684,41.44460009174464,157.02095709632806,61822.87234236294,0.4972330308050389,3434.6040190201634,15.046485520015025,5.159846740638596,2.53091118184937,20.20633226065362,18.0,35.0,93.42720388755006,165.77840036697856,1.7061441600937441,0
12.581785244932048,1.0,1.0,1.0,479.7189655417186,2773.4279011966164,0.1111111111111111,72.5128857323138,308.1586556885129,201109.26048628116,0.9244759670655388,11172.736693682287,8.807249671452434,1.3524658706493076,1.5713871139718216,10.159715542101742,17.0,37.0,155.54371167960983,324.1752538621088,1.5,0
6.6012210282789185,1.0,1.0,1.0,325.7248188104395,1819.1608986104977,0.16666666666666666,34.422988613264,303.1934831017496,62620.954898564276,0.6063869662034992,3478.9419388091264,4.6208547197952425,0.4445919995506192,0.5081996621402878,5.065446719345862,11.0,36.0,94.15198632120894,231.57283248923056,1.5,0
7.055086182860082,1.0,1.0,1.0,341.74136546612453,1854.3791266526002,0.16666666666666666,41.17867799484565,309.06318777543333,76360.88093679052,0.6181263755508667,4242.271163155029,4.938560328002057,1.9542777043002035,0.35779516453105953,6.892838032302261,11.0,31.0,102.15632985974982,239.5850356063747,1.5,0
9.069542389269223,1.0,1.0,1.0,310.2905569557123,1683.7187129256656,0.09523809523809523,76.8629370851321,160.35416313577767,129415.56550066503,0.5612395709752219,7189.753638925835,6.348679672488456,2.5696124285982465,0.46615979104422595,8.918292101086703,20.0,22.0,133.50580165990846,176.78475529580385,1.5,0
10.45677743936494,1.0,1.0,1.0,288.73829478087987,1515.2776413653637,0.10526315789473684,66.83435645110984,159.5029096174067,101272.6060054097,0.5050925471217879,5626.255889189428,7.319744207555457,0.9133889978254055,1.2259539495602683,8.233133205380863,18.0,19.0,140.2175026673024,148.52079211357744,1.5,0
1.5109158363786077,1.0,1.0,1.0,176.64952293732634,830.3304338052845,0.1111111111111111,51.11375058824213,92.25893708947605,42441.302699350206,0.2767768112684282,2357.8501499639005,1.0576410854650253,0.3804120555554286,0.15869716997978417,1.438053141020454,17.0,8.0,122.52908113801115,54.12044179931519,1.5,0
67.54469752080111,5.943330846804491,3.283969659456257,2.6336722384664837,206.45481234024385,1032.2740617012191,0.11764705882352941,56.521841443187945,121.44400725896695,58346.03084139192,0.34409135390040635,3241.446157855107,47.28128826456077,4.077453845583199,6.149656522550042,51.35874211014397,16.0,15.0,93.41112945386794,113.04368288637589,8.914996270206736,0
108.61370242527664,8.217106976045478,5.319132945218147,5.079189972403947,300.4962222015499,1669.1329658119755,0.08333333333333333,101.261654591215,139.09441381766462,169019.16585086254,0.5563776552706585,9389.953658381251,76.02959169769365,19.546098170448644,13.792307437528569,95.57568986814229,23.0,23.0,89.16755175031861,211.32867045123132,12.325660464068218,1
134.36619159313668,10.864777609641555,10.528542265621565,6.13398873504871,225.18490416325847,1289.8412186155817,0.1,48.42214287952775,128.98412186155818,62456.87577970789,0.42994707287186057,3469.8264322059936,94.05633411519567,26.3093756956493,18.718405259708213,120.36570981084498,19.0,33.0,51.884603331264415,173.30030083199404,16.297166414462332,0
5.8102920513327225,1.0,1.0,1.0,261.51476469569286,1341.3832412339764,0.125,52.51900946596714,167.67290515424705,70448.11914385688,0.44712774707799213,3913.7843968809375,4.067204435932905,1.1748009605864105,0.8013086812299444,5.242005396519316,15.0,19.0,121.46407278644719,140.0506919092457,1.5,0
6.634961740248201,1.0,1.0,1.0,499.23010481478644,2886.2288157548996,0.1111111111111111,77.74937574563637,320.6920906394333,224402.48868401078,0.9620762719182999,12466.804926889488,4.64447321817374,1.8533099946321567,0.828700358299107,6.4977832128058965,17.0,37.0,151.64466030488268,347.58544450990377,1.5,0
1.2052723098788998,1.0,1.0,1.0,188.49740321246048,1035.2000474824542,0.2222222222222222,16.606475615680438,230.04445499610094,17191.02434586861,0.3450666824941514,955.0569081038116,1.0,0.30432956157409213,0.18060199635916788,1.3043295615740922,8.0,36.0,34.887503767416426,153.60989944504405,1.5,0
77.28926789153468,4.6093948551659825,4.146255978372628,3.0653088903072176,259.323889394136,1415.7610412263475,0.10526315789473684,39.460517290108235,149.02747802382603,55866.663045973924,0.47192034707544916,3103.7035025541068,54.10248752407427,11.586005849072912,3.975961488623107,65.68849337314718,18.0,25.0,145.32683944493445,113.99704994920157,6.914092282748974,0
17.12321704240548,1.4009917654233672,1.0,1.1249120554976344,184.2638937126882,855.695023369659,0.1,24.37424730852123,85.56950233696591,20856.92212028292,0.285231674456553,1158.7178955712734,11.986251929683835,3.025270054893313,1.2637580233504067,15.011521984577147,19.0,5.0,168.8696322546748,15.39426145801341,2.101487648135051,0
57.41621452668357,5.840548889977042,5.13716156861909,4.968004116485687,205.46334881906074,1008.1861740624818,0.16666666666666666,29.105979390031305,168.03102901041362,29344.246003577107,0.3360620580208273,1630.2358890876171,40.1913501686785,11.700919774339498,7.415534966840632,51.89226994301799,11.0,18.0,104.9154200171344,100.54792880192633,8.760823334965563,0
37.067873100393996,4.309441557578662,2.40313139505317,3.6838262111191353,102.40797385426842,525.2794810904431,0.14285714285714285,17.398189783927105,75.0399258700633,9138.912101614278,0.17509316036348105,507.717338978571,25.947511170275796,10.07387278888719,3.097442494018199,36.02138395916299,13.0,21.0,43.52179304713052,58.88618080713789,6.464162336367993,0
70.96901776034255,6.566873411447433,5.415223914894377,2.1018242509826157,223.6974314748727,1165.341337279327,0.2857142857142857,19.149203596686355,332.95466779409344,22315.358527196575,0.38844711242644236,1239.7421403998096,49.678312432239785,5.648112775721773,9.87607101049024,55.326425207961556,6.0,30.0,25.82232764244702,197.87510383242568,9.85031011717115,0
7.038481429226768,1.0,1.0,1.0,141.2826132139725,630.0401525300925,0.16666666666666666,40.997377040450864,105.00669208834876,25829.993683899378,0.21001338417669752,1434.999649105521,4.926937000458738,0.694555271213815,0.8399618052004061,5.621492271672553,11.0,10.0,59.28785913307076,81.99475408090173,1.5,0
3.9470773359040825,1.0,1.0,1.0,123.7404975006568,613.0347161631903,0.1,54.66075330180926,61.30347161631903,33508.939385640806,0.2043449053877301,1861.6077436467115,2.7629541351328575,0.32688745956872756,0.20646313781517475,3.089841594701585,19.0,11.0,54.69533543521352,69.04516206544328,1.5,0
3.1809182434327075,1.0,1.0,1.0,146.2009662797438,737.4952945460632,0.15384615384615385,29.109946508186738,113.46081454554819,21468.44857427532,0.24583176484868774,1192.69158745974,2.2266427704028953,0.29792557351956456,0.3069805747741841,2.5245683439224598,12.0,20.0,44.3161535010902,101.88481277865358,1.5,0
14.365028034193694,2.0318457168289714,1.5370056052563332,1.318687601011363,186.53081398479708,971.7235767066088,0.125,51.32408178880104,121.4654470883261,49872.82032699627,0.3239078589022029,2770.7122403886815,10.055519623935584,3.251985192975415,0.8845841945740812,13.307504816910999,15.0,21.0,35.9801740709807,150.55063991381638,3.047768575243457,0
18.651356475755968,1.4618362043714725,1.0,1.0,325.4658807093694,1960.0752442230648,0.07407407407407407,40.765357770101964,145.19075883133812,79903.16858707322,0.6533584147410216,4439.064921504068,13.055949533029176,2.7775776779657715,2.595084276739659,15.833527210994948,26.0,38.0,203.16980739906353,122.29607331030589,2.192754306557209,0
1.9043659900237127,1.0,1.0,1.0,413.7387358979922,2413.2925410925423,0.06896551724137931,111.71989071169541,166.4339683512098,269612.77894620853,0.8044308470308474,14978.487719233808,1.3330561930165987,0.4199260958765736,0.13320327645483604,1.7529822888931723,28.0,28.0,182.3189622809089,231.41977361708337,1.5,1
28.49132289389037,3.4851414185689977,3.2509868885134305,1.2345676811654898,198.157308539633,1032.2912578957653,0.08695652173913043,36.50617596781568,89.76445720832741,37685.006310780605,0.34409708596525507,2093.611461710034,19.943926025723258,4.193759011640248,1.7715621685882785,24.137685037363504,22.0,14.0,148.3761594926116,49.78114904702138,5.227712127853497,0
10.642621946228036,1.2048493637576831,1.0,1.0,238.80774787080233,1340.8362128211766,0.1111111111111111,26.743787032439073,148.98180142457517,35859.0381210717,0.44694540427372553,1992.1687845039835,7.449835362359625,2.5678593460994716,1.2860683412232778,10.017694708459096,17.0,31.0,138.12525551338464,100.68249235741769,1.8072740456365248,0
2.366143589072598,1.0,1.0,1.0,80.44121689192326,419.05476807291797,0.2,9.07725699632475,83.8109536145836,3803.8678253331395,0.13968492269097266,211.32599029628554,1.6563005123508185,0.524422454201394,0.19011916607912357,2.1807229665522128,9.0,27.0,23.960506692569258,56.480710199354,1.5,0
18.169232057918613,1.0,1.0,1.0,93.0293138768788,442.34392188801354,0.09523809523809523,50.881273205979454,42.12799256076319,22507.021940588453,0.14744797396267117,1250.3901078104695,12.718462440543028,1.3564855273116663,2.058683100399045,14.074947967854694,20.0,6.0,57.41242263269319,35.61689124418562,1.5,0
12.724991314918414,1.8644197763071073,1.1631346505893656,1.0,56.10571623652764,263.7215370129281,0.15384615384615385,12.712484086449308,40.57254415583509,3352.5558425308004,0.08790717900430936,186.25310236282223,8.907493920442889,1.5148604809542041,1.5916458346815616,10.422354401397094,12.0,13.0,26.44325336814592,29.66246286838172,2.796629664460661,0
23.87356906063642,3.426666271278925,2.790035785641287,2.6082600671568783,156.60615984401278,803.2773160368636,0.07407407407407407,107.46061215121149,59.50202341013804,86320.67210850354,0.2677591053456212,4795.592894916863,16.711498342445495,3.812454572212423,2.6287284786562535,20.52395291465792,26.0,8.0,82.21035143163559,74.39580841237719,5.139999406918387,0
11.951641068977482,1.6960149372435407,1.265100370322745,1.0,391.1595250311627,2207.6481065364687,0.13333333333333333,60.97065643348129,294.3530808715292,134601.75422966052,0.7358827021788229,7477.87523498114,8.366148748284237,2.4369594806906583,1.2897789262268624,10.803108228974896,14.0,35.0,77.59614908754462,313.56337594361804,2.544022405865311,0
26.891882527878373,2.7826076426827653,2.4714156179201834,2.202063165756082,225.6986721556024,1246.6605990512696,0.2,23.55818808789885,249.33211981025394,29369.064874222462,0.41555353301708986,1631.6147152345811,18.82431776951486,5.201497832502467,1.7169857004356013,24.025815602017325,9.0,36.0,31.99801454398966,193.70065761161274,4.1739114640241475,0
5.960428581767277,1.0,1.0,1.0,185.15251355029707,998.4011246885475,0.11764705882352941,17.41437864877369,117.45895584571147,17386.535228687877,0.33280037489618247,965.9186238159932,4.1723000072370935,0.9305267863340713,0.31810615329580527,5.102826793571165,16.0,25.0,128.55578294178258,56.59673060851449,1.5,0
21.597254497277838,2.1472672350772273,1.6501161725137086,1.0,270.4628623315116,1375.9697620497714,0.2222222222222222,33.766050519323784,305.77105823328253,46461.064498434505,0.45865658734992376,2581.170249913028,15.118078148094485,1.858213223994263,2.865915874103318,16.97629137208875,8.0,25.0,50.98353395590695,219.4793283756046,3.220900852615841,0
25.177057426784522,3.2886428099903604,2.322153927377785,2.268755527794294,218.06941239469148,1127.4025071891494,0.1,25.138717557669988,112.74025071891495,28341.453202037035,0.3758008357297165,1574.5251778909465,17.623940198749164,4.142647543207041,2.2887955258891206,21.766587741956204,19.0,16.0,173.08433887043992,44.98507352425156,4.932964214985541,0
12.43926234729203,1.1435197673591244,1.0,1.0,299.91247098214524,1606.796660120355,0.09090909090909091,86.62477892845075,146.07242364730502,139188.40546589877,0.535598886706785,7732.689192549932,8.70748364310442,3.6655544089142027,0.9020316489093114,12.373038052018622,21.0,19.0,134.91289207081044,164.99957891133477,1.7152796510386867,0
4.324508492482091,1.0,1.0,1.0,287.8577604909308,1499.5815792118917,0.1111111111111111,61.422583395767845,166.62017546798796,92108.17460789967,0.4998605264039639,5117.120811549981,3.027155944737464,0.6266309399441774,0.6065083326434706,3.653786884681641,17.0,19.0,143.33403485382993,144.52372563710082,1.5,0
1.0093795569634574,1.0,1.0,1.0,262.4384653008168,1274.9210768218147,0.2857142857142857,27.182538414272887,364.26316480623274,34655.591145875136,0.4249736922739382,1925.3106192152854,1.0,0.27894675321709883,0.14251518327095936,1.2789467532170988,6.0,22.0,54.03900412472464,208.39946117609213,1.5,0
5.423738353514227,1.0,1.0,1.0,353.46786349531493,2034.1677900456107,0.06666666666666667,74.4141959957999,135.6111860030407,151370.9606167972,0.6780559300152036,8409.49781204429,3.7966168474599584,0.8994356608325772,0.7716606963911501,4.696052508292536,29.0,24.0,225.167525571522,128.30033792379294,1.5,0
15.703385212429634,2.2708060094575835,2.0943513789910093,1.8890671663834038,403.7400011293166,2278.650504433348,0.1,79.42569626803078,227.8650504433348,180983.4028661182,0.7595501681444493,10054.633492562123,10.992369648700743,0.8779471984959083,1.174551891934174,11.870316847196651,19.0,30.0,144.56141330732143,259.17858782199517,3.4062090141863752,0
19.84599217978144,1.4499399046803867,1.1902312614901644,1.1160034685765619,312.9081218526079,1738.0759652418838,0.10526315789473684,75.6005498641436,182.95536476230353,131399.49867793857,0.5793586550806279,7299.9721487743645,13.892194525847007,4.984559354923148,2.3535966745804733,18.876753880770153,18.0,28.0,69.30635006814518,243.6017717844627,2.1749098570205803,0
13.708789055077736,1.010910567979437,1.0,1.0,134.0123446256393,676.0110831510133,0.25,12.661629719251646,169.00277078775332,8559.402020968366,0.22533702771700442,475.52233449824257,9.596152338554415,2.222360378187465,1.4126700234826417,11.81851271674188,7.0,25.0,39.95452385405561,94.05782077158366,1.5163658519691556,0
241.18072567185254,32.18998543758166,27.63499565545525,15.579885929139055,153.7539143567845,812.6512801001049,0.09523809523809523,45.29910972968264,77.3953600095338,36812.37950922172,0.27088376003336834,2045.132194956762,168.82650797029677,67.8926983263681,25.58818100001038,236.71920629666488,20.0,18.0,67.68560587038746,86.06830848639703,48.28497815637249,1
143.7533252380661,10.24817638345698,10.221684077787549,5.660321732944451,105.2592759801796,494.76488152001076,0.1,59.200966118221345,49.47648815200108,29290.558987351957,0.16492162717333692,1627.2532770751086,100.62732766664627,31.67956986598699,13.510763692463563,132.30689753263326,19.0,6.0,61.6375114720165,43.621764508163096,15.372264575185472,0
20.864417474324807,1.7692450636516064,1.341854115454263,1.0,115.76288363853897,583.9536094662229,0.25,12.10429986008161,145.98840236655573,7068.3495933561535,0.19465120315540765,392.6860885197863,14.605092232027364,5.921885976516085,1.4132557204077452,20.526978208543447,7.0,25.0,25.845227535075587,89.91765610346339,2.6538675954774096,0
10.87907657768872,1.148467182986666,1.0,1.0,419.15311579760566,2524.294233310089,0.06666666666666667,121.03679915064954,168.2862822206726,305532.49411429616,0.8414314111033631,16974.02745079423,7.615353604382103,2.871090912824403,0.9664979643268935,10.486444517206506,29.0,35.0,118.64795928564817,300.5051565119575,1.722700774479999,1
31.566019475199578,3.7672232089003668,2.773176366964543,1.4709732956510844,113.3197367772645,463.1902132573381,0.2,22.45505731904255,92.63804265146763,10400.962788313069,0.15439673775244603,577.8312660173927,22.096213632639703,2.751601429260023,1.8055915943304388,24.847815061899727,9.0,7.0,73.3996348767444,39.92010190052009,5.65083481335055,0
2.565403413722178,1.0,1.0,1.0,358.4750133467659,1907.7782448452756,0.125,65.08906444952387,238.47228060565945,124175.50113413368,0.6359260816150919,6898.638951896315,1.7957823896055245,0.6503431957471212,0.32585892736852967,2.446125585352646,15.0,24.0,141.51146518168633,216.96354816507957,1.5,0
50.47011994884977,6.402805811617122,5.396080317395756,2.9314513498148465,203.1444219467568,1058.2713926192798,0.18181818181818182,32.686011889986574,192.4129804762327,34590.67132198643,0.3527571308730933,1921.7039623325795,35.32908396419484,10.924407861691238,4.957735367054253,46.25349182588607,10.0,26.0,26.63995774082931,176.5044642059275,9.604208717425683,0
8.643037087301213,1.0,1.0,1.0,178.243925391891,891.219626959455,0.11764705882352941,42.99949685227095,104.84936787758294,38321.99554412518,0.297073208986485,2128.9997524513988,6.050125961110849,0.9465169577434513,0.5703668408776464,6.996642918854301,16.0,15.0,92.2449316873491,85.9989937045419,1.5,0
8.032037335226375,1.1206950133551234,1.0,1.0,338.26692609413726,1787.8767617456654,0.14285714285714285,55.15565108752876,255.41096596366646,98611.5068583447,0.5959589205818885,5478.417047685816,5.622426134658462,2.003418178766029,0.8569475183183005,7.625844313424491,13.0,25.0,117.64432174402228,220.622604350115,1.681042520032685,0
265.0660196588734,30.63167837682016,16.490090564528156,23.963764353547,204.4580820088242,1159.7732057577405,0.06666666666666667,34.856571162301066,77.3182137171827,40425.71727862472,0.38659106858591347,2245.8731821458177,185.5462137612114,35.71490961143793,14.933943917557528,221.2611233726493,29.0,21.0,151.57224990050534,52.88583210831886,45.94751756523024,1
26.192820821371058,1.9139235821739735,1.0,1.0,137.95277355036265,640.6328413484425,0.15384615384615385,13.168414928168584,98.55889866899116,8436.119071487887,0.21354428044948084,468.67328174932703,18.334974574959737,1.5793113478945011,1.6035945053294354,19.914285922854237,12.0,12.0,109.42120787266404,28.531565677698598,2.8708853732609603,0
27.749725743064765,2.374583200348445,2.1482466056511274,1.5069802816594409,263.24130382514807,1521.892668870416,0.11764705882352941,35.88118471567348,179.046196337696,54607.31196916869,0.5072975562901386,3033.739553842705,19.424808020145335,2.132670750173608,3.14250686650021,21.557478770318944,16.0,38.0,88.3205283362399,174.9207754889082,3.5618748005226673,0
6.309951361422235,1.0,1.0,1.0,220.3743163972988,1111.6549056921733,0.07142857142857142,53.639777089611215,79.40392183515523,59628.921341900954,0.37055163523072443,3312.7178523278308,4.4169659529955645,0.7883431436217898,0.4048953535521891,5.205309096617354,27.0,5.0,196.5344154685827,23.839900928716098,1.5,0
23.74698586157764,1.9720326161999806,1.3644485056190738,1.3791608487978337,188.5989388779305,925.4343595218629,0.16666666666666666,27.420529683511084,154.23905992031047,25375.90032541031,0.30847811984062096,1409.7722403005728,16.62289010310435,3.191444087965382,1.8384566474173742,19.814334191069733,11.0,18.0,93.87347269852854,94.72546617940193,2.958048924299971,0
20.023455151673236,1.262683247821347,1.0,1.0,137.74691153859752,605.0281594849466,0.15384615384615385,23.905802394725427,93.08125530537642,14463.683623891555,0.20167605316164888,803.5379791050864,14.016418606171264,4.171159440503687,2.3153125531827565,18.18757804667495,12.0,8.0,101.88820794650937,35.85870359208814,1.8940248717320205,0
16.593678104806806,2.45050046596665,2.2171621462381688,1.1680449292901836,167.7085807593076,788.3040740741224,0.10526315789473684,67.64842255720956,82.97937621832867,53327.52710653605,0.2627680246913741,2962.6403948075586,11.615574673364764,3.2680289666621087,1.6533344929167115,14.883603640026873,18.0,7.0,107.57664959734355,60.131931161964054,3.675750698949975,0
52.913697467445324,7.615114606528781,4.389483266133926,2.88578240636947,328.0282767157773,1832.0256246337988,0.1,89.37712079700809,183.20256246337988,163741.17555610923,0.6106752082112663,9096.731975339402,37.03958822721172,14.346785272719444,3.5834593293024155,51.38637349993117,19.0,28.0,55.192855335436796,272.8354213803405,11.422671909793172,0
56.68862337065188,4.469110400401007,3.179676787527114,2.2979866351757563,150.00241010289793,668.9254904846617,0.25,24.862957768196644,167.23137262116543,16631.466219990372,0.22297516349488725,923.9703455550207,39.68203635945631,8.574682044244668,4.293542912744034,48.25671840370098,7.0,14.0,43.4468768106266,106.55553329227132,6.703665600601511,0
3.3738247999766027,1.0,1.0,1.0,273.2048159438831,1433.7590703971948,0.25,26.608150933675528,358.4397675992987,38149.677747654874,0.47791969013239827,2119.426541536382,2.361677359983622,0.6568788777287862,0.47962972105096685,3.018556237712408,7.0,30.0,37.532621959899856,235.67219398398325,1.5,0
4.941446599700303,1.0,1.0,1.0,460.64664768122964,2709.8198001938185,0.08333333333333333,95.12632899958608,225.8183166828182,257775.2098428298,0.9032732667312728,14320.84499126832,3.4590126197902116,1.1886772755508177,0.5977242814154325,4.6476898953410295,23.0,35.0,162.85987863904714,297.7867690421825,1.5,0
116.44371376634102,5.861786187904711,4.58180864754915,2.2811266716602674,176.52249441592284,912.6080571978404,0.09090909090909091,47.030390000948415,82.96436883616731,42920.31284802227,0.30420268573261344,2384.461824890126,81.51059963643871,32.05181141029869,9.243629952085133,113.5624110467374,21.0,14.0,109.33622298599653,67.18627142992631,8.792679281857065,0
398.5037628493071,35.330485165414785,30.28214141463786,21.625284532640865,321.16546971036064,1709.2195363592646,0.08695652173913043,62.57079463757966,148.62778577037082,106947.22460007467,0.5697398454530882,5941.512477781926,278.95263399451494,47.87516576146745,21.390801767601733,326.82779975598237,22.0,17.0,218.77689666704848,102.38857304331216,52.99572774812218,1
32.973187695679876,1.8311255610656803,1.0,1.0,185.47068311658975,871.7937654719789,0.14285714285714285,59.93707133737339,124.54196649599697,52252.76511257136,0.29059792182399297,2902.9313951428535,23.08123138697591,9.544668324481002,4.455839510287685,32.62589971145691,13.0,12.0,65.59654044184299,119.87414267474676,2.7466883415985204,0
1.031961519877674,1.0,1.0,1.0,243.40715068584146,1380.7088899674416,0.10526315789473684,55.273760528287646,145.33777789130963,76316.97254333823,0.46023629665581384,4239.8318079632345,1.0,0.24025969979467432,0.13857979937083661,1.2402596997946742,18.0,32.0,40.736695415453426,202.67045527038803,1.5,0
103.66025402807843,10.093266994894009,5.763522446493696,7.008477672693785,486.32791704927047,2884.283135943295,0.06896551724137931,105.1893673471754,198.91607834091687,303395.9183200023,0.9614277119810983,16855.328795555684,72.56217781965489,20.390657335396906,7.961908565002486,92.9528351550518,28.0,32.0,238.38155115949985,247.9463658897706,15.139900492341013,1
11.565844375061019,1.72410170239869,1.5728508473227292,1.4026108388528244,302.43855620549357,1512.1927810274678,0.14285714285714285,60.02550803848722,216.02754014678112,90770.13993330661,0.5040642603424893,5042.7855518503675,8.096091062542714,2.0246258846693213,1.1729584703667617,10.120716947212035,13.0,18.0,126.97937886222323,175.45917734327034,2.586152553598035,0
34.406001670621684,2.393904831107709,2.162789452178549,1.9543728837754917,212.689169830195,1224.0022453013125,0.07407407407407407,26.084583487128707,90.66683298528241,31927.58875599508,0.4080007484337708,1773.7549308886155,24.08420116943518,8.67201630821669,2.5136706461547127,32.75621747765187,26.0,27.0,156.50699001176395,56.18217981843107,3.5908572466615634,0
48.78186040318652,4.049644205764679,2.8986070232404253,2.027187170062965,235.1141616336864,1196.1345607631056,0.2222222222222222,31.164133451863606,265.807680169579,37276.49707800768,0.3987115202543685,2070.91650433376,34.14730228223056,7.34034384821661,4.518115681627873,41.487646130447175,8.0,25.0,32.547294196572956,202.56686743711344,6.074466308647018,0
33.587302114964295,2.262368908894746,1.7601492759607704,1.0,324.9270303281851,1773.9169031236138,0.2857142857142857,24.281359151102606,506.83340089246104,43073.11342895615,0.591305634374538,2392.9507460531195,23.511111480475005,2.112814957609435,1.9316317279275588,25.62392643808444,6.0,37.0,17.36314774755212,307.563882580633,3.393553363342119,0
47.36641958642362,2.478115919872656,1.7073777328294224,1.1214988582722458,405.1696319389579,2331.7056511016813,0.09523809523809523,62.75458132902288,222.06720486682678,146325.21191740272,0.7772352170338938,8129.1784398557065,33.156493710496534,6.000818639029114,2.6907921451149703,39.15731234952565,20.0,33.0,191.80405542028006,213.3655765186778,3.717173879808984,0
74.11254842871955,10.665711393630646,8.083009409439589,6.019503651104021,198.23592974395828,972.7220193723399,0.2,33.77199309154089,194.544403874468,32850.76131823237,0.3242406731241133,1825.042295457354,51.878783900103684,9.257973007129694,5.082329348502521,61.13675690723338,9.0,20.0,40.63329531676746,157.60263442719082,15.99856709044597,0
11.010177358197037,1.392417998104237,1.0,1.2046647353821502,154.44914470251047,698.6602751218209,0.2222222222222222,33.023997386133686,155.25783891596018,23072.555099418456,0.2328867583739403,1281.8086166343587,7.707124150737926,1.5053060903110511,0.6159680704010275,9.212430241048978,8.0,14.0,30.609154504509128,123.83999019800133,2.0886269971563554,0
14.541444818436144,1.9298436954408436,1.5189161219944078,1.1033986701692489,127.10774698887167,623.7038083286814,0.25,9.517719323663025,155.92595208217034,5936.23778877211,0.20790126944289378,329.7909882651172,10.1790113729053,1.3871759736719624,2.0505283001700016,11.566187346577262,7.0,22.0,64.56273429051464,62.54501269835703,2.8947655431612653,0
17.73036005666241,1.5748112824053517,1.2275032215410493,1.367330946514523,96.04515890437848,492.64280242800913,0.3333333333333333,5.502408923733927,164.21426747600304,2710.7221522931673,0.16421426747600304,150.59567512739818,12.411252039663685,0.9145095811062909,1.8453615121071048,13.325761620769976,5.0,29.0,30.016251819571366,66.02890708480712,2.3622169236080275,0
290.04918028740707,41.14362055124695,28.262781610610535,31.435571083048238,241.74383699361448,1303.5595040700562,0.1111111111111111,37.214759070215486,144.8399448966729,48511.65287765672,0.4345198346900187,2695.0918265364844,203.03442620118494,53.94819070309446,36.01853254743882,256.9826169042794,17.0,24.0,132.28866325768658,109.4551737359279,61.71543082687042,1
9.197166729710332,1.0,1.0,1.0,219.99001840961148,1170.7710595688995,0.11764705882352941,58.05593908354502,137.73777171398817,67970.21331510949,0.39025701985629985,3776.122961950527,6.438016710797232,2.2906732951402144,0.7203913361019395,8.728690005937446,16.0,23.0,45.82220115897641,174.16781725063507,1.5,0
9.347575123966658,1.0,1.0,1.0,134.80486535652526,685.8147433210773,0.07692307692307693,42.15631665552221,52.754980255467494,28911.423486469022,0.2286049144403591,1606.1901936927234,6.543302586776661,1.5598192977733467,0.5903631333376037,8.103121884550008,25.0,8.0,104.45231736454927,30.35254799197599,1.5,0
75.54822325617528,7.1320374118498915,5.2275310027390836,6.007382675139155,100.6442007455498,419.6787689390471,0.2222222222222222,33.178702672887184,93.26194865312156,13924.397092751964,0.13989292297968237,773.577616263998,52.88375627932269,6.22492988648992,9.310219486804097,59.10868616581261,8.0,9.0,17.697444063331844,82.94675668221795,10.698056117774836,0
5.893955010145579,1.0,1.0,1.0,68.80083241418782,261.9491879338184,0.3333333333333333,9.401818784430976,87.31639597793946,2462.7987956826137,0.08731639597793947,136.82215531570077,4.125768507101905,0.3018048099691799,0.3424982857467383,4.427573317071085,5.0,8.0,34.95428479023631,33.846547623951516,1.5,0
20.407923546403687,1.2579753128846447,1.0,1.0,251.12188159849998,1232.2275991671954,0.1,66.83711108716528,123.22275991671955,82358.53293020882,0.41074253305573183,4575.474051678268,14.28554648248258,1.2923967543159636,2.0043921076756264,15.577943236798543,19.0,10.0,173.73154244494017,77.39033915355981,1.8869629693269672,0
80.82594456778413,8.307046968373875,7.476634940699864,6.812846497112502,213.74608058775706,1016.3385672231516,0.16666666666666666,38.790447856629825,169.3897612038586,39424.22819655153,0.3387795224077172,2190.234899808418,56.57816119744889,22.091775160082474,10.877048551168656,78.66993635753137,11.0,15.0,100.90114136847029,112.84493921928677,12.460570452560813,0
6.384239981518531,1.0,1.0,1.0,130.7438018729246,555.3901931882133,0.3333333333333333,15.230010416562006,185.13006439607108,8458.598427512874,0.1851300643960711,469.92213486182635,4.468967987062972,1.4605240739145453,0.8398276238757616,5.929492060977517,5.0,13.0,45.455743540177366,85.28805833274723,1.5,0
55.35429381233644,7.255728513567224,4.2503945349811865,4.234708788832861,124.07725771278898,553.3140461982197,0.125,51.636137856210325,69.16425577477746,28571.0003672688,0.18443801539940655,1587.2777981816,38.7480056686355,4.970217147268775,7.837588512357441,43.71822281590428,15.0,6.0,75.88352904699268,48.1937286657963,10.883592770350836,0
111.79162722500197,15.606573504355449,9.427397759739053,7.1786205956326,197.2043494454922,948.0312999579546,0.13333333333333333,63.90504967190115,126.40417332772728,60583.98731433011,0.3160104333193182,3365.7770730183393,78.25413905750138,13.973655363357496,15.08521997866996,92.22779442085887,14.0,13.0,69.39425010168988,127.8100993438023,23.40986025653317,0
10.76582654902856,1.2891822978463638,1.0404292475064925,1.0,125.96234801434832,577.5326421485751,0.18181818181818182,9.394340125444883,105.00593493610457,5425.538073890559,0.19251088071619168,301.41878188280884,7.536078584319991,2.2325496997987977,0.7709994133935665,9.768628284118789,10.0,13.0,99.65819566310266,26.30415235124567,1.9337734467695458,0
1.1414898427600948,1.0,1.0,1.0,303.6640782378289,1593.6070710287877,0.08,98.44260389841995,127.48856568230302,156878.82966300813,0.531202357009596,8715.490536833786,1.0,0.12077312456681588,0.12992784644136288,1.1207731245668158,24.0,13.0,188.81437368967232,114.84970454815661,1.5,0
42.2971216882794,5.410773454883377,4.485129640608236,3.71302092541652,172.64893497980506,1011.3741799407139,0.07407407407407407,37.678293443956484,74.91660592153436,38106.85313344707,0.3371247266469046,2117.0473963026147,29.607985181795577,3.866813792102072,6.0462545456963,33.47479897389765,26.0,31.0,79.90236650237371,92.74656847743135,8.116160182325066,0
47.63462313715601,2.620254428048438,2.619942891446339,1.716201563150648,204.91816226240127,1090.5597248969607,0.16666666666666666,32.730077535996365,181.75995414949344,35694.10435351239,0.3635199082989869,1983.005797417355,33.344236196009206,7.427883384387429,3.5927211747183483,40.772119580396634,11.0,28.0,32.34138979987496,172.5767724625263,3.930381642072657,0
144.34552191234792,16.391234421450033,16.33115545978807,13.721697196031986,329.81804679136656,1789.6800427686796,0.06666666666666667,113.61543828482559,119.31200285124531,203335.28244876894,0.5965600142562265,11296.404580487164,101.04186533864353,42.831751464128466,12.471827685695546,143.873616802772,29.0,13.0,220.1203822405005,109.69766455086608,24.586851632175048,1
48.78879156303921,6.959692024350911,6.795632719326251,4.795862816748091,240.5820910827266,1271.5731180271628,0.18181818181818182,25.03895736368935,231.19511236857505,31838.86508709565,0.42385770600905426,1768.8258381719806,34.15215409412745,6.519780489568259,6.629021290629238,40.6719345836957,10.0,28.0,95.3561383733284,145.2259527093982,10.439538036526367,0
53.4291490281574,5.859621811798427,3.439412297504005,2.2413985482422385,302.8342824371571,1643.2589933042464,0.15384615384615385,38.598738245939074,252.809075892961,63427.723752835955,0.5477529977680822,3523.7624307131086,37.40040431971018,7.887658567120366,4.851214389703848,45.288062886830545,12.0,30.0,103.40746816647193,199.4268142706852,8.789432717697641,0
21.48136040756579,3.0499555914932452,2.1415511753099556,1.3518494746793799,154.01270946269125,763.0091969727507,0.13333333333333333,24.640463215918754,101.73455959636676,18800.90005141477,0.2543363989909169,1044.4944473008206,15.036952285296053,1.6187794620117668,2.210183920607525,16.65573174730782,14.0,16.0,94.17158450974571,59.84112495294555,4.574933387239868,0
47.55489034546685,5.439163825402826,4.463622351129239,4.6217730323073765,88.57108697538608,430.2766572442168,0.08333333333333333,27.1502774504476,35.85638810368473,11682.130624631629,0.14342555241473892,649.0072569239794,33.28842324182679,8.162487607757834,6.570666216750293,41.45091084958462,23.0,5.0,74.40572482732647,14.165362148059618,8.158745738104239,0
26.739643157080152,3.442174664549253,2.8299619530815385,1.1590282628350732,89.43308384070174,438.83835803420754,0.08,44.145020865929745,35.10706864273661,19372.52847219044,0.1462794526780692,1076.2515817883577,18.717750209956105,6.407668194609111,2.9667137649978463,25.125418404565217,24.0,5.0,67.36057340773687,22.072510432964872,5.16326199682388,0
137.64849192433343,13.11663803931796,8.501145880283111,9.426484754780963,259.0393727893988,1339.2141297418482,0.2857142857142857,20.37450794045072,382.6326084976709,27285.828920389085,0.44640470991394937,1515.8793844660604,96.35394434703339,22.76144811476944,17.524585932731416,119.11539246180283,6.0,29.0,55.29429338489156,203.7450794045072,19.67495705897694,0
17.3786310372025,1.958831308128328,1.0,1.0,427.78455122672494,2484.296719146724,0.06896551724137931,88.6260085394415,171.33080821701546,220173.30224560408,0.8280989063822414,12231.850124755782,12.165041726041748,4.947214331172141,1.9047865164802331,17.11225605721389,28.0,27.0,250.53253414784191,177.252017078883,2.938246962192492,0
11.599933185027437,1.0,1.0,1.0,278.2714968501083,1578.4742906808954,0.1,63.09867180053306,157.84742906808955,99599.63121325304,0.5261580968936318,5533.312845180724,8.119953229519206,2.65276783909316,1.6519050996887268,10.772721068612366,19.0,31.0,65.7286023641022,212.5428944860061,1.5,0
32.790079742869175,1.7334128589708793,1.4992776999502693,1.358697634460378,208.65054816476177,1061.5019105947397,0.16666666666666666,26.54484058721595,176.91698509912328,28177.398999762525,0.3538339701982466,1565.4110555423624,22.95305582000842,5.579777306961302,3.1873673510588127,28.53283312696972,11.0,22.0,97.64485116367689,111.00569700108488,2.6001192884563187,0
44.70862070824095,2.8358903602283454,2.0225898552200507,1.4616594011809665,289.7426514403579,1509.4008307122283,0.08,99.01795056286547,120.75206645697827,149457.7768350115,0.5031336102374094,8303.209824167305,31.296034495768662,6.512388199272236,5.264949317934204,37.808422695040896,24.0,12.0,182.47320499725365,107.26944644310426,4.253835540342518,0
237.58612617197,24.31406681207403,21.731208657762483,14.293306878011418,365.63743456278587,2042.0713608930446,0.09090909090909091,66.01833122621021,185.6428509902768,134814.14349099487,0.6806904536310149,7489.674638388604,166.310288320379,52.696327441255114,23.262604791017242,219.0066157616341,21.0,26.0,195.8760114096739,169.76142315311196,36.47110021811105,1
15.513594495959843,2.0255423561955883,2.0212800753285793,1.5592241520321015,272.08928771412866,1502.9020382684118,0.08333333333333333,50.749846749652725,125.24183652236765,76272.04812186262,0.5009673460894706,4237.336006770146,10.85951614717189,0.9866485802784494,1.067090505542791,11.84616472745034,23.0,22.0,170.5895942148232,101.49969349930545,3.0383135342933825,0
9.025309958391517,1.202946023743185,1.0,1.0,236.2144904163644,1289.5968577593967,0.14285714285714285,25.23014832134474,184.22812253705666,32536.71999600969,0.4298656192531322,1807.5955553338717,6.317716970874062,2.5895481604019643,1.129934674016743,8.907265131276027,13.0,30.0,115.88609072995102,120.32839968641338,1.8044190356147776,0
28.582854280728185,4.133432775854673,3.1998115081489424,1.9245450715396952,290.9825840786719,1598.033605350464,0.16666666666666666,31.8362372321363,266.3389342250773,50875.37696486345,0.5326778684501547,2826.409831381303,20.00799799650973,5.757447809278022,3.0104204876886143,25.765445805787753,11.0,33.0,94.17675391637479,196.8058301622971,6.20014916378201,0
6.657159416985383,1.0,1.0,1.0,344.89525725215077,1956.392597562878,0.08,112.82403603037872,156.51140780503025,220728.10891700038,0.6521308658542927,12262.672717611133,4.660011591889768,1.5114348706225762,0.3449790991535298,6.171446462512344,24.0,26.0,91.04117618379867,253.8540810683521,1.5,0
1.5332664414052815,1.0,1.0,1.0,195.11303247816923,927.7405196396618,0.25,30.194220372401105,231.93512990991545,28012.40169840586,0.30924683987988727,1556.2445388003257,1.073286508983697,0.4381892209935407,0.11033705438283103,1.5114757299772377,7.0,19.0,22.574630350162924,172.5384021280063,1.5,0
34.48471411756374,4.54500453142845,2.491141857913436,1.6780737192136659,105.8030949540906,423.2123798163624,0.25,25.817580649817955,105.8030949540906,10926.319747910324,0.1410707932721208,607.0177637727958,24.139299882294615,8.322106321159126,4.337402553007587,32.46140620345374,7.0,8.0,39.41503042598728,66.38806452810331,6.817506797142675,0
48.02827988190276,4.324530919240518,2.620731087242335,1.4672904693977984,319.94436063839186,1823.8235409783463,0.125,53.59358638564031,227.97794262229328,97745.2444955874,0.6079411803261154,5430.291360865966,33.61979591733193,2.703910761933119,2.6002358435628588,36.323706679265044,15.0,36.0,55.54933446923302,264.3950261691588,6.4867963788607765,0
4.866857149284752,1.0,1.0,1.0,88.91500145671858,407.6719474306217,0.2222222222222222,14.308578666547279,90.59376609569371,5833.206129955577,0.13589064914354057,324.06700721975426,3.4068000044993263,0.7578307613508699,0.34361358175779955,4.164630765850196,8.0,15.0,31.68068679052947,57.234314666189114,1.5,0
124.26605096183056,15.963624209577429,8.554155994718204,9.607368800385812,170.48727447509532,791.7183848489938,0.14285714285714285,41.77703479234981,113.10262640699911,33075.64650957941,0.2639061282829979,1837.5359171988562,86.98623567328139,10.218650796531383,8.711055447636681,97.20488646981276,13.0,11.0,93.36044101229567,77.12683346279965,23.94543631436614,0
436.02175470142146,47.830654461190754,38.52847564007295,29.523194783841554,85.69345526878426,376.3928565951935,0.18181818181818182,22.167864255973694,68.43506483548973,8343.825751920422,0.12546428553173117,463.5458751066901,305.215228290995,57.90516223863522,33.155812494563214,363.12039052963024,10.0,10.0,36.92415390564214,48.76930136314212,71.74598169178613,1
16.035593363250218,1.7745939089617402,1.0,1.0,213.7710987782441,1059.0639888345252,0.1111111111111111,56.92722105321113,117.67377653716946,60289.56980187853,0.3530213296115084,3349.4205445488074,11.224915354275153,4.543549382351546,1.6027127854680217,15.768464736626697,17.0,13.0,120.00861704354342,93.76248173470069,2.6618908634426104,0
4.69438539070227,1.0,1.0,1.0,161.2081950211345,766.5268317523235,0.2857142857142857,18.85558605156885,219.00766621494955,14453.312636942372,0.25550894391744117,802.9618131634651,3.286069773491589,0.6095969115318096,0.6689002826325934,3.8956666850233983,6.0,20.0,29.21909266015254,131.98910236098195,1.5,0
421.19441706643596,50.0,43.61692294139099,40.316033696369146,315.35907718630295,1806.3517087475993,0.06666666666666667,132.1204895734914,120.42344724983995,238656.07210164558,0.6021172362491998,13258.670672313643,294.8360919465052,37.149890938893854,52.87475529623923,331.98598288539904,29.0,23.0,96.67688754742063,218.68218963888233,75.0,1
76.93944540615402,9.0050338200765,6.57666774714669,5.636782762899154,233.963777650377,1180.2055041224505,0.08695652173913043,37.69989309011018,102.62656557586526,44493.621329775975,0.3934018347074835,2471.867851654221,53.857611784307814,22.2232434255734,7.053336174140104,76.08085520988121,22.0,10.0,196.26388456026683,37.69989309011018,13.507550730114751,0
48.56995436634366,3.119902350281036,2.8463247998329098,2.4445998720288933,181.01828337071404,935.8509489164237,0.08,50.46072034728306,74.8680759133139,47223.71302001114,0.3119503163054746,2623.5396122228412,33.99896805644056,5.141116742147198,4.640438384716428,39.14008479858776,24.0,11.0,130.557563023431,50.46072034728306,4.679853525421554,0
50.98565089216357,4.854384868533734,4.570187284995405,3.713094127511332,389.08837293364354,2184.6183177412977,0.2,40.54293626813782,436.9236635482596,88570.8412263919,0.7282061059137659,4920.602290355106,35.689955624514496,9.686010812232217,3.096096016011417,45.375966436746715,9.0,39.0,28.706717216862877,360.38165571678064,7.281577302800601,0
122.76996522868312,10.88106288701353,5.581510970698601,4.947021453924507,155.3019890816431,796.5878550942444,0.08,108.85182442003908,63.72702840753956,86710.04133785423,0.2655292850314148,4817.224518769679,85.93897566007819,11.781871912110427,14.034713513204853,97.72084757218862,24.0,10.0,55.52115002994059,99.78083905170249,16.321594330520295,0
15.193693228140027,2.1849710439054766,1.2163838368231938,1.8324622598679063,175.6700599980199,947.2687251879129,0.2857142857142857,10.152206633445386,270.64820719654654,9616.867835508085,0.3157562417293043,534.2704353060047,10.635585259698018,3.596930269801442,1.9672697416337293,14.23251552949946,6.0,35.0,53.843580396675264,121.82647960134463,3.277456565858215,0
10.777636999851506,1.1025609694225063,1.0535141100422318,1.0,57.53179594388735,230.1271837755494,0.2857142857142857,12.150853156030614,65.75062393587126,2796.2416172675717,0.07670906125851647,155.3467565148651,7.5443458998960535,1.4640643110915825,1.3845933380466298,9.008410210987636,6.0,9.0,17.028952090451973,40.50284385343538,1.6538414541337594,0
18.901005137759228,1.2232961385523833,1.0127294480794444,1.0,201.9127201920626,1115.2774196968617,0.06666666666666667,49.06112902691835,74.35182797979078,54716.7693885563,0.37175913989895387,3039.820521586461,13.230703596431459,3.631767035093653,2.1884646573282334,16.862470631525113,29.0,16.0,144.39277581567558,57.51994437638703,1.834944207828575,0
14.876432441460823,2.061049348720416,1.8140529977420266,1.766101512037163,344.4056799221395,1845.1713408687126,0.06666666666666667,96.78781159823356,123.01142272458084,178590.09610646096,0.6150571136229042,9921.672005914497,10.413502709022575,3.044597988630297,1.5807468685968105,13.458100697652872,29.0,11.0,264.3054220477393,80.10025787440019,3.0915740230806237,0
3.9621502880001076,1.0,1.0,1.0,374.4695025355885,2144.931523183703,0.07142857142857142,84.9024270773654,153.20939451312165,182109.89223304664,0.7149771743945678,10117.216235169259,2.773505201600075,0.4267643353714041,0.20878636980292803,3.2002695369714793,27.0,25.0,210.9537170532551,163.51578548233337,1.5,0
4.365730279570084,1.0,1.0,1.0,370.54734120189585,2080.5158043570013,0.07407407407407407,87.6976448580741,154.1122818042223,182456.33613211068,0.6935052681190005,10136.463118450592,3.0560111956990585,0.7849349497205809,0.628524607387684,3.8409461454196396,26.0,22.0,215.3899695299186,155.15737167197724,1.5,0
24.216202113402712,2.1934450106435452,1.4905566581361407,1.6326765140955783,245.4456406734128,1248.6955764728705,0.125,58.56073088608662,156.0869470591088,73124.52561247456,0.41623185882429015,4062.4736451374756,16.9513414793819,5.621869802232126,2.9844221414224004,22.573211281614025,15.0,18.0,97.09178909532672,148.3538515780861,3.290167515965318,0
11.85354197186222,1.0,1.0,1.0,52.869855952724805,211.47942381089922,0.25,10.433324172319676,52.869855952724805,2206.433384394492,0.07049314127029974,122.57963246636066,8.297479380303555,2.422329100112728,0.834668918146764,10.719808480416283,7.0,8.0,26.041308081045646,26.828547871679163,1.5,0
15.186422020952715,1.315892336982559,1.1719672652215696,1.0,179.2649013727268,947.4871074795324,0.2,14.274503750855995,189.49742149590648,13524.908269604282,0.3158290358265108,751.3837927557935,10.6304954146669,2.2984092877915434,0.885692493641931,12.928904702458443,9.0,29.0,84.10154303368682,95.16335833903997,1.9738385054738385,0
34.81838312962693,2.08875883934559,1.224223404647213,1.0,348.0346790253896,1983.9507076068173,0.08695652173913043,96.11554554857719,172.51745283537542,190688.504603115,0.6613169025356058,10593.805811284166,24.37286819073885,2.898394686344044,2.364874497607842,27.271262877082894,22.0,29.0,85.90137298381545,262.13330604157414,3.1331382590183847,0
26.581628110488936,2.7507960291436078,1.629810736349263,2.370440748979679,391.8666661688433,2164.4998090971167,0.2222222222222222,38.04675610739136,480.999957577137,82352.19633121316,0.7214999363657055,4575.122018400731,18.607139677342253,7.6363902328265025,3.262065595388066,26.243529910168757,8.0,37.0,30.42248314862541,361.4441830202179,4.126194043715412,0
55.634662831968754,7.2160722953617995,4.461478900000291,4.427681280244151,152.18501159410764,706.725308082235,0.3333333333333333,13.516081585875101,235.5751026940783,9552.156922842203,0.23557510269407833,530.6753846023446,38.944263982378125,15.246532417158484,6.986620218478251,54.19079639953661,5.0,19.0,44.05635890710683,108.12865268700081,10.8241084430427,0
31.88329923575493,3.5145497281651914,3.5122202945462195,2.5408412026025258,100.5322675778983,542.1018980117573,0.2857142857142857,6.381831101859514,154.88625657478778,3459.6027531085065,0.18070063267058575,192.20015295047259,22.31830946502845,7.289032368412386,4.728870085911293,29.607341833440834,6.0,35.0,23.95029435558414,76.58197322231416,5.271824592247787,0
1.4129110070583513,1.0,1.0,1.0,220.97271418850636,1062.294265194544,0.2857142857142857,22.149385815833412,303.51264719844113,23529.16552974121,0.35409808839818135,1307.1758627634006,1.0,0.34037207102511335,0.20424170418944068,1.3403720710251132,6.0,21.0,58.54388487239466,162.4288293161117,1.5,0
7.656222801745103,1.0,1.0,1.0,147.4325454494994,730.4097726968552,0.2857142857142857,12.268569511212064,208.68850648481575,8961.08306799997,0.24346992423228506,497.8379482222206,5.3593559612215715,2.07039309597517,0.7777690903618125,7.429749057196742,6.0,24.0,45.19446618939887,102.23807926010053,1.5,0
55.681173737662554,3.595614919288217,3.248768912327129,2.4429984038281103,110.57650019790968,531.5804824903247,0.10526315789473684,20.60884833016473,55.95584026213944,10955.261538918889,0.17719349416344157,608.6256410510493,38.976821616363786,12.02284526219696,4.701834821120511,50.999666878560745,18.0,9.0,87.67777983105998,22.8987203668497,5.393422378932326,0
7.907742066326677,1.0079178837137832,1.0,1.0,201.28843639518746,1130.176165334617,0.125,37.47254622523441,141.27202066682713,42350.578598159605,0.37672538844487236,2352.809922119978,5.535419446428674,1.732832986190782,0.5547390956327933,7.268252432619455,15.0,33.0,31.412893507458158,169.8755428877293,1.511876825570675,0
69.17716219159273,10.366966601825728,7.456583440241396,7.546590632352283,67.80763552372895,271.2305420949158,0.25,15.580093515515143,67.80763552372895,4225.797210102654,0.09041018069830527,234.7665116723697,48.424013534114906,6.997268965786494,4.866604147953208,55.4212824999014,7.0,8.0,27.744537912404297,40.06309761132465,15.550449902738592,0
3.2589929822195574,1.0,1.0,1.0,168.28575345978334,800.1798259180864,0.1,54.51882688333161,80.01798259180865,43624.86540476258,0.26672660863936215,2423.603633597921,2.28129508755369,0.7263328203436223,0.2165108197265195,3.0076279078973123,19.0,7.0,122.37516240013568,45.91059105964767,1.5,0
9.504540378066347,1.3461979755665312,1.0941896679879488,1.0,130.31947800105377,651.5973900052688,0.09523809523809523,37.964525547571704,62.05689428621608,24737.585759586073,0.21719913000175628,1374.310319977004,6.653178264646442,2.451998843157267,1.0045635717239603,9.105177107803708,20.0,11.0,84.76204734396771,45.557430657086044,2.019296963349797,0
33.165894404684735,1.9016388090109126,1.0655799101813694,1.581619797663043,352.4421856155453,1978.8606090570818,0.18181818181818182,42.27094473036814,359.7928380103785,83648.30743455455,0.6596202030190272,4647.128190808586,23.216126083279313,9.369949717747176,1.7425778718588072,32.58607580102649,10.0,38.0,22.728816718673794,329.71336889687154,2.852458213516369,0
14.147591483035173,1.191317306524523,1.0,1.0,84.43633125778192,387.1374125153997,0.1111111111111111,26.375434110361166,43.01526805726663,10210.917315455636,0.1290458041717999,567.2731841919798,9.90331403812462,2.866867301478565,1.1369966852167965,12.770181339603184,17.0,6.0,62.71538551983743,21.72094573794449,1.7869759597867847,0
4.217109276403236,1.0,1.0,1.0,223.22094506035768,1162.8591035235552,0.2,26.63034513879847,232.57182070471106,30967.339274626058,0.3876197011745184,1720.4077374792255,2.951976493482265,1.0284477338568745,0.37593079198821744,3.9804242273391397,9.0,27.0,57.5210197522783,165.69992530807937,1.5,0
9.406494388526738,1.1909649483067564,1.0,1.0,121.33407562522235,583.2959656702222,0.3333333333333333,8.728250491387788,194.43198855674075,5091.153298985631,0.19443198855674074,282.8418499436462,6.584546071968717,1.3398265059489691,0.6203729831746083,7.924372577917686,5.0,22.0,41.0341711044547,80.29990452076765,1.7864474224601345,0
32.103999973035734,4.4010871111955625,3.3394546818311506,3.2777520155306314,296.388250931644,1627.7207335946857,0.2,28.33502694405601,325.54414671893716,46121.51084380403,0.5425735778648952,2562.3061579891128,22.47279998112501,7.395738256253868,4.296387247715721,29.86853823737888,9.0,35.0,69.70803537919592,226.6802155524481,6.601630666793344,0
35.66640264116942,4.549158470560247,4.052389055683508,1.8255090634505806,210.13061241507637,1077.8193816008963,0.10526315789473684,68.36243194000292,113.45467174746277,73682.35411830731,0.3592731272002988,4093.4641176837395,24.966481848818592,8.885155152286151,2.507010211893922,33.85163700110474,18.0,16.0,81.00157430618195,129.1290381088944,6.8237377058403705,0
45.44990014333689,4.31042676693437,2.3225986587131904,1.4040873345851532,218.4908701173458,1199.9197615737103,0.07142857142857142,89.27976977644869,85.70855439812216,107128.56006351205,0.39997325385790344,5951.586670195114,31.814930100335822,6.1844511659600485,5.574636911411944,37.99938126629587,27.0,17.0,99.45117708208087,119.03969303526492,6.465640150401555,0
5.929785802431895,1.0,1.0,1.0,98.69364206238012,394.7745682495205,0.3333333333333333,13.62925476423333,131.59152274984015,5380.483165112933,0.13159152274984015,298.915731395163,4.150850061702326,0.45119951092253724,0.809501019561683,4.602049572624863,5.0,10.0,38.72492109975348,59.96872096262665,1.5,0
1.651954673130911,1.0,1.0,1.0,129.6380776592578,629.7793175135466,0.10526315789473684,35.534141720548256,66.29255973826807,22378.667521196523,0.2099264391711822,1243.2593067331402,1.1563682711916377,0.20333549517356922,0.1693293011785613,1.359703766365207,18.0,10.0,86.20746000080993,43.430617658447865,1.5,0
9.714063716471665,1.4390027998779318,1.0,1.0,407.1698857663075,2249.0280906708563,0.16666666666666666,49.84502219187519,374.83801511180934,112102.85508963952,0.7496760302236187,6227.936393868862,6.7998446015301655,2.407988603011728,1.136812187021796,9.207833204541894,11.0,34.0,89.97428999982904,317.1955957664785,2.158504199816898,0
26.159470833247433,2.7469401692957116,1.8641496419294596,1.386809427114799,290.6504417654607,1577.146248090514,0.2857142857142857,21.64196635410596,450.6132137401469,34132.546036679356,0.5257154160301714,1896.2525575932975,18.311629583273202,7.331562168567657,2.253741210738461,25.64319175184086,6.0,36.0,23.73285673148719,266.9175850339735,4.120410253943567,0
28.960395237314206,3.558229673130295,2.2770131639798903,3.005548051082704,407.5433997574713,2356.1549928707204,0.08695652173913043,72.81962626223867,204.8830428583235,171574.32599675347,0.7853849976235735,9531.906999819637,20.272276666119943,3.5717838922261604,4.004448516230137,23.844060558346104,22.0,32.0,189.08452097075528,218.458878786716,5.337344509695442,0
8.695356317586233,1.0,1.0,1.0,269.52490095411144,1558.2204041678242,0.08333333333333333,27.302850498217005,129.85170034731868,42543.85873826538,0.5194068013892748,2363.54770768141,6.086749422310363,2.478065288373748,0.49302732127395654,8.56481471068411,23.0,31.0,193.55175174168153,75.97314921242993,1.5,0
18.127012718076934,2.016056045566661,1.7437049517984637,1.4921462066033033,334.38849400345794,1877.4943690400746,0.16666666666666666,41.80651335269633,312.91572817334577,78491.49340888605,0.6258314563466916,4360.638522715892,12.688908902653854,3.1247994010308573,2.081279411556306,15.813708303684711,11.0,37.0,45.54349265755606,288.8450013459019,3.0240840683499917,0
13.382079872540624,1.8332553064459307,1.5219314292401553,1.0889061507738225,222.25509638706853,1068.459131568761,0.2857142857142857,25.8215307231315,305.27403759107455,27589.25029221316,0.3561530438562537,1532.7361273451756,9.367455910778435,3.9910668231616744,1.1514238387523144,13.35852273394011,6.0,21.0,32.89720441743753,189.357891969631,2.749882959668896,0
27.17908358606425,1.7652833222788067,1.398557392275695,1.561678207834149,108.34292979028068,580.4528806841146,0.08333333333333333,34.22589779910434,48.37107339034288,19866.52097149021,0.19348429356137153,1103.6956095272337,19.025358510244974,5.403158849806142,3.135207773558686,24.428517360051117,23.0,17.0,54.77195932211737,53.57097046816331,2.64792498341821,0
23.30912389708593,2.545522159844751,1.6962193171796336,1.4809334721103136,135.85690726473737,712.9672015259689,0.1111111111111111,31.004444072711838,79.21857794732988,22105.151725389773,0.23765573384198962,1228.0639847438763,16.31638672796015,2.0850266115289955,2.80036122107919,18.401413339489146,17.0,20.0,59.25769249686106,76.5992147678763,3.8182832397671262,0
15.579377677027743,1.1725344605193568,1.0,1.0,192.3667533101505,1085.6902913763604,0.1,25.64759086380368,108.56902913763605,27845.340398024695,0.36189676379212016,1546.9633554458164,10.90556437391942,3.687150352159667,1.7703318260090792,14.592714726079087,19.0,30.0,108.67461470194904,83.69213860820147,1.7588016907790354,0
182.15268117502563,20.45603343470706,12.768131188743018,13.251862522357692,268.24489974673725,1464.4646872155292,0.15384615384615385,40.49440989264498,225.30225957161989,59302.63331740977,0.48815489573850973,3294.590739856098,127.50687682251794,24.50371762338384,25.77182251227381,152.01059444590177,12.0,31.0,52.27471365263069,215.97018609410657,30.68405015206059,1
3.630586260274616,1.0,1.0,1.0,197.43995326010196,1114.3227023158588,0.1111111111111111,29.86156024456213,123.81363359065097,33275.414507088295,0.3714409007719529,1848.634139282683,2.541410382192231,0.7174099547348404,0.4294810837608849,3.2588203369270716,17.0,32.0,81.50683701650779,115.93311624359416,1.5,0
129.72041587202264,17.5054802704701,10.020057698110671,12.384133769912733,287.34677885102786,1473.8829527344183,0.3333333333333333,22.097528171955844,491.2943175781394,32569.17007021427,0.4912943175781394,1809.398337234126,90.80429111041585,15.008557099973608,14.213184743466742,105.81284821038946,5.0,29.0,22.176440787557734,265.1703380634701,26.258220405705146,0
13.54327481866821,1.6069414550834495,1.0,1.0,118.70637160721111,622.9624335785417,0.18181818181818182,15.580966686492712,113.2658970142803,9706.356924523687,0.20765414452618056,539.242051362427,9.480292373067748,3.1201734416574127,0.8733008834830464,12.60046581472516,10.0,27.0,31.45295816285193,87.25341344435918,2.4104121826251745,0
75.92421795564142,5.666283335948789,4.209510746885747,1.7063191980636947,289.56143477055605,1590.2288621223413,0.10526315789473684,83.51240674804883,167.39251180235172,132803.83955604784,0.5300762873741137,7377.991086447102,53.146952568949,5.444901659784017,5.979585866618326,58.59185422873301,18.0,26.0,39.02421452640958,250.53722024414648,8.499425003923182,0
18.404440632744087,1.0556948265953083,1.0,1.0,157.13257665604638,857.8545573139685,0.08,26.08857767340276,68.62836458511748,22380.205250968007,0.28595151910465616,1243.3447361648894,12.88310844292086,3.4996922134959028,0.9841458306044926,16.382800656416762,24.0,19.0,113.65161386704179,43.4809627890046,1.5835422398929624,0
13.177045986391962,1.2199104906827947,1.0,1.0,93.67906435041955,480.50643381590163,0.08333333333333333,31.138746396449385,40.0422028179918,14962.367984455652,0.16016881127196722,831.2426658030918,9.223932190474372,0.9984121438251301,1.177740447765403,10.222344334299502,23.0,11.0,61.186459414994104,32.49260493542545,1.8298657360241921,0
9.006493124942658,1.1878570703220033,1.1841992893695303,1.0,407.50267716627775,2299.8865068746677,0.08333333333333333,106.3776513186407,191.6572089062223,244656.52490075995,0.7666288356248893,13592.02916115333,6.30454518745986,2.5041874744893793,0.5556072592582495,8.80873266194924,23.0,26.0,157.74645233120825,249.7562248350695,1.7817856054830048,1
6.844071192991757,1.0,1.0,1.0,288.4151827466259,1659.79693062275,0.1,61.08086140500909,165.97969306227503,101381.82627982768,0.5532656435409167,5632.323682212649,4.79084983509423,0.6096878181430726,0.8717263085008894,5.400537653237302,19.0,34.0,63.38043020185555,225.03475254477033,1.5,0
32.82895121857965,3.6132539272864714,2.103967925980605,2.139929081352747,151.96121758218166,656.7654556017224,0.3333333333333333,23.170475660278477,218.92181853390744,15217.568003531413,0.21892181853390746,845.4204446406341,22.98026585300575,4.6516452717710575,2.78643952688776,27.631911124776806,5.0,14.0,12.938363620510774,139.02285396167088,5.419880890929707,0
49.8492469611472,3.868066389057632,2.2070794132687537,1.5034171040364714,215.1474040524625,1220.407587006569,0.09090909090909091,51.58356252918041,110.94614427332445,62952.971075439535,0.40680252900218966,3497.387281968863,34.894472872803036,5.604264409457848,5.925553006557084,40.49873728226088,21.0,29.0,67.76579682623272,147.38160722622976,5.802099583586449,0
1.7412125062690478,1.0,1.0,1.0,215.15131678395002,1085.3080371571853,0.2,36.76215569736987,217.06160743143707,39898.26304157933,0.3617693457190618,2216.5701689766297,1.2188487543883333,0.40055683912608525,0.23907745056830082,1.6194055935144185,9.0,23.0,19.08648639797738,196.06483038597264,1.5,0
29.835768231783966,4.1405997303181605,3.326504084491324,1.8457517345574341,482.9400876227611,2886.6680900008205,0.08333333333333333,106.46533921669928,240.55567416673503,307330.09740795876,0.9622226966669402,17073.894300442153,20.885037762248775,1.975629061434082,3.3047973011162,22.860666823682855,23.0,39.0,112.62586426032887,370.31422336243224,6.21089959547724,1
14.043986579706564,1.4156651396405777,1.0,1.0,147.68504575881101,615.8355646488179,0.15384615384615385,42.35252645789964,94.74393302289506,26082.192045504627,0.20527852154960596,1449.0106691947014,9.830790605794594,1.3884617020206318,1.0187275763890975,11.219252307815225,12.0,5.0,105.33251930091137,42.35252645789964,2.1234977094608665,0
27.897980340962473,3.916805089157936,3.7440453816220267,2.8282559327134207,268.12185187203943,1583.76644530009,0.08333333333333333,49.83272215987738,131.98053710834083,78923.39323477601,0.5279221484333634,4384.632957487556,19.52858623867373,5.912113356368393,1.7779546812560167,25.440699595042123,23.0,36.0,107.79048492286877,160.33136694917067,5.8752076337369035,0
45.37072995320091,5.52709882806829,4.932498939877656,4.882104758280022,194.01162555055325,1046.1722686778774,0.2857142857142857,11.581647973839502,298.9063624793935,12116.398935820213,0.34872408955929246,673.133274212234,31.759510967240633,4.868376272114094,4.179646985202187,36.62788723935473,6.0,35.0,55.03184986447923,138.97977568607402,8.290648242102435,0
69.41808072581388,8.142601034766427,7.8346583454855265,2.5565058653373627,370.40305084595445,2230.703411262218,0.07142857142857142,59.935640097297416,159.3359579473013,133698.63682122593,0.7435678037540727,7427.702045623662,48.592656508069716,15.70700973616211,3.6273302202348585,64.29966624423183,27.0,37.0,201.69532316467286,168.70772768128163,12.21390155214964,0
37.20948815440889,5.166453109166482,3.941103227089041,2.07315894286893,213.34661687470208,1014.4391622063786,0.25,29.347205939176384,253.60979055159464,29770.955006036147,0.3381463874021262,1653.941944779786,26.04664170808622,3.4116130310745283,2.667720757135844,29.458254739160747,7.0,19.0,45.648297222265626,167.69831965243645,7.749679663749722,0
84.51419883616823,5.996839586424292,4.971973985697355,3.532825463947002,204.11855994822292,1127.461512255147,0.06666666666666667,50.023178664071736,75.1641008170098,56399.208664403726,0.375820504085049,3133.2893702446513,59.15993918531776,18.096765307324667,4.423143615646541,77.25670449264243,29.0,16.0,145.47069530758708,58.64786464063583,8.995259379636437,0
26.26551010130556,3.5526562692536023,1.9642373022064212,2.6771047093720646,155.36976469132208,790.43790452091,0.2,13.307347123556061,158.087580904182,10518.631575076013,0.26347930150697,584.3684208375563,18.38585707091389,4.38836567922031,2.9107589829086984,22.7742227501342,9.0,24.0,81.44005844934397,73.92970624197812,5.328984403880403,0
22.857273413346373,1.6446629324498687,1.0,1.0,65.85082562482438,293.657253904713,0.11764705882352941,41.83598982107857,34.54791222408388,12285.44188524346,0.097885751301571,682.5245491801921,16.00009138934246,1.2818828795777633,2.725035044166229,17.281974268920226,16.0,5.0,34.47383325901545,31.376992365808928,2.466994398674803,0
26.397716792596025,3.46186485610216,3.3414036372771316,2.701239554064169,249.38514603911676,1336.0938890838436,0.06666666666666667,45.120978669083065,89.07292593892291,60285.86386924434,0.44536462969461454,3349.2146594024634,18.478401754817217,5.352392908009699,3.2081454709729167,23.830794662826914,29.0,11.0,212.04364645091007,37.34149958820667,5.19279728415324,0
33.54025421751976,2.6640992206804857,1.495940452118167,1.7067931973276156,165.66769786362434,820.7502975062553,0.1111111111111111,31.79592144161912,91.19447750069503,26096.511982694414,0.2735834325020851,1449.8062212608008,23.47817795226383,6.040395829924075,3.631843348812697,29.518573782187907,17.0,13.0,113.29794490095755,52.36975296266679,3.9961488310207285,0
6.953189005345629,1.0,1.0,1.0,168.84306263379048,892.4034978841338,0.15384615384615385,25.973124470891875,137.2928458283283,23178.5071288039,0.2974678326280446,1287.6948404891054,4.86723230374194,0.896652973972223,0.6453083719272819,5.763885277714163,12.0,26.0,51.96400251477705,116.87906011901343,1.5,0
11.851001407749576,1.1831032566077513,1.001572206841269,1.0,110.74481541733891,631.2941443832027,0.14285714285714285,12.961789639176615,90.18487776902896,8182.701899939063,0.21043138146106757,454.5945499966146,8.295700985424704,2.9664981383414495,1.0096966572420865,11.262199123766154,13.0,38.0,32.97407758227922,77.77073783505969,1.774654884911627,0
8.631189817439136,1.2601039919949348,1.0,1.0,326.42284230548967,1823.059333654975,0.15384615384615385,46.36360779707652,280.47066671615005,84523.60793637892,0.6076864445516583,4695.755996465496,6.041832872207395,1.3665045094371115,0.67246683766974,7.408337381644506,12.0,35.0,48.24119552303057,278.1816467824591,1.8901559879924021,0
17.538606949102054,1.0157397430929787,1.0,1.0,134.6006890350747,653.8875892634691,0.125,51.22790602439925,81.73594865793363,33497.29197330997,0.21796252975448968,1860.9606651838872,12.277024864371437,3.2487038081602826,2.3799900099496734,15.52572867253172,15.0,13.0,38.97526445619609,95.62542457887861,1.523609614639468,0
9.887615567176208,1.0,1.0,1.0,156.3442547743037,675.7086271832908,0.16666666666666666,31.979005274367978,112.61810453054846,21608.4897526304,0.22523620906109693,1200.4716529239113,6.921330897023346,2.8535026834940114,1.1175616635305556,9.774833580517356,11.0,8.0,104.01497341624699,52.32928135805669,1.5,0
8.579966359936847,1.2655853936795292,1.0,1.0,217.05768992929546,1139.1030229844562,0.10526315789473684,80.86565679899046,119.90558136678486,92114.31411535357,0.3797010076614854,5117.461895297421,6.005976451955792,1.8811025023517587,0.8250704111357969,7.887078954307551,18.0,19.0,37.35623037598332,179.70145955331213,1.8983780905192937,0
39.37088150558461,2.3440775273136074,1.8181199730349058,1.0,242.26374885535208,1242.639332625178,0.1111111111111111,71.33470153539014,138.0710369583531,88643.30590895347,0.41421311087505935,4924.62810605297,27.55961705390923,2.440282094699368,3.866859862308785,29.9998991486086,17.0,17.0,91.20202795687882,151.06172089847325,3.516116290970411,0
38.54896378100429,4.672516043460578,4.05072569507544,1.4464680809282817,303.5330263256602,1569.2429815644782,0.1,86.1444119660032,156.92429815644783,135181.5138786496,0.5230809938548261,7510.084104369422,26.984274646703,9.954480012656521,2.6843317889821128,36.93875465935952,19.0,16.0,149.3798680707071,154.1531582549531,7.008774065190867,0
5.281134847532026,1.0,1.0,1.0,420.9850348438704,2506.627541195463,0.08333333333333333,93.75316937835512,208.88562843295523,235004.27643814808,0.835542513731821,13055.793135452672,3.696794393272418,0.4918412345155882,0.2869003376680224,4.188635627788006,23.0,38.0,103.03950390857908,317.9455309352913,1.5,0
10.883204560833935,1.3885840853227587,1.3346686918799757,1.04248664459257,97.63884448269735,414.7627338588895,0.3333333333333333,13.688797714962487,138.25424461962982,5677.6031634991605,0.13825424461962982,315.4223979721756,7.618243192583754,2.368497821694371,0.9027408321565099,9.986741014278124,5.0,13.0,20.981577278907416,76.65726720378993,2.082876127984138,0
2.777146785375948,1.0,1.0,1.0,479.4739159930924,2887.568278863509,0.06666666666666667,77.51029106239056,192.50455192423394,223816.25775723674,0.9625227596211696,12434.236542068707,1.9440027497631633,0.7371289171293424,0.14315441662229075,2.681131666892506,29.0,35.0,287.0345726657779,192.43934332731453,1.5,0
9.385555319899046,1.119345220573726,1.0941248311718925,1.0,272.41432437383554,1439.8192744953308,0.14285714285714285,59.81800393397219,205.68846778504724,86127.11502597069,0.47993975816511025,4784.839723665038,6.569888723929332,2.559076555258765,0.5818287057049353,9.128965279188098,13.0,25.0,33.14230863794676,239.2720157358888,1.679017830860589,0
2.7625848415091263,1.0,1.0,1.0,279.18581625485467,1485.806839220772,0.07692307692307693,86.53606636129535,114.29283378621324,128575.87923887522,0.495268946406924,7143.1044021597345,1.9338093890563883,0.246770829425145,0.1820388046137246,2.1805802184815333,25.0,14.0,175.34253662130027,103.84327963355442,1.5,0
36.21715155221157,5.023046011284256,2.8343760521774666,1.8229521557963317,190.67577788963362,944.6452353009702,0.07692307692307693,41.52846124200103,72.66501810007463,39229.66304163728,0.3148817451003234,2179.4257245354042,25.352006086548098,6.112819336972193,4.476361784657531,31.464825423520292,25.0,5.0,170.74211649347313,19.933661396160495,7.534569016926384,0
15.851492196163269,1.9187312523726958,1.1374273645225943,1.344344245342085,283.36942427566856,1582.607608430552,0.08333333333333333,89.71130869938399,131.88396736921266,141977.7997099071,0.5275358694768507,7887.655539439283,11.096044537314288,2.5253727630891256,1.02937857123716,13.621417300403413,23.0,24.0,88.34484014657295,195.02458412909562,2.8780968785590435,0
42.250503820168774,3.6659475510598636,2.5133721571196994,2.556248870900178,397.19768741991345,2168.4736135498893,0.09523809523809523,94.79970902084033,206.52129652856087,205570.66758389966,0.722824537849963,11420.59264354998,29.57535267411814,7.135422251825232,3.1597552274513445,36.71077492594337,20.0,23.0,169.6783857698967,227.51930165001679,5.498921326589795,1
17.884463824818145,1.1108996288080968,1.0,1.0,196.3441667239627,1030.3999546548382,0.09523809523809523,47.13023077732928,98.1333290147465,48562.98765583215,0.3434666515516127,2697.9437586573417,12.5191246773727,1.4351781394944683,1.2671582272832984,13.954302816867168,20.0,17.0,111.50975132476998,84.83441539919271,1.666349443212145,0
4.073768353210406,1.0,1.0,1.0,342.245272129901,1845.4951437697234,0.09523809523809523,90.70263784961561,175.76144226378318,167391.27767856952,0.6151650479232411,9299.515426587195,2.851637847247284,0.9049319075373727,0.25735742247438415,3.756569754784657,20.0,21.0,142.69946886074666,199.54580326915436,1.5,0
14.611074260677627,1.6570676574480965,1.083565875727765,1.1070418188461868,239.29853118950524,1430.3543062020483,0.06666666666666667,57.31155956531802,95.35695374680321,81975.83601940783,0.4767847687340161,4554.2131121893235,10.227751982474338,2.919785131109623,1.9757453928025415,13.147537113583962,29.0,33.0,104.91280531220781,134.38572587729743,2.4856014861721447,0
16.639611157567597,1.9862068230462757,1.4746063905360143,1.0,71.75056749074577,304.7912097491298,0.2,23.378800393043264,60.95824194982596,7125.6528542790875,0.1015970699163766,395.8696030155049,11.647727810297317,4.117183406886602,1.1226391914488778,15.764911217183919,9.0,9.0,19.797677728427402,51.952889762318364,2.9793102345694136,0
31.532877893720528,3.229138875639264,1.8416883791299319,2.237897126625833,204.15396305938674,981.440559171109,0.2222222222222222,35.7690685258364,218.09790203802422,35105.2146150266,0.32714685305703634,1950.289700834811,22.073014525604368,8.915108047357554,3.5013762087830056,30.98812257296192,8.0,19.0,25.30862043020472,178.84534262918203,4.843708313458896,0
3.2761888511102857,1.0,1.0,1.0,168.6627559053932,941.9751669999067,0.07142857142857142,42.860008165875456,67.28394049999334,40373.0633496679,0.31399172233330225,2242.947963870439,2.2933321957771997,0.4452230163346326,0.18333872345099492,2.7385552121118324,27.0,20.0,101.99163209180915,66.67112381358405,1.5,0
13.19810002345612,1.0,1.0,1.0,273.00993027716214,1599.2869830447194,0.07692307692307693,28.85476387522284,123.02207561882457,46147.04826447289,0.5330956610149065,2563.724903581827,9.238670016419285,2.9678054896762545,1.4448437989386367,12.20647550609554,25.0,32.0,196.83335364657384,76.1765766305883,1.5,0
44.745512267796336,3.2965744207820036,2.2853908215802647,1.5304395983555612,494.5793161035584,2989.4323098126742,0.07142857142857142,114.0307408539179,213.53087927233386,340887.18102057825,0.9964774366042247,18938.176723365457,31.321858587457434,8.337855423366447,4.203721874396222,39.65971401082388,27.0,38.0,165.15717585890675,329.4221402446517,4.944861631173005,1
31.910028713977745,4.22020523418079,3.307747911004331,3.0517971701555915,304.5480364840044,1691.6391282543652,0.06896551724137931,119.60820276793437,116.66476746581829,202333.91586241985,0.5638797094181217,11240.773103467769,22.33702009978442,9.126225893566422,3.8337762505775563,31.463245993350846,28.0,18.0,142.22261844180775,162.32541804219665,6.3303078512711854,1
14.922948466210235,1.9345594802050476,1.721619947838543,1.0432049148664404,109.36275796880633,507.8649205242764,0.18181818181818182,9.639430155562575,92.33907645895934,4895.5284298541,0.16928830684142546,271.9738016585611,10.446063926347163,3.6892694773161905,1.3848252075957914,14.135333403663353,10.0,14.0,80.4444675021186,28.91829046668773,2.9018392203075716,0
12.084332897176248,1.217135070092001,1.120132699518032,1.0,219.15139748109777,1124.0895412395507,0.2222222222222222,29.43319101377843,249.79767583101125,33085.542183894264,0.3746965137465169,1838.0856768830147,8.459033028023374,1.2598600006158607,1.2455327812045125,9.718893028639235,8.0,26.0,20.477358138093372,198.6740393430044,1.8257026051380014,0
20.244540520439934,2.6657446953599426,1.9662248933162039,1.739166405906234,156.34424114232385,820.4832446592599,0.13333333333333333,33.15526534163965,109.39776595456799,27203.3396850472,0.27349441488641996,1511.296649169289,14.171178364307952,2.54160401327242,2.570860991953485,16.71278237758037,14.0,23.0,42.66904568527363,113.67519545705022,3.998617043039914,0
47.34729379550265,7.044178064041595,6.754063136439755,2.953494143295355,186.82635874099458,878.166037021847,0.11764705882352941,34.83514699073552,103.31365141433494,30591.04298192773,0.2927220123406157,1699.502387884874,33.14310565685185,8.31708016702717,5.376000726965793,41.46018582387902,16.0,9.0,143.2824250025752,43.5439337384194,10.566267096062392,0
26.22784152809924,1.6959791481434747,1.4105109754539862,1.4576943657412749,125.78840170554064,591.2607994582098,0.13333333333333333,33.37120098499755,78.83477326109464,19731.08297327025,0.1970869331527366,1096.1712762927918,18.35948906966947,2.8315987637259794,2.486789463644686,21.191087833395446,14.0,11.0,68.58062858840198,57.20777311713866,2.543968722215212,0
43.01017012707173,3.414407961652353,2.3345181678251685,2.1467286543649213,78.64330884839316,350.7044580727828,0.3333333333333333,8.511589087520468,116.90148602426093,2985.052238277078,0.11690148602426094,165.83623545983767,30.10711908895021,6.412779008273718,5.78200161337862,36.51989809722393,5.0,16.0,20.764503053253975,57.878805795139186,5.12161194247853,0
32.44695744421224,4.0625004801846645,3.445419705484208,1.563792938125205,166.46693664459082,846.8943544761302,0.08333333333333333,62.887260493820264,70.57452953967751,53258.86588068616,0.28229811815871003,2958.825882260342,22.712870210948566,5.6931806619469025,4.222903191454471,28.40605087289547,23.0,10.0,106.31390486789319,60.153031776697645,6.093750720276997,0
51.5759484382658,6.46787849748112,6.005905716239898,3.657030291486869,251.24632014868808,1410.6751870365601,0.09090909090909091,68.86528932397722,128.24319882150547,97146.5548974284,0.47022506234552003,5397.0308276349115,36.10316390678606,14.690771955978667,7.31717791725972,50.79393586276473,21.0,27.0,67.60554861808214,183.64077153060595,9.70181774622168,0
26.937190437149635,2.319975667314568,1.9450883805360983,1.0814702957283173,88.3402555135346,388.0184434248255,0.2,15.35238876148497,77.6036886849651,5957.009990084182,0.12933948114160848,330.94499944912127,18.856033306004743,1.8362002547851417,2.1022462247348725,20.692233560789884,9.0,11.0,47.40055214957467,40.93970336395992,3.479963500971852,0
11.728691116344612,1.0,1.0,1.0,491.66230935120046,2880.1484641998654,0.07407407407407407,107.59314271188836,213.3443306814715,309884.2247400822,0.9600494880666218,17215.7902633379,8.210083781441227,2.975633913642842,0.8232239161656978,11.185717695084069,26.0,31.0,226.81765036809065,264.8446589831098,1.5,1
8.067341879982791,1.0,1.0,1.0,150.8838788599361,662.7298899329372,0.2857142857142857,21.49671819692432,189.35139712369633,14246.517684567023,0.22090996331097906,791.4732046981679,5.647139315987953,1.351411744956886,0.7113113856130463,6.998551060944839,6.0,14.0,43.40028787531449,107.4835909846216,1.5,0
15.933533520714034,1.0785277729177758,1.0301470485937685,1.0,229.39282187234255,1090.7370618068123,0.2857142857142857,26.802637981419238,311.6391605162321,29234.63060052489,0.36357902060227076,1624.146144473605,11.153473464499823,4.311543423206362,2.3660936274647555,15.465016887706184,6.0,20.0,41.774356002407885,187.61846586993465,1.6177916593766637,0
11.413138948904603,1.5736539763642265,1.0,1.3803598742679495,106.56994472728394,537.5808024826665,0.16666666666666666,20.063975856694782,89.59680041377774,10786.008242034828,0.1791936008275555,599.222680113046,7.989197264233222,0.706571038155171,0.9296725906987867,8.695768302388393,11.0,21.0,26.314041300504808,80.25590342677913,2.3604809645463396,0
27.37297636223774,3.1304286562392494,2.8609474077391472,1.6178034509856407,155.4831866870118,671.987152825213,0.13333333333333333,30.494681380081666,89.59828704336174,20492.034116913117,0.22399571760840434,1138.4463398285066,19.161083453566416,5.2256475879820306,3.9271116589575144,24.386731041548448,14.0,5.0,129.3448883612275,26.138298325784284,4.695642984358874,0
4.896895132316772,1.0,1.0,1.0,284.3178704611731,1579.2688735963586,0.08333333333333333,36.289705843606555,131.60573946636322,57311.20287077572,0.5264229578654529,3183.9557150430956,3.4278265926217406,1.0402704903306081,0.5424610409950118,4.468097082952349,23.0,23.0,208.58283217886373,75.73503828230933,1.5,0
3.600428756579264,1.0,1.0,1.0,168.17814789439336,906.8699570216005,0.16666666666666666,12.436250046244403,151.1449928369334,11278.061544947539,0.30228998567386683,626.5589747193077,2.5203001296054848,1.0120163062245506,0.24705505654652826,3.5323164358300354,11.0,30.0,98.08292036101581,70.09522753337755,1.5,0
27.00336009564341,3.0003223822801806,2.1196476384598077,2.629263730776534,103.55262626581373,447.54700475759137,0.16666666666666666,23.595333364638247,74.59116745959855,10560.020773600707,0.14918233491919713,586.6678207555948,18.902352066950385,5.065016970558209,3.4308079781055563,23.967369037508593,11.0,8.0,64.94208076004205,38.610545505771675,4.50048357342027,0
64.39552161339931,8.70881269583499,7.156221188128312,4.176550171855025,129.90027718249968,686.5752132512049,0.08695652173913043,28.91215275720809,59.70219245662651,19850.367444831558,0.2288584044170683,1102.798191379531,45.07686512937951,16.648291648480974,3.2773178788881494,61.72515677786049,22.0,16.0,85.21785928499625,44.68241789750341,13.063219043752484,0
333.4597921921734,17.455931477514476,12.580035929914327,8.828789030494555,298.6316626360296,1620.4544655999748,0.3333333333333333,17.94847927809426,540.1514885333249,29084.693396916457,0.540151488533325,1615.816299828692,233.42185453452134,98.06875930057538,40.08044590959215,331.4906138350967,5.0,37.0,25.81477760899684,272.81688502703275,26.183897216271713,0
3.537594831840428,1.0,1.0,1.0,158.05172822715187,783.0192888332249,0.3333333333333333,12.75677518616186,261.00642961107496,9988.80103407379,0.26100642961107495,554.9333907818772,2.4763163822882994,0.4572970285107741,0.47181482281765164,2.9336134107990737,5.0,25.0,25.381266291068524,132.67046193608334,1.5,0
54.3597895610705,2.7891030963110572,1.6431623219864575,1.1805636232724093,456.44097862691075,2638.849485435392,0.08695652173913043,94.09831166117148,229.46517264655583,248311.2813074215,0.8796164951451307,13795.07118374564,38.05185269274935,16.21132307889516,5.980009237536411,54.26317577164451,22.0,32.0,174.1460436433963,282.29493498351445,4.183654644466586,0
50.65820521136889,6.605812719110382,6.429280999007894,5.22601089268686,262.41322971204545,1441.134908111967,0.18181818181818182,26.863473595419048,262.02452874763037,38713.88955150248,0.480378302703989,2150.771641750138,35.46074364795822,4.7600402850967605,6.239102849502562,40.220783933054975,10.0,34.0,74.36891454411212,188.04431516793332,9.908719078665573,0
22.53045158558472,1.4637242780699795,1.2107484799231414,1.0667193866851366,130.436710130844,509.6019561323088,0.25,30.269019744036978,127.4004890330772,15425.151671768721,0.1698673187107696,856.9528706538179,15.771316109909304,4.985020368956598,2.8199126784325057,20.7563364788659,7.0,7.0,61.25037928733092,69.18633084351309,2.1955864171049693,0
3.717240683760242,1.0,1.0,1.0,156.48041785564357,752.2569069839586,0.08695652173913043,65.81594893145908,65.41364408556161,49510.50217339358,0.25075230232798623,2750.5834540774213,2.6020684786321695,0.7913351905474074,0.2642336889693695,3.393403669179577,22.0,5.0,120.580809347575,35.89960850806858,1.5,0
116.5434171601195,7.41986147082131,5.3008840183863475,4.392967073371201,288.33641332170055,1454.4825077568946,0.07407407407407407,85.45652778748133,107.73944501902922,124295.0248405326,0.48482750258563156,6905.279157807367,81.58039201208365,9.626854145228599,10.607050038875665,91.20724615731226,26.0,6.0,242.32135989767212,46.01505342402841,11.129792206231965,0
107.38764200012302,9.936944029904016,9.625247352149401,4.820940221529405,411.97217518885464,2300.84914977028,0.15384615384615385,52.724811304168846,353.97679227235074,121311.83726099532,0.7669497165900933,6739.54651449974,75.17134940008611,7.7697086378474625,9.53882068741622,82.94105803793357,12.0,35.0,95.62330736384158,316.3488678250131,14.905416044856024,0
372.5363381664568,50.0,37.13757483881165,27.788675544217156,124.52405100807239,585.3177952221707,0.18181818181818182,12.036212586753635,106.42141731312195,7045.009414103978,0.19510593174072358,391.38941189466544,260.7754367165197,74.70870418726687,29.616723341419593,335.4841409037866,10.0,15.0,86.00817073046076,38.51588027761163,75.0,1
15.851269558955371,1.1582563000374928,1.0180777702410653,1.0,157.90193555562905,782.2771865326436,0.13333333333333333,42.48725899188467,104.30362487101914,33236.8134276553,0.26075906217754785,1846.4896348697391,11.09588869126876,2.446071793891306,1.2926874448555838,13.541960485160066,14.0,16.0,54.718592289623444,103.18334326600562,1.7373844500562392,0
57.34081371324775,4.919842263762424,3.380144830060823,3.3580545675803215,120.30266709114028,458.0349516861103,0.25,26.290525409018134,114.50873792152757,12041.979535522076,0.15267831722870343,668.9988630845597,40.138569599273424,4.0704906351548455,6.904761877948776,44.20906023442827,7.0,6.0,67.721616273104,52.58105081803627,7.379763395643637,0
62.16384380903593,4.563235065143747,4.329548684373104,3.5631596917987802,361.7942124383545,1938.3313081083272,0.11764705882352941,74.31934951546839,228.03897742450908,144055.5219640778,0.6461104360361091,8003.084553559878,43.51469066632515,14.795978881830397,4.957418156590255,58.310669548155545,16.0,24.0,129.5462452025158,232.24796723583873,6.8448525977156205,0
6.661850475613516,1.0,1.0,1.0,208.82105042472426,1095.8777359101007,0.09090909090909091,71.50962679412203,99.62524871910007,78365.80790691872,0.3652925786367002,4353.655994828818,4.663295332929461,0.5113713684969657,0.874007717620036,5.1746667014264265,21.0,16.0,93.04355942471717,115.77749100000709,1.5,0
55.08913217238704,5.623583319868312,3.364704779233292,3.1252582647863036,179.59569294506832,872.4724631339088,0.16666666666666666,37.9285784433259,145.4120771889848,33091.64025761622,0.2908241543779696,1838.4244587564567,38.562392520670926,13.939503468882807,7.782832240842177,52.50189598955373,11.0,17.0,55.46579985781995,124.12989308724838,8.435374979802468,0
62.1242385221258,3.8126120426660997,2.7401281061922895,3.057825244030175,335.1706503027074,1829.8412459018252,0.2,35.169770552630595,365.9682491803651,64355.09676610689,0.6099470819672751,3575.2831536726053,43.48696696548806,4.683100453535746,8.50127598052763,48.1700674190238,9.0,34.0,61.627990448913835,273.5426598537935,5.7189180639991495,0
53.24310299376301,7.953986448552431,4.989539905922502,2.708383777882011,110.71588623847092,572.3928283211136,0.07407407407407407,49.11506039360483,42.39946876452693,28113.108331857773,0.1907976094403712,1561.8393517698762,37.2701720956341,12.168890276193684,7.176316366591236,49.43906237182779,26.0,9.0,72.93507055108259,37.78081568738833,11.930979672828647,0
1.0,1.0,1.0,1.0,373.1037309757987,2147.1699984031848,0.1,58.57740300664635,214.7169998403185,125775.64232024355,0.7157233328010616,6987.535684457976,1.0,0.26751529561659976,0.10924957451260373,1.2675152956165998,19.0,34.0,157.29224621447005,215.81148476132867,1.5,0
3.6446210458322064,1.0,1.0,1.0,138.56501888669695,737.4330669817105,0.14285714285714285,15.529533180721955,105.3475809973872,11451.991282254028,0.2458110223272368,636.2217379030016,2.5512347320825444,0.9606601708409773,0.3066095386375273,3.5118949029235216,13.0,26.0,74.05772721292882,64.50729167376812,1.5,0
196.80867170660102,24.138649069240216,14.627427124434918,13.203636746955228,150.43216941844142,680.4892385483848,0.125,27.280848914774783,85.0611548185481,18564.324104968622,0.22682974618279494,1031.3513391649235,137.7660701946207,46.74156805263555,23.797642407666185,184.50763824725627,15.0,7.0,121.33259724268164,29.099572175759768,36.207973603860324,1
289.7541856443814,37.15477220881654,23.74437010444838,31.043740398028106,111.55189770563335,524.3429706095711,0.09523809523809523,37.788215572519164,49.937425772340106,19813.985207329555,0.17478099020319038,1100.7769559627532,202.82792995106695,28.13503412255243,16.43671791644856,230.9629640736194,20.0,5.0,88.87896836212185,22.6729293435115,55.73215831322481,1
21.8653067461692,3.0015521854981744,2.892715881409488,1.1723443459756364,246.548957382684,1209.7887603381776,0.08333333333333333,67.28660004721092,100.81573002818146,81402.57245848606,0.40326292011272585,4522.365136582559,15.305714722318438,3.68276731740311,2.173488493575725,18.988482039721546,23.0,6.0,205.5918964843817,40.9570608983023,4.502328278247262,0
121.72063831321533,10.36637552524447,6.677616534483741,7.461246109381683,247.27430157248585,1188.7353307628462,0.2222222222222222,37.93045160523754,264.163406836188,45089.26793493618,0.39624511025428205,2504.9593297186766,85.20444681925073,16.86662318772957,15.052989672597596,102.0710700069803,8.0,19.0,57.62204354629812,189.65225802618772,15.549563287866704,0
11.586463830380692,1.6616995652616346,1.1699064855117043,1.1338147193627057,201.66759544695617,1132.3050333950682,0.06896551724137931,30.6638216377722,78.09000230310815,34720.79958357807,0.3774350111316894,1928.9333101987816,8.110524681266485,1.9046229717107213,1.211184112233869,10.015147652977205,28.0,20.0,155.67186299029788,45.9957324566583,2.492549347892452,0
18.650228248740117,1.3285731525646154,1.324239648939448,1.0,399.4085469487852,2276.8043447918762,0.11764705882352941,69.63789043554827,267.85933468139723,158551.85150579695,0.7589347815972921,8808.436194766497,13.055159774118081,4.411346121581714,1.34431645048915,17.466505895699797,16.0,35.0,86.038039988818,313.3705069599672,1.992859728846923,0
9.278700013134339,1.367535078687467,1.287477106160364,1.012019833629927,421.72619248851083,2539.79024755385,0.07142857142857142,118.42214178599497,181.41358911098928,300767.4008025093,0.8465967491846166,16709.300044583848,6.495090009194037,2.4521563208490744,0.651241260873697,8.94724633004311,27.0,37.0,88.38979338719167,333.33639910131916,2.0513026180312,0
202.88272720032177,17.12062894366934,15.697845346243291,12.737947928934084,124.32410842672851,591.1471493758673,0.125,49.83373823788656,73.89339367198342,29459.072302069795,0.19704904979195578,1636.6151278927664,142.01790904022522,43.48120457220939,10.792351774785098,185.4991136124346,15.0,11.0,44.59012724611003,79.73398118061849,25.68094341550401,0
25.14752947570558,1.5087927733493272,1.0,1.0,100.995143328339,564.0540882437317,0.06666666666666667,31.639453910758203,37.603605882915446,17846.36332816229,0.18801802941457724,991.4646293423494,17.603270632993905,1.3449902561423985,3.5350229900354204,18.948260889136304,29.0,18.0,59.53654854872481,41.458594779614195,2.2631891600239906,0
13.066673984575777,1.0,1.0,1.0,297.9238881137871,1552.020601635631,0.15384615384615385,54.497001979557496,238.77240025163556,84580.469799651,0.5173402005452103,4698.914988869499,9.146671789203044,1.0677343243108801,1.0002269046878998,10.214406113513924,12.0,24.0,70.8530465322975,227.0708415814896,1.5,0
70.19217436912116,8.654643281130706,4.657766918831329,4.6271432859008685,331.396936853811,1699.828680071836,0.09523809523809523,92.00719434753626,161.88844572112723,156396.46772488544,0.5666095600239454,8688.692651382524,49.13452205838481,9.493542556000147,5.772502510643101,58.628064614384954,20.0,14.0,193.38614533250663,138.01079152130438,12.98196492169606,1
34.843623058426076,2.741598158610599,2.2452679479590354,1.684468287918765,75.17012541041612,361.3694723834513,0.08695652173913043,40.32632547870763,31.423432381169675,14572.702961403906,0.12045649079448377,809.5946089668837,24.390536140898252,9.653831693598946,2.1744050082252127,34.044367834497194,22.0,5.0,53.1739478765756,21.996177533840523,4.112397237915898,0
19.546563061490467,1.1535149189535894,1.0,1.0,159.90656278251492,760.3377168884982,0.15384615384615385,16.145858996394303,116.97503336746126,12276.305566522064,0.2534459056294994,682.0169759178924,13.682594143043326,3.93342795751803,1.6763539132165912,17.616022100561356,12.0,14.0,119.54191529152916,40.36464749098576,1.7302723784303842,0
32.99880931419475,2.028767157358939,2.0183379927461704,1.3241590764006859,502.56373062582344,2892.197732419199,0.11764705882352941,73.4147469313217,340.2585567551999,212329.96460089798,0.9640659108063997,11796.109144494332,23.099166519936325,8.271743455584566,2.846383622263978,31.370909975520892,16.0,37.0,153.84368270204538,348.72004792377805,3.0431507360384087,0
43.65566217744929,6.182614043687089,4.6698320040631955,4.453769975797955,290.5907477309247,1640.0523902724449,0.08,26.087806826607455,131.20419122179558,42785.36994294336,0.546684130090815,2376.964996830187,30.558963524214498,7.197438976562787,5.64298411647184,37.756402500777284,24.0,25.0,234.06716627327523,56.523581457649485,9.273921065530633,0
36.04911250101855,2.4376507337853424,1.423560057519171,2.0969104440123827,357.5953065915871,2048.27747108175,0.08333333333333333,87.50689118590425,170.68978925681247,179238.39378048983,0.68275915702725,9957.688543360546,25.23437875071298,10.200779325349803,3.216961275643137,35.435158076062784,23.0,29.0,129.31646001966294,228.27884657192413,3.6564761006780135,0
5.506954493004303,1.0,1.0,1.0,498.99378126754004,2982.6255107217758,0.06896551724137931,134.79941020356904,205.69831108426038,402056.15970341425,0.9942085035739252,22336.453316856347,3.8548681451030116,0.6575303521131539,0.7536391446573166,4.512398497216165,28.0,34.0,161.99525575861742,336.9985255089226,1.5,1
32.33797820187363,4.69545029904879,2.690842924103978,2.9105881464380134,207.99697959222453,1058.1769047677474,0.15384615384615385,31.070100939525624,162.79644688734575,32877.663243008705,0.35272563492258246,1826.536846833817,22.63658474131154,8.591876792195022,3.428556442063543,31.22846153350656,12.0,21.0,94.07327614729725,113.9237034449273,7.0431754485731854,0
32.35961883197449,3.6311447147626947,2.5804144275535856,2.6079062567124986,212.07361681395656,1150.7675923197708,0.08333333333333333,53.759594978620726,95.89729935998089,61864.79967763341,0.3835891974399236,3436.9333154240785,22.651733182382138,3.017349990261758,4.6927595418747465,25.669083172643894,23.0,19.0,118.57866902505094,93.4949477889056,5.446717072144042,0
8.849391049729805,1.3176222773660633,1.0916704964186175,1.0,226.20288189306228,1377.0016381077558,0.06896551724137931,56.382994639404274,94.96563021432799,77639.4759798805,0.4590005460359186,4313.304221104472,6.194573734810863,2.047571461075892,1.316790750780946,8.242145195886755,28.0,39.0,65.10861149476435,161.09427039829794,1.9764334160490948,0
7.930169684594309,1.0,1.0,1.0,204.35655313576947,1056.508053265189,0.08695652173913043,57.742815048457786,91.87026550132077,61005.74911689799,0.3521693510883963,3389.2082842721106,5.551118779216016,1.753077695623477,0.5314780028617822,7.304196474839493,22.0,13.0,130.86569761955047,73.490855516219,1.5,0
11.621902019995103,1.5517121586389706,1.2741810211619107,1.0048139351302416,189.76619975990587,973.3645456186712,0.125,30.95631612790003,121.6705682023339,30131.780581861356,0.3244548485395571,1673.9878101034087,8.135331413996571,0.906236524342794,0.8362096986204014,9.041567938339366,15.0,19.0,107.21602341883911,82.55017634106676,2.327568237958456,0
25.05712502056025,1.923358430940037,1.2181285576823582,1.5530896380259462,270.29224702397096,1397.3906455852489,0.1,86.41239165683754,139.7390645585249,120751.86776391359,0.4657968818617496,6708.437097995199,17.539987514392173,6.52173729800001,3.3387470060287083,24.061724812392185,19.0,16.0,115.6595461643669,154.63270085960403,2.8850376464100553,0
1.6262700529328646,1.0,1.0,1.0,93.76568964564622,418.1416811491266,0.2857142857142857,12.080538848094195,119.46905175689331,5051.37682312944,0.1393805603830422,280.63204572941333,1.1383890370530052,0.4178552664205865,0.18733075590452444,1.5562443034735918,6.0,15.0,29.33614912247718,64.42954052316904,1.5,0
11.980708637246652,1.0,1.0,1.0,507.74983086104106,2908.350641989962,0.13333333333333333,67.11976742168072,387.78008559866157,195207.81867106204,0.9694502139966539,10844.878815059003,8.386496046072656,3.195585505872208,1.3364970338193554,11.582081551944864,14.0,38.0,133.7968409402485,373.95298992079256,1.5,0
8.16837094496813,1.0,1.0,1.0,101.60264484572741,453.0900469622126,0.2857142857142857,8.090451863921654,129.45429913206075,3665.703214969783,0.15103001565407087,203.65017860943237,5.71785966147769,0.9402896930759664,1.208813880721562,6.6581493545536565,6.0,15.0,58.453568238145266,43.14907660758215,1.5,0
32.617570521647195,2.8678341282342346,1.6365262066239987,1.0,92.1176521841513,472.4975089090106,0.125,14.535275385614954,59.062188613626326,6867.8814110095245,0.15749916963633687,381.5489672783069,22.832299365153034,2.7987729916803836,4.32326986052843,25.631072356833418,15.0,19.0,53.35691782251142,38.76073436163988,4.301751192351352,0
2.274301499499958,1.0,1.0,1.0,223.47133956161173,1197.2593232430015,0.125,23.300586209323765,149.6574154053752,27896.844076140183,0.3990864410810005,1549.824670896677,1.5920110496499706,0.37539398113847405,0.2052649913050431,1.9674050307884448,15.0,25.0,142.69597403595603,80.77536552565572,1.5,0
12.783145837799129,1.7907088349754925,1.5332439242071427,1.3569061184564226,114.55835493918082,617.735013263418,0.15384615384615385,16.787791463502852,95.0361558866797,10370.40658237043,0.20591167108780598,576.1336990205795,8.94820208645939,3.3826218474809777,1.3750592632810401,12.330823933940367,12.0,29.0,30.619397621666547,83.93895731751427,2.6860632524632386,0
23.142989710699627,2.1093992246653928,1.4540572153975777,1.724944240216178,163.89685638497008,741.3975842603905,0.125,18.455695602864328,92.67469803254882,13683.008135808725,0.24713252808679684,760.1671186560402,16.200092797489738,5.782129396048668,2.215274008431943,21.982222193538405,15.0,7.0,144.21078107524812,19.68607530972195,3.164098836998089,0
20.767665650867336,2.0606843107407937,1.8643594278889115,1.0,199.3437982906136,1060.893360664376,0.16666666666666666,18.461793822787136,176.8155601107293,19585.99449254946,0.35363112022145865,1088.1108051416368,14.537365955607134,4.619190497799124,2.411549783486304,19.15655645340626,11.0,28.0,101.99979449773598,97.34400379287761,3.091026466111191,0
5.39356593930177,1.0,1.0,1.0,346.06124410449144,2068.5049266871806,0.06666666666666667,37.6768911923659,137.90032844581205,77934.83505366571,0.6895016422290602,4329.713058536984,3.775496157511239,1.5974334917482351,0.4939075674970455,5.372929649259474,29.0,33.0,257.7154302741162,88.34581383037522,1.5,0
25.412605490434846,3.421578803981832,3.041740010589542,1.862818012996164,462.1555545076876,2718.6961604486164,0.09090909090909091,92.39369488916977,247.15419640441968,251190.3835448468,0.9062320534828722,13955.021308047044,17.788823843304392,5.3955876668557305,2.3525362462996022,23.184411510160125,21.0,37.0,127.77837300402557,334.37718150366203,5.132368205972748,0
7.4488123492896445,1.0,1.0,1.0,266.64579172472145,1548.5067510185077,0.08,53.496918053150154,123.88054008148062,82840.33876398689,0.5161689170061692,4602.241042443716,5.214168644502751,2.047559264389055,0.8990693991112089,7.261727908891805,24.0,31.0,123.9873435829877,142.65844814173374,1.5,0
19.36419766537203,2.165211404642771,1.7514109803141407,1.566853549625543,228.74659191801635,1191.6447031434623,0.1,82.53398169490856,119.16447031434623,98351.18211607727,0.39721490104782076,5463.954562004293,13.55493836576042,3.174276878019589,1.05465185422238,16.729215243780008,19.0,17.0,72.36641607503171,156.38017584298464,3.2478171069641566,0
43.70184185379221,2.279595012202416,1.3022838648068602,1.4791976139644927,83.79097254757066,411.15313519056605,0.08,61.09294770923738,32.89225081524528,25118.556988686258,0.137051045063522,1395.4753882603477,30.591289297654544,10.837274085813288,3.535679717236905,41.42856338346783,24.0,5.0,53.24449869295197,30.546473854618693,3.4193925183036242,0
5.883338474409297,1.0,1.0,1.0,138.50511645375065,658.5762472116347,0.2857142857142857,13.70462059903468,188.16464206046706,9025.537603571525,0.21952541573721157,501.41875575397364,4.118336932086508,1.3021031515925467,0.5038882082490874,5.420440083679054,6.0,20.0,42.57277226050788,95.93234419324277,1.5,0
23.075219898869264,1.6023391582691588,1.1506102781836485,1.145583779909329,62.63046347519547,224.5278629613618,0.2857142857142857,22.61668434895096,64.15081798896051,5078.0758041416375,0.07484262098712059,282.1153224523132,16.152653929208483,1.4288474216443883,2.700659727297691,17.58150135085287,6.0,5.0,17.397094777293546,45.23336869790192,2.4035087374037385,0
7.130941181788846,1.0292931942374652,1.0,1.0,252.1233352392314,1293.211941618112,0.10526315789473684,48.007089531778185,136.12757280190652,62083.341464825404,0.4310706472060373,3449.0745258236334,4.991658827252192,1.0212726236043648,0.41912577085718233,6.0129314508565574,18.0,16.0,161.4432772347615,90.68005800446991,1.5439397913561979,0
5.57286406540143,1.0,1.0,1.0,311.2268700779705,1667.4141416772427,0.10526315789473684,62.777924171324024,175.5172780712887,104676.79854840727,0.5558047138924143,5815.3776971337375,3.9010048457810007,1.425384852075216,0.41764299473755834,5.326389697856216,18.0,22.0,150.79439719569802,160.4324728822725,1.5,0
17.741125185698472,1.6069912496094694,1.0,1.3771691258944576,311.77179252877517,1785.804027581405,0.07142857142857142,59.68038257312968,127.55743054152893,106577.46756669407,0.5952680091938017,5920.970420371893,12.41878762998893,2.5619391694048397,1.5090784071694419,14.98072679939377,27.0,25.0,196.83179646200688,114.93999606676827,2.410486874414204,0
